tree
version=v4
num_class=1
num_tree_per_iteration=1
label_index=0
max_feature_idx=65
objective=regression
feature_names=consumo_atual_kw consumo_lag_15m consumo_lag_30m consumo_lag_60m consumo_lag_120m consumo_lag_180m consumo_lag_360m consumo_lag_720m consumo_lag_1440m consumo_lag_10080m consumo_mean_60m consumo_min_60m consumo_max_60m consumo_std_60m consumo_mean_180m consumo_min_180m consumo_max_180m consumo_std_180m consumo_mean_360m consumo_min_360m consumo_max_360m consumo_std_360m consumo_mean_1440m consumo_min_1440m consumo_max_1440m consumo_std_1440m temperatura_externa_c_atual temperatura_externa_c_lag_15m temperatura_externa_c_lag_60m temperatura_externa_c_lag_180m temperatura_externa_c_lag_360m temperatura_externa_c_lag_720m temperatura_externa_c_lag_1440m temperatura_externa_c_media_60m temperatura_externa_c_media_180m temperatura_externa_c_media_360m temperatura_externa_c_media_1440m umidade_relativa_pct_atual umidade_relativa_pct_lag_15m umidade_relativa_pct_lag_60m umidade_relativa_pct_lag_180m umidade_relativa_pct_lag_360m umidade_relativa_pct_lag_720m umidade_relativa_pct_lag_1440m umidade_relativa_pct_media_60m umidade_relativa_pct_media_180m umidade_relativa_pct_media_360m umidade_relativa_pct_media_1440m origem_hora origem_dia_semana origem_fim_de_semana origem_mes origem_hora_sin origem_hora_cos origem_semana_sin origem_semana_cos alvo_hora alvo_dia_semana alvo_fim_de_semana alvo_mes alvo_hora_sin alvo_hora_cos alvo_semana_sin alvo_semana_cos consumo_alvo_dia_anterior consumo_alvo_semana_anterior
feature_infos=[22.399999999999999:324.71375799999998] [22.399999999999999:324.71375799999998] [22.399999999999999:324.71375799999998] [22.399999999999999:324.71375799999998] [22.399999999999999:324.71375799999998] [22.399999999999999:324.71375799999998] [22.399999999999999:324.71375799999998] [22.399999999999999:324.71375799999998] [22.399999999999999:324.71375799999998] [22.399999999999999:324.71375799999998] [22.399999999999999:321.24876725000001] [22.399999999999999:318.278571] [22.399999999999999:324.71375799999998] [0:82.540869055199337] [22.399999999999999:313.28577408333337] [22.399999999999999:302.53573799999998] [22.399999999999999:324.71375799999998] [0:92.970139865692389] [22.399999999999999:295.13563500000004] [22.399999999999999:249.29458700000001] [22.399999999999999:324.71375799999998] [0:116.53386463160022] [23.200000000000003:159.49963871874999] none [25.600000000000001:324.71375799999998] [1.3929144002343703:128.71471884334804] [15:33.700000000000003] [15:33.700000000000003] [15:33.700000000000003] [15:33.700000000000003] [15:33.700000000000003] [15:33.700000000000003] [15:33.700000000000003] [15:33.4375] [15:32.71875] [15.333333333333334:31.620833333333334] [16.439843749999998:27.283072916666669] [31:98] [31:98] [31:98] [31:98] [31:98] [31:98] [31:98] [32.5:95.625] [33.666666666666664:95.083333333333329] [37.041666666666664:94] [59.309895833333336:91.638020833333329] [0:23.75] [0:6] [0:1] [1:4] [-1:1] [-1:1] [-0.97492791218182362:0.97492791218182362] [-0.90096886790241903:1] [0:23.75] [0:6] [0:1] [1:4] [-1:1] [-1:1] [-0.97492791218182362:0.97492791218182362] [-0.90096886790241903:1] [22.399999999999999:324.71375799999998] [22.399999999999999:324.71375799999998]
tree_sizes=1387 1409 1406 1410 1419 1411 1412 1408 1414 1412 1406 1417 1422 1406 1407 1416 1412 1410 1409 1404 1401 1414 1406 1408 1410 1413 1413 1410 1411 1402 1417 1401 1412 1421 1412 1424 1430 1435 1421 1424 1426 1420 1427 1436 1424 1420 1434 1428 1423 1417 1434 1435 1431 1434 1426 1435 1439 1432 1436 1424 1427 1424 1420 1417 1422 1415 1427 1428 1433 1420 1427 1438 1421 1423 1420 1412 1435 1433 1435 1431 1431 1432 1436 1430 1419 1424 1433 1433 1421 1442 1433 1444 1427 1435 1412 1448 1421 1433 1433 1419 1414 1440 1433 1417 1441 1420 1437 1448 1412 1428 1425 1459 1429 1435 1419 1420 1435 1442 1414 1457 1436 1423 1419 1422 1446 1443 1454 1445 1467 1438 1437 1439 1424

Tree=0
num_leaves=15
num_cat=0
split_feature=65 65 65 36 48 30 60 36 5 60 52 3 36 26
split_gain=8.9602e+07 9.48664e+06 3.44927e+06 288687 286978 231242 166791 150586 143882 98757.1 65431.3 61604.6 53282 49488.4
threshold=151.88152850000003 42.523274000000008 228.99187250000003 22.204427083333339 13.875000000000002 19.962500000000002 -0.8814490726585632 23.024739583333339 244.88150150000004 -0.8814490726585632 0.88144907265856365 256.37658150000004 18.666666666666668 21.412500000000005
decision_type=2 2 2 2 2 2 2 2 2 2 2 2 2 2
left_child=1 -1 4 9 7 -4 -5 12 13 -3 -8 -9 -2 -7
right_child=2 3 5 6 -6 8 10 11 -10 -11 -12 -13 -14 -15
leaf_value=103.96625425627973 110.52311933998368 108.96257585839795 114.89065817075729 110.18674762693662 109.46554020012749 115.72880463850043 108.29111142026962 113.02160679496974 113.35582506618802 107.16989321352685 109.50509223391867 114.4676614232533 112.28715411175457 116.40829433786641
leaf_weight=5448 51 88 636 167 74 669 760 453 55 572 129 105 580 1013
leaf_count=5448 51 88 636 167 74 669 760 453 55 572 129 105 580 1013
internal_value=108.232 104.987 114.623 108.229 112.507 115.748 108.742 112.695 116.057 107.41 108.469 113.304 112.148 116.143
internal_weight=10800 7164 3636 1716 1263 2373 1056 1189 1737 660 889 558 631 1682
internal_count=10800 7164 3636 1716 1263 2373 1056 1189 1737 660 889 558 631 1682
is_linear=0
shrinkage=1


Tree=1
num_leaves=15
num_cat=0
split_feature=65 65 65 36 48 30 3 60 5 60 30 52 0 26
split_gain=8.08772e+07 8.56222e+06 3.11264e+06 262146 258979 208724 138423 133944 129379 115193 93403 51108.4 46770.7 44967.2
threshold=151.88152850000003 42.523274000000008 228.99187250000003 22.653776041666671 13.875000000000002 19.962500000000002 256.03719150000006 -0.8814490726585632 244.88150150000004 -0.8814490726585632 20.987500000000004 0.88144907265856365 231.68192600000003 21.012500000000003
decision_type=2 2 2 2 2 2 2 2 2 2 2 2 2 2
left_child=1 -1 4 9 6 12 10 -5 13 -3 -2 -9 -4 -7
right_child=2 3 5 7 -6 8 -8 11 -10 -11 -12 -13 -14 -15
leaf_value=-4.0521944586126759 3.5189230757464696 0.80474402265889311 5.9026894325905666 1.9574399388350292 1.172988917350769 7.0949851779535882 5.6156758279511427 0.1279819038800106 4.8725120101656234 -0.9295725153868033 4.5049306795146267 1.2154574884000677 6.9106937466686915 7.7522288679071085
leaf_weight=5448 513 111 375 144 74 616 164 667 55 666 512 128 261 1066
leaf_count=5448 513 111 375 144 74 616 164 667 55 666 512 128 261 1066
internal_value=0.000207191 -3.08223 6.0727 -0.00220083 4.06196 7.14074 4.24062 0.559697 7.43504 -0.681097 4.01536 0.304379 6.32655 7.51588
internal_weight=10800 7164 3636 1716 1263 2373 1189 939 1737 777 1025 795 636 1682
internal_count=10800 7164 3636 1716 1263 2373 1189 939 1737 777 1025 795 636 1682
is_linear=0
shrinkage=0.05


Tree=2
num_leaves=15
num_cat=0
split_feature=65 65 65 36 48 48 35 60 36 6 60 52 29 12
split_gain=7.30027e+07 7.72792e+06 2.80935e+06 237931 233692 192047 189823 136089 128056 99547.6 80383.2 53157.4 51201.2 38157
threshold=151.88152850000003 42.523274000000008 228.99187250000003 22.204427083333339 13.875000000000002 11.875000000000002 19.91822916666667 -0.8814490726585632 20.963802083333338 70.579213000000024 -0.8814490726585632 0.88144907265856365 16.862500000000004 274.07134600000006
decision_type=2 2 2 2 2 2 2 2 2 2 2 2 2 2
left_child=1 -1 4 10 8 6 12 -5 -2 -10 -3 -9 -4 -8
right_child=2 3 5 7 -6 -7 13 11 9 -11 -12 -13 -14 -15
leaf_value=-3.8496219578303861 2.9567474021749982 0.6549757409631537 4.7010631001790371 1.7684963268893108 1.1151214652061463 4.536592720031738 7.095068070442446 0.056534271586426925 4.8032565897605464 3.7455678577097054 -0.96239343161254232 1.1507501637935638 6.2819814699128464 8.3694866975148514
leaf_weight=5448 235 88 74 167 74 99 1549 760 487 467 572 129 556 95
leaf_count=5448 235 88 74 167 74 99 1549 760 487 467 572 129 556 95
internal_value=0.000411927 -2.92813 5.76972 -0.00199832 3.85945 6.78438 6.88021 0.463318 4.02917 4.28996 -0.74608 0.216427 6.10403 7.17375
internal_weight=10800 7164 3636 1716 1263 2373 2274 1056 1189 954 660 889 630 1644
internal_count=10800 7164 3636 1716 1263 2373 2274 1056 1189 954 660 889 630 1644
is_linear=0
shrinkage=0.05


Tree=3
num_leaves=15
num_cat=0
split_feature=65 65 65 36 48 48 35 36 60 60 3 64 18 20
split_gain=6.58946e+07 6.97488e+06 2.53571e+06 216355 210865 173031 172148 120735 109995 94356 51241.4 45159.8 42524.3 41348.1
threshold=151.88152850000003 42.523274000000008 228.99187250000003 22.638802083333342 13.875000000000002 11.875000000000002 19.361458333333335 23.024739583333339 -0.8814490726585632 -0.8814490726585632 264.13985200000008 190.46230900000003 25.206734500000007 266.83821300000005
decision_type=2 2 2 2 2 2 2 2 2 2 2 2 2 2
left_child=1 -1 4 9 7 6 -4 11 -5 -3 -9 -2 -10 -8
right_child=2 3 5 8 -6 -7 13 10 12 -11 -12 -13 -14 -15
leaf_value=-3.6571760995647495 2.9958990699964061 0.72097621592027805 5.6414019493540382 1.7724279418484921 1.0601088155110678 4.3120314788818366 6.6519086503891494 4.1529347647184114 0.95699878480819089 -0.8497164991866013 5.6030987716302647 3.9129339910979968 0.080702891580313449 7.5060423587230929
leaf_weight=5448 398 111 470 144 74 99 1570 477 177 660 81 233 624 234
leaf_count=5448 398 111 470 144 74 99 1570 477 177 660 81 233 624 234
internal_value=0.000587777 -2.78173 5.48183 -0.00182069 3.66697 6.44582 6.53678 3.82819 0.50506 -0.622945 4.37309 3.34017 0.275293 6.7668
internal_weight=10800 7164 3636 1716 1263 2373 2274 1189 945 771 558 631 801 1804
internal_count=10800 7164 3636 1716 1263 2373 2274 1189 945 771 558 631 801 1804
is_linear=0
shrinkage=0.05


Tree=4
num_leaves=15
num_cat=0
split_feature=65 65 65 36 48 30 3 5 60 60 30 36 33 36
split_gain=5.94787e+07 6.29524e+06 2.28814e+06 199250 190303 158832 110666 93524.3 90339.2 81854.3 72996.4 57366.4 39438.3 38704.7
threshold=151.88152850000003 42.523274000000008 228.99187250000003 23.267968750000005 13.875000000000002 19.962500000000002 256.03719150000006 244.88150150000004 -0.8814490726585632 -0.8814490726585632 20.987500000000004 21.733854166666671 21.003125000000004 18.666666666666668
decision_type=2 2 2 2 2 2 2 2 2 2 2 2 2 2
left_child=1 -1 4 8 6 13 10 12 -3 -5 -2 -10 -7 -4
right_child=2 3 5 9 -6 7 -8 -9 11 -11 -12 -13 -14 -15
leaf_value=-3.4743509506474819 2.9987091896598908 0.73861287622143035 4.3025045009141563 1.8501804933709616 1.0078101259867351 6.0611042475189763 4.8646642939249674 4.1987064668110445 -1.0422848411332601 0.40425278921441293 3.8686100689756011 -0.23504734055105866 6.6619823321215854 5.585360398492309
leaf_weight=5448 513 138 88 117 74 606 164 55 434 580 512 447 1076 548
leaf_count=5448 513 138 88 117 74 606 164 55 434 580 512 447 1076 548
internal_value=0.000747462 -2.64265 5.20832 -0.00165158 3.48433 6.12403 3.63748 6.38042 -0.447086 0.649272 3.43658 -0.633441 6.44922 5.41489
internal_weight=10800 7164 3636 1716 1263 2373 1189 1737 1019 697 1025 881 1682 636
internal_count=10800 7164 3636 1716 1263 2373 1189 1737 1019 697 1025 881 1682 636
is_linear=0
shrinkage=0.05


Tree=5
num_leaves=15
num_cat=0
split_feature=65 65 65 36 48 48 34 60 36 6 36 16 60 16
split_gain=5.36875e+07 5.68173e+06 2.06515e+06 180318 171722 146076 144494 121223 101674 82848 57119.6 41307.6 37224.7 34682.2
threshold=151.88152850000003 42.523274000000008 228.99187250000003 21.539322916666666 13.875000000000002 11.875000000000002 19.077083333333338 -0.8814490726585632 20.963802083333338 70.579213000000024 23.992578124999998 266.87650400000007 -0.8814490726585632 276.3691280000001
decision_type=2 2 2 2 2 2 2 2 2 2 2 2 2 2
left_child=1 -1 4 12 8 6 -4 -5 -2 13 -9 -8 -3 -10
right_child=2 3 5 7 -6 -7 11 10 9 -11 -12 -13 -14 -15
leaf_value=-3.3006653302480249 2.5023129127793395 0.32630327443281809 4.957066954236887 1.4491893628224504 0.95809146988888583 3.860885057449341 5.9791791332267721 -0.21086882882841654 3.9960289346416609 3.1936788497826996 0.53504224365075304 6.8058655029688131 -1.0130209257789506 5.5601532794059594
leaf_weight=5448 235 59 372 196 74 99 1669 619 441 467 437 233 405 46
leaf_count=5448 235 59 372 196 74 99 1669 619 441 467 437 233 405 46
internal_value=0.000885012 -2.51053 4.94844 -0.00151903 3.31061 5.8184 5.90188 0.310535 3.4561 3.68818 0.0980225 6.08397 -0.842383 4.15486
internal_weight=10800 7164 3636 1716 1263 2373 2274 1252 1189 954 1056 1902 464 487
internal_count=10800 7164 3636 1716 1263 2373 2274 1252 1189 954 1056 1902 464 487
is_linear=0
shrinkage=0.05


Tree=6
num_leaves=15
num_cat=0
split_feature=65 65 65 36 48 30 36 5 60 60 25 6 36 65
split_gain=4.84603e+07 5.12797e+06 1.8635e+06 164612 154978 133498 96281.5 75319.4 72214.1 68225.2 48338.8 42207 41155 41026.6
threshold=151.88152850000003 42.523274000000008 228.99187250000003 23.267968750000005 13.875000000000002 19.962500000000002 23.024739583333339 244.88150150000004 -0.8814490726585632 -0.8814490726585632 100.59176676770393 72.044323500000019 18.666666666666668 189.81180550000002
decision_type=2 2 2 2 2 2 2 2 2 2 2 2 2 2
left_child=1 -1 4 8 6 -4 12 -7 -3 -5 -10 -8 -2 -14
right_child=2 3 5 9 -6 7 11 -9 10 -11 -12 -13 13 -15
leaf_value=-3.1356623035808249 1.4448369833139274 0.65384079949032492 4.8786896629273615 1.6866100409273377 0.91082564894855023 5.8244940777584269 4.1996722781980358 3.8029228891645164 -0.88831701386144024 0.36654832839177165 -0.1380695632849169 3.2734839493578129 2.3531549317582612 3.2776061615386567
leaf_weight=5448 51 138 636 117 74 1682 295 55 510 580 371 263 196 384
leaf_count=5448 51 138 636 117 74 1682 295 55 510 580 371 263 196 384
internal_value=0.00100558 -2.38502 4.70154 -0.00141144 3.14572 5.52793 3.28394 5.76271 -0.406282 0.590236 -0.572893 3.76977 2.84902 2.96979
internal_weight=10800 7164 3636 1716 1263 2373 1189 1737 1019 697 881 558 631 580
internal_count=10800 7164 3636 1716 1263 2373 1189 1737 1019 697 881 558 631 580
is_linear=0
shrinkage=0.05


Tree=7
num_leaves=15
num_cat=0
split_feature=65 65 65 36 6 48 26 34 60 48 60 29 25 30
split_gain=4.37436e+07 4.71651e+06 1.61258e+06 158027 125149 123034 122399 72489.7 72183.5 69925 67791.3 49058 44392.8 41352.2
threshold=157.21786850000004 42.523274000000008 228.99187250000003 23.267968750000005 62.684561500000008 11.875000000000002 20.987500000000004 19.038541666666671 -0.8814490726585632 13.875000000000002 -0.8814490726585632 16.862500000000004 100.59176676770393 19.012500000000003
decision_type=2 2 2 2 2 2 2 2 2 2 2 2 2 2
left_child=1 -1 4 10 7 6 11 -2 -5 13 -3 -4 -12 -6
right_child=2 3 5 8 9 -7 -8 -9 -10 -11 12 -13 -14 -15
leaf_value=-2.9789079724593783 2.3288130407934791 0.60186901728312181 3.4933474833170575 1.6789539311885833 1.7646087494966025 3.457859672546387 5.6230858132138373 3.7866598029033613 0.35359953554819612 0.85745086789131164 -0.84956498758950905 4.9539195261246123 -0.13118463503979197 2.8934687252917324
leaf_weight=5448 110 149 74 124 106 99 1421 508 582 59 512 779 371 458
leaf_count=5448 110 149 74 124 106 99 1421 508 582 59 512 779 371 458
internal_value=0.00108728 -2.25552 4.48745 0.0124615 3.02276 5.25184 5.32839 3.53135 0.588427 2.5134 -0.381749 4.83145 -0.548221 2.68481
internal_weight=10800 7186 3614 1738 1241 2373 2274 618 706 623 1032 853 883 564
internal_count=10800 7186 3614 1738 1241 2373 2274 618 706 623 1032 853 883 564
is_linear=0
shrinkage=0.05


Tree=8
num_leaves=15
num_cat=0
split_feature=65 65 65 24 30 6 60 34 48 5 64 60 21 12
split_gain=3.94837e+07 4.25688e+06 1.45522e+06 144227 113930 112959 69362.7 65352.3 63083.7 60597.5 43666.6 42198.5 41586.2 37294.6
threshold=157.21786850000004 42.523274000000008 228.99187250000003 274.28284400000007 19.962500000000002 62.684561500000008 -0.8814490726585632 19.038541666666671 13.875000000000002 244.88150150000004 205.60313450000004 -0.8814490726585632 1.4305838189958214e-05 274.07134600000006
decision_type=2 2 2 2 2 2 2 2 2 2 2 2 2 2
left_child=1 -1 5 11 -4 7 -5 -2 -7 13 -8 -3 -13 -6
right_child=2 3 4 6 9 8 10 -9 -10 -11 -12 12 -14 -15
leaf_value=-2.8299898799700922 2.213421395447877 0.48545311586274009 4.3910291602884772 1.4398968461221495 5.1951813281068233 2.5509777327765408 0.026635647207106417 3.5976987839213521 0.81529286672671641 3.446366415705 0.96278476628678789 0.080943706365311216 -0.73900372237630174 6.3927953741523664
leaf_weight=5448 110 115 636 158 1594 564 474 508 59 55 168 206 617 88
leaf_count=5448 110 115 636 158 1594 564 474 508 59 55 168 206 617 88
internal_value=0.00116179 -2.14275 4.26348 0.011886 4.98962 2.87209 0.504752 3.35528 2.38817 5.20614 0.272726 -0.408558 -0.533919 5.2616
internal_weight=10800 7186 3614 1738 2373 1241 800 618 623 1737 642 938 823 1682
internal_count=10800 7186 3614 1738 2373 1241 800 618 623 1737 642 938 823 1682
is_linear=0
shrinkage=0.05


Tree=9
num_leaves=15
num_cat=0
split_feature=65 65 65 36 48 48 34 60 36 52 12 3 36 36
split_gain=3.56395e+07 3.76915e+06 1.36874e+06 130412 113715 103771 106584 80731.3 80730.7 51113.3 37793.7 36948.7 34629.2 33109.8
threshold=151.88152850000003 42.523274000000008 228.99187250000003 21.539322916666666 13.875000000000002 11.875000000000002 19.077083333333338 -0.8814490726585632 23.024739583333339 0.88144907265856365 274.07134600000006 267.1966680000001 18.666666666666668 24.521093750000002
decision_type=2 2 2 2 2 2 2 2 2 2 2 2 2 2
left_child=1 -1 4 -3 8 6 -4 -5 12 13 -8 -10 -2 -9
right_child=2 3 5 7 -6 -7 10 9 11 -11 -12 -13 -14 -15
leaf_value=-2.6885163286012741 1.1392019725762881 -0.71652080529479578 4.0029689392519385 1.1931874954155859 0.78444264924526219 3.0953178606033327 4.9063401231723551 -0.2429689739606532 3.0932600492239 0.91378896866459403 6.0495455145835884 4.3899622944423129 2.5307505241564754 0.43680457523024763
leaf_weight=5448 51 464 372 196 74 99 1807 651 489 159 95 69 580 246
leaf_count=5448 51 464 372 196 74 99 1807 651 489 159 95 69 580 246
internal_value=0.00123345 -2.04496 4.0323 -0.00142286 2.69892 4.74055 4.81078 0.263958 2.81731 0.0905215 4.96659 3.26117 2.42026 -0.056264
internal_weight=10800 7164 3636 1716 1263 2373 2274 1252 1189 1056 1902 558 631 897
internal_count=10800 7164 3636 1716 1263 2373 2274 1252 1189 1056 1902 558 631 897
is_linear=0
shrinkage=0.05


Tree=10
num_leaves=15
num_cat=0
split_feature=65 65 65 26 6 36 36 34 48 36 5 48 5 30
split_gain=3.21709e+07 3.46689e+06 1.1847e+06 126724 98674.8 98519.9 67005.4 55427.9 50311.4 46155.6 46740.6 43395 42762.9 35681
threshold=157.21786850000004 42.523274000000008 228.99187250000003 26.937500000000004 62.684561500000008 22.936588541666669 23.976302083333341 19.038541666666671 13.875000000000002 18.666666666666668 229.38491700000003 14.875000000000002 253.29621200000003 19.012500000000003
decision_type=2 2 2 2 2 2 2 2 2 2 2 2 2 2
left_child=1 -1 4 6 7 9 -3 -2 13 -4 -11 -5 -7 -6
right_child=2 3 5 11 8 12 -8 -9 -10 10 -12 -13 -14 -15
leaf_value=-2.5541152629267736 1.9940204354019853 -0.43607616575445995 2.9986594982361527 1.3209291963238974 1.4369191176841192 4.9124152616234316 0.4250948351004149 3.2676640836737891 0.73663920992364496 4.3413552133337339 2.7489590661866323 0.32133928069116591 3.1568492325869477 2.4800749037000873
leaf_weight=5448 110 998 88 184 106 1101 291 508 59 1086 55 265 43 458
leaf_count=5448 110 998 88 184 106 1101 291 508 59 1086 55 265 43 458
internal_value=0.00130549 -1.93391 3.84872 0.0105438 2.5933 4.5039 -0.241482 3.04455 2.14151 4.17876 4.26707 0.732996 4.84924 2.28691
internal_weight=10800 7186 3614 1738 1241 2373 1289 618 623 1229 1141 449 1144 564
internal_count=10800 7186 3614 1738 1241 2373 1289 618 623 1229 1141 449 1144 564
is_linear=0
shrinkage=0.05


Tree=11
num_leaves=15
num_cat=0
split_feature=65 65 65 36 36 6 60 29 52 64 5 31 36 6
split_gain=2.90406e+07 3.18771e+06 1.02368e+06 120377 88895.4 85465.7 78509.4 50197.5 44463.1 43153.4 38402.5 37991.2 30122.9 27564.8
threshold=160.79779250000004 42.523274000000008 228.99187250000003 21.539322916666666 22.936588541666669 62.684561500000008 -0.8814490726585632 20.762500000000003 0.88144907265856365 240.69470000000004 253.29621200000003 19.962500000000002 23.928645833333334 184.43222750000004
decision_type=2 2 2 2 2 2 2 2 2 2 2 2 2 2
left_child=1 -1 5 -3 9 7 -5 -2 12 -4 -6 -7 -8 -13
right_child=2 3 4 6 10 11 8 -9 -10 -11 -12 13 -14 -15
leaf_value=-2.4264329347069671 2.3744145973849653 -0.65917114706631563 3.6007217488659857 1.1252085954351809 4.6670174157338229 1.0429676743156939 -0.28640346514210457 3.314438127719912 0.85328564908972548 4.2412014210766014 3.0025940331545744 2.3250307021920973 0.29964597366481305 0.9273158223163791
leaf_weight=5448 267 474 526 222 1101 82 529 348 162 703 43 482 373 40
leaf_count=5448 267 474 526 222 1101 82 529 348 162 703 43 482 373 40
internal_value=0.0013659 -1.82889 3.67359 0.0211099 4.27909 2.49234 0.272168 2.91085 0.0932951 3.97023 4.60713 2.06211 -0.0439936 2.2199
internal_weight=10800 7208 3592 1760 2373 1219 1286 615 1064 1229 1144 604 902 522
internal_count=10800 7208 3592 1760 2373 1219 1286 615 1064 1229 1144 604 902 522
is_linear=0
shrinkage=0.05


Tree=12
num_leaves=15
num_cat=0
split_feature=65 65 65 24 48 36 5 36 53 26 26 52 3 64
split_gain=2.62145e+07 2.76945e+06 1.00486e+06 102297 83795.5 83029.2 70908.9 66079.3 43347.9 41390.9 31689.7 36172.5 31143.9 30492.3
threshold=151.88152850000003 42.523274000000008 228.99187250000003 274.28284400000007 13.875000000000002 20.237630208333339 238.59598200000002 23.024739583333339 -0.72947329433276253 21.012500000000003 21.962500000000002 0.88144907265856365 267.1966680000001 205.60313450000004
decision_type=2 2 2 2 2 2 2 2 2 2 2 2 2 2
left_child=1 -1 4 10 7 -4 9 -2 -5 -7 11 -3 -9 -10
right_child=2 3 5 8 -6 6 -8 12 13 -11 -12 -13 -14 -15
leaf_value=-2.3051335214890347 2.0593261104218565 -0.88748335091613273 3.2543510988803215 1.0624014869179481 0.67270739577213934 3.9370416268951844 2.7478460060371148 2.6657004804513895 0.020192076951167301 4.442379434677914 -0.058864968051655898 0.13959956535723358 3.849196378162929 0.89811504276990906
leaf_weight=5448 631 361 298 194 74 788 90 489 474 1197 451 112 69 124
leaf_count=5448 631 361 298 194 74 788 90 489 474 1197 451 112 69 124
internal_value=0.00141058 -1.75349 3.45862 -0.00179224 2.31613 4.06546 4.18032 2.41776 0.41491 4.24386 -0.359028 -0.644503 2.81867 0.203432
internal_weight=10800 7164 3636 1716 1263 2373 2075 1189 792 1985 924 473 558 598
internal_count=10800 7164 3636 1716 1263 2373 2075 1189 792 1985 924 473 558 598
is_linear=0
shrinkage=0.05


Tree=13
num_leaves=15
num_cat=0
split_feature=65 65 65 36 30 6 60 5 34 6 45 31 26 11
split_gain=2.36656e+07 2.59573e+06 832472 104408 75875.5 74618.7 62342.9 59390.4 42843.1 35449.1 33881.8 33305 33005.9 27389.2
threshold=160.79779250000004 63.145266500000005 228.99187250000003 21.539322916666666 19.012500000000003 62.684561500000008 -0.8814490726585632 244.88150150000004 19.038541666666671 86.255541500000007 47.072916666666679 19.962500000000002 23.012500000000003 216.36840450000003
decision_type=2 2 2 2 2 2 2 2 2 2 2 2 2 2
left_child=1 -1 5 -3 -4 8 -5 12 -2 -8 -11 -7 -6 -10
right_child=2 3 4 6 7 11 9 -9 13 10 -12 -13 -14 -15
leaf_value=-2.185529132519926 1.7145554083314811 -0.60137698012167873 3.2881287590212183 1.028078879820258 3.9039391834466528 0.897239637374878 0.5328114433566461 2.6410887650081092 2.7070197021961215 0.73760010843120871 -0.23496890786510691 1.9972601544532222 4.4009203544515652 4.0337875127792362
leaf_weight=5470 109 472 493 222 1194 82 332 83 459 104 608 522 603 47
leaf_count=5470 109 472 493 222 1194 82 332 83 459 104 608 522 603 47
internal_value=0.00144419 -1.65078 3.31646 0.0325408 3.86249 2.25122 0.269171 4.01128 2.64197 0.106965 -0.092073 1.84965 4.07306 2.83797
internal_weight=10800 7208 3592 1738 2373 1219 1266 1880 615 1044 712 604 1797 506
internal_count=10800 7208 3592 1738 2373 1219 1266 1880 615 1044 712 604 1797 506
is_linear=0
shrinkage=0.05


Tree=14
num_leaves=15
num_cat=0
split_feature=65 65 65 26 36 6 36 29 34 5 48 25 6 5
split_gain=2.13626e+07 2.38742e+06 717979 103007 70705 67678.2 50264 40567.4 37402.6 37443.2 33623.7 33533.4 32487.5 27925.6
threshold=162.90215500000002 42.523274000000008 228.99187250000003 26.937500000000004 22.936588541666669 62.684561500000008 22.610416666666669 20.762500000000003 17.001041666666669 218.54977050000002 14.875000000000002 99.971251996581813 89.788350500000021 253.29621200000003
decision_type=2 2 2 2 2 2 2 2 2 2 2 2 2 2
left_child=1 -1 5 6 8 7 -3 -2 -4 -10 -5 -7 -8 -6
right_child=2 3 4 10 13 11 12 -9 9 -11 -12 -13 -14 -15
leaf_value=-2.0806416467256033 2.0529004948479788 -0.48453140075841317 2.2373509200843604 1.1544533680475766 4.0125654674052331 1.2509393798617217 0.53745578410950567 2.8997054935190718 3.5318970180878737 2.1359146988182736 0.29533249760542024 2.054949779307905 -0.19547241644537455 2.5910829251462761
leaf_weight=5448 265 708 73 200 1101 207 274 345 1100 56 265 380 335 43
leaf_count=5448 265 708 73 200 1101 207 274 345 1100 56 265 380 335 43
internal_value=0.00148704 -1.56109 3.16558 0.0275897 3.66966 2.16402 -0.198339 2.53579 3.39506 3.46618 0.666531 1.77403 0.134626 3.96145
internal_weight=10800 7230 3570 1782 2373 1197 1317 610 1229 1156 465 587 609 1144
internal_count=10800 7230 3570 1782 2373 1197 1317 610 1229 1156 465 587 609 1144
is_linear=0
shrinkage=0.05


Tree=15
num_leaves=15
num_cat=0
split_feature=65 65 65 25 48 36 36 5 12 60 60 21 36 65
split_gain=1.92857e+07 2.03547e+06 736841 81543.1 66700.9 65116.4 53538.3 52598 35132.9 33623.9 31615.3 28703.4 27018.2 25267.2
threshold=151.88152850000003 42.523274000000008 228.99187250000003 104.19667212036495 13.875000000000002 20.53151041666667 23.024739583333339 238.59598200000002 274.07134600000006 -0.8814490726585632 -0.8814490726585632 1.4305838189958214e-05 18.666666666666668 189.81180550000002
decision_type=2 2 2 2 2 2 2 2 2 2 2 2 2 2
left_child=1 -1 4 9 6 -4 12 8 -7 -3 -5 -11 -2 -14
right_child=2 3 5 10 -6 7 -8 -9 -10 11 -12 -13 13 -15
leaf_value=-1.9766286036840908 0.63776398005966961 0.43529340955329704 2.8187471670511912 1.1733079319370203 0.52367555296421053 3.5976026825976941 2.4395566307794643 2.3624954836709158 4.6503842492898313 0.11148285246650938 0.26687658173203366 -0.55439033482278532 1.3781401154050972 2.0930252607766682
leaf_weight=5448 51 140 337 115 74 1851 558 90 95 212 570 679 196 384
leaf_count=5448 51 140 337 115 74 1851 558 90 95 212 570 679 196 384
internal_value=0.00151452 -1.5037 2.96684 -0.00196445 1.9885 3.48649 2.07915 3.59557 3.65136 -0.282813 0.42054 -0.396008 1.75708 1.85423
internal_weight=10800 7164 3636 1716 1263 2373 1189 2036 1946 1031 685 891 631 580
internal_count=10800 7164 3636 1716 1263 2373 1189 2036 1946 1031 685 891 631 580
is_linear=0
shrinkage=0.05


Tree=16
num_leaves=15
num_cat=0
split_feature=65 65 65 36 6 36 60 11 34 5 6 45 30 25
split_gain=1.74107e+07 1.94424e+06 584551 85953.1 63191.3 58977.6 50699.4 38735.2 32790.6 29977.2 29293.2 28491.2 27862.8 27681.7
threshold=162.90215500000002 63.145266500000005 230.94556050000003 21.583593750000002 62.684561500000008 22.936588541666669 -0.8814490726585632 216.36840450000003 17.001041666666669 229.38491700000003 86.255541500000007 47.072916666666679 19.962500000000002 100.05873108459177
decision_type=2 2 2 2 2 2 2 2 2 2 2 2 2 2
left_child=1 -1 4 -3 7 8 -5 12 -4 -10 -8 -12 -2 -6
right_child=2 3 5 6 13 -7 10 -9 9 -11 11 -13 -14 -15
leaf_value=-1.8741440683140267 1.6504379165696574 -0.53437170873473716 1.987962279448638 0.91031415371798019 1.1243244677686761 3.5867934365453493 0.48653363704369101 3.5542723941802978 3.1926242490791097 1.9204007140072912 0.67987696525596442 -0.21197174456527179 2.4244966678912072 1.848779940668742
leaf_weight=5470 181 479 73 236 214 1132 333 59 1093 54 104 608 390 374
leaf_count=5470 181 479 73 236 214 1132 333 59 1093 54 104 608 390 374
internal_value=0.00153115 -1.40913 2.858 0.0363683 1.96607 3.31887 0.250034 2.31635 3.06754 3.13445 0.10019 -0.0809309 2.18244 1.58747
internal_weight=10800 7230 3570 1760 1218 2352 1281 630 1220 1147 1045 712 571 588
internal_count=10800 7230 3570 1760 1218 2352 1281 630 1220 1147 1045 712 571 588
is_linear=0
shrinkage=0.05


Tree=17
num_leaves=15
num_cat=0
split_feature=65 65 65 26 6 30 52 26 5 11 12 48 31 31
split_gain=1.57155e+07 1.75496e+06 527385 81167.1 57088.9 54577.9 41773.5 41988.4 39388.8 35156.2 28200.3 27366.6 25552.5 21138.1
threshold=162.90215500000002 42.523274000000008 230.94556050000003 26.637500000000003 62.684561500000008 19.012500000000003 0.88144907265856365 19.962500000000002 244.88150150000004 207.09266450000004 274.07134600000006 14.875000000000002 19.962500000000002 19.962500000000002
decision_type=2 2 2 2 2 2 2 2 2 2 2 2 2 2
left_child=1 -1 4 6 9 -4 7 -3 10 13 -7 -5 -6 -2
right_child=2 3 5 11 12 8 -8 -9 -10 -11 -12 -13 -14 -15
leaf_value=-1.7841252954755711 1.3292279174774886 -1.0119497412017413 2.6648154993398698 0.99296735639327049 0.67236058843299384 3.2775956515995959 0.4137007807982685 -0.17642329614919922 2.1346205881237985 2.9768570985251328 4.2494718991793121 0.24248309130140933 1.6403272163819551 2.1703384652370361
leaf_weight=5448 99 181 488 213 81 1695 236 869 79 122 90 283 507 409
leaf_count=5448 99 181 488 213 81 1695 236 869 79 122 90 283 507 409
internal_value=0.00155067 -1.33867 2.7154 0.0234123 1.8682 3.15315 -0.186182 -0.321278 3.2795 2.20113 3.32895 0.566117 1.50835 2.00935
internal_weight=10800 7230 3570 1782 1218 2352 1286 1050 1864 630 1785 496 588 508
internal_count=10800 7230 3570 1782 1218 2352 1286 1050 1864 630 1785 496 588 508
is_linear=0
shrinkage=0.05


Tree=18
num_leaves=15
num_cat=0
split_feature=65 65 65 25 31 36 6 5 26 26 52 21 11 37
split_gain=1.41872e+07 1.49665e+06 540757 66480 54073.3 50279.8 44750 38912.4 31392 26794.2 29134.1 25910.6 24704.9 23525.2
threshold=151.88152850000003 63.145266500000005 230.94556050000003 104.19667212036495 19.962500000000002 20.237630208333339 69.10047950000002 238.59598200000002 23.012500000000003 21.962500000000002 0.88144907265856365 54.104394944085882 216.36840450000003 51.125000000000007
decision_type=2 2 2 2 2 2 2 2 2 2 2 2 2 2
left_child=1 -1 4 9 11 -4 12 8 -7 10 -3 -2 -6 -5
right_child=2 3 5 13 6 7 -8 -9 -10 -11 -12 -13 -14 -15
leaf_value=-1.6915566147314096 0.56643560066309984 -0.73208113901367466 2.3625825098005393 0.90484504843428304 2.0683976759533875 2.9834149804080523 1.5359344614328254 1.9926757805569228 3.4355151517264151 0.0017408663829496318 0.15776860673980017 1.77805717533285 3.2592075898097117 0.22293596022824691
leaf_weight=5470 138 369 294 168 480 1336 550 85 637 528 122 65 51 507
leaf_count=5470 138 369 294 168 480 1336 550 85 637 528 122 65 51 507
internal_value=0.00156478 -1.28945 2.54489 0.0092193 1.71733 2.99576 1.8583 3.08502 3.13105 -0.245631 -0.511107 0.961207 2.18868 0.393743
internal_weight=10800 7164 3636 1694 1284 2352 1081 2058 1973 1019 491 203 531 675
internal_count=10800 7164 3636 1694 1284 2352 1081 2058 1973 1019 491 203 531 675
is_linear=0
shrinkage=0.05


Tree=19
num_leaves=15
num_cat=0
split_feature=65 65 65 37 36 6 36 11 29 5 31 15 0 29
split_gain=1.28115e+07 1.42836e+06 427903 69522 47542.5 47051.6 46114.5 30209.9 27640.8 23403.1 23122.4 23623.9 22533.5 21752.4
threshold=162.90215500000002 42.523274000000008 230.94556050000003 51.125000000000007 22.950130208333338 62.684561500000008 21.166796875000006 216.36840450000003 16.862500000000004 229.38491700000003 22.237500000000004 206.32641350000003 264.13985200000008 19.012500000000003
decision_type=2 2 2 2 2 2 2 2 2 2 2 2 2 2
left_child=1 -1 5 -3 8 7 -5 13 -4 -10 11 -7 -6 -2
right_child=2 3 4 6 12 10 -8 -9 9 -11 -12 -13 -14 -15
leaf_value=-1.6103731096239349 1.2740888489747613 0.79892458551325785 1.6447203725179038 -0.56656732712313529 2.961123169445274 0.75231724934060995 0.057579314290862597 3.0827883307139081 2.7345934691313407 1.6145576065236871 1.6767050209883099 1.7527976410729544 3.5578246041940518 2.0393025192310996
leaf_weight=5448 126 246 74 399 896 210 1137 59 1096 54 295 83 232 445
leaf_count=5448 126 246 74 399 896 210 1137 59 1096 54 295 83 232 445
internal_value=0.00157375 -1.2085 2.45189 0.0203212 2.8462 1.68875 -0.104816 1.99098 2.62204 2.68345 1.3621 1.04073 3.08689 1.87297
internal_weight=10800 7230 3570 1782 2352 1218 1536 630 1224 1150 588 293 1128 571
internal_count=10800 7230 3570 1782 2352 1218 1536 630 1224 1150 588 293 1128 571
is_linear=0
shrinkage=0.05


Tree=20
num_leaves=15
num_cat=0
split_feature=65 65 65 48 24 36 33 48 12 20 6 37 64 3
split_gain=1.15697e+07 1.16965e+06 473828 62653.8 57618 44393.1 43867.9 46446.7 25333 24471.8 22178.9 21879.2 26614.7 18183.7
threshold=147.22057950000001 42.523274000000008 230.94556050000003 13.875000000000002 274.28284400000007 23.077213541666669 19.065625000000004 11.875000000000002 274.07134600000006 73.369965000000022 69.10047950000002 47.125000000000007 203.09980650000003 248.78331150000002
decision_type=2 2 2 2 2 2 2 2 2 2 2 2 2 2
left_child=1 -1 3 5 -3 9 -4 8 -8 -2 -11 -6 -13 -7
right_child=2 4 6 -5 11 13 7 -9 -10 10 -12 12 -14 -15
leaf_value=-1.5298691773200215 0.6695069270839884 -0.29172651563432883 2.1757683250416564 0.28691382070177612 0.90850331958958774 1.7876926212627318 2.8053302472603421 1.674942494833723 3.6950860435084296 1.7871116111041809 1.1383190567052006 -0.0096707768452523116 0.7115258310760918 2.50836417277654
leaf_weight=5448 117 894 356 96 122 450 1809 93 94 281 265 483 173 119
leaf_count=5448 117 894 356 96 122 450 1809 93 94 281 265 483 173 119
internal_value=0.00159588 -1.1749 2.27757 1.52057 -0.018066 1.61639 2.70415 2.79726 2.8512 1.33398 1.47488 0.296368 0.181316 1.94255
internal_weight=10800 7120 3680 1328 1672 1232 2352 1996 1903 663 546 778 656 569
internal_count=10800 7120 3680 1328 1672 1232 2352 1996 1903 663 546 778 656 569
is_linear=0
shrinkage=0.05


Tree=21
num_leaves=15
num_cat=0
split_feature=65 65 65 48 25 36 14 65 36 48 34 26 52 0
split_gain=1.04433e+07 1.05637e+06 427562 56560.3 53213.2 40764.1 40574.8 25322.5 28097.9 25561.2 24081.1 22318.4 21650.3 19184
threshold=147.22057950000001 63.145266500000005 230.94556050000003 13.875000000000002 104.19667212036495 22.950130208333338 251.2378196666667 164.94754550000002 18.666666666666668 12.875000000000002 17.001041666666669 21.962500000000002 0.88144907265856365 264.13985200000008
decision_type=2 2 2 2 2 2 2 2 2 2 2 2 2 2
left_child=1 -1 3 6 11 10 7 -2 -9 -10 -4 12 -3 -7
right_child=2 4 5 -5 -6 13 -8 8 9 -11 -12 -13 -14 -15
leaf_value=-1.4505966255377643 0.37667777373872957 -0.67323695157480601 1.4461273676640278 0.27271603029413322 0.3393539878711116 2.6760426499439589 2.2041008187562992 0.33022582703533598 1.6670509151275317 1.0102662600039207 2.4187406923790453 -0.01076378384278906 0.12075340643656994 3.2250454738928016
leaf_weight=5470 57 363 73 96 662 896 194 52 736 193 1151 513 112 232
leaf_count=5470 57 363 73 96 662 896 194 52 736 193 1151 513 112 232
internal_value=0.00160087 -1.11616 2.16394 1.44485 -0.00724046 2.56917 1.53589 1.40901 1.46854 1.53184 2.36196 -0.239581 -0.486162 2.79171
internal_weight=10800 7120 3680 1328 1650 2352 1232 1038 981 929 1224 988 475 1128
internal_count=10800 7120 3680 1328 1650 2352 1232 1038 981 929 1224 988 475 1128
is_linear=0
shrinkage=0.05


Tree=22
num_leaves=15
num_cat=0
split_feature=65 65 65 48 36 36 30 5 60 26 20 6 25 37
split_gain=9.4264e+06 953599 385865 51052.9 48919.1 38343.5 37614.9 26567.2 23546 22156.9 20204.3 20256.8 18667.1 17341.1
threshold=147.22057950000001 42.523274000000008 230.94556050000003 13.875000000000002 23.267968750000005 23.309375000000003 19.012500000000003 244.88150150000004 -0.8814490726585632 21.412500000000005 73.369965000000022 69.10047950000002 100.59176676770393 47.125000000000007
decision_type=2 2 2 2 2 2 2 2 2 2 2 2 2 2
left_child=1 -1 3 5 8 10 -4 9 -3 -8 -2 -12 -10 -6
right_child=2 4 6 -5 13 -7 7 -9 12 -11 11 -13 -14 -15
leaf_value=-1.3808732792880036 0.64095146108884371 0.39323614364257087 2.0373782898019428 0.25922079401405185 0.89136566218954538 1.7927689693606226 2.3596419457714637 1.6101830188930035 -0.53538550188628919 2.7389636763066365 1.6252574117237348 1.0314179757603428 -0.065666210692456026 0.2001840126302947
leaf_weight=5448 127 127 488 96 107 511 727 79 492 1058 310 284 371 575
leaf_count=5448 127 127 488 96 107 511 727 79 492 1058 310 284 371 575
internal_value=0.0015854 -1.06036 2.05595 1.37283 -0.015819 1.45933 2.44092 2.54541 -0.2402 2.58588 1.22085 1.34354 -0.333765 0.309771
internal_weight=10800 7120 3680 1328 1672 1232 2352 1864 990 1785 721 594 863 682
internal_count=10800 7120 3680 1328 1672 1232 2352 1864 990 1785 721 594 863 682
is_linear=0
shrinkage=0.05


Tree=23
num_leaves=15
num_cat=0
split_feature=65 65 65 48 25 36 36 5 26 20 6 60 65 18
split_gain=8.50845e+06 861093 348365 45422.5 43988.7 35524.7 33977.5 30716.2 30326.8 19677 21411.1 18843.8 18284.7 17236.2
threshold=147.22057950000001 63.145266500000005 228.99187250000003 13.875000000000002 104.19667212036495 25.387500000000006 23.663020833333334 218.54977050000002 19.012500000000003 73.369965000000022 69.10047950000002 -0.8814490726585632 116.68736850000001 24.169793645833341
decision_type=2 2 2 2 2 2 2 2 2 2 2 2 2 2
left_child=1 -1 3 6 11 7 9 8 -4 -2 -11 -3 -6 -13
right_child=2 4 5 -5 12 -7 -8 -9 -10 10 -12 13 -14 -15
leaf_value=-1.3092968091496688 0.61647985641929237 0.34666584184061189 1.8373448489710342 0.24639338440425004 0.12986938938014375 2.8413479295936792 1.7456475314710822 1.3102975310573539 2.3709344414575422 1.570391626274863 0.99288712551694691 0.079868160924722542 0.6946932692062997 -0.4327303968437522
leaf_weight=5470 131 128 343 96 453 295 419 90 1645 343 318 220 209 640
leaf_count=5470 131 128 343 96 453 295 419 90 1645 343 318 220 209 640
internal_value=0.00156911 -1.00735 1.95335 1.29617 -0.00615575 2.31461 1.37912 2.2385 2.27984 1.18325 1.29448 -0.217401 0.308969 -0.30166
internal_weight=10800 7120 3680 1307 1650 2373 1211 2078 1988 792 661 988 662 860
internal_count=10800 7120 3680 1307 1650 2373 1211 2078 1988 792 661 988 662 860
is_linear=0
shrinkage=0.05


Tree=24
num_leaves=15
num_cat=0
split_feature=65 65 65 60 64 36 36 31 6 0 17 45 9 37
split_gain=7.68228e+06 854891 257984 50721.4 50028.8 39738.7 34186.2 25839 24185.3 22013.3 18363.9 17240.7 16781.1 19877.3
threshold=162.90215500000002 63.145266500000005 236.71232250000003 -0.8814490726585632 230.35291300000003 21.624739583333341 20.263281250000002 19.962500000000002 86.255541500000007 274.61923400000006 52.127083846939321 47.072916666666679 250.58438100000004 48.875000000000007
decision_type=2 2 2 2 2 2 2 2 2 2 2 2 2 2
left_child=1 -1 4 -3 7 -5 -4 -2 -7 10 -8 -10 -9 -14
right_child=2 3 6 5 -6 8 9 12 11 -11 -12 -13 13 -15
leaf_value=-1.2438439920106115 0.68159771584332951 0.60702528260793864 1.7108576322324041 -0.51598249237681515 2.1231868050788925 0.41563122948301628 2.1444865021749266 1.4477728435417381 0.49124040172568395 3.1247121589128364 2.4925229118123813 -0.20266026174588325 1.7065926194190979 0.6642643995081996
leaf_weight=5470 186 306 292 411 182 332 1201 743 104 85 648 607 63 170
leaf_count=5470 186 306 292 411 182 332 1201 743 104 85 648 607 63 170
internal_value=0.00155099 -0.93549 1.89899 0.023021 1.35015 -0.100218 2.2296 1.22735 0.063954 2.307 2.26774 -0.100614 1.33056 0.952184
internal_weight=10800 7230 3570 1760 1344 1454 2226 1162 1043 1934 1849 711 976 233
internal_count=10800 7230 3570 1760 1344 1454 2226 1162 1043 1934 1849 711 976 233
is_linear=0
shrinkage=0.05


Tree=25
num_leaves=15
num_cat=0
split_feature=65 65 65 60 64 36 36 48 26 9 37 18 26 4
split_gain=6.93585e+06 785367 223056 55410.7 43620.3 38751.5 31064.5 25475 24580.6 23131.5 22656.8 22382.5 21948.8 20818.5
threshold=164.94754550000002 42.523274000000008 236.71232250000003 -0.8814490726585632 230.35291300000003 21.733854166666671 18.666666666666668 11.875000000000002 20.987500000000004 248.76927250000003 48.875000000000007 25.066666666666674 21.812500000000004 214.17098800000002
decision_type=2 2 2 2 2 2 2 2 2 2 2 2 2 2
left_child=1 -1 4 13 9 -5 -4 8 -8 12 -11 -7 -2 -3
right_child=2 3 6 5 -6 11 7 -9 -10 10 -12 -13 -14 -15
leaf_value=-1.1842086140924386 1.0953263250840588 0.30468988171801337 1.1704880833625795 -0.50125872730750498 2.0176075980962955 0.50247250025554957 1.9420385553033315 1.1535863110513398 2.3168331708957459 1.6223513394594193 0.55189347155392177 -0.063563296903079422 1.6189614987713949 1.1390894263701028
leaf_weight=5448 502 204 87 442 182 221 723 65 1351 63 227 818 349 118
leaf_count=5448 502 204 87 442 182 221 723 65 1351 63 227 818 349 118
internal_value=0.00154591 -0.884902 1.8124 0.0196486 1.29643 -0.109694 2.11834 2.15632 2.18718 1.17973 0.789217 0.0572025 1.31172 0.613044
internal_weight=10800 7251 3549 1803 1323 1481 2226 2139 2074 1141 290 1039 851 322
internal_count=10800 7251 3549 1803 1323 1481 2226 2139 2074 1141 290 1039 851 322
is_linear=0
shrinkage=0.05


Tree=26
num_leaves=15
num_cat=0
split_feature=65 65 65 37 6 36 36 24 36 65 22 18 25 17
split_gain=6.26052e+06 708854 201249 52646.6 39675.7 28735.4 28118.2 23344.1 20400.2 19554.9 18144.7 18091.2 15214.8 14515.6
threshold=164.94754550000002 42.523274000000008 236.71232250000003 56.875000000000007 62.684561500000008 20.237630208333339 21.166796875000006 277.75656700000008 25.415885416666672 115.95147100000001 145.63369552083336 24.820152770833335 99.971251996581813 52.127083846939321
decision_type=2 2 2 2 2 2 2 2 2 2 2 2 2 2
left_child=1 -1 4 9 7 -4 -5 -2 13 -3 -10 -8 -6 -7
right_child=2 3 5 6 12 8 11 -9 10 -11 -12 -13 -14 -15
leaf_value=-1.1250090845660741 1.2356047849333742 0.21143548701231074 1.528809797365061 -0.47822612805404896 0.56367319757301437 1.9033144515512235 0.3877193399384618 1.8136616634540872 3.1480065164111912 0.93545764641610196 2.1921816605363968 -0.10074994602895163 1.1068709167902189 2.229441545071809
leaf_weight=5448 445 204 283 395 203 1114 249 304 83 172 172 783 371 574
leaf_count=5448 445 204 283 395 203 1114 249 304 83 172 172 783 371 574
internal_value=0.00153195 -0.840655 1.72197 0.0187044 1.23187 2.01257 -0.120053 1.47233 2.0822 0.54424 2.51437 0.0173687 0.916079 2.01547
internal_weight=10800 7251 3549 1803 1323 2226 1427 749 1943 376 255 1032 574 1688
internal_count=10800 7251 3549 1803 1323 2226 1427 749 1943 376 255 1032 574 1688
is_linear=0
shrinkage=0.05


Tree=27
num_leaves=15
num_cat=0
split_feature=65 65 65 37 64 36 0 4 26 36 9 37 16 65
split_gain=5.65116e+06 639908 181661 46742.8 36777.1 28368.5 27698.4 23820.8 23937.1 20667.8 18907.9 17998.5 17529.9 17126
threshold=164.94754550000002 63.145266500000005 236.71232250000003 51.125000000000007 231.61522200000005 21.166796875000006 262.68540950000005 198.57314000000002 17.925000000000001 18.666666666666668 248.76927250000003 48.875000000000007 276.3691280000001 133.14357200000003
decision_type=2 2 2 2 2 2 2 2 2 2 2 2 2 2
left_child=1 -1 4 13 9 -5 7 8 -4 -2 12 -12 -11 -3
right_child=2 3 6 5 -6 -7 -8 -9 -10 10 11 -13 -14 -15
leaf_value=-1.0666013324234564 0.089586451987050619 0.42168171546015981 1.2188206305579534 -0.43980710333980239 1.8454087789449316 0.049001493234065066 2.3506206050376774 1.3404891867091697 1.9566976188156766 1.1738081438737136 1.4888711908832193 0.52827333133253784 2.1854924323710989 1.3924508724113307
leaf_weight=5470 52 194 125 402 176 1126 322 225 1554 771 63 215 46 59
leaf_count=5470 52 194 125 402 176 1126 322 225 1554 771 63 215 46 59
internal_value=0.00152736 -0.798624 1.63609 0.0245552 1.17045 -0.0798022 1.91219 1.83684 1.90252 1.06537 1.11158 0.750519 1.23337 0.652657
internal_weight=10800 7251 3549 1781 1323 1528 2226 1904 1679 1147 1095 278 817 253
internal_count=10800 7251 3549 1781 1323 1528 2226 1904 1679 1147 1095 278 817 253
is_linear=0
shrinkage=0.05


Tree=28
num_leaves=15
num_cat=0
split_feature=65 65 65 36 27 65 26 48 48 24 65 24 64 36
split_gain=5.10228e+06 515600 207679 35331.3 32451.4 25511 25412.2 26522.8 23315.4 19385.1 18737.7 18197.7 18016.4 17915.7
threshold=147.22057950000001 42.523274000000008 236.71232250000003 23.549088541666666 20.987500000000004 175.75219950000005 20.987500000000004 11.875000000000002 14.875000000000002 247.91118100000003 90.634957500000013 297.26105400000006 239.59825550000002 18.666666666666668
decision_type=2 2 2 2 2 2 2 2 2 2 2 2 2 2
left_child=1 -1 3 5 -3 9 -4 -8 10 -2 -6 12 -5 -7
right_child=2 4 6 11 8 13 7 -9 -10 -11 -12 -13 -14 -15
leaf_value=-1.0154486779576815 -0.55401472498973214 -0.40011549359896847 1.5856482427312721 1.3796206715934236 -0.23950230453813834 0.085191642788221264 1.9937221095734037 0.93844253447922787 -0.11797179546035839 0.63457235663144063 0.4364998005916827 0.85701864032131247 2.2732274983027212 1.0481440441529235
leaf_weight=5448 47 406 804 318 125 52 1357 65 586 120 555 131 72 714
leaf_count=5448 47 406 804 318 125 52 1357 65 586 120 555 131 72 714
internal_value=0.00151826 -0.779772 1.51295 1.04694 -0.0117034 0.860951 1.81673 1.94618 0.113076 0.298753 0.312065 1.37772 1.54999 0.98297
internal_weight=10800 7120 3680 1454 1672 933 2226 1422 1266 167 680 521 390 766
internal_count=10800 7120 3680 1454 1672 933 2226 1422 1266 167 680 521 390 766
is_linear=0
shrinkage=0.05


Tree=29
num_leaves=15
num_cat=0
split_feature=65 65 65 37 6 30 36 36 11 5 22 18 65 48
split_gain=4.6065e+06 520870 147446 42122.9 32361.8 24778 21152.1 20860.3 18764.3 16569.1 16493.5 15966 15305.9 14453.2
threshold=164.94754550000002 42.523274000000008 236.71232250000003 56.875000000000007 62.684561500000008 16.862500000000004 21.166796875000006 25.415885416666672 216.36840450000003 229.38491700000003 145.63369552083336 24.820152770833335 115.95147100000001 5.3750000000000009
decision_type=2 2 2 2 2 2 2 2 2 2 2 2 2 2
left_child=1 -1 4 12 8 -4 -5 9 -2 13 -9 -8 -3 -7
right_child=2 3 5 6 -6 7 11 10 -10 -11 -12 -13 -14 -15
leaf_value=-0.96468552008180974 1.1798900926201479 0.19133653579688656 0.77741886717932562 -0.41905357817545386 0.7727913040784391 1.440117152039087 0.35871525515131653 2.7899696100325815 1.9664234750726253 0.86418786697810701 1.8878568412251557 -0.1001659287553909 0.83192258984970224 1.7977408258142054
leaf_weight=5448 661 204 69 395 574 386 249 83 88 61 172 783 172 1455
leaf_count=5448 661 204 69 395 574 386 249 83 88 61 172 783 172 1455
internal_value=0.00148359 -0.720935 1.47725 0.0157151 1.05774 1.726 -0.108401 1.75596 1.2748 1.69649 2.19124 0.0107926 0.4858 1.72358
internal_weight=10800 7251 3549 1803 1323 2226 1427 2157 749 1902 255 1032 376 1841
internal_count=10800 7251 3549 1803 1323 2226 1427 2157 749 1902 255 1032 376 1841
is_linear=0
shrinkage=0.05


Tree=30
num_leaves=15
num_cat=0
split_feature=65 65 65 24 25 65 0 4 26 8 36 24 26 52
split_gain=4.159e+06 419370 168774 31509.1 28949.4 23328.3 23012.6 20211.5 20076.5 19937.5 15377.1 12811.7 12637.4 16243.3
threshold=147.22057950000001 42.523274000000008 236.71232250000003 276.25245200000006 104.19667212036495 175.75219950000005 262.68540950000005 198.57314000000002 19.012500000000003 282.85540250000008 18.666666666666668 247.91118100000003 21.962500000000002 0.88144907265856365
decision_type=2 2 2 2 2 2 2 2 2 2 2 2 2 2
left_child=1 -1 3 5 12 11 7 8 -4 -5 -7 -2 13 -3
right_child=2 4 6 9 -6 10 -8 -9 -10 -11 -12 -13 -14 -15
leaf_value=-0.91646010618862661 -0.51108220706180651 -0.52281684810345508 1.2586831022305505 1.2896854901769514 0.24237520046944538 0.030812136456370355 2.0384355795641804 1.1160169133702211 1.7153247873104402 0.1930064187101696 0.92569209490053417 0.49799017248336563 -0.0091003202117596899 0.16236285329528516
leaf_weight=5448 48 373 310 587 672 52 322 225 1369 45 635 87 515 112
leaf_count=5448 48 373 310 587 672 52 322 225 1369 45 635 87 515 112
internal_value=0.00147132 -0.703912 1.36605 0.945956 -0.0112156 0.740162 1.63991 1.57148 1.63181 1.21203 0.858101 0.138089 -0.181701 -0.364581
internal_weight=10800 7120 3680 1454 1672 822 2226 1904 1679 632 687 135 1000 485
internal_count=10800 7120 3680 1454 1672 822 2226 1904 1679 632 687 135 1000 485
is_linear=0
shrinkage=0.05


Tree=31
num_leaves=15
num_cat=0
split_feature=65 65 65 60 6 36 30 0 11 5 4 37 7 26
split_gain=3.75515e+06 423971 119765 36314 28787.6 24949 21467.8 18698.7 16496.1 15417.5 15220.5 13026.2 14445 12626.3
threshold=164.94754550000002 63.145266500000005 236.71232250000003 -0.8814490726585632 62.684561500000008 23.928645833333334 16.862500000000004 274.61923400000006 216.36840450000003 209.22877650000001 214.17098800000002 48.875000000000007 253.22163100000003 20.987500000000004
decision_type=2 2 2 2 2 2 2 2 2 2 2 2 2 2
left_child=1 -1 4 10 8 -5 -4 9 -2 13 -3 -6 -13 -8
right_child=2 3 6 5 11 -7 7 -9 -10 -11 -12 12 -14 -15
leaf_value=-0.86894828750988706 1.0715559903746106 0.23546224907949204 0.67633394526583812 -0.2273830124149071 1.3049918917020165 0.21698653942747123 1.4095415522186263 2.3268050631811454 1.8083127857594008 0.81265131334463758 0.94867296233350629 0.38184864450319234 0.93753334664984755 1.6795741569070615
leaf_weight=5470 661 204 69 998 74 461 741 85 88 71 118 311 189 1260
leaf_count=5470 661 204 69 998 74 461 741 85 88 71 118 311 189 1260
internal_value=0.00143252 -0.650822 1.33387 0.0192222 0.95578 -0.0869232 1.55805 1.58593 1.16041 1.55443 0.498953 0.687204 0.59335 1.58033
internal_weight=10800 7251 3549 1781 1323 1459 2226 2157 749 2072 322 574 500 2001
internal_count=10800 7251 3549 1781 1323 1459 2226 2157 749 2072 322 574 500 2001
is_linear=0
shrinkage=0.05


Tree=32
num_leaves=15
num_cat=0
split_feature=65 65 65 37 64 36 35 48 34 36 22 9 37 16
split_gain=3.38965e+06 382674 108068 34777 26484 20274.1 19302.3 21140.9 17035.1 14996.1 14850.4 13873.5 14185.3 13813.8
threshold=164.94754550000002 42.523274000000008 236.71232250000003 51.125000000000007 231.61522200000005 25.415885416666672 20.380208333333336 14.875000000000002 17.001041666666669 18.666666666666668 145.63369552083336 248.76927250000003 51.375000000000007 276.3691280000001
decision_type=2 2 2 2 2 2 2 2 2 2 2 2 2 2
left_child=1 -1 4 -3 9 8 -5 -8 -4 -2 -7 13 -13 -11
right_child=2 3 5 6 -6 10 7 -9 -10 11 -12 12 -14 -15
leaf_value=-0.82720608136307805 -0.010252946383267078 0.55545687088999518 0.66164339557793506 -0.38696029090091116 1.4803413246984536 2.4712342137382146 0.20027629628683169 -0.2310566055894257 1.4530973861842422 0.91019860432903088 1.6223194439287132 1.0940601737016724 0.3141607498626548 1.804853411938282
leaf_weight=5448 52 253 73 376 176 83 695 479 1898 771 172 83 195 46
leaf_count=5448 52 253 73 376 176 83 695 479 1898 771 172 83 195 46
internal_value=0.00141975 -0.618279 1.26735 0.0131303 0.908199 1.4803 -0.0756924 0.0242427 1.42413 0.819194 1.90721 0.858557 0.550095 0.962716
internal_weight=10800 7251 3549 1803 1323 2226 1550 1174 1971 1147 255 1095 278 817
internal_count=10800 7251 3549 1803 1323 2226 1550 1174 1971 1147 255 1095 278 817
is_linear=0
shrinkage=0.05


Tree=33
num_leaves=15
num_cat=0
split_feature=65 65 65 36 24 48 14 0 4 26 64 64 39 36
split_gain=3.05982e+06 308233 123830 26680.2 22855.4 22276.8 19003.6 18853 17743.6 16206.4 12197.5 11972.1 18307.8 10543.1
threshold=147.22057950000001 42.523274000000008 236.71232250000003 25.21510416666667 274.28284400000007 13.875000000000002 251.2378196666667 262.68540950000005 198.57314000000002 17.925000000000001 254.24282150000002 205.60313450000004 47.375000000000007 18.790104166666669
decision_type=2 2 2 2 2 2 2 2 2 2 2 2 2 2
left_child=1 -1 3 5 13 6 10 8 9 -4 -2 12 -6 -3
right_child=2 4 7 -5 11 -7 -8 -9 -10 -11 -12 -13 -14 -15
leaf_value=-0.78585338890060286 0.66268573346819426 -0.84661447576114124 0.84176662239515876 1.364987097111048 0.5425433543805751 -0.025492863940156027 1.2881108414836047 1.7663528320590041 0.91963120050794256 1.4454570760872587 1.455290044271029 0.56070606092200481 -0.078607738014576989 -0.13761364575503174
leaf_weight=5448 959 55 125 190 160 91 163 322 225 1554 51 168 450 839
leaf_count=5448 959 55 125 190 160 91 163 322 225 1554 51 168 450 839
internal_value=0.00140019 -0.603632 1.17185 0.812007 -0.00977236 0.727872 0.786289 1.40643 1.34466 1.40104 0.704108 0.188263 0.0849384 -0.182129
internal_weight=10800 7120 3680 1454 1672 1264 1173 2226 1904 1679 1010 778 610 894
internal_count=10800 7120 3680 1454 1672 1264 1173 2226 1904 1679 1010 778 610 894
is_linear=0
shrinkage=0.05


Tree=34
num_leaves=15
num_cat=0
split_feature=65 65 65 60 6 36 36 30 25 17 24 4 13 36
split_gain=2.76368e+06 311389 87632.4 30060.5 23503.9 19372.4 18007.7 14932.6 13412.2 13051.5 12939.4 12647.3 12056.2 10551
threshold=164.94754550000002 63.145266500000005 236.71232250000003 -0.8814490726585632 62.684561500000008 23.928645833333334 25.415885416666672 16.862500000000004 104.57112527615017 52.127083846939321 277.75656700000008 214.17098800000002 9.1330703872102088 20.338411458333336
decision_type=2 2 2 2 2 2 2 2 2 2 2 2 2 2
left_child=1 -1 4 11 10 -5 7 -4 -8 12 -2 -3 -9 -6
right_child=2 3 6 5 13 -7 8 9 -10 -11 -12 -13 -14 -15
leaf_value=-0.74512436085962286 0.83022493401149733 0.21234565437748665 0.54989637326981344 -0.20429894606749693 0.012245803479781402 0.18727390205576308 2.5281519626049285 1.2522583885504659 1.5527446445964632 1.4979813847463457 1.2593738587658669 0.86245758000041262 0.5829022550185522 0.65956072518731634
leaf_weight=5470 445 204 69 998 72 461 46 1190 209 638 304 118 74 502
leaf_count=5470 445 204 69 998 72 461 46 1190 209 638 304 118 74 502
internal_value=0.00137172 -0.558189 1.14445 0.0160433 0.821029 -0.0805302 1.33622 1.2834 1.73789 1.3097 1.00585 0.452518 1.21356 0.578527
internal_weight=10800 7251 3549 1781 1323 1459 2226 1971 255 1902 749 322 1264 574
internal_count=10800 7251 3549 1781 1323 1459 2226 1971 255 1902 749 322 1264 574
is_linear=0
shrinkage=0.05


Tree=35
num_leaves=15
num_cat=0
split_feature=65 65 65 37 6 35 48 65 0 61 11 30 37 17
split_gain=2.49468e+06 281704 79112.3 29207.2 21220.8 17018.6 18364.6 18530.4 16601.9 15290.6 12504.7 11122 10391.3 12127.9
threshold=164.94754550000002 28.000000000000004 236.71232250000003 47.125000000000007 62.684561500000008 20.380208333333336 14.875000000000002 90.634957500000013 262.68540950000005 -0.83146961230254512 216.36840450000003 22.037500000000005 48.875000000000007 27.056946914412602
decision_type=2 2 2 2 2 2 2 2 2 2 2 2 2 2
left_child=1 -1 4 -3 10 -5 7 -7 9 -4 11 -2 -6 -14
right_child=2 3 8 5 12 6 -8 -9 -10 -11 -12 -13 13 -15
leaf_value=-0.71376935379750883 0.78060770784051869 0.64057856408166303 1.3378454404969642 -0.34870629216865723 1.1007680345376334 -0.27638781472447921 -0.20591095217145408 0.30544162628103527 1.6068545370279084 1.0467882797531278 1.518928330132131 1.3233774076073859 0.66417796276854413 0.15952639335982804
leaf_weight=5384 544 161 1075 396 74 175 519 616 322 829 88 117 303 197
leaf_count=5384 544 161 1075 396 74 175 519 616 322 829 88 117 303 197
internal_value=0.00135424 -0.530277 1.08738 -0.00102952 0.780082 -0.0619197 0.0249729 0.176532 1.26959 1.21174 0.955699 0.878534 0.549659 0.466061
internal_weight=10800 7251 3549 1867 1323 1706 1310 791 2226 1904 749 661 574 500
internal_count=10800 7251 3549 1867 1323 1706 1310 791 2226 1904 749 661 574 500
is_linear=0
shrinkage=0.05


Tree=36
num_leaves=15
num_cat=0
split_feature=65 65 65 37 64 26 48 35 48 65 36 9 26 38
split_gain=2.25185e+06 254246 71361.7 26376.3 19665.6 16475.5 15507.9 15465.6 17989.3 18161.4 12969.2 11055 12010.1 11472.4
threshold=164.94754550000002 28.000000000000004 236.71232250000003 47.125000000000007 236.58133150000003 20.987500000000004 11.875000000000002 19.830729166666671 14.875000000000002 90.112818000000019 18.666666666666668 248.76927250000003 21.812500000000004 56.875000000000007
decision_type=2 2 2 2 2 2 2 2 2 2 2 2 2 2
left_child=1 -1 4 -3 10 -4 -7 -5 9 -9 -2 12 -12 -13
right_child=2 3 5 7 -6 6 -8 8 -10 -11 11 13 -14 -15
leaf_value=-0.67808753322647375 -0.097937665825692133 0.60874734151458809 1.0217180176227358 -0.37521425441617057 1.2890564107570519 1.3459620974508058 0.54396256466932369 -0.289005611423444 -0.21451582295323615 0.27375730326006459 0.63000438346105603 0.78020903242286299 1.0132526855737702 0.13566644396969904
leaf_weight=5384 52 161 804 314 146 1357 65 181 535 676 478 127 369 151
leaf_count=5384 52 161 804 314 146 1357 65 181 535 676 478 127 369 151
internal_value=0.00132791 -0.503768 1.03315 -0.000974962 0.741287 1.2062 1.30971 -0.0588391 0.0127453 0.154702 0.672303 0.707961 0.797967 0.431857
internal_weight=10800 7251 3549 1867 1323 2226 1422 1706 1392 857 1177 1125 847 278
internal_count=10800 7251 3549 1867 1323 2226 1422 1706 1392 857 1177 1125 847 278
is_linear=0
shrinkage=0.05


Tree=37
num_leaves=15
num_cat=0
split_feature=65 65 6 17 37 12 52 0 52 26 48 48 65 46
split_gain=2.03257e+06 229461 64901.5 25092.7 24334.1 22929.8 24910.1 13536.7 13498.5 15696.5 15608.3 12810.4 11857.8 10413.3
threshold=164.94754550000002 28.000000000000004 62.684561500000008 52.127083846939321 55.375000000000007 276.25245200000006 0.97335555334614943 256.37658150000004 0.88144907265856365 19.962500000000002 2.1250000000000004 2.3750000000000004 133.14357200000003 77.703125000000014
decision_type=2 2 2 2 2 2 2 2 2 2 2 2 2 2
left_child=1 -1 3 5 12 6 7 -2 9 -6 -11 -12 -3 -5
right_child=2 4 -4 13 8 -7 -8 -9 -10 10 11 -13 -14 -15
leaf_value=-0.64418946757622086 0.77163857357709431 0.21829861930626282 0.49356347289616648 1.7092854772295274 -0.57007465983207062 1.699483635830223 1.2330778111606957 1.1692365357701509 0.25599796662524471 0.69203483837266122 -0.81578969756762187 -0.079765499290367817 0.91927402233466138 1.2276562375165234
leaf_weight=5384 1246 271 574 146 190 108 567 264 240 61 62 966 77 644
leaf_count=5384 1246 271 574 146 190 108 567 264 240 61 62 966 77 644
internal_value=0.00128922 -0.478584 0.981582 1.07554 -0.000926114 0.98706 0.949215 0.84188 -0.0873754 -0.151958 -0.0785521 -0.124906 0.375589 1.31871
internal_weight=10800 7251 3549 2975 1867 2185 2077 1510 1519 1279 1089 1028 348 790
internal_count=10800 7251 3549 2975 1867 2185 2077 1510 1519 1279 1089 1028 348 790
is_linear=0
shrinkage=0.05


Tree=38
num_leaves=15
num_cat=0
split_feature=65 65 6 36 0 17 30 25 52 16 48 35 65 37
split_gain=1.83471e+06 207104 58592.4 23214 22453.3 21091.8 16385.4 15620.9 15353 17760 13284.2 17845.7 14237.7 9017.53
threshold=164.94754550000002 28.000000000000004 62.684561500000008 25.307031250000005 272.06304300000005 52.127083846939321 16.862500000000004 104.57112527615017 0.97335555334614943 267.06350950000007 14.875000000000002 19.746875000000003 90.112818000000019 48.875000000000007
decision_type=2 2 2 2 2 2 2 2 2 2 2 2 2 2
left_child=1 -1 3 5 10 6 -2 -5 9 -8 11 -3 -13 -4
right_child=2 4 13 7 -6 -7 8 -9 -10 -11 -12 12 -14 -15
leaf_value=-0.61198595718199611 0.15857040005457868 -0.32739709557958951 0.98191505427161863 2.097349773753773 0.37408211830108906 1.2081708539751244 0.73893927772207357 1.2344108264419167 1.1565594715512351 1.2205940076138111 -0.31652643558096027 -0.25841579830840877 0.24085080131177145 0.39119779749554096
leaf_weight=5384 76 288 74 65 328 675 1121 329 475 234 430 183 638 500
leaf_count=5384 76 288 74 65 328 675 1121 329 475 234 430 183 638 500
internal_value=0.0012631 -0.454655 0.93262 1.0219 -0.000863213 0.966454 0.880263 1.38172 0.910132 0.822957 -0.0809646 0.0105742 0.129386 0.468928
internal_weight=10800 7251 3549 2975 1867 2581 1906 394 1830 1355 1539 1109 821 574
internal_count=10800 7251 3549 2975 1867 2581 1906 394 1830 1355 1539 1109 821 574
is_linear=0
shrinkage=0.05


Tree=39
num_leaves=15
num_cat=0
split_feature=65 65 65 26 64 18 31 32 0 36 48 26 3 17
split_gain=1.65616e+06 186927 53400.4 20832.6 15561.3 14497.6 14039.8 13896.7 12372.6 11138.1 11128.5 11714.7 10774.4 9452.6
threshold=164.94754550000002 63.145266500000005 236.71232250000003 26.637500000000003 236.58133150000003 24.169793645833341 19.262500000000003 21.012500000000003 274.61923400000006 18.666666666666668 2.1250000000000004 21.612500000000004 258.14039900000006 61.075702236085867
decision_type=2 2 2 2 2 2 2 2 2 2 2 2 2 2
left_child=1 -1 4 5 9 7 -4 -3 13 -2 -7 -12 -5 -8
right_child=2 3 6 12 -6 10 8 -9 -10 -11 11 -13 -14 -15
leaf_value=-0.57676404142111204 -0.14064616493459017 -0.010499380754997893 0.68855686759558632 0.85928261443440401 1.1207433002234317 0.42962217054922469 0.98310846717680822 0.70937799770870935 1.6827129062484294 0.60539391679709142 -0.4984789209740374 -0.11146106554905173 0.19065793860025235 1.2398813015087347
leaf_weight=5470 52 247 264 69 146 65 1361 91 84 1125 297 571 441 517
leaf_count=5470 52 247 264 69 146 65 1361 91 84 1125 297 571 441 517
internal_value=0.00123832 -0.431928 0.886118 0.012981 0.633662 -0.0953526 1.03581 0.184835 1.08216 0.572342 -0.196946 -0.244307 0.282623 1.05442
internal_weight=10800 7251 3549 1781 1323 1271 2226 338 1962 1177 933 868 510 1878
internal_count=10800 7251 3549 1781 1323 1271 2226 338 1962 1177 933 868 510 1878
is_linear=0
shrinkage=0.05


Tree=40
num_leaves=15
num_cat=0
split_feature=65 65 6 37 36 17 52 16 25 24 64 41 36 36
split_gain=1.49488e+06 169266 49282.5 20536.6 20288 17575.2 15224.3 17277.8 14185.4 12003.5 11607.8 9255.32 8553.27 8222.95
threshold=164.94754550000002 28.000000000000004 62.684561500000008 47.125000000000007 25.307031250000005 46.226624869382128 0.97335555334614943 267.06350950000007 104.57112527615017 274.65417650000006 145.66790250000003 82.875000000000014 20.338411458333336 18.790104166666669
decision_type=2 2 2 2 2 2 2 2 2 2 2 2 2 2
left_child=1 -1 4 -3 5 6 7 -2 -6 13 -11 -7 -4 -5
right_child=2 3 12 9 8 11 -8 -9 -10 10 -12 -13 -14 -15
leaf_value=-0.5525594814374919 0.61586906807077257 0.53793118607574775 -0.091850773857472701 -0.72170997204319132 1.9407283999703147 1.3956383785056004 1.0264710113802327 1.1009104668091767 1.1200077959353274 -0.059854709076978221 0.35021296046389683 0.97473382268306796 0.48965613540024988 -0.12659538533246351
leaf_weight=5384 1108 161 72 61 65 178 488 222 329 430 287 585 502 928
leaf_count=5384 1108 161 72 61 65 178 488 222 329 430 287 585 502 928
internal_value=0.0012096 -0.410325 0.841899 -7.72624e-05 0.923774 0.871983 0.786392 0.697597 1.25998 -0.051136 0.104546 1.07462 0.416682 -0.163993
internal_weight=10800 7251 3549 1867 2975 2581 1818 1330 394 1706 717 763 574 989
internal_count=10800 7251 3549 1867 2975 2581 1818 1330 394 1706 717 763 574 989
is_linear=0
shrinkage=0.05


Tree=41
num_leaves=15
num_cat=0
split_feature=65 65 65 36 36 48 61 0 6 16 22 15 51 26
split_gain=1.35181e+06 101528 84100.1 24842.8 16507.5 14986.1 14305.6 14754.6 13575.7 14327.4 11787.2 11512 11313 11209
threshold=128.36177500000005 28.000000000000004 209.74451450000001 20.920312500000001 25.415885416666672 11.875000000000002 -0.9733555533461492 272.71499900000009 180.17629100000002 276.3691280000001 145.83517119791671 206.32641350000003 2.5000000000000004 20.987500000000004
decision_type=2 2 2 2 2 2 2 2 2 2 2 2 2 2
left_child=1 -1 3 12 5 13 -3 -8 9 -5 -6 -7 -2 -4
right_child=2 6 4 8 10 11 7 -9 -10 -11 -12 -13 -14 -15
leaf_value=-0.52493666391186733 -0.64023952769940018 0.72294179640318224 0.75649481589818401 0.52138323349355575 1.6937047616089924 0.18070194774365927 -0.15471428434514456 0.29480736278066483 0.15182117306115761 1.1647160512208938 1.011512753367424 0.9208382211980366 0.14093639215965964 0.98797681727323095
leaf_weight=5384 60 56 946 694 100 142 1179 215 212 99 195 83 192 1243
leaf_count=5384 60 56 946 694 100 142 1179 215 212 99 195 83 192 1243
internal_value=0.00118614 -0.424939 0.735385 0.396913 0.892234 0.848296 -0.0535333 -0.0852218 0.508122 0.603064 1.24771 0.456596 -0.0468533 0.88833
internal_weight=10800 6834 3966 1257 2709 2414 1450 1394 1005 793 295 225 252 2189
internal_count=10800 6834 3966 1257 2709 2414 1450 1394 1005 793 295 225 252 2189
is_linear=0
shrinkage=0.05


Tree=42
num_leaves=15
num_cat=0
split_feature=65 65 65 36 48 30 61 0 51 15 48 12 48 48
split_gain=1.2203e+06 89285.9 78174.3 18539 14795.8 14380.6 13049.5 13153.6 12500 12085.1 11974.4 12831.8 10601.3 9397.97
threshold=127.44013800000002 28.000000000000004 218.17109700000003 20.610677083333339 13.875000000000002 16.862500000000004 -0.9733555533461492 272.71499900000009 2.5000000000000004 215.93381050000002 12.125000000000002 274.07134600000006 2.1250000000000004 2.3750000000000004
decision_type=2 2 2 2 2 2 2 2 2 2 2 2 2 2
left_child=1 -1 3 8 9 -4 -3 12 -2 -5 11 -7 -8 -14
right_child=2 6 5 4 -6 10 7 -9 -10 -11 -12 -13 13 -15
leaf_value=-0.49869470417444206 -0.57912990519633656 0.68742886760778599 0.1998263342678547 0.51771139016856527 0.13467847570932159 0.88661854386110284 0.48544014257288748 0.27559527643024923 0.2230788995201389 1.1284655574957529 0.39020391360430395 1.4545769465164604 -0.70891835086280486 -0.14572106794549602
leaf_weight=5384 64 56 79 906 239 2197 61 213 191 89 117 106 79 1019
leaf_count=5384 64 56 79 906 239 2197 61 213 191 89 117 106 79 1019
internal_value=0.00116029 -0.405484 0.695687 0.408481 0.488623 0.866583 -0.0539474 -0.0846863 0.0202645 0.57342 0.888257 0.91338 -0.151079 -0.186851
internal_weight=10800 6812 3988 1489 1234 2499 1428 1372 255 995 2420 2303 1159 1098
internal_count=10800 6812 3988 1489 1234 2499 1428 1372 255 995 2420 2303 1159 1098
is_linear=0
shrinkage=0.05


Tree=43
num_leaves=15
num_cat=0
split_feature=65 65 65 36 36 17 13 61 11 37 9 22 51 48
split_gain=1.10144e+06 80590.2 71066.5 20230.8 14525.4 12480.8 12466.8 11796.7 11945.4 11748.8 15290.5 10604.9 9866.24 9404.92
threshold=127.44013800000002 28.000000000000004 209.74451450000001 20.874609375000002 25.415885416666672 52.127083846939321 9.1330703872102088 -0.9733555533461492 272.67347150000006 47.875000000000007 250.58438100000004 145.83517119791671 2.5000000000000004 2.1250000000000004
decision_type=2 2 2 2 2 2 2 2 2 2 2 2 2 2
left_child=1 -1 3 12 5 6 -4 -3 13 -5 -11 -6 -2 -9
right_child=2 7 4 9 11 -7 -8 8 -10 10 -12 -13 -14 -15
leaf_value=-0.47376457214355466 -0.62390356196154817 0.65366042601434815 0.75938864638498838 0.90008742067147984 1.5616273075047107 0.94702293507929092 0.42096912889376931 0.46155961939404089 0.29456627846520861 0.5380190075357687 0.10755562342586927 0.91574122638118516 0.1207243841941132 -0.17119764296438603
leaf_weight=5384 57 56 1387 127 100 683 344 61 183 586 319 195 190 1128
leaf_count=5384 57 56 1387 127 100 683 344 61 183 586 319 195 190 1128
internal_value=0.0011229 -0.385209 0.660957 0.353374 0.805992 0.764816 0.692417 -0.0512293 -0.0804554 0.450577 0.386573 1.13922 -0.0529357 -0.138374
internal_weight=10800 6812 3988 1279 2709 2414 1731 1428 1372 1032 905 295 247 1189
internal_count=10800 6812 3988 1279 2709 2414 1731 1428 1372 1032 905 295 247 1189
is_linear=0
shrinkage=0.05


Tree=44
num_leaves=15
num_cat=0
split_feature=65 65 6 30 37 12 17 52 36 65 8 26 41 24
split_gain=994807 113186 34990.4 16605.1 14742.9 13544.1 14731.4 16335.7 11888.8 10094 8564.95 9097.24 8017.14 8247.29
threshold=164.94754550000002 80.564241500000009 62.684561500000008 16.862500000000004 55.375000000000007 276.25245200000006 46.226624869382128 0.97335555334614943 26.488281250000004 24.000000000000004 172.66395050000003 20.487500000000004 82.875000000000014 290.03840000000008
decision_type=2 2 2 2 2 2 2 2 2 2 2 2 2 2
left_child=1 9 3 -2 -3 6 7 -5 10 -1 -6 -12 13 -8
right_child=2 4 -4 5 8 -7 12 -9 -10 -11 11 -13 -14 -15
leaf_value=-0.47098495827299791 0.10777610846910357 0.33277656612547535 0.32867992776510835 0.58221938974421794 0.048937088379323701 1.288616960007875 1.323466494589141 0.90587150512917614 0.77485829411551022 -0.29114655986645077 -0.72647112639745082 -0.13550707825953032 0.82258175829370961 0.64954951081890622
leaf_weight=4680 96 326 574 1360 684 125 197 554 42 944 74 501 580 63
leaf_count=4680 96 326 574 1360 684 125 197 554 42 944 74 501 580 63
internal_value=0.00109643 -0.33462 0.686904 0.755886 0.0326467 0.777452 0.753792 0.676323 -0.0427566 -0.440856 -0.0706254 -0.212691 0.929296 1.16329
internal_weight=10800 7251 3549 2975 1627 2879 2754 1914 1301 5624 1259 575 840 260
internal_count=10800 7251 3549 2975 1627 2879 2754 1914 1301 5624 1259 575 840 260
is_linear=0
shrinkage=0.05


Tree=45
num_leaves=15
num_cat=0
split_feature=65 65 65 36 36 48 37 8 61 11 15 27 25 51
split_gain=899493 68626.5 54248 18083.3 12566.6 11233.4 10973.8 14089.4 10672.3 10995 9255.42 9146.84 8560.13 8512.8
threshold=129.53476700000002 28.000000000000004 209.74451450000001 20.874609375000002 25.307031250000005 11.875000000000002 51.125000000000007 250.92595350000002 -0.9733555533461492 272.67347150000006 206.32641350000003 19.012500000000003 104.57112527615017 2.5000000000000004
decision_type=2 2 2 2 2 2 2 2 2 2 2 2 2 2
left_child=1 -1 3 13 5 11 -5 -8 -3 -10 -7 -4 -6 -2
right_child=2 8 4 6 12 10 7 -9 9 -11 -12 -13 -14 -15
leaf_value=-0.42771144105420689 -0.58912473872047044 0.61648818052421195 0.5067635485302594 0.76988941112885612 1.5761499092496676 0.10156371531213498 0.46969650647111227 0.0022823897896192533 -0.1253503564523408 0.27987990110468108 0.7803660725744872 0.77153817939139924 0.89466406436016177 0.10517504522425902
leaf_weight=5384 57 58 412 184 57 142 588 222 1221 193 77 1734 287 184
leaf_count=5384 57 58 412 184 57 142 588 222 1221 193 77 1734 287 184
internal_value=0.00106725 -0.34501 0.602601 0.327571 0.727817 0.686096 0.421698 0.341751 -0.0424363 -0.0698809 0.342692 0.720965 1.01183 -0.0607928
internal_weight=10800 6856 3944 1235 2709 2365 994 810 1472 1414 219 2146 344 241
internal_count=10800 6856 3944 1235 2709 2365 994 810 1472 1414 219 2146 344 241
is_linear=0
shrinkage=0.05


Tree=46
num_leaves=15
num_cat=0
split_feature=65 65 65 29 48 43 36 17 13 15 61 26 48 48
split_gain=811982 58833.6 51891.4 16194.3 13960.5 12981.3 11364.7 10276 10211.3 9695.55 9548.38 10403 8007.39 9821.75
threshold=127.44013800000002 28.000000000000004 209.74451450000001 19.812500000000004 13.875000000000002 80.625000000000014 25.307031250000005 52.127083846939321 9.1330703872102088 215.93381050000002 -0.9733555533461492 19.962500000000002 2.1250000000000004 2.3750000000000004
decision_type=2 2 2 2 2 2 2 2 2 2 2 2 2 2
left_child=1 -1 3 5 9 -2 7 8 -4 -5 -3 -12 -13 -14
right_child=2 10 6 4 -6 -7 -8 -9 -10 -11 11 12 13 -15
leaf_value=-0.40632983803638401 -0.78778475454220409 0.58886324088824427 0.64641252910177904 0.4287153023429256 0.075930119403988444 0.12835930267484574 0.96159272001273399 0.81803432957888289 0.33649910852933923 1.0116847170889378 -0.40011948492832305 0.625473024553441 -0.65237389226113596 -0.0049271960030467712
leaf_weight=5384 51 56 1357 721 278 150 344 673 335 79 204 46 61 1061
leaf_count=5384 51 56 1357 721 278 150 344 673 335 79 204 46 61 1061
internal_value=0.00104042 -0.330666 0.567577 0.304742 0.381512 -0.106844 0.691512 0.651837 0.585288 0.487475 -0.0453058 -0.0716002 -0.0139287 -0.0406766
internal_weight=10800 6812 3988 1279 1078 201 2709 2365 1692 800 1428 1372 1168 1122
internal_count=10800 6812 3988 1279 1078 201 2709 2365 1692 800 1428 1372 1168 1122
is_linear=0
shrinkage=0.05


Tree=47
num_leaves=15
num_cat=0
split_feature=65 65 65 36 36 24 17 43 11 16 37 8 31 52
split_gain=732895 53184.9 46854.7 15296.4 11288.5 10351.3 9688.79 9480.98 13283.7 13147.6 8943.89 11300.5 8919.45 8832.41
threshold=127.44013800000002 80.564241500000009 206.26827750000004 20.874609375000002 25.415885416666672 278.56941200000006 61.075702236085867 74.625000000000014 207.74984750000002 239.59272700000005 51.125000000000007 253.92506400000002 21.487500000000004 0.97335555334614943
decision_type=2 2 2 2 2 2 2 2 2 2 2 2 2 2
left_child=1 -1 3 -2 6 -6 7 8 -4 13 -5 -12 -3 -9
right_child=2 12 4 10 5 -7 -8 9 -10 -11 11 -13 -14 -15
leaf_value=-0.37833563884165555 -0.083806038651671105 -0.15655763558590333 0.095059663282187137 0.67925194408544298 1.6887182142676378 0.82170418019992886 0.80485057720017661 0.4842678493104221 0.56176992367727285 1.2846673858630195 0.40722738334156372 -0.016698381234568339 0.11783994314033451 0.76893362600977222
leaf_weight=5624 233 554 221 185 40 269 539 654 494 76 583 215 634 479
leaf_count=5624 233 554 221 185 40 269 539 654 494 76 583 215 634 479
internal_value=0.00100401 -0.314135 0.539244 0.280151 0.652758 0.939024 0.616478 0.563315 0.417848 0.648928 0.366417 0.293134 -0.0101439 0.605188
internal_weight=10800 6812 3988 1216 2772 309 2463 1924 715 1209 983 798 1188 1133
internal_count=10800 6812 3988 1216 2772 309 2463 1924 715 1209 983 798 1188 1133
is_linear=0
shrinkage=0.05


Tree=48
num_leaves=15
num_cat=0
split_feature=65 65 6 26 37 0 36 43 47 16 65 26 48 65
split_gain=662772 75155 24673.1 13717.3 13279.3 11379.7 9962.17 9625.1 10526.9 11681.3 8856.03 8048.53 9246.14 7176.02
threshold=164.94754550000002 82.382441500000013 62.684561500000008 17.225000000000005 54.625000000000007 266.52725100000004 26.488281250000004 74.875000000000014 77.179687500000014 248.46519700000002 24.000000000000004 23.612500000000004 3.8750000000000004 133.14357200000003
decision_type=2 2 2 2 2 2 2 2 2 2 2 2 2 2
left_child=1 10 3 -2 13 7 -6 8 9 -5 -1 12 -9 -3
right_child=2 4 -4 5 6 -7 -8 11 -10 -11 -12 -13 -14 -15
leaf_value=-0.38683486254748511 0.12329093350856393 0.19698440215624541 0.26000278777629138 0.34094369101377442 -0.063884257725510915 0.97434956728165112 0.69338629836837451 -0.038780364148477298 0.2188267366577159 0.76296654363211835 -0.22168914997663927 1.1758314173162721 0.6798833029199427 0.78135979961117974
leaf_weight=4680 134 225 574 283 1246 238 44 46 271 398 988 80 1525 68
leaf_count=4680 134 225 574 283 1246 238 44 46 271 398 988 80 1525 68
internal_value=0.000986575 -0.273036 0.560763 0.618685 0.0315474 0.642 -0.0375378 0.61125 0.483497 0.588346 -0.358092 0.684577 0.658829 0.334804
internal_weight=10800 7251 3549 2975 1583 2841 1290 2603 952 681 5668 1651 1571 293
internal_count=10800 7251 3549 2975 1583 2841 1290 2603 952 681 5668 1651 1571 293
is_linear=0
shrinkage=0.05


Tree=49
num_leaves=15
num_cat=0
split_feature=65 65 6 26 35 61 48 0 65 61 24 46 41 7
split_gain=598237 67848.1 22273.8 13047.7 12793.4 12414.7 12229.8 8580.89 8545.85 8095.66 8238.92 8082.76 7961.68 8215.22
threshold=164.94754550000002 84.179539500000018 62.684561500000008 20.987500000000004 20.248958333333338 -0.68322629814330815 14.875000000000002 274.61923400000006 24.000000000000004 -0.5 288.22990800000008 56.401041666666679 82.875000000000014 95.059242500000011
decision_type=2 2 2 2 2 2 2 2 2 2 2 2 2 2
left_child=1 8 3 5 -3 -2 11 9 -1 10 12 -6 13 -5
right_child=2 4 -4 7 6 -7 -8 -9 -10 -11 -12 -13 -14 -15
leaf_value=-0.3674972396048693 0.50102368710285961 -0.27319375030169996 0.24702525526163696 1.3066827115973807 0.85607231393152361 -0.10464669709764823 -0.079526271450085645 1.1492362133661906 -0.20818053815700474 0.47060875015702841 0.48231856142981883 0.19038770493046431 0.66967268589212769 0.79352687385456622
leaf_weight=4680 1009 275 574 122 48 92 533 89 1032 498 309 683 615 241
leaf_count=4680 1009 275 574 122 48 92 533 89 1032 498 309 683 615 241
internal_value=0.000962697 -0.259377 0.532788 0.587822 0.0352625 0.450365 0.102534 0.668297 -0.338755 0.643688 0.710243 0.235209 0.781689 0.969108
internal_weight=10800 7251 3549 2975 1539 1101 1264 1874 5712 1785 1287 731 978 363
internal_count=10800 7251 3549 2975 1539 1101 1264 1874 5712 1785 1287 731 978 363
is_linear=0
shrinkage=0.05


Tree=50
num_leaves=15
num_cat=0
split_feature=65 65 6 30 37 12 17 52 36 65 36 22 41 24
split_gain=540020 61276.1 20110.4 12347.2 11488.7 10146.9 9727.6 12155.4 8801.31 7200.13 6699.73 6502.26 6299.32 6867.27
threshold=164.94754550000002 82.382441500000013 62.684561500000008 16.862500000000004 54.625000000000007 276.25245200000006 46.226624869382128 0.97335555334614943 26.488281250000004 24.000000000000004 18.790104166666669 92.955536651041669 82.875000000000014 290.03840000000008
decision_type=2 2 2 2 2 2 2 2 2 2 2 2 2 2
left_child=1 9 3 -2 -3 6 7 -5 10 -1 -6 -12 13 -8
right_child=2 4 -4 5 8 -7 12 -9 -10 -11 11 -13 -14 -15
leaf_value=-0.34912629281320884 0.0006872660105990381 0.31068928347406338 0.23469547523282797 0.41286521442679308 -0.61051051549191748 1.0185581217209498 1.0510180231748205 0.69161281950570441 0.65137917796770739 -0.20021739943241146 0.37034368441327592 -0.06938334891272338 0.60525873009557873 0.44122357762389586
leaf_weight=4680 96 293 574 1360 52 125 197 554 44 988 90 1104 580 63
leaf_count=4680 96 293 574 1360 52 125 197 554 44 988 90 1104 580 63
internal_value=0.000940645 -0.246407 0.506227 0.55852 0.0286176 0.577114 0.556715 0.493867 -0.0356408 -0.32321 -0.0604045 -0.0359559 0.699162 0.905517
internal_weight=10800 7251 3549 2975 1583 2879 2754 1914 1290 5668 1246 1194 840 260
internal_count=10800 7251 3549 2975 1583 2879 2754 1914 1290 5668 1246 1194 840 260
is_linear=0
shrinkage=0.05


Tree=51
num_leaves=15
num_cat=0
split_feature=65 65 65 24 49 24 36 61 0 27 32 24 51 48
split_gain=487990 37390.2 29606.5 12935.2 12617.7 10484.5 8709.16 8580.06 8906.91 8396.99 8087.14 7893.56 7521.33 7344.84
threshold=129.53476700000002 28.000000000000004 238.36019300000004 276.25245200000006 3.5000000000000004 302.68069650000001 18.395963541666671 -0.9733555533461492 272.71499900000009 20.987500000000004 22.312500000000004 235.28737700000002 2.5000000000000004 2.1250000000000004
decision_type=2 2 2 2 2 2 2 2 2 2 2 2 2 2
left_child=1 -1 3 4 6 -5 -2 -3 13 10 -4 -11 -8 -9
right_child=2 7 9 5 -6 -7 12 8 -10 11 -12 -13 -14 -15
leaf_value=-0.31503544604656536 -0.31432986938562552 0.56015113768941271 0.49364756146107669 0.53020170262231381 -0.18242398206889632 0.027064579713344573 0.077640580502146284 0.40332981720990085 0.23407174625483873 1.0639514671053207 -0.015863985614851119 0.60797723453972041 0.41729531079765847 -0.13953190211664487
leaf_weight=5384 60 58 737 630 199 124 241 65 223 104 87 1256 506 1126
leaf_count=5384 60 58 737 630 199 124 241 65 223 104 87 1256 506 1126
internal_value=0.000914707 -0.253991 0.443979 0.291107 0.173484 0.447603 0.261366 -0.0306529 -0.0552655 0.566983 0.439898 0.643602 0.307965 -0.109591
internal_weight=10800 6856 3944 1760 1006 754 807 1472 1414 2184 824 1360 747 1191
internal_count=10800 6856 3944 1760 1006 754 807 1472 1414 2184 824 1360 747 1191
is_linear=0
shrinkage=0.05


Tree=52
num_leaves=15
num_cat=0
split_feature=65 65 6 26 26 48 12 43 43 17 4 64 37 48
split_gain=441046 49906.8 17059.2 10990.8 10727.2 8871.95 8797.36 10963.4 8532.83 8043.9 7710.58 6743.54 6331.06 6060.17
threshold=164.94754550000002 84.179539500000018 62.684561500000008 17.925000000000001 19.962500000000002 14.875000000000002 266.67086500000005 74.625000000000014 81.625000000000014 66.464105289595437 216.49902350000002 86.598766000000012 66.375000000000014 3.8750000000000004
decision_type=2 2 2 2 2 2 2 2 2 2 2 2 2 2
left_child=1 11 3 -2 8 10 7 9 -3 12 -6 -1 -5 -9
right_child=2 4 -4 6 5 -7 -8 13 -10 -11 -12 -13 -14 -15
leaf_value=-0.31548382360126043 0.12505073069465453 -0.77709322124719626 0.20746606813565546 0.42447141270989175 0.13083978462150914 -0.073718298170609944 0.76577735408182657 0.012822662355999152 -0.094462412681739119 0.6550341359987768 0.59916556444258828 -0.17114211777851077 0.1161311748561944 0.58932462431233767
leaf_weight=4731 179 63 574 331 686 528 349 47 162 170 100 981 336 1563
leaf_count=4731 179 63 574 331 686 528 349 47 162 170 100 981 336 1563
internal_value=0.000884943 -0.22265 0.457525 0.505686 0.0300483 0.0847191 0.530001 0.496075 -0.288192 0.348534 0.191109 -0.290728 0.269552 0.572513
internal_weight=10800 7251 3549 2975 1539 1314 2796 2447 225 837 786 5712 667 1610
internal_count=10800 7251 3549 2975 1539 1314 2796 2447 225 837 786 5712 667 1610
is_linear=0
shrinkage=0.05


Tree=53
num_leaves=15
num_cat=0
split_feature=65 65 6 33 61 35 48 24 0 46 26 49 24 43
split_gain=398100 45040.1 15398.9 10281.2 12532.8 9766.12 10498.5 8992.45 6966.82 6913.17 6773.06 7232.7 11111.9 6660.86
threshold=164.94754550000002 84.179539500000018 62.684561500000008 21.743750000000002 -0.68322629814330815 19.712500000000002 14.875000000000002 235.28737700000002 274.61923400000006 56.401041666666679 16.512500000000003 3.5000000000000004 284.15934500000009 81.625000000000014
decision_type=2 2 2 2 2 2 2 2 2 2 2 2 2 2
left_child=1 -1 3 4 10 13 9 -5 -9 -7 -2 -12 -13 -3
right_child=2 5 -4 7 -6 6 -8 8 -10 -11 11 12 -14 -15
leaf_value=-0.27619619326741479 -0.11823403720374939 -0.75886737491403311 0.19711080623385702 1.1341623292650496 -0.023641797916100521 0.77011939287185671 -0.089956426597158079 0.51775119282417426 0.97697086920340848 0.15620506935186584 0.52154092678642516 -0.0056531950524441026 0.64095150345608598 -0.11699448054643802
leaf_weight=5712 52 55 574 69 163 48 550 1263 89 739 1056 178 105 147
leaf_count=5712 52 55 574 69 163 48 550 1263 89 739 1056 178 105 147
internal_value=0.000850847 -0.211522 0.43469 0.480447 0.391032 0.0285389 0.0775498 0.577888 0.548681 0.194578 0.439606 0.461342 0.235665 -0.294639
internal_weight=10800 7251 3549 2975 1554 1539 1337 1421 1352 787 1391 1339 283 202
internal_count=10800 7251 3549 2975 1554 1539 1337 1421 1352 787 1391 1339 283 202
is_linear=0
shrinkage=0.05


Tree=54
num_leaves=15
num_cat=0
split_feature=65 65 64 22 30 35 37 47 48 15 5 49 36 41
split_gain=359351 40688.1 14419.7 12387 13054.2 10756.3 9752.52 8783.77 8242.45 7342.21 14180.7 7474.4 6970.83 7003.46
threshold=164.94754550000002 28.000000000000004 240.69470000000004 106.62172396875 22.987500000000004 17.530208333333338 47.125000000000007 77.815104166666671 3.8750000000000004 206.32641350000003 188.57026100000004 1.5000000000000002 18.790104166666669 72.625000000000014
decision_type=2 2 2 2 2 2 2 2 2 2 2 2 2 2
left_child=1 -1 3 4 8 -5 -3 -4 -2 10 -7 -12 -8 -14
right_child=2 6 7 5 -6 9 12 -9 -10 -11 11 -13 13 -15
leaf_value=-0.27068375352586765 -0.13589170897030273 0.37094167835929975 0.60025037255803504 -0.4499011417915082 1.1088184711900917 0.31026178578658681 -0.55545328413286521 0.35414826630044371 0.46317471959743622 0.50267974745958133 0.29381233141036106 -0.31474743603382793 -0.20235079563232528 0.041491295100851186
leaf_weight=5384 63 161 1123 57 73 615 61 544 604 226 70 174 383 1262
leaf_count=5384 63 161 1123 57 73 615 61 544 604 226 70 174 383 1262
internal_value=0.00082463 -0.200948 0.413009 0.317839 0.477161 0.214274 0.000190176 0.520199 0.406473 0.249548 0.182443 -0.139674 -0.0349955 -0.0153701
internal_weight=10800 7251 3549 1882 740 1142 1867 1667 667 1085 859 244 1706 1645
internal_count=10800 7251 3549 1882 740 1142 1867 1667 667 1085 859 244 1706 1645
is_linear=0
shrinkage=0.05


Tree=55
num_leaves=15
num_cat=0
split_feature=65 65 65 37 9 25 49 61 11 39 5 27 8 32
split_gain=324526 27247.2 18970 12393.2 12146.2 8527.54 7769.74 6806.23 7395.81 6457.61 8247.25 7337.49 8187.29 6907.18
threshold=133.14357200000003 24.000000000000004 238.36019300000004 54.375000000000007 259.83896700000008 100.59176676770393 4.5000000000000009 -0.68322629814330815 272.67347150000006 56.875000000000007 207.74984750000002 20.987500000000004 268.63102150000003 22.312500000000004
decision_type=2 2 2 2 2 2 2 2 2 2 2 2 2 2
left_child=1 -1 3 -2 6 -3 -5 -7 -9 -4 11 13 -13 -11
right_child=2 5 9 4 -6 7 -8 8 -10 10 -12 12 -14 -15
leaf_value=-0.27299979594853463 0.5471805592117972 -0.14555603769878872 1.0608332687616349 0.29618888408192295 -0.097507296267787688 0.30859970105399054 -0.1967724559978507 -0.11156553190708909 0.23961838680569356 0.40315784905837759 -0.069835293494366318 0.58887110588064562 0.15286061421406172 -0.067174271307885655
leaf_weight=4680 276 1279 44 1026 306 202 86 557 204 737 73 1123 120 87
leaf_count=4680 276 1279 44 1026 306 202 86 557 204 737 73 1123 120 87
internal_value=0.000793197 -0.204349 0.366919 0.241122 0.181207 -0.0609888 0.257922 0.051363 -0.0172333 0.464337 0.451583 0.470022 0.546935 0.353478
internal_weight=10800 6922 3878 1694 1418 2242 1112 963 761 2184 2140 2067 1243 824
internal_count=10800 6922 3878 1694 1418 2242 1112 963 761 2184 2140 2067 1243 824
is_linear=0
shrinkage=0.05


Tree=56
num_leaves=15
num_cat=0
split_feature=65 65 65 37 9 25 49 52 26 64 11 39 5 8
split_gain=292921 24592.9 17125.4 11191.2 10963.3 7698.44 7016.03 6289.99 6221.12 6144.53 5591.96 5423.71 8093.35 6766.02
threshold=133.14357200000003 24.000000000000004 238.36019300000004 54.375000000000007 259.83896700000008 100.59176676770393 4.5000000000000009 0.88144907265856365 17.925000000000001 266.28212850000006 272.67347150000006 56.875000000000007 207.74984750000002 268.29391150000009
decision_type=2 2 2 2 2 2 2 2 2 2 2 2 2 2
left_child=1 -1 3 -2 6 -3 9 10 -4 -5 -7 -10 13 -13
right_child=2 5 8 4 -6 7 -8 -9 11 -11 -12 12 -14 -15
leaf_value=-0.25935272381515029 0.51992029969039166 -0.13828392337105472 0.099218508196393343 0.25370188038111252 -0.092647811601769658 -0.072367778828338489 -0.18704692087639338 0.38593218466959711 1.0089703146616618 0.82892555909193288 0.22769591255522356 0.49475616417593038 -0.066390719415771002 0.12916197784352995
leaf_weight=4680 276 1279 126 978 306 639 86 120 44 48 204 1804 73 137
leaf_count=4680 276 1279 126 978 306 639 86 120 44 48 204 1804 73 137
internal_value=0.000765739 -0.194132 0.348606 0.229082 0.172146 -0.0579328 0.24503 0.0488175 0.441167 0.281394 0.000429246 0.462045 0.449601 0.469032
internal_weight=10800 6922 3878 1694 1418 2242 1112 963 2184 1026 843 2058 2014 1941
internal_count=10800 6922 3878 1694 1418 2242 1112 963 2184 1026 843 2058 2014 1941
is_linear=0
shrinkage=0.05


Tree=57
num_leaves=15
num_cat=0
split_feature=65 65 65 4 36 17 52 16 46 0 31 48 55 25
split_gain=264408 20884 16937.6 10182.5 9473.61 7370.91 7410.82 8546.88 7063.5 6925.64 6617.65 6281.44 7154.23 6181.4
threshold=129.53476700000002 24.000000000000004 190.70619200000002 272.06304300000005 18.666666666666668 46.226624869382128 0.97335555334614943 266.56805150000008 87.671875000000014 272.71499900000009 27.187500000000004 2.1250000000000004 -0.56174490092936669 100.68220936795701
decision_type=2 2 2 2 2 2 2 2 2 2 2 2 2 2
left_child=1 -1 3 10 8 6 7 -6 -4 11 -2 -3 -13 -14
right_child=2 9 4 -5 5 -7 -8 -9 -10 -11 -12 12 13 -15
leaf_value=-0.24638785988417122 0.013474249541186371 0.3906033745091973 -0.28008168955212054 0.72511430494487294 0.22993358946285569 0.52094931546606771 0.50665288830560784 0.50420755151659247 0.50902712505038195 0.20451000588072932 0.48764795255230137 -0.3390385659637728 -0.12926935885831245 0.084396914920186597
leaf_weight=4680 649 65 91 63 1243 861 546 369 40 223 82 279 1126 483
leaf_count=4680 649 65 91 63 1243 861 546 369 40 223 82 279 1126 483
internal_value=0.00074195 -0.186892 0.326878 0.120302 0.378894 0.396951 0.34726 0.292991 -0.0371015 -0.0588788 0.0672583 -0.0890427 -0.105754 -0.0651171
internal_weight=10800 6856 3944 794 3150 3019 2158 1612 131 2176 731 1953 1888 1609
internal_count=10800 6856 3944 794 3150 3019 2158 1612 131 2176 731 1953 1888 1609
is_linear=0
shrinkage=0.05


Tree=58
num_leaves=15
num_cat=0
split_feature=65 65 65 37 31 65 61 26 12 5 8 48 48 31
split_gain=238711 20336.5 13996.6 9885.51 9891.24 7894.54 7244.2 7721.58 5989.09 8258.62 6126.56 7579.45 5878.47 5694.81
threshold=133.14357200000003 84.179539500000018 238.36019300000004 54.375000000000007 27.012500000000003 177.18208400000003 -0.9733555533461492 19.962500000000002 266.67086500000005 199.41051700000003 257.88623600000005 5.6250000000000009 12.375000000000002 19.262500000000003
decision_type=2 2 2 2 2 2 2 2 2 2 2 2 2 2
left_child=1 -1 3 -2 5 -5 -3 -8 9 10 11 -4 -7 -13
right_child=2 6 8 4 -6 12 7 -9 -10 -11 -12 13 -14 -15
leaf_value=-0.21466010147218251 0.48000388497264812 0.54196173167619555 0.25845391264214934 -0.11257528886426844 0.46562134302286218 0.25223874822689457 -0.33948314337176272 0.034831454464696314 0.63133153105493989 -0.2375864318825982 0.15309228801859484 0.26184822316535494 -0.041775359371394823 0.54751611469687256
leaf_weight=5712 276 60 502 326 214 648 159 991 246 54 247 219 230 916
leaf_count=5712 276 60 502 326 214 648 159 991 246 54 247 219 230 916
internal_value=0.000719574 -0.175221 0.314728 0.206673 0.153171 0.0972952 0.0109787 -0.0171716 0.398407 0.368531 0.38602 0.421051 0.175259 0.492675
internal_weight=10800 6922 3878 1694 1418 1204 1210 1150 2184 1938 1884 1637 878 1135
internal_count=10800 6922 3878 1694 1418 1204 1210 1150 2184 1938 1884 1637 878 1135
is_linear=0
shrinkage=0.05


Tree=59
num_leaves=15
num_cat=0
split_feature=65 65 65 4 36 36 24 43 15 37 46 0 51 24
split_gain=215492 16904.4 14784.3 8902.9 8283.76 6740.08 10342.2 7050.75 10859.4 8436.14 6359.61 5828.83 5748.79 9068.17
threshold=127.44013800000002 24.000000000000004 190.70619200000002 274.61923400000006 18.666666666666668 25.415885416666672 278.56941200000006 74.625000000000014 103.02903450000001 82.375000000000014 87.671875000000014 273.04091050000005 2.5000000000000004 272.16657050000009
decision_type=2 2 2 2 2 2 2 2 2 2 2 2 2 2
left_child=1 -1 3 -2 10 7 -7 9 -9 12 -4 -3 13 -6
right_child=2 11 4 -5 5 6 -8 8 -10 -11 -12 -13 -14 -15
leaf_value=-0.22334040147935805 0.068734634188263186 -0.080371514357700791 -0.27718774575902072 0.82438171462314891 -0.102692588835745 1.2580676820683987 0.45708008020088492 0.36609843920045221 0.95810411674220386 -0.14079406614104906 0.47159304908226907 0.20007984603687035 0.41967396473846752 0.34281226254084657
leaf_weight=4680 798 1928 91 40 190 46 308 1561 81 134 40 204 415 284
leaf_count=4680 798 1928 91 40 190 46 308 1561 81 134 40 204 415 284
internal_value=0.000696007 -0.170186 0.292553 0.105743 0.342201 0.359087 0.564414 0.331611 0.395867 0.228188 -0.0467118 -0.0534554 0.283901 0.164394
internal_weight=10800 6812 3988 838 3150 3019 354 2665 1642 1023 131 2132 889 474
internal_count=10800 6812 3988 838 3150 3019 354 2665 1642 1023 131 2132 889 474
is_linear=0
shrinkage=0.05


Tree=60
num_leaves=15
num_cat=0
split_feature=65 65 65 25 26 43 9 0 24 46 27 43 49 24
split_gain=194705 16924.7 12381.4 9407.72 7702.89 9175.71 7388.02 6839 6875.88 7812.15 5692 5580.14 5192.08 4640.5
threshold=119.46223000000002 190.70619200000002 24.000000000000004 103.69949144353033 20.962500000000002 76.875000000000014 267.74900300000007 260.07892350000003 246.78300350000004 83.317708333333357 16.025000000000002 83.625000000000014 2.5000000000000004 302.68069650000001
decision_type=2 2 2 2 2 2 2 2 2 2 2 2 2 2
left_child=2 3 -1 12 5 -3 7 8 9 -6 -7 -10 -2 -5
right_child=1 4 -4 13 6 10 -8 -9 11 -11 -12 -13 -14 -15
leaf_value=-0.21217576152008585 0.099703656075421143 -0.09982555746773189 -0.061743347848686139 0.35719648183320679 0.84752180312119485 -0.20260427583074359 0.1593541504194339 0.63919041575984914 0.28556040347924294 0.11750245871497136 0.31409369780080137 0.58136158226087142 -0.19183775816262436 -0.053719904744762119
leaf_weight=4680 335 186 1934 336 140 56 311 307 1012 50 898 190 279 86
leaf_count=4680 335 186 1934 336 140 56 311 307 1012 50 898 190 279 86
internal_value=0.000682236 0.267503 -0.168204 0.0920805 0.325151 0.220994 0.384085 0.425104 0.377463 0.657032 0.283583 0.332762 -0.0328685 0.273526
internal_weight=10800 4186 6614 1036 3150 1140 2010 1699 1392 190 954 1202 614 422
internal_count=10800 4186 6614 1036 3150 1140 2010 1699 1392 190 954 1202 614 422
is_linear=0
shrinkage=0.05


Tree=61
num_leaves=15
num_cat=0
split_feature=65 65 65 31 51 64 51 37 9 8 46 49 61 26
split_gain=175867 15622.6 11548.8 10831 8894.53 7304.21 8182.42 7147.22 7763.32 7144.66 8328.08 7241.65 6398.87 7672.06
threshold=133.14357200000003 86.418312 261.5324245000001 19.912500000000005 2.5000000000000004 264.27020500000009 3.5000000000000004 47.875000000000007 256.50948950000003 268.29391150000009 78.609375000000014 3.5000000000000004 -0.9733555533461492 19.962500000000002
decision_type=2 2 2 2 2 2 2 2 2 2 2 2 2 2
left_child=1 -1 3 4 -2 7 -7 -5 -9 10 -4 -12 -3 -14
right_child=2 12 9 5 -6 6 -8 8 -10 -11 11 -13 13 -15
leaf_value=-0.18415855165206663 -0.55937174678738433 0.51506806299334673 0.64931082232991699 0.57767924003539572 0.07488158100485047 0.34618914939746515 0.97590956203639512 0.23662702395886603 -0.035366700872099983 -0.022140290549335383 0.40602930884431698 -0.011433953208253399 -0.34473948041164637 0.040911847919689902
leaf_weight=5756 66 60 313 125 315 280 63 1449 320 95 731 121 148 958
leaf_count=5756 66 60 313 125 315 280 63 1449 320 95 731 121 148 958
internal_value=0.000660067 -0.150356 0.270184 0.210182 -0.0361658 0.252136 0.464353 0.21348 0.187433 0.394589 0.428561 0.346798 0.0165274 -0.0109591
internal_weight=10800 6922 3878 2618 381 2237 343 1894 1769 1260 1165 852 1166 1106
internal_count=10800 6922 3878 2618 381 2237 343 1894 1769 1260 1165 852 1166 1106
is_linear=0
shrinkage=0.05


Tree=62
num_leaves=15
num_cat=0
split_feature=65 65 34 24 17 52 16 43 9 45 35 41 25 51
split_gain=158793 21219.4 8236.83 8195.16 7349.77 6664.92 7167.64 6850.64 5703.33 7265.92 5649.66 5427.05 6555.16 5547.68
threshold=175.75219950000005 86.418312 17.001041666666669 274.65417650000006 46.226624869382128 0.97335555334614943 266.87650400000007 77.375000000000014 250.58438100000004 46.093750000000007 23.093750000000004 82.875000000000014 104.81560041481056 2.5000000000000004
decision_type=2 2 2 2 2 2 2 2 2 2 2 2 2 2
left_child=1 -1 -2 -3 5 6 7 -4 10 -10 -5 12 -6 -13
right_child=2 3 4 8 11 -7 -8 -9 9 -11 -12 13 -14 -15
leaf_value=-0.17495222268966626 -0.14056569387820284 -0.073306561128958378 0.022887955318406428 0.10678691221881159 0.8425698149372155 0.40632767885531618 0.38736962425918536 0.24297318292673886 0.57095387202559733 -0.070574379838412499 0.50158032244071371 0.14020828319302717 0.35242522827750689 0.45475916870513827
leaf_weight=5756 111 880 591 193 141 541 427 880 50 327 171 228 136 368
leaf_count=5756 111 880 591 193 141 541 427 880 50 327 171 228 136 368
internal_value=0.000639403 -0.129957 0.282047 0.0298247 0.296249 0.251489 0.207163 0.154626 0.152235 0.0157943 0.293119 0.420871 0.604055 0.334864
internal_weight=10800 7377 3423 1621 3312 2439 1898 1471 741 377 364 873 277 596
internal_count=10800 7377 3423 1621 3312 2439 1898 1471 741 377 364 873 277 596
is_linear=0
shrinkage=0.05


Tree=63
num_leaves=15
num_cat=0
split_feature=65 36 65 65 35 43 22 9 0 41 43 0 18 44
split_gain=143924 12780.9 14422 9759.83 9179.29 9990.72 7950.27 6464.24 5926.96 5374.77 5193.06 6647.94 6433.89 4671.68
threshold=119.46223000000002 25.307031250000005 214.28315500000005 24.000000000000004 19.712500000000002 81.625000000000014 145.83517119791671 250.58438100000004 256.03719150000006 81.375000000000014 74.625000000000014 206.711195 128.8941594166667 63.031250000000007
decision_type=2 2 2 2 2 2 2 2 2 2 2 2 2 2
left_child=3 2 4 -1 5 -2 9 8 -6 -3 11 -4 -12 -9
right_child=1 6 10 -5 7 -7 -8 13 -10 -11 12 -13 -14 -15
leaf_value=-0.18361753009369527 -0.80561503779005117 0.84330578513865206 -0.080029720222720743 -0.050061033809511241 0.18988414856900229 -0.038557383573148404 0.29678373782880724 0.11815808912035215 0.75742428630590442 0.27816119463493427 0.30873694368775473 0.25268003077079587 0.79884679813829951 -0.19592622639896462
leaf_weight=4680 53 158 194 1934 602 199 314 298 49 59 1338 657 70 195
leaf_count=4680 53 158 194 1934 602 199 314 298 49 59 1338 657 70 195
internal_value=0.000623957 0.230027 0.196624 -0.144578 0.0702107 -0.20243 0.459139 0.130392 0.233698 0.69163 0.274679 0.176828 0.333653 -0.00621917
internal_weight=10800 4186 3655 6614 1396 252 531 1144 651 217 2259 851 1408 493
internal_count=10800 4186 3655 6614 1396 252 531 1144 651 217 2259 851 1408 493
is_linear=0
shrinkage=0.05


Tree=64
num_leaves=15
num_cat=0
split_feature=65 36 65 65 35 43 22 9 0 41 43 37 26 42
split_gain=129917 11545.4 13019.6 8808.34 8295.05 9034.86 7183.2 5838.1 5363.85 4851.22 4693.76 6339.05 6334.29 4575.01
threshold=119.46223000000002 25.307031250000005 214.28315500000005 24.000000000000004 19.712500000000002 81.625000000000014 145.83517119791671 250.58438100000004 256.03719150000006 81.375000000000014 74.875000000000014 81.625000000000014 24.012500000000003 72.625000000000014
decision_type=2 2 2 2 2 2 2 2 2 2 2 2 2 2
left_child=3 2 4 -1 5 -2 9 8 -6 -3 11 13 -12 -4
right_child=1 6 10 -5 7 -7 -8 -9 -10 -11 12 -13 -14 -15
leaf_value=-0.17443862372650804 -0.76608021905024848 0.80140568494047015 0.54656745143157914 -0.047559275871686624 0.18040568606563495 -0.036639155532233424 0.28199166080426602 -0.0059160863564006599 0.72031050139293074 0.26448493358368674 0.2966970166880486 -0.14930087371652287 0.871593937650323 0.17690816507552989
leaf_weight=4680 53 158 96 1934 602 199 314 493 49 59 1352 132 49 630
leaf_count=4680 53 158 96 1934 602 199 314 493 49 59 1352 132 49 630
internal_value=0.000604283 0.218558 0.186811 -0.137351 0.0667011 -0.192475 0.436316 0.123911 0.222086 0.657306 0.260973 0.168555 0.317411 0.226473
internal_weight=10800 4186 3655 6614 1396 252 531 1144 651 217 2259 858 1401 726
internal_count=10800 4186 3655 6614 1396 252 531 1144 651 217 2259 858 1401 726
is_linear=0
shrinkage=0.05


Tree=65
num_leaves=15
num_cat=0
split_feature=65 65 34 0 31 17 20 31 52 21 13 46 25 49
split_gain=117606 15890.5 6986.5 6936.98 6435.85 6209.34 6043.36 5816.73 5526.16 6553.47 5176.69 4727.81 7202.3 4987.05
threshold=175.75219950000005 86.418312 17.001041666666669 272.38507200000004 29.212500000000002 46.226624869382128 283.84321050000005 21.962500000000002 0.97335555334614943 96.837753384123275 2.7712974092142586 77.703125000000014 104.81560041481056 3.5000000000000004
decision_type=2 2 2 2 2 2 2 2 2 2 2 2 2 2
left_child=1 -1 -2 4 -3 8 7 -5 9 -4 -11 12 -7 -13
right_child=2 3 5 6 -6 11 -8 -9 -10 10 -12 13 -14 -15
leaf_value=-0.15074024545719575 -0.14635260488305774 -0.052011839754479587 0.13760617318725465 -0.014896172111810642 0.3814382747301589 0.9709143882519321 0.024805125016534074 0.68490646496267604 0.35568752130734088 0.29585260123126095 0.86213514798996504 0.37525650747055483 0.31431702969922237 0.030955478336948616
leaf_weight=5756 111 1238 1643 42 91 75 150 100 541 205 50 573 96 129
leaf_count=5756 111 1238 1643 42 91 75 150 100 541 205 50 573 96 129
internal_value=0.000587776 -0.111803 0.242766 0.0264675 -0.0220679 0.255847 0.246691 0.479266 0.214722 0.174376 0.409822 0.370366 0.606269 0.312122
internal_weight=10800 7377 3423 1621 1329 3312 292 142 2439 1898 255 873 171 702
internal_count=10800 7377 3423 1621 1329 3312 292 142 2439 1898 255 873 171 702
is_linear=0
shrinkage=0.05


Tree=66
num_leaves=15
num_cat=0
split_feature=65 65 36 65 22 29 43 48 48 25 47 43 15 0
split_gain=106171 9014.1 8414.06 8432.28 8254.67 5937.8 6137.56 4650.02 7227.2 4601.07 4546.51 4250.84 5875.3 5679.76
threshold=127.44013800000002 24.000000000000004 25.415885416666672 214.28315500000005 145.83517119791671 19.812500000000004 80.625000000000014 2.1250000000000004 2.3750000000000004 100.59176676770393 69.368489583333357 74.875000000000014 92.759939500000016 206.711195
decision_type=2 2 2 2 2 2 2 2 2 2 2 2 2 2
left_child=1 -1 3 5 10 6 -2 -3 -9 -10 -4 13 -13 -5
right_child=2 7 4 11 -6 -7 -8 8 9 -11 -12 12 -14 -15
leaf_value=-0.15818315403656533 -0.59600427181033766 0.39258347482931233 0.87066601086243078 -0.089591811473170913 0.25443821115850551 0.12582025644715897 -0.0031962525871025746 -0.51286495722830294 -0.091421666951531977 0.06302473947720437 0.24267751515002511 0.26246025806264761 0.6809243998924891 0.21674880881783529
leaf_weight=4680 58 61 112 194 297 1007 168 79 1176 816 40 1344 89 679
leaf_count=4680 58 61 112 194 297 1007 168 79 1176 816 40 1344 89 679
internal_value=0.000577224 -0.119368 0.205438 0.179473 0.409239 0.0738431 -0.157288 -0.0341309 -0.0468829 -0.0281546 0.708072 0.235896 0.288907 0.148648
internal_weight=10800 6812 3988 3539 449 1233 226 2132 2071 1992 152 2306 1433 873
internal_count=10800 6812 3988 3539 449 1233 226 2132 2071 1992 152 2306 1433 873
is_linear=0
shrinkage=0.05


Tree=67
num_leaves=15
num_cat=0
split_feature=65 0 64 33 45 48 37 33 32 24 16 20 31 51
split_gain=96224.2 12841.4 9235.06 6206.91 5768.07 5446.65 6702.72 5735.93 6601.46 6255.31 4415.77 4329.48 6383.76 4252.52
threshold=175.75219950000005 272.38507200000004 194.41475600000004 17.003125000000004 90.343750000000014 12.375000000000002 51.875000000000007 21.743750000000002 22.387500000000003 235.28737700000002 281.03721150000007 283.84321050000005 21.112500000000004 2.5000000000000004
decision_type=2 2 2 2 2 2 2 2 2 2 2 2 2 2
left_child=1 2 -1 -2 -4 7 -7 8 -5 -9 13 12 -3 -11
right_child=3 11 4 5 -6 6 -8 9 -10 10 -12 -13 -14 -15
leaf_value=-0.13330079352233992 -0.12827519825809905 -0.051317018110370427 0.11716942444884595 0.23238672690459639 -0.41069862348141906 0.37584347582438538 -0.081671292445584298 0.79297479322978437 -0.06055910523318582 0.2066127975063945 0.73378422735580084 0.023753259651536168 0.603622391955419 0.39620705588879929
leaf_weight=6422 123 56 563 1343 56 113 268 69 224 718 57 171 109 508
leaf_count=6422 123 56 563 1343 56 113 268 69 224 718 57 171 109 508
internal_value=0.000556043 -0.101106 -0.115524 0.219616 0.0688286 0.232617 0.0546507 0.25582 0.190499 0.331332 0.305906 0.200472 0.38237 0.285431
internal_weight=10800 7377 7041 3423 619 3300 381 2919 1567 1352 1283 336 165 1226
internal_count=10800 7377 7041 3423 619 3300 381 2919 1567 1352 1283 336 165 1226
is_linear=0
shrinkage=0.05


Tree=68
num_leaves=15
num_cat=0
split_feature=65 36 65 64 35 43 9 25 0 9 31 24 24 49
split_gain=86977.2 8751.79 8744.17 7079.86 6683.89 7445.81 5530.36 5507.06 5019.08 4731.3 4943.5 4164.43 7638.78 13165.9
threshold=119.46223000000002 25.307031250000005 214.28315500000005 205.60313450000004 19.712500000000002 81.625000000000014 95.869577000000007 104.57112527615017 271.69769000000002 250.58438100000004 23.012500000000003 300.20324800000009 283.32550850000001 3.5000000000000004
decision_type=2 2 2 2 2 2 2 2 2 2 2 2 2 2
left_child=3 2 4 8 5 -2 -5 -3 -1 10 -6 12 13 -4
right_child=1 7 11 6 9 -7 -8 -9 -10 -11 -12 -13 -14 -15
leaf_value=-0.13333851868339525 -0.70055939357865737 0.78657847838611283 0.24589433283609285 0.27661730652573602 0.32323520581506782 -0.038333233038894833 -0.11052857650553478 0.30547687790460953 0.11377486624173437 -0.01269373432384344 0.047326431333072363 -0.037879210867536948 0.45436863175106029 -0.13866177950789474
leaf_weight=6032 53 68 1522 201 342 199 169 463 212 493 309 155 322 260
leaf_count=6032 53 68 1522 201 342 199 169 463 212 493 309 155 322 260
internal_value=0.000540353 0.178874 0.151239 -0.112337 0.0528084 -0.179829 0.0999645 0.36845 -0.124932 0.104166 0.192547 0.212017 0.230436 0.18974
internal_weight=10800 4186 3655 6614 1396 252 370 531 6244 1144 651 2259 2104 1782
internal_count=10800 4186 3655 6614 1396 252 370 531 6244 1144 651 2259 2104 1782
is_linear=0
shrinkage=0.05


Tree=69
num_leaves=15
num_cat=0
split_feature=65 36 17 64 49 24 36 24 22 36 42 32 9 46
split_gain=78523.5 8386.58 8497.62 6596.16 6113.26 12370.7 6107.8 6754.39 5433.22 4946.12 5874.47 4796.93 4587.42 4511.74
threshold=116.68736850000001 25.307031250000005 46.226624869382128 205.60313450000004 3.5000000000000004 278.14094900000003 18.666666666666668 302.68069650000001 145.83517119791671 24.042447916666671 73.125000000000014 21.712500000000002 95.869577000000007 89.864583333333357
decision_type=2 2 2 2 2 2 2 2 2 2 2 2 2 2
left_child=3 2 4 -1 6 13 -2 -8 -3 10 11 -7 -5 -6
right_child=1 8 -4 12 5 9 7 -9 -10 -11 -12 -13 -14 -15
leaf_value=-0.11999059784940079 -0.18248074481470719 0.54303234203368833 0.2896968024826721 0.27036716304226688 -0.1364055644766721 0.25698856325173869 0.18547957485882566 -0.22449898470834531 0.21880020501279512 -0.28492566236229833 0.12294676082198615 0.97887078463707289 -0.093614246565557557 -0.62304873694073071
leaf_weight=6201 134 220 763 188 364 48 1983 105 317 42 177 45 159 54
leaf_count=6201 134 220 763 188 364 48 1983 105 317 42 177 45 159 54
internal_value=0.000519728 0.167805 0.141035 -0.108117 0.102525 -0.0229856 0.143752 0.164765 0.352395 0.214867 0.293376 0.612984 0.103796 -0.20061
internal_weight=10800 4252 3715 6548 2952 730 2222 2088 537 312 270 93 347 418
internal_count=10800 4252 3715 6548 2952 730 2222 2088 537 312 270 93 347 418
is_linear=0
shrinkage=0.05


Tree=70
num_leaves=15
num_cat=0
split_feature=65 0 64 26 46 43 47 26 26 25 51 32 47 9
split_gain=71045.2 10288.6 7019.8 5071.21 5057.42 5664.77 7751.62 6967.52 6855.43 5732.19 5067.16 6837.64 5811.52 4896.92
threshold=175.75219950000005 272.38507200000004 201.68129500000001 17.925000000000001 92.005208333333357 75.625000000000014 73.860677083333357 23.412500000000005 20.987500000000004 109.2624300420939 2.5000000000000004 27.112500000000004 77.768229166666671 95.869577000000007
decision_type=2 2 2 2 2 2 2 2 2 2 2 2 2 2
left_child=1 2 -1 -2 5 6 8 -7 -5 -10 -8 12 -12 -4
right_child=3 -3 13 4 -6 7 10 -9 9 -11 11 -13 -14 -15
leaf_value=-0.11464812495015023 -0.054053878941082316 0.18308424882988728 0.19259672631812563 -0.18601539387152746 -0.32331212242444357 0.24387491072902334 -0.12071168557105756 0.62801399542950098 0.40032919990357485 0.05238181464723312 0.44598496912978591 -0.37303416351122515 0.041910930995893957 -0.1021494533638565
leaf_weight=6466 202 336 331 77 44 1604 329 127 466 159 159 55 201 244
leaf_count=6466 202 336 331 77 44 1604 329 127 466 159 159 55 201 244
internal_value=0.000499302 -0.0868548 -0.0997606 0.188729 0.203967 0.211369 0.138165 0.272405 0.25722 0.312036 0.025636 0.141668 0.221118 0.0675616
internal_weight=10800 7377 7041 3423 3221 3177 1446 1731 702 625 744 415 360 575
internal_count=10800 7377 7041 3423 3221 3177 1446 1731 702 625 744 415 360 575
is_linear=0
shrinkage=0.05


Tree=71
num_leaves=15
num_cat=0
split_feature=65 9 26 43 54 24 64 61 47 22 21 51 32 43
split_gain=64356.1 7878.15 10276.9 8551.35 6248.63 5697.93 5507.37 5398.62 5695.77 9362.57 4480.44 4777.93 4745.39 4912.89
threshold=116.68736850000001 271.12187950000003 20.412500000000005 78.125000000000014 1.0000000180025095e-35 300.20324800000009 205.60313450000004 -0.93540483100319605 77.669270833333357 125.64656252604168 101.09054071901916 1.5000000000000002 29.012500000000003 70.625000000000014
decision_type=2 2 2 2 2 2 2 2 2 2 2 2 2 2
left_child=6 2 3 4 -2 10 -1 8 9 -5 12 -12 13 -4
right_child=1 -3 5 7 -6 -7 -8 -9 -10 -11 11 -13 -14 -15
leaf_value=-0.10872037758903844 -0.43136647186738303 -0.031560461181193343 0.12911884447765026 -0.10679188336838374 0.14235391058793215 0.030808391207551574 0.095763148431700987 0.01620794536148595 0.090842503603739244 0.66566751216346709 0.096122738156229903 0.70780053061441839 0.69821458756923682 0.29103947890050236
leaf_weight=6201 136 514 752 54 72 301 347 571 252 140 46 106 55 1253
leaf_count=6201 136 514 752 54 72 301 347 571 252 140 46 106 55 1253
internal_value=0.000478569 0.151923 0.177155 0.0583477 -0.23304 0.235023 -0.0978712 0.118114 0.248252 0.451208 0.262785 0.524526 0.243227 0.230404
internal_weight=10800 4252 3738 1225 208 2513 6548 1017 446 194 2212 152 2060 2005
internal_count=10800 4252 3738 1225 208 2513 6548 1017 446 194 2212 152 2060 2005
is_linear=0
shrinkage=0.05


Tree=72
num_leaves=15
num_cat=0
split_feature=65 0 64 17 21 43 37 45 51 26 39 36 20 31
split_gain=58390.9 8995.06 5628.64 4777.55 5176.46 6940.56 7767.11 4772.26 4401.28 4265.23 3709.34 5046.21 3689.67 5654.45
threshold=175.75219950000005 272.38507200000004 194.41475600000004 66.464105289595437 98.266410409459311 76.875000000000014 56.875000000000007 90.343750000000014 1.5000000000000002 16.025000000000002 69.625000000000014 23.839973958333342 283.84321050000005 21.112500000000004
decision_type=2 2 2 2 2 2 2 2 2 2 2 2 2 2
left_child=1 2 -1 4 5 6 -2 -4 -6 -7 11 -10 13 -3
right_child=3 12 7 -5 8 9 -8 -9 10 -11 -12 -13 -14 -15
leaf_value=-0.10467403449909683 0.26698826391556224 -0.066285214546185578 0.097111791847868167 0.3173349569902103 0.042976373829173325 -0.23952250816581544 -0.062436303299902067 -0.38301097075536589 1.0936573297494936 0.20151541644427071 0.27501850853230331 0.37382303656758892 0.010599788145140508 0.54983289203860541
leaf_weight=6422 235 56 563 480 98 56 739 56 41 1564 148 62 171 109
leaf_count=6422 235 56 563 480 98 56 739 56 41 1564 148 62 171 109
internal_value=0.000465219 -0.078728 -0.0907955 0.17111 0.147161 0.122746 0.0172373 0.0531281 0.327763 0.186131 0.438342 0.66812 0.173669 0.341587
internal_weight=10800 7377 7041 3423 2943 2594 974 619 349 1620 251 103 336 165
internal_count=10800 7377 7041 3423 2943 2594 974 619 349 1620 251 103 336 165
is_linear=0
shrinkage=0.05


Tree=73
num_leaves=15
num_cat=0
split_feature=65 65 37 9 8 35 46 36 31 49 36 49 65 46
split_gain=52734.1 6779.71 5983.24 6639.3 5539.73 5501.77 5381.23 6470.85 11028.2 5131.28 5088.5 5039.8 4706.81 4651.8
threshold=119.46223000000002 261.5324245000001 54.375000000000007 270.73891950000007 267.32987950000006 19.947395833333335 78.609375000000014 23.549088541666666 21.962500000000002 3.5000000000000004 20.364843750000002 3.5000000000000004 24.000000000000004 89.609375000000014
decision_type=2 2 2 2 2 2 2 2 2 2 2 2 2 2
left_child=12 2 -2 5 6 9 7 8 -3 -4 -11 13 -1 -8
right_child=1 4 3 -5 -6 -7 11 -9 -10 10 -12 -13 -14 -15
leaf_value=-0.11454969426042834 0.28316766416244998 0.26392848779973777 0.059161018383744247 -0.1748415991768241 -0.10705101707156886 0.1440298117480163 0.21500825041295599 0.30114022140698765 1.3977999448776246 -0.0016758631153773237 -0.53994869923307787 -0.094918442291558769 -0.021810672180366149 0.67932807399054707
leaf_weight=4680 377 45 456 249 107 1669 671 217 41 92 83 121 1934 58
leaf_count=4680 377 45 456 249 107 1669 671 217 41 92 83 121 1934 58
internal_value=0.000452944 0.139313 0.0974998 0.069939 0.236258 0.0965036 0.268183 0.449003 0.814348 -0.0292325 -0.258588 0.203274 -0.0874393 0.25283
internal_weight=10800 4186 2926 2549 1260 2300 1153 303 86 631 175 850 6614 729
internal_count=10800 4186 2926 2549 1260 2300 1153 303 86 631 175 850 6614 729
is_linear=0
shrinkage=0.05


Tree=74
num_leaves=15
num_cat=0
split_feature=65 0 64 9 17 52 16 8 26 21 32 28 24 47
split_gain=47704.9 7768.9 4884.07 4295.59 4243.13 4636.15 5343.42 3971.27 5090.29 3955.23 3591.59 3775.24 3507.12 4130.15
threshold=175.75219950000005 272.06304300000005 201.68129500000001 95.869577000000007 50.75963610590285 0.97335555334614943 266.87650400000007 103.68179350000001 21.812500000000004 98.266410409459311 22.562500000000004 21.962500000000002 307.27302800000007 70.266927083333357
decision_type=2 2 2 2 2 2 2 2 2 2 2 2 2 2
left_child=1 2 -1 10 5 6 7 8 -2 -9 11 -4 13 -3
right_child=4 12 3 -5 -6 -7 -8 9 -10 -11 -12 -13 -14 -15
leaf_value=-0.09504110434451371 0.033910348395283521 0.5234106096472726 0.19507502142589578 -0.1019768008270434 0.25490662332711794 0.25012096699366587 0.24278941239101515 -0.1234631014773982 0.27876095397149525 0.19956528737460177 0.47861767790714904 -0.24537831723690032 -0.22594645297264351 0.1082312566713009
leaf_weight=6452 727 82 193 244 807 567 440 465 299 118 74 64 50 218
leaf_count=6452 727 82 193 244 807 567 440 465 299 118 74 64 50 218
internal_value=0.000440891 -0.07114 -0.0825972 0.0569566 0.154682 0.123679 0.0885852 0.0462916 0.105467 -0.0578519 0.17407 0.0848642 0.158469 0.223076
internal_weight=10800 7377 7027 575 3423 2616 2049 1609 1026 583 331 257 350 300
internal_count=10800 7377 7027 575 3423 2616 2049 1609 1026 583 331 257 350 300
is_linear=0
shrinkage=0.05


Tree=75
num_leaves=15
num_cat=0
split_feature=65 48 26 8 36 17 25 61 44 25 43 22 22 46
split_gain=43490.2 7871.71 7689.92 6265.76 5155.77 4890.31 4699 4574.1 4372.27 5783.62 4280.48 4336.7 5206.92 5819.56
threshold=87.394937500000012 14.625000000000002 19.012500000000003 187.11893800000004 25.307031250000005 49.686348288467009 104.57112527615017 -0.68322629814330815 82.093750000000014 98.293890486145685 86.875000000000014 151.27462798958337 145.83517119791671 71.072916666666671
decision_type=2 2 2 2 2 2 2 2 2 2 2 2 2 2
left_child=-1 2 3 7 5 -4 -6 8 -2 -10 11 12 13 -8
right_child=1 -3 4 -5 6 -7 10 -9 9 -11 -12 -13 -14 -15
leaf_value=-0.093106837625128558 -0.32520344866947698 -0.061819021293456469 0.10292223269845446 -0.53553153298117895 0.67942095384211609 0.25723535341694376 0.64092189126658716 -0.22719948905116349 0.22515864748801168 -0.29053596237208695 0.71471425836736513 0.63657279443740844 0.0014807803741109277 0.023169427248986737
leaf_weight=5778 54 600 2534 54 70 644 86 142 364 63 43 49 251 68
leaf_count=5778 54 600 2534 54 70 644 86 142 364 63 43 49 251 68
internal_value=0.00042706 0.108038 0.131094 -0.0239548 0.159122 0.134264 0.29797 0.0211745 0.0948183 0.148572 0.242988 0.196837 0.142197 0.370057
internal_weight=10800 5022 4422 677 3745 3178 567 623 481 427 497 454 405 154
internal_count=10800 5022 4422 677 3745 3178 567 623 481 427 497 454 405 154
is_linear=0
shrinkage=0.05


Tree=76
num_leaves=15
num_cat=0
split_feature=65 65 36 49 25 24 24 51 22 36 8 22 24 9
split_gain=39257.8 7276.93 6845.84 5187.68 12543 8813.06 6833.94 8976.52 5000.1 8260.25 4948.03 4939.94 4916.27 4791.71
threshold=87.394937500000012 261.5324245000001 18.666666666666668 2.5000000000000004 105.78084749261848 300.20324800000009 293.19208500000008 2.5000000000000004 145.78409998958335 24.711067708333339 268.63102150000003 143.91240567187504 286.87046450000008 256.50948950000003
decision_type=2 2 2 2 2 2 2 2 2 2 2 2 2 2
left_child=-1 2 -2 8 11 6 7 -6 9 13 -3 -5 -9 -4
right_child=1 10 3 4 5 -7 -8 12 -10 -11 -12 -13 -14 -15
leaf_value=-0.088452304816664787 -0.29166601188771896 0.23442476857289268 0.19001524878198289 -0.05808013502740398 0.62609982418602916 -0.10973710737202363 0.62626067395322027 0.20278732575461619 -0.1328311022848655 0.57838019669455087 -0.14516515448208778 -0.61703954731545796 -0.27318681624115387 0.00072552605611350424
leaf_weight=5778 127 1168 1128 1115 86 165 127 149 155 111 92 40 84 475
leaf_count=5778 127 1168 1128 1115 86 165 127 149 155 111 92 40 84 475
internal_value=0.000413798 0.102655 0.0677898 0.0804253 0.0189569 0.201982 0.317291 0.192712 0.138465 0.163062 0.206616 -0.0779551 0.0307573 0.13396
internal_weight=10800 5022 3762 3635 1766 611 446 319 1869 1714 1260 1155 233 1603
internal_count=10800 5022 3762 3635 1766 611 446 319 1869 1714 1260 1155 233 1603
is_linear=0
shrinkage=0.05


Tree=77
num_leaves=15
num_cat=0
split_feature=65 65 37 36 46 46 51 49 24 36 25 47 47 31
split_gain=35562.5 6116.05 3812.98 3618.16 5519.45 4098.94 3814.68 6374.32 8204.57 5732.6 6313.6 5304.74 4404.35 11459.3
threshold=181.97238500000003 24.000000000000004 44.375000000000007 18.395963541666671 86.885416666666671 92.005208333333357 2.5000000000000004 3.5000000000000004 282.91039900000004 22.340885416666669 109.2624300420939 77.768229166666671 69.582031250000014 22.262500000000003
decision_type=2 2 2 2 2 2 2 2 2 2 2 2 2 2
left_child=1 -1 -3 4 -2 6 9 11 -9 -5 12 -8 13 -11
right_child=3 2 -4 5 -6 -7 7 8 -10 10 -12 -13 -14 -15
leaf_value=-0.09499637243508835 -0.39034792472345708 0.24365863927081227 -0.015458122363170859 -0.069820973551936033 0.26060660175446954 -0.26972505082215731 0.34887236337737315 -0.54415679145277596 0.12833510912484952 1.127257233574277 -0.10975325263742552 0.14776590977212034 0.12928372080669578 0.24045322833805752
leaf_weight=4680 77 149 2653 380 55 57 701 56 221 41 189 620 638 283
leaf_count=4680 77 149 2653 380 55 57 701 56 221 41 189 620 638 283
internal_value=0.000396546 -0.0600234 -0.00159724 0.136619 -0.119197 0.147252 0.154931 0.208971 -0.00908828 0.0984275 0.153987 0.254668 0.205863 0.355795
internal_weight=10800 7482 2802 3318 132 3186 3129 1598 277 1531 1151 1321 962 324
internal_count=10800 7482 2802 3318 132 3186 3129 1598 277 1531 1151 1321 962 324
is_linear=0
shrinkage=0.05


Tree=78
num_leaves=15
num_cat=0
split_feature=65 48 26 8 36 24 51 20 17 52 61 45 25 0
split_gain=32201.3 6451.66 6422.75 5368.97 4222.38 6795.23 3985.28 6040.05 4308.28 3965.23 3875.76 3843.99 5758.02 3756.47
threshold=87.394937500000012 14.625000000000002 19.012500000000003 187.11893800000004 25.415885416666672 278.56941200000006 1.5000000000000002 274.06945200000007 44.716907642293599 0.97335555334614943 -0.68322629814330815 83.072916666666671 98.293890486145685 247.81628950000001
decision_type=2 2 2 2 2 2 2 2 2 2 2 2 2 2
left_child=-1 2 3 10 6 -6 -4 8 9 -8 11 -2 -13 -3
right_child=1 13 4 -5 5 -7 7 -9 -10 -11 -12 12 -14 -15
leaf_value=-0.080102079676810378 -0.28275534903837579 -0.29084045138570352 0.020240573316533835 -0.50139037630774763 0.8291023943424225 0.21296513289605593 0.052122324088229505 0.41127107573737365 0.24680058360249468 0.25369221408235826 -0.21467389827008013 0.21639545416901509 -0.28941477966397561 0.0071186918963838421
leaf_weight=5778 62 136 781 54 49 444 1416 202 559 294 142 353 66 464
leaf_count=5778 62 136 781 54 49 444 1416 202 559 294 142 353 66 464
internal_value=0.000381958 0.0929794 0.113853 -0.0278396 0.139468 0.275758 0.118728 0.149835 0.12639 0.0869062 0.0139443 0.0817419 0.136222 -0.0607903
internal_weight=10800 5022 4422 677 3745 493 3252 2471 2269 1710 623 481 419 600
internal_count=10800 5022 4422 677 3745 493 3252 2471 2269 1710 623 481 419 600
is_linear=0
shrinkage=0.05


Tree=79
num_leaves=15
num_cat=0
split_feature=65 21 17 45 43 47 22 22 34 17 36 34 7 64
split_gain=29064.2 5937.18 8513.91 6401.98 4880.39 6950.75 5040.27 5317.58 4921.28 4360.95 4222.88 4143.68 6426.8 4914.76
threshold=87.394937500000012 40.238798767239011 2.2746480028614838e-05 49.020833333333336 77.375000000000014 72.553385416666671 135.97554433333337 133.75868253125 22.573958333333341 2.9592160239579114e-06 24.111067708333337 21.001041666666669 132.74241000000004 24.000000000000004
decision_type=2 2 2 2 2 2 2 2 2 2 2 2 2 2
left_child=-1 2 9 -4 5 6 7 -3 -6 11 -5 13 -13 -2
right_child=1 4 3 10 8 -7 -8 -9 -10 -11 -12 12 -14 -15
leaf_value=-0.076097668201855512 -0.47022729180753231 0.27559470387605522 0.25453983912874206 -0.033841192062768616 0.22496569437096925 0.025613342885123389 0.17794556702339204 1.011370545771064 0.65938755601314425 0.33407151891397091 -0.2661828730487214 0.5836599968704913 0.12435758377633209 0.051195448408304527
leaf_weight=5778 47 64 165 1121 388 876 427 40 78 217 236 89 502 772
leaf_count=5778 47 64 165 1121 388 876 427 40 78 217 236 89 502 772
internal_value=0.000365594 0.0883371 0.0463843 -0.038609 0.158808 0.112218 0.254775 0.565522 0.298936 0.125867 -0.0744147 0.0936105 0.194394 0.0207356
internal_weight=10800 5022 3149 1522 1873 1407 531 104 466 1627 1357 1410 591 819
internal_count=10800 5022 3149 1522 1873 1407 531 104 466 1627 1357 1410 591 819
is_linear=0
shrinkage=0.05


Tree=80
num_leaves=15
num_cat=0
split_feature=65 0 64 45 36 46 46 51 49 24 30 47 25 41
split_gain=26483.4 5087.71 3615.33 3580.12 3003.84 4848.39 3556.79 3317.2 5469.65 7014.25 5145.94 4598.03 4538.8 6929.98
threshold=181.97238500000003 272.38507200000004 194.41475600000004 90.343750000000014 18.395963541666671 87.671875000000014 92.005208333333357 2.5000000000000004 3.5000000000000004 282.91039900000004 19.112500000000004 77.768229166666671 109.2624300420939 82.875000000000014
decision_type=2 2 2 2 2 2 2 2 2 2 2 2 2 2
left_child=1 2 -1 -4 5 -2 7 10 11 -10 -6 -9 13 -12
right_child=4 -3 3 -5 6 -7 -8 8 9 -11 12 -13 -14 -15
leaf_value=-0.072257946116963109 -0.31409134687154849 0.1340904356917085 0.087251470985899998 -0.32099480083433252 -0.21165239494995844 0.33892374474827841 -0.26076104842640202 0.31517351424093348 -0.5115242550247594 0.11027800853590708 0.28083660735218735 0.12797770575978668 -0.11675041377299318 0.039626991409497964
leaf_weight=6475 92 350 599 58 135 40 57 701 56 221 533 620 189 674
leaf_count=6475 92 350 599 58 135 40 57 701 56 221 533 620 189 674
internal_value=0.000360631 -0.0517793 -0.0609183 0.0507784 0.117915 -0.115148 0.127604 0.13476 0.185147 -0.0168171 0.0820807 0.227478 0.110617 0.146287
internal_weight=10800 7482 7132 657 3318 132 3186 3129 1598 277 1531 1321 1396 1207
internal_count=10800 7482 7132 657 3318 132 3186 3129 1598 277 1531 1321 1396 1207
is_linear=0
shrinkage=0.05


Tree=81
num_leaves=15
num_cat=0
split_feature=65 9 26 43 47 31 43 51 26 49 36 46 41 32
split_gain=23962.9 5133.03 6554.08 6374.4 5593.31 7998.72 5166.6 4988.35 3665.75 5786.89 6385.59 4795.92 3429.21 3355.24
threshold=116.68736850000001 271.12187950000003 23.012500000000003 77.125000000000014 69.695312500000014 22.237500000000004 69.125000000000014 2.5000000000000004 19.012500000000003 3.5000000000000004 20.364843750000002 89.609375000000014 83.125000000000014 27.012500000000003
decision_type=2 2 2 2 2 2 2 2 2 2 2 2 2 2
left_child=-1 2 6 4 5 -4 -2 12 9 11 -11 -8 -6 -9
right_child=1 -3 3 -5 7 -7 8 13 -10 10 -12 -13 -14 -15
leaf_value=-0.059672563599391576 -0.15013801547683536 -0.055308605702322669 0.95217108523592042 0.51478815519809717 0.0698386423024797 0.23589420574579686 -0.021202301376033576 0.29627880584199112 0.12760343439825625 0.014761508832729997 -0.63344318049294612 0.36290465083075774 -0.25598543784962818 -0.040544822378730291
leaf_weight=6548 245 514 46 149 238 236 319 307 1720 83 69 108 121 97
leaf_count=6548 245 514 46 149 238 236 319 307 1720 83 69 108 121 97
internal_value=0.000340867 0.0927527 0.113121 0.209723 0.165775 0.355685 0.067718 0.0952116 0.0909897 -0.0178089 -0.281706 0.0765698 -0.0403855 0.215507
internal_weight=10800 4252 3738 1194 1045 282 2544 763 2299 579 152 427 359 404
internal_count=10800 4252 3738 1194 1045 282 2544 763 2299 579 152 427 359 404
is_linear=0
shrinkage=0.05


Tree=82
num_leaves=15
num_cat=0
split_feature=65 8 24 49 36 51 8 35 43 47 7 36 20 51
split_gain=21898.9 5222.29 5489.85 12483.7 5943.39 5641.67 8952.56 5300.25 5035.75 4634.43 5166.04 4897.17 4552.61 4831.04
threshold=87.394937500000012 286.87046450000008 277.29195150000004 3.5000000000000004 18.666666666666668 2.5000000000000004 117.02563150000002 20.589583333333337 82.875000000000014 77.768229166666671 196.35041150000004 21.399479166666669 70.46304050000002 2.5000000000000004
decision_type=2 2 2 2 2 2 2 2 2 2 2 2 2 2
left_child=-1 2 3 4 -2 6 7 -6 -8 10 -7 -11 -5 -14
right_child=1 -3 -4 12 5 9 8 -9 -10 11 -12 -13 13 -15
leaf_value=-0.066041897692313764 -0.17498095060141866 -0.30300748137066541 0.15154013114926571 0.01018129859881972 -0.06674733287521771 0.34904410905235578 -0.32553138805087656 0.25836519833276567 0.27930418600032975 0.21271606983306507 0.028687938395887614 -0.036146710734707696 -0.12496996036592523 -0.49063945681684551
leaf_weight=5778 188 88 1852 258 209 512 219 311 40 407 167 383 245 143
leaf_count=5778 188 88 1852 258 209 512 219 311 40 407 167 383 245 143
internal_value=0.000330111 0.0766915 0.0835237 0.0426161 0.0944371 0.117036 0.00824047 0.127818 -0.231406 0.174685 0.270411 0.0921717 -0.152639 -0.260655
internal_weight=10800 5022 4934 3082 2436 2248 779 520 259 1469 679 790 646 388
internal_count=10800 5022 4934 3082 2436 2248 779 520 259 1469 679 790 646 388
is_linear=0
shrinkage=0.05


Tree=83
num_leaves=15
num_cat=0
split_feature=65 0 64 25 36 30 36 24 47 47 21 61 13 37
split_gain=19894.9 4117.52 3075.28 2953.01 3204.91 4108.94 3595.46 2871.01 4121.06 3096.36 2725.05 4077.86 3581.18 3254.48
threshold=181.97238500000003 272.38507200000004 194.41475600000004 100.59176676770393 24.159895833333337 21.787500000000005 26.654427083333335 307.27302800000007 70.266927083333357 75.628906250000014 98.266410409459311 -0.70710678118654757 0.95543283137361434 56.125000000000007
decision_type=2 2 2 2 2 2 2 2 2 2 2 2 2 2
left_child=1 2 -1 -4 5 -5 -6 8 -3 -10 11 -2 -12 -13
right_child=10 7 3 4 6 -7 -8 -9 9 -11 12 13 -14 -15
leaf_value=-0.063559462437881839 0.13055653908677939 0.4807205425867116 -0.066676337082851561 0.13076371921609356 -0.092892436533706435 0.66829935615813296 0.43125058507047048 -0.22528488308775663 -0.10213117861479033 0.27538600543475883 -0.023781822957828935 0.19086033075593936 0.32499544895530025 -0.033134710456976364
leaf_weight=6475 1875 82 297 106 161 53 40 50 121 97 101 198 269 875
leaf_count=6475 1875 82 297 106 161 53 40 50 121 97 101 198 269 875
internal_value=0.000312226 -0.0448791 -0.0531008 0.0499134 0.146018 0.312999 0.0130332 0.122331 0.180823 0.0663371 0.1022 0.08609 0.229981 0.00833817
internal_weight=10800 7482 7132 657 360 159 201 350 300 218 3318 2948 370 1073
internal_count=10800 7482 7132 657 360 159 201 350 300 218 3318 2948 370 1073
is_linear=0
shrinkage=0.05


Tree=84
num_leaves=15
num_cat=0
split_feature=65 65 36 8 37 8 21 20 33 19 46 36 31 8
split_gain=17982.4 4740.81 4633.42 4050.76 3778.32 4666.63 6500.22 3683.97 5520.75 4188.78 3455.75 6004.45 7603.69 3654.48
threshold=87.394937500000012 261.5324245000001 18.666666666666668 267.32987950000006 54.375000000000007 112.77979850000001 81.772065941470899 273.13806300000005 28.253125000000004 214.08212300000002 78.114583333333357 23.549088541666666 21.812500000000004 249.19958150000005
decision_type=2 2 2 2 2 2 2 2 2 2 2 2 2 2
left_child=-1 2 -2 10 7 -6 -7 8 -4 -9 11 12 -3 -12
right_child=1 3 4 -5 5 6 -8 9 -10 -11 13 -13 -14 -15
leaf_value=-0.059838705476984867 -0.25433306731792982 0.20087538161655752 0.20116781049175497 -0.13987085323444465 0.081198809557889717 -0.10231666811150425 0.1760408120551952 0.43698033433731487 -0.28250817686839164 -0.03486516424454749 0.17961456263842224 0.1854723741888244 1.175904072784796 -0.085014911954058345
leaf_weight=5778 127 40 187 107 1861 991 265 183 85 63 713 201 40 159
leaf_count=5778 127 40 187 107 1861 991 265 183 85 63 713 201 40 159
internal_value=0.000305989 0.0695029 0.0413668 0.15341 0.0517651 0.030956 -0.0434935 0.17668 0.0495379 0.31649 0.180724 0.333026 0.696888 0.13132
internal_weight=10800 5022 3762 1260 3635 3117 1256 518 272 246 1153 281 80 872
internal_count=10800 5022 3762 1260 3635 3117 1256 518 272 246 1153 281 80 872
is_linear=0
shrinkage=0.05


Tree=85
num_leaves=15
num_cat=0
split_feature=65 8 24 49 36 51 8 35 42 36 51 31 46 47
split_gain=16240.1 4970.66 4657.99 10947.3 4908.58 5114.98 7762.89 4832.6 4677.72 4538.64 6792.6 5313.5 4327.88 3972.99
threshold=86.418312 289.75058750000005 277.29195150000004 3.5000000000000004 18.666666666666668 2.5000000000000004 117.02563150000002 20.589583333333337 81.875000000000014 19.000651041666668 2.5000000000000004 19.087500000000002 86.885416666666671 77.768229166666671
decision_type=2 2 2 2 2 2 2 2 2 2 2 2 2 2
left_child=-1 2 3 4 12 6 7 -6 -8 -5 11 -11 -2 -7
right_child=1 -3 -4 9 5 13 8 -9 -10 10 -12 -13 -14 -15
leaf_value=-0.057092656860209257 -0.32338028485958392 -0.32281801858801901 0.13436988330222682 0.27106262530689523 -0.073657858525402839 0.24702372255228353 0.13489829387137856 0.23675083471880032 -0.34478740330253332 -0.60094183080696639 -0.42826498983183292 -0.0061090053497275844 0.19061559499551853 0.082146786460160312
leaf_weight=5756 129 80 1871 58 209 679 68 311 195 41 197 354 59 793
leaf_count=5756 129 80 1871 58 209 679 68 311 195 41 197 354 59 793
internal_value=0.000298458 0.0657891 0.0721157 0.034426 0.0829484 0.103426 0.000162961 0.112089 -0.220721 -0.147791 -0.189215 -0.0692128 -0.161918 0.158317
internal_weight=10800 5044 4964 3093 2443 2255 783 520 263 650 592 395 188 1472
internal_count=10800 5044 4964 3093 2443 2255 783 520 263 650 592 395 188 1472
is_linear=0
shrinkage=0.05


Tree=86
num_leaves=15
num_cat=0
split_feature=65 0 17 21 43 37 13 48 24 40 64 45 51 36
split_gain=14821.9 3208.04 2577.88 2774.71 4339.42 4046.92 2976.05 2918.52 3416.34 3150.45 2575.64 2710.03 2508.38 2496.6
threshold=181.97238500000003 273.48420700000003 66.464105289595437 98.266410409459311 76.875000000000014 56.875000000000007 2.7712974092142586 5.8750000000000009 288.22990800000008 82.875000000000014 194.41475600000004 90.343750000000014 3.5000000000000004 26.654427083333335
decision_type=2 2 2 2 2 2 2 2 2 2 2 2 2 2
left_child=1 10 3 4 5 -2 -5 -6 9 -9 -1 12 13 -12
right_child=2 -3 -4 6 7 -7 -8 8 -10 -11 11 -13 -14 -15
leaf_value=-0.055079905254233633 0.15887043077998081 0.11798263181331226 0.19530025204389964 0.14181783993347885 0.034963809892245325 -0.092634841014197181 0.55951221144199381 0.38471342180702062 -0.14591358818549227 0.14217819029670678 -0.0073057432742276735 -0.27473720588042577 0.28077736087293637 0.39635654240846635
leaf_weight=6513 206 312 480 300 807 703 49 181 76 516 435 58 123 41
leaf_count=6513 206 312 480 300 807 703 49 181 76 516 435 58 123 41
internal_value=0.000279554 -0.0387269 0.0882232 0.0700505 0.0514902 -0.0355261 0.201894 0.101543 0.170916 0.205622 -0.0455616 0.0487364 0.0804634 0.0282215
internal_weight=10800 7482 3318 2838 2489 909 349 1580 773 697 7170 657 599 476
internal_count=10800 7482 3318 2838 2489 909 349 1580 773 697 7170 657 599 476
is_linear=0
shrinkage=0.05


Tree=87
num_leaves=15
num_cat=0
split_feature=65 64 24 25 51 47 22 22 36 15 36 33 48 17
split_gain=13380.7 2968.91 2412.28 5241.41 5170.07 4078.49 3832.5 3188.72 3360.74 2547.99 2488.44 4289.63 2454.19 2326.51
threshold=181.97238500000003 105.70697350000002 307.27302800000007 105.78084749261848 2.5000000000000004 75.490885416666671 143.52257702604172 136.95541188020837 24.930078125000005 144.66917000000004 19.000651041666668 19.003125000000004 5.6250000000000009 66.464105289595437
decision_type=2 2 2 2 2 2 2 2 2 2 2 2 2 2
left_child=1 -1 3 6 12 -6 7 10 -9 -4 -3 -12 -5 -2
right_child=13 2 9 4 5 -7 -8 8 -10 -11 11 -13 -14 -15
leaf_value=-0.054739429577479341 0.066568832559678034 0.22722044158832763 -0.025824335584901784 0.11301878196437186 -0.19862008044844148 0.26742657535162168 -0.47355585950751639 0.082076870758536757 0.56993342938578939 -0.52000748304332178 -0.32450283592343332 -0.01237922904224768 0.58109154999256141 0.18555554091938134
leaf_weight=5647 2838 87 72 40 90 96 42 181 43 40 124 923 97 480
leaf_count=5647 2838 87 72 40 90 96 42 181 43 40 124 923 97 480
internal_value=0.00027408 -0.0367875 0.0184572 0.0331166 0.214342 0.0420639 -0.00881778 0.00589345 0.177845 -0.205358 -0.028199 -0.0496195 0.446237 0.0838328
internal_weight=10800 7482 1835 1723 323 186 1400 1358 224 112 1134 1047 137 3318
internal_count=10800 7482 1835 1723 323 186 1400 1358 224 112 1134 1047 137 3318
is_linear=0
shrinkage=0.05


Tree=88
num_leaves=15
num_cat=0
split_feature=65 8 24 49 36 51 8 35 43 47 46 36 51 31
split_gain=12128.8 4363.03 3946.33 9497.26 4337.46 4586.98 7013.36 4597.42 4254.04 4006.16 3811.97 3806.93 5884.66 4675.5
threshold=86.418312 289.75058750000005 277.29195150000004 3.5000000000000004 18.666666666666668 2.5000000000000004 117.02563150000002 19.621875000000003 82.875000000000014 76.490885416666671 87.828125000000014 19.000651041666668 2.5000000000000004 19.087500000000002
decision_type=2 2 2 2 2 2 2 2 2 2 2 2 2 2
left_child=-1 2 3 4 10 6 7 -6 9 -8 -2 -5 13 -13
right_child=1 -3 -4 11 5 -7 8 -9 -10 -11 -12 12 -14 -15
leaf_value=-0.049334954356896665 -0.27551069541053996 -0.30721038207411766 0.12008877483942311 0.24203157225402736 -0.31490054191169092 0.14452543480165123 -0.010826159240324287 0.15395476802163729 0.25489879958785888 -0.45481558908032227 0.26489932315335391 -0.56663416446674442 -0.40205656845508275 -0.0086448865646207834
leaf_weight=5756 147 80 1871 58 58 1472 78 462 40 145 41 41 197 354
leaf_count=5756 147 80 1871 58 58 1472 78 462 40 145 41 41 197 354
internal_value=0.000262614 0.0568598 0.0627879 0.0280982 0.073294 0.0925445 -0.00523669 0.101155 -0.21518 -0.30026 -0.156877 -0.14162 -0.179553 -0.0678474
internal_weight=10800 5044 4964 3093 2443 2255 783 520 263 223 188 650 592 395
internal_count=10800 5044 4964 3093 2443 2255 783 520 263 223 188 650 592 395
is_linear=0
shrinkage=0.05


Tree=89
num_leaves=15
num_cat=0
split_feature=61 20 9 65 52 37 62 20 61 24 45 20 13 8
split_gain=11081.4 4737.11 5623.47 5937.4 4385.89 3578.2 3926.06 4153.12 3488.98 4601.84 3862.71 3457.97 3426.56 3279.48
threshold=-0.3520614488341256 146.34854200000004 95.869577000000007 222.85585900000004 0.5277851165098012 55.375000000000007 0.6078576107927941 273.13806300000005 -0.95642797789208678 296.45735250000007 79.093750000000014 271.70245200000005 0.99321349923494517 198.75511050000003
decision_type=2 2 2 2 2 2 2 2 2 2 2 2 2 2
left_child=1 2 8 -4 5 6 7 11 -1 13 -11 -2 -3 -10
right_child=4 12 3 -5 -6 -7 -8 -9 9 10 -12 -13 -14 -15
leaf_value=0.14691924643639018 -0.055296848142590227 -0.0068011968935790812 -0.08338899594114943 -0.71922113332187854 -0.3474741226356281 -0.049567644056901193 0.20728701458391496 0.17713268558703577 -0.01761295632148643 0.019173262702922026 0.51112218145168875 -0.5386661732887349 0.19087903371373918 0.4015797451448937
leaf_weight=729 383 284 295 41 113 5596 294 193 1667 77 82 40 959 47
leaf_count=729 383 284 295 41 113 5596 294 193 1667 77 82 40 959 47
internal_value=0.000243883 0.0639604 0.0293218 -0.16288 -0.0400073 -0.0346144 0.0572932 -0.0145147 0.0541941 0.0180449 0.274492 -0.102168 0.145744 -0.00589072
internal_weight=10800 4181 2938 336 6619 6506 910 616 2602 1873 159 423 1243 1714
internal_count=10800 4181 2938 336 6619 6506 910 616 2602 1873 159 423 1243 1714
is_linear=0
shrinkage=0.05


Tree=90
num_leaves=15
num_cat=0
split_feature=65 0 21 37 5 65 16 26 47 65 47 36 42 47
split_gain=10175.6 2679.05 2422.88 2301.65 3784.2 3077.57 2906.31 2793.89 3820.52 2691.19 2425.47 3289.09 2745.15 2635.83
threshold=190.70619200000002 272.38507200000004 35.691119908672086 56.125000000000007 207.74984750000002 227.44272050000004 277.29195150000004 24.087500000000002 77.319010416666671 276.10256350000003 85.121093750000014 18.395963541666671 88.125000000000014 68.735677083333357
decision_type=2 2 2 2 2 2 2 2 2 2 2 2 2 2
left_child=1 -1 -3 6 7 -6 -2 10 9 -9 11 -5 13 -13
right_child=3 2 -4 4 5 -7 -8 8 -10 -11 -12 12 -14 -15
leaf_value=-0.037586985567529624 0.13876418371179153 0.05494827805621566 0.4627605180097063 -0.26905172235489666 0.018583970334817911 -0.31964528586680968 0.5834876827895642 0.43712940728404076 -0.037656823783090307 0.054544255789369347 0.30635238805291604 -0.052936977148485879 -0.16775064275192084 0.10264608011269459
leaf_weight=7280 188 330 40 76 178 107 45 165 101 64 97 324 120 1685
leaf_count=7280 188 330 40 76 178 107 45 165 101 64 97 324 120 1685
internal_value=0.000230931 -0.0309123 0.100165 0.0758502 0.0637208 -0.109074 0.226781 0.0824658 0.218332 0.330908 0.0629025 0.0520589 0.0636427 0.0775407
internal_weight=10800 7650 370 3150 2917 285 233 2632 330 229 2302 2205 2129 2009
internal_count=10800 7650 370 3150 2917 285 233 2632 330 229 2302 2205 2129 2009
is_linear=0
shrinkage=0.05


Tree=91
num_leaves=15
num_cat=0
split_feature=61 52 20 9 65 61 24 45 13 46 22 8 37 62
split_gain=9355.14 3945.8 3944.47 5064.93 5407.05 3127.68 4189.47 3463.33 3043.26 3394.84 4363.22 3005.17 3004.77 3508.38
threshold=-0.3520614488341256 0.5277851165098012 146.34854200000004 95.869577000000007 222.85585900000004 -0.95642797789208678 296.45735250000007 83.718750000000014 1.2037379809552151 77.796875000000014 135.43337460937502 198.75511050000003 55.375000000000007 0.6078576107927941
decision_type=2 2 2 2 2 2 2 2 2 2 2 2 2 2
left_child=2 12 3 5 -5 -1 11 -8 -4 10 -10 -7 13 -2
right_child=1 -3 8 4 -6 6 7 -9 9 -11 -12 -13 -14 -15
leaf_value=0.13855859605687965 -0.015299753243982115 -0.32838994936462035 0.0096136204003659867 -0.079388842719915406 -0.68615827677505359 -0.017518842102893031 0.12352249160098533 0.65789207474487588 0.67300899794823688 0.12298681375948005 0.20422123966586084 0.38375926197816934 -0.045345921121356603 0.19436992281732168
leaf_weight=729 616 113 355 295 41 1667 119 40 70 648 170 47 5596 294
leaf_count=729 616 113 355 295 41 1667 119 40 70 648 170 47 5596 294
internal_value=0.000225283 -0.0367581 0.0587689 0.0271607 -0.155246 0.0507657 0.0165396 0.261227 0.133397 0.182817 0.343176 -0.00629795 -0.0316431 0.0525787
internal_weight=10800 6619 4181 2938 336 2602 1873 159 1243 888 240 1714 6506 910
internal_count=10800 6619 4181 2938 336 2602 1873 159 1243 888 240 1714 6506 910
is_linear=0
shrinkage=0.05


Tree=92
num_leaves=15
num_cat=0
split_feature=65 8 26 8 9 26 43 43 51 22 47 42 30 36
split_gain=8527.48 3724.3 3316.29 3820.29 3508.32 3062.43 4828.95 4437.6 3376.49 3580.65 3467.07 3145.36 4040.74 3036.15
threshold=86.418312 289.75058750000005 19.012500000000003 186.12562650000004 270.73891950000007 23.312500000000004 69.125000000000014 77.375000000000014 1.5000000000000002 147.83784375520835 69.695312500000014 74.875000000000014 21.162500000000005 21.246223958333335
decision_type=2 2 2 2 2 2 2 2 2 2 2 2 2 2
left_child=-1 2 3 -2 5 6 -4 8 10 11 -7 12 -10 -8
right_child=1 -3 4 -5 -6 7 13 -9 9 -11 -12 -13 -14 -15
leaf_value=-0.041367119855085427 -0.0079669013334354635 -0.28868088006605336 -0.14068466582276085 -0.39029236611438128 -0.039548907326245213 0.20852588325383536 0.2174737405830196 0.38864066199000397 0.82501381708354493 -0.21570814019886028 -0.12774434956268241 0.14597815820940335 0.24102443246319233 0.052683366903419904
leaf_weight=5756 623 80 281 72 627 113 335 167 40 56 233 635 112 1670
leaf_count=5756 623 80 281 72 627 113 335 167 40 56 233 635 112 1670
internal_value=0.000220204 0.0476767 0.0531545 -0.0480786 0.0696428 0.0884467 0.0530966 0.147958 0.113855 0.167782 -0.0176375 0.195309 0.399094 0.0803116
internal_weight=10800 5044 4964 695 4269 3642 2286 1356 1189 843 346 787 152 2005
internal_count=10800 5044 4964 695 4269 3642 2286 1356 1189 843 346 787 152 2005
is_linear=0
shrinkage=0.05


Tree=93
num_leaves=15
num_cat=0
split_feature=61 52 20 9 65 65 61 24 46 24 8 37 20 8
split_gain=7931.72 3564.12 3429.1 4597.88 4874.42 2897.24 2818.39 3762.85 3248.09 2980.89 2746.78 2654.51 2969.42 2864.84
threshold=-0.3520614488341256 0.5277851165098012 146.34854200000004 95.869577000000007 222.85585900000004 79.608916500000007 -0.95642797789208678 296.45735250000007 76.463541666666671 300.20324800000009 198.75511050000003 47.625000000000007 273.13806300000005 295.0582950000001
decision_type=2 2 2 2 2 2 2 2 2 2 2 2 2 2
left_child=2 11 3 6 -5 -3 9 10 -9 -1 -8 12 -2 -13
right_child=1 5 -4 4 -6 -7 7 8 -10 -11 -12 13 -14 -15
leaf_value=0.15649409353388066 -0.0460557552136149 -0.10943526106191354 0.1237015643092681 -0.077113250310916606 -0.65323482468014671 -0.62920552935789942 -0.017720053294811477 -0.039827669982708272 0.42339820576493037 -0.25977306782784265 0.36591942917730197 -0.033308799486290092 0.2411366622038385 -0.38053677331035335
leaf_weight=684 173 70 1243 295 41 43 1667 61 98 45 47 6088 186 59
leaf_count=684 173 70 1243 295 41 43 1667 61 98 45 47 6088 186 59
internal_value=0.000213023 -0.0338407 0.0541192 0.0246484 -0.149144 -0.311008 0.0471391 0.01465 0.246544 0.130478 -0.00699295 -0.0289797 0.102997 -0.0367029
internal_weight=10800 6619 4181 2938 336 113 2602 1873 159 729 1714 6506 359 6147
internal_count=10800 6619 4181 2938 336 113 2602 1873 159 729 1714 6506 359 6147
is_linear=0
shrinkage=0.05


Tree=94
num_leaves=15
num_cat=0
split_feature=65 0 15 3 22 36 46 37 5 9 16 26 47 65
split_gain=7218.09 2128.52 2272.7 3064.86 2299.19 2925.03 2285.86 1912.32 3059.47 2861.63 2512.19 2140.14 3218.37 2301.27
threshold=190.70619200000002 272.38507200000004 209.37194500000001 234.59017850000001 144.58368682812502 24.711067708333339 61.302083333333336 56.125000000000007 207.74984750000002 209.80644200000003 277.29195150000004 24.087500000000002 77.319010416666671 276.10256350000003
decision_type=2 2 2 2 2 2 2 2 2 2 2 2 2 2
left_child=1 -1 -3 -4 5 6 -5 10 11 -10 -2 -9 13 -13
right_child=7 2 3 4 -6 -7 -8 8 9 -11 -12 12 -14 -15
leaf_value=-0.031981402553446461 0.11968609979425474 -0.26084469633131491 0.53888106069913722 -0.11726947796188902 -0.18862061000254471 0.43130458176813341 0.26342899442622153 0.05256849431378291 0.15645741913945249 -0.19869500517969926 0.53303127807119621 0.39014394721689533 -0.046250936936349706 0.036612032273641001
leaf_weight=7280 188 40 40 97 63 65 65 2302 77 208 45 165 101 64
leaf_count=7280 188 40 40 97 63 65 65 2302 77 208 45 165 101 64
internal_value=0.000198041 -0.0260317 0.0908026 0.134086 0.0765921 0.150702 0.0361589 0.063887 0.0528334 -0.10253 0.201453 0.0696891 0.188598 0.291929
internal_weight=10800 7650 370 330 290 227 162 3150 2917 285 233 2632 330 229
internal_count=10800 7650 370 330 290 227 162 3150 2917 285 233 2632 330 229
is_linear=0
shrinkage=0.05


Tree=95
num_leaves=15
num_cat=0
split_feature=61 52 49 22 24 7 41 24 31 65 24 28 52 37
split_gain=6698.5 3211.49 2848.47 5992.19 4184.56 2848.05 4496.71 7064.79 4549.09 2622.05 2524.3 4953.88 2487.02 2539.87
threshold=-0.3520614488341256 0.5277851165098012 3.5000000000000004 147.99442397395833 307.27302800000007 222.12260500000005 78.125000000000014 274.65417650000006 22.262500000000003 79.608916500000007 243.11060200000003 19.012500000000003 0.47114434510950087 63.875000000000007
decision_type=2 2 2 2 2 2 2 2 2 2 2 2 2 2
left_child=2 12 -1 5 -5 6 7 -4 -9 -3 -8 -12 13 -2
right_child=1 9 3 4 -6 -7 10 8 -10 -11 11 -13 -14 -15
leaf_value=0.085187881891348127 0.022967753602079959 -0.10246401556151015 0.0045471540361177176 0.55249393910169597 -0.0025123957668741546 -0.16399154675354025 0.025963366611352703 0.82214907087661604 0.1721120592871947 -0.59689752005717966 -0.43083383399192421 -0.042190594383167163 0.20501609470760612 -0.049140384607820747
leaf_weight=2405 1643 70 223 79 59 300 549 53 55 43 106 352 113 4750
leaf_count=2405 1643 70 223 79 59 300 549 53 55 43 106 352 113 4750
internal_value=0.000195909 -0.0310987 0.0497345 0.00170375 0.316898 -0.0250282 0.00622871 0.165822 0.495728 -0.294197 -0.0463419 -0.132881 -0.0264846 -0.0306079
internal_weight=10800 6619 4181 1776 138 1638 1338 331 108 113 1007 458 6506 6393
internal_count=10800 6619 4181 1776 138 1638 1338 331 108 113 1007 458 6506 6393
is_linear=0
shrinkage=0.05


Tree=96
num_leaves=15
num_cat=0
split_feature=61 0 24 9 51 29 64 25 12 9 45 28 8 47
split_gain=6167.36 4046.12 3729.64 4537.28 4376.45 4490.31 3060.52 2735.85 2446.7 5116.59 3802.86 2311.45 2251.78 1978.68
threshold=-0.68322629814330815 256.03719150000006 307.27302800000007 250.58438100000004 1.5000000000000002 28.462500000000002 99.004499000000024 1.3929144003015315 146.34854200000004 121.27933200000001 83.343750000000014 20.987500000000004 258.65802250000007 70.757812500000014
decision_type=2 2 2 2 2 2 2 2 2 2 2 2 2 2
left_child=7 -2 3 4 -3 -6 -4 11 9 -9 -11 -1 -10 -5
right_child=1 2 6 13 5 -7 -8 8 12 10 -12 -13 -14 -15
leaf_value=0.10020935294698136 -0.037916422444159069 -0.10887690907151536 0.11346357046289648 0.16894954311224453 0.5219511422668458 -0.04275345876218474 -0.40254005239407226 0.038813046225395151 0.16722136307417479 -0.031020739200440323 -0.70481386173561944 0.47620021490983561 -0.065776327502354986 -0.0055443898455241154
leaf_weight=98 6689 57 46 210 147 46 74 1832 618 43 40 70 124 706
leaf_count=98 6689 57 46 210 147 46 74 1832 618 43 40 70 124 706
internal_value=0.00018844 -0.0223001 0.058893 0.0862493 0.2746 0.387832 -0.205436 0.0636592 0.0512303 0.0213372 -0.360265 0.258763 0.128248 0.0346003
internal_weight=10800 7975 1286 1166 250 193 120 2825 2657 1915 83 168 742 916
internal_count=10800 7975 1286 1166 250 193 120 2825 2657 1915 83 168 742 916
is_linear=0
shrinkage=0.05


Tree=97
num_leaves=15
num_cat=0
split_feature=61 12 6 51 24 9 38 9 47 21 25 64 12 9
split_gain=5565.82 3703.53 3606.52 4111.66 3568.86 3485.57 3222.1 3219.69 3208.81 2480.25 2473.66 2296.24 2209.23 4628.42
threshold=-0.68322629814330815 256.18699950000007 256.37658150000004 1.5000000000000002 301.64842750000008 250.58438100000004 73.875000000000014 231.31079250000002 70.914062500000014 95.718381665912645 1.3929144003015315 125.27691400000002 146.34854200000004 121.27933200000001
decision_type=2 2 2 2 2 2 2 2 2 2 2 2 2 2
left_child=10 -2 3 8 5 7 9 -5 -3 -7 -1 -4 13 -12
right_child=1 2 11 4 -6 6 -8 -9 -10 -11 12 -13 -14 -15
leaf_value=0.24599534988888269 -0.038626150752681526 0.19780247002296772 -0.036568355228417462 0.14621783034784383 -0.12027787783549033 0.07774922451068432 -0.26549970759795261 0.50433439057446405 -0.16380070105198619 0.32924852996765486 0.036873451368469166 -0.40269030516501519 0.12184206715654607 -0.34268998604800022
leaf_weight=168 6319 83 400 121 111 348 51 132 227 136 1832 47 742 83
leaf_count=168 6319 83 400 121 111 348 51 132 227 136 1832 47 742 83
internal_value=0.000179886 -0.0211838 0.0453562 0.0902052 0.144311 0.181686 0.109022 0.334311 -0.0666597 0.148952 0.0604759 -0.0758773 0.0486575 0.0202521
internal_weight=10800 7975 1656 1209 899 788 535 253 310 484 2825 447 2657 1915
internal_count=10800 7975 1656 1209 899 788 535 253 310 484 2825 447 2657 1915
is_linear=0
shrinkage=0.05


Tree=98
num_leaves=15
num_cat=0
split_feature=61 52 24 49 24 24 61 24 25 48 51 51 36 45
split_gain=5054.77 2876.29 2485.53 4780.51 4935.7 2691.03 3269.78 2860.25 6643.7 3806.9 4060.37 4001.93 5212.65 2621.9
threshold=-0.3520614488341256 0.5277851165098012 274.65417650000006 3.5000000000000004 273.12119300000006 299.84416550000009 -0.9733555533461492 294.91375700000009 109.2624300420939 5.6250000000000009 1.5000000000000002 2.5000000000000004 24.111067708333337 78.635416666666671
decision_type=2 2 2 2 2 2 2 2 2 2 2 2 2 2
left_child=2 -2 3 -1 -5 7 -7 8 9 -4 -11 12 -12 -8
right_child=1 -3 5 4 -6 6 13 -9 -10 10 11 -13 -14 -15
leaf_value=0.071431825934429719 -0.022646614639865687 -0.27600015044669834 -0.0084745844177096987 -0.033387369494700787 -0.45253035978476208 -0.40784383219480519 -0.075110522638881377 0.33653691982394024 -0.36345948909579873 0.03481455614956299 0.88289659094002282 0.18135629022669364 0.26334881486282463 0.3034965935981635
leaf_weight=1665 6506 113 286 1110 74 49 148 150 70 201 58 222 83 65
leaf_count=1665 6506 113 286 1110 74 49 148 150 70 201 58 222 83 65
internal_value=0.000172233 -0.0270129 0.0432056 0.0168324 -0.0599436 0.0995601 -0.0439273 0.134703 0.101465 0.140135 0.215376 0.314985 0.522621 0.0413052
internal_weight=10800 6619 4181 2849 1184 1332 262 1070 920 850 564 363 141 213
internal_count=10800 6619 4181 2849 1184 1332 262 1070 920 850 564 363 141 213
is_linear=0
shrinkage=0.05


Tree=99
num_leaves=15
num_cat=0
split_feature=61 12 6 51 22 47 38 9 8 4 22 24 24 25
split_gain=4677.42 3159.57 3171.4 3663.46 3191.89 2905.59 2812.78 2571.06 2199.06 2598.05 2267.02 2182.72 2676.84 4109.74
threshold=-0.70710678118654757 256.18699950000007 256.37658150000004 1.5000000000000002 148.13106922916668 70.914062500000014 74.375000000000014 270.73891950000007 271.77783100000005 256.37658150000004 141.46262681770835 300.20324800000009 296.45735250000007 109.2624300420939
decision_type=2 2 2 2 2 2 2 2 2 2 2 2 2 2
left_child=11 -2 3 5 6 -3 7 8 10 -10 -5 12 13 -1
right_child=1 2 -4 4 -6 -7 -8 -9 9 -11 -12 -13 -14 -15
leaf_value=0.067981147932030014 -0.034745531745962156 0.18832806170518912 -0.071002685199450105 0.25384140328300187 -0.18896635034520712 -0.15576585557703909 -0.1800619622958558 0.043563225671164524 0.18283281892451436 0.72975634024973879 -0.028864333484406497 -0.11710074618679178 0.32618766456227943 -0.37317435321984471
leaf_weight=2395 6432 83 447 378 69 227 55 222 42 46 87 168 96 53
leaf_count=2395 6432 83 447 378 69 227 55 222 42 46 87 168 96 53
internal_value=0.000165633 -0.0188889 0.0426828 0.0847394 0.135811 -0.0633282 0.163005 0.187553 0.245174 0.473712 0.201 0.0569781 0.0685154 0.0582815
internal_weight=10800 8088 1656 1209 899 310 830 775 553 88 465 2712 2544 2448
internal_count=10800 8088 1656 1209 899 310 830 775 553 88 465 2712 2544 2448
is_linear=0
shrinkage=0.05


Tree=100
num_leaves=15
num_cat=0
split_feature=65 64 8 51 36 46 36 31 8 22 47 36 37 8
split_gain=4295.68 3380.52 2839.32 2797.42 2410.01 2301.17 4556.48 4735.92 3270.04 3026.69 2004.51 1831.89 1775.19 2240.42
threshold=260.86295650000005 265.84829400000007 267.32987950000006 3.5000000000000004 23.792968750000004 78.005208333333357 23.549088541666666 21.812500000000004 249.19958150000005 135.68018348958336 70.126302083333357 24.711067708333339 44.375000000000007 299.42234450000007
decision_type=2 2 2 2 2 2 2 2 2 2 2 2 2 2
left_child=1 12 5 -3 -5 6 7 -2 10 -10 -7 -8 -1 -14
right_child=2 3 -4 4 -6 8 11 -9 9 -11 -12 -13 13 -15
leaf_value=0.12910822772607208 0.16193402258767969 0.062721850507300919 -0.15797313605519858 0.10186932049691677 0.64409715758506647 -0.16633809928671789 -0.077966664152511633 0.92671285722313856 -0.39769146982866987 0.036927600401603353 0.1378197821209311 0.22638401265447294 -0.019713107456603859 -0.36958256802805095
leaf_weight=199 41 372 109 40 42 58 82 40 64 104 682 122 8800 45
leaf_count=199 41 372 109 40 42 58 82 40 64 104 682 122 8800 45
internal_value=0.000160326 -0.0115176 0.0852938 0.121468 0.38401 0.107634 0.231365 0.546298 0.0685857 -0.130015 0.113788 0.104263 -0.0182061 -0.0215347
internal_weight=10800 9498 1302 454 82 1193 285 81 908 168 740 204 9044 8845
internal_count=10800 9498 1302 454 82 1193 285 81 908 168 740 204 9044 8845
is_linear=0
shrinkage=0.05


Tree=101
num_leaves=15
num_cat=0
split_feature=65 31 8 49 24 47 31 36 24 51 22 36 8 32
split_gain=3976.46 2711.78 2508.58 2387.47 6844.96 5865.23 8219.81 4005.3 3922.73 3880.63 5029.49 8621.13 4554.93 4470.75
threshold=84.179539500000018 16.862500000000004 289.75058750000005 3.5000000000000004 274.65417650000006 71.028645833333343 22.987500000000004 26.432291666666668 272.16657050000009 2.5000000000000004 145.78409998958335 24.711067708333339 76.601832000000016 21.962500000000002
decision_type=2 2 2 2 2 2 2 2 2 2 2 2 2 2
left_child=-1 -2 3 9 8 6 -6 -8 -5 10 11 12 -3 -13
right_child=1 2 -4 4 5 -7 7 -9 -10 -11 -12 13 -14 -15
leaf_value=-0.028473873051589604 -0.26819903413588936 0.076833576457699698 -0.23930816031808472 -0.079942194216072654 0.8648176008341264 -0.016178369337113932 -0.064890195309705689 0.38488335291762932 -0.40864292609122849 0.10936582729030464 -0.18317225931909997 -0.023474392741918565 -0.12446691591030384 0.49138035486344578
leaf_weight=5712 73 671 80 483 48 470 108 90 111 1977 290 59 482 146
leaf_count=5712 73 671 80 483 48 470 108 90 111 1977 290 59 482 146
internal_value=0.000158043 0.0323007 0.0367275 0.0412498 -0.0165924 0.087458 0.284726 0.140459 -0.14195 0.0621516 0.00547966 0.0458713 -0.007353 0.343808
internal_weight=10800 5088 5015 4935 1310 716 246 198 594 3625 1648 1358 1153 205
internal_count=10800 5088 5015 4935 1310 716 246 198 594 3625 1648 1358 1153 205
is_linear=0
shrinkage=0.05


Tree=102
num_leaves=15
num_cat=0
split_feature=61 12 47 30 44 54 47 24 25 28 8 0 47 47
split_gain=3804.36 2557.48 2863.36 2618.26 5285.94 2267.4 4201.47 2577.26 2079.14 2109.3 1878.82 2121.99 2227.28 3546.79
threshold=-0.68322629814330815 256.18699950000007 82.167968750000014 20.987500000000004 73.343750000000014 1.0000000180025095e-35 77.768229166666671 279.94015300000007 1.3929144003015315 20.962500000000002 299.42234450000007 272.38507200000004 75.815104166666671 70.266927083333357
decision_type=2 2 2 2 2 2 2 2 2 2 2 2 2 2
left_child=8 -2 3 4 5 -3 7 -7 9 -1 11 -5 13 -13
right_child=1 2 -4 10 -6 6 -8 -9 -10 -11 -12 12 -14 -15
leaf_value=0.067133834431594125 -0.032004631683427959 0.38255699244327845 0.37689565673470499 -0.049481788359489298 -0.40412508380122303 0.35860461373954561 -0.18380255361837222 -0.093264339509464445 0.039169936565372376 0.42519554371635127 -0.32918304350641042 0.20758282377378268 0.31051509924192028 -0.13015923610126431
leaf_weight=97 6319 111 59 749 40 131 81 41 2657 71 44 146 90 164
leaf_count=97 6319 111 59 749 40 131 81 41 2657 71 44 146 90 164
internal_value=0.000152412 -0.0175101 0.0377843 0.0250281 0.134874 0.19505 0.111602 0.250975 0.0500024 0.220078 -0.0122523 0.000159943 0.0930057 0.0290624
internal_weight=10800 7975 1656 1597 404 364 253 172 2825 168 1193 1149 400 310
internal_count=10800 7975 1656 1597 404 364 253 172 2825 168 1193 1149 400 310
is_linear=0
shrinkage=0.05


Tree=103
num_leaves=15
num_cat=0
split_feature=65 64 51 8 36 38 47 47 46 24 36 49 30 24
split_gain=3490.98 2923.65 2489.22 2364.68 2136.28 2001.89 2137.16 2865.84 4069.59 2138.7 3210.18 2715.23 4208.89 1638.59
threshold=260.86295650000005 265.84829400000007 3.5000000000000004 267.32987950000006 23.792968750000004 60.625000000000007 84.324218750000014 81.417968750000014 88.322916666666671 277.22543400000006 23.515885416666666 1.5000000000000002 21.512500000000003 283.09452200000004
decision_type=2 2 2 2 2 2 2 2 2 2 2 2 2 2
left_child=1 -1 13 5 -4 -2 7 8 9 11 -11 12 -7 -3
right_child=3 2 4 -5 -6 6 -8 -9 -10 10 -12 -13 -14 -15
leaf_value=-0.016598467184062726 0.36511354135405838 0.19464759400900644 0.095331701843022587 -0.14510573872619056 0.60581823029490411 0.034976754127607 0.41175014211776412 -0.19233946595244955 0.56270234120840379 0.43076466203836561 0.079889541518527507 -0.087088040401718414 0.53227220361049354 -0.022334016479109809
leaf_weight=9044 65 137 40 109 42 235 46 96 43 87 254 316 51 235
leaf_count=9044 65 137 40 109 42 235 46 96 43 87 254 316 51 235
internal_value=0.000149168 -0.0103783 0.113295 0.0768956 0.360949 0.0972836 0.0815404 0.0671347 0.0925672 0.070556 0.170407 0.0138072 0.125201 0.0578835
internal_weight=10800 9498 454 1302 82 1193 1128 1082 986 943 341 602 286 372
internal_count=10800 9498 454 1302 82 1193 1128 1082 986 943 341 602 286 372
is_linear=0
shrinkage=0.05


Tree=104
num_leaves=15
num_cat=0
split_feature=61 52 65 52 24 49 24 24 48 47 51 47 35 24
split_gain=3198.06 2566.47 2402.4 2265.56 1966.85 3435.84 3922.76 2377.24 2720.96 3061.64 2300.67 4862.02 2293.96 3943.61
threshold=-0.3520614488341256 0.5277851165098012 79.608916500000007 0.47114434510950087 274.65417650000006 3.5000000000000004 273.12119300000006 278.14094900000003 5.6250000000000009 68.832031250000014 3.5000000000000004 80.944010416666671 22.355208333333337 285.31225600000005
decision_type=2 2 2 2 2 2 2 2 2 2 2 2 2 2
left_child=4 3 -3 -2 5 -1 -7 8 -6 -10 12 -12 13 -9
right_child=1 2 -4 -5 7 6 -8 10 9 -11 11 -13 -14 -15
leaf_value=0.057214118361163947 -0.021281320145693783 -0.073549958759210485 -0.54630308420270346 0.20360029961979179 -0.030137728330380517 -0.030486167358061839 -0.40415396902461853 0.15214130463125775 0.74374573060444427 0.19174307703858975 0.31563233247047273 -0.28220686111599208 0.10301647931570189 -0.15367802009794404
leaf_weight=1665 6393 70 43 113 52 1110 74 157 41 65 181 41 479 316
leaf_count=1665 6393 70 43 113 52 1110 74 157 41 65 181 41 479 316
internal_value=0.000154902 -0.0214685 -0.256661 -0.0173448 0.0343842 0.0109253 -0.0541618 0.0845145 0.266007 0.410209 0.0598831 0.20445 0.0259919 -0.0520625
internal_weight=10800 6619 113 6506 4181 2849 1184 1332 158 106 1174 222 952 473
internal_count=10800 6619 113 6506 4181 2849 1184 1332 158 106 1174 222 952 473
is_linear=0
shrinkage=0.05


Tree=105
num_leaves=15
num_cat=0
split_feature=65 64 51 8 38 47 42 41 30 36 31 37 20 8
split_gain=2980.48 2542.23 2072.44 2040.57 1906.35 1896.61 2460.19 2706.31 2255.34 1891.49 1664.99 1394.8 1953.04 1742.94
threshold=261.5324245000001 265.84829400000007 3.5000000000000004 267.32987950000006 59.625000000000007 84.324218750000014 87.125000000000014 88.625000000000014 20.212500000000002 23.792968750000004 23.412500000000005 44.375000000000007 273.13806300000005 299.42234450000007
decision_type=2 2 2 2 2 2 2 2 2 2 2 2 2 2
left_child=1 11 -3 4 -2 6 7 -6 -8 -4 -9 12 -1 -13
right_child=3 2 9 -5 5 -7 8 10 -10 -11 -12 13 -14 -15
leaf_value=-0.073232895097263703 0.39396078704297544 0.055276131016782519 0.081528125121826084 -0.13560135370396353 0.070254093925687919 0.38896784053203909 -0.25581903775365883 0.59226979457196738 0.10018922115902967 0.56160067919381829 0.13986336436300051 -0.016572955572881305 0.24433091154807257 -0.32515883839324766
leaf_weight=81 49 381 40 107 796 46 103 41 77 42 41 8833 118 45
leaf_count=81 49 381 40 107 796 46 103 41 77 42 41 8833 118 45
internal_value=0.000148201 -0.00940002 0.104756 0.072392 0.0917948 0.0780391 0.0641659 0.0986827 -0.103814 0.331223 0.370477 -0.0152338 0.115351 -0.0181735
internal_weight=10800 9540 463 1260 1153 1104 1058 878 180 82 82 9077 199 8878
internal_count=10800 9540 463 1260 1153 1104 1058 878 180 82 82 9077 199 8878
is_linear=0
shrinkage=0.05


Tree=106
num_leaves=15
num_cat=0
split_feature=61 12 47 30 44 54 47 24 24 65 22 46 31 49
split_gain=2782.24 2062.72 2557.58 2315.16 4732.88 2072.29 3689.81 2335.06 1706.68 2330.55 2511.84 2181.59 6175.01 1969.32
threshold=-0.70710678118654757 256.18699950000007 82.167968750000014 20.987500000000004 73.343750000000014 1.0000000180025095e-35 77.768229166666671 279.94015300000007 300.20324800000009 250.45427100000003 149.75317864583337 78.005208333333357 22.612500000000004 3.5000000000000004
decision_type=2 2 2 2 2 2 2 2 2 2 2 2 2 2
left_child=8 -2 3 4 5 -3 7 -7 11 10 -10 12 -1 -13
right_child=1 2 -4 -5 -6 6 -8 -9 9 -11 -12 13 -14 -15
leaf_value=0.60334632060293003 -0.027358592470176808 0.36262971389639592 0.35569533725579583 -0.011908870774036899 -0.38357368373289341 0.33669117868235898 -0.17320366570408025 -0.09334177346456618 -0.56905254097211933 0.078209075575605747 -0.027800849998990698 0.074866193319057459 0.073896683045729467 -0.022195328310386307
leaf_weight=65 6432 111 59 1193 40 131 81 41 41 83 44 1244 335 900
leaf_count=65 6432 111 59 1193 40 131 81 41 41 83 44 1244 335 900
internal_value=0.000149224 -0.0145466 0.0352026 0.0231471 0.12644 0.183383 0.103623 0.234236 0.0439657 -0.109951 -0.292456 0.0541692 0.161222 0.0341307
internal_weight=10800 8088 1656 1597 404 364 253 172 2712 168 85 2544 400 2144
internal_count=10800 8088 1656 1597 404 364 253 172 2712 168 85 2544 400 2144
is_linear=0
shrinkage=0.05


Tree=107
num_leaves=15
num_cat=0
split_feature=61 26 65 9 43 26 65 54 46 22 24 47 36 36
split_gain=2517.83 1943.54 2431.65 4655.22 2625.14 2711.02 2257.81 2425.39 3507.81 2146.73 3177.78 2119.24 1992.46 4065.65
threshold=-0.68322629814330815 21.512500000000003 86.418312 250.58438100000004 67.375000000000014 26.237500000000004 63.145266500000005 1.0000000180025095e-35 87.447916666666671 126.29556024479167 278.64649100000008 80.829427083333357 25.941927083333336 24.711067708333339
decision_type=2 2 2 2 2 2 2 2 2 2 2 2 2 2
left_child=-1 6 -3 4 5 -4 -2 8 -8 -6 -11 -10 13 -5
right_child=1 2 3 12 9 -7 7 -9 11 10 -12 -13 -14 -15
leaf_value=0.040698821411229325 -0.022809495065092028 -0.024364419661775254 -0.10140707135064209 -0.026122052662471747 0.43141621343510334 0.15904326517047596 -0.11060107399412292 -0.028646083743596448 -0.2036578847607598 -0.051325613353401425 0.30941393214446689 -0.65113814776061019 -0.2205298483087903 0.26104598451244959
leaf_weight=2825 2116 3097 163 1087 105 255 234 316 49 103 148 60 104 138
leaf_count=2825 2116 3097 163 1087 105 255 234 316 49 103 148 60 104 138
internal_value=0.000144433 -0.0142245 0.00380835 0.0452891 0.142683 0.0574805 -0.0480051 -0.128749 -0.220621 0.242283 0.161765 -0.453657 -0.011497 0.00641484
internal_weight=10800 7975 5200 2103 774 418 2775 659 343 356 251 109 1329 1225
internal_count=10800 7975 5200 2103 774 418 2775 659 343 356 251 109 1329 1225
is_linear=0
shrinkage=0.05


Tree=108
num_leaves=15
num_cat=0
split_feature=65 64 51 9 39 24 64 30 24 31 43 41 36 49
split_gain=2407.54 2162.14 1847.77 1804.88 2269.69 1789.32 4238.95 3332.46 3221.18 1764.83 2462.82 1798.9 1727.05 1642.3
threshold=261.5324245000001 265.84829400000007 3.5000000000000004 264.13985200000008 66.875000000000014 263.86678650000005 246.24840400000002 21.262500000000003 273.14664800000008 23.012500000000003 87.875000000000014 79.125000000000014 23.792968750000004 1.5000000000000002
decision_type=2 2 2 2 2 2 2 2 2 2 2 2 2 2
left_child=1 -1 -3 4 -2 6 7 -6 13 11 -11 -10 -4 -7
right_child=3 2 12 -5 5 8 -8 -9 9 10 -12 -13 -14 -15
leaf_value=-0.013825511876766073 0.39841156316510706 0.050117049257987767 0.072236903266208935 -0.04450788450170437 -0.0064254061659577812 0.11703694783785241 0.53135617242730937 0.47373939055780118 0.49080985652981329 -0.06136109196328713 0.35337737166238103 0.12894554773303576 0.53078039260797716 -0.22360563036373318
leaf_weight=9077 58 381 40 289 202 46 65 43 46 191 43 132 42 145
leaf_count=9077 58 381 40 289 202 46 65 43 46 191 43 132 42 145
internal_value=0.000136105 -0.00844545 0.0968319 0.0650659 0.0976907 0.0781719 0.175594 0.0794316 0.0278798 0.106501 0.016031 0.224681 0.310666 -0.141384
internal_weight=10800 9540 463 1260 971 913 310 245 603 412 234 178 82 191
internal_count=10800 9540 463 1260 971 913 310 245 603 412 234 178 82 191
is_linear=0
shrinkage=0.05


Tree=109
num_leaves=15
num_cat=0
split_feature=65 21 65 8 24 8 7 44 48 9 38 24 65 0
split_gain=2179.69 1923.05 2061.52 1847.87 3298.17 1951.57 1692.41 1919.92 1629.43 1695.6 1780.73 1381.97 2713.18 1794.78
threshold=260.86295650000005 81.772065941470899 244.88769600000003 257.88623600000005 274.28284400000007 267.32987950000006 291.68292550000007 81.406250000000014 5.8750000000000009 264.87820500000004 63.125000000000007 322.54412650000006 102.93903650000001 273.99435950000003
decision_type=2 2 2 2 2 2 2 2 2 2 2 2 2 2
left_child=1 6 -3 8 -5 -6 11 -8 -2 10 -10 13 -13 -1
right_child=3 2 -4 4 5 -7 7 -9 9 -11 -12 12 -14 -15
leaf_value=-0.017051428939794108 -0.027122640122142105 0.21610046961637619 -0.013459550392004955 -0.27140304958708933 0.23978313759928468 -0.093778135350328834 -0.001817577917660986 0.44412289920241338 0.47371268369967034 -0.037378491110988517 0.1364418896394968 -0.0042708404975778918 -0.47555580288171773 0.1031956357221981
leaf_weight=8559 224 193 197 106 91 83 55 42 41 133 624 84 47 321
leaf_count=8559 224 193 197 106 91 83 55 42 41 133 624 84 47 321
internal_value=0.000142248 -0.00817633 0.100405 0.0607854 -0.0528735 0.0810439 -0.0128363 0.193832 0.091946 0.125361 0.157916 -0.0150822 -0.17568 -0.0126935
internal_weight=10800 9498 390 1302 280 174 9108 97 1022 798 665 9011 131 8880
internal_count=10800 9498 390 1302 280 174 9108 97 1022 798 665 9011 131 8880
is_linear=0
shrinkage=0.05


Tree=110
num_leaves=15
num_cat=0
split_feature=52 0 36 9 31 36 65 9 29 45 22 46 25 9
split_gain=2076.94 1935.97 5036.77 2855.85 2428.17 2361.66 2243.06 2096.38 1947.27 2094.68 2015.69 3965.79 1927.2 1644.02
threshold=0.97335555334614943 248.17799000000002 21.809635416666669 250.58438100000004 19.412500000000005 22.179427083333334 86.418312 267.14005600000007 22.037500000000005 46.093750000000007 135.9634828697917 79.364583333333357 105.62170988028267 261.92029800000006
decision_type=2 2 2 2 2 2 2 2 2 2 2 2 2 2
left_child=1 7 4 6 -3 13 -4 -1 10 12 11 -7 -10 -5
right_child=-2 2 3 5 -6 8 -8 -9 9 -11 -12 -13 -14 -15
leaf_value=-0.01260541358698546 0.078082447974046579 0.067238889905468877 -0.068290603087090035 -0.41313032704638319 0.36779126218782787 0.66311378987824054 0.21165807572852505 -0.19003496931865813 -0.057035128517848692 -0.077758928217915413 0.016029586669589795 -0.012887608814746777 0.42664465385466993 -0.060267392157443936
leaf_weight=8055 791 119 100 63 155 40 247 169 40 670 195 46 41 69
leaf_count=8055 791 119 100 63 155 40 247 169 40 670 195 46 41 69
internal_value=0.000138245 -0.00602878 0.0411574 0.00533263 0.237979 -0.0322154 0.131017 -0.0162742 -0.00665233 -0.0486644 0.105403 0.30554 0.190008 -0.230519
internal_weight=10800 10009 1785 1511 274 1164 347 8224 1032 751 281 86 81 132
internal_count=10800 10009 1785 1511 274 1164 347 8224 1032 751 281 86 81 132
is_linear=0
shrinkage=0.05


Tree=111
num_leaves=15
num_cat=0
split_feature=48 46 26 49 51 22 29 22 47 43 24 47 36 31
split_gain=1963.76 1812.24 1668.38 1793.71 3945.9 3758.77 3265.15 3379.58 4025.23 3305.14 3123.78 3080.71 3477.62 2955.29
threshold=15.625000000000002 52.619791666666671 16.862500000000004 3.5000000000000004 2.5000000000000004 147.99442397395833 19.762500000000003 145.83517119791671 66.093750000000014 75.375000000000014 307.27302800000007 77.768229166666671 22.857812500000005 23.062500000000004
decision_type=2 2 2 2 2 2 2 2 2 2 2 2 2 2
left_child=1 -1 -3 4 6 -5 -4 8 -8 -10 -7 -6 -13 -11
right_child=-2 2 3 5 11 10 7 -9 9 13 -12 12 -14 -15
leaf_value=0.26509278312118517 -0.029418553292251515 -0.17510095026087147 -0.25495569213552582 -0.028429051234438642 0.14416396374690385 0.36279212108626169 0.32632418402411917 -0.14092025719586573 -0.077537114163361759 0.2213739232123485 -0.028724718838674276 0.0063389399421822203 0.47042483531293416 0.0038096455467195056
leaf_weight=71 3696 115 132 2778 1067 116 110 328 559 253 90 1039 41 405
leaf_count=71 3696 115 132 2778 1067 116 110 328 559 253 90 1039 41 405
internal_value=0.000135677 0.0155138 0.0129569 0.0161079 0.0382776 -0.0131228 -0.0166079 0.00254476 0.038085 0.0117856 0.192429 0.0839467 0.0243759 0.0876718
internal_weight=10800 7104 7033 6918 3934 2984 1787 1655 1327 1217 206 2147 1080 658
internal_count=10800 7104 7033 6918 3934 2984 1787 1655 1327 1217 206 2147 1080 658
is_linear=0
shrinkage=0.05


Tree=112
num_leaves=15
num_cat=0
split_feature=65 64 47 42 46 29 51 36 38 24 57 36 65 25
split_gain=1823.59 1753.81 1682.59 2338.28 2271.62 1601.59 1551.76 1464.39 1290.97 2230.55 1067.68 2766.82 4008.01 3922.36
threshold=261.5324245000001 265.84829400000007 85.403645833333357 87.125000000000014 88.802083333333357 19.912500000000005 3.5000000000000004 23.792968750000004 76.875000000000014 281.72766850000005 1.5000000000000002 24.847395833333337 73.362583000000015 107.51092097108513
decision_type=2 2 2 2 2 2 2 2 2 2 2 2 2 2
left_child=1 10 3 4 -2 -5 8 -8 9 -3 11 -1 -13 -14
right_child=2 6 -4 5 -6 -7 7 -9 -10 -11 -12 12 13 -15
leaf_value=-0.00016456925713900845 0.062528723317982163 0.33917857739143076 0.36787782148236325 -0.25496451849273094 0.43841426643942089 0.016463848999479697 0.063961672728381505 0.48611465690137695 -0.075067020240436558 0.011735592556960252 -0.022851146424057854 -0.02715272354228156 0.66793019659206521 0.034652243394936832
leaf_weight=2329 958 75 41 95 41 125 40 42 141 165 6543 104 60 41
leaf_count=2329 958 75 41 95 41 125 40 42 141 165 6543 104 60 41
internal_value=0.000133825 -0.00733484 0.0566433 0.0458822 0.0783784 -0.101367 0.0874817 0.283438 0.0446758 0.115044 -0.0121804 0.0153707 0.19101 0.413717
internal_weight=10800 9540 1260 1219 999 220 463 82 381 240 9077 2534 205 101
internal_count=10800 9540 1260 1219 999 220 463 82 381 240 9077 2534 205 101
is_linear=0
shrinkage=0.05


Tree=113
num_leaves=15
num_cat=0
split_feature=52 0 36 9 31 36 65 36 36 51 29 54 65 9
split_gain=1721.58 1531.72 4559 2478.5 2129.94 2058.55 1911.35 1897.07 2943.47 3385.84 2629.58 2211.25 1874.75 1869.61
threshold=0.97335555334614943 248.17799000000002 21.809635416666669 250.58438100000004 19.412500000000005 22.179427083333334 86.418312 25.941927083333336 24.711067708333339 2.5000000000000004 22.062500000000004 1.0000000180025095e-35 272.35636400000004 267.14005600000007
decision_type=2 2 2 2 2 2 2 2 2 2 2 2 2 2
left_child=1 13 4 6 -3 -5 -4 8 10 -10 12 -9 -7 -1
right_child=-2 2 3 5 -6 7 -8 11 9 -11 -12 -13 -14 -15
leaf_value=-0.011126442863775858 0.071100585015973952 0.063827504927370077 -0.0644702418015735 -0.21770724160736776 0.34532839500178131 0.24758149196386214 0.19394194755866101 0.041409123251051234 0.38735873469400528 -0.083248031475851622 -0.089347411416755326 -0.38080583143493407 -0.032984772369522478 -0.17868441315258252
leaf_weight=8055 791 119 100 132 155 122 247 56 100 61 510 68 115 169
leaf_count=8055 791 119 100 132 155 122 247 56 100 61 510 68 115 169
internal_value=0.000136895 -0.00547783 0.0364938 0.00241229 0.223747 -0.0325654 0.1195 -0.00869668 0.0164264 0.209641 -0.0254415 -0.191322 0.111875 -0.014591
internal_weight=10800 10009 1785 1511 274 1164 347 1032 908 161 747 124 237 8224
internal_count=10800 10009 1785 1511 274 1164 347 1032 908 161 747 124 237 8224
is_linear=0
shrinkage=0.05


Tree=114
num_leaves=15
num_cat=0
split_feature=48 20 24 47 51 22 36 47 16 20 16 26 51 36
split_gain=1589.21 1545.95 2869.78 3488.71 2654.14 2300.06 1991.25 2639 2095.09 1969.35 1531.9 1470.93 1674.23 4887.57
threshold=15.875000000000002 272.70666550000004 297.26105400000006 70.485677083333357 1.5000000000000002 140.03678016666672 21.664192708333335 75.490885416666671 279.94015300000007 271.70245200000005 278.64649100000008 16.862500000000004 2.5000000000000004 25.415885416666672
decision_type=2 2 2 2 2 2 2 2 2 2 2 2 2 2
left_child=1 9 3 -3 -5 -4 -6 8 -8 11 -9 -1 -13 -14
right_child=-2 2 5 4 6 -7 7 10 -10 -11 -12 12 13 -15
leaf_value=-0.16716916792351624 -0.027079477971595045 0.3832838816948137 0.15620164060315422 -0.16173218601236219 -0.17569290004497351 -0.30434805865751935 0.23207396868918395 0.1893188842397649 -0.1482010232205962 -0.26118478507680049 0.55013103860205614 -0.015059464981239196 0.026827021599980801 0.41524251448102745
leaf_weight=115 3584 113 42 94 42 73 73 63 70 67 57 2964 3361 82
leaf_count=115 3584 113 42 94 42 73 73 63 70 67 57 2964 3361 82
internal_value=0.000131403 0.0136482 0.0886069 0.139279 0.0693896 -0.136251 0.140916 0.191952 0.0461889 0.00650289 0.363835 0.00929245 0.0124854 0.0361956
internal_weight=10800 7216 627 512 399 115 305 263 143 6589 120 6522 6407 3443
internal_count=10800 7216 627 512 399 115 305 263 143 6589 120 6522 6407 3443
is_linear=0
shrinkage=0.05


Tree=115
num_leaves=15
num_cat=0
split_feature=65 61 13 46 30 32 64 36 30 47 25 45 35 3
split_gain=1539.36 1543.69 1905.89 1987.67 2974.2 2485.13 1429.37 1398.79 3812.87 1639.01 1374.86 1312.76 1260.77 1210.19
threshold=261.5324245000001 -0.98611507088852035 1.2037379809552151 77.901041666666671 21.712500000000002 21.162500000000005 265.84829400000007 24.343229166666671 21.937500000000004 64.664062500000014 95.511375383360232 87.343750000000014 20.013541666666669 258.14039900000006
decision_type=2 2 2 2 2 2 2 2 2 2 2 2 2 2
left_child=6 -2 13 4 -4 11 -1 8 12 -9 -7 -5 -8 -3
right_child=1 2 3 5 -6 10 7 9 -10 -11 -12 -13 -14 -15
leaf_value=-0.011108347667790713 0.23102661670270291 -0.0051459185515728891 0.47364370968977093 0.10653719797663325 0.058010554402181419 0.15300429350445197 -0.187227713071355 0.16814398910486844 0.5466020124800065 -0.11155334146564891 -0.11312902487708994 0.43389400624951657 0.12604084061646223 -0.23484914998165693
leaf_weight=9077 109 487 75 110 100 62 40 81 50 144 211 42 148 64
leaf_count=9077 109 487 75 110 100 62 40 81 50 144 211 42 148 64
internal_value=0.000128039 0.0520472 0.034912 0.0964975 0.237818 0.0378849 -0.00673394 0.0788643 0.163098 -0.0105638 -0.0523507 0.199236 0.05875 -0.0322036
internal_weight=10800 1260 1151 600 175 425 9540 463 238 225 273 152 188 551
internal_count=10800 1260 1151 600 175 425 9540 463 238 225 273 152 188 551
is_linear=0
shrinkage=0.05


Tree=116
num_leaves=15
num_cat=0
split_feature=52 7 44 26 52 17 36 49 30 16 46 36 37 64
split_gain=1455.49 1315.17 1651 1537.25 1837.89 1852.67 1713.45 2895.75 2042.85 1295.44 3343.3 5241.71 2066.72 1962.38
threshold=0.97335555334614943 291.68292550000007 81.406250000000014 23.312500000000004 0.47114434510950087 1.0026559406380949e-06 21.809635416666669 1.5000000000000002 18.962500000000002 275.10399300000006 64.156250000000014 23.64283854166667 45.375000000000007 189.50282600000003
decision_type=2 2 2 2 2 2 2 2 2 2 2 2 2 2
left_child=1 3 -3 -1 6 -6 7 -5 -9 -8 12 -12 -11 -13
right_child=-2 2 -4 4 5 -7 9 8 -10 10 11 13 -14 -15
leaf_value=-0.021740616681936789 0.065378704041270816 0.00065628663456488052 0.39989918018380805 0.23155802212515628 0.40121280826487632 0.07930846019418375 -0.02681726518185866 -0.27617207594700938 0.065671708235829518 0.23052693094526019 0.5620326299427284 -0.10779078491859967 -0.062213743590246673 0.24526890344385591
leaf_weight=6320 791 61 44 212 52 291 2078 59 160 69 71 89 434 69
leaf_count=6320 791 61 44 212 52 291 2078 59 160 69 71 89 434 69
internal_value=0.0001292 -0.00503341 0.170152 -0.00690768 0.0192474 0.129135 0.00758158 0.100289 -0.0272599 -0.00666851 0.0504883 0.208409 -0.0216788 0.0469664
internal_weight=10800 10009 105 9904 3584 343 3241 431 219 2810 732 229 503 158
internal_count=10800 10009 105 9904 3584 343 3241 431 219 2810 732 229 503 158
is_linear=0
shrinkage=0.05


Tree=117
num_leaves=15
num_cat=0
split_feature=61 22 39 47 46 31 65 65 47 43 27 65 54 46
split_gain=1347.11 1602.21 1652.87 1560.02 1676.37 1866.91 3043.42 2134.77 2184.75 1660.8 1411.45 2250.64 2504.73 2703.87
threshold=-0.68322629814330815 23.700781744791673 83.125000000000014 85.121093750000014 91.427083333333357 19.712500000000002 129.53476700000002 260.86295650000005 77.855468750000014 88.625000000000014 21.062500000000004 63.145266500000005 1.0000000180025095e-35 87.447916666666671
decision_type=2 2 2 2 2 2 2 2 2 2 2 2 2 2
left_child=1 2 -1 4 5 6 -3 8 -8 -5 11 -2 13 -13
right_child=10 3 -4 9 -6 -7 7 -9 -10 -11 -12 12 -14 -15
leaf_value=0.36289812094931095 -0.014678330417833667 0.23259815312922003 0.057956760089784377 0.35801063784233789 -0.24089216030561006 0.031415488844253395 -0.61667362401882819 -0.019644019691334978 -0.1599222806141232 0.034633828557430066 0.0037408760867145433 -0.11562635522202723 -0.017671281389336577 -0.4227426041188565
leaf_weight=69 1875 50 123 67 64 2157 44 90 65 96 5498 209 284 109
leaf_count=69 1875 50 123 67 64 2157 44 90 65 96 5498 209 284 109
internal_value=0.000131012 0.0297948 0.168858 0.019594 0.00967477 0.0164372 -0.112921 -0.200464 -0.348229 0.168928 -0.0103793 -0.0417095 -0.125737 -0.221891
internal_weight=10800 2825 192 2633 2470 2406 249 199 109 163 7975 2477 602 318
internal_count=10800 2825 192 2633 2470 2406 249 199 109 163 7975 2477 602 318
is_linear=0
shrinkage=0.05


Tree=118
num_leaves=15
num_cat=0
split_feature=65 47 42 41 49 35 31 7 41 24 65 0 42 31
split_gain=1262.45 1346.2 1984.87 2127.1 1447.25 1358.23 1303.1 1246.93 1476.95 1236.08 2429.53 1355.64 1380.24 2819.39
threshold=261.5324245000001 85.403645833333357 87.125000000000014 88.625000000000014 3.5000000000000004 19.967187500000005 20.112500000000004 291.68292550000007 77.125000000000014 322.54412650000006 102.93903650000001 273.99435950000003 84.375000000000014 21.962500000000002
decision_type=2 2 2 2 2 2 2 2 2 2 2 2 2 2
left_child=7 2 3 -2 6 -5 -4 9 -9 11 -11 -1 -13 -14
right_child=1 -3 4 5 -6 -7 -8 8 -10 10 -12 12 13 -15
leaf_value=-0.0095382958247905852 0.045467678881676576 0.32551836775881904 -0.18070393501633281 0.5100520212558054 -0.35480950420553037 0.10235962456180936 0.090109649592453669 -0.011012588634665282 0.37772476561367513 0.0010044839063828642 -0.43917667902245816 0.028156626589559749 -0.0073446189527803995 0.52392041862476624
leaf_weight=8955 917 41 81 41 43 41 96 52 45 87 48 254 52 47
leaf_count=8955 917 41 81 41 43 41 96 52 45 87 48 254 52 47
internal_value=0.000122023 0.0471401 0.037518 0.0674606 -0.0981389 0.309895 -0.0341409 -0.0060922 0.171344 -0.0079328 -0.157583 -0.00574564 0.0902228 0.247589
internal_weight=10800 1260 1219 999 220 82 177 9540 97 9443 135 9308 353 99
internal_count=10800 1260 1219 999 220 82 177 9540 97 9443 135 9308 353 99
is_linear=0
shrinkage=0.05


Tree=119
num_leaves=15
num_cat=0
split_feature=48 46 8 26 49 51 22 29 22 47 24 47 36 61
split_gain=1215.55 1436.09 1357.97 1339.11 1345.02 3022.06 3003.45 2994.34 3161.1 3135.52 2659.06 2591.19 2947.9 2517.46
threshold=15.625000000000002 52.619791666666671 286.87046450000008 16.862500000000004 3.5000000000000004 2.5000000000000004 147.99442397395833 19.512500000000003 145.83517119791671 64.346354166666671 307.27302800000007 77.768229166666671 22.838802083333338 -0.95642797789208678
decision_type=2 2 2 2 2 2 2 2 2 2 2 2 2 2
left_child=1 -1 3 -3 5 7 -6 -5 9 -9 -8 13 -13 -7
right_child=-2 2 -4 4 6 11 10 8 -10 -11 -12 12 -14 -15
leaf_value=0.23439123570505116 -0.023131475743326524 -0.15616776873678739 -0.19488757884129881 -0.25731971029002793 -0.023989003081279436 0.31748948024416512 0.33067030510586554 0.41456197622530866 -0.1372040346601392 0.021966262585542438 -0.030513307724434599 0.0037580602622166977 0.43602345905652862 0.098314982420745073
leaf_weight=71 3696 115 79 117 2757 153 116 52 320 1263 90 1038 40 893
leaf_count=71 3696 115 79 117 2757 153 116 52 320 1263 90 1038 40 893
internal_value=0.000120559 0.0122195 0.00994357 0.0122982 0.0151534 0.0345369 -0.0102058 -0.0140725 0.00348083 0.0377942 0.173487 0.0746205 0.0201868 0.130647
internal_weight=10800 7104 7033 6954 6839 3876 2963 1752 1635 1315 206 2124 1078 1046
internal_count=10800 7104 7033 6954 6839 3876 2963 1752 1635 1315 206 2124 1078 1046
is_linear=0
shrinkage=0.05


Tree=120
num_leaves=15
num_cat=0
split_feature=52 17 37 24 65 21 40 43 30 36 11 9 49 0
split_gain=1147.26 1138.61 1162.24 3188.23 1956.29 1758.29 1887.22 2092.64 1561.81 1639.51 1536.76 1300.11 2088.74 1402.54
threshold=0.97335555334614943 67.804243861436248 60.875000000000007 301.64842750000008 96.61214750000002 21.39500831351312 51.875000000000007 70.375000000000014 20.212500000000002 23.286067708333338 262.70326300000005 270.73891950000007 1.5000000000000002 260.90748600000006
decision_type=2 2 2 2 2 2 2 2 2 2 2 2 2 2
left_child=1 2 3 4 -1 -6 -7 8 9 -8 -5 13 -13 -4
right_child=-2 -3 11 10 5 6 7 -9 -10 -11 -12 12 -14 -15
leaf_value=-0.012201993291869571 0.058049361940533298 0.076016505736738196 -0.015758650748532266 -0.066271703739307436 -0.15716245905575107 0.36478478348255161 0.10538242807943642 0.3408785233391991 0.0043572876824515298 0.45957236617076691 -0.42522198935505007 0.021723328957644603 -0.21880408485172964 0.089915578848705061
leaf_weight=635 791 420 7357 75 58 74 166 78 368 40 49 167 195 327
leaf_count=635 791 420 7357 75 58 74 166 78 368 40 49 167 195 327
internal_value=0.000119318 -0.00446417 -0.0079968 0.03174 0.0530313 0.105815 0.127012 0.0995078 0.0661725 0.176045 -0.210382 -0.0156202 -0.108088 -0.0112505
internal_weight=10800 10009 9589 1543 1419 784 726 652 574 206 124 8046 362 7684
internal_count=10800 10009 9589 1543 1419 784 726 652 574 206 124 8046 362 7684
is_linear=0
shrinkage=0.05


Tree=121
num_leaves=15
num_cat=0
split_feature=15 0 36 26 36 28 51 32 24 12 9 41 9 64
split_gain=1077.41 1644.01 2878.09 2476.07 2018.54 2350.59 2329.36 1880.24 1698.12 1589.38 1580.24 1786.14 1566.59 1354.75
threshold=227.55406500000001 248.17799000000002 21.809635416666669 30.162500000000005 22.085156250000001 28.362500000000004 1.5000000000000002 29.887500000000003 273.57706450000006 278.70920300000006 262.33844350000004 76.875000000000014 268.14572050000004 246.24840400000002
decision_type=2 2 2 2 2 2 2 2 2 2 2 2 2 2
left_child=1 -1 8 4 13 6 -6 12 -3 10 11 -8 -7 -4
right_child=-2 2 3 -5 5 7 9 -9 -10 -11 -12 -13 -14 -15
leaf_value=-0.0038257531978406231 -0.063821531890849978 0.28606986619984903 -0.03290885839197371 0.32490784669353162 -0.068782409381062268 -0.25622187813913283 0.38867559347935537 -0.40740621969103813 -0.065446415119046392 0.3802687893311183 0.0046395790823937763 0.092971455928248667 0.13947467179647807 -0.43072806369690664
leaf_weight=8835 620 180 44 63 251 43 71 49 42 50 275 179 57 41
leaf_count=8835 620 180 44 63 251 43 71 49 42 50 275 179 57 41
internal_value=0.000116246 0.00401618 0.0554926 0.0228903 0.00465085 0.0251086 0.0581144 -0.15703 0.219572 0.113531 0.0874525 0.178165 -0.031527 -0.227575
internal_weight=10800 10180 1345 1123 1060 975 826 149 222 575 525 250 100 85
internal_count=10800 10180 1345 1123 1060 975 826 149 222 575 525 250 100 85
is_linear=0
shrinkage=0.05


Tree=122
num_leaves=15
num_cat=0
split_feature=61 24 65 46 22 51 29 32 43 7 34 24 28 17
split_gain=1049.63 1841.42 1956.09 1651 4173.11 3111.87 4333 2959.86 3527.71 3703.61 2234.44 2068.64 1908.95 1470.52
threshold=-0.83146961230254512 300.20324800000009 249.95668100000003 82.848958333333357 36.183371145833341 2.5000000000000004 19.012500000000003 20.587500000000002 83.375000000000014 85.15667950000001 19.038541666666671 253.43744300000003 20.987500000000004 2.2746480028614838e-05
decision_type=2 2 2 2 2 2 2 2 2 2 2 2 2 2
left_child=1 3 -3 4 -1 6 -5 8 9 -7 11 -10 13 -9
right_child=-2 2 -4 5 -6 7 -8 12 10 -11 -12 -13 -14 -15
leaf_value=0.49850516905550102 -0.0073974329393256232 -0.32908061067174588 0.064488205480678337 -0.57909103184938437 0.067141344012845813 0.050561410075483419 -0.050627240408491349 0.022040121063148066 0.038875119519148543 0.56612661916327167 0.16624843520444954 -0.27056023932650292 0.13405494354806388 -0.2868460091713228
leaf_weight=60 8766 69 57 45 701 64 249 58 186 76 216 75 65 113
leaf_count=60 8766 69 57 45 701 64 249 58 186 76 216 75 65 113
internal_value=0.000111766 0.0324622 -0.151932 0.0447123 0.101761 0.00680642 -0.133203 0.0551625 0.11272 0.33247 0.0476631 -0.0507364 -0.095158 -0.182559
internal_weight=10800 2034 126 1908 761 1147 294 853 617 140 477 261 236 171
internal_count=10800 2034 126 1908 761 1147 294 853 617 140 477 261 236 171
is_linear=0
shrinkage=0.05


Tree=123
num_leaves=15
num_cat=0
split_feature=7 44 61 24 32 46 22 51 29 32 43 7 36 26
split_gain=1015.23 1338.96 1046.19 1663.91 1803.38 1491.56 3773.66 2812.59 3920.19 2673.23 3189.07 3346.99 2100.56 1767.66
threshold=291.68292550000007 81.406250000000014 -0.83146961230254512 300.20324800000009 22.712500000000002 82.848958333333357 36.183371145833341 2.5000000000000004 19.012500000000003 20.587500000000002 83.375000000000014 85.15667950000001 22.750520833333336 21.862500000000004
decision_type=2 2 2 2 2 2 2 2 2 2 2 2 2 2
left_child=2 -2 3 5 -5 6 -1 8 -7 10 11 -9 -12 -11
right_child=1 -3 -4 4 -6 7 -8 9 -10 13 12 -13 -14 -15
leaf_value=0.47398852429917604 0.0014300095307971201 0.36098431346834536 -0.0089983783016900926 -0.29145605190881069 0.0955354680516282 -0.55076593019311193 0.063789058291881293 0.048072234334853983 -0.048106003360822797 -0.15318373830380794 0.0025807430219911311 0.53818790554613261 0.30264519912135951 0.20458681650814559
leaf_weight=60 61 44 8661 78 48 45 701 64 249 195 410 76 67 41
leaf_count=60 61 44 8661 78 48 45 701 64 249 195 410 76 67 41
internal_value=0.000106569 0.154084 -0.0014194 0.0308413 -0.144439 0.042486 0.0967103 0.00645699 -0.12665 0.052429 0.107129 0.316065 0.0452731 -0.0904277
internal_weight=10800 105 10695 2034 126 1908 761 1147 294 853 617 140 477 236
internal_count=10800 105 10695 2034 126 1908 761 1147 294 853 617 140 477 236
is_linear=0
shrinkage=0.05


Tree=124
num_leaves=15
num_cat=0
split_feature=31 65 48 48 7 24 7 36 51 25 24 36 49 25
split_gain=983.035 1000.67 2651.56 4038.46 1852.94 1521.62 1953.03 2124.32 1860.85 2193.51 2492.38 2085.62 2739.56 5319.32
threshold=16.512500000000003 24.000000000000004 2.1250000000000004 2.3750000000000004 279.44062350000007 300.20324800000009 202.65135800000004 19.852604166666669 1.5000000000000002 105.14883836263762 263.73263850000006 23.024739583333339 2.5000000000000004 106.72109383001613
decision_type=2 2 2 2 2 2 2 2 2 2 2 2 2 2
left_child=-1 -2 -3 -4 5 6 8 -8 9 10 -5 -10 13 -13
right_child=1 2 3 4 -6 -7 7 -9 11 -11 -12 12 -14 -15
leaf_value=-0.14341923776793028 -0.015800505256322928 0.29747077184842857 -0.33728083924549385 0.058504462910669623 0.18952958962693811 -0.083843350983344223 -0.324607839807868 -0.027586407258640977 0.021607680255855459 0.10013495687522503 -0.13544711779010252 0.31143831317256226 0.05358569788802256 -0.20020726688746968
leaf_weight=117 4631 81 81 247 149 389 64 819 2310 248 499 286 818 61
leaf_count=117 4631 81 81 247 149 389 64 819 2310 248 499 286 818 61
internal_value=0.000106052 0.00169121 0.0150763 0.0111963 0.016045 0.0115103 0.0184552 -0.0494574 0.0318817 -0.028423 -0.0712376 0.0491346 0.103651 0.221178
internal_weight=10800 10683 6052 5971 5890 5741 5352 883 4469 994 746 3475 1165 347
internal_count=10800 10683 6052 5971 5890 5741 5352 883 4469 994 746 3475 1165 347
is_linear=0
shrinkage=0.05


Tree=125
num_leaves=15
num_cat=0
split_feature=64 25 15 64 15 6 24 49 37 51 15 30 24 26
split_gain=968.225 1233.56 1066.97 1572.12 1550.49 1708.75 1314.73 1109.94 2726.85 2634.35 1841.16 2893.87 2563.22 4753.73
threshold=273.57706450000006 106.96841639146548 227.55406500000001 121.02038850000001 214.08212300000002 188.77508800000001 286.33608750000002 2.5000000000000004 57.125000000000007 1.5000000000000002 174.03359550000002 19.012500000000003 289.60242450000004 28.087500000000002
decision_type=2 2 2 2 2 2 2 2 2 2 2 2 2 2
left_child=2 -2 4 -4 7 6 -6 8 9 -1 -9 -12 -13 -14
right_child=1 -3 3 -5 5 -7 -8 10 -10 -11 11 12 13 -15
leaf_value=-0.061916527428008898 0.18949374568120048 0.016188400516490998 -0.030294143017146249 -0.24259351163241522 0.13501421431164173 0.014320982365588396 0.47547310434801632 -0.0076224388817667859 0.0064609038176472768 0.28345070102421399 -0.3970824106711231 -0.0052374806910303971 0.051056907447459915 -0.68752372832525355
leaf_weight=80 147 336 494 105 87 194 42 4940 3645 175 72 397 45 41
leaf_count=80 147 336 494 105 87 194 42 4940 3645 175 72 397 45 41
internal_value=9.9657e-05 0.069216 -0.00314249 -0.0678509 0.000852592 0.108393 0.248666 -0.00285577 0.0175413 0.175282 -0.0173329 -0.103595 -0.0591155 -0.304912
internal_weight=10800 483 10317 599 9718 323 129 9395 3900 255 5495 555 483 86
internal_count=10800 483 10317 599 9718 323 129 9395 3900 255 5495 555 483 86
is_linear=0
shrinkage=0.05


Tree=126
num_leaves=15
num_cat=0
split_feature=52 48 28 7 44 26 29 47 52 17 36 0 41 16
split_gain=920.747 976.808 976.38 875.812 1201.98 988.941 1456.34 1787.57 1097.32 1917.88 1008.77 1835.79 1014.03 1001.58
threshold=0.97335555334614943 6.3750000000000009 16.025000000000002 291.68292550000007 81.406250000000014 23.312500000000004 20.212500000000002 77.040364583333357 0.47114434510950087 1.0026559406380949e-06 21.809635416666669 247.39528150000004 91.875000000000014 275.10399300000006
decision_type=2 2 2 2 2 2 2 2 2 2 2 2 2 2
left_child=2 -2 -1 5 -5 -4 7 -7 10 -10 11 -8 13 -12
right_child=1 -3 3 4 -6 6 8 -9 9 -11 12 -13 -14 -15
leaf_value=-0.19009591708491957 0.016762187252439848 0.13959942118219604 -0.016246788499587533 -0.0042908568115484335 0.33628342919879489 0.38977912008239513 -0.036668272515470605 0.033037437426467101 0.37295784373758889 0.043553859245405988 -0.030837444193296079 0.19457351675638082 0.23480956543769158 0.037869607963528125
leaf_weight=69 565 226 6251 61 44 56 167 92 52 268 2014 175 41 719
leaf_count=69 565 226 6251 61 44 56 167 92 52 268 2014 175 41 719
internal_value=9.34669e-05 0.0519905 -0.00401268 -0.00270196 0.140252 -0.00424227 0.016694 0.169731 0.0100547 0.0980771 0.000986634 0.0818795 -0.00901237 -0.0127547
internal_weight=10800 791 10009 9940 105 9835 3584 148 3436 320 3116 342 2774 2733
internal_count=10800 791 10009 9940 105 9835 3584 148 3436 320 3116 342 2774 2733
is_linear=0
shrinkage=0.05


Tree=127
num_leaves=15
num_cat=0
split_feature=15 15 42 64 65 47 31 47 46 65 13 21 65 51
split_gain=889.557 1322.15 1546.4 1130.13 934.869 1295.25 1645.47 1463.62 2199.15 949.88 2165.96 7565.33 2063.06 2155.39
threshold=227.55406500000001 214.08212300000002 75.875000000000014 195.32884700000002 261.24820800000003 85.403645833333357 18.112500000000004 81.417968750000014 88.322916666666671 228.99187250000003 5.1254380932035142 45.091566754914027 218.17109700000003 2.5000000000000004
decision_type=2 2 2 2 2 2 2 2 2 2 2 2 2 2
left_child=1 4 -3 -4 9 6 -6 8 -8 12 -11 -12 -1 -14
right_child=-2 2 3 -5 5 -7 7 -9 -10 10 11 -13 13 -15
leaf_value=-0.0025514083952070817 -0.058001248713698231 0.33192109431295347 0.003043618491800452 0.27072392834816128 -0.24636046781259427 0.31746654621348153 0.046321398647335796 -0.13687179153922069 0.40764703422107484 -0.012101851340240189 -0.80181539327633089 -0.050799519566678879 -0.04982431226192003 0.39368105221039329
leaf_weight=7480 620 59 221 47 50 40 996 101 43 806 40 185 46 66
leaf_count=7480 620 59 221 47 50 40 996 101 43 806 40 185 46 66
internal_value=9.5835e-05 0.00363951 0.102395 0.0508194 0.000351958 0.0411127 0.0315647 0.0439597 0.0616528 -0.00546632 -0.0504742 -0.187271 0.000651627 0.212698
internal_weight=10800 10180 327 268 9853 1230 1190 1140 1039 8623 1031 225 7592 112
internal_count=10800 10180 327 268 9853 1230 1190 1140 1039 8623 1031 225 7592 112
is_linear=0
shrinkage=0.05


Tree=128
num_leaves=15
num_cat=0
split_feature=31 26 30 43 32 46 64 61 52 52 65 43 40 22
split_gain=871.896 834.435 1472.55 2027.58 1943.29 1134.88 1543.71 924.303 2090.79 2164.73 2147.94 1400.49 2376.76 2837.16
threshold=16.512500000000003 16.862500000000004 17.525000000000002 80.875000000000014 20.587500000000002 91.427083333333357 251.70151450000003 -0.3520614488341256 0.5277851165098012 0.47114434510950087 79.608916500000007 82.375000000000014 82.875000000000014 38.005665614583343
decision_type=2 2 2 2 2 2 2 2 2 2 2 2 2 2
left_child=-1 -2 3 4 -3 7 -7 11 9 -9 -10 12 13 -4
right_child=1 2 5 -5 -6 6 -8 8 10 -11 -12 -13 -14 -15
leaf_value=-0.13507579205147291 -0.12101814137214291 0.4877997601003039 0.45260992099841435 -0.047240813715605567 0.11122779582661611 -0.033445283603214193 -0.36413394510746006 -0.0094243791860541687 -0.04876719309545275 0.21742909123128823 -0.50700888644371722 0.054447875300728359 -0.057996423820898785 0.032219049030823919
leaf_weight=117 136 50 41 108 107 127 48 6118 66 106 41 1764 1061 910
leaf_count=117 136 50 41 108 107 127 48 6118 66 106 41 1764 1061 910
internal_value=9.29527e-05 0.00158582 0.00317808 0.119328 0.233483 0.000173225 -0.125702 0.00236494 -0.00931217 -0.00552656 -0.227424 0.0219406 -0.00657279 0.0507995
internal_weight=10800 10683 10547 265 157 10282 175 10107 6331 6224 107 3776 2012 951
internal_count=10800 10683 10547 265 157 10282 175 10107 6331 6224 107 3776 2012 951
is_linear=0
shrinkage=0.05


Tree=129
num_leaves=15
num_cat=0
split_feature=64 25 65 15 64 15 6 24 57 37 51 24 15 30
split_gain=827.39 1143.99 1121.18 896.749 1418.97 1247.62 1436.37 1161.6 1012.91 2425.27 2263.62 1835.05 1688.56 2611.51
threshold=274.03199250000006 106.96841639146548 267.06350950000007 227.55406500000001 121.02038850000001 214.08212300000002 188.77508800000001 286.33608750000002 2.5000000000000004 57.125000000000007 1.5000000000000002 277.29195150000004 174.03359550000002 19.012500000000003
decision_type=2 2 2 2 2 2 2 2 2 2 2 2 2 2
left_child=3 2 -2 5 -5 8 7 -7 9 10 -1 -12 -10 -14
right_child=1 -3 -4 4 -6 6 -8 -9 12 -11 11 -13 13 -15
leaf_value=-0.060341244781172122 0.080108592273557891 0.01605997839984526 0.38638382420894946 -0.026491000015439109 -0.22817662215159046 0.11918803052659231 0.011047523535238819 0.43901285594924855 -0.0070348625681045558 0.0066173000991732655 0.14928509924497643 0.49340160534543509 -0.37770264825388178 -0.056687861904501917
leaf_weight=76 84 332 46 494 105 87 194 42 4949 3660 117 58 72 484
leaf_count=76 84 332 46 494 105 87 194 42 4949 3660 117 58 72 484
internal_value=8.84513e-05 0.06548 0.190605 -0.00283991 -0.0621663 0.000814978 0.0972851 0.225893 -0.00250425 0.0169494 0.166984 0.265491 -0.0163255 -0.0988616
internal_weight=10800 462 130 10338 599 9739 323 129 9416 3911 251 175 5505 556
internal_count=10800 462 130 10338 599 9739 323 129 9416 3911 251 175 5505 556
is_linear=0
shrinkage=0.05


Tree=130
num_leaves=15
num_cat=0
split_feature=31 9 8 65 48 48 7 24 7 36 47 6 22 51
split_gain=791.725 812.549 790.777 826.997 2206.78 3372.25 1560.8 1519.16 1341.04 1892.52 1492.8 2028.46 1534.63 1485.54
threshold=16.512500000000003 253.49535900000004 302.79461750000002 24.000000000000004 2.1250000000000004 2.3750000000000004 279.44062350000007 270.45135800000008 202.65135800000004 19.852604166666669 72.183593750000014 92.728036500000016 145.78409998958335 1.5000000000000002
decision_type=2 2 2 2 2 2 2 2 2 2 2 2 2 2
left_child=1 -1 3 -2 -5 7 8 -6 13 -10 -11 12 -12 -7
right_child=2 -3 -4 4 5 6 -8 -9 9 10 11 -13 -14 -15
leaf_value=0.0068962173239360079 -0.013502152833402187 -0.2555488930694515 -0.21247620500277642 0.27222148428739207 -0.089744842691080906 -0.030933117737270435 0.17471540232747795 -0.52282279996973713 -0.30392472377763347 -0.11531458324231839 -0.057224340597862633 0.20307359874127356 0.25070088823636372 0.03668362858205973
leaf_weight=57 4631 60 42 81 41 1037 149 40 64 294 401 122 44 3737
leaf_count=57 4631 60 42 81 41 1037 149 40 64 294 401 122 44 3737
internal_value=8.84019e-05 -0.128716 0.00151098 0.00237548 0.0146102 0.0110455 0.0155077 -0.307378 0.0113153 -0.0437554 -0.0240863 0.023337 -0.026284 0.0219926
internal_weight=10800 117 10683 10641 6010 5929 5848 81 5699 925 861 567 445 4774
internal_count=10800 117 10683 10641 6010 5929 5848 81 5699 925 861 567 445 4774
is_linear=0
shrinkage=0.05


Tree=131
num_leaves=15
num_cat=0
split_feature=52 48 26 24 36 0 36 46 31 46 30 47 22 27
split_gain=735.341 860.558 823.852 1489.89 1480.65 2058.01 1832.44 2371.14 1704.7 1459.37 1437.16 1322.37 1214.87 1187.39
threshold=0.97335555334614943 6.3750000000000009 21.512500000000003 296.45735250000007 21.809635416666669 247.39528150000004 22.204427083333339 80.453125000000014 19.262500000000003 71.963541666666671 17.225000000000005 82.167968750000014 143.21142522395834 26.812500000000004
decision_type=2 2 2 2 2 2 2 2 2 2 2 2 2 2
left_child=2 -2 3 12 5 10 7 13 9 -7 -4 -8 -1 -6
right_child=1 -3 4 -5 6 8 11 -9 -10 -11 -12 -13 -14 -15
leaf_value=-0.021651650845141077 0.013398454612772585 0.12868879601392189 0.21689603226749521 0.19360074890376647 -0.10230190586944708 0.15803785351934016 0.0017864021664778049 -0.38589670307823082 0.29418371466222831 -0.2013445326831283 -0.016634994481285716 0.20930568331506297 -0.21737117932902442 0.19416949828820571
leaf_weight=3787 565 226 75 78 172 90 4859 66 150 40 494 77 80 41
leaf_count=3787 565 226 75 78 172 90 4859 66 150 40 494 77 80 41
internal_value=8.09394e-05 0.0464594 -0.00358858 -0.0213708 0.00798144 0.0691739 -0.00199203 -0.126422 0.179886 0.0467658 0.0144733 0.00506538 -0.0257558 -0.044594
internal_weight=10800 791 10009 3945 6064 849 5215 279 280 130 569 4936 3867 213
internal_count=10800 791 10009 3945 6064 849 5215 279 280 130 569 4936 3867 213
is_linear=0
shrinkage=0.05


Tree=132
num_leaves=15
num_cat=0
split_feature=15 26 65 22 10 43 65 24 64 24 30 25 36 41
split_gain=734.403 1127.72 2045.02 835.617 1187.48 873.924 795.647 1122.03 3200.48 2549 2402.56 2248.75 3008.94 1437.98
threshold=227.55406500000001 30.162500000000005 96.61214750000002 148.27345940104172 274.97567412500007 61.875000000000007 260.86295650000005 261.28771000000006 248.40562600000001 274.28284400000007 21.962500000000002 105.3195466553865 23.792968750000004 73.875000000000014
decision_type=2 2 2 2 2 2 2 2 2 2 2 2 2 2
left_child=1 6 -3 4 -2 -6 -1 8 10 -9 -8 12 -11 -14
right_child=3 2 -4 -5 5 -7 7 9 -10 11 -12 -13 13 -15
leaf_value=-0.0039272447435028 -0.077439436691498428 -0.0051220672317298065 0.40052447565272448 -0.2554631607864607 -0.015531828533858061 0.23414340461371466 0.0016908860123956836 -0.092658708149290378 0.46598257952783673 0.38386322400859885 0.40124469465294549 -0.0062804975147308737 0.19220923928501593 -0.21203271607783708
leaf_weight=8793 431 82 49 46 84 59 301 369 53 110 42 295 43 43
leaf_count=8793 431 82 49 46 84 59 301 369 53 110 42 295 43 43
internal_value=7.90445e-05 0.00329889 0.148493 -0.0527089 -0.0360442 0.0883917 0.00139153 0.0386007 0.108129 0.00649691 0.05164 0.0810519 0.211861 -0.0100257
internal_weight=10800 10180 131 620 574 143 10049 1256 396 860 343 491 196 86
internal_count=10800 10180 131 620 574 143 10049 1256 396 860 343 491 196 86
is_linear=0
shrinkage=0.05


end of trees

feature_importances:
consumo_alvo_semana_anterior=282
temperatura_externa_c_media_1440m=168
consumo_max_1440m=95
origem_hora=79
temperatura_externa_c_atual=69
umidade_relativa_pct_media_1440m=56
umidade_relativa_pct_atual=52
origem_mes=52
consumo_alvo_dia_anterior=49
consumo_atual_kw=47
consumo_lag_10080m=45
consumo_std_1440m=45
consumo_lag_1440m=43
consumo_mean_1440m=43
temperatura_externa_c_lag_720m=42
umidade_relativa_pct_media_360m=42
consumo_lag_360m=41
origem_hora_sin=41
umidade_relativa_pct_lag_1440m=40
temperatura_externa_c_lag_360m=39
alvo_hora_cos=39
origem_dia_semana=33
consumo_std_180m=30
alvo_hora_sin=30
consumo_lag_180m=27
consumo_min_180m=20
temperatura_externa_c_media_360m=20
consumo_max_60m=19
consumo_max_180m=19
consumo_max_360m=19
umidade_relativa_pct_lag_360m=18
temperatura_externa_c_lag_180m=17
consumo_lag_720m=16
consumo_std_360m=16
temperatura_externa_c_lag_1440m=16
umidade_relativa_pct_media_180m=16
temperatura_externa_c_media_180m=15
consumo_min_60m=14
consumo_lag_60m=10
consumo_lag_120m=10
consumo_std_60m=10
umidade_relativa_pct_lag_720m=10
umidade_relativa_pct_media_60m=8
consumo_mean_360m=7
temperatura_externa_c_lag_15m=7
temperatura_externa_c_lag_60m=7
temperatura_externa_c_media_60m=7
umidade_relativa_pct_lag_15m=7
umidade_relativa_pct_lag_60m=6
origem_semana_sin=6
umidade_relativa_pct_lag_180m=3
consumo_mean_180m=2
alvo_dia_semana=2
alvo_semana_sin=2
consumo_mean_60m=1
consumo_min_360m=1
origem_hora_cos=1
origem_semana_cos=1

parameters:
[boosting: gbdt]
[objective: regression]
[metric: l1]
[tree_learner: serial]
[device_type: cpu]
[data_sample_strategy: bagging]
[data: ]
[valid: ]
[num_iterations: 400]
[learning_rate: 0.05]
[num_leaves: 15]
[num_threads: 2]
[seed: 20260905]
[deterministic: 1]
[force_col_wise: 1]
[force_row_wise: 0]
[histogram_pool_size: -1]
[max_depth: -1]
[min_data_in_leaf: 40]
[min_sum_hessian_in_leaf: 0.001]
[bagging_fraction: 1]
[pos_bagging_fraction: 1]
[neg_bagging_fraction: 1]
[bagging_freq: 0]
[bagging_seed: 23218]
[bagging_by_query: 0]
[feature_fraction: 1]
[feature_fraction_bynode: 1]
[feature_fraction_seed: 28090]
[extra_trees: 0]
[extra_seed: 14360]
[early_stopping_round: 0]
[early_stopping_min_delta: 0]
[first_metric_only: 0]
[max_delta_step: 0]
[lambda_l1: 0]
[lambda_l2: 1]
[linear_lambda: 0]
[min_gain_to_split: 0]
[drop_rate: 0.1]
[max_drop: 50]
[skip_drop: 0.5]
[xgboost_dart_mode: 0]
[uniform_drop: 0]
[drop_seed: 16970]
[top_rate: 0.2]
[other_rate: 0.1]
[min_data_per_group: 100]
[max_cat_threshold: 32]
[cat_l2: 10]
[cat_smooth: 10]
[max_cat_to_onehot: 4]
[top_k: 20]
[monotone_constraints: ]
[monotone_constraints_method: basic]
[monotone_penalty: 0]
[feature_contri: ]
[forcedsplits_filename: ]
[refit_decay_rate: 0.9]
[cegb_tradeoff: 1]
[cegb_penalty_split: 0]
[cegb_penalty_feature_lazy: ]
[cegb_penalty_feature_coupled: ]
[path_smooth: 0]
[interaction_constraints: ]
[verbosity: -1]
[saved_feature_importance_type: 0]
[use_quantized_grad: 0]
[num_grad_quant_bins: 4]
[quant_train_renew_leaf: 0]
[stochastic_rounding: 1]
[linear_tree: 0]
[max_bin: 255]
[max_bin_by_feature: ]
[min_data_in_bin: 3]
[bin_construct_sample_cnt: 200000]
[data_random_seed: 5037]
[is_enable_sparse: 1]
[enable_bundle: 1]
[use_missing: 1]
[zero_as_missing: 0]
[feature_pre_filter: 1]
[pre_partition: 0]
[two_round: 0]
[header: 0]
[label_column: ]
[weight_column: ]
[group_column: ]
[ignore_column: ]
[categorical_feature: ]
[forcedbins_filename: ]
[precise_float_parser: 0]
[parser_config_file: ]
[objective_seed: 15411]
[num_class: 1]
[is_unbalance: 0]
[scale_pos_weight: 1]
[sigmoid: 1]
[boost_from_average: 1]
[reg_sqrt: 0]
[alpha: 0.9]
[fair_c: 1]
[poisson_max_delta_step: 0.7]
[tweedie_variance_power: 1.5]
[lambdarank_truncation_level: 30]
[lambdarank_norm: 1]
[label_gain: ]
[lambdarank_position_bias_regularization: 0]
[eval_at: ]
[multi_error_top_k: 1]
[auc_mu_weights: ]
[num_machines: 1]
[local_listen_port: 12400]
[time_out: 120]
[machine_list_filename: ]
[machines: ]
[gpu_platform_id: -1]
[gpu_device_id: -1]
[gpu_device_id_list: ]
[gpu_use_dp: 0]
[num_gpu: 1]

end of parameters

pandas_categorical:[]
