tree
version=v4
num_class=1
num_tree_per_iteration=1
label_index=0
max_feature_idx=65
objective=regression
feature_names=consumo_atual_kw consumo_lag_15m consumo_lag_30m consumo_lag_60m consumo_lag_120m consumo_lag_180m consumo_lag_360m consumo_lag_720m consumo_lag_1440m consumo_lag_10080m consumo_mean_60m consumo_min_60m consumo_max_60m consumo_std_60m consumo_mean_180m consumo_min_180m consumo_max_180m consumo_std_180m consumo_mean_360m consumo_min_360m consumo_max_360m consumo_std_360m consumo_mean_1440m consumo_min_1440m consumo_max_1440m consumo_std_1440m temperatura_externa_c_atual temperatura_externa_c_lag_15m temperatura_externa_c_lag_60m temperatura_externa_c_lag_180m temperatura_externa_c_lag_360m temperatura_externa_c_lag_720m temperatura_externa_c_lag_1440m temperatura_externa_c_media_60m temperatura_externa_c_media_180m temperatura_externa_c_media_360m temperatura_externa_c_media_1440m umidade_relativa_pct_atual umidade_relativa_pct_lag_15m umidade_relativa_pct_lag_60m umidade_relativa_pct_lag_180m umidade_relativa_pct_lag_360m umidade_relativa_pct_lag_720m umidade_relativa_pct_lag_1440m umidade_relativa_pct_media_60m umidade_relativa_pct_media_180m umidade_relativa_pct_media_360m umidade_relativa_pct_media_1440m origem_hora origem_dia_semana origem_fim_de_semana origem_mes origem_hora_sin origem_hora_cos origem_semana_sin origem_semana_cos alvo_hora alvo_dia_semana alvo_fim_de_semana alvo_mes alvo_hora_sin alvo_hora_cos alvo_semana_sin alvo_semana_cos consumo_alvo_dia_anterior consumo_alvo_semana_anterior
feature_infos=[22.399999999999999:324.71375799999998] [22.399999999999999:324.71375799999998] [22.399999999999999:324.71375799999998] [22.399999999999999:324.71375799999998] [22.399999999999999:324.71375799999998] [22.399999999999999:324.71375799999998] [22.399999999999999:324.71375799999998] [22.399999999999999:324.71375799999998] [22.399999999999999:324.71375799999998] [22.399999999999999:324.71375799999998] [22.399999999999999:321.24876725000001] [22.399999999999999:318.278571] [22.399999999999999:324.71375799999998] [0:82.540869055199337] [22.399999999999999:313.28577408333337] [22.399999999999999:302.53573799999998] [22.399999999999999:324.71375799999998] [0:92.970139865692389] [22.399999999999999:295.13563500000004] [22.399999999999999:249.29458700000001] [22.399999999999999:324.71375799999998] [0:116.53386463160022] [23.200000000000003:159.49963871874999] none [25.600000000000001:324.71375799999998] [1.3929144002343703:128.71471884334804] [15:33.700000000000003] [15:33.700000000000003] [15:33.700000000000003] [15:33.700000000000003] [15:33.700000000000003] [15:33.700000000000003] [15:33.700000000000003] [15:33.4375] [15:32.71875] [15.333333333333334:31.620833333333334] [16.439843749999998:27.283072916666669] [31:98] [31:98] [31:98] [31:98] [31:98] [31:98] [31:98] [32.5:95.625] [33.666666666666664:95.083333333333329] [37.041666666666664:94] [59.309895833333336:91.638020833333329] [0:23.75] [0:6] [0:1] [1:4] [-1:1] [-1:1] [-0.97492791218182362:0.97492791218182362] [-0.90096886790241903:1] [0:23.75] [0:6] [0:1] [1:4] [-1:1] [-1:1] [-0.97492791218182362:0.97492791218182362] [-0.90096886790241903:1] [22.399999999999999:324.71375799999998] [22.399999999999999:324.71375799999998]
tree_sizes=1395 1412 1409 1407 1408 1412 1412 1411 1412 1414 1409 1411 1413 1399 1405 1410 1407 1412 1406 1408 1411 1409 1417 1404 1413 1408 1403 1417 1418 1430 1416 1424 1415 1427 1423 1426 1422 1422 1428 1420 1433 1434 1438 1423 1428 1440 1421 1433 1437 1434 1422 1429 1432 1442 1430 1425 1434 1436 1431 1430 1428 1426 1431 1422 1435 1435 1428 1420 1422 1430 1427 1428 1429 1428 1413 1425 1423 1429 1430 1424 1439 1437 1427 1422 1426 1430 1413 1416 1435 1429 1420 1426 1420 1432 1438 1430 1434 1434 1434 1428 1440 1444 1419 1423 1442 1444 1437 1444 1454 1434 1427 1429 1436 1429 1426 1425 1415 1442 1429 1413 1433 1460 1446 1444 1413 1420 1430 1419 1456 1442 1451 1440 1421 1430 1430 1456 1433

Tree=0
num_leaves=15
num_cat=0
split_feature=65 65 65 36 48 6 35 60 36 60 20 21 4 61
split_gain=8.95474e+07 9.48169e+06 3.43738e+06 305518 286654 240717 228348 160353 159258 117528 77808.6 76674.1 59124.8 46184.9
threshold=151.79469900000001 42.523274000000008 228.48710000000003 22.565625000000004 14.875000000000002 69.10047950000002 19.467708333333338 -0.8814490726585632 22.925260416666671 -0.8814490726585632 266.83821300000005 29.433092575223927 256.37658150000004 -0.68322629814330815
decision_type=2 2 2 2 2 2 2 2 2 2 2 2 2 2
left_child=1 -1 4 9 8 6 -4 -5 11 -3 -8 -2 -10 -9
right_child=2 3 5 7 -6 -7 10 13 12 -11 -12 -13 -14 -15
leaf_value=103.88688848873407 111.50777752538606 108.91326153194325 114.70037522873146 110.24168060059753 109.38613883089137 113.20006537031244 115.83020228141982 109.07937972215289 112.94465746488569 107.12753104638007 116.74716905346624 112.68151360966739 114.33938010286403 108.23342293261086
leaf_weight=5452 340 107 442 148 74 103 1442 219 470 635 386 267 109 606
leaf_count=5452 340 107 442 148 74 103 1442 219 470 635 386 267 109 606
internal_value=108.148 104.907 114.542 108.149 112.425 115.663 115.773 108.732 112.614 107.386 116.028 112.031 113.217 108.459
internal_weight=10800 7167 3633 1715 1260 2373 2270 973 1186 742 1828 607 579 825
internal_count=10800 7167 3633 1715 1260 2373 2270 973 1186 742 1828 607 579 825
is_linear=0
shrinkage=1


Tree=1
num_leaves=15
num_cat=0
split_feature=65 65 65 36 48 6 35 60 36 60 4 16 29 61
split_gain=8.08284e+07 8.55774e+06 3.10181e+06 277007 258697 216869 206007 150763 146845 92871.8 91077.3 67243.5 46922.9 45972.3
threshold=151.79469900000001 42.523274000000008 228.48710000000003 22.382291666666671 14.875000000000002 69.10047950000002 19.91822916666667 -0.8814490726585632 20.950520833333336 -0.8814490726585632 257.26550900000007 276.3691280000001 16.862500000000004 -0.68322629814330815
decision_type=2 2 2 2 2 2 2 2 2 2 2 2 2 2
left_child=1 -1 4 9 8 6 12 -5 -2 -3 -10 -8 -4 -9
right_child=2 3 5 7 -6 -7 11 13 10 -11 -12 -13 -14 -15
leaf_value=-4.0482459155918153 3.1080523331960044 0.67359799109399321 4.9252911923536615 1.9274224096943873 1.1769060618082683 4.8017399347745453 7.4173566218296134 0.88487122185189626 4.2945083144934753 -1.0042902816843318 5.6742493238204572 8.7400870023454953 6.559084988017327 0.047935354231152874
leaf_weight=5452 239 95 66 160 74 103 1560 219 792 595 155 139 505 646
leaf_count=5452 239 95 66 160 74 103 1560 219 792 595 155 139 505 646
internal_value=0.000215823 -3.07938 6.07466 0.00122917 4.06418 7.14001 7.24394 0.522418 4.24318 -0.772636 4.52608 7.53065 6.37918 0.260607
internal_weight=10800 7167 3633 1715 1260 2373 2270 1025 1186 690 947 1699 571 865
internal_count=10800 7167 3633 1715 1260 2373 2270 1025 1186 690 947 1699 571 865
is_linear=0
shrinkage=0.05


Tree=2
num_leaves=15
num_cat=0
split_feature=65 65 65 36 48 6 30 36 60 60 21 16 4 36
split_gain=7.29586e+07 7.72381e+06 2.7996e+06 250412 233434 195407 187789 136367 131110 95500 68579.6 63455.7 48805.3 37641.9
threshold=151.79469900000001 42.523274000000008 228.48710000000003 22.565625000000004 14.875000000000002 69.10047950000002 19.012500000000003 22.925260416666671 -0.8814490726585632 -0.8814490726585632 28.914558383077527 276.3691280000001 264.13985200000008 23.992578124999998
decision_type=2 2 2 2 2 2 2 2 2 2 2 2 2 2
left_child=1 -1 4 9 7 6 -4 10 -5 -3 -2 -8 -9 -10
right_child=2 3 5 8 -6 -7 11 12 13 -11 -12 -13 -14 -15
leaf_value=-3.8458709526516728 2.9803449410435641 0.68686778837883922 5.9916962794095925 1.8938236537395707 1.1188453520139059 4.5639613481668331 7.0343398069664209 4.3748489140982576 -0.074118028600149016 -0.92285022820820517 4.0821398190089635 8.3534216895470248 5.7720751119214437 0.60173749110993302
leaf_weight=5452 328 107 508 148 74 103 1633 494 391 635 279 129 85 434
leaf_count=5452 328 107 508 148 74 103 1633 494 391 635 279 129 85 434
internal_value=0.000414045 -2.92542 5.77157 0.0012414 3.86153 6.78369 6.88236 4.03158 0.528626 -0.690109 3.49265 7.1356 4.58957 0.281721
internal_weight=10800 7167 3633 1715 1260 2373 2270 1186 973 742 607 1762 579 825
internal_count=10800 7167 3633 1715 1260 2373 2270 1186 973 742 607 1762 579 825
is_linear=0
shrinkage=0.05


Tree=3
num_leaves=15
num_cat=0
split_feature=65 65 65 36 48 6 35 36 60 4 60 36 16 17
split_gain=6.5855e+07 6.97112e+06 2.52631e+06 226819 210669 176050 175768 126285 123023 76297.7 75652.1 51363.5 48299.7 41290.3
threshold=151.79469900000001 42.523274000000008 228.48710000000003 22.382291666666671 14.875000000000002 69.10047950000002 20.281250000000004 20.950520833333336 -0.8814490726585632 256.03719150000006 -0.8814490726585632 18.666666666666668 276.3691280000001 52.127083846939321
decision_type=2 2 2 2 2 2 2 2 2 2 2 2 2 2
left_child=1 -1 4 10 7 6 11 -2 -5 13 -3 -4 -8 -9
right_child=2 3 5 8 -6 -7 12 9 -10 -11 -12 -13 -14 -15
leaf_value=-3.6536126678763412 2.7794218452771506 0.60628326746324701 4.5715831980985753 1.7420447801951298 1.0636490093866984 4.3379576829763558 6.7508191338805261 3.6170690876353877 0.23635704078053946 5.1229552180130291 -0.90809493345245973 6.0411614853063984 7.8999505179268983 4.4595091456648701
leaf_weight=5452 239 95 84 160 74 103 1375 549 865 160 595 672 139 238
leaf_count=5452 239 95 84 160 74 103 1375 549 865 160 595 672 139 238
internal_value=0.000590555 -2.77916 5.4836 0.00124302 3.66918 6.44505 6.53871 3.83072 0.47286 4.09283 -0.699018 5.88413 6.86147 3.87717
internal_weight=10800 7167 3633 1715 1260 2373 2270 1186 1025 947 690 756 1514 787
internal_count=10800 7167 3633 1715 1260 2373 2270 1186 1025 947 690 756 1514 787
is_linear=0
shrinkage=0.05


Tree=4
num_leaves=15
num_cat=0
split_feature=65 65 65 36 48 6 35 60 36 20 21 36 60 4
split_gain=5.94441e+07 6.29173e+06 2.2799e+06 208853 190122 158628 161389 130071 116596 60331 58856 55752.6 45917.8 41537.1
threshold=151.79469900000001 42.523274000000008 228.48710000000003 21.705989583333338 14.875000000000002 69.10047950000002 19.467708333333338 -0.8814490726585632 22.936588541666669 266.38679650000006 29.433092575223927 23.992578124999998 -0.8814490726585632 267.1966680000001
decision_type=2 2 2 2 2 2 2 2 2 2 2 2 2 2
left_child=1 -1 4 12 8 6 -4 -5 10 -8 -2 -9 -3 -10
right_child=2 3 5 7 -6 -7 9 11 13 -11 -12 -13 -14 -15
leaf_value=-3.4709653274085621 2.6968063030628802 0.38075786884014429 5.3133314455604985 1.5474320176988841 1.0111756324768066 4.1231452795175407 6.2501628200659596 -0.18461463012952894 3.9802680634882344 7.0299559015358613 3.7143816495824744 0.55992909683334613 -1.0492704934337056 5.3672309769524471
leaf_weight=5452 345 64 442 191 74 103 1423 595 501 405 269 434 431 71
leaf_count=5452 345 64 442 191 74 103 1423 595 501 405 269 434 431 71
internal_value=0.000767943 -2.64022 5.21006 0.00122972 3.4864 6.12342 6.21233 0.352699 3.63986 6.42668 3.14793 0.129649 -0.863983 4.16149
internal_weight=10800 7167 3633 1715 1260 2373 2270 1220 1186 1828 614 1029 495 572
internal_count=10800 7167 3633 1715 1260 2373 2270 1220 1186 1828 614 1029 495 572
is_linear=0
shrinkage=0.05


Tree=5
num_leaves=15
num_cat=0
split_feature=65 65 65 26 21 30 6 48 36 36 61 60 16 60
split_gain=5.3659e+07 5.7821e+06 1.97803e+06 205104 147562 143782 111029 101020 96158.7 77918 59122.6 54011.5 49113.2 42671.2
threshold=156.72508050000002 42.523274000000008 230.54555800000003 27.012500000000003 37.242918538384508 19.012500000000003 72.044323500000019 14.875000000000002 21.705989583333338 20.920312500000001 -0.68322629814330815 -0.8814490726585632 276.3691280000001 -0.8814490726585632
decision_type=2 2 2 2 2 2 2 2 2 2 2 2 2 2
left_child=1 -1 4 8 7 -4 12 9 13 -2 -10 -5 -7 -3
right_child=2 3 5 11 -6 6 -8 -9 10 -11 -12 -13 -14 -15
leaf_value=-3.2974490004986685 2.1015216964483261 0.33553902012961251 5.0643489794132828 1.8460066441127232 4.0724802597447445 6.0395212119502482 4.0383794047037762 0.96569930564972661 0.69663762564030218 3.3814147007318192 -0.20823813946180497 0.58656531224312547 7.1976892693098211 -0.99934279251223157
leaf_weight=5452 159 69 525 139 474 1625 74 61 253 566 623 221 128 431
leaf_count=5452 159 69 525 139 474 1625 74 61 253 566 623 221 128 431
internal_value=0.000902004 -2.49736 4.97185 0.0157947 3.3686 5.82894 6.04576 2.93949 -0.262326 3.104 0.0535979 1.07662 6.12814 -0.814827
internal_weight=10800 7188 3612 1736 1260 2352 1827 786 1376 725 876 360 1753 500
internal_count=10800 7188 3612 1736 1260 2352 1827 786 1376 725 876 360 1753 500
is_linear=0
shrinkage=0.05


Tree=6
num_leaves=15
num_cat=0
split_feature=65 65 65 36 48 30 6 36 60 60 21 26 36 4
split_gain=4.84348e+07 5.12393e+06 1.85766e+06 176304 154272 131707 113067 101754 72793 68965.4 48883 47446.8 46410.8 37133.2
threshold=151.79469900000001 42.523274000000008 228.48710000000003 23.231250000000006 14.875000000000002 19.012500000000003 72.044323500000019 22.925260416666671 -0.8814490726585632 -0.8814490726585632 28.914558383077527 22.012500000000003 21.705989583333338 253.29621200000003
decision_type=2 2 2 2 2 2 2 2 2 2 2 2 2 2
left_child=1 -1 4 9 7 -4 11 10 -5 -3 -2 -7 -11 -9
right_child=2 3 5 8 -6 6 -8 13 -10 12 -12 -13 -14 -15
leaf_value=-3.1326068754351821 2.3902598931977814 0.62272793851095998 4.8009029560519343 1.7506951768519514 0.91754033184299877 5.480771607043696 3.8015073799792631 3.548026850289911 0.38530247064072876 -0.94726048689249343 3.3178611881392346 6.0740097572853617 -0.22417761783058754 4.6286132176717123
leaf_weight=5452 328 138 531 117 74 764 80 466 571 431 279 998 458 113
leaf_count=5452 328 138 531 117 74 764 80 466 571 431 279 998 458 113
internal_value=0.00100416 -2.38291 4.70323 0.000827605 3.14735 5.52769 5.73448 3.28558 0.619703 -0.413964 2.82138 5.82004 -0.575409 3.76654
internal_weight=10800 7167 3633 1715 1260 2373 1842 1186 688 1027 607 1762 889 579
internal_count=10800 7167 3633 1715 1260 2373 1842 1186 688 1027 607 1762 889 579
is_linear=0
shrinkage=0.05


Tree=7
num_leaves=15
num_cat=0
split_feature=65 65 65 26 21 36 48 36 31 61 29 6 60 3
split_gain=4.37209e+07 4.70898e+06 1.61133e+06 172089 123853 118724 81701.6 77955.6 67559 53603 52367.7 50483.4 43837.1 40250.1
threshold=156.72508050000002 42.523274000000008 230.54555800000003 27.012500000000003 37.242918538384508 22.889062500000005 14.875000000000002 21.705989583333338 19.712500000000002 -0.68322629814330815 16.862500000000004 70.579213000000024 -0.8814490726585632 216.64950850000002
decision_type=2 2 2 2 2 2 2 2 2 2 2 2 2 2
left_child=1 -1 4 7 6 10 8 -3 -2 -9 -4 -12 -5 -6
right_child=2 3 5 12 13 -7 -8 9 -10 -11 11 -13 -14 -15
leaf_value=-2.9760052738158218 1.6723092042793664 -0.73820435487462621 3.4148195067448408 1.6789112247739522 3.5159086817628022 5.6390823710596534 0.87305609646343418 0.65601353637221471 3.0093426574822915 -0.2055866990974233 5.0586155756439579 3.3887504209551893 0.54411903911077231 5.1577215641102896
leaf_weight=5452 117 500 66 139 428 1150 61 253 608 623 1080 56 221 46
leaf_count=5452 117 500 66 139 428 1150 61 253 608 623 1080 56 221 46
internal_value=0.00110865 -2.25397 4.48818 0.0140144 3.04115 5.26175 2.64822 -0.24074 2.79617 0.0437187 4.89636 4.97935 0.985712 3.68576
internal_weight=10800 7188 3612 1736 1260 2352 786 1376 725 876 1202 1136 360 474
internal_count=10800 7188 3612 1736 1260 2352 786 1376 725 876 1202 1136 360 474
is_linear=0
shrinkage=0.05


Tree=8
num_leaves=15
num_cat=0
split_feature=65 65 65 36 48 36 6 36 60 60 20 4 25 17
split_gain=3.94663e+07 4.17239e+06 1.51183e+06 147919 124740 114231 101485 91613.1 60716.4 59839.6 57008.2 55327 37354.2 29087.6
threshold=151.79469900000001 42.523274000000008 228.48710000000003 23.231250000000006 14.875000000000002 20.53151041666667 70.579213000000024 20.920312500000001 -0.8814490726585632 -0.8814490726585632 266.38679650000006 257.26550900000007 99.646896319244817 55.894633472865308
decision_type=2 2 2 2 2 2 2 2 2 2 2 2 2 2
left_child=1 -1 4 8 7 -4 10 -2 -3 -5 -7 13 -10 -9
right_child=2 3 5 9 -6 6 -8 11 12 -11 -12 -13 -14 -15
leaf_value=-2.8272322838883128 2.070093874971406 0.59307684625679857 4.0983520960595561 1.5926457934334117 0.83691396212577818 5.0587888832760664 3.436666093846803 2.8033578960044943 -0.84153846699126267 0.35466031211923316 5.7854571835748088 4.0765709241231285 -0.19251607950510724 3.5132161304289022
leaf_weight=5452 237 138 336 117 74 1540 92 568 463 571 405 155 426 226
leaf_count=5452 237 138 336 117 74 1540 92 568 463 571 405 155 426 226
internal_value=0.00119528 -2.15072 4.2458 0.000324807 2.84219 4.98957 5.13449 2.9665 -0.379611 0.567196 5.213 3.18795 -0.531099 3.00957
internal_weight=10800 7167 3633 1715 1260 2373 2037 1186 1027 688 1945 949 889 794
internal_count=10800 7167 3633 1715 1260 2373 2037 1186 1027 688 1945 949 889 794
is_linear=0
shrinkage=0.05


Tree=9
num_leaves=15
num_cat=0
split_feature=65 65 65 26 21 36 31 26 48 6 64 65 3 60
split_gain=3.56236e+07 3.83511e+06 1.31234e+06 144557 103151 101248 67644.4 66761.5 60428.1 50397.7 45582.7 42683.1 35702.5 35520.1
threshold=156.72508050000002 42.523274000000008 230.54555800000003 27.012500000000003 37.242918538384508 22.925260416666671 19.712500000000002 20.512500000000003 15.875000000000002 244.88150150000004 240.69470000000004 90.634957500000013 216.64950850000002 -0.8814490726585632
decision_type=2 2 2 2 2 2 2 2 2 2 2 2 2 2
left_child=1 -1 4 7 6 10 -2 -3 11 -8 -4 -9 -6 -5
right_child=2 3 5 13 12 -7 9 8 -10 -11 -12 -13 -14 -15
leaf_value=-2.6858965894879936 1.3342249456228634 -0.75849966050036421 4.0310713132222498 1.5270809615509853 3.1748155864524397 5.1017242985224662 2.7176978562265783 -0.41590143276875857 -0.48336406422119282 0.99057879000902183 4.6999431566260332 0.568104025857877 4.7139555342653967 0.50543553805364683
leaf_weight=5452 131 406 521 139 428 1136 608 146 383 47 695 441 46 221
leaf_count=5452 131 406 521 139 428 1136 608 146 383 47 695 441 46 221
internal_value=0.00127606 -2.0343 4.05157 0.012459 2.74567 4.7497 2.38722 -0.221029 0.00448267 2.59547 4.41691 0.323069 3.33379 0.903042
internal_weight=10800 7188 3612 1736 1260 2352 786 1376 970 655 1216 587 474 360
internal_count=10800 7188 3612 1736 1260 2352 786 1376 970 655 1216 587 474 360
is_linear=0
shrinkage=0.05


Tree=10
num_leaves=15
num_cat=0
split_feature=65 65 65 24 48 30 36 6 53 16 36 60 21 4
split_gain=3.21559e+07 3.39828e+06 1.23125e+06 124540 104587 93859.5 84714 75976.6 52454.1 43641.6 40296.3 37451.3 35187.7 34485.3
threshold=151.79469900000001 42.523274000000008 230.54555800000003 274.28284400000007 14.875000000000002 19.012500000000003 23.002473958333336 72.044323500000019 -0.5277851165098012 276.3691280000001 18.666666666666668 -0.8814490726585632 28.509041049590959 248.78331150000002
decision_type=2 2 2 2 2 2 2 2 2 2 2 2 2 2
left_child=1 -1 4 11 6 -4 10 9 -5 -7 -2 -3 -12 -8
right_child=2 3 5 8 -6 7 13 -9 -10 -11 12 -13 -14 -15
leaf_value=-2.5516263258385043 0.92049871271905992 0.47339300481896657 3.8970197978581766 1.1094626335313789 0.7452937753448885 4.675095195934488 2.9301923722028733 3.0385353787740073 0.20421344439948785 5.7248248078102293 2.0186599707994306 -0.4927312994648837 2.8135638698987071 3.9477045254829606
leaf_weight=5452 51 113 525 229 74 1625 448 74 528 128 304 845 288 116
leaf_count=5452 51 113 525 229 74 1625 448 74 528 128 304 845 288 116
internal_value=0.00132811 -1.94108 3.8327 0.00018732 2.58199 4.51251 2.69389 4.68714 0.479163 4.75496 2.29298 -0.378398 2.40946 3.14608
internal_weight=10800 7167 3633 1715 1281 2352 1207 1827 757 1753 643 958 592 564
internal_count=10800 7167 3633 1715 1281 2352 1207 1827 757 1753 643 958 592 564
is_linear=0
shrinkage=0.05


Tree=11
num_leaves=15
num_cat=0
split_feature=65 65 65 36 36 21 60 6 31 60 29 6 16 25
split_gain=2.9029e+07 3.17899e+06 1.0248e+06 129318 86048.2 78822.5 53993.9 51525.8 50397.9 48683.5 41208.7 34325.7 32591.2 31818.3
threshold=160.54939600000003 42.523274000000008 230.54555800000003 23.231250000000006 22.654296875000004 37.242918538384508 -0.8814490726585632 72.044323500000019 19.712500000000002 -0.8814490726585632 16.862500000000004 244.88150150000004 281.03721150000007 100.68220936795701
decision_type=2 2 2 2 2 2 2 2 2 2 2 2 2 2
left_child=1 -1 5 9 10 8 -5 12 -2 -3 -4 -10 -6 -11
right_child=2 3 4 6 7 -7 -8 -9 11 13 -12 -13 -14 -15
leaf_value=-2.424068507452132 1.2514331183706722 0.47683945924231097 2.6542797714916628 1.465362358815395 4.5675831858094753 3.0183649122840479 0.33634933890665281 2.8607836966611906 2.460670652564076 -0.71919069465016072 4.027417372077065 0.9174872958078617 5.8090074566048635 -0.11116724187308108
leaf_weight=5452 125 158 66 129 1143 474 577 48 600 531 1025 40 70 362
leaf_count=5452 125 158 66 129 1143 474 577 48 600 531 1025 40 70 362
internal_value=0.001398 -1.82811 3.67366 0.0214797 4.28725 2.50636 0.544423 4.57839 2.18559 -0.329986 3.94686 2.3658 4.64395 -0.473113
internal_weight=10800 7209 3591 1757 2352 1239 706 1261 765 1051 1091 640 1213 893
internal_count=10800 7209 3591 1757 2352 1239 706 1261 765 1051 1091 640 1213 893
is_linear=0
shrinkage=0.05


Tree=12
num_leaves=15
num_cat=0
split_feature=65 65 65 26 6 26 36 36 48 21 30 16 65 60
split_gain=2.62027e+07 2.92047e+06 886938 118976 88401.5 102240 76594.3 58807.1 34911.8 34570.2 33180.4 32877.3 31102.1 29922.1
threshold=162.68421800000002 42.523274000000008 228.48710000000003 27.012500000000003 69.10047950000002 20.762500000000003 22.936588541666669 21.048437500000006 15.875000000000002 28.509041049590959 16.862500000000004 281.03721150000007 90.112818000000019 -0.8814490726585632
decision_type=2 2 2 2 2 2 2 2 2 2 2 2 2 2
left_child=1 -1 6 7 5 10 9 -3 12 -2 -4 -7 -9 -5
right_child=2 3 4 13 -6 11 -8 8 -10 -11 -12 -13 -14 -15
leaf_value=-2.3028873118308408 1.6540961383899289 -0.68455375316849576 2.4488424976055438 1.3809303195190592 2.5864372340532449 4.301155304031627 2.8201545207690351 -0.39234464576924749 -0.41698508470134166 2.4109995008579324 3.7244638559769614 5.4767540225734965 0.40353263433729475 0.45890054683964537
leaf_weight=5452 340 407 64 147 103 1494 564 158 306 293 636 76 539 221
leaf_count=5452 340 407 64 147 103 1494 564 158 306 293 636 76 539 221
internal_value=0.0014512 -1.72911 3.5057 0.0306161 4.06596 4.13192 2.39254 -0.178446 0.0274008 2.0077 3.6115 4.36151 0.222815 0.829956
internal_weight=10800 7230 3570 1778 2373 2270 1197 1410 1003 633 700 1570 697 368
internal_count=10800 7230 3570 1778 2373 2270 1197 1410 1003 633 700 1570 697 368
is_linear=0
shrinkage=0.05


Tree=13
num_leaves=15
num_cat=0
split_feature=65 65 65 26 6 26 48 36 48 4 26 16 30 0
split_gain=2.36557e+07 2.49633e+06 904737 97583.6 79677 92234.7 79190 65865.2 58402.6 41658.6 32661.6 30825 30003.7 28073
threshold=151.79469900000001 63.145266500000005 228.48710000000003 21.212500000000002 69.10047950000002 20.762500000000003 14.875000000000002 20.920312500000001 15.875000000000002 267.1966680000001 27.712500000000002 276.3691280000001 17.012500000000003 267.1966680000001
decision_type=2 2 2 2 2 2 2 2 2 2 2 2 2 2
left_child=1 -1 6 -3 5 12 7 -2 13 -9 -10 -7 -4 -5
right_child=2 3 4 8 -6 11 -8 9 10 -11 -12 -13 -14 -15
leaf_value=-2.1833976643401196 1.5432801056809788 -0.53840810475692924 2.5212012954380203 0.4193564558127425 2.4583589035731097 4.064563153442724 0.6052619127631188 2.3775574077869321 -0.36858693470592868 3.5590297797630579 0.44845595943532851 4.9241055188860212 3.5630056565706845 1.2162739032081196
leaf_weight=5474 237 543 91 454 103 1431 74 863 368 86 182 139 609 146
leaf_count=5474 237 543 91 454 103 1431 74 863 368 86 182 139 609 146
internal_value=0.00148922 -1.66453 3.28768 0.0134382 3.86305 3.92568 2.20186 2.30088 0.274247 2.48826 -0.0978968 4.14375 3.43136 0.614974
internal_weight=10800 7167 3633 1693 2373 2270 1260 1186 1150 949 550 1570 700 600
internal_count=10800 7167 3633 1693 2373 2270 1260 1186 1150 949 550 1570 700 600
is_linear=0
shrinkage=0.05


Tree=14
num_leaves=15
num_cat=0
split_feature=65 65 65 25 30 36 6 64 26 64 20 37 6 0
split_gain=2.13551e+07 2.37881e+06 721896 102342 71374.6 68671.9 51273.7 43125.9 39685 32945.9 32826.6 30086.2 26456.3 26075.9
threshold=162.68421800000002 42.523274000000008 230.54555800000003 104.74827228874399 19.012500000000003 23.002473958333336 72.044323500000019 145.66790250000003 23.512500000000003 190.35609850000003 266.83821300000005 50.375000000000007 189.68383650000004 202.80111400000004
decision_type=2 2 2 2 2 2 2 2 2 2 2 2 2 2
left_child=1 -1 5 8 -4 9 10 11 -3 -2 -6 -5 13 -7
right_child=2 3 4 7 6 12 -8 -9 -10 -11 -12 -13 -14 -15
leaf_value=-2.0786141396093516 1.54791114358519 -0.44649377109617422 3.1433069508338609 1.2721131641666095 3.7600757397377027 2.4503832912813284 2.4752929857571924 1.1060973016026359 0.19360969844582876 2.2936596787024919 4.3351788237011784 0.060850837270039961 1.9459757840699135 3.3026677730606822
leaf_weight=5452 420 802 525 59 1381 258 74 218 346 242 372 353 135 163
leaf_count=5452 420 802 525 59 1381 258 74 218 346 242 372 353 135 163
internal_value=0.00152862 -1.56077 3.16506 0.0274038 3.67721 2.17389 3.82883 0.538991 -0.25357 1.82357 3.88452 0.236968 2.58696 2.78741
internal_weight=10800 7230 3570 1778 2352 1218 1827 630 1148 662 1753 412 556 421
internal_count=10800 7230 3570 1778 2352 1218 1827 630 1148 662 1753 412 556 421
is_linear=0
shrinkage=0.05


Tree=15
num_leaves=15
num_cat=0
split_feature=65 65 65 25 21 36 31 6 26 53 27 26 5 64
split_gain=1.92778e+07 2.0336e+06 736469 84393.9 70617.9 68863 58755.4 55766.8 38213.9 37002.4 31819 27363.1 26581.1 24942.3
threshold=151.79469900000001 42.523274000000008 228.48710000000003 104.35210430727291 28.509041049590959 20.53151041666667 21.937500000000004 70.579213000000024 22.012500000000003 -0.5277851165098012 21.162500000000005 20.212500000000002 215.25594400000003 205.36311950000001
decision_type=2 2 2 2 2 2 2 2 2 2 2 2 2 2
left_child=1 -1 4 10 6 -4 12 8 -7 -5 -3 -6 -2 -11
right_child=2 3 5 9 11 7 -8 -9 -10 13 -12 -13 -14 -15
leaf_value=-1.9747025349020806 0.44423374798562798 -0.58237073045648358 2.8007094478748673 1.0704803431848053 1.6468720547995479 3.3890081922999644 2.0131401780392317 2.3468555194075389 3.8653183297199365 0.073178994422667884 -0.03028635271111603 2.5744631257924167 1.4629444380407222 1.0928394191605706
leaf_weight=5452 107 473 336 172 105 858 424 92 1087 420 581 461 163 69
leaf_count=5452 107 473 336 172 105 858 424 92 1087 420 581 461 163 69
internal_value=0.00156958 -1.5024 2.96813 -0.000681916 1.98847 3.48725 1.6453 3.59906 3.65705 0.441843 -0.278361 2.40559 1.06236 0.218994
internal_weight=10800 7167 3633 1715 1260 2373 694 2037 1945 661 1054 566 270 489
internal_count=10800 7167 3633 1715 1260 2373 694 2037 1945 661 1054 566 270 489
is_linear=0
shrinkage=0.05


Tree=16
num_leaves=15
num_cat=0
split_feature=65 65 65 25 36 36 53 64 36 36 65 6 26 46
split_gain=1.74053e+07 1.93702e+06 586798 85418.8 61834.7 58827.3 48075 31920.7 30017.6 29615.4 28806.7 26602.7 24707.1 23866
threshold=162.68421800000002 63.145266500000005 230.54555800000003 101.96575634550636 22.936588541666669 23.002473958333336 -0.5277851165098012 201.55550250000002 18.666666666666668 18.666666666666668 187.11893800000004 70.579213000000024 20.637500000000003 48.302083333333336
decision_type=2 2 2 2 2 2 2 2 2 2 2 2 2 2
left_child=1 -1 5 12 8 9 -5 13 -4 -2 -11 -10 -3 -8
right_child=2 3 4 6 -6 -7 7 -9 11 10 -12 -13 -14 -15
leaf_value=-1.8723110519021615 0.47136530466377735 -0.66863761431134616 2.099954454758588 0.90219378387086469 3.5949377680174202 2.3460981721723959 0.84053830630012927 0.8687780342499416 3.1892772847896111 1.203694845784095 1.9646702703393875 2.00227600064194 -0.10062075638225382 -0.1429901532238432
leaf_weight=5474 51 348 84 277 1125 556 69 119 1087 185 426 56 425 518
leaf_count=5474 51 348 84 277 1125 556 69 119 1087 185 426 56 425 518
internal_value=0.00158464 -1.40886 2.85762 0.0361241 3.31936 1.96398 0.345212 0.125713 3.06397 1.63999 1.7366 3.13292 -0.356872 -0.0261466
internal_weight=10800 7230 3570 1756 2352 1218 983 706 1227 662 611 1143 773 587
internal_count=10800 7230 3570 1756 2352 1218 983 706 1227 662 611 1143 773 587
is_linear=0
shrinkage=0.05


Tree=17
num_leaves=15
num_cat=0
split_feature=65 65 65 26 48 26 6 26 36 39 16 48 60 65
split_gain=1.57106e+07 1.77923e+06 506695 92862.3 56213.9 56048.8 65185.5 50458.7 43256.7 33005.1 27607 26171.8 24796.1 22817.5
threshold=164.56404450000002 42.523274000000008 230.54555800000003 27.012500000000003 13.875000000000002 20.512500000000003 70.579213000000024 21.412500000000005 21.048437500000006 48.875000000000007 281.03721150000007 15.875000000000002 -0.8814490726585632 90.112818000000019
decision_type=2 2 2 2 2 2 2 2 2 2 2 2 2 2
left_child=1 -1 4 8 7 -4 10 -2 -3 -6 -7 13 -5 -10
right_child=2 3 5 12 9 6 -8 -9 11 -11 -12 -13 -14 -15
leaf_value=-1.7823870401611552 1.6967847088386663 -0.5859633865845153 2.7447840375885666 1.198671665196307 2.2200283762696502 3.3329671657295652 1.9993640989065171 2.4677575062753885 -0.33729356066704552 1.0210025515836871 4.3871729348835196 -0.36343059662322996 0.37873352205229777 0.3438226790133152
leaf_weight=5452 427 412 652 159 76 1530 95 450 158 244 75 306 221 543
leaf_count=5452 427 412 652 159 76 1530 95 450 158 244 75 306 221 543
internal_value=0.00158269 -1.33255 2.72697 0.0309445 1.8867 3.15363 3.30872 2.09474 -0.155047 1.3118 3.38493 0.0216634 0.724059 0.190043
internal_weight=10800 7251 3549 1799 1197 2352 1700 877 1419 320 1605 1007 380 701
internal_count=10800 7251 3549 1799 1197 2352 1700 877 1419 320 1605 1007 380 701
is_linear=0
shrinkage=0.05


Tree=18
num_leaves=15
num_cat=0
split_feature=65 65 65 48 24 36 36 6 20 65 36 4 65 26
split_gain=1.41855e+07 1.43722e+06 583871 71273.2 67985 56127.9 48384.1 42589.3 33287.6 26666.8 26156.9 21949.8 21851.8 17887.1
threshold=147.22057950000001 42.523274000000008 228.48710000000003 14.875000000000002 274.28284400000007 20.53151041666667 23.002473958333336 70.579213000000024 266.38679650000006 115.95147100000001 18.666666666666668 267.1966680000001 189.68383650000004 21.162500000000005
decision_type=2 2 2 2 2 2 2 2 2 2 2 2 2 2
left_child=1 -1 3 6 13 -4 10 8 -7 -6 -2 -8 -12 -3
right_child=2 4 5 -5 9 7 11 -9 -10 -11 12 -13 -14 -15
leaf_value=-1.6932840443479453 0.35810601160675293 -0.53595451963427543 2.3732970857478746 0.35582957298485279 0.12577166266776621 3.0285197911195407 1.9940450214488168 1.999026692298151 3.5667481718392211 0.75961368974395493 1.1489999383583036 2.9847283950750381 1.792714612392279 -0.095566161404085151
leaf_weight=5452 49 437 336 96 499 1540 489 92 405 248 212 68 389 488
leaf_count=5452 49 437 336 96 499 1540 489 92 405 248 212 68 389 488
internal_value=0.00159022 -1.30006 2.52382 1.67128 -0.0176033 2.99105 1.77552 3.09174 3.14237 0.336938 1.47742 2.12012 1.56793 -0.303974
internal_weight=10800 7124 3676 1303 1672 2373 1207 2037 1945 747 650 557 601 925
internal_count=10800 7124 3676 1303 1672 2373 1207 2037 1945 747 650 557 601 925
is_linear=0
shrinkage=0.05


Tree=19
num_leaves=15
num_cat=0
split_feature=65 65 65 0 36 48 26 36 6 44 36 3 6 37
split_gain=1.28061e+07 1.44893e+06 411779 78488 51701.6 44558.9 45153.9 42091.3 30060.8 28691.6 27321.1 24214.6 23592.8 21728.5
threshold=164.56404450000002 63.145266500000005 228.48710000000003 267.1966680000001 22.936588541666669 13.875000000000002 19.012500000000003 21.705989583333338 80.867049000000023 54.531250000000007 18.666666666666668 217.75552550000003 77.922700000000006 49.875000000000007
decision_type=2 2 2 2 2 2 2 2 2 2 2 2 2 2
left_child=1 -1 5 7 10 6 -2 -3 -9 -7 -4 -8 -6 -5
right_child=2 3 4 13 12 9 11 8 -10 -11 -12 -13 -14 -15
leaf_value=-1.6055576634949338 1.0528863994063626 -0.49503831110435659 1.7120429389778224 1.2795317265391351 3.1379460639012144 1.8417861274622997 1.9625967302378986 0.42532834599853242 -0.14684857679234578 0.83232764685703886 2.6756467280353213 3.18844138643016 1.8650917569344696 0.42493902123463689
leaf_weight=5474 141 490 86 119 1093 108 673 372 596 209 1151 45 43 200
leaf_count=5474 141 490 86 119 1093 108 673 372 596 209 1151 45 43 200
internal_value=0.00159477 -1.20292 2.46219 0.0376106 2.84173 1.69457 1.88252 -0.117947 0.0732496 1.18095 2.61009 2.04375 3.09145 0.746739
internal_weight=10800 7251 3549 1777 2373 1176 859 1458 968 317 1237 718 1136 319
internal_count=10800 7251 3549 1777 2373 1176 859 1458 968 317 1237 718 1136 319
is_linear=0
shrinkage=0.05


Tree=20
num_leaves=15
num_cat=0
split_feature=65 65 65 48 25 30 36 21 6 16 53 26 64 36
split_gain=1.15629e+07 1.16998e+06 474188 58962.7 57804.5 48049.6 41492.2 29691.1 28033.9 24518.4 22245.6 21669.2 18996.1 17497.2
threshold=147.22057950000001 42.523274000000008 228.48710000000003 14.875000000000002 104.19667212036495 19.912500000000005 23.792968750000004 28.509041049590959 72.044323500000019 281.03721150000007 -0.5277851165098012 21.512500000000003 205.36311950000001 18.666666666666668
decision_type=2 2 2 2 2 2 2 2 2 2 2 2 2 2
left_child=1 -1 3 6 11 13 7 -2 9 -7 -6 -3 -12 -4
right_child=2 4 5 -5 10 8 -8 -9 -10 -11 12 -13 -14 -15
leaf_value=-1.5283722184763773 1.1031861292544534 -0.49436021104138272 1.6274247311997687 0.31412322983606578 0.84012521132380658 2.8427778766323724 2.031227461496989 1.7144016305060719 1.7595679489197211 3.9068290710449221 0.045556455014974157 -0.027389394917419391 0.88848146079461798 2.4324443570692531
leaf_weight=5452 424 493 86 96 166 1568 392 391 63 63 435 500 78 593
leaf_count=5452 424 493 86 96 166 1568 392 391 63 63 435 500 78 593
internal_value=0.00159907 -1.17359 2.27878 1.51046 -0.0164868 2.69984 1.60527 1.39816 2.84541 2.88625 0.338755 -0.259493 0.1752 2.33303
internal_weight=10800 7124 3676 1303 1672 2373 1207 815 1694 1631 679 993 513 679
internal_count=10800 7124 3676 1303 1672 2373 1207 815 1694 1631 679 993 513 679
is_linear=0
shrinkage=0.05


Tree=21
num_leaves=15
num_cat=0
split_feature=65 65 65 60 64 36 26 6 31 21 6 46 16 37
split_gain=1.04392e+07 1.17932e+06 334926 68338.2 49385.5 47764.6 46187.1 40971.5 33132.5 27269.6 23540 22876.8 21944.4 18174.3
threshold=164.56404450000002 63.145266500000005 232.69915800000004 -0.8814490726585632 230.0338265 21.624739583333341 20.512500000000003 70.579213000000024 18.987500000000004 30.066092528125392 80.867049000000023 48.302083333333336 285.75061850000003 50.125000000000007
decision_type=2 2 2 2 2 2 2 2 2 2 2 2 2 2
left_child=1 -1 4 13 8 -5 -4 12 -2 -10 -7 -12 -8 -3
right_child=2 3 6 5 -6 10 7 -9 9 -11 11 -13 -14 -15
leaf_value=-1.4491727422829632 0.65829116615874717 1.3043199785974589 2.2083343682081806 -0.55940742852611036 2.5166823778695209 0.38893281873172003 2.7431289950090956 1.6050748092787608 1.3239938202384753 1.8650862951290432 0.74818563134076876 -0.20733027332251772 3.9525744871659714 0.45890555023114921
leaf_weight=5474 120 88 643 422 122 372 1541 83 592 405 69 596 43 230
leaf_count=5474 120 88 643 422 122 372 1541 83 592 405 69 596 43 230
internal_value=0.00159991 -1.08592 2.2232 0.0332571 1.55771 -0.111617 2.57932 2.72101 1.45081 1.54544 0.0709718 -0.107212 2.77843 0.696212
internal_weight=10800 7251 3549 1777 1239 1459 2310 1667 1117 997 1037 665 1584 318
internal_count=10800 7251 3549 1777 1239 1459 2310 1667 1117 997 1037 665 1584 318
is_linear=0
shrinkage=0.05


Tree=22
num_leaves=15
num_cat=0
split_feature=65 65 65 26 64 36 36 36 48 26 39 48 16 17
split_gain=9.42278e+06 1.06445e+06 302854 62901.5 59429.5 40240.2 30112.7 29209.2 28181.7 24572.4 23719.8 21830.7 20565.4 17321.1
threshold=164.56404450000002 63.145266500000005 236.54451150000003 27.012500000000003 231.48682050000005 20.53151041666667 18.666666666666668 21.048437500000006 13.875000000000002 22.712500000000002 48.875000000000007 15.875000000000002 275.73192000000006 29.711980936530619
decision_type=2 2 2 2 2 2 2 2 2 2 2 2 2 2
left_child=1 -1 4 7 6 -4 -2 -3 9 -8 -10 -9 13 -7
right_child=2 3 5 -5 -6 12 8 11 10 -11 -12 -13 -14 -15
leaf_value=-1.3767273280860084 0.18744922778927364 -0.47774812267218558 1.929379953010173 0.60115134134653991 2.3806349368453716 2.3635110782233442 1.3958820895997728 0.18146975351636821 1.7888235736202884 2.0041374649721031 0.7687854786233066 -0.32627147868676087 3.1373487557575204 2.7057839014664502
leaf_weight=5474 51 410 315 380 172 1046 536 681 76 254 234 306 156 709
leaf_count=5474 51 410 315 380 172 1046 536 681 76 254 234 306 156 709
internal_value=0.0016012 -1.03162 2.11228 0.0316542 1.51106 2.46877 1.37916 -0.123575 1.43419 1.59373 1.02381 0.0238836 2.55662 2.50325
internal_weight=10800 7251 3549 1777 1323 2226 1151 1397 1100 790 310 987 1911 1755
internal_count=10800 7251 3549 1777 1323 2226 1151 1397 1100 790 310 987 1911 1755
is_linear=0
shrinkage=0.05


Tree=23
num_leaves=15
num_cat=0
split_feature=65 65 65 36 25 6 26 6 37 16 60 30 65 65
split_gain=8.51005e+06 859667 346795 48753.2 46287.9 43903.1 49859.8 29734.2 23667.3 21118.1 17747.1 17734.6 17328.8 16798.2
threshold=147.22057950000001 42.523274000000008 224.90418100000002 20.950520833333336 104.33527907377577 69.10047950000002 20.762500000000003 244.88150150000004 47.875000000000007 281.03721150000007 -0.8814490726585632 16.025000000000002 116.68736850000001 174.09863900000002
decision_type=2 2 2 2 2 2 2 2 2 2 2 2 2 2
left_child=1 -1 3 13 10 6 11 8 -5 -8 -3 -4 -6 -2
right_child=2 4 5 7 12 -7 9 -9 -10 -11 -12 -13 -14 -15
leaf_value=-1.3106985018359572 -0.2047234002580034 0.32498486974072877 1.1052529181752886 2.1863826673919871 0.1298676095371343 1.354875859507352 2.4687648776122142 0.46435965615014241 1.4144693767613254 3.361575019053924 -0.30503950018163645 2.072923577790557 0.67437830885364258 0.84769035980897256
leaf_weight=5452 46 127 55 117 437 120 1505 74 818 77 889 658 219 206
leaf_count=5452 46 127 55 117 437 120 1505 74 818 77 889 658 219 206
internal_value=0.00160107 -1.00658 1.95517 1.28139 -0.0147291 2.30631 2.35545 1.4369 1.51329 2.51432 -0.226044 1.99993 0.312398 0.655533
internal_weight=10800 7124 3676 1261 1672 2415 2295 1009 935 1582 1016 713 656 252
internal_count=10800 7124 3676 1261 1672 2415 2295 1009 935 1582 1016 713 656 252
is_linear=0
shrinkage=0.05


Tree=24
num_leaves=15
num_cat=0
split_feature=65 65 65 36 26 6 26 48 44 60 61 26 36 9
split_gain=7.68146e+06 775896 313000 44423.4 42514 39590.4 45721.2 29466.8 25852.2 24208.9 23324.3 20665.2 18825.5 18393.2
threshold=147.22057950000001 42.523274000000008 224.90418100000002 20.417187500000001 21.212500000000002 69.10047950000002 22.012500000000003 13.875000000000002 54.531250000000007 -0.8814490726585632 -0.9733555533461492 29.212500000000002 19.607031250000002 112.81432700000001
decision_type=2 2 2 2 2 2 2 2 2 2 2 2 2 2
left_child=1 -1 3 -2 13 6 12 11 -9 -6 -11 -5 -4 -3
right_child=2 4 5 7 9 -7 -8 8 -10 10 -12 -13 -14 -15
leaf_value=-1.2451756421915876 0.5136947304840378 -0.19371003779967888 1.3977674414471883 1.4513228993994349 0.6395612011895353 1.2876919330521064 2.4643100272045255 1.5050203118557322 0.6102994977955668 1.0666998818235578 -0.013562448741548465 2.5594828889725059 2.0798945783870297 -0.84051204763352882
leaf_weight=5452 192 381 122 679 212 120 1150 132 212 52 873 46 1023 154
leaf_count=5452 192 381 122 679 212 120 1150 132 212 52 873 46 1023 154
internal_value=0.00158851 -0.956254 1.85762 1.21751 -0.0139681 2.19121 2.23787 1.34332 0.95699 0.15897 0.0482522 1.52506 2.0085 -0.381113
internal_weight=10800 7124 3676 1261 1672 2415 2295 1069 344 1137 925 725 1145 535
internal_count=10800 7124 3676 1261 1672 2415 2295 1069 344 1137 925 725 1145 535
is_linear=0
shrinkage=0.05


Tree=25
num_leaves=15
num_cat=0
split_feature=65 65 65 37 64 36 26 48 36 48 26 39 9 20
split_gain=6.94036e+06 779992 222873 52567.5 46193.2 32067.1 30559.4 25533.7 24488.2 22522.8 22392.9 18869 17790.6 17566.7
threshold=164.56404450000002 63.145266500000005 236.54451150000003 50.125000000000007 230.0338265 20.53151041666667 20.162500000000005 15.875000000000002 18.395963541666671 13.875000000000002 21.412500000000005 48.875000000000007 120.30182250000001 267.01345100000009
decision_type=2 2 2 2 2 2 2 2 2 2 2 2 2 2
left_child=1 -1 4 -3 8 -4 12 -8 -2 10 -10 -11 -5 -7
right_child=2 3 5 6 -6 13 7 -9 9 11 -12 -13 -14 -15
leaf_value=-1.180583723919985 0.071762590414407301 0.89861170130360668 1.6383942952167385 -0.24917546979460742 2.0486843350879309 2.1133768897249339 0.25215744661713213 -0.20750697266987372 1.1032886257316574 1.542706185347074 1.6450024406990238 0.63380503475031957 -1.0322706719442289 2.5044620201139169
leaf_weight=5474 48 156 315 283 178 1508 724 517 402 76 385 234 97 403
leaf_count=5474 48 156 315 283 178 1508 724 517 402 76 385 234 97 403
internal_value=0.00157059 -0.885165 1.81301 0.0250164 1.29725 2.11882 -0.0595578 0.0606486 1.17875 1.22708 1.37005 0.860876 -0.451256 2.19712
internal_weight=10800 7251 3549 1777 1323 2226 1621 1241 1145 1097 787 310 380 1911
internal_count=10800 7251 3549 1777 1323 2226 1621 1241 1145 1097 787 310 380 1911
is_linear=0
shrinkage=0.05


Tree=26
num_leaves=15
num_cat=0
split_feature=65 65 65 0 64 12 36 36 48 33 26 39 5 65
split_gain=6.26464e+06 704162 201077 49747.4 41787.1 29770 25455.2 22207 20700 20503.8 20221.6 17063.8 16994.2 13610.5
threshold=164.56404450000002 42.523274000000008 236.54451150000003 267.1966680000001 231.48682050000005 256.80026200000003 23.874739583333341 18.666666666666668 13.875000000000002 17.856250000000003 22.712500000000002 48.875000000000007 176.54975900000002 115.95147100000001
decision_type=2 2 2 2 2 2 2 2 2 2 2 2 2 2
left_child=1 -1 4 6 7 9 -3 -2 10 -4 -9 -10 -11 -5
right_child=2 3 5 13 -6 -7 -8 8 11 12 -12 -13 -14 -15
leaf_value=-1.1239098711711604 0.10007446729219878 -0.23425755098855389 1.2294405348160689 0.21301478246410546 1.9615499447880453 2.282617728947276 0.2276284308663169 1.1273186919631462 1.466572628160576 2.0109883905162476 1.6770864763446884 0.60224963837481571 1.4955137367342033 0.87178551556761041
leaf_weight=5452 51 1067 118 141 172 723 413 536 76 1182 254 234 203 178
leaf_count=5452 51 1067 118 141 172 723 413 536 76 1182 254 234 203 178
internal_value=0.00154661 -0.840917 1.72255 0.0168605 1.23265 2.01302 -0.1053 1.12212 1.16938 1.88191 1.30598 0.818182 1.93657 0.58218
internal_weight=10800 7251 3549 1799 1323 2226 1480 1151 1100 1503 790 310 1385 319
internal_count=10800 7251 3549 1799 1323 2226 1480 1151 1100 1503 790 310 1385 319
is_linear=0
shrinkage=0.05


Tree=27
num_leaves=15
num_cat=0
split_feature=65 65 65 37 64 26 6 36 31 16 21 48 7 30
split_gain=5.65475e+06 635691 181420 44625.9 37746.3 28110.1 28907.3 26828.3 20741.5 17287 17188.6 14729.2 17817.5 14085.6
threshold=164.56404450000002 63.145266500000005 236.54451150000003 50.125000000000007 231.48682050000005 20.512500000000003 70.579213000000024 21.048437500000006 18.987500000000004 285.75061850000003 30.066092528125392 15.875000000000002 235.33365850000004 16.025000000000002
decision_type=2 2 2 2 2 2 2 2 2 2 2 2 2 2
left_child=1 -1 4 -3 8 13 9 -5 -2 -7 -10 12 -9 -4
right_child=2 3 5 7 -6 6 -8 11 10 -11 -12 -13 -14 -15
leaf_value=-1.0655673010469027 0.43923138126361466 0.82772040723045925 0.83148376005036495 -0.4030404974388514 1.8640393618731139 2.0370702650132455 0.97001842264876226 0.36431175243856689 0.96419151671218517 3.0911247253417971 1.3847158323477151 -0.16927628391604316 -0.14284575701302268 1.6932043872826488
leaf_weight=5474 120 156 55 412 172 1500 65 515 606 43 425 434 260 563
leaf_count=5474 120 156 55 412 172 1500 65 515 606 43 425 434 260 563
internal_value=0.00153364 -0.798872 1.63661 0.022814 1.17128 1.91253 2.02466 -0.0551102 1.06623 2.06843 1.13871 0.0636917 0.194204 1.61798
internal_weight=10800 7251 3549 1777 1323 2226 1608 1621 1151 1543 1031 1209 775 618
internal_count=10800 7251 3549 1777 1323 2226 1608 1621 1151 1543 1031 1209 775 618
is_linear=0
shrinkage=0.05


Tree=28
num_leaves=15
num_cat=0
split_feature=65 65 65 36 25 30 24 64 65 45 64 60 61 52
split_gain=5.10452e+06 513983 206369 37038.4 33861.7 26378.9 22115.5 19780.2 18563.6 16540.8 14917.4 14874.2 14407.3 14516.6
threshold=147.22057950000001 42.523274000000008 236.54451150000003 22.950130208333338 105.36956620720093 19.912500000000005 247.91118100000003 239.59825550000002 179.11754850000003 46.093750000000007 205.36311950000001 -0.8814490726585632 -0.9733555533461492 0.95642797789208711
decision_type=2 2 2 2 2 2 2 2 2 2 2 2 2 2
left_child=1 -1 3 6 11 -4 8 -5 -2 -6 -11 -3 -13 -14
right_child=2 4 5 7 9 -7 -8 -9 -10 10 -12 12 13 -15
leaf_value=-1.0144561458372883 -0.51966646193189825 0.31743081298223896 1.5376627056071392 1.1924427228122692 1.045807517265928 1.9278336753641412 0.96805527360143673 1.9256724654582511 0.61540177151656306 0.059755932340664522 0.75810411943464873 0.53012951066938496 -0.34651902892004616 0.25510145602216783
leaf_weight=5452 46 141 636 576 68 1590 560 113 155 349 97 58 846 113
leaf_count=5452 46 141 636 576 68 1590 560 113 155 349 97 58 846 113
internal_value=0.00151568 -0.779302 1.51452 1.04909 -0.0123716 1.8171 0.806637 1.31531 0.354348 0.324989 0.212995 -0.162267 -0.22902 -0.275438
internal_weight=10800 7124 3676 1450 1672 2226 761 689 201 514 446 1158 1017 959
internal_count=10800 7124 3676 1450 1672 2226 761 689 201 514 446 1158 1017 959
is_linear=0
shrinkage=0.05


Tree=29
num_leaves=15
num_cat=0
split_feature=65 65 65 0 64 0 27 48 33 44 26 61 48 52
split_gain=4.61127e+06 516779 146924 39498.3 31424.6 25175.8 20448.9 18904.3 23726.2 17815.6 17372.7 17192.2 13368.3 13024.1
threshold=164.56404450000002 42.523274000000008 236.54451150000003 267.50577000000004 236.54451150000003 255.57108200000002 19.962500000000002 13.875000000000002 21.040625000000006 54.531250000000007 17.775000000000002 -0.9733555533461492 3.1250000000000004 0.95642797789208711
decision_type=2 2 2 2 2 2 2 2 2 2 2 2 2 2
left_child=1 -1 4 6 7 10 -3 8 -2 -9 -4 -8 -13 -14
right_child=2 3 5 -5 -6 -7 11 9 -10 -11 -12 12 13 -15
leaf_value=-0.96374256365587352 0.82247339688832732 -0.4585648740913536 0.98941360116004951 0.52604558653291011 1.7634865807486582 2.0098502492485335 0.74934147927496175 1.1640748555507137 1.3528892580200644 0.37574081447971769 1.6652078788267972 0.66573713481306074 -0.14102697747765749 0.51158019715403935
leaf_weight=5452 418 304 107 310 142 596 71 108 441 214 1523 61 971 82
leaf_count=5452 418 304 107 310 142 596 71 108 441 214 1523 61 971 82
internal_value=0.00148277 -0.72131 1.47802 0.0135273 1.05925 1.72632 -0.0934571 0.973149 1.09604 0.642936 1.62148 0.000515365 -0.0478398 -0.0897695
internal_weight=10800 7251 3549 1799 1323 2226 1489 1181 859 322 1630 1185 1114 1053
internal_count=10800 7251 3549 1799 1323 2226 1489 1181 859 322 1630 1185 1114 1053
is_linear=0
shrinkage=0.05


Tree=30
num_leaves=15
num_cat=0
split_feature=65 65 65 60 64 36 36 36 21 34 22 6 5 64
split_gain=4.16222e+06 466467 132556 36210.2 28427.7 25694 23303.2 17765 15850.1 13715.2 12936.8 12520.6 12231.9 11933.4
threshold=164.56404450000002 63.145266500000005 236.54451150000003 -0.8814490726585632 230.0338265 20.950520833333336 22.962760416666672 18.395963541666671 31.621119217728012 17.001041666666669 135.9634828697917 70.579213000000024 214.00527000000002 201.55550250000002
decision_type=2 2 2 2 2 2 2 2 2 2 2 2 2 2
left_child=1 -1 4 12 7 -5 9 -2 -9 -4 -8 -11 -3 -7
right_child=2 3 6 5 -6 13 10 8 -10 11 -12 -13 -14 -15
leaf_value=-0.91369468925423813 -0.027431299507009739 0.26558803094427702 0.75440969815621006 -0.46972144400861215 1.5958900206581841 -0.073742441946081705 2.1422065351113857 0.79809906903800432 1.1906708061447318 1.5574707054539965 1.7099430014001635 0.63482935261435625 0.91126992128355888 0.28859782963519609
leaf_weight=5474 48 203 64 336 178 808 250 662 435 1079 793 40 115 315
leaf_count=5474 48 203 64 336 178 808 250 662 435 1079 793 40 115 315
internal_value=0.00145967 -0.685238 1.40426 0.0186335 1.00649 -0.0868198 1.64011 0.91355 0.954711 1.48407 1.81551 1.52509 0.501214 0.0280599
internal_weight=10800 7251 3549 1777 1323 1459 2226 1145 1097 1183 1043 1119 318 1123
internal_count=10800 7251 3549 1777 1323 1459 2226 1145 1097 1183 1043 1119 318 1123
is_linear=0
shrinkage=0.05


Tree=31
num_leaves=15
num_cat=0
split_feature=65 65 65 26 64 12 37 48 61 27 48 65 9 26
split_gain=3.75695e+06 421366 119638 34948.8 25989.6 22400.6 17551.2 22687.3 16346.7 15874.9 15921.9 14602.4 12631.8 11939.5
threshold=164.56404450000002 42.523274000000008 236.54451150000003 27.012500000000003 236.54451150000003 256.80026200000003 54.125000000000007 13.875000000000002 -0.83146961230254512 19.962500000000002 15.875000000000002 90.634957500000013 120.30182250000001 20.212500000000002
decision_type=2 2 2 2 2 2 2 2 2 2 2 2 2 2
left_child=1 -1 4 9 6 8 -2 13 -4 12 11 -11 -3 -8
right_child=2 3 5 -5 -6 -7 7 -9 -10 10 -12 -13 -14 -15
leaf_value=-0.86988798687485591 1.3299451998799392 -0.22651278074085712 1.5825604526898704 0.43777698439025275 1.5966923576968535 1.7909608304500582 0.66136688242076691 0.34480056296194994 1.2379020104875915 -0.29684782528886633 -0.26779466534510782 0.24610717068517618 -0.95671287708812303 1.072291647937833
leaf_weight=5452 183 224 900 380 142 723 288 221 603 158 397 560 80 489
leaf_count=5452 183 224 900 380 142 723 288 221 603 158 397 560 80 489
internal_value=0.00143466 -0.650976 1.33419 0.0125661 0.9563 1.55826 0.878015 0.793898 1.4452 -0.101531 -0.0140815 0.12638 -0.421177 0.921026
internal_weight=10800 7251 3549 1799 1323 2226 1181 998 1503 1419 1115 718 304 777
internal_count=10800 7251 3549 1799 1323 2226 1181 998 1503 1419 1115 718 304 777
is_linear=0
shrinkage=0.05


Tree=32
num_leaves=15
num_cat=0
split_feature=65 65 65 48 15 25 26 6 21 52 16 29 30 26
split_gain=3.39157e+06 340287 136144 28246.5 30827.4 25557.7 21673.4 24644.6 16253.4 16265.4 15527.3 13225.7 10943 10352.8
threshold=147.22057950000001 42.523274000000008 236.54451150000003 14.875000000000002 215.93381050000002 104.33527907377577 20.512500000000003 70.579213000000024 53.249945062977282 0.95642797789208711 285.75061850000003 19.012500000000003 16.025000000000002 18.962500000000002
decision_type=2 2 2 2 2 2 2 2 2 2 2 2 2 2
left_child=1 -1 3 4 8 13 12 10 9 11 -8 -2 -4 -3
right_child=2 5 6 -5 -6 -7 7 -9 -10 -11 -12 -13 -14 -15
leaf_value=-0.82640155454349162 0.25860090728724999 -0.56577063631563584 0.53675532128129688 0.027541335956337527 1.6874807939809913 0.23204126861907023 1.5896309621011633 0.61236295089351411 1.1824144803259495 1.5987380770579824 2.5741877945986662 0.77587750574786263 1.2893256129947961 -0.10392236935618326
leaf_weight=5452 149 140 55 96 118 656 1500 65 273 52 43 762 563 876
leaf_count=5452 149 140 55 96 118 656 1500 65 273 52 43 762 563 876
internal_value=0.0013985 -0.635064 1.23468 0.856638 0.915358 -0.0110355 1.48045 1.57844 0.840339 0.742238 1.61872 0.69165 1.22332 -0.168057
internal_weight=10800 7124 3676 1450 1354 1672 2226 1608 1236 963 1543 911 618 1016
internal_count=10800 7124 3676 1450 1354 1672 2226 1608 1236 963 1543 911 618 1016
is_linear=0
shrinkage=0.05


Tree=33
num_leaves=15
num_cat=0
split_feature=65 65 65 37 48 26 31 26 48 9 5 36 48 15
split_gain=3.06269e+06 342680 97103.6 31068.1 22439.6 21101.8 19813.4 17578.5 16170.6 14859.2 14492.2 14371.5 12650.3 12010.3
threshold=164.56404450000002 63.145266500000005 236.54451150000003 50.125000000000007 13.875000000000002 21.387500000000003 19.087500000000002 21.212500000000002 15.875000000000002 112.81432700000001 265.35616800000008 25.387500000000006 4.8750000000000009 215.93381050000002
decision_type=2 2 2 2 2 2 2 2 2 2 2 2 2 2
left_child=1 -1 4 -3 5 -2 -4 9 -9 12 -6 -8 -5 -7
right_child=2 3 6 7 10 13 11 8 -10 -11 -12 -13 -14 -15
leaf_value=-0.78348595745487304 0.73378130150602228 0.68721642231533109 1.0007338178266179 -0.32384467402266132 0.23476691740873129 1.1097569671689875 1.4045709597677973 0.24733985655163371 -0.14404038952887213 -0.67653295670795011 0.92618511619000898 1.8000207097906817 0.26244861775431144 1.8839637384576315
leaf_weight=5474 469 156 274 251 200 474 1668 581 482 163 122 284 144 58
leaf_count=5474 469 156 274 251 200 474 1668 581 482 163 122 284 144 58
internal_value=0.00137891 -0.587675 1.20471 0.0156176 0.864256 0.981203 1.40657 -0.0493988 0.0699063 -0.276396 0.498789 1.463 -0.109984 1.19754
internal_weight=10800 7251 3549 1777 1323 1001 2226 1621 1063 558 322 1952 395 532
internal_count=10800 7251 3549 1777 1323 1001 2226 1621 1063 558 322 1952 395 532
is_linear=0
shrinkage=0.05


Tree=34
num_leaves=15
num_cat=0
split_feature=65 65 65 0 64 0 37 48 25 30 36 34 48 52
split_gain=2.76451e+06 309562 87605 29462.8 21170.1 19170.6 15087.5 18604.9 14966.5 13362.5 9741.32 9205.78 8861.57 8756.05
threshold=164.56404450000002 28.000000000000004 236.54451150000003 267.50577000000004 239.59825550000002 255.57108200000002 54.125000000000007 13.875000000000002 105.36956620720093 21.212500000000002 19.066145833333337 17.001041666666669 12.125000000000002 0.95642797789208711
decision_type=2 2 2 2 2 2 2 2 2 2 2 2 2 2
left_child=1 -1 4 8 6 9 -2 10 13 11 -8 -4 -7 -3
right_child=2 3 5 -5 -6 12 7 -9 -10 -11 -12 -13 -14 -15
leaf_value=-0.7503695778378664 1.1650248655206279 -0.21978710062409929 0.55426627684098029 0.44154238026601134 1.42781625358203 1.6350741540615179 0.082010869000186323 0.2688029921873733 0.19525909992622806 1.4700020101075331 0.83384528115674417 1.1842116355676053 0.83158722821532227 0.23403577041902018
leaf_weight=5388 189 1085 64 310 130 556 46 221 351 483 737 1083 40 117
leaf_count=5388 189 1085 64 310 130 556 46 221 351 483 737 1083 40 117
internal_value=0.00134867 -0.558296 1.1446 -0.00269404 0.821228 1.33634 0.753988 0.675529 -0.0915968 1.24537 0.789837 1.14958 1.58263 -0.175455
internal_weight=10800 7251 3549 1863 1323 2226 1193 1004 1553 1630 783 1147 596 1202
internal_count=10800 7251 3549 1863 1323 2226 1193 1004 1553 1630 783 1147 596 1202
is_linear=0
shrinkage=0.05


Tree=35
num_leaves=15
num_cat=0
split_feature=65 65 65 36 6 26 37 37 6 61 26 16 11 51
split_gain=2.49859e+06 186148 153823 30077 25995.5 27674.8 19177 19011.2 17682.7 17663.4 17568.6 13363.2 12835.2 12307.9
threshold=128.36177500000005 28.000000000000004 209.47377550000002 20.417187500000001 69.10047950000002 22.312500000000004 50.125000000000007 56.875000000000007 234.30970600000003 -0.9733555533461492 19.012500000000003 281.03721150000007 270.71891650000003 2.5000000000000004
decision_type=2 2 2 2 2 2 2 2 2 2 2 2 2 2
left_child=1 -1 3 13 5 -4 -5 -6 -8 -3 -11 -7 -12 -2
right_child=2 9 4 6 7 11 8 -9 -10 10 12 -13 -14 -15
leaf_value=-0.71285808628356229 -0.64497721854009127 0.78823062704320546 1.1037527639882396 1.1207162283152843 1.2974870559242038 1.3945455163132345 0.66595804497535194 0.38215445377215557 0.11393821817665438 -0.57831528256620679 -0.096003617140558092 2.0934181788028816 0.44854704996299311 0.22393314355945254
leaf_weight=5388 56 56 1325 178 89 1061 693 157 184 174 1101 77 119 142
leaf_count=5388 56 56 1325 178 89 1061 693 157 184 174 1101 77 119 142
internal_value=0.00132452 -0.577546 1.00029 0.541563 1.21219 1.26131 0.647596 0.717224 0.550403 -0.0746012 -0.109803 1.44363 -0.0425638 -0.0238254
internal_weight=10800 6838 3962 1253 2709 2463 1055 246 877 1450 1394 1138 1220 198
internal_count=10800 6838 3962 1253 2709 2463 1055 246 877 1450 1394 1138 1220 198
is_linear=0
shrinkage=0.05


Tree=36
num_leaves=15
num_cat=0
split_feature=65 65 65 37 65 6 20 61 27 15 6 26 28 46
split_gain=2.25528e+06 168013 138854 25387.8 28448.6 21741 21090.9 15967.3 15970.8 14381.8 13859.2 12598.7 12549.3 11512.2
threshold=128.36177500000005 28.000000000000004 217.94672450000004 50.125000000000007 166.80982900000001 69.10047950000002 265.28061800000006 -0.9733555533461492 19.962500000000002 206.32641350000003 135.00559650000002 19.012500000000003 17.925000000000001 48.302083333333336
decision_type=2 2 2 2 2 2 2 2 2 2 2 2 2 2
left_child=1 -1 3 -2 -5 6 12 -3 -9 -7 11 -6 -4 -10
right_child=2 7 5 4 10 9 -8 8 13 -11 -12 -13 -14 -15
leaf_value=-0.67722179029177687 1.0754955867033074 0.7495105212194878 0.67852748613936686 0.1033288173046548 0.28433781317545209 0.21643731941243383 1.5322377704236665 -0.48909431816268284 0.59187609603927871 1.1656799740549448 0.27411106791251072 0.84095376406861488 1.1788707204657873 -0.069413293955086747
leaf_weight=5388 207 56 140 362 126 96 438 225 69 68 212 556 1757 1100
leaf_count=5388 207 56 140 362 126 96 438 225 69 68 212 556 1757 1100
internal_value=0.00129348 -0.54867 0.950372 0.562923 0.477658 1.17688 1.21609 -0.0708518 -0.104321 0.614705 0.628947 0.738685 1.14232 -0.0299083
internal_weight=10800 6838 3962 1463 1256 2499 2335 1450 1394 164 894 682 1897 1169
internal_count=10800 6838 3962 1463 1256 2499 2335 1450 1394 164 894 682 1897 1169
is_linear=0
shrinkage=0.05


Tree=37
num_leaves=15
num_cat=0
split_feature=65 65 65 60 64 31 36 26 6 16 36 6 61 7
split_gain=2.03581e+06 227760 64761.4 23689.4 16962.1 16774.1 15687.4 15542.3 17955 12531.3 11193.3 10609.7 10215.2 10093.7
threshold=164.56404450000002 63.145266500000005 236.54451150000003 -0.8814490726585632 262.77837700000003 21.212500000000002 25.307031250000005 20.512500000000003 70.579213000000024 285.75061850000003 18.395963541666671 166.95717700000003 -0.88144907265856332 235.33365850000004
decision_type=2 2 2 2 2 2 2 2 2 2 2 2 2 2
left_child=1 -1 4 -3 6 -5 10 12 9 -9 -2 -12 -4 -7
right_child=2 3 7 5 -6 13 -8 8 -10 -11 11 -13 -14 -15
leaf_value=-0.63862838718880255 -0.14710805355286113 0.40317669548999319 1.1023218892181175 -0.2532280476402497 1.5372968221114853 0.22985865078913439 1.1281232673281469 1.2384826687477943 0.40809933904445539 2.1161191810261122 0.7230080383676416 0.35628023201238312 0.68343871162682479 -0.13937639428622309
leaf_weight=5474 48 318 362 682 58 475 160 1500 65 43 790 267 256 302
leaf_count=5474 48 318 362 682 58 475 160 1500 65 43 790 267 256 302
internal_value=0.00126333 -0.478992 0.982337 0.0128461 0.704307 -0.0724473 0.66493 1.14719 1.22996 1.2643 0.596903 0.630796 0.930188 0.0863518
internal_weight=10800 7251 3549 1777 1323 1459 1265 2226 1608 1543 1105 1057 618 777
internal_count=10800 7251 3549 1777 1323 1459 1265 2226 1608 1543 1105 1057 618 777
is_linear=0
shrinkage=0.05


Tree=38
num_leaves=15
num_cat=0
split_feature=65 65 65 36 36 64 22 48 15 25 22 51 61 11
split_gain=1.83814e+06 133729 117406 24120.9 21612.1 18990.3 15979.9 15316.6 15392.8 14687.1 10444.7 10351.6 9955.21 10144.6
threshold=127.44013800000002 28.000000000000004 209.47377550000002 20.417187500000001 25.415885416666672 244.17024200000003 106.62172396875 14.875000000000002 215.93381050000002 100.41493076626193 145.63369552083336 2.5000000000000004 -0.68322629814330815 271.77783100000005
decision_type=2 2 2 2 2 2 2 2 2 2 2 2 2 2
left_child=1 -1 3 11 5 6 -4 8 -5 -3 -6 -2 -11 -14
right_child=2 9 4 7 10 -7 -8 -9 -10 12 -12 -13 13 -15
leaf_value=-0.61144148606629345 -0.61561669038053157 -0.26894655301695386 1.0313223939870348 0.58351793495515991 1.8420916852084073 1.1189805049816908 0.64654574248832608 0.20467007920402389 1.3171822872757912 0.41268675426032647 1.2078301931292283 0.17894076388074112 -0.10136887654037652 0.41673916446577225
leaf_weight=5388 56 552 533 749 109 1311 564 246 79 162 192 145 603 111
leaf_count=5388 56 552 533 749 109 1311 564 246 79 162 192 145 603 111
internal_value=0.00124065 -0.497443 0.854321 0.458152 1.04054 0.989675 0.834266 0.552155 0.655022 -0.0671879 1.44285 -0.0443802 0.0601094 -0.0203525
internal_weight=10800 6816 3984 1275 2709 2408 1097 1074 828 1428 301 201 876 714
internal_count=10800 6816 3984 1275 2709 2408 1097 1074 828 1428 301 201 876 714
is_linear=0
shrinkage=0.05


Tree=39
num_leaves=15
num_cat=0
split_feature=65 65 65 25 48 26 0 65 37 52 0 36 61 26
split_gain=1.6598e+06 186516 52941.2 18445.8 14758.5 15979.5 14707.1 12231.2 12091.7 11468.5 11084 10615.7 9794.74 11046.5
threshold=164.56404450000002 80.564241500000009 236.54451150000003 105.36956620720093 13.875000000000002 22.937500000000004 255.57108200000002 24.000000000000004 49.875000000000007 0.95642797789208711 244.96119200000001 25.21510416666667 -0.84874750804349197 26.237500000000004
decision_type=2 2 2 2 2 2 2 2 2 2 2 2 2 2
left_child=1 7 4 -3 5 9 11 -1 -5 -2 -6 12 -4 -14
right_child=2 3 6 8 10 -7 -8 -9 -10 -11 -12 -13 13 -15
leaf_value=-0.60176013751116486 0.52141026189745043 -0.074992700082172334 1.0382159201610377 0.81739772023277346 -0.39105120622449452 1.0035496597127869 1.2510584282665398 -0.40352887107069213 0.17586467876284442 1.3214526293229083 0.45633714665328307 1.3353319589157551 0.68466157500263691 1.222310643292104
leaf_weight=4684 603 1109 756 88 44 350 596 944 426 48 278 170 588 116
leaf_count=4684 603 1109 756 88 44 350 596 944 426 48 278 170 588 116
internal_value=0.00121271 -0.43243 0.887064 0.0397788 0.635687 0.730468 1.03612 -0.568588 0.287073 0.582336 0.339693 0.956804 0.911845 0.77486
internal_weight=10800 7251 3549 1623 1323 1001 2226 5628 514 651 322 1630 1460 704
internal_count=10800 7251 3549 1623 1323 1001 2226 5628 514 651 322 1630 1460 704
is_linear=0
shrinkage=0.05


Tree=40
num_leaves=15
num_cat=0
split_feature=65 65 65 36 36 6 0 37 61 26 38 6 48 48
split_gain=1.50042e+06 108598 94888.8 20836.2 18270.6 16146.9 15995.1 14097.1 13795.3 13408.9 12445.5 12027.2 10281.8 11446.9
threshold=127.44013800000002 28.000000000000004 209.47377550000002 20.417187500000001 25.387500000000006 69.10047950000002 248.17799000000002 46.625000000000007 -0.9733555533461492 19.012500000000003 56.875000000000007 234.30970600000003 3.1250000000000004 3.3750000000000004
decision_type=2 2 2 2 2 2 2 2 2 2 2 2 2 2
left_child=1 -1 3 -2 5 6 -4 -5 -3 -10 -7 -9 -11 -14
right_child=2 8 4 7 -6 10 -8 11 9 12 -12 -13 13 -15
leaf_value=-0.55208747454622198 -0.051253731298896647 0.70064790207043037 0.84588738838566124 0.99261962018405603 1.2904016680587815 1.0370706054526317 1.1520533695191 0.5279526461493349 -0.50476586686048897 0.68319570760553083 0.2378762722952561 0.091600408682618109 -0.71899812777364069 -0.025805056927535486
leaf_weight=5388 201 56 1545 129 330 70 606 744 172 47 158 201 62 1091
leaf_count=5388 201 56 1545 129 330 70 606 744 172 47 158 201 62 1091
internal_value=0.00119075 -0.449357 0.771927 0.415764 0.939342 0.890123 0.932639 0.503134 -0.0616306 -0.0932317 0.4867 0.435336 -0.0338739 -0.0636707
internal_weight=10800 6816 3984 1275 2709 2379 2151 1074 1428 1372 228 945 1200 1153
internal_count=10800 6816 3984 1275 2709 2379 2151 1074 1428 1372 228 945 1200 1153
is_linear=0
shrinkage=0.05


Tree=41
num_leaves=15
num_cat=0
split_feature=65 65 65 24 64 37 31 9 65 37 16 17 21 36
split_gain=1.35448e+06 151665 43082.2 16325.7 13553.6 13192.5 12880.4 12227.8 10497.4 10205.6 10034.8 10232.7 8012.76 8931.43
threshold=164.56404450000002 80.564241500000009 236.54451150000003 274.28284400000007 266.28212850000006 54.125000000000007 19.087500000000002 254.29835200000005 24.000000000000004 50.125000000000007 275.73192000000006 31.716879356519872 27.718762136277039 18.666666666666668
decision_type=2 2 2 2 2 2 2 2 2 2 2 2 2 2
left_child=1 8 4 12 5 -2 -4 -7 -1 -5 11 -8 13 -3
right_child=2 3 6 9 -6 7 10 -9 -10 -11 -12 -13 -14 -15
leaf_value=-0.54408006706767054 0.89513683656896414 -0.72855609173470359 0.61072956188429484 0.61982454766412198 1.3942054833684649 0.57567854834814125 0.85556373369757566 0.19750657190918378 -0.36048379320276797 0.12490295172351394 1.3712755248045467 1.1088339109078189 -0.57008798735983235 -0.018330454170645299
leaf_weight=4684 220 46 274 125 48 755 1155 300 944 606 156 641 84 762
leaf_count=4684 220 46 274 125 48 755 1155 300 944 606 156 641 84 762
internal_value=0.00115764 -0.390574 0.801394 0.0352391 0.574625 0.542702 0.935853 0.46843 -0.513354 0.210265 0.981154 0.946524 -0.108271 -0.0596147
internal_weight=10800 7251 3549 1623 1323 1275 2226 1055 5628 731 1952 1796 892 808
internal_count=10800 7251 3549 1623 1323 1275 2226 1055 5628 731 1952 1796 892 808
is_linear=0
shrinkage=0.05


Tree=42
num_leaves=15
num_cat=0
split_feature=65 65 65 36 36 64 22 61 37 26 6 22 48 48
split_gain=1.22449e+06 88230.8 77507.1 18093.1 15942.6 14059.2 12916.8 12338.4 11865.8 11588.6 9889.3 9605.69 9222.07 10123.6
threshold=127.44013800000002 28.000000000000004 209.47377550000002 20.417187500000001 25.415885416666672 244.17024200000003 106.62172396875 -0.9733555533461492 46.625000000000007 19.012500000000003 234.30970600000003 145.63369552083336 3.1250000000000004 3.3750000000000004
decision_type=2 2 2 2 2 2 2 2 2 2 2 2 2 2
left_child=1 -1 3 -2 5 6 -4 -3 -5 -9 -10 -6 -11 -14
right_child=2 7 4 8 11 -7 -8 9 10 12 -12 -13 13 -15
leaf_value=-0.49848848750981056 -0.059638095578861121 0.6644920403497262 0.84845010172575719 0.90597043494765583 1.573752991069447 0.91622792680311427 0.50309911708866728 -0.46887797036267431 0.47870805665994398 0.64799532611699151 0.083034783437165749 0.97124625169551448 -0.67561874938389621 -0.023725311430584772
leaf_weight=5388 201 56 533 129 109 1311 564 172 744 47 201 192 62 1091
leaf_count=5388 201 56 533 129 109 1311 564 172 744 47 201 192 62 1091
internal_value=0.00112536 -0.405892 0.697395 0.375501 0.8487 0.80507 0.671515 -0.0564087 0.456918 -0.0862958 0.394726 1.19392 -0.0311143 -0.0593345
internal_weight=10800 6816 3984 1275 2709 2408 1097 1428 1074 1372 945 301 1200 1153
internal_count=10800 6816 3984 1275 2709 2408 1097 1428 1074 1372 945 301 1200 1153
is_linear=0
shrinkage=0.05


Tree=43
num_leaves=15
num_cat=0
split_feature=65 65 64 22 35 24 37 65 43 16 17 64 47 37
split_gain=1.10531e+06 123762 35490.8 23678.9 22433 16002.4 11549.4 10695.7 10587 10489.8 10095.2 9874.77 8346.9 7559.06
threshold=164.56404450000002 84.179539500000018 240.69470000000004 80.171795588541684 21.171354166666671 274.28284400000007 47.875000000000007 24.000000000000004 68.875000000000014 274.46404250000006 29.261464186686425 185.22469400000003 62.600260416666679 50.125000000000007
decision_type=2 2 2 2 2 2 2 2 2 2 2 2 2 2
left_child=1 7 3 4 -2 -3 -5 -1 -6 10 -4 -8 -7 -14
right_child=2 5 9 6 8 12 11 -9 -10 -11 -12 -13 13 -15
leaf_value=-0.49196278339007365 0.5681526610774158 -0.10021148348516461 0.74829696929020872 0.93330379115151507 0.77981973193380816 0.84016156447868728 0.14858106566738769 -0.3135189305199243 1.4359421400154162 1.3707060350613161 1.0100252899596325 0.48609377270057447 0.54608874412632624 0.095290115392099153
leaf_weight=4684 368 844 909 111 108 50 293 1032 158 109 649 844 112 529
leaf_count=4684 368 844 909 111 108 50 293 1032 158 109 649 844 112 529
internal_value=0.00109625 -0.352776 0.723992 0.574575 0.823565 0.0458212 0.447528 -0.459806 1.17346 0.892233 0.8579 0.399325 0.224075 0.174785
internal_weight=10800 7251 3549 1882 634 1535 1248 5716 266 1667 1558 1137 691 641
internal_count=10800 7251 3549 1882 634 1535 1248 5716 266 1667 1558 1137 691 641
is_linear=0
shrinkage=0.05


Tree=44
num_leaves=15
num_cat=0
split_feature=65 65 65 36 21 61 36 36 38 43 37 21 48 51
split_gain=999436 71751.3 63357.6 15642.8 13971 11171.5 10891.5 10518.2 9866.24 9507.32 15142.3 11721.8 8775.51 8169.88
threshold=127.44013800000002 28.000000000000004 209.47377550000002 20.417187500000001 97.61190750032732 -0.9733555533461492 25.347395833333334 23.214062500000004 46.625000000000007 74.375000000000014 59.375000000000007 79.565024511573284 14.625000000000002 2.5000000000000004
decision_type=2 2 2 2 2 2 2 2 2 2 2 2 2 2
left_child=1 -1 3 13 6 -3 9 -7 -5 10 -4 -12 -10 -2
right_child=2 5 4 8 -6 7 -8 -9 12 -11 11 -13 -14 -15
leaf_value=-0.45014065377764018 -0.57285830285726935 0.63448143298165849 0.89883468868374305 0.81896098164239328 1.0385667467809412 -0.19635502883755551 1.028527008870151 0.084460396084795608 0.44823322862442905 0.77039319812742801 0.20832817690126834 0.64392789143368157 0.10084059534954928 0.13306478731181115
leaf_weight=5388 56 56 227 132 407 803 255 569 695 1200 319 301 247 145
leaf_count=5388 56 56 227 132 407 803 255 569 695 1200 319 301 247 145
internal_value=0.00107874 -0.366638 0.630118 0.339087 0.766917 -0.0514777 0.718459 -0.0799177 0.414791 0.67935 0.549606 0.420501 0.357348 -0.0654726
internal_weight=10800 6816 3984 1275 2709 1428 2302 1372 1074 2047 847 620 942 201
internal_count=10800 6816 3984 1275 2709 1428 2302 1372 1074 2047 847 620 942 201
is_linear=0
shrinkage=0.05


Tree=45
num_leaves=15
num_cat=0
split_feature=65 65 65 36 24 49 24 36 61 26 52 38 51 30
split_gain=902208 68325.7 53906.5 14505.2 13185.9 21598.4 11708.4 10160.7 10028.6 10964.6 12690.1 9939.72 9008.92 10508.4
threshold=129.53476700000002 42.523274000000008 209.47377550000002 20.417187500000001 276.25245200000006 3.5000000000000004 297.26105400000006 18.666666666666668 -0.9733555533461492 22.762500000000003 0.95642797789208711 46.625000000000007 2.5000000000000004 19.762500000000003
decision_type=2 2 2 2 2 2 2 2 2 2 2 2 2 2
left_child=1 -1 3 -2 5 7 -6 -4 -3 10 -10 -5 13 -9
right_child=2 8 4 11 6 -7 -8 12 9 -11 -12 -13 -14 -15
leaf_value=-0.42544962729792107 -0.064907291040845624 0.60339949800301407 0.21970485401625683 0.82106001990891642 0.96706400593415154 0.16545353810660435 0.57793779315468963 0.13931086661409489 -0.30090252017019004 0.077575448370000466 0.30075323823660327 0.34570158632368908 0.83739487898840936 0.69758657057737494
leaf_weight=5452 196 58 100 125 778 210 265 112 561 686 103 910 897 347
leaf_count=5452 196 58 100 125 778 210 265 112 561 686 103 910 897 347
internal_value=0.00105067 -0.345272 0.603973 0.329222 0.728656 0.640422 0.868845 0.708767 -0.0347296 -0.0625718 -0.207261 0.403849 0.744645 0.561961
internal_weight=10800 6860 3940 1231 2709 1666 1043 1456 1408 1350 664 1035 1356 459
internal_count=10800 6860 3940 1231 2709 1666 1043 1456 1408 1350 664 1035 1356 459
is_linear=0
shrinkage=0.05


Tree=46
num_leaves=15
num_cat=0
split_feature=65 65 64 22 36 0 64 51 15 9 26 36 16 17
split_gain=816208 91045.9 27206.1 19892.5 15176 13357.6 12063.3 11966.4 10714.9 10483.2 13863.6 9153.26 9078.9 8880.72
threshold=164.56404450000002 84.179539500000018 240.69470000000004 105.48478607812503 23.024739583333339 272.06304300000005 161.62402750000004 1.5000000000000002 214.08212300000002 104.69442850000001 20.487500000000004 25.415885416666672 274.46404250000006 29.261464186686425
decision_type=2 2 2 2 2 2 2 2 2 2 2 2 2 2
left_child=1 -1 3 4 -2 9 -5 -6 -8 11 -11 -3 13 -4
right_child=2 5 12 6 7 -7 8 -9 -10 10 -12 -13 -14 -15
leaf_value=-0.39487001000492539 0.51668766027552337 0.094743516766875369 0.63514867093557348 -0.3702910959030743 0.64296512444814047 0.42322105630891882 0.35260296908663763 1.3110653455828278 0.9553041131794453 -0.65412454423964572 -0.048519729906079188 0.8567605002588311 1.2137588411027735 0.88007400739938024
leaf_weight=5716 457 477 909 53 134 196 1018 141 79 108 712 42 109 649
leaf_count=5716 457 477 909 53 134 196 1018 141 79 108 712 42 109 649
internal_value=0.00102112 -0.30307 0.622223 0.491421 0.695245 0.0388076 0.361191 0.989027 0.396837 -0.0177359 -0.128982 0.157939 0.769513 0.737674
internal_weight=10800 7251 3549 1882 732 1535 1150 275 1097 1339 820 519 1667 1558
internal_count=10800 7251 3549 1882 732 1535 1150 275 1097 1339 820 519 1667 1558
is_linear=0
shrinkage=0.05


Tree=47
num_leaves=15
num_cat=0
split_feature=65 65 64 22 35 25 43 37 9 65 16 17 60 9
split_gain=736769 82179.1 24551.9 18133.6 17384.2 12159.3 9940.38 8635.74 9984.22 8545.32 8212.37 8017.14 7374.72 9921.47
threshold=164.56404450000002 84.179539500000018 240.69470000000004 82.869578390625023 21.171354166666671 105.36956620720093 68.875000000000014 51.125000000000007 269.54124250000001 24.000000000000004 274.46404250000006 29.261464186686425 -0.8814490726585632 112.81432700000001
decision_type=2 2 2 2 2 2 2 2 2 2 2 2 2 2
left_child=1 9 3 4 -2 12 -6 -5 -9 -1 11 -4 -3 -14
right_child=2 5 10 7 6 -7 -8 8 -10 -11 -12 -13 13 -15
leaf_value=-0.40386041683982765 0.45305077114822095 0.21125850084779871 0.60342613549437374 0.69225369266620496 0.6215802740554015 0.23940101080462337 1.2325723544037417 0.3753925432361912 -0.01408804533637914 -0.24446466854247847 1.1536226243322545 0.83613800346729572 0.055486909625934493 -0.28918385397549934
leaf_weight=4684 369 200 909 163 119 499 162 866 203 1032 109 649 396 440
leaf_count=4684 369 200 909 163 119 499 162 866 203 1032 109 649 396 440
internal_value=0.00099975 -0.287915 0.591198 0.46694 0.680688 0.0368891 0.976947 0.353707 0.301487 -0.37513 0.731119 0.700839 -0.0607896 -0.126048
internal_weight=10800 7251 3549 1882 650 1535 281 1232 1069 5716 1667 1558 1036 836
internal_count=10800 7251 3549 1882 650 1535 281 1232 1069 5716 1667 1558 1036 836
is_linear=0
shrinkage=0.05


Tree=48
num_leaves=15
num_cat=0
split_feature=65 65 65 36 36 25 61 37 5 61 26 22 46 52
split_gain=665081 50803.2 41048.4 15139.6 12458.9 12689.5 10591.7 15538.7 9570.05 8960.7 9415.74 8751.55 7968.01 7209.08
threshold=129.53476700000002 28.000000000000004 190.52665450000003 18.666666666666668 25.387500000000006 104.57112527615017 -0.70710678118654757 60.625000000000007 272.06304300000005 -0.9733555533461492 19.012500000000003 90.608905307291693 48.302083333333336 0.95642797789208711
decision_type=2 2 2 2 2 2 2 2 2 2 2 2 2 2
left_child=1 -1 8 -4 6 -6 -5 -8 -2 -3 -11 -12 -13 -14
right_child=2 9 3 4 5 -7 7 -9 -10 10 11 12 13 -15
leaf_value=-0.36748131886331997 0.14423114777252252 0.56775634129673758 0.064115770580247047 0.66479644520917658 1.5757333788378487 0.76448927127921196 0.71902981753443596 0.31697729756246507 0.78246837030164906 -0.40009223006707328 0.66466174323273741 0.46801275143476384 -0.10670103291237837 0.38033271408299124
leaf_weight=5388 727 58 127 1577 57 332 372 685 63 178 45 72 1038 81
leaf_count=5388 727 58 127 1577 57 332 372 685 63 178 45 72 1038 81
internal_value=0.000975321 -0.296372 0.518636 0.59945 0.621912 0.887096 0.582426 0.459021 0.196053 -0.0360181 -0.0611677 -0.0120741 -0.0381797 -0.0711385
internal_weight=10800 6860 3940 3150 3023 389 2634 1057 790 1472 1414 1236 1191 1119
internal_count=10800 6860 3940 3150 3023 389 2634 1057 790 1472 1414 1236 1191 1119
is_linear=0
shrinkage=0.05


Tree=49
num_leaves=15
num_cat=0
split_feature=65 65 48 16 61 26 0 37 9 11 36 65 0 26
split_gain=600875 67121.5 21851 16651.8 16767.4 11470.1 11256.9 11156.7 8710.57 12023.2 8097.89 7283.9 7212.67 6914.11
threshold=164.56404450000002 84.179539500000018 13.875000000000002 276.3691280000001 -0.70710678118654757 19.012500000000003 272.06304300000005 58.875000000000007 104.69442850000001 216.36840450000003 25.415885416666672 24.000000000000004 244.96119200000001 24.087500000000002
decision_type=2 2 2 2 2 2 2 2 2 2 2 2 2 2
left_child=1 11 3 4 5 -2 8 -6 10 -10 -3 -1 -4 -7
right_child=2 6 12 -5 7 13 -8 -9 9 -11 -12 -13 -14 -15
leaf_value=-0.36530155884163618 0.3609564887829646 0.082390748983186726 -0.44748447987768386 0.99147938280094905 0.65225658838091238 0.64276391330581817 0.38647816333598295 0.28995001754883115 -0.36223736586788347 0.031185424057821903 0.79909812510013589 -0.21816075013099387 0.23504220089411168 0.93966572017640759
leaf_weight=4684 328 477 44 222 289 1342 196 810 314 506 42 1032 278 236
leaf_count=4684 328 477 44 222 289 1342 196 810 314 506 42 1032 278 236
internal_value=0.000955441 -0.259957 0.533952 0.573139 0.541913 0.631719 0.0335849 0.385731 -0.0183207 -0.119724 0.141815 -0.338779 0.140681 0.687734
internal_weight=10800 7251 3549 3227 3005 1906 1535 1099 1339 820 519 5716 322 1578
internal_count=10800 7251 3549 3227 3005 1906 1535 1099 1339 820 519 5716 322 1578
is_linear=0
shrinkage=0.05


Tree=50
num_leaves=15
num_cat=0
split_feature=65 65 65 36 36 24 65 5 61 31 64 6 13 7
split_gain=542563 38279.6 36624.6 13012.6 10587.3 12903.2 8889.15 8746.47 8105.73 8112.24 7240.01 7184.32 8253.37 7007.55
threshold=126.25790000000002 28.000000000000004 190.52665450000003 18.666666666666668 25.415885416666672 278.56941200000006 238.12745100000004 274.61923400000006 -0.9733555533461492 21.212500000000002 266.28212850000006 70.579213000000024 1.1547367410384408 235.33365850000004
decision_type=2 2 2 2 2 2 2 2 2 2 2 2 2 2
left_child=1 -1 7 -4 6 -6 10 -2 -3 -10 -5 12 -8 -11
right_child=2 8 3 4 5 -7 11 -9 9 13 -12 -13 -14 -15
leaf_value=-0.33181007469844059 0.13612057676244155 0.56195248972486567 0.044998316016426544 0.35210439084674394 1.6365978956222536 0.70445207972488255 0.47990987205129931 0.88501516057223817 -0.18900849643140669 0.18801888214442339 1.007250628206465 0.029789965508276957 0.69860323815440584 -0.13349215508108803
leaf_weight=5388 816 53 127 771 42 318 766 40 655 411 44 56 1026 287
leaf_count=5388 816 53 127 771 42 318 766 40 655 411 44 56 1026 287
internal_value=0.000926261 -0.271192 0.46238 0.54118 0.562004 0.817435 0.527179 0.172108 -0.0388245 -0.0627559 0.388665 0.588023 0.605441 0.0558198
internal_weight=10800 6794 4006 3150 3023 360 2663 856 1406 1353 815 1848 1792 698
internal_count=10800 6794 4006 3150 3023 360 2663 856 1406 1353 815 1848 1792 698
is_linear=0
shrinkage=0.05


Tree=51
num_leaves=15
num_cat=0
split_feature=65 65 48 16 61 35 48 33 37 9 0 5 65 46
split_gain=490172 54979.2 18567.7 14837.6 14344.6 10189.9 10543.2 9805.32 9723.61 9387.29 6387.39 6172.14 6150 6106.36
threshold=164.56404450000002 84.179539500000018 13.875000000000002 276.3691280000001 -0.70710678118654757 19.780208333333338 15.875000000000002 19.065625000000004 58.875000000000007 120.30182250000001 244.96119200000001 216.36840450000003 24.000000000000004 48.302083333333336
decision_type=2 2 2 2 2 2 2 2 2 2 2 2 2 2
left_child=1 12 3 4 7 9 11 -2 -6 -3 -4 -7 -1 -8
right_child=2 5 10 -5 8 6 13 -9 -10 -11 -12 -13 -14 -15
leaf_value=-0.33045341833678488 0.32971937671593615 -0.066297337613426724 -0.43357461714082296 0.91320620952299358 0.5933189967364586 0.14856870594991992 0.36259755144145955 0.62552186692581613 0.25515698297328226 -0.77143947714391881 0.20865497679606509 0.57380564177826965 -0.19526371113299634 -0.14721411706871942
leaf_weight=4684 346 155 44 222 289 673 66 1560 810 67 278 97 1032 477
leaf_count=4684 346 155 44 222 289 673 66 1560 810 67 278 97 1032 477
internal_value=0.000908059 -0.234747 0.482309 0.51843 0.488971 0.0309204 0.0839376 0.572025 0.344541 -0.281616 0.119826 0.202812 -0.306084 -0.0846954
internal_weight=10800 7251 3549 3227 3005 1535 1313 1906 1099 222 322 770 5716 543
internal_count=10800 7251 3549 3227 3005 1535 1313 1906 1099 222 322 770 5716 543
is_linear=0
shrinkage=0.05


Tree=52
num_leaves=15
num_cat=0
split_feature=65 65 48 26 61 24 29 48 16 18 9 37 51 27
split_gain=442429 49621.2 16764.2 13786.2 12150.7 10620.7 9263.91 10018.5 8599.95 8339.62 8211.81 7113.43 6563.74 6491.54
threshold=164.56404450000002 84.179539500000018 13.875000000000002 22.312500000000004 -0.68322629814330815 235.28737700000002 20.012500000000003 15.875000000000002 276.3691280000001 176.32323433333335 120.30182250000001 58.625000000000007 2.5000000000000004 16.862500000000004
decision_type=2 2 2 2 2 2 2 2 2 2 2 2 2 2
left_child=1 -1 3 4 13 -5 10 -8 9 -7 -3 -11 -13 -2
right_child=2 6 -4 5 -6 8 7 -9 -10 11 -12 12 -14 -15
leaf_value=-0.29078430953356266 -0.10938633696447748 -0.055214629237799295 0.11380012345849176 1.3827488100805949 0.14415265621873674 0.63061483131711871 0.20811574587119919 -0.076640776396622798 0.86775065280806118 0.54689387459456928 -0.65281446640544416 -0.13518583095059372 0.40190000162711226 0.48665713871359967
leaf_weight=5716 47 193 322 42 377 763 723 538 222 249 81 103 125 1299
leaf_count=5716 47 193 322 42 377 763 723 538 222 249 81 103 125 1299
internal_value=0.00087222 -0.223013 0.458228 0.492551 0.39553 0.603362 0.0293776 0.0866612 0.580042 0.527875 -0.233609 0.36256 0.159738 0.465779
internal_weight=10800 7251 3549 3227 1723 1504 1535 1261 1462 1240 274 477 228 1346
internal_count=10800 7251 3549 3227 1723 1504 1535 1261 1462 1240 274 477 228 1346
is_linear=0
shrinkage=0.05


Tree=53
num_leaves=15
num_cat=0
split_feature=65 65 65 37 9 35 61 13 48 15 26 22 16 2
split_gain=399378 32456.4 24735.3 12188.3 9281.4 8457.53 8233.39 7818.39 9939.83 8695.44 7634.98 7434.87 7258.44 6594.16
threshold=132.24970350000004 28.000000000000004 236.54451150000003 51.125000000000007 269.54124250000001 19.967187500000005 -0.9733555533461492 1.1547367410384408 11.875000000000002 206.32641350000003 19.012500000000003 90.608905307291693 273.13806300000005 272.06304300000005
decision_type=2 2 2 2 2 2 2 2 2 2 2 2 2 2
left_child=1 -1 3 12 5 -5 -3 -4 -9 -10 -8 -12 -2 -13
right_child=2 6 7 4 -6 -7 10 8 9 -11 11 13 -14 -15
leaf_value=-0.28504954313475345 0.33527230932836383 0.53189569723326713 0.40397017653490974 0.050269028308269174 -0.059405947260449843 0.35106364545205782 -0.34858405246885255 0.67625611639570959 0.12238638295004001 0.63994760310931786 0.62011102165864873 -0.078499226822670173 0.87585803840244025 0.23532142569497227
leaf_weight=5388 141 63 938 328 273 815 183 960 181 147 45 1026 113 199
leaf_count=5388 141 63 938 328 273 815 183 960 181 147 45 1026 113 199
internal_value=0.000844639 -0.227554 0.405538 0.259836 0.202349 0.264866 -0.0231559 0.514682 0.594933 0.355582 -0.0475714 -0.00395697 0.578261 -0.027369
internal_weight=10800 6904 3896 1670 1416 1143 1516 2226 1288 328 1453 1270 254 1225
internal_count=10800 6904 3896 1670 1416 1143 1516 2226 1288 328 1453 1270 254 1225
is_linear=0
shrinkage=0.05


Tree=54
num_leaves=15
num_cat=0
split_feature=65 65 48 26 32 24 36 16 61 24 37 64 45 41
split_gain=361556 40316.5 14309.3 12253.7 9994.84 9194.39 8955.82 7818.24 9106.08 6759.54 6237.95 5797.25 7294.26 5652.63
threshold=164.56404450000002 42.523274000000008 13.875000000000002 20.987500000000004 22.487500000000004 274.28284400000007 19.691927083333336 276.3691280000001 -0.58216583101416131 288.22990800000008 58.875000000000007 145.66790250000003 46.093750000000007 82.875000000000014
decision_type=2 2 2 2 2 2 2 2 2 2 2 2 2 2
left_child=1 -1 3 4 6 -3 -2 8 9 13 -10 12 -7 -5
right_child=2 5 -4 7 -6 11 -8 -9 10 -11 -12 -13 -14 -15
leaf_value=-0.26928417824636397 0.010371193735722642 -0.097887871591009604 0.096092669552786059 0.77918493584428039 -0.17839951237337184 0.48434914950638608 0.42183241342677802 0.79651977561848586 0.50527606903488054 0.3479983142529352 0.17805409680986806 0.29845141782829615 -0.056873609350408576 0.52963083227594987
leaf_weight=5452 158 995 322 354 96 72 812 222 255 311 342 310 422 677
leaf_count=5452 158 995 322 354 96 72 812 222 255 311 342 310 422 677
internal_value=0.00082125 -0.20157 0.414269 0.445978 0.306742 0.0036789 0.354891 0.514488 0.481804 0.554189 0.318433 0.12934 0.0228282 0.615989
internal_weight=10800 7251 3549 3227 1066 1799 970 2161 1939 1342 597 804 494 1031
internal_count=10800 7251 3549 3227 1066 1799 970 2161 1939 1342 597 804 494 1031
is_linear=0
shrinkage=0.05


Tree=55
num_leaves=15
num_cat=0
split_feature=65 65 64 22 30 34 0 9 11 36 37 9 13 32
split_gain=326357 36671.6 12971.7 11816.3 9511.53 8274.39 8047.07 6659.33 9377.81 7058.66 5692.49 8530.99 5402.49 5635.42
threshold=164.56404450000002 84.179539500000018 244.17024200000003 105.48478607812503 22.937500000000004 17.311458333333334 272.06304300000005 104.69442850000001 216.36840450000003 25.415885416666672 51.125000000000007 269.54124250000001 1.3907884931706322 22.112500000000004
decision_type=2 2 2 2 2 2 2 2 2 2 2 2 2 2
left_child=1 -1 3 4 -2 -5 7 9 -9 -3 -7 -12 -4 -14
right_child=2 6 12 5 -6 10 -8 8 -10 -11 11 -13 13 -15
leaf_value=-0.2497498498257909 0.40234000898934791 0.06616313764318886 0.39609524619965625 -0.36519249834246559 0.97631524321509566 0.52399427412221067 0.32385274915469031 -0.32124086180494893 0.026218057802788311 0.73525145719217699 0.2662326007117049 -0.10981550120303166 0.76572952251239068 0.49308212221690551
leaf_weight=5716 651 477 702 58 81 155 196 314 506 42 844 183 289 586
leaf_count=5716 651 477 702 58 81 155 196 314 506 42 844 183 289 586
internal_value=0.000797989 -0.191489 0.393605 0.307826 0.467099 0.213503 0.0254834 -0.0184004 -0.107063 0.121619 0.242184 0.199183 0.500606 0.583905
internal_weight=10800 7251 3549 1972 732 1240 1535 1339 820 519 1182 1027 1577 875
internal_count=10800 7251 3549 1972 732 1240 1535 1339 820 519 1182 1027 1577 875
is_linear=0
shrinkage=0.05


Tree=56
num_leaves=15
num_cat=0
split_feature=65 65 65 36 24 36 24 48 48 25 21 8 47 49
split_gain=294680 25641.9 17589.1 8597.01 8509.23 7307.24 11138.3 6128.94 7268.38 6296.37 6093.96 7234.07 5397.31 5350.92
threshold=119.46223000000002 190.52665450000003 24.000000000000004 18.666666666666668 273.14664800000008 25.415885416666672 278.56941200000006 3.1250000000000004 3.3750000000000004 100.41493076626193 96.837753384123275 267.62516500000004 86.718750000000014 3.5000000000000004
decision_type=2 2 2 2 2 2 2 2 2 2 2 2 2 2
left_child=2 4 -1 12 -2 10 -7 -4 -9 -10 11 13 -3 -5
right_child=1 3 7 5 -6 6 -8 8 9 -11 -12 -13 -14 -15
leaf_value=-0.25920257476757785 -0.028271955179852638 -0.22753517342538668 0.45571899585998976 0.4241129956966681 0.2587271403994294 1.3880418173102447 0.52474765476002871 -0.57374118411619413 -0.1487701402574966 0.042602301429517327 0.5799892679620483 0.071764749543640413 0.46265590652113869 0.21976813021185806
leaf_weight=4684 525 86 51 1702 507 42 318 75 1106 702 360 202 41 399
leaf_count=4684 525 86 51 1702 507 42 318 75 1106 702 360 202 41 399
internal_value=0.000776275 0.329284 -0.20683 0.400137 0.112839 0.417062 0.629031 -0.0799204 -0.0946621 -0.0744827 0.388182 0.35796 -0.00284384 0.385429
internal_weight=10800 4182 6618 3150 1032 3023 360 1934 1883 1808 2663 2303 127 2101
internal_count=10800 4182 6618 3150 1032 3023 360 1934 1883 1808 2663 2303 127 2101
is_linear=0
shrinkage=0.05


Tree=57
num_leaves=15
num_cat=0
split_feature=65 65 48 16 61 26 52 33 51 26 47 49 48 0
split_gain=266281 29894.3 11521.6 10493.9 10220.1 7403.97 6894.65 6633.72 6933.97 6603.93 5357.33 5283.89 5238.33 5208.36
threshold=164.56404450000002 28.000000000000004 13.875000000000002 272.70666550000004 -0.68322629814330815 21.212500000000002 0.95642797789208711 21.040625000000006 2.5000000000000004 19.012500000000003 76.196614583333357 3.5000000000000004 15.875000000000002 244.96119200000001
decision_type=2 2 2 2 2 2 2 2 2 2 2 2 2 2
left_child=1 -1 3 4 9 6 -3 -6 10 11 -9 -2 -7 -4
right_child=2 5 13 -5 7 12 -8 8 -10 -11 -12 -13 -14 -15
leaf_value=-0.23262531836989819 0.31239284860852523 -0.22389105688780547 -0.42935076266527172 0.64609413220219281 0.00023560375442663678 0.15327971937451185 0.25062996331643272 0.27239814208489715 0.45118655640600258 0.46040345484828155 -0.1625397338619772 -0.18499391801429518 -0.050441344741380317 0.15043360063919672
leaf_weight=5388 284 485 44 342 258 738 90 213 352 1608 105 65 550 278
leaf_count=5388 284 485 44 342 258 738 90 213 352 1608 105 65 550 278
internal_value=0.000752229 -0.172937 0.355568 0.38402 0.352739 -0.000280684 -0.149312 0.215709 0.298559 0.417575 0.128727 0.219492 0.0663154 0.0701244
internal_weight=10800 7251 3549 3227 2885 1863 575 928 670 1957 318 349 1288 322
internal_count=10800 7251 3549 3227 2885 1863 575 928 670 1957 318 349 1288 322
is_linear=0
shrinkage=0.05


Tree=58
num_leaves=15
num_cat=0
split_feature=65 65 65 24 49 8 36 6 13 51 9 48 48 25
split_gain=240429 20976.2 14660 10940.4 10449.5 8534.53 7569.25 6279.09 7799.14 5591.34 7567.27 5506.09 6590.03 5181.63
threshold=119.46223000000002 236.54451150000003 24.000000000000004 275.84149600000006 3.5000000000000004 286.87046450000008 18.666666666666668 70.579213000000024 1.1547367410384408 2.5000000000000004 196.22379650000002 3.1250000000000004 3.3750000000000004 100.41493076626193
decision_type=2 2 2 2 2 2 2 2 2 2 2 2 2 2
left_child=2 3 -1 4 6 -5 -2 8 -3 10 -8 -4 -13 -14
right_child=1 7 11 5 -6 -7 9 -9 -10 -11 -12 12 13 -15
leaf_value=-0.23461642549284747 -0.3446407782023444 0.30697775869617761 0.43673456036127534 0.35549311981807596 -0.19480441245627045 -0.28473395771746124 0.33214166725541022 -0.080648814502990607 0.49960846099556888 0.30189763159013661 -0.21015640891680581 -0.54108407074879661 -0.13309852309161571 0.040506979026785322
leaf_weight=4684 67 929 51 789 271 55 110 65 1232 512 152 75 1106 702
leaf_count=4684 67 929 51 789 271 55 110 65 1232 512 152 75 1106 702
internal_value=0.000721164 0.297452 -0.186804 0.177854 0.0747214 0.313485 0.1617 0.402417 0.416978 0.205919 0.0179232 -0.0709436 -0.0849183 -0.0657068
internal_weight=10800 4182 6618 1956 1112 844 841 2226 2161 774 262 1934 1883 1808
internal_count=10800 4182 6618 1956 1112 844 841 2226 2161 774 262 1934 1883 1808
is_linear=0
shrinkage=0.05


Tree=59
num_leaves=15
num_cat=0
split_feature=65 65 48 16 61 60 9 7 3 46 26 37 18 64
split_gain=217306 24269.1 9704.43 9347.5 8514.97 6881.97 6994.59 11195.2 8104.73 6704.56 6597.94 6319.74 6212.75 6677.77
threshold=164.56404450000002 42.523274000000008 13.875000000000002 276.3691280000001 -0.70710678118654757 -0.8814490726585632 101.43038050000003 202.65135800000004 246.65161950000001 78.260416666666671 24.087500000000002 58.875000000000007 30.956510833333336 203.85721250000003
decision_type=2 2 2 2 2 2 2 2 2 2 2 2 2 2
left_child=1 -1 3 4 10 -3 7 9 -8 -7 -2 -6 13 -9
right_child=2 5 -4 -5 11 6 8 12 -10 -11 -12 -13 -14 -15
leaf_value=-0.20875654390661427 0.35256199021837642 0.21369187552744645 0.059266802718453464 0.66036328216304696 0.41324500013134796 0.78739016414459417 -0.35185950320951465 -0.29366734641768066 -0.021721947418489294 0.18744452869952677 0.63574826331329748 0.14089645760629957 0.41015324499092848 0.26856128055263651
leaf_weight=5452 1670 318 322 222 289 57 292 266 509 242 236 810 50 65
leaf_count=5452 1670 318 322 222 289 57 292 266 509 242 236 810 50 65
internal_value=0.000686257 -0.156219 0.321216 0.347327 0.323989 0.00302556 -0.0423223 0.0755526 -0.14236 0.304059 0.387941 0.212826 -0.1041 -0.182784
internal_weight=10800 7251 3549 3227 3005 1799 1481 680 801 299 1906 1099 381 331
internal_count=10800 7251 3549 3227 3005 1799 1481 680 801 299 1906 1099 381 331
is_linear=0
shrinkage=0.05


Tree=60
num_leaves=15
num_cat=0
split_feature=65 65 65 31 64 44 9 35 8 51 36 16 43 20
split_gain=196140 22040.8 8967.24 10752.1 7398.04 6423.72 6662.65 6953.32 6159.45 5969.7 5788.55 5657.31 9320.9 5375.98
threshold=164.56404450000002 84.179539500000018 261.46811050000002 19.762500000000003 264.27020500000009 56.156250000000007 104.69442850000001 19.669270833333336 285.25181400000002 3.5000000000000004 25.415885416666672 272.70666550000004 73.375000000000014 285.07486300000005
decision_type=2 2 2 2 2 2 2 2 2 2 2 2 2 2
left_child=1 -1 3 -2 8 -3 10 -8 11 -6 -7 12 -5 -4
right_child=2 5 13 4 9 6 7 -9 -10 -11 -12 -13 -14 -15
leaf_value=-0.19356920663751198 -0.016581337708801391 0.23312286764435239 0.39233237171487517 0.025307961164926208 0.40069488851346419 0.057440756141913421 -0.62440191829227842 -0.078590287630025221 -0.33104930897553764 0.94399408251047134 0.66333801580029872 0.49305836550000576 0.3104191526850083 0.95845010009678921
leaf_weight=5716 333 286 1217 411 261 477 63 667 44 63 42 229 948 43
leaf_count=5716 333 286 1217 411 261 477 63 667 44 63 42 229 948 43
internal_value=0.000667003 -0.148402 0.305187 0.246018 0.29071 0.0198089 -0.0291839 -0.126484 0.247104 0.508916 0.107654 0.263322 0.224275 0.412397
internal_weight=10800 7251 3549 2289 1956 1535 1249 730 1632 324 519 1588 1359 1260
internal_count=10800 7251 3549 2289 1956 1535 1249 730 1632 324 519 1588 1359 1260
is_linear=0
shrinkage=0.05


Tree=61
num_leaves=15
num_cat=0
split_feature=65 65 65 37 43 33 22 13 48 15 3 48 48 49
split_gain=177066 15366.3 12033.1 9325.09 6894.54 5952.55 5742.07 5452.74 7339.47 5842.02 5056.82 5452.95 6025.07 4841.9
threshold=132.24970350000004 24.000000000000004 238.12745100000004 54.125000000000007 73.875000000000014 21.003125000000004 147.99442397395833 1.1547367410384408 11.875000000000002 206.32641350000003 272.71499900000009 3.1250000000000004 3.3750000000000004 1.5000000000000002
decision_type=2 2 2 2 2 2 2 2 2 2 2 2 2 2
left_child=1 -1 3 -2 5 -5 -6 -4 -9 13 11 -3 -13 -10
right_child=2 10 7 4 6 -7 -8 8 9 -11 -12 12 -14 -15
leaf_value=-0.20277612767580863 0.42043486511826222 0.37447973233439141 0.25445569484888692 -0.40226840386495877 0.17683953874599817 0.050325356288673351 0.7526027281647143 0.48465714791651227 0.28529029229567165 0.4414931187199222 0.17579443867997094 -0.50657389123498653 -0.06585056651689862 -0.23976226124264627
leaf_weight=4684 306 66 916 84 778 499 45 951 83 143 235 80 1839 91
leaf_count=4684 306 66 916 84 778 499 45 951 83 143 235 80 1839 91
internal_value=0.000648623 -0.15143 0.270113 0.170707 0.116096 -0.0154626 0.209196 0.347923 0.415189 0.205916 -0.0430526 -0.069037 -0.0844779 0.0108929
internal_weight=10800 6904 3896 1712 1406 583 823 2184 1268 317 2220 1985 1919 174
internal_count=10800 6904 3896 1712 1406 583 823 2184 1268 317 2220 1985 1919 174
is_linear=0
shrinkage=0.05


Tree=62
num_leaves=15
num_cat=0
split_feature=65 65 48 26 32 11 36 16 48 48 43 26 37 5
split_gain=160360 18103.6 7759.32 8180.84 8525.89 6906.67 6197.7 5837.75 4935.09 6981.55 4777.74 7725.64 5821.71 8344.28
threshold=164.56404450000002 24.000000000000004 13.875000000000002 20.987500000000004 22.487500000000004 272.67347150000006 19.691927083333336 285.75061850000003 3.1250000000000004 3.3750000000000004 74.625000000000014 23.962500000000002 58.875000000000007 221.97936600000003
decision_type=2 2 2 2 2 2 2 2 2 2 2 2 2 2
left_child=1 -1 3 4 6 8 -2 10 -3 -10 12 -12 -5 -14
right_child=2 5 -4 7 -6 -7 -8 -9 9 -11 11 -13 13 -15
leaf_value=-0.19263947017673749 -0.056013738424897944 0.3346697599316637 0.041782964601386169 0.43141137732601753 -0.26181211740393001 0.28351277337063796 0.28589894393342119 0.80619136681514125 -0.51556333659625631 -0.045786915166624663 0.37586836186874595 0.84586517322063459 0.3019224787693528 -0.046469957683496023
leaf_weight=4684 158 80 322 409 96 166 812 69 81 2240 752 99 590 242
leaf_count=4684 158 80 322 409 96 166 812 69 81 2240 752 99 590 242
internal_value=0.000625453 -0.134162 0.275972 0.29932 0.185692 -0.0274259 0.230206 0.35526 -0.0490326 -0.0623965 0.340009 0.431473 0.276991 0.200653
internal_weight=10800 7251 3549 3227 1066 2567 970 2161 2401 2321 2092 851 1241 832
internal_count=10800 7251 3549 3227 1066 2567 970 2161 2401 2321 2092 851 1241 832
is_linear=0
shrinkage=0.05


Tree=63
num_leaves=15
num_cat=0
split_feature=65 65 65 35 43 9 37 0 20 61 39 51 24 51
split_gain=144819 13275.1 9297.83 8735.84 8328.81 5720.85 5671.92 5652.65 4863.41 7610.46 5107.15 5968.5 4357.79 4876.63
threshold=119.46223000000002 217.94672450000004 24.000000000000004 19.99635416666667 77.875000000000014 253.96305750000002 63.375000000000007 272.71499900000009 269.23038800000006 -0.63405362205439475 74.375000000000014 2.5000000000000004 300.54248650000005 1.5000000000000002
decision_type=2 2 2 2 2 2 2 2 2 2 2 2 2 2
left_child=2 3 -1 4 -2 7 -7 -5 9 -3 11 -11 13 -10
right_child=1 8 -4 5 -6 6 -8 -9 12 10 -12 -13 -14 -15
leaf_value=-0.18300955854841333 -0.67433652390133259 0.31725248417604179 -0.052665667647029006 0.23186993058903185 0.0029018796266723872 0.19006789920155656 -0.11784207119320439 0.77839094318595592 0.21746388358684876 -0.079684947643586454 -0.31453785917288823 0.36603199231438338 0.035376877689136652 0.63982376936507857
leaf_weight=4684 54 1726 1934 703 260 363 253 50 95 141 70 159 52 256
leaf_count=4684 54 1726 1934 703 260 363 253 50 95 141 70 159 52 256
internal_value=0.000606162 0.2309 -0.144932 0.122242 -0.115337 0.176779 0.0636188 0.269144 0.304 0.273158 0.0671635 0.156976 0.463332 0.526452
internal_weight=10800 4182 6618 1683 314 1369 616 753 2499 2096 370 300 403 351
internal_count=10800 4182 6618 1683 314 1369 616 753 2499 2096 370 300 403 351
is_linear=0
shrinkage=0.05


Tree=64
num_leaves=15
num_cat=0
split_feature=65 65 31 61 16 46 26 24 47 51 48 7 18 48
split_gain=130951 15087.3 6948.99 6652.99 8611.17 5792.56 5459.82 5296.46 5956.96 5870.58 4948.05 5189.89 4592.5 4532.13
threshold=164.56404450000002 42.523274000000008 18.275000000000002 -0.70710678118654757 272.70666550000004 89.609375000000014 24.087500000000002 302.68069650000001 71.028645833333343 1.5000000000000002 15.875000000000002 229.20058150000003 30.956510833333336 3.3750000000000004
decision_type=2 2 2 2 2 2 2 2 2 2 2 2 2 2
left_child=1 -1 -2 6 -5 10 -4 8 -6 -10 11 -3 13 -13
right_child=2 5 3 4 7 -7 -8 -9 9 -11 -12 12 -14 -15
leaf_value=-0.16264422992140182 -0.0074991531586804522 0.16174868342434709 0.29553003703056452 0.11601706123022384 0.7879356607136252 -0.37778781858728605 0.53814412454989824 -0.089573072083294403 -0.057273855883007256 0.48147862697897975 -0.084440005501491056 -0.50186000926316621 0.36350969654717008 -0.035813522691892079
leaf_weight=5452 245 757 1558 1080 98 93 274 50 71 173 640 71 48 190
leaf_count=5452 245 757 1558 1080 98 93 274 50 71 173 640 71 48 190
internal_value=0.000582138 -0.121221 0.249403 0.26845 0.189074 0.00433615 0.33209 0.389544 0.459648 0.325117 0.0253762 0.0913244 -0.0811688 -0.164024
internal_weight=10800 7251 3549 3304 1472 1799 1832 392 342 244 1706 1066 309 261
internal_count=10800 7251 3549 3304 1472 1799 1832 392 342 244 1706 1066 309 261
is_linear=0
shrinkage=0.05


Tree=65
num_leaves=15
num_cat=0
split_feature=65 65 65 31 64 46 51 43 26 26 8 36 41 46
split_gain=118206 13641.4 6662.19 8278.53 5754.69 5547.75 5265.83 4992.65 5073.18 4970.34 4779.29 4619.9 5049.57 5978.9
threshold=164.56404450000002 28.000000000000004 261.46811050000002 19.762500000000003 264.27020500000009 49.260416666666679 3.5000000000000004 76.625000000000014 23.912500000000005 20.987500000000004 285.25181400000002 18.666666666666668 71.875000000000014 89.609375000000014
decision_type=2 2 2 2 2 2 2 2 2 2 2 2 2 2
left_child=1 -1 3 -2 10 -3 -6 9 -9 -4 -5 -7 -13 -14
right_child=2 5 7 4 6 11 -8 8 -10 -11 -12 12 13 -15
leaf_value=-0.15548453746533922 -0.044352355671204449 0.3442678928845101 -0.066907464589821095 0.20108023899354752 0.31631901181295857 -0.50399958652754628 0.82555609382688999 0.40095771731575952 0.97274590664824778 0.29924057835411078 -0.32220928861035247 -0.12953711685113636 0.088138623231341612 -0.32216552045849184
leaf_weight=5388 333 110 108 1588 261 47 63 471 42 639 44 560 1050 96
leaf_count=5388 333 110 108 1588 261 47 63 471 42 639 44 560 1050 96
internal_value=0.000559637 -0.115164 0.236962 0.185989 0.225206 0.00146731 0.417573 0.329343 0.449572 0.246285 0.186783 -0.0202273 -0.006612 0.0535167
internal_weight=10800 7251 3549 2289 1956 1863 324 1260 513 747 1632 1753 1706 1146
internal_count=10800 7251 3549 2289 1956 1863 324 1260 513 747 1632 1753 1706 1146
is_linear=0
shrinkage=0.05


Tree=66
num_leaves=15
num_cat=0
split_feature=65 65 36 25 16 61 37 11 0 9 36 31 7 65
split_gain=106707 12477.4 6280.03 7552.22 6129.1 7901.88 8315.81 5584.11 4570.96 5681.77 7914.55 4402.2 4716.06 4332.48
threshold=164.56404450000002 24.000000000000004 25.257291666666671 104.57112527615017 285.75061850000003 -0.63405362205439475 58.875000000000007 272.67347150000006 250.77304450000003 196.22379650000002 21.325911458333337 19.762500000000003 162.90215500000002 233.98404850000003
decision_type=2 2 2 2 2 2 2 2 2 2 2 2 2 2
left_child=1 -1 4 -4 5 8 -7 -3 9 11 -11 -2 -13 -12
right_child=2 7 3 -5 -6 6 -8 -9 -10 10 13 12 -14 -15
leaf_value=-0.15795798444188139 -0.0042816098610108551 -0.040229112951779222 0.90950887198409736 0.31611509350836342 0.77214303655630878 0.27841938865009419 -0.0087407229032200901 0.25878464424436143 0.39065175972393917 0.26158694804631449 0.06602319173696565 0.41540436108847062 0.18939159912190268 -0.4297944311751053
leaf_weight=4684 131 2401 61 421 45 375 765 166 456 190 81 475 454 95
leaf_count=4684 131 2401 61 421 45 375 765 166 456 190 81 475 454 95
internal_value=0.000540471 -0.109411 0.22515 0.39294 0.198662 0.189869 0.0858811 -0.0207996 0.25278 0.208449 0.0384652 0.26705 0.305275 -0.202522
internal_weight=10800 7251 3549 482 3067 3022 1140 2567 1882 1426 366 1060 929 176
internal_count=10800 7251 3549 482 3067 3022 1140 2567 1882 1426 366 1060 929 176
is_linear=0
shrinkage=0.05


Tree=67
num_leaves=15
num_cat=0
split_feature=65 65 37 8 65 22 24 9 16 13 43 11 26 16
split_gain=96548.8 9327.28 7257.14 8831.18 6467.32 6142.89 5518.26 6334.5 5170.17 4439.99 5496.51 6150.65 5310.97 4129.71
threshold=119.46223000000002 238.12745100000004 63.375000000000007 206.41122200000004 24.000000000000004 147.99442397395833 307.27302800000007 250.58438100000004 273.13806300000005 1.1547367410384408 76.625000000000014 209.05562900000004 24.087500000000002 270.93256800000006
decision_type=2 2 2 2 2 2 2 2 2 2 2 2 2 2
left_child=4 2 6 5 -1 -4 7 -2 13 -3 11 -11 -12 -9
right_child=1 9 3 -5 -6 -7 -8 8 -10 10 12 -13 -14 -15
leaf_value=-0.15006178060997766 0.58894176973828249 0.17578008913987542 0.087193094634645044 -0.16039005382923982 -0.041355726548593291 0.54983010804295562 -0.21711312460488288 0.17984014987676414 0.43038814600627379 0.068210945228735609 0.40224997807053503 0.35137405991620113 0.98431295264850971 -0.2665807543541579
leaf_weight=4684 139 916 906 377 1934 77 57 217 158 314 417 494 43 67
leaf_count=4684 139 916 906 377 1934 77 57 217 158 314 417 494 43 67
internal_value=0.000528335 0.188565 0.110411 0.0450723 -0.118305 0.123954 0.249403 0.295466 0.202053 0.25998 0.32062 0.241553 0.458677 0.0739567
internal_weight=10800 4182 1998 1360 6618 983 638 581 442 2184 1268 808 460 284
internal_count=10800 4182 1998 1360 6618 983 638 581 442 2184 1268 808 460 284
is_linear=0
shrinkage=0.05


Tree=68
num_leaves=15
num_cat=0
split_feature=65 10 64 9 36 47 46 38 65 32 41 12 22 36
split_gain=87466.5 12403 6722.49 9408.71 5784.31 4659.89 4567.12 5042.38 4695.08 4836.79 6363.91 5318.24 4409.2 11943.6
threshold=178.27297600000003 248.05234025000001 193.37852400000003 97.299574000000021 18.395963541666671 86.718750000000014 92.005208333333357 93.875000000000014 261.46811050000002 22.012500000000003 83.125000000000014 111.91807350000002 145.37535585416671 24.711067708333339
decision_type=2 2 2 2 2 2 2 2 2 2 2 2 2 2
left_child=1 2 -1 -4 5 -2 7 8 -6 11 -11 -10 13 -3
right_child=4 12 3 -5 6 -7 -8 -9 9 10 -12 -13 -14 -15
leaf_value=-0.13238444868056173 -0.3109830128211204 0.064971151571131133 0.21629970049283462 -0.17880540966711664 0.17708199721461612 0.32497102916240694 -0.25084761351346974 0.77712966597505984 0.25859902593098322 0.34439816112683802 0.038805892092400589 0.59267826783005151 -0.18986118096824087 0.70149900587492209
leaf_weight=6100 91 517 340 269 1974 41 49 41 242 415 289 239 108 85
leaf_count=6100 91 517 340 269 1974 41 49 41 242 415 289 239 108 85
internal_value=0.000515727 -0.0955401 -0.116572 0.0417717 0.211259 -0.112494 0.224443 0.231797 0.224476 0.303209 0.219182 0.425482 0.103079 0.155861
internal_weight=10800 7419 6709 609 3381 132 3249 3200 3159 1185 704 481 710 602
internal_count=10800 7419 6709 609 3381 132 3249 3200 3159 1185 704 481 710 602
is_linear=0
shrinkage=0.05


Tree=69
num_leaves=15
num_cat=0
split_feature=65 10 64 9 33 43 37 26 47 25 51 22 42 12
split_gain=78952.4 11198.1 6067.35 8494.29 5290.92 4820.3 8562.48 6581.38 5910.07 7425.78 5757.25 4947.84 4807.32 4972.13
threshold=178.27297600000003 248.05234025000001 193.37852400000003 97.299574000000021 17.656250000000004 74.625000000000014 81.625000000000014 23.962500000000002 76.589843750000014 107.3851834464367 2.5000000000000004 127.78606808333335 74.875000000000014 273.78285000000005
decision_type=2 2 2 2 2 2 2 2 2 2 2 2 2 2
left_child=1 2 -1 -4 -2 6 8 -7 9 12 11 -10 13 -6
right_child=4 -3 3 -5 5 7 -8 -9 10 -11 -12 -13 -14 -15
leaf_value=-0.12576630726110735 -0.069917587424238578 0.097965509558958441 0.20551643035981582 -0.16989825364340236 0.41055234855433043 0.24797916056210451 -0.19805932205456955 0.63548684591630933 0.24646011473467719 0.032266427468248579 0.18257515398665303 -0.32822524333165753 0.26481538681958483 1.0014409613019477
leaf_weight=6100 171 710 340 269 151 1468 155 118 51 257 309 134 520 47
leaf_count=6100 171 710 340 269 151 1468 155 118 51 257 309 134 520 47
internal_value=0.000501208 -0.0907599 -0.110744 0.0396862 0.200725 0.21516 0.154445 0.277192 0.191749 0.263081 0.0507148 -0.169325 0.345538 0.555141
internal_weight=10800 7419 6709 609 3381 3210 1624 1586 1469 975 494 185 718 198
internal_count=10800 7419 6709 609 3381 3210 1624 1586 1469 975 494 185 718 198
is_linear=0
shrinkage=0.05


Tree=70
num_leaves=15
num_cat=0
split_feature=65 10 52 64 36 9 26 43 32 47 25 51 42 46
split_gain=71276.8 10181.8 5651.4 5614.24 5012.17 4448.19 6547.64 7406.21 7199.45 4745.85 7293.87 5019.5 4796.78 4402.2
threshold=179.11754850000003 248.05234025000001 0.77259657388510639 201.55550250000002 18.395963541666671 268.69404500000007 22.512500000000003 77.625000000000014 22.787500000000005 76.589843750000014 107.3851834464367 2.5000000000000004 83.625000000000014 87.307291666666671
decision_type=2 2 2 2 2 2 2 2 2 2 2 2 2 2
left_child=1 2 -1 -4 13 6 8 9 -6 10 -8 12 -11 -2
right_child=4 -3 3 -5 5 -7 7 -9 -10 11 -12 -13 -14 -15
leaf_value=-0.12300216399999114 -0.29928314530400824 0.092355750844854409 -0.064109022174855229 0.21771984636198638 0.20492236818337617 0.064702924048044327 0.43557473736303998 0.59061942967239789 -0.10472084729496492 -0.43940215089094281 0.062824402303322341 0.26319237762222314 0.19454051057497662 0.32295911421136159
leaf_weight=5822 92 723 654 241 1365 488 480 206 217 66 181 172 53 40
leaf_count=5822 92 723 654 241 1365 488 480 206 217 66 181 172 53 40
internal_value=0.000487411 -0.0858324 -0.105023 0.0119384 0.191593 0.203944 0.228711 0.319069 0.16241 0.259751 0.333755 0.0910874 -0.15779 -0.109714
internal_weight=10800 7440 6717 895 3360 3228 2740 1158 1582 952 661 291 119 132
internal_count=10800 7440 6717 895 3360 3228 2740 1158 1582 952 661 291 119 132
is_linear=0
shrinkage=0.05


Tree=71
num_leaves=15
num_cat=0
split_feature=65 10 52 64 16 30 61 37 26 43 22 36 36 28
split_gain=64336.3 9189.67 5101.16 5068.74 4581.5 5771.6 5362.75 7846.96 4884.86 4145.25 3964.64 11628.9 4347.64 3565.16
threshold=179.11754850000003 248.05234025000001 0.77259657388510639 201.55550250000002 285.17474500000009 22.612500000000004 -0.63405362205439475 58.875000000000007 24.087500000000002 73.375000000000014 145.09375083333336 24.711067708333339 24.111067708333337 21.212500000000002
decision_type=2 2 2 2 2 2 2 2 2 2 2 2 2 2
left_child=1 2 -1 -4 6 -6 8 -8 -2 -9 11 12 -3 -11
right_child=4 10 3 -5 5 -7 7 9 -10 13 -12 -13 -14 -15
leaf_value=-0.11685311635811824 0.18671944425818168 0.10611145135919686 -0.060908465854417476 0.20687883682241126 0.96284661562669849 0.18618095853719219 0.26056810954310244 -0.10372287322367942 0.40084385489241581 -0.034956047999171111 -0.17901969360362771 0.68511061176125498 -0.32510806977081658 0.34182502123237146
leaf_weight=5822 1834 458 654 241 41 57 398 468 312 129 116 83 66 121
leaf_count=5822 1834 458 654 241 41 57 398 468 312 129 116 83 66 121
internal_value=0.000469606 -0.08154 -0.0997717 0.01135 0.182033 0.517556 0.171797 0.0827923 0.218022 -0.0159773 0.0877443 0.138935 0.0512817 0.148041
internal_weight=10800 7440 6717 895 3360 98 3262 1116 2146 718 723 607 524 250
internal_count=10800 7440 6717 895 3360 98 3262 1116 2146 718 723 607 524 250
is_linear=0
shrinkage=0.05


Tree=72
num_leaves=15
num_cat=0
split_feature=65 10 64 9 36 46 38 65 32 41 21 46 51 33
split_gain=58077.7 8295.5 4677.49 6664.63 4433.19 3995.17 4554.78 4006.42 4139.89 5133.83 4657.18 3937.53 3724.57 5416.62
threshold=179.11754850000003 248.05234025000001 193.37852400000003 97.299574000000021 18.395963541666671 92.005208333333357 93.875000000000014 261.46811050000002 22.012500000000003 83.125000000000014 27.920609466181308 87.307291666666671 2.5000000000000004 21.743750000000002
decision_type=2 2 2 2 2 2 2 2 2 2 2 2 2 2
left_child=1 2 -1 -4 11 6 7 12 10 -10 -9 -2 -6 -14
right_child=4 -3 3 -5 5 -7 -8 8 9 -11 -12 -13 13 -15
leaf_value=-0.1080158626912836 -0.28962086446342933 0.083376951276798075 0.18386531873011816 -0.14709630972012389 0.069469201320768628 -0.25970270365476605 0.70952072938283284 0.23527559706298035 0.29186442916711364 0.017460304754304476 0.55124208552808296 0.29890775222603871 0.093511649521133222 0.32632008682625357
leaf_weight=6103 92 723 341 273 952 49 41 277 415 289 204 40 511 490
leaf_count=6103 92 723 341 273 952 49 41 277 415 289 204 40 511 490
internal_value=0.000457778 -0.0774609 -0.0947829 0.0367115 0.172964 0.18458 0.191508 0.184516 0.257074 0.179403 0.370148 -0.110372 0.140381 0.207686
internal_weight=10800 7440 6717 614 3360 3228 3179 3138 1185 704 481 132 1953 1001
internal_count=10800 7440 6717 614 3360 3228 3179 3138 1185 704 481 132 1953 1001
is_linear=0
shrinkage=0.05


Tree=73
num_leaves=15
num_cat=0
split_feature=65 26 9 8 16 27 51 30 36 24 36 24 64 9
split_gain=52451.1 6207.42 7150.37 6504.73 4842.67 6796.02 5192.84 8489.08 8381.03 5871.92 6459.18 7210.7 4743.32 5347.18
threshold=116.68736850000001 19.012500000000003 268.97275250000001 186.12562650000004 272.70666550000004 28.462500000000002 2.5000000000000004 19.012500000000003 25.415885416666672 296.45735250000007 21.624739583333341 256.69117850000004 205.36311950000001 98.502104500000016
decision_type=2 2 2 2 2 2 2 2 2 2 2 2 2 2
left_child=12 3 4 -2 5 6 7 -3 9 10 -8 -12 -1 -14
right_child=1 2 -4 -5 -6 -7 8 -9 -10 -11 11 -13 13 -15
leaf_value=-0.098352771430189279 0.043671341458047734 -0.44468660776813823 0.019797966027283273 -0.48322444647105772 0.35648570155620107 -0.46995630409659417 0.34056027363165231 0.13785382659765757 0.89953731695810957 0.6121349718570096 -0.49401788984735806 0.14143875139174494 0.28863392287967565 -0.10237921114779464
leaf_weight=6204 465 65 730 66 399 40 453 1204 47 90 47 642 172 176
leaf_count=6204 465 65 730 66 399 40 453 1204 47 90 47 642 172 176
internal_value=0.000444407 0.137271 0.160111 -0.0226037 0.194384 0.169264 0.179479 0.107689 0.250569 0.225102 0.194092 0.0974381 -0.088275 0.0911534
internal_weight=10800 4248 3717 531 2987 2588 2548 1269 1279 1232 1142 689 6552 348
internal_count=10800 4248 3717 531 2987 2588 2548 1269 1279 1232 1142 689 6552 348
is_linear=0
shrinkage=0.05


Tree=74
num_leaves=15
num_cat=0
split_feature=65 0 65 37 61 28 22 32 20 9 48 48 24 49
split_gain=48042.8 8213.44 4572.5 3852.24 7542.77 4057.88 5393.14 4794.27 4117.38 4420.9 3731.71 5392.38 3522.93 4631.35
threshold=189.68383650000004 272.06304300000005 24.000000000000004 56.125000000000007 -0.5 20.987500000000004 33.07783888020834 22.112500000000004 234.16816900000001 202.67053300000003 3.1250000000000004 3.3750000000000004 283.32550850000001 3.5000000000000004
decision_type=2 2 2 2 2 2 2 2 2 2 2 2 2 2
left_child=1 2 -1 -2 5 7 -7 8 9 12 -4 -12 13 -5
right_child=3 -3 10 4 -6 6 -8 -9 -10 -11 11 -13 -14 -15
leaf_value=-0.10753319009009395 0.31303856485908493 0.19487707718220323 0.30665438850637439 0.16867742056528173 -0.045637856610119348 0.60988580079182331 0.21131875989826174 -0.14433825928626903 0.45038426396373699 -0.22061032070354983 -0.43495297802657618 -0.022867186053306891 0.48449078582814087 -0.22035545997998934
leaf_weight=4684 381 286 81 590 443 91 1159 159 102 87 81 2497 72 87
leaf_count=4684 381 286 81 590 443 91 1159 159 102 87 81 2497 72 87
internal_value=0.00042565 -0.067563 -0.0778099 0.163967 0.143505 0.17921 0.240799 0.108877 0.151907 0.114995 -0.0254296 -0.0359784 0.15422 0.118432
internal_weight=10800 7629 7343 3171 2790 2347 1250 1097 938 836 2659 2578 749 677
internal_count=10800 7629 7343 3171 2790 2347 1250 1097 938 836 2659 2578 749 677
is_linear=0
shrinkage=0.05


Tree=75
num_leaves=15
num_cat=0
split_feature=65 0 52 26 9 0 8 0 9 37 48 65 17 4
split_gain=43368.8 7414.68 4283.22 3801.83 3542.38 5177.85 3624.9 3959.61 7830.79 5329.75 4728.85 3498.88 6447.64 3190.78
threshold=189.68383650000004 272.06304300000005 0.77259657388510639 16.862500000000004 268.69404500000007 260.90748600000006 257.88623600000005 218.01924050000002 196.22379650000002 59.875000000000007 6.1250000000000009 231.89821000000003 28.312041507273012 261.26135000000005
decision_type=2 2 2 2 2 2 2 2 2 2 2 2 2 2
left_child=1 2 -1 -2 5 6 7 8 10 -10 -5 -11 -13 -3
right_child=3 13 -4 4 -6 -7 -8 -9 9 11 -12 12 -14 -15
leaf_value=-0.088967515955988535 -0.25310077647279416 0.45818509086608317 0.022965226933098049 0.090730878813590266 0.034900471410227223 0.35550788821015439 -0.048803415886944319 0.31943055087000211 0.25067758695222436 0.0094897624799890126 0.28048482706273298 -0.13235424776988414 -0.88437518617365429 0.082878768066653896
leaf_weight=6356 55 77 987 584 460 382 196 390 95 121 753 95 40 209
leaf_count=6356 55 77 987 584 460 382 196 390 95 121 753 95 40 209
internal_value=0.00041151 -0.0641853 -0.0739211 0.155794 0.16309 0.18527 0.156529 0.17591 0.142582 -0.0674505 0.19773 -0.186022 -0.36004 0.185167
internal_weight=10800 7629 7343 3171 3116 2656 2274 2078 1688 351 1337 256 135 286
internal_count=10800 7629 7343 3171 3116 2656 2274 2078 1688 351 1337 256 135 286
is_linear=0
shrinkage=0.05


Tree=76
num_leaves=15
num_cat=0
split_feature=65 12 37 52 40 26 8 0 9 37 54 7 30 7
split_gain=39139.3 6785.39 4266.15 4036.08 3551.35 3435.16 3261.46 4812.49 5602.35 6597.09 5521.94 4966.88 4530.18 4190.89
threshold=189.68383650000004 272.31199150000003 49.875000000000007 0.77259657388510639 60.125000000000007 16.862500000000004 267.02941400000003 251.52175600000004 197.23703800000001 82.875000000000014 1.0000000180025095e-35 150.16800350000003 21.487500000000004 97.025382500000021
decision_type=2 2 2 2 2 2 2 2 2 2 2 2 2 2
left_child=1 3 -3 -1 -4 -2 7 8 11 -10 -11 12 -7 -14
right_child=5 2 4 -5 -6 6 -8 -9 9 10 -12 -13 13 -15
leaf_value=-0.086974657355824839 -0.2406717177014798 0.38844050451802714 -0.076232726644310689 0.021818127783264227 0.31784077276346051 0.20207145627216613 0.01803704780373265 0.291162768373602 0.081793252726995641 -0.69156037146394911 0.078736206525709576 0.10398779171353832 0.71405522730744009 0.268241417474748
leaf_weight=6239 55 119 206 987 78 440 382 664 604 54 40 718 102 112
leaf_count=6239 55 119 206 987 78 440 382 664 604 54 40 718 102 112
internal_value=0.000393237 -0.0609729 0.138471 -0.0721137 0.0327342 0.148005 0.15494 0.174055 0.136367 0.0209975 -0.366396 0.195003 0.294614 0.483065
internal_weight=10800 7629 403 7226 284 3171 3116 2734 2070 698 94 1372 654 214
internal_count=10800 7629 403 7226 284 3171 3116 2734 2070 698 94 1372 654 214
is_linear=0
shrinkage=0.05


Tree=77
num_leaves=15
num_cat=0
split_feature=65 65 44 9 35 49 36 24 24 61 64 9 47 51
split_gain=35337 5389.97 4960.06 8081.68 5505.82 4740.8 4631.82 4053.87 6921.56 4140.11 4051.4 4663.75 3848.58 3722.83
threshold=116.68736850000001 261.46811050000002 54.218750000000007 269.23038800000006 19.947395833333335 3.5000000000000004 19.481250000000006 300.20324800000009 296.45735250000007 -0.95642797789208678 205.36311950000001 98.502104500000016 78.209635416666671 2.5000000000000004
decision_type=2 2 2 2 2 2 2 2 2 2 2 2 2 2
left_child=10 2 -2 4 5 13 -7 8 -6 -9 -1 -12 -10 -4
right_child=1 -3 3 -5 7 6 -8 9 12 -11 11 -13 -14 -15
leaf_value=-0.081755426705307971 0.23649672106446992 0.19939303379997014 -0.37560950098964185 -0.17393383922620045 0.13277952939985169 0.21876063615810581 -0.3843449870813383 -0.50387337648206287 0.85920473202219549 0.046217714723533795 0.27778930176437078 -0.087404865878870933 0.20303260124311218 0.10077662870120221
leaf_weight=6204 414 1260 45 347 1341 40 145 44 52 142 172 176 40 378
leaf_count=6204 414 1260 45 347 1341 40 145 44 52 142 172 176 40 378
internal_value=0.000380012 0.112688 0.0760707 0.0501861 0.0851698 -0.0430688 -0.253469 0.133325 0.161822 -0.08591 -0.0724409 0.0933722 0.579163 0.0493309
internal_weight=10800 4248 2988 2574 2227 608 185 1619 1433 186 6552 348 92 423
internal_count=10800 4248 2988 2574 2227 608 185 1619 1433 186 6552 348 92 423
is_linear=0
shrinkage=0.05


Tree=78
num_leaves=15
num_cat=0
split_feature=65 12 37 64 9 8 40 36 24 8 0 9 24 30
split_gain=32141 5903.44 3686.58 3462.39 4408.41 3318.93 3222.84 3171.2 8524.89 2814.98 4805.14 3896.18 5067.79 4594.93
threshold=189.68383650000004 272.31199150000003 49.875000000000007 194.26627250000004 97.299574000000021 272.19199400000008 60.125000000000007 25.415885416666672 278.56941200000006 267.62516500000004 251.52175600000004 196.22379650000002 219.74102000000002 17.775000000000002
decision_type=2 2 2 2 2 2 2 2 2 2 2 2 2 2
left_child=1 3 -3 -1 -5 -6 -4 9 -9 10 11 -2 -13 -14
right_child=7 2 6 4 5 -7 -8 8 -10 -11 -12 12 13 -15
leaf_value=-0.07697222605135029 0.14778476758661716 0.36315605223256475 -0.071325984577409893 0.15694919791569314 -0.18733476219931619 0.17725371832382822 0.30408072073448777 0.93465763995813766 0.18394312678833402 -0.030531528536357041 0.25843354146998992 -0.39153082321423133 0.34422500071890449 -0.016262139242292476
leaf_weight=6526 1241 119 206 374 243 83 78 42 322 293 586 73 106 508
leaf_count=6526 1241 119 206 374 243 83 78 42 322 293 586 73 106 508
internal_value=0.000364101 -0.0552458 0.130784 -0.0656375 0.0399937 -0.0942519 0.0324839 0.134129 0.272887 0.116045 0.133133 0.0949352 -0.000608481 0.0464303
internal_weight=10800 7629 403 7226 700 326 284 3171 364 2807 2514 1928 687 614
internal_count=10800 7629 403 7226 700 326 284 3171 364 2807 2514 1928 687 614
is_linear=0
shrinkage=0.05


Tree=79
num_leaves=15
num_cat=0
split_feature=65 65 46 48 48 37 61 35 22 36 24 49 47 46
split_gain=29013.1 5367.79 3595.8 3364.18 4789.83 3148.52 5876.93 3288.6 4660.23 3921.69 3458.79 5949.77 3632.87 3074.09
threshold=189.68383650000004 24.000000000000004 49.260416666666679 3.1250000000000004 3.3750000000000004 56.125000000000007 -0.5 22.63697916666667 42.98737648958334 24.343229166666671 283.09452200000004 3.5000000000000004 78.710937500000014 85.807291666666671
decision_type=2 2 2 2 2 2 2 2 2 2 2 2 2 2
left_child=1 -1 -3 -4 -5 -2 7 9 -9 10 11 -7 -12 -13
right_child=5 2 3 4 -6 6 -8 8 -10 -11 12 13 -14 -15
leaf_value=-0.085729287736825532 0.262172362458507 0.25751425327912258 0.30412371755100609 -0.39727434308790582 -0.0092703323364661215 0.14888449012013089 -0.05796534217850028 0.78067938032604411 0.21439219849080859 -0.093127797325767259 0.38320643266187554 -0.011711272132268412 -0.04562754132119673 -0.42569731234107167
leaf_weight=4684 381 129 81 81 2654 1310 443 41 283 200 238 150 62 63
leaf_count=4684 381 129 81 81 2654 1310 443 41 283 200 238 150 62 63
internal_value=0.000355602 -0.0524792 0.000416079 -0.0114487 -0.0209025 0.127445 0.10896 0.140479 0.288234 0.116684 0.13974 0.109038 0.294724 -0.135575
internal_weight=10800 7629 2945 2816 2735 3171 2790 2347 324 2023 1823 1523 300 213
internal_count=10800 7629 2945 2816 2735 3171 2790 2347 324 2023 1823 1523 300 213
is_linear=0
shrinkage=0.05


Tree=80
num_leaves=15
num_cat=0
split_feature=65 65 24 31 51 51 3 64 64 65 37 43 26 40
split_gain=26196.4 3920.09 6817.56 4664.46 3759.99 3870.11 3292.25 3504.16 3281.72 3878.64 2999.79 4002.07 4135.57 2860.76
threshold=132.24970350000004 261.46811050000002 322.54412650000006 19.912500000000005 2.5000000000000004 3.5000000000000004 273.04091050000005 258.40172800000011 266.28212850000006 242.92283500000002 47.125000000000007 73.875000000000014 24.712500000000002 64.875000000000014
decision_type=2 2 2 2 2 2 2 2 2 2 2 2 2 2
left_child=6 2 3 4 -2 -6 7 -1 10 -10 -5 12 -12 -14
right_child=1 -3 -4 8 5 -7 -8 -9 9 -11 11 -13 13 -15
leaf_value=-0.070977161529600361 -0.38460639046552858 0.1765128329330147 -0.56278308544840128 0.29256749609426697 0.31017234848859987 -0.088069611562282921 0.1291552001425775 0.13805596740637424 0.55671770245563701 0.15162564671860176 -0.20193969789487515 0.12658798161511656 -0.11133579476647507 0.1550292852374309
leaf_weight=6472 77 1260 41 158 77 279 226 206 81 216 229 1041 156 281
leaf_count=6472 77 1260 41 158 77 279 226 206 81 216 229 1041 156 281
internal_value=0.000343489 0.10399 0.0692706 0.0794698 -0.0701967 -0.00130546 -0.058152 -0.0645093 0.109463 0.263603 0.0847885 0.0653964 -0.0302962 0.0599053
internal_weight=10800 3896 2636 2595 433 356 6904 6678 2162 297 1865 1707 666 437
internal_count=10800 3896 2636 2595 433 356 6904 6678 2162 297 1865 1707 666 437
is_linear=0
shrinkage=0.05


Tree=81
num_leaves=15
num_cat=0
split_feature=65 26 43 9 49 24 24 36 37 61 44 64 9 44
split_gain=23726 4402.36 6400.09 5831.49 5085.48 4162.98 3868.54 3672.08 3420.93 3787.04 3142.74 3126.6 3912.75 3009.81
threshold=116.68736850000001 20.337500000000002 79.125000000000014 270.73891950000007 3.5000000000000004 300.20324800000009 293.19208500000008 23.663020833333334 79.375000000000014 -0.95642797789208678 52.906250000000007 205.36311950000001 99.208772000000025 68.968750000000014
decision_type=2 2 2 2 2 2 2 2 2 2 2 2 2 2
left_child=11 2 4 5 -2 6 -3 -4 9 -7 -5 -1 -13 -8
right_child=1 3 7 10 -6 8 13 -9 -10 -11 -12 12 -14 -15
leaf_value=-0.067523513217948194 -0.0052699485346238365 0.16138610787908014 0.042318291656333232 0.18619956764813564 -0.46641790611685902 -0.50375871647797199 0.71671644129923417 0.46133252088246607 0.3630560711634403 -0.0021955399174028293 -0.079515793859713885 0.25235919338248841 -0.082127546964363127 0.24622657045560037
leaf_weight=6204 127 2102 794 145 112 45 55 55 48 207 467 175 173 91
leaf_count=6204 127 2102 794 145 112 45 55 55 48 207 467 175 173 91
internal_value=0.000329171 0.0923544 0.00559953 0.122213 -0.222416 0.15549 0.178828 0.0699737 -0.0194014 -0.0933975 -0.0163593 -0.0593405 0.0863181 0.427136
internal_weight=10800 4248 1088 3160 239 2548 2248 849 300 252 612 6552 348 146
internal_count=10800 4248 1088 3160 239 2548 2248 849 300 252 612 6552 348 146
is_linear=0
shrinkage=0.05


Tree=82
num_leaves=15
num_cat=0
split_feature=65 12 37 40 26 52 24 24 49 51 51 8 35 47
split_gain=21650.7 4507.8 3584.73 3300.58 2898.92 2694.7 2587.88 4875.62 10702.9 4344.79 4180.96 5642.61 4884.81 4776.97
threshold=189.68383650000004 273.36919000000006 49.875000000000007 60.125000000000007 16.862500000000004 0.77259657388510639 300.20324800000009 277.29195150000004 3.5000000000000004 3.5000000000000004 2.5000000000000004 198.75511050000003 19.186979166666671 76.860677083333357
decision_type=2 2 2 2 2 2 2 2 2 2 2 2 2 2
left_child=1 5 -3 -4 -2 -1 7 8 10 -10 11 12 -6 -13
right_child=4 2 3 -5 6 -7 -8 -9 9 -11 -12 13 -14 -15
leaf_value=-0.065989502523413998 -0.24678344283020126 0.3813651336319745 -0.081791875294262642 0.30810102783143523 -0.39042444018635991 0.022862619017429937 -0.03936149902770493 0.22321366883943139 -0.071388208617027549 -0.50264121209873869 0.18798289210443128 0.12116087134927511 0.18005708304673351 -0.44551061662760649
leaf_weight=6279 55 99 189 75 41 987 245 939 188 84 1107 59 355 98
leaf_count=6279 55 99 189 75 41 987 245 939 188 84 1107 59 355 98
internal_value=0.000318372 -0.0453229 0.126406 0.0297178 0.110105 -0.0539185 0.116481 0.12979 0.0842911 -0.205923 0.13194 0.0196148 0.120157 -0.233139
internal_weight=10800 7629 363 264 3171 7266 3116 2871 1932 272 1660 553 396 157
internal_count=10800 7629 363 264 3171 7266 3116 2871 1932 272 1660 553 396 157
is_linear=0
shrinkage=0.05


Tree=83
num_leaves=15
num_cat=0
split_feature=65 36 49 24 30 47 31 36 51 37 5 25 30 22
split_gain=19697.9 5083.74 4984.11 12876.1 6765.7 6143.35 12344.3 6020.02 5775.24 5806.05 6621.61 5638.95 5032.92 4720.98
threshold=86.418312 18.666666666666668 3.5000000000000004 274.65417650000006 18.112500000000004 70.757812500000014 22.237500000000004 26.432291666666668 2.5000000000000004 50.625000000000007 258.14039900000006 105.78084749261848 19.912500000000005 146.49548196354169
decision_type=2 2 2 2 2 2 2 2 2 2 2 2 2 2
left_child=-1 -2 8 4 -4 6 -5 -8 9 11 12 -3 -11 -14
right_child=1 2 3 5 -6 -7 7 -9 -10 10 -12 -13 13 -15
leaf_value=-0.062858749059508418 -0.18777335338006362 0.080592118932040255 0.2738105436960856 1.0386601261064119 -0.23413022763596736 0.0360627819051655 -0.095474411359145528 0.46228945647676789 0.1729882967993964 -0.21888086595636322 -0.23196484608954548 0.61951701438721318 0.13970538903224511 -0.13984714415521254
leaf_weight=5760 180 122 74 50 527 460 104 89 1879 145 235 80 915 180
leaf_count=5760 180 122 74 50 527 460 104 89 1879 145 235 80 915 180
internal_value=0.000300514 0.0724807 0.0821564 -0.0014614 -0.171237 0.143719 0.346528 0.16279 0.112811 0.0453225 0.0108113 0.296028 0.0569711 0.0936659
internal_weight=10800 5040 4860 1304 601 703 243 193 3556 1677 1475 202 1240 1095
internal_count=10800 5040 4860 1304 601 703 243 193 3556 1677 1475 202 1240 1095
is_linear=0
shrinkage=0.05


Tree=84
num_leaves=15
num_cat=0
split_feature=65 12 37 16 35 46 61 30 36 46 25 37 32 22
split_gain=18088.8 3532.5 3049.72 2746.19 3882.01 2722.44 2703.05 3231.01 4088.92 4468.64 3878.83 3185.12 2962.84 3311.01
threshold=190.52665450000003 273.36919000000006 49.875000000000007 285.17474500000009 26.040104166666669 60.114583333333336 -0.83146961230254512 22.987500000000004 24.343229166666671 77.442708333333357 104.57112527615017 58.875000000000007 21.112500000000004 125.64656252604168
decision_type=2 2 2 2 2 2 2 2 2 2 2 2 2 2
left_child=1 -1 -3 6 -5 -4 7 8 9 -2 -9 -8 13 -11
right_child=3 2 5 4 -6 -7 11 10 -10 12 -12 -13 -14 -15
leaf_value=-0.048850191078368028 0.65811993154447257 0.34567253918759527 -0.09672154554009782 0.70744531950490042 0.026182056495510954 0.23531164400871299 0.16792067699875921 0.65527128889447173 -0.14539805574013906 0.05150596489493986 0.18127470208515584 0.0095281428156829828 0.019573539169966292 0.28710610337401843
leaf_weight=7284 40 99 172 43 40 95 426 62 135 248 141 1237 403 375
leaf_count=7284 40 99 172 43 40 95 426 62 135 248 141 1237 403 375
internal_value=0.00029314 -0.0412298 0.110148 0.101116 0.383346 0.0218548 0.0933554 0.144425 0.113056 0.145893 0.328545 0.0501791 0.125301 0.193553
internal_weight=10800 7650 366 3150 83 267 3067 1404 1201 1066 203 1663 1026 623
internal_count=10800 7650 366 3150 83 267 3067 1404 1201 1066 203 1663 1026 623
is_linear=0
shrinkage=0.05


Tree=85
num_leaves=15
num_cat=0
split_feature=65 65 36 22 30 24 8 25 49 51 25 36 30 47
split_gain=16363.1 4550.65 5662.22 4641.77 5051.32 4177.77 4074.21 4855.87 8951.59 5766.39 5808.93 4354.24 5929.94 4134.33
threshold=86.418312 261.46811050000002 18.666666666666668 27.444602249999999 21.912500000000005 211.81016800000003 289.75058750000005 105.70636737221191 2.5000000000000004 3.5000000000000004 106.87927892455518 19.412760416666668 19.512500000000003 69.815104166666671
decision_type=2 2 2 2 2 2 2 2 2 2 2 2 2 2
left_child=-1 2 -2 4 -4 -5 7 8 -7 10 13 -10 -13 -9
right_child=1 -3 3 5 -6 6 -8 9 11 -11 -12 12 -14 -15
leaf_value=-0.057272592922496424 -0.29507937784480859 0.14833526494569374 0.11366332611559254 -0.43683431681407536 0.66498089657455195 0.10615086504235774 -0.3143788510026076 0.54286749211122409 0.25514648919275335 0.46634253654780428 0.017894786769820759 -0.36409564820810769 -0.058958685861500208 0.11395423489271617
leaf_weight=5760 122 1260 132 45 60 1244 77 105 85 122 602 194 871 121
leaf_count=5760 122 1260 132 45 60 1244 77 105 85 122 602 194 871 121
internal_value=0.00029262 0.0660797 0.0386293 0.0498366 0.288503 0.0365362 0.0428888 0.0512068 0.0132316 0.14679 0.0992002 -0.0872876 -0.114832 0.314742
internal_weight=10800 5040 3780 3658 192 3466 3421 3344 2394 950 828 1150 1065 226
internal_count=10800 5040 3780 3658 192 3466 3421 3344 2394 950 828 1150 1065 226
is_linear=0
shrinkage=0.05


Tree=86
num_leaves=15
num_cat=0
split_feature=65 65 49 36 25 24 51 47 53 36 22 28 16 30
split_gain=14886.1 3115.71 2802.45 6707.43 3546.55 5949.14 3536.07 6733.87 3204.66 2767.88 2664.57 2501.43 2272.8 3766.39
threshold=189.68383650000004 24.000000000000004 1.5000000000000002 24.828906250000006 105.87116616192273 307.27302800000007 2.5000000000000004 75.490885416666671 -0.3520614488341256 19.412760416666668 144.3220852135417 27.887500000000003 285.17474500000009 22.762500000000003
decision_type=2 2 2 2 2 2 2 2 2 2 2 2 2 2
left_child=1 -1 3 9 -4 6 10 11 -7 -3 -6 -8 -2 -14
right_child=12 2 4 -5 5 8 7 -9 -10 -11 -12 -13 13 -15
leaf_value=-0.062895517135506132 0.084219142948736822 -0.35204449854209091 -0.052917547963475912 0.56373225787983228 0.69579678131983835 -0.46998821531647245 0.00010206977526346843 0.3764732853576695 0.10537886320657673 0.069007945450153943 0.22127061440315968 -0.50834387962411087 0.69167693911529171 0.028517119092461858
leaf_weight=4684 3086 41 1868 67 51 57 59 96 41 553 72 40 40 45
leaf_count=4684 3086 41 1868 67 51 57 59 96 41 553 72 40 40 45
internal_value=0.000282167 -0.0375632 0.00273528 0.0933207 -0.0235099 0.108352 0.213217 0.0800099 -0.23064 0.0394026 0.42205 -0.20836 0.0913162 0.345006
internal_weight=10800 7629 2945 661 2284 416 318 195 98 594 123 99 3171 85
internal_count=10800 7629 2945 661 2284 416 318 195 98 594 123 99 3171 85
is_linear=0
shrinkage=0.05


Tree=87
num_leaves=15
num_cat=0
split_feature=65 11 46 46 26 9 0 24 30 24 24 49 47 46
split_gain=13436.6 2850.45 2430.77 4592.11 2167.63 2355.65 3377.16 2829.52 5668.36 5022.62 4907.73 5228.84 3921.3 2973
threshold=189.68383650000004 272.67347150000006 53.255208333333336 61.302083333333336 16.862500000000004 268.69404500000007 260.90748600000006 263.86678650000005 21.962500000000002 253.49028900000005 276.25245200000006 3.5000000000000004 77.040364583333357 81.359375000000014
decision_type=2 2 2 2 2 2 2 2 2 2 2 2 2 2
left_child=1 -1 -3 -4 -2 6 7 8 9 -6 11 12 -9 -10
right_child=4 2 3 -5 5 -7 -8 10 13 -11 -12 -13 -14 -15
leaf_value=-0.041003443185413123 -0.2217986546722906 0.38939753117806775 -0.17809710306670479 0.37627301772435506 0.023302099572817897 -0.01216164318557552 0.24778236422761327 0.16274351201305587 0.83994076085645097 0.30438707774261387 0.13065337762139215 -0.33513006926090882 -0.10537012444652323 0.25048055933869401
leaf_weight=7405 55 67 98 59 483 460 382 247 42 236 788 131 302 45
leaf_count=7405 55 67 98 59 483 460 382 247 42 236 788 131 302 45
internal_value=0.000274493 -0.0356812 0.139661 0.031296 0.0867631 0.0922789 0.110365 0.087182 0.162401 0.115858 0.0458009 -0.0525755 0.0153332 0.541359
internal_weight=10800 7629 224 157 3171 3116 2656 2274 806 719 1468 680 549 87
internal_count=10800 7629 224 157 3171 3116 2656 2274 806 719 1468 680 549 87
is_linear=0
shrinkage=0.05


Tree=88
num_leaves=15
num_cat=0
split_feature=65 65 36 24 24 44 17 24 8 25 49 51 25 51
split_gain=12222.9 3818.31 4716.16 3998.21 4479.4 4396.45 4863.93 3813.26 3472.55 4528.19 7543.17 5177.04 5034.47 3835.06
threshold=86.418312 261.46811050000002 18.666666666666668 168.43592300000003 211.81016800000003 83.968750000000014 2.9592160239579114e-06 240.77611200000004 289.75058750000005 105.70636737221191 2.5000000000000004 3.5000000000000004 106.87927892455518 1.5000000000000002
decision_type=2 2 2 2 2 2 2 2 2 2 2 2 2 2
left_child=-1 2 -2 5 -5 -4 -7 -6 9 10 13 12 -11 -9
right_child=1 -3 3 4 7 6 -8 8 -10 11 -12 -13 -14 -15
leaf_value=-0.049483128262485236 -0.27256904233973928 0.13247339239476572 0.52965115627577142 -0.48984560501284719 0.49840866052968941 -0.35115875476764313 0.31708756339722788 -0.1358144070048298 -0.29988423822781979 0.28530850655313106 -0.092233548045255132 0.43249189339396432 0.0089723518304372363 0.12222806970353153
leaf_weight=5760 122 1260 85 40 43 44 68 166 77 226 1135 122 602 1050
leaf_count=5760 122 1260 85 40 43 44 68 166 77 226 1135 122 602 1050
internal_value=0.000269247 0.0571276 0.031984 0.042213 0.0297027 0.260742 0.0537779 0.0359188 0.0298858 0.0376666 0.000426609 0.129729 0.0846506 0.0869192
internal_weight=10800 5040 3780 3658 3461 197 112 3421 3378 3301 2351 950 828 1216
internal_count=10800 5040 3780 3658 3461 197 112 3421 3378 3301 2351 950 828 1216
is_linear=0
shrinkage=0.05


Tree=89
num_leaves=15
num_cat=0
split_feature=65 9 33 8 22 11 51 22 47 31 44 24 49 61
split_gain=11072.8 2887.01 4547.5 4688.12 4575.21 3563.06 4439.55 3197.93 3888.3 3965.31 2824.3 2815.32 4272.59 3208.87
threshold=116.68736850000001 268.97275250000001 21.243750000000002 249.19958150000005 31.516171546875004 217.06487400000003 1.5000000000000002 148.13106922916668 70.914062500000014 22.237500000000004 54.218750000000007 296.45735250000007 3.5000000000000004 -0.83146961230254512
decision_type=2 2 2 2 2 2 2 2 2 2 2 2 2 2
left_child=-1 2 3 11 -4 -6 -7 8 9 -8 -3 12 13 -2
right_child=1 10 4 -5 5 6 7 -9 -10 -11 -12 -13 -14 -15
leaf_value=-0.040504653089862119 0.14883440405283549 0.14687417777192391 0.54145665457754422 -0.3631221048098493 0.055336567148544881 -0.014735095019901718 0.91197964694764877 -0.11392310603098438 0.22149977102549934 0.32089055605142952 -0.081677884320368876 0.35134816191652241 -0.12837651952947479 -0.029608884534998436
leaf_weight=6552 593 177 65 76 1045 200 44 54 495 82 561 67 352 437
leaf_count=6552 593 177 65 76 1045 200 44 54 495 82 561 67 352 437
internal_value=0.000258726 0.0631258 0.0820225 0.0170729 0.131887 0.117747 0.192134 0.25336 0.285429 0.532858 -0.026738 0.0372508 0.0217802 0.0731707
internal_weight=10800 4248 3510 1525 1985 1920 875 675 621 126 738 1449 1382 1030
internal_count=10800 4248 3510 1525 1985 1920 875 675 621 126 738 1449 1382 1030
is_linear=0
shrinkage=0.05


Tree=90
num_leaves=15
num_cat=0
split_feature=65 31 24 37 7 22 31 26 51 25 48 31 24 47
split_gain=10105.9 3538.68 4564.04 4418.23 4387.64 5517.13 3262.92 3338.4 3196.24 4184.87 3887.98 3870.63 4045.6 3743.96
threshold=86.418312 21.062500000000004 300.20324800000009 79.375000000000014 192.77232100000003 147.99442397395833 27.987500000000004 22.612500000000004 2.5000000000000004 105.3195466553865 5.1250000000000009 16.862500000000004 270.45135800000008 80.690104166666671
decision_type=2 2 2 2 2 2 2 2 2 2 2 2 2 2
left_child=-1 8 4 -4 6 -6 -3 -8 9 -2 -10 -12 -13 -14
right_child=1 2 3 -5 5 -7 7 -9 10 -11 11 12 13 -15
leaf_value=-0.044984521317258386 -0.12634797540509393 0.13948372906161671 -0.14139245697395636 0.3353224467812923 -0.031749987458401789 0.49394369473059974 0.11180654756906556 0.7335626699651282 -0.35099470942454825 0.24535970924162243 -0.26149645296553542 0.15123442870135523 0.081383105017036411 -0.20681489748149229
leaf_weight=5760 636 1692 330 56 658 53 40 47 58 85 85 830 285 185
leaf_count=5760 636 1692 330 56 658 53 40 47 58 85 85 830 285 185
internal_value=0.000254708 0.0519554 0.0882875 -0.071544 0.113083 0.00807545 0.155023 0.452217 0.00365067 -0.0822475 0.0465972 0.0634885 0.0849222 -0.0322548
internal_weight=10800 5040 2876 386 2490 711 1779 87 2164 721 1443 1385 1300 470
internal_count=10800 5040 2876 386 2490 711 1779 87 2164 721 1443 1385 1300 470
is_linear=0
shrinkage=0.05


Tree=91
num_leaves=15
num_cat=0
split_feature=61 12 8 46 13 7 49 9 47 51 30 22 22 29
split_gain=9349.85 5108.35 3895.14 3144.94 4698.43 4901.03 3182.3 4572.36 3050.47 2910.13 3957.03 3255.16 3024.96 3535.63
threshold=-0.68322629814330815 255.77468050000002 299.42234450000007 77.703125000000014 2.0132011387474962 98.124331000000012 3.5000000000000004 105.66305050000001 82.351562500000014 2.5000000000000004 19.762500000000003 144.3220852135417 125.64656252604168 19.612500000000004
decision_type=2 2 2 2 2 2 2 2 2 2 2 2 2 2
left_child=3 -2 8 4 -1 -6 9 -8 -3 10 -5 -12 -11 -14
right_child=1 2 -4 6 5 -7 7 -9 -10 12 11 -13 13 -15
leaf_value=0.077199847082048662 -0.046361875356857749 0.058342211139347656 -0.40624020370570096 -0.36854201904573153 0.67814959955436216 0.17439805996165103 0.044454058416611458 -0.2121385217729444 0.48142664080316372 0.039930298754863057 0.11420034445926418 -0.28001876067919812 0.4324633319429152 0.1457397984739543
leaf_weight=374 6518 1371 43 61 80 122 698 230 43 327 370 60 156 347
leaf_count=374 6518 1371 43 61 80 122 698 230 43 327 370 60 156 347
internal_value=0.000247197 -0.0274422 0.0571699 0.0783968 0.182549 0.376261 0.0516526 -0.019301 0.0715394 0.101474 0.00495443 0.058671 0.158497 0.235346
internal_weight=10800 7975 1457 2825 576 202 2249 928 1414 1321 491 430 830 503
internal_count=10800 7975 1457 2825 576 202 2249 928 1414 1321 491 430 830 503
is_linear=0
shrinkage=0.05


Tree=92
num_leaves=15
num_cat=0
split_feature=65 17 0 24 47 40 43 14 11 36 47 42 37 65
split_gain=8556.27 2884.01 2749.67 2140.07 2711 2098.01 2073.59 4160.43 3082.84 2591.5 3409.98 2087.29 2021.35 1952.88
threshold=214.17464750000002 74.329625582924422 272.71499900000009 306.70542500000005 70.266927083333357 61.875000000000007 76.875000000000014 222.68365483333338 209.05562900000004 23.663020833333334 68.735677083333357 88.125000000000014 56.875000000000007 236.54451150000003
decision_type=2 2 2 2 2 2 2 2 2 2 2 2 2 2
left_child=1 2 -1 4 -4 -6 8 9 12 13 -11 -10 -2 -8
right_child=6 -3 3 -5 5 -7 7 -9 11 10 -12 -13 -14 -15
leaf_value=-0.032820622430466725 0.205843456229195 0.38371494197568229 0.42122799598357896 -0.1812605924761066 -0.068435254998119741 0.25342972947491543 -0.14494392095694264 0.52681333441888134 0.11808488146768932 0.024766389922583551 0.35972758319379261 -0.14690783630783966 -0.099301159269384806 0.087926677529608144
leaf_weight=7844 61 42 76 51 115 89 102 61 806 126 191 81 437 718
leaf_count=7844 61 42 76 51 115 89 102 61 806 126 191 81 437 718
internal_value=0.000239154 -0.0247139 -0.0268589 0.114094 0.168344 0.0725375 0.0795983 0.127744 0.0378907 0.10589 0.227085 0.0937478 -0.0615864 0.0588186
internal_weight=10800 8217 8175 331 280 204 2583 1198 1385 1137 317 887 498 820
internal_count=10800 8217 8175 331 280 204 2583 1198 1385 1137 317 887 498 820
is_linear=0
shrinkage=0.05


Tree=93
num_leaves=15
num_cat=0
split_feature=61 37 24 16 20 32 16 46 13 7 42 49 9 51
split_gain=7935.85 4458.5 3585.48 4672.97 3270.31 3394.96 2880.81 2866.66 4263.77 4239.75 2818.27 2674.92 4142.85 2619.39
threshold=-0.68322629814330815 60.875000000000007 301.64842750000008 273.13806300000005 270.72159250000004 27.562500000000004 240.77611200000004 77.703125000000014 1.985878015540792 98.124331000000012 73.375000000000014 3.5000000000000004 105.66305050000001 2.5000000000000004
decision_type=2 2 2 2 2 2 2 2 2 2 2 2 2 2
left_child=7 2 3 4 6 -6 -2 8 -1 -10 -4 13 -13 -9
right_child=1 -3 10 -5 5 -7 -8 11 9 -11 -12 12 -14 -15
leaf_value=0.070557805937908377 -0.032336340994569251 -0.042600482196882263 -0.4408325447130107 0.21991526217112695 0.078817043637167919 -0.37148949333814663 0.16811940611158249 0.00081542292743499154 0.63084494196865937 0.16565121005523981 0.047737284150105301 0.042336808179421231 -0.2019070746400293 0.14647855323467016
leaf_weight=372 381 6565 61 405 72 98 337 491 82 122 56 698 230 830
leaf_count=372 381 6565 61 405 72 98 337 491 82 122 56 698 230 830
internal_value=0.000235103 -0.0252748 0.0553672 0.0793923 0.0151272 -0.181426 0.0618524 0.0722332 0.171669 0.354806 -0.208564 0.0467012 -0.01835 0.0923789
internal_weight=10800 7975 1410 1293 888 170 718 2825 576 204 117 2249 928 1321
internal_count=10800 7975 1410 1293 888 170 718 2825 576 204 117 2249 928 1321
is_linear=0
shrinkage=0.05


Tree=94
num_leaves=15
num_cat=0
split_feature=61 37 24 16 41 49 9 31 47 51 30 22 29 22
split_gain=7182.71 3949.79 3315.29 4260.63 2976.84 3501.11 3377.27 3371.26 6302.19 2525.52 3140.07 2795.59 3320.71 2827.39
threshold=-0.70710678118654757 58.875000000000007 301.64842750000008 277.29195150000004 78.875000000000014 3.5000000000000004 102.48146450000002 22.487500000000004 69.876302083333357 2.5000000000000004 19.762500000000003 125.64656252604168 19.762500000000003 107.89668338020834
decision_type=2 2 2 2 2 2 2 2 2 2 2 2 2 2
left_child=4 2 3 -2 7 9 -7 8 -1 10 -6 13 -13 -11
right_child=1 -3 -4 -5 5 6 -8 -9 -10 11 -12 12 -14 -15
leaf_value=0.84196432492834461 0.029316873615181871 -0.038277079166664479 -0.21465706104668333 0.25692085375434626 -0.31229824784540522 0.029093229917529148 -0.18896999620332683 0.091538341523579397 0.17387773233038462 0.13563831398714352 0.056257986495098972 0.41307074134180222 0.1264119367051087 -0.18982435471067827
leaf_weight=46 874 6845 101 268 67 564 258 500 145 218 384 160 275 95
leaf_count=46 874 6845 101 268 67 564 258 500 145 218 384 160 275 95
internal_value=0.000225579 -0.0233868 0.0585763 0.0829081 0.0706275 0.0399571 -0.0394964 0.160143 0.338325 0.0944157 0.000935938 0.150702 0.232555 0.0365658
internal_weight=10800 8088 1243 1142 2712 2021 822 691 191 1199 451 748 435 313
internal_count=10800 8088 1243 1142 2712 2021 822 691 191 1199 451 748 435 313
is_linear=0
shrinkage=0.05


Tree=95
num_leaves=15
num_cat=0
split_feature=61 13 41 51 43 31 47 65 37 20 20 24 38 25
split_gain=6683.09 3730.5 4147.78 4745.29 4081.71 3632.76 3539.99 3237.79 2710.45 3525.88 4309.79 2632.35 4651.64 2569.84
threshold=-0.32143946530316164 1.2037379809552151 78.375000000000014 2.5000000000000004 82.375000000000014 22.237500000000004 71.519531250000014 240.95308300000002 51.125000000000007 273.13806300000005 271.06541150000004 294.325579 86.375000000000014 1.3929144003015315
decision_type=2 2 2 2 2 2 2 2 2 2 2 2 2 2
left_child=1 11 5 4 7 6 -3 -4 9 10 -2 13 -13 -1
right_child=8 2 3 -5 -6 -7 -8 -9 -10 -11 -12 12 -14 -15
leaf_value=0.16431095847945076 0.05859668203230415 0.83732552663846449 -0.30579886782348731 0.13058199617738223 0.30270323651050457 0.15309660229651678 0.25061536486063041 -0.018956676120355748 -0.041046188616935729 0.23809779028313749 -0.43488683248007742 0.065433190950206707 0.65151095564772454 -0.024797165162322641
leaf_weight=196 244 43 148 898 66 309 65 290 6007 206 53 196 40 2039
leaf_count=196 244 43 148 898 66 309 65 290 6007 206 53 196 40 2039
internal_value=0.000219902 0.0486651 0.102987 0.0617205 -0.0609887 0.241251 0.489752 -0.116356 -0.0317074 0.0796796 -0.0306299 0.00865102 0.167098 -0.00814712
internal_weight=10800 4290 1819 1402 504 417 108 438 6510 503 297 2471 236 2235
internal_count=10800 4290 1819 1402 504 417 108 438 6510 503 297 2471 236 2235
is_linear=0
shrinkage=0.05


Tree=96
num_leaves=15
num_cat=0
split_feature=61 24 49 24 24 24 25 48 51 51 22 61 26 47
split_gain=6035.77 3447.91 6428.26 4811.84 3003.77 3889.3 4385.16 3066.33 3130.77 3610.12 6186.18 2968.68 2717.54 2639.27
threshold=-0.32143946530316164 274.65417650000006 3.5000000000000004 273.12119300000006 299.84416550000009 291.91166700000002 109.03423916388498 6.1250000000000009 1.5000000000000002 2.5000000000000004 144.81875300520838 -0.9733555533461492 16.862500000000004 78.256510416666671
decision_type=2 2 2 2 2 2 2 2 2 2 2 2 2 2
left_child=1 2 12 -4 5 6 7 -3 -9 10 -10 -6 -1 -7
right_child=-2 4 3 -5 11 13 -8 8 9 -11 -12 -13 -14 -15
leaf_value=-0.24347295103565095 -0.030123417632557367 -0.013267331675711614 -0.046625052671884631 -0.45509106857436044 -0.38704263128340249 0.51971334538088654 -0.24772507006768138 0.04554273566676547 0.6212670645576257 0.15591080641561703 -0.087776525408631512 0.038761659916684774 0.091486927054975339 0.10693373983164156
leaf_weight=62 6510 242 1140 76 49 105 79 229 129 257 40 225 1595 62
leaf_count=62 6510 242 1140 76 49 105 79 229 129 257 40 225 1595 62
internal_value=0.000218289 0.0462576 0.0147645 -0.0725071 0.110055 0.145673 0.107291 0.138799 0.194917 0.27492 0.453917 -0.0385164 0.0788144 0.368015
internal_weight=10800 4290 2873 1216 1417 1143 976 897 655 426 169 274 1657 167
internal_count=10800 4290 2873 1216 1417 1143 976 897 655 426 169 274 1657 167
is_linear=0
shrinkage=0.05


Tree=97
num_leaves=15
num_cat=0
split_feature=61 12 8 47 65 13 25 45 30 32 24 22 24 64
split_gain=5546.98 3444.63 3222.15 2648.67 2263.74 2602.36 2251.93 2075.42 2813.1 2436.42 2047.31 4202.34 4123.45 1908.7
threshold=-0.68322629814330815 255.77468050000002 299.42234450000007 82.351562500000014 259.25923450000005 1.7296815123731657 1.3929144003015315 71.343750000000014 21.212500000000002 30.725000000000005 300.20324800000009 149.45172806250002 296.45735250000007 260.64287600000006
decision_type=2 2 2 2 2 2 2 2 2 2 2 2 2 2
left_child=4 -2 3 7 6 -6 -1 8 -3 -10 12 -12 -8 -7
right_child=1 2 -4 -5 5 13 10 -9 9 -11 11 -13 -14 -15
leaf_value=0.34202150072733112 -0.036656082280078474 0.18974970761507159 -0.37310756912285631 0.44335605827244851 0.040837840939593667 0.30695117992949694 0.013915685597537164 -0.12581565274582523 0.0018952167652991495 0.36483887972272178 -0.53351497520901725 0.11305450060619758 0.40873366394012739 0.11050991038293528
leaf_weight=54 6518 352 43 43 511 230 1593 150 821 48 48 51 68 270
leaf_count=54 6518 352 43 43 511 230 1593 150 821 48 48 51 68 270
internal_value=0.000207692 -0.0211198 0.0483603 0.0614319 0.0604016 0.120319 0.0269598 0.0491388 0.0707174 0.022339 0.0171044 -0.202634 0.0303154 0.201305
internal_weight=10800 7975 1457 1414 2825 1011 1814 1371 1221 869 1760 99 1661 500
internal_count=10800 7975 1457 1414 2825 1011 1814 1371 1221 869 1760 99 1661 500
is_linear=0
shrinkage=0.05


Tree=98
num_leaves=15
num_cat=0
split_feature=65 26 32 24 46 24 46 7 43 26 17 49 51 24
split_gain=5027.26 2831.92 3720.92 3122.9 5205.41 3886.78 2761.49 3289.56 2579.85 4386.59 2425.64 2383.74 2383.14 7203.08
threshold=86.418312 19.012500000000003 19.512500000000003 179.72790950000004 82.807291666666671 214.26643900000002 87.447916666666671 173.17063300000004 77.375000000000014 20.987500000000004 1.9810494292234628e-06 3.5000000000000004 2.5000000000000004 272.16657050000009
decision_type=2 2 2 2 2 2 2 2 2 2 2 2 2 2
left_child=-1 2 6 4 -3 -5 -2 -8 9 11 -6 -7 13 -11
right_child=1 3 -4 5 10 8 7 -9 -10 12 -12 -13 -14 -15
leaf_value=-0.031704373114037177 -0.085762131690151178 0.70008026510477073 -0.25009153651934801 -0.44245920181728721 -0.20371807557328242 -0.020608456414192917 0.30815008274383016 -0.15037864483566138 0.099301516567012499 -0.18820357943637464 0.23970927616700216 -0.35619513643088574 0.09000732937699879 0.065657760175554511
leaf_weight=5760 269 47 185 40 45 99 125 56 1499 394 93 113 1121 954
leaf_count=5760 269 47 185 40 45 99 125 56 1499 394 93 113 1121 954
internal_value=0.000203171 0.036668 -0.0619772 0.050899 0.251427 0.0420505 0.0157418 0.166238 0.0467917 0.0174064 0.0946881 -0.200315 0.0361745 -0.00862658
internal_weight=10800 5040 635 4405 185 4220 450 181 4180 2681 138 212 2469 1348
internal_count=10800 5040 635 4405 185 4220 450 181 4180 2681 138 212 2469 1348
is_linear=0
shrinkage=0.05


Tree=99
num_leaves=15
num_cat=0
split_feature=61 37 20 20 29 24 54 41 31 47 49 9 36 34
split_gain=4766.05 2910.92 3002.21 3944.38 3384.78 2557.31 2458.6 2368.59 2820.19 4865.26 2428 3047.29 2070.11 2397.68
threshold=-0.70710678118654757 55.125000000000007 273.13806300000005 271.06541150000004 30.012500000000003 278.56941200000006 0.6078576107927941 78.875000000000014 22.487500000000004 69.876302083333357 3.5000000000000004 102.48146450000002 25.415885416666672 22.328125000000004
decision_type=2 2 2 2 2 2 2 2 2 2 2 2 2 2
left_child=7 2 3 6 -4 -5 -2 8 9 -1 -9 -12 -10 -14
right_child=1 -3 4 5 -6 -7 -8 10 12 -11 11 -13 13 -15
leaf_value=0.74287013145203284 -0.0063271874697968106 -0.029934633353119657 0.24118447279263486 -0.04404859996090333 -0.20358242757990955 -0.56948247130798257 0.26787726977496473 0.075537431563037299 -0.013771832167249096 0.15582377927280941 0.029172416991034969 -0.17796236514023947 -0.12227714952702325 0.27937364936558279
leaf_weight=46 396 7146 303 47 49 45 102 1199 285 145 564 258 47 168
leaf_count=46 396 7146 303 47 49 45 102 1199 285 145 564 258 47 168
internal_value=0.000191966 -0.0190423 0.0635312 -0.00546711 0.17887 -0.304414 0.0502594 0.0575401 0.137386 0.300339 0.0301855 -0.0359779 0.0746629 0.191411
internal_weight=10800 8088 942 590 352 92 498 2712 691 191 2021 822 500 215
internal_count=10800 8088 942 590 352 92 498 2712 691 191 2021 822 500 215
is_linear=0
shrinkage=0.05


Tree=100
num_leaves=15
num_cat=0
split_feature=65 64 8 0 32 36 10 61 65 24 12 36 9 65
split_gain=4435.03 3699.62 2015.1 1961.17 2091.41 2567.31 2085.63 2384.83 1921.12 1823.62 1756.57 3102.23 2854.1 4499.7
threshold=261.46811050000002 259.87224050000003 268.29391150000009 269.64119200000005 22.012500000000003 22.179427083333334 219.75382662500002 -0.91037613702198728 273.02215500000005 258.48548100000011 250.06318200000001 21.825520833333339 199.45522700000004 228.48710000000003
decision_type=2 2 2 2 2 2 2 2 2 2 2 2 2 2
left_child=1 10 3 4 6 9 7 -2 -7 -6 12 -12 -1 -14
right_child=2 -3 -4 -5 5 8 -8 -9 -10 -11 11 -13 13 -15
leaf_value=-0.020069841676367696 0.19469683636980201 0.10388253603689659 -0.107721200021876 0.33018978983568759 0.091254719111906454 0.22796189390396426 0.3402902390961805 -0.050100855111981493 -0.0061855223653757268 -0.29480889914256914 0.19108070304824248 -0.0037932827857500963 -0.075134608226690103 -0.45309999398686873
leaf_weight=6955 269 647 118 91 45 142 120 157 226 92 251 1077 518 92
leaf_count=6955 269 647 118 91 45 142 120 157 226 92 251 1077 518 92
internal_value=0.000185258 -0.0114621 0.0883116 0.108644 0.0891656 0.0157607 0.156906 0.104572 0.0845378 -0.168257 -0.0198646 0.0331551 -0.0291751 -0.132787
internal_weight=10800 9540 1260 1142 1051 505 546 426 368 137 8893 1328 7565 610
internal_count=10800 9540 1260 1142 1051 505 546 426 368 137 8893 1328 7565 610
is_linear=0
shrinkage=0.05


Tree=101
num_leaves=15
num_cat=0
split_feature=61 24 49 24 24 24 25 17 37 61 52 65 52 26
split_gain=4109.81 2625.74 4923.7 4043.25 2498.8 3330.5 3881.52 2615.53 2605.79 2767.27 2444.28 2526.35 2404.51 2384.76
threshold=-0.32143946530316164 274.65417650000006 3.5000000000000004 273.12119300000006 299.84416550000009 291.91166700000002 108.18331850496939 24.6351276810062 79.375000000000014 -0.95642797789208678 0.72947329433276253 79.608916500000007 0.68322629814330837 16.862500000000004
decision_type=2 2 2 2 2 2 2 2 2 2 2 2 2 2
left_child=1 2 13 -4 5 6 7 -3 9 -6 12 -12 -2 -1
right_child=10 4 3 -5 8 -7 -8 -9 -10 -11 11 -13 -14 -15
leaf_value=-0.2351380256551599 -0.024890703561552041 0.047282323615859517 -0.041966937825052716 -0.41639052304354585 -0.46589679960971297 0.33205987586448571 -0.20454796581808479 0.22113607601127361 0.25317972738106376 -0.028835366703136717 -0.066721084420110141 -0.55134418491612791 0.20682216086016414 0.078617089408605054
leaf_weight=62 6284 489 1140 76 45 167 99 388 58 171 70 43 113 1595
leaf_count=62 6284 489 1140 76 45 167 99 388 58 171 70 43 113 1595
internal_value=0.000178164 0.0381685 0.0106864 -0.0656913 0.0938422 0.12633 0.0908244 0.124362 -0.0416485 -0.121617 -0.024859 -0.254354 -0.0207659 0.0667426
internal_weight=10800 4290 2873 1216 1417 1143 976 877 274 216 6510 113 6397 1657
internal_count=10800 4290 2873 1216 1417 1143 976 877 274 216 6510 113 6397 1657
is_linear=0
shrinkage=0.05


Tree=102
num_leaves=15
num_cat=0
split_feature=61 12 24 47 22 43 47 31 46 31 32 0 45 33
split_gain=3742.23 2726.77 2516.79 4413.64 3566.93 3354.81 2994.15 2116.86 1843.76 3280.22 2144.49 2447.9 2663.21 2328.18
threshold=-0.72947329433276253 272.31199150000003 306.70542500000005 69.984375000000014 140.03678016666672 48.875000000000007 75.419270833333357 21.212500000000002 77.703125000000014 22.562500000000004 21.112500000000004 234.97078550000003 81.552083333333357 19.865625000000005
decision_type=2 2 2 2 2 2 2 2 2 2 2 2 2 2
left_child=8 -2 3 5 -4 -3 -5 -8 9 -1 11 12 13 -10
right_child=1 2 4 6 -6 -7 7 -9 10 -11 -12 -13 -14 -15
leaf_value=0.37419901368485992 -0.025104261291043064 0.11141318338803757 0.14463071035014261 -0.088854964440367348 -0.48950327499346297 0.57994828785394692 0.015984770220718682 0.33070755119923323 -0.39282427518794849 0.069300230337143762 -0.025996364879142798 0.35063836487794392 0.08832948778784 0.010470814633881673
leaf_weight=113 7517 77 44 231 43 76 109 104 55 393 910 75 954 99
leaf_count=113 7517 77 44 231 43 76 109 104 55 393 910 75 954 99
internal_value=0.000165105 -0.0164044 0.0791018 0.115743 -0.170793 0.346404 0.035659 0.17048 0.0524355 0.137994 0.031695 0.0760575 0.0571719 -0.135168
internal_weight=10800 8201 684 597 87 153 444 213 2599 506 2093 1183 1108 154
internal_count=10800 8201 684 597 87 153 444 213 2599 506 2093 1183 1108 154
is_linear=0
shrinkage=0.05


Tree=103
num_leaves=15
num_cat=0
split_feature=65 64 32 47 2 49 36 16 61 51 17 37 20 8
split_gain=3508.66 3030.33 1773.06 3071.19 2058.74 1873.16 1790.57 4102.66 1789.43 1479.27 2330.51 1478.09 2506.51 2218.45
threshold=261.46811050000002 265.84829400000007 22.012500000000003 77.040364583333357 234.87221750000003 1.5000000000000002 23.486979166666668 260.48309450000005 -0.91037613702198728 3.5000000000000004 28.150599392803745 47.125000000000007 273.13806300000005 295.0582950000001
decision_type=2 2 2 2 2 2 2 2 2 2 2 2 2 2
left_child=1 11 4 6 8 -5 7 -4 -2 -3 -11 12 -1 -13
right_child=2 9 3 5 -6 -7 -8 -9 -10 10 -12 13 -14 -15
leaf_value=-0.059133691183965789 0.17870242657584015 0.072588160032958898 0.073126693612353494 0.055439049815502739 0.35528808980028043 -0.21230499271825867 0.042293793004818073 0.67752566352123178 -0.025928602911359656 0.57414543139861862 0.043102848087978922 -0.018242680013733574 0.22807799120899289 -0.32588723340087528
leaf_weight=144 280 380 90 108 96 163 311 40 172 40 42 8717 159 58
leaf_count=144 280 380 90 108 96 163 311 40 172 40 42 8717 159 58
internal_value=0.000161725 -0.010198 0.0785458 0.0264426 0.14607 -0.105791 0.107757 0.262848 0.100949 0.114578 0.305944 -0.0165601 0.0918358 -0.020313
internal_weight=10800 9540 1260 712 548 271 441 130 452 462 82 9078 303 8775
internal_count=10800 9540 1260 712 548 271 441 130 452 462 82 9078 303 8775
is_linear=0
shrinkage=0.05


Tree=104
num_leaves=15
num_cat=0
split_feature=61 37 24 16 42 19 41 47 17 24 36 0 9 11
split_gain=3202.37 2431.55 2540.81 3142.42 2355.87 2233.13 1749.89 2301.78 2493.3 2021.72 1808.63 1731.35 1933.38 2274.33
threshold=-0.72947329433276253 60.875000000000007 301.64842750000008 277.80985600000002 73.375000000000014 214.08212300000002 78.875000000000014 68.430989583333357 19.333335973937228 300.54248650000005 25.21510416666667 291.57821000000007 266.89225100000004 230.50908550000003
decision_type=2 2 2 2 2 2 2 2 2 2 2 2 2 2
left_child=6 2 3 -2 -4 -5 7 10 -9 -8 -1 12 13 -3
right_child=1 11 4 5 -6 -7 9 8 -10 -11 -12 -13 -14 -15
leaf_value=-0.10026002465868247 0.023016468651068246 -0.030258933046062558 -0.3874209062713716 0.30221981973014778 0.053392965737848658 0.0011378637308047878 0.032993125540444368 0.085166223256135959 0.36202747326171558 -0.27733046177912646 0.13059333176130342 0.29230545585354173 -0.13219999227418375 0.097204995977126507
leaf_weight=153 1036 5915 62 199 58 89 1877 178 150 53 188 41 430 371
leaf_count=153 1036 5915 62 199 58 89 1877 178 150 53 188 41 430 371
internal_value=0.000161319 -0.0151665 0.0437073 0.063709 -0.17568 0.209503 0.0485147 0.118139 0.212495 0.0243321 0.0270237 -0.0277527 -0.0297499 -0.0227217
internal_weight=10800 8201 1444 1324 120 288 2599 669 328 1930 341 6757 6716 6286
internal_count=10800 8201 1444 1324 120 288 2599 669 328 1930 341 6757 6716 6286
is_linear=0
shrinkage=0.05


Tree=105
num_leaves=15
num_cat=0
split_feature=65 64 8 0 17 32 64 57 36 52 45 65 52 53
split_gain=3049.91 2622.68 1633.2 1713.71 1600.94 1486.87 1955.98 1422.04 3151.36 1732.78 1784.26 3686.68 2326.36 1689.15
threshold=261.46811050000002 265.84829400000007 267.02941400000003 269.64119200000005 31.898947475167009 22.112500000000004 275.28166450000009 1.0000000180025095e-35 25.787500000000001 0.95642797789208711 83.552083333333357 230.54555800000003 0.68322629814330837 -0.5277851165098012
decision_type=2 2 2 2 2 2 2 2 2 2 2 2 2 2
left_child=1 7 3 4 -2 -6 -7 8 9 10 12 -12 13 -1
right_child=2 -3 -4 -5 5 6 -8 -9 -10 -11 11 -13 -14 -15
leaf_value=0.11867869667744696 0.022235869162773311 0.10657667007144406 -0.088603115877263897 0.30782539170495299 0.24102039685814047 -0.018300773401148201 0.35078628487057162 -0.023490944005013684 0.42642295691659871 0.24424406454155717 -0.025298706185709265 -0.4836295600067459 0.307180577707722 -0.040155221730312135
leaf_weight=259 600 462 138 85 216 177 44 7784 48 78 315 50 75 469
leaf_count=259 600 462 138 85 216 177 44 7784 48 78 315 50 75 469
internal_value=0.000155348 -0.00950343 0.0732357 0.0932021 0.0753305 0.148012 0.0564317 -0.0154221 0.0330963 0.0176143 0.00228377 -0.0892336 0.0439418 0.0164383
internal_weight=10800 9540 1260 1122 1037 437 221 9078 1294 1246 1168 365 803 728
internal_count=10800 9540 1260 1122 1037 437 221 9078 1294 1246 1168 365 803 728
is_linear=0
shrinkage=0.05


Tree=106
num_leaves=15
num_cat=0
split_feature=65 64 32 47 2 61 49 36 16 12 36 9 65 30
split_gain=2754.57 2386.57 1494.35 2684.44 1842.02 1848.89 1689 1589.03 3600.51 1366.33 3022.04 2904.63 4395.51 5364.04
threshold=261.46811050000002 259.87224050000003 22.012500000000003 77.040364583333357 220.80647450000004 -0.91037613702198728 1.5000000000000002 23.486979166666668 260.48309450000005 248.17799000000002 21.809635416666669 199.45522700000004 228.48710000000003 18.275000000000002
decision_type=2 2 2 2 2 2 2 2 2 2 2 2 2 2
left_child=1 9 4 7 5 -2 -5 8 -4 11 -11 -1 -13 -14
right_child=2 -3 3 6 -6 -7 -8 -9 -10 10 -12 12 13 -15
leaf_value=-0.015215300684119771 0.16084593323728455 0.083616597724149311 0.066197259228799363 0.051264785802410485 0.30676517124540348 -0.054528319592086177 -0.20298602068569604 0.036147774659986726 0.63236614502057797 0.17733105211016195 -0.0072946233440137776 -0.073583479174384112 -0.078600618583352669 -0.8662106439826035
leaf_weight=6951 276 647 90 108 117 155 163 311 40 277 1093 486 45 41
leaf_count=6951 276 647 90 108 117 155 163 311 40 277 1093 486 45 41
internal_value=0.000154272 -0.00902496 0.0696062 0.0217773 0.131596 0.0834442 -0.101845 0.0978033 0.2439 -0.0157736 0.0301369 -0.0241372 -0.132341 -0.45973
internal_weight=10800 9540 1260 712 548 431 271 441 130 8893 1370 7523 572 86
internal_count=10800 9540 1260 712 548 431 271 441 130 8893 1370 7523 572 86
is_linear=0
shrinkage=0.05


Tree=107
num_leaves=15
num_cat=0
split_feature=61 26 52 24 46 47 65 47 36 47 22 25 47 46
split_gain=2606 2291.46 2531.65 1775.23 2627.36 2250.42 2091.66 1793.37 2379.34 1906.16 1948.35 5131.3 3264.96 2892.54
threshold=-0.81241147629688992 23.212500000000002 0.63405362205439497 300.20324800000009 77.703125000000014 68.430989583333357 245.69550800000005 69.876302083333357 23.663020833333334 83.154947916666671 125.64656252604168 94.211639178575226 78.065104166666671 86.177083333333357
decision_type=2 2 2 2 2 2 2 2 2 2 2 2 2 2
left_child=3 -2 -3 4 5 -1 -5 -6 9 10 11 -9 13 -12
right_child=1 2 -4 6 7 -7 -8 8 -10 -11 12 -13 -14 -15
leaf_value=0.098499198507790153 -0.032312499129718834 0.015611260499374079 0.40179485992290254 -0.35649344347286643 -0.14243727561714517 0.38501832263472563 0.042586545034860951 -0.0087041873450947396 0.20128746138370723 0.18342047361932565 0.095711625880593898 -0.47978247195820922 -0.059613763373012524 0.46313801985798464
leaf_weight=204 5348 3263 42 56 128 103 77 466 226 168 289 65 300 65
leaf_count=204 5348 3263 42 56 128 103 77 466 226 168 289 65 300 65
internal_value=0.000147559 -0.0120877 0.0206389 0.0494418 0.0611411 0.195566 -0.126854 0.0368648 0.0514807 0.0263274 0.0039201 -0.0671626 0.0616485 0.164291
internal_weight=10800 8653 3305 2147 2014 307 133 1707 1579 1353 1185 531 654 354
internal_count=10800 8653 3305 2147 2014 307 133 1707 1579 1353 1185 531 654 354
is_linear=0
shrinkage=0.05


Tree=108
num_leaves=15
num_cat=0
split_feature=61 52 65 52 24 49 24 45 24 26 24 29 25 47
split_gain=2376.31 2209.55 2287.9 2170.06 1971.47 3910.99 3699.23 2197.53 2150.22 2038.31 1951.25 4083.6 4195.3 3497.85
threshold=-0.32143946530316164 0.72947329433276253 79.608916500000007 0.68322629814330837 274.65417650000006 3.5000000000000004 271.88509600000003 88.635416666666671 280.60822950000005 16.862500000000004 263.86678650000005 21.062500000000004 94.642039629914848 76.986979166666671
decision_type=2 2 2 2 2 2 2 2 2 2 2 2 2 2
left_child=4 3 -3 -2 5 9 -7 8 -6 -1 11 12 -11 -12
right_child=1 2 -4 -5 7 6 -8 -9 -10 10 13 -13 -14 -15
leaf_value=-0.22388685915678269 -0.01892270017388983 -0.058608663669774234 -0.51970051980831411 0.20120057420510995 0.17454635368622082 -0.029763799417116835 -0.29274304376951621 0.42524038896980615 0.030002631925734793 0.0029692344661694466 0.12846110479353501 0.40432338668033485 0.26369782598976432 -0.092764516036940026
leaf_weight=62 6284 70 43 113 342 1064 152 43 1032 553 320 107 213 402
leaf_count=62 6284 70 43 113 342 1064 152 43 1032 553 320 107 213 402
internal_value=0.00014392 -0.0188942 -0.237088 -0.0150035 0.0290317 0.00521995 -0.0628497 0.0772727 0.0660815 0.0551811 0.0661624 0.116411 0.0757188 0.00532768
internal_weight=10800 6510 113 6397 4290 2873 1216 1417 1374 1657 1595 873 766 722
internal_count=10800 6510 113 6397 4290 2873 1216 1417 1374 1657 1595 873 766 722
is_linear=0
shrinkage=0.05


Tree=109
num_leaves=15
num_cat=0
split_feature=0 9 32 22 47 42 52 48 25 3 19 47 30 41
split_gain=2235.1 3036.46 2420.2 2314.85 3780.94 2223.76 1943.24 2293.51 2642.38 1841.68 1717.9 2358.17 2059.53 1856.43
threshold=248.17799000000002 250.58438100000004 21.212500000000002 145.09375083333336 68.832031250000014 87.875000000000014 0.84874750804349197 6.1250000000000009 110.25738953028021 274.61923400000006 195.69339950000003 77.040364583333357 21.112500000000004 78.375000000000014
decision_type=2 2 2 2 2 2 2 2 2 2 2 2 2 2
left_child=6 3 -3 4 -2 -6 9 8 -8 -1 11 12 13 -4
right_child=1 2 10 -5 5 -7 7 -9 -10 -11 -12 -13 -14 -15
leaf_value=-0.025316203923042797 0.67623846170514135 0.32718424672881763 0.44324813873972746 -0.042310630179157385 0.080848476604296601 0.41625780698968406 -0.040697101239595079 0.092515567082761235 0.25529972437950893 0.17729529689368384 -0.077386993123114256 -0.053935917995890308 0.0087070886192939026 0.13334698941058865
leaf_weight=6981 42 59 63 94 191 66 936 904 81 113 446 368 252 204
leaf_count=6981 42 59 63 94 191 66 936 904 81 113 446 368 252 204
internal_value=0.000138548 0.0512399 0.0165424 0.173784 0.241635 0.168264 -0.00998426 0.0346139 -0.0168945 -0.0220643 0.00255815 0.0427979 0.111359 0.207851
internal_weight=10800 1785 1392 393 299 257 9015 1921 1017 7094 1333 887 519 267
internal_count=10800 1785 1392 393 299 257 9015 1921 1017 7094 1333 887 519 267
is_linear=0
shrinkage=0.05


Tree=110
num_leaves=15
num_cat=0
split_feature=65 64 8 0 32 36 24 65 2 61 22 44 39 24
split_gain=2089.94 1926.17 1358.23 1360.42 1314.22 1721.05 1505.21 1471.03 1466.41 1550.31 1380.24 1308.84 1630.53 1698.6
threshold=261.46811050000002 265.84829400000007 268.29391150000009 269.64119200000005 22.012500000000003 22.179427083333334 258.48548100000011 273.02215500000005 220.80647450000004 -0.93540483100319605 136.23133531250002 84.156250000000014 75.875000000000014 282.91039900000004
decision_type=2 2 2 2 2 2 2 2 2 2 2 2 2 2
left_child=1 -1 3 4 8 6 -6 10 9 -2 -7 12 13 -3
right_child=2 11 -4 -5 5 7 -8 -9 -10 -11 -12 -13 -14 -15
leaf_value=-0.012925181962417718 0.15453444144317532 0.29406104881211886 -0.10025603291617723 0.26180784949835434 0.088002329384503156 0.42593679836108572 -0.26267006524227637 -0.02003454383183681 0.2727416090153415 -0.036594181513802254 0.083699711536367738 0.31172742845522144 -0.091109193859621893 0.035879164457361661
leaf_weight=9078 245 97 118 91 45 41 92 226 115 186 101 58 124 183
leaf_count=9078 245 97 118 91 45 41 92 226 115 186 101 58 124 183
internal_value=0.000142598 -0.00785292 0.0606383 0.0773363 0.0611303 0.00296179 -0.147683 0.0592923 0.114827 0.0721582 0.184802 0.0916264 0.059336 0.126049
internal_weight=10800 9540 1260 1142 1051 505 137 368 546 431 142 462 404 280
internal_count=10800 9540 1260 1142 1051 505 137 368 546 431 142 462 404 280
is_linear=0
shrinkage=0.05


Tree=111
num_leaves=15
num_cat=0
split_feature=0 9 22 47 47 19 43 33 52 9 34 48 24 46
split_gain=1966.36 2794.39 2152.72 3323.59 2122.31 2035.34 1817.99 1888.65 1706.98 3028.57 2093.85 1708.01 2347.36 2272.12
threshold=250.23162800000003 250.58438100000004 145.09375083333336 68.832031250000014 80.419270833333357 195.69339950000003 82.375000000000014 29.065625000000004 0.77259657388510639 201.74848100000003 23.293750000000006 6.1250000000000009 296.45735250000007 76.463541666666671
decision_type=2 2 2 2 2 2 2 2 2 2 2 2 2 2
left_child=8 2 3 -2 -5 6 7 -3 -1 10 11 12 -10 -14
right_child=1 5 -4 4 -6 -7 -8 -9 9 -11 -12 -13 13 -15
leaf_value=-0.022049344619623587 0.64065133679744812 0.024618891623729506 -0.04065892914408132 0.08721269693169463 0.44153455473758563 -0.07228996323586194 0.36464099443477133 0.36861860134771895 -0.037960000628684189 -0.35388899785192574 0.29554693279291194 0.072790584372433284 -0.087265614127326349 0.36364823018511139
leaf_weight=6705 42 803 94 198 53 446 45 41 1064 50 74 1067 44 74
leaf_count=6705 42 803 94 198 53 446 45 41 1064 50 74 1067 44 74
internal_value=0.000141971 0.0491115 0.167226 0.233831 0.163485 0.014772 0.0584821 0.0417462 -0.00915141 0.0272861 0.0356393 0.0269598 -0.0144385 0.19619
internal_weight=10800 1722 387 293 251 1335 889 844 9078 2373 2323 2249 1182 118
internal_count=10800 1722 387 293 251 1335 889 844 9078 2373 2323 2249 1182 118
is_linear=0
shrinkage=0.05


Tree=112
num_leaves=15
num_cat=0
split_feature=65 64 8 0 17 51 17 57 36 52 46 35 41 29
split_gain=1789.48 1661.52 1227.03 1317.2 1229.78 1212.44 2012.6 1180.55 2526.52 1459.72 1522.3 3323.61 1484.79 1374.2
threshold=261.46811050000002 265.84829400000007 267.02941400000003 269.64119200000005 31.898947475167009 3.5000000000000004 28.150599392803745 1.0000000180025095e-35 25.787500000000001 0.95642797789208711 87.578125000000014 19.746875000000003 83.625000000000014 19.962500000000002
decision_type=2 2 2 2 2 2 2 2 2 2 2 2 2 2
left_child=1 7 3 4 -2 -3 -7 8 9 10 12 -12 -1 -14
right_child=2 5 -4 -5 -6 6 -8 -9 -10 -11 11 -13 13 -15
leaf_value=-0.0066956242336532537 0.011255725106370082 0.047186120841016609 -0.084129985427256124 0.26156614950619811 0.1214736448881561 0.50753083381710984 0.014709222143472629 -0.019317102847354217 0.38442488160668592 0.22638475951514667 0.031224518974622091 -0.52958525684548585 -0.081061598372136098 0.21331265035623348
leaf_weight=842 600 380 138 85 437 40 42 7784 48 78 74 40 52 160
leaf_count=842 600 380 138 85 437 40 42 7784 48 78 74 40 52 160
internal_value=0.00014434 -0.00725414 0.0561227 0.0734326 0.0577747 0.0851386 0.258328 -0.0119651 0.0322415 0.0183768 0.00430411 -0.168445 0.0231305 0.141066
internal_weight=10800 9540 1260 1122 1037 462 82 9078 1294 1246 1168 114 1054 212
internal_count=10800 9540 1260 1122 1037 462 82 9078 1294 1246 1168 114 1054 212
is_linear=0
shrinkage=0.05


Tree=113
num_leaves=15
num_cat=0
split_feature=0 9 22 47 42 32 9 24 61 24 40 8 3 37
split_gain=1679.61 2538.73 1965.5 2992.33 1954.4 1803.99 1569.9 4738.74 1913.82 2811 2261.92 1853.84 1629.3 1569.52
threshold=250.23162800000003 250.58438100000004 145.09375083333336 68.430989583333357 87.875000000000014 22.112500000000004 209.80644200000003 215.02317450000001 -0.91037613702198728 300.20324800000009 79.125000000000014 201.29493450000004 274.61923400000006 58.375000000000007
decision_type=2 2 2 2 2 2 2 2 2 2 2 2 2 2
left_child=6 2 3 -2 -5 -3 8 -8 9 10 -1 -12 -10 -9
right_child=1 5 -4 4 -6 -7 7 13 12 -11 11 -13 -14 -15
leaf_value=0.22891052609416127 0.61299078246312488 0.20109470264408094 -0.040641211702635419 0.074471548042799304 0.39472861546091736 -0.0052406037731167095 -0.59439194490451641 0.12304724175636926 -0.013541110877378713 -0.24130844349998073 0.06365120890414093 -0.20767760956659914 0.25258897826525162 -0.06988015312128168
leaf_weight=200 41 115 94 189 63 1220 40 120 6848 73 852 67 57 821
leaf_count=200 41 115 94 189 63 1220 40 120 6848 73 852 67 57 821
internal_value=0.000142207 0.0454005 0.157982 0.221625 0.15578 0.0126708 -0.00844687 -0.0681495 -0.00120602 0.0572729 0.0769495 0.0436657 -0.011308 -0.0451728
internal_weight=10800 1722 387 293 252 1335 9078 981 8097 1192 1119 919 6905 941
internal_count=10800 1722 387 293 252 1335 9078 981 8097 1192 1119 919 6905 941
is_linear=0
shrinkage=0.05


Tree=114
num_leaves=15
num_cat=0
split_feature=65 64 36 36 65 47 8 55 0 9 42 47 25 34
split_gain=1580.18 1470.11 1152.94 2099.7 2047.77 1693.43 1143.74 2797.66 1548.89 2418.64 1950.89 2316.02 2296.35 1790.31
threshold=261.46811050000002 265.84829400000007 24.375000000000004 23.792968750000004 246.54917600000002 63.057291666666679 289.75058750000005 -0.56174490092936669 254.54927000000001 253.96305750000002 69.875000000000014 70.757812500000014 105.4408211443279 28.502083333333335
decision_type=2 2 2 2 2 2 2 2 2 2 2 2 2 2
left_child=1 6 3 -3 -5 -4 8 -8 -1 -10 -11 12 -12 -13
right_child=-2 2 5 4 -6 -7 7 -9 9 10 11 13 -14 -15
leaf_value=-0.016376579408647698 0.052741736495678308 0.049942212124113684 0.27495118257674306 0.6113203548803563 0.10836247334594927 -0.071461499361007402 -0.46847600697175323 0.045508744810072208 0.17095524729963085 -0.31637807647171234 -0.083826548854509991 0.011910332439307558 0.37560199335028854 -0.26335180864628888
leaf_weight=8038 1260 161 43 40 41 177 45 62 291 45 41 410 78 68
leaf_count=8038 1260 161 43 40 41 177 45 62 291 45 41 410 78 68
internal_value=0.000138702 -0.00681367 0.0800944 0.155169 0.361163 -0.00281581 -0.011245 -0.172989 -0.00929671 0.0516502 -0.00260914 0.0215313 0.217932 -0.0277163
internal_weight=10800 9540 462 242 81 220 9078 107 8971 933 642 597 119 478
internal_count=10800 9540 462 242 81 220 9078 107 8971 933 642 597 119 478
is_linear=0
shrinkage=0.05


Tree=115
num_leaves=15
num_cat=0
split_feature=61 12 24 47 47 43 22 31 43 24 46 47 65 47
split_gain=1431.88 1517.34 2145.32 3518.59 2749.68 2663.05 2447.98 1794.48 1588.57 1425.47 1907.3 1827.47 1789.49 1728.16
threshold=-0.81241147629688992 272.31199150000003 306.70542500000005 69.984375000000014 75.419270833333357 48.875000000000007 140.03678016666672 21.212500000000002 66.875000000000014 300.20324800000009 78.005208333333357 68.430989583333357 245.69550800000005 69.876302083333357
decision_type=2 2 2 2 2 2 2 2 2 2 2 2 2 2
left_child=9 -2 3 5 -5 -3 -4 8 -6 10 11 -1 -11 -12
right_child=1 2 6 4 7 -7 -8 -9 -10 12 13 -13 -14 -15
leaf_value=0.068792618214776571 -0.015168790077942911 0.08193785050549568 0.097794552602701715 -0.094234015146160838 -0.14567732644170078 0.49029716010249802 -0.4220629149157068 0.29506153443127597 0.23842087374793161 -0.33368414661340551 -0.15891261797070788 0.31494985051547825 0.03548399968884694 0.039509832495675204
leaf_weight=211 7949 77 44 237 66 83 45 108 44 56 117 117 77 1569
leaf_count=211 7949 77 44 237 66 83 45 108 44 56 117 117 77 1569
internal_value=0.000133995 -0.00893544 0.0613681 0.0946083 0.0234705 0.295504 -0.166824 0.15128 0.00872575 0.0366735 0.0471597 0.157289 -0.121285 0.0256543
internal_weight=10800 8653 704 615 455 160 89 218 110 2147 2014 328 133 1686
internal_count=10800 8653 704 615 455 160 89 218 110 2147 2014 328 133 1686
is_linear=0
shrinkage=0.05


Tree=116
num_leaves=15
num_cat=0
split_feature=0 8 9 51 36 47 12 34 31 9 4 19 52 9
split_gain=1337.38 2546.63 2411.21 1685.83 1648.9 1891.91 3725.94 2382 1494 1391.98 1286.32 2674.19 1239.6 2597.84
threshold=256.03719150000006 299.42234450000007 250.58438100000004 1.5000000000000002 25.941927083333336 70.757812500000014 277.29089150000004 28.502083333333335 24.212500000000002 266.89225100000004 264.13985200000008 179.42079400000003 0.77259657388510639 201.74848100000003
decision_type=2 2 2 2 2 2 2 2 2 2 2 2 2 2
left_child=12 2 3 -2 5 6 -4 -7 -6 -9 11 -5 -1 -14
right_child=1 -3 4 10 8 7 -8 9 -10 -11 -12 -13 13 -15
leaf_value=-0.017499539825269434 -0.062310163284681974 -0.3441824567095354 0.068192383445277338 0.18110731666770963 -0.35621529185714634 0.036311580929693513 0.60439609289169316 -0.45478233466061146 -0.0034171812753710481 -0.039132308432968652 0.098405925845400546 0.63242819765582681 0.032079782448576767 -0.32868529729106849
leaf_weight=6957 61 40 156 108 51 703 40 40 71 40 113 47 2323 50
leaf_count=6957 61 40 156 108 51 703 40 40 71 40 113 47 2323 50
internal_value=0.000129576 0.0444398 0.0555432 0.174098 0.019991 0.0416319 0.180134 0.0067766 -0.152595 -0.250006 0.227939 0.321136 -0.00685579 0.0243431
internal_weight=10800 1470 1430 329 1101 979 196 783 122 80 268 155 9330 2373
internal_count=10800 1470 1430 329 1101 979 196 783 122 80 268 155 9330 2373
is_linear=0
shrinkage=0.05


Tree=117
num_leaves=15
num_cat=0
split_feature=65 64 34 57 32 32 36 36 26 25 65 47 7 44
split_gain=1261.9 1270.83 1156.64 1352.07 2512.91 1540.42 1394.61 1159.1 3100.07 1511.78 2196.11 2989.54 2070.59 1142.2
threshold=261.46811050000002 265.84829400000007 16.226041666666671 1.5000000000000002 30.575000000000006 31.525000000000002 25.787500000000001 21.767578125000004 23.012500000000003 1.392914400275197 230.54555800000003 78.559895833333357 24.000000000000004 45.281250000000007
decision_type=2 2 2 2 2 2 2 2 2 2 2 2 2 2
left_child=1 2 -1 4 6 -5 7 8 -4 12 13 -12 -9 -11
right_child=-2 -3 3 5 -6 -7 -8 9 -10 10 11 -13 -14 -15
leaf_value=-0.21414514952811642 0.047131052502825371 0.074713698402047155 0.0082155683992489615 -0.01858476929922407 0.40629490127875689 -0.31885438720847287 0.22994081041700132 0.3203512368277765 0.2291030508017293 0.22558545463614996 -0.055964248040691028 -0.56381120667590401 -0.017148368218987006 -0.032510079605508856
leaf_weight=68 1260 462 898 6494 41 42 73 70 192 44 79 45 126 906
leaf_count=68 1260 462 898 6494 41 42 73 70 192 44 79 45 126 906
internal_value=0.000123313 -0.00608955 -0.0102096 -0.00864685 0.0228291 -0.0205628 0.0162028 0.00949684 0.0472985 -0.0229588 -0.046277 -0.2433 0.104401 -0.0203315
internal_weight=10800 9540 9078 9010 2474 6536 2433 2360 1090 1270 1074 124 196 950
internal_count=10800 9540 9078 9010 2474 6536 2433 2360 1090 1270 1074 124 196 950
is_linear=0
shrinkage=0.05


Tree=118
num_leaves=15
num_cat=0
split_feature=61 24 46 47 65 47 31 47 43 47 34 65 65 65
split_gain=1193.31 1327.3 1691.2 1765.65 1608.02 1495.64 1456.54 2008.32 1447.87 1410.64 1420.2 1361.79 1633.67 3129.74
threshold=-0.81241147629688992 300.20324800000009 77.703125000000014 68.430989583333357 249.30390550000001 85.121093750000014 21.212500000000002 69.876302083333357 88.125000000000014 79.141927083333357 19.309375000000003 267.62516500000004 113.77359350000002 184.57511200000002
decision_type=2 2 2 2 2 2 2 2 2 2 2 2 2 2
left_child=1 2 3 -1 -3 6 11 -8 -7 10 -9 12 -4 -14
right_child=-2 4 5 -5 -6 8 7 9 -10 -11 -12 -13 13 -15
leaf_value=0.065600056753766428 -0.0081608569162644872 -0.28218496513198804 0.085068566045137475 0.31918828492052853 0.064010451396461582 0.38773798054119329 -0.13436843403109688 0.34731555624768656 0.050859141285622078 -0.051281708400674475 0.087806389405938545 0.094903598945014767 -0.54832039202489635 -0.085703359014098202
leaf_weight=204 8653 70 107 103 63 52 128 57 81 168 601 129 40 344
leaf_count=204 8653 70 107 103 63 52 128 57 81 168 601 129 40 344
internal_value=0.00011863 0.0334755 0.043595 0.15144 -0.118944 0.0241219 0.0104633 0.0492184 0.184482 0.0777958 0.11078 -0.0491529 -0.0871166 -0.135192
internal_weight=10800 2147 2014 307 133 1707 1574 954 133 826 658 620 491 384
internal_count=10800 2147 2014 307 133 1707 1574 954 133 826 658 620 491 384
is_linear=0
shrinkage=0.05


Tree=119
num_leaves=15
num_cat=0
split_feature=0 8 9 36 47 12 34 51 36 9 25 8 51 47
split_gain=1129.28 2279.64 2138.93 1520.05 1683.63 3384.37 2115.99 1481.52 1477.08 1259.11 1145.63 1279.27 1133.79 1934.75
threshold=256.03719150000006 299.42234450000007 250.58438100000004 25.941927083333336 70.757812500000014 277.29089150000004 28.502083333333335 1.5000000000000002 26.720833333333335 266.89225100000004 107.99489200728748 247.57854950000004 1.5000000000000002 77.966145833333357
decision_type=2 2 2 2 2 2 2 2 2 2 2 2 2 2
left_child=-1 2 7 4 5 -4 12 -2 -5 -8 11 -9 -6 -14
right_child=1 -3 3 8 6 -7 9 10 -10 -11 -12 -13 13 -15
leaf_value=-0.006304386987635538 -0.058619270891311671 -0.32685140305902904 0.062618807118362305 -0.26830028965171565 -0.060002854695912822 0.57362999872463505 -0.43102145383997659 0.12538263678674896 0.099594631205063053 -0.035748929396362567 0.0670904292638035 0.39918769150972366 0.16884148476709582 -0.031834370743132494
leaf_weight=9330 61 40 156 82 221 40 40 74 40 40 90 104 260 222
leaf_count=9330 61 40 156 82 221 40 40 74 40 40 90 104 260 222
internal_value=0.000114515 0.0408315 0.0513375 0.0178537 0.038633 0.169289 0.00575299 0.162998 -0.14785 -0.236266 0.213471 0.286695 0.0335908 0.0765395
internal_weight=10800 1470 1430 1101 979 196 783 329 122 80 268 178 703 482
internal_count=10800 1470 1430 1101 979 196 783 329 122 80 268 178 703 482
is_linear=0
shrinkage=0.05


Tree=120
num_leaves=15
num_cat=0
split_feature=61 26 52 36 49 16 30 47 47 47 51 29 31 65
split_gain=1080.98 1243.87 2121.77 1366.5 3606.71 1559.59 3631.24 1876.88 2370.31 1867.37 1957.84 1730 1493.14 2338.57
threshold=-0.81241147629688992 23.212500000000002 0.63405362205439497 21.825520833333339 1.5000000000000002 277.29195150000004 21.212500000000002 76.259114583333343 64.023437500000014 74.175781250000014 3.5000000000000004 30.162500000000005 19.162500000000005 133.14357200000003
decision_type=2 2 2 2 2 2 2 2 2 2 2 2 2 2
left_child=-1 -2 3 4 -3 9 -7 8 11 -5 -11 -8 13 -6
right_child=1 2 -4 5 12 6 7 -9 -10 10 -12 -13 -14 -15
leaf_value=0.031858194705113606 -0.022671159385376186 0.23938255941898731 0.36527904305000636 0.012014236512910972 0.092588943823919467 0.37104613762129757 0.41639223602858 0.19973259600691307 -0.079015744599699983 -0.12263071417324788 0.09237741792749149 -0.030277055747261861 0.1073188148122089 -0.32203141142740666
leaf_weight=2147 5348 216 42 1409 58 84 46 116 374 617 127 40 96 80
leaf_count=2147 5348 216 42 1409 58 84 46 116 374 617 127 40 96 80
internal_value=0.000110075 -0.0077701 0.0163417 0.0117398 0.0925369 -0.00121379 0.0659695 0.0209131 -0.0245159 -0.0218298 -0.0858543 0.210679 -0.0434548 -0.148358
internal_weight=10800 8653 3305 3263 450 2813 660 576 460 2153 744 86 234 138
internal_count=10800 8653 3305 3263 450 2813 660 576 460 2153 744 86 234 138
is_linear=0
shrinkage=0.05


Tree=121
num_leaves=15
num_cat=0
split_feature=34 61 52 52 65 22 30 24 30 7 55 45 47 25
split_gain=1036.55 1142.27 1955.03 2197.07 2107.52 1307.94 1892.13 1569.09 2665.58 2808.72 2202.84 2531.55 2280.31 3568.01
threshold=16.226041666666671 -0.32143946530316164 0.72947329433276253 0.68322629814330837 79.608916500000007 27.444602249999999 21.712500000000002 274.65417650000006 17.775000000000002 28.000000000000004 -0.22252093395631442 90.343750000000014 70.914062500000014 100.59176676770393
decision_type=2 2 2 2 2 2 2 2 2 2 2 2 2 2
left_child=-1 5 3 -3 -4 6 -2 8 9 -7 11 12 -10 -14
right_child=1 2 4 -5 -6 7 -8 -9 10 -11 -12 -13 13 -15
leaf_value=-0.17590459866157498 0.041879588048660051 -0.011978239358619322 -0.046851025394030986 0.21144557188797211 -0.49359438957776441 0.070158579400587048 0.33225378112867476 0.056585012758032474 -0.21991672629274703 0.52455644337903884 0.013566647913805364 -0.30667687115635267 -0.090864164237316483 0.16884229536711548
leaf_weight=82 189 6270 69 111 42 181 79 1417 163 41 1428 113 424 191
leaf_count=82 189 6270 69 111 42 181 79 1417 163 41 1428 113 424 191
internal_value=0.000110827 0.00147375 -0.0116953 -0.00805917 -0.218787 0.0217021 0.128392 0.0144475 -0.00906376 0.156055 -0.0249312 -0.0865774 -0.0542566 -0.0100642
internal_weight=10800 10718 6492 6381 111 4226 268 3958 2541 222 2319 891 778 615
internal_count=10800 10718 6492 6381 111 4226 268 3958 2541 222 2319 891 778 615
is_linear=0
shrinkage=0.05


Tree=122
num_leaves=15
num_cat=0
split_feature=31 57 45 52 46 17 30 24 45 22 24 61 37 20
split_gain=1033 1020.81 1913.88 5237.7 3423.07 1956.83 1585.61 1260.67 2235.6 1922.28 1350.22 1736.07 1220.9 1605.19
threshold=16.512500000000003 1.0000000180025095e-35 83.552083333333357 0.68322629814330837 80.963541666666671 59.481066393397107 21.712500000000002 277.29195150000004 89.062500000000014 143.91240567187504 278.51062050000002 -0.77259657388510605 50.125000000000007 273.13806300000005
decision_type=2 2 2 2 2 2 2 2 2 2 2 2 2 2
left_child=-1 2 3 6 -5 -4 -2 9 10 -3 11 -9 13 -12
right_child=1 7 5 4 -6 -7 -8 8 -10 -11 12 -13 -14 -15
leaf_value=-0.1470216210142283 0.10928179678824704 -0.014793378497542515 -0.0082279208116233359 0.68021063873401055 0.17649692475609483 -0.34733878879788077 -0.028182850208318566 0.43408774953512919 0.37913527054885449 -0.27294666323657724 -0.023999347975690859 0.058266785040370417 -0.002035556500782432 0.21270427100049952
leaf_weight=117 370 5954 449 51 99 46 482 41 42 72 130 116 2673 158
leaf_count=117 370 5954 449 51 99 46 482 41 42 72 130 116 2673 158
internal_value=0.000105626 0.00173057 0.0400029 0.0797127 0.35113 -0.040378 0.0315724 -0.00451017 0.0210644 -0.0179226 0.0161212 0.158537 0.0085189 0.106146
internal_weight=10800 10683 1497 1002 150 495 852 9186 3160 6026 3118 157 2961 288
internal_count=10800 10683 1497 1002 150 495 852 9186 3160 6026 3118 157 2961 288
is_linear=0
shrinkage=0.05


Tree=123
num_leaves=15
num_cat=0
split_feature=31 65 30 45 5 46 47 42 8 34 49 32 32 25
split_gain=933.184 975.572 1846.52 1009.27 1668.48 1008.87 2045.76 1835.6 1495.53 985.403 951.564 2272.82 1386.15 1481.92
threshold=16.512500000000003 261.46811050000002 17.525000000000002 62.739583333333336 199.41051700000003 77.796875000000014 68.201822916666686 79.875000000000014 254.80594350000004 16.226041666666671 1.5000000000000002 30.575000000000006 31.525000000000002 105.70636737221191
decision_type=2 2 2 2 2 2 2 2 2 2 2 2 2 2
left_child=-1 9 -3 -4 5 6 -5 -8 -7 -2 11 -11 13 -12
right_child=1 2 3 4 -6 8 7 -9 -10 10 12 -13 -14 -15
leaf_value=-0.13973283554354318 -0.19208515839165319 0.27265472997252538 0.18599009677298298 -0.010208721096813679 -0.13608246727190537 0.051598377232632699 0.50990158540010455 0.097642501040560312 -0.11939710689223869 0.017938811167435745 -0.021635929962693187 0.388953797519207 -0.29493517022103422 0.036764769510205179
leaf_weight=117 68 81 91 124 158 506 49 60 170 2416 5526 41 42 1351
leaf_count=117 68 81 91 124 158 506 49 60 170 2416 5526 41 42 1351
internal_value=0.000105926 0.00165037 0.043347 0.027086 0.0133722 0.039471 0.128954 0.285921 0.00848371 -0.00382401 -0.00243829 0.0242857 -0.0119304 -0.0101593
internal_weight=10800 10683 1239 1158 1067 909 233 109 676 9444 9376 2457 6919 6877
internal_count=10800 10683 1239 1158 1067 909 233 109 676 9444 9376 2457 6919 6877
is_linear=0
shrinkage=0.05


Tree=124
num_leaves=15
num_cat=0
split_feature=8 12 22 47 43 45 8 46 10 47 30 14 12 51
split_gain=913.694 1496.87 1943.16 3092.54 2736.99 1687 1937.99 1620.04 1279.16 1207.56 1912.68 1175.02 1083.85 942.019
threshold=299.42234450000007 272.31199150000003 149.24497047916671 71.028645833333343 65.875000000000014 52.562500000000007 258.40172800000011 60.114583333333336 269.96091637500007 75.361979166666671 20.712500000000002 274.62240629166678 280.98731900000001 2.5000000000000004
decision_type=2 2 2 2 2 2 2 2 2 2 2 2 2 2
left_child=1 8 3 5 9 -3 -7 -6 13 12 -11 -4 -5 -1
right_child=-2 2 11 4 7 6 -8 -9 -10 10 -12 -13 -14 -15
leaf_value=-0.019251099679109016 -0.18825695472769441 0.1336287926373064 0.016005362305217066 -0.061769955948231717 0.017121433416587239 0.19190182261803049 0.66202669746496468 0.32010618476197128 -0.25111862157399839 -0.26218803966684001 0.14368204115394584 -0.34320493782075445 -0.37417028149699466 0.011604031992005479
leaf_weight=4551 63 116 51 62 85 46 43 91 51 41 93 40 50 5417
leaf_count=4551 63 116 51 62 85 46 43 91 51 41 93 40 50 5417
internal_value=0.000103626 0.00122627 0.0709127 0.10227 0.0246861 0.261083 0.423873 0.174702 -0.0037743 -0.0829149 0.0184757 -0.143904 -0.203311 -0.00248374
internal_weight=10800 10737 718 627 422 205 89 176 10019 246 134 91 112 9968
internal_count=10800 10737 718 627 422 205 89 176 10019 246 134 91 112 9968
is_linear=0
shrinkage=0.05


Tree=125
num_leaves=15
num_cat=0
split_feature=34 61 36 41 54 7 65 47 35 7 32 22 0 30
split_gain=874.69 984.349 1949.67 1460.89 2797.52 3601.03 2079.24 1516.15 1417.03 1287.58 1163.28 1852.42 1966.17 1847.56
threshold=16.226041666666671 -0.81241147629688992 19.207812500000003 78.875000000000014 -0.8783796973249266 127.85789100000001 117.7463455 68.201822916666686 21.92604166666667 62.684561500000008 21.112500000000004 125.64656252604168 190.81968700000002 22.987500000000004
decision_type=2 2 2 2 2 2 2 2 2 2 2 2 2 2
left_child=-1 2 9 7 5 6 -5 8 -4 -2 11 -6 -13 -12
right_child=1 -3 3 4 10 -7 -8 -9 -10 -11 13 12 -14 -15
leaf_value=-0.16159157209906236 0.045487251287361363 -0.006152355995514335 -0.16156276289324906 -0.17676592515087985 -0.03157346714078374 0.14884146898118564 -0.67178825925036179 0.17330660389586194 0.082077623028785754 0.38143341943941778 -0.065879250767538242 0.080779581511910281 0.37869685904970812 0.20364830586024457
leaf_weight=82 52 8608 85 46 310 42 40 272 194 63 544 325 66 71
leaf_count=82 52 8608 85 46 310 42 40 272 194 63 544 325 66 71
internal_value=9.84269e-05 0.00135043 0.0319473 0.0203498 -0.00609354 -0.228303 -0.412084 0.0895352 0.00753835 0.231229 0.0156765 0.0596688 0.131905 -0.034483
internal_weight=10800 10718 2110 1995 1444 128 86 551 279 115 1316 701 391 615
internal_count=10800 10718 2110 1995 1444 128 86 551 279 115 1316 701 391 615
is_linear=0
shrinkage=0.05


Tree=126
num_leaves=15
num_cat=0
split_feature=31 57 45 52 46 17 30 65 64 46 35 42 22 46
split_gain=847.417 893.273 1666.81 4675.27 3015.19 1770.15 1416.16 1058.12 1456.75 1593.3 1523.7 1154.56 1119.37 1230.15
threshold=16.512500000000003 1.0000000180025095e-35 83.552083333333357 0.68322629814330837 80.963541666666671 59.481066393397107 21.712500000000002 267.02985550000005 260.64287600000006 85.484375000000014 22.064062500000002 88.125000000000014 136.67899589062503 78.114583333333357
decision_type=2 2 2 2 2 2 2 2 2 2 2 2 2 2
left_child=-1 2 3 6 -5 -4 -2 -3 9 10 -9 12 13 -10
right_child=1 7 5 4 -6 -7 -8 8 11 -11 -12 -13 -14 -15
leaf_value=-0.1331632013130791 0.10238532392770013 -0.009384714975208366 -0.0070690256518622235 0.6397185126176248 0.16694004960730674 -0.32959684315434795 -0.027525642518278048 -0.0085174330506872908 0.39226786290727012 0.3495211207877017 0.33828607314243553 -0.19496091045293726 -0.0064529775799623606 0.015272056073584457
leaf_weight=117 370 8422 449 51 99 46 482 139 40 71 40 63 365 46
leaf_count=117 370 8422 449 51 99 46 482 139 40 71 40 63 365 46
internal_value=9.45192e-05 0.00156628 0.037368 0.0744262 0.330857 -0.0376454 0.028945 -0.0042716 0.0520318 0.150768 0.0704294 0.0038087 0.0319446 0.193112
internal_weight=10800 10683 1497 1002 150 495 852 9186 764 250 179 514 451 86
internal_count=10800 10683 1497 1002 150 495 852 9186 764 250 179 514 451 86
is_linear=0
shrinkage=0.05


Tree=127
num_leaves=15
num_cat=0
split_feature=37 24 16 47 42 20 24 22 43 42 8 19 0 9
split_gain=824.223 2165.94 1557.31 1771.67 1368.81 1217.43 2524.9 1544.12 1515.2 1076.09 993.206 955.303 936.032 1483.63
threshold=59.125000000000007 301.64842750000008 277.29195150000004 75.294270833333357 74.875000000000014 270.72159250000004 283.25600400000002 124.98790524479166 47.375000000000007 76.375000000000014 265.49652300000008 214.08212300000002 291.57821000000007 266.89225100000004
decision_type=2 2 2 2 2 2 2 2 2 2 2 2 2 2
left_child=1 2 5 9 -3 7 -7 -1 -9 -4 -10 -11 13 -2
right_child=12 4 3 -5 -6 6 -8 8 10 11 -12 -13 -14 -15
leaf_value=-0.004004484679781096 -0.0012572183951514667 -0.31284757869831031 0.26729164939035072 0.35543997426040153 0.053591428733453517 0.020129870303264522 -0.33741858862913576 0.39885658027262105 0.15973479572062693 0.1091072100250091 -0.052383016617968681 -0.14865286343936193 0.21276471620919757 -0.084224362207174261
leaf_weight=418 8795 68 54 80 40 205 64 48 179 91 79 58 48 573
leaf_count=418 8795 68 54 80 40 205 64 48 179 91 79 58 48 573
internal_value=9.57544e-05 0.0361098 0.0543471 0.157602 -0.177883 0.024791 -0.0658721 0.058521 0.143666 0.0782764 0.0948325 0.00844896 -0.005201 -0.00634041
internal_weight=10800 1384 1276 283 108 993 269 724 306 203 258 149 9416 9368
internal_count=10800 1384 1276 283 108 993 269 724 306 203 258 149 9416 9368
is_linear=0
shrinkage=0.05


Tree=128
num_leaves=15
num_cat=0
split_feature=26 30 37 46 30 61 63 61 47 47 24 22 30 43
split_gain=816.474 1264.85 2232.39 1531.49 1290.2 1637.12 1762.43 1307.69 2781.63 2683.74 2648.96 2415.68 3967.01 1648.21
threshold=18.112500000000004 18.012500000000003 79.875000000000014 92.005208333333357 19.012500000000003 -0.9733555533461492 -0.56174490092936669 -0.19509032201612839 82.251302083333357 81.065104166666686 264.18653100000006 31.516171546875004 21.062500000000004 80.875000000000014
decision_type=2 2 2 2 2 2 2 2 2 2 2 2 2 2
left_child=-1 2 -2 4 5 -3 -7 8 9 11 -11 12 -6 -13
right_child=1 3 -4 -5 7 6 -8 -9 -10 10 -12 13 -14 -15
leaf_value=-0.047867405975192061 0.03642764202126908 -0.34023074439182038 0.35067932232404536 -0.2245792317852999 -0.12167908471698563 -0.21705611524849455 0.015854844064833569 -0.008993984702036063 0.21104869862328635 -0.531477783184226 -0.056906805542420669 -0.0084406262076661027 0.38095584371815561 0.068200584990922741
leaf_weight=819 314 52 68 74 59 109 310 5452 199 40 105 2008 114 1077
leaf_count=819 314 52 68 74 59 109 310 5452 199 40 105 2008 114 1077
internal_value=9.39116e-05 0.00403382 0.0931373 0.000478545 0.00225042 -0.0783423 -0.0451079 0.00645113 0.0298249 0.0191685 -0.190567 0.0285585 0.209823 0.0183289
internal_weight=10800 9981 382 9599 9525 471 419 9054 3602 3403 145 3258 173 3085
internal_count=10800 9981 382 9599 9525 471 419 9054 3602 3403 145 3258 173 3085
is_linear=0
shrinkage=0.05


Tree=129
num_leaves=15
num_cat=0
split_feature=0 8 9 30 47 47 36 51 9 37 36 12 25 61
split_gain=805.957 1795.38 1772.62 1380.39 1823.01 1560.8 1364.23 1174.25 1125.3 2904.66 2316.09 1839.44 1596.61 1551.94
threshold=256.03719150000006 299.42234450000007 250.58438100000004 21.212500000000002 77.966145833333357 81.811197916666671 22.271093750000002 1.5000000000000002 199.45522700000004 60.875000000000007 21.539322916666666 231.61522200000005 99.37396632831998 -0.93540483100319605
decision_type=2 2 2 2 2 2 2 2 2 2 2 2 2 2
left_child=8 2 7 4 -4 6 -6 -2 13 -10 11 -11 -12 -1
right_child=1 -3 3 -5 5 -7 -8 -9 9 10 12 -13 -14 -15
leaf_value=0.060930611449590166 -0.051847073856380682 -0.29181079937190546 0.16931450018335298 -0.03063012346641715 -0.27124782522681029 0.2218596344192823 0.057610893289425549 0.19039347033435305 0.10397979463239747 -0.14473080827995685 -0.27013132904877485 0.054195472280644169 -0.093991830953431291 -0.006251505809866738
leaf_weight=981 61 40 252 681 72 41 55 268 264 164 180 392 452 6897
leaf_count=981 61 40 252 681 72 41 55 268 264 164 180 392 452 6897
internal_value=8.69286e-05 0.0344848 0.0438095 0.0133304 0.0845126 -0.0429395 -0.129491 0.145459 -0.00533579 -0.0457668 -0.0791033 -0.00463512 -0.144506 0.00212095
internal_weight=10800 1470 1430 1101 420 168 127 329 9330 1452 1188 556 632 7878
internal_count=10800 1470 1430 1101 420 168 127 329 9330 1452 1188 556 632 7878
is_linear=0
shrinkage=0.05


Tree=130
num_leaves=15
num_cat=0
split_feature=33 57 32 22 30 36 32 24 45 30 64 22 64 24
split_gain=767.343 774.656 2043.13 1189.01 1649.94 1462.7 1160.55 1261.07 1901.38 1600.39 2117.81 1508.98 1311.33 1336.14
threshold=16.884375000000002 1.5000000000000002 30.575000000000006 145.83517119791671 22.487500000000004 25.787500000000001 31.525000000000002 277.29195150000004 89.062500000000014 17.525000000000002 173.72365100000005 143.91240567187504 194.26627250000004 300.20324800000009
decision_type=2 2 2 2 2 2 2 2 2 2 2 2 2 2
left_child=-1 2 3 5 -5 -2 7 9 12 10 -3 -11 -9 -14
right_child=1 6 -4 4 -6 -7 -8 8 -10 11 -12 -13 13 -15
leaf_value=-0.11497310855844339 0.021294964307245357 -0.013655843222979455 0.3695539277224314 -0.2696825934843306 0.016419358950021657 0.25616086953703093 -0.2657959266977255 -0.01432741511752194 0.35322979645327085 -0.021520367719039105 0.35022239057875393 -0.26404782718226599 0.086113331764989365 -0.052740638114132543
leaf_weight=142 2658 99 41 82 128 67 42 1392 42 4883 66 64 879 215
leaf_count=142 2658 99 41 82 128 67 42 1392 42 4883 66 64 879 215
internal_value=8.11827e-05 0.00162473 0.0232778 0.0183163 -0.0960453 0.0271615 -0.00676558 -0.00530699 0.023574 -0.0195911 0.133128 -0.0247107 0.0178648 0.0588016
internal_weight=10800 10658 2976 2935 210 2725 7682 7640 2528 5112 165 4947 2486 1094
internal_count=10800 10658 2976 2935 210 2725 7682 7640 2528 5112 165 4947 2486 1094
is_linear=0
shrinkage=0.05


Tree=131
num_leaves=15
num_cat=0
split_feature=31 11 9 32 60 9 24 22 61 8 49 65 65 7
split_gain=715.914 772.179 1655.4 1757.74 1439.54 1121.52 3002.14 1504.25 1440.02 1258.54 1129.91 2317.27 3246.98 2106.81
threshold=16.512500000000003 216.36840450000003 252.15600850000001 21.787500000000005 -0.93540483100319605 196.22379650000002 219.74102000000002 106.62172396875 -0.93540483100319605 201.29493450000004 3.5000000000000004 151.79469900000001 232.69915800000004 66.72361100000002
decision_type=2 2 2 2 2 2 2 2 2 2 2 2 2 2
left_child=-1 5 4 -4 -3 8 -7 -8 9 10 -2 13 -13 -12
right_child=1 2 3 -5 -6 6 7 -9 -10 -11 11 12 -14 -15
leaf_value=-0.1224034445234022 0.13068644848457731 0.23936723568034868 0.19564926909336533 -0.018261068297157946 0.056468879117371418 -0.4690638200779047 0.1360216727530634 -0.060055646223754457 -0.0067201866206180356 -0.13357685334407365 -0.019402372025776826 -0.51674764242976212 0.024117174150445796 0.2502150015860069
leaf_weight=117 454 136 103 1253 506 41 110 825 6760 77 176 42 78 122
leaf_count=117 454 136 103 1253 506 41 110 825 6760 77 176 42 78 122
internal_value=7.9143e-05 0.0014319 0.0294503 -0.00188051 0.0955257 -0.00501643 -0.0554844 -0.036867 0.00137944 0.0590218 0.0761623 0.0167717 -0.167892 0.0914456
internal_weight=10800 10683 1998 1356 642 8685 976 935 7709 949 872 418 120 298
internal_count=10800 10683 1998 1356 642 8685 976 935 7709 949 872 418 120 298
is_linear=0
shrinkage=0.05


Tree=132
num_leaves=15
num_cat=0
split_feature=8 12 22 47 47 51 43 45 31 10 14 12 51 36
split_gain=704.536 1137.53 1590.35 2683.84 2456.85 1583.43 1547.3 1375.88 1367.83 1098.15 985.49 877.308 814.349 2618.84
threshold=299.42234450000007 272.31199150000003 149.24497047916671 71.028645833333343 75.419270833333357 2.5000000000000004 66.875000000000014 53.552083333333336 21.212500000000002 269.96091637500007 274.62240629166678 280.98731900000001 2.5000000000000004 25.415885416666672
decision_type=2 2 2 2 2 2 2 2 2 2 2 2 2 2
left_child=1 9 3 5 11 7 8 -3 -6 12 -4 -5 -1 -14
right_child=-2 2 10 4 6 -7 -8 -9 -10 -11 -12 -13 13 -15
leaf_value=-0.017693747091945915 -0.1653284483763855 0.21112526704578902 0.013939679392541832 -0.023819943861259768 -0.13615681791205461 0.044222036638939886 0.29778048253528838 0.54425500112713554 0.17572534302299894 -0.2324759483910524 -0.31504063141509531 -0.23816644694656133 0.0058289192176962309 0.2449816514316023
leaf_weight=4551 63 85 51 119 66 70 85 50 73 51 40 79 5301 116
leaf_count=4551 63 85 51 119 66 70 85 50 73 51 40 79 5301 116
internal_value=7.37337e-05 0.00105955 0.0618085 0.0901785 0.0179163 0.238124 0.131068 0.337601 0.0277226 -0.00329969 -0.13252 -0.110109 -0.00210394 0.0109944
internal_weight=10800 10737 718 627 422 205 224 135 139 10019 91 198 9968 5417
internal_count=10800 10737 718 627 422 205 224 135 139 10019 91 198 9968 5417
is_linear=0
shrinkage=0.05


Tree=133
num_leaves=15
num_cat=0
split_feature=34 61 36 31 25 24 40 32 35 22 8 13 3 47
split_gain=705.216 687.077 1869.48 1225.09 1413.39 1232.31 1639.19 1659.01 1533.82 1436.63 1171.07 1324.72 1141.24 1136.91
threshold=16.226041666666671 -0.84874750804349197 19.207812500000003 19.012500000000003 94.211639178575226 300.20324800000009 84.375000000000014 21.112500000000004 21.171354166666671 149.45172806250002 258.65802250000007 2.7592496622256166 102.69693050000002 81.417968750000014
decision_type=2 2 2 2 2 2 2 2 2 2 2 2 2 2
left_child=-1 2 -2 4 -4 6 10 12 13 -7 11 -5 -8 -9
right_child=1 -3 3 5 -6 9 7 8 -10 -11 -12 -13 -14 -15
leaf_value=-0.14511148570082993 0.23464234350965574 -0.0046584386328745991 -0.012070589216105494 0.043615082862698253 -0.37648345537301975 -0.29153089857408926 0.01121819774534954 -0.123858792088055 0.059181429016525337 0.054101136286646645 -0.095773540094586815 0.17443970721344004 0.24278456900446188 -0.41644982169273981
leaf_weight=82 103 8830 76 419 40 62 343 153 91 57 80 360 62 42
leaf_count=82 103 8830 76 419 40 62 343 153 91 57 80 360 62 42
internal_value=7.19412e-05 0.00119613 0.0285654 0.0165494 -0.139874 0.0274985 0.0394268 -0.0178937 -0.109885 -0.126905 0.085504 0.104219 0.0471785 -0.188682
internal_weight=10800 10718 1888 1785 116 1669 1550 691 286 119 859 779 405 195
internal_count=10800 10718 1888 1785 116 1669 1550 691 286 119 859 779 405 195
is_linear=0
shrinkage=0.05


Tree=134
num_leaves=15
num_cat=0
split_feature=0 36 24 24 9 24 22 36 54 40 36 33 41 49
split_gain=677.554 1918.71 1970.16 1738.58 1534.08 3315.59 1345.72 2524 2467.15 2417.17 3000.86 2115.81 1816.86 1333.12
threshold=248.17799000000002 21.825520833333339 266.90505200000007 273.99644800000004 209.80644200000003 215.02317450000001 145.39236452083335 24.711067708333339 0.6078576107927941 62.125000000000007 24.084375000000005 29.065625000000004 70.875000000000014 1.5000000000000002
decision_type=2 2 2 2 2 2 2 2 2 2 2 2 2 2
left_child=4 3 -3 -2 -1 -6 7 9 -9 10 -4 -11 -8 -14
right_child=1 2 6 -5 5 -7 12 8 -10 11 -12 -13 13 -15
leaf_value=0.0014443044875373575 0.20469022859550276 -0.18013915565437996 -0.014205366544998611 -0.12964147935680889 -0.50624768806666864 -0.046135644701134883 -0.26741684523433273 0.089710086173533155 0.48616222799834558 0.046330653753870688 -0.39430978488834467 0.41414413878782874 -0.20191657726832651 0.079006522502235943
leaf_weight=8096 231 129 220 46 40 879 83 119 58 573 67 41 56 162
leaf_count=8096 231 129 220 46 40 879 83 119 58 573 67 41 56 162
internal_value=6.53538e-05 0.0282009 0.00594559 0.148903 -0.0055081 -0.0666908 0.023471 0.0495683 0.221622 0.0155603 -0.104002 0.071525 -0.0698483 0.00625031
internal_weight=10800 1785 1508 277 9015 919 1379 1078 177 901 287 614 301 218
internal_count=10800 1785 1508 277 9015 919 1379 1078 177 901 287 614 301 218
is_linear=0
shrinkage=0.05


Tree=135
num_leaves=15
num_cat=0
split_feature=26 64 30 37 46 30 61 63 41 65 48 48 47 51
split_gain=647.199 1201.29 1026.19 1867.84 1341.62 1133.51 1429.63 1494.35 1050.99 1270.81 3031.18 1988.76 1935.48 2031.31
threshold=18.112500000000004 247.57854950000004 18.012500000000003 79.875000000000014 92.005208333333357 19.012500000000003 -0.9733555533461492 -0.56174490092936669 72.875000000000014 42.523274000000008 3.1250000000000004 3.3750000000000004 82.251302083333357 3.5000000000000004
decision_type=2 2 2 2 2 2 2 2 2 2 2 2 2 2
left_child=1 -1 3 -2 5 6 -4 -8 -7 -10 -11 -12 13 -13
right_child=2 -3 4 -5 -6 8 7 -9 9 10 11 12 -14 -15
leaf_value=-0.028718280208368713 0.031957926921369062 -0.30647043149645736 -0.31824768336032921 0.31940033051954664 -0.2102793888722857 -0.015008829203502197 -0.2007901836948639 0.013679450368239183 -0.0097351825670741431 0.40423652865491544 -0.25702477598498608 0.0086827896356998224 0.17749258204331173 0.11988730903037143
leaf_weight=779 314 40 52 68 74 3599 109 310 2184 55 57 2435 231 493
leaf_count=779 314 40 52 68 74 3599 109 310 2184 55 57 2435 231 493
internal_value=6.01487e-05 -0.0426409 0.00356794 0.083826 0.000365609 0.00202402 -0.0735164 -0.0424586 0.00596141 0.019797 0.0395121 0.0331509 0.0384664 0.0274413
internal_weight=10800 819 9981 382 9599 9525 471 419 9054 5455 3271 3216 3159 2928
internal_count=10800 819 9981 382 9599 9525 471 419 9054 5455 3271 3216 3159 2928
is_linear=0
shrinkage=0.05


Tree=136
num_leaves=15
num_cat=0
split_feature=37 8 32 21 32 36 36 8 33 42 36 24 9 24
split_gain=633.201 798.987 818.303 634.208 1465.05 1509.84 1556.74 1130.86 1035.18 968.644 1105.91 861.877 717.148 2498.82
threshold=40.875000000000007 299.42234450000007 31.062500000000004 81.772065941470899 22.212500000000002 22.204427083333339 21.914973958333338 267.02941400000003 21.990625000000005 71.375000000000014 23.286067708333338 272.16657050000009 199.45522700000004 219.74102000000002
decision_type=2 2 2 2 2 2 2 2 2 2 2 2 2 2
left_child=-1 2 3 12 -5 6 8 9 -6 -7 11 -11 -2 -14
right_child=1 -3 -4 4 5 7 -8 -9 -10 10 -12 -13 13 -15
leaf_value=0.13212547810748218 0.0018271138576248748 -0.19656943667393467 0.19226347020911902 0.1701420322170232 -0.17981333172051009 0.24655301148249281 -0.28247138544742484 -0.054378037719541916 0.14616398645564915 0.041090673605936608 -0.031012734473436415 0.29208365514372975 -0.28523411295747242 -0.019412735930390543
leaf_weight=89 7797 51 54 171 40 83 79 183 59 73 169 64 92 1796
leaf_count=89 7797 51 54 171 40 83 79 183 59 73 169 64 92 1796
internal_value=5.5887e-05 -0.00105374 -9.9995e-05 -0.00109744 0.0385283 0.00833377 -0.118437 0.0479213 0.0139749 0.0960627 0.0545732 0.15961 -0.00486926 -0.03251
internal_weight=10800 10711 10660 10606 921 750 178 572 99 389 306 137 9685 1888
internal_count=10800 10711 10660 10606 921 750 178 572 99 389 306 137 9685 1888
is_linear=0
shrinkage=0.05


end of trees

feature_importances:
consumo_alvo_semana_anterior=281
temperatura_externa_c_media_1440m=149
consumo_max_1440m=92
temperatura_externa_c_atual=84
origem_hora=76
umidade_relativa_pct_media_1440m=70
alvo_hora_cos=68
umidade_relativa_pct_atual=64
consumo_lag_10080m=63
consumo_alvo_dia_anterior=58
consumo_mean_1440m=51
temperatura_externa_c_lag_360m=47
origem_mes=47
consumo_max_180m=46
consumo_atual_kw=43
consumo_lag_360m=43
consumo_std_1440m=41
umidade_relativa_pct_media_360m=39
consumo_lag_1440m=36
temperatura_externa_c_lag_720m=35
alvo_hora_sin=32
temperatura_externa_c_lag_1440m=30
origem_dia_semana=30
origem_hora_sin=29
umidade_relativa_pct_lag_1440m=26
consumo_std_360m=22
consumo_max_60m=21
consumo_std_180m=19
consumo_max_360m=18
temperatura_externa_c_media_360m=18
consumo_lag_720m=17
temperatura_externa_c_media_180m=14
umidade_relativa_pct_media_180m=14
temperatura_externa_c_media_60m=13
umidade_relativa_pct_lag_360m=13
umidade_relativa_pct_lag_720m=13
consumo_lag_120m=12
consumo_min_60m=12
consumo_std_60m=11
temperatura_externa_c_lag_180m=11
umidade_relativa_pct_media_60m=11
consumo_lag_180m=10
consumo_lag_60m=9
consumo_mean_60m=8
umidade_relativa_pct_lag_180m=8
consumo_min_180m=7
temperatura_externa_c_lag_15m=6
umidade_relativa_pct_lag_15m=6
umidade_relativa_pct_lag_60m=6
origem_hora_cos=6
alvo_dia_semana=6
consumo_min_360m=5
consumo_lag_30m=4
temperatura_externa_c_lag_60m=4
origem_semana_sin=4
consumo_mean_180m=3
consumo_mean_360m=3
origem_semana_cos=2
alvo_semana_cos=2

parameters:
[boosting: gbdt]
[objective: regression]
[metric: l1]
[tree_learner: serial]
[device_type: cpu]
[data_sample_strategy: bagging]
[data: ]
[valid: ]
[num_iterations: 400]
[learning_rate: 0.05]
[num_leaves: 15]
[num_threads: 2]
[seed: 20260905]
[deterministic: 1]
[force_col_wise: 1]
[force_row_wise: 0]
[histogram_pool_size: -1]
[max_depth: -1]
[min_data_in_leaf: 40]
[min_sum_hessian_in_leaf: 0.001]
[bagging_fraction: 1]
[pos_bagging_fraction: 1]
[neg_bagging_fraction: 1]
[bagging_freq: 0]
[bagging_seed: 23218]
[bagging_by_query: 0]
[feature_fraction: 1]
[feature_fraction_bynode: 1]
[feature_fraction_seed: 28090]
[extra_trees: 0]
[extra_seed: 14360]
[early_stopping_round: 0]
[early_stopping_min_delta: 0]
[first_metric_only: 0]
[max_delta_step: 0]
[lambda_l1: 0]
[lambda_l2: 1]
[linear_lambda: 0]
[min_gain_to_split: 0]
[drop_rate: 0.1]
[max_drop: 50]
[skip_drop: 0.5]
[xgboost_dart_mode: 0]
[uniform_drop: 0]
[drop_seed: 16970]
[top_rate: 0.2]
[other_rate: 0.1]
[min_data_per_group: 100]
[max_cat_threshold: 32]
[cat_l2: 10]
[cat_smooth: 10]
[max_cat_to_onehot: 4]
[top_k: 20]
[monotone_constraints: ]
[monotone_constraints_method: basic]
[monotone_penalty: 0]
[feature_contri: ]
[forcedsplits_filename: ]
[refit_decay_rate: 0.9]
[cegb_tradeoff: 1]
[cegb_penalty_split: 0]
[cegb_penalty_feature_lazy: ]
[cegb_penalty_feature_coupled: ]
[path_smooth: 0]
[interaction_constraints: ]
[verbosity: -1]
[saved_feature_importance_type: 0]
[use_quantized_grad: 0]
[num_grad_quant_bins: 4]
[quant_train_renew_leaf: 0]
[stochastic_rounding: 1]
[linear_tree: 0]
[max_bin: 255]
[max_bin_by_feature: ]
[min_data_in_bin: 3]
[bin_construct_sample_cnt: 200000]
[data_random_seed: 5037]
[is_enable_sparse: 1]
[enable_bundle: 1]
[use_missing: 1]
[zero_as_missing: 0]
[feature_pre_filter: 1]
[pre_partition: 0]
[two_round: 0]
[header: 0]
[label_column: ]
[weight_column: ]
[group_column: ]
[ignore_column: ]
[categorical_feature: ]
[forcedbins_filename: ]
[precise_float_parser: 0]
[parser_config_file: ]
[objective_seed: 15411]
[num_class: 1]
[is_unbalance: 0]
[scale_pos_weight: 1]
[sigmoid: 1]
[boost_from_average: 1]
[reg_sqrt: 0]
[alpha: 0.9]
[fair_c: 1]
[poisson_max_delta_step: 0.7]
[tweedie_variance_power: 1.5]
[lambdarank_truncation_level: 30]
[lambdarank_norm: 1]
[label_gain: ]
[lambdarank_position_bias_regularization: 0]
[eval_at: ]
[multi_error_top_k: 1]
[auc_mu_weights: ]
[num_machines: 1]
[local_listen_port: 12400]
[time_out: 120]
[machine_list_filename: ]
[machines: ]
[gpu_platform_id: -1]
[gpu_device_id: -1]
[gpu_device_id_list: ]
[gpu_use_dp: 0]
[num_gpu: 1]

end of parameters

pandas_categorical:[]
