tree
version=v4
num_class=1
num_tree_per_iteration=1
label_index=0
max_feature_idx=65
objective=regression
feature_names=consumo_atual_kw consumo_lag_15m consumo_lag_30m consumo_lag_60m consumo_lag_120m consumo_lag_180m consumo_lag_360m consumo_lag_720m consumo_lag_1440m consumo_lag_10080m consumo_mean_60m consumo_min_60m consumo_max_60m consumo_std_60m consumo_mean_180m consumo_min_180m consumo_max_180m consumo_std_180m consumo_mean_360m consumo_min_360m consumo_max_360m consumo_std_360m consumo_mean_1440m consumo_min_1440m consumo_max_1440m consumo_std_1440m temperatura_externa_c_atual temperatura_externa_c_lag_15m temperatura_externa_c_lag_60m temperatura_externa_c_lag_180m temperatura_externa_c_lag_360m temperatura_externa_c_lag_720m temperatura_externa_c_lag_1440m temperatura_externa_c_media_60m temperatura_externa_c_media_180m temperatura_externa_c_media_360m temperatura_externa_c_media_1440m umidade_relativa_pct_atual umidade_relativa_pct_lag_15m umidade_relativa_pct_lag_60m umidade_relativa_pct_lag_180m umidade_relativa_pct_lag_360m umidade_relativa_pct_lag_720m umidade_relativa_pct_lag_1440m umidade_relativa_pct_media_60m umidade_relativa_pct_media_180m umidade_relativa_pct_media_360m umidade_relativa_pct_media_1440m origem_hora origem_dia_semana origem_fim_de_semana origem_mes origem_hora_sin origem_hora_cos origem_semana_sin origem_semana_cos alvo_hora alvo_dia_semana alvo_fim_de_semana alvo_mes alvo_hora_sin alvo_hora_cos alvo_semana_sin alvo_semana_cos consumo_alvo_dia_anterior consumo_alvo_semana_anterior
feature_infos=[22.399999999999999:324.71375799999998] [22.399999999999999:324.71375799999998] [22.399999999999999:324.71375799999998] [22.399999999999999:324.71375799999998] [22.399999999999999:324.71375799999998] [22.399999999999999:324.71375799999998] [22.399999999999999:324.71375799999998] [22.399999999999999:324.71375799999998] [22.399999999999999:324.71375799999998] [22.399999999999999:324.71375799999998] [22.399999999999999:321.24876725000001] [22.399999999999999:318.278571] [22.399999999999999:324.71375799999998] [0:82.540869055199337] [22.399999999999999:313.28577408333337] [22.399999999999999:302.53573799999998] [22.399999999999999:324.71375799999998] [0:92.970139865692389] [22.399999999999999:295.13563500000004] [22.399999999999999:249.29458700000001] [22.399999999999999:324.71375799999998] [0:116.53386463160022] [23.200000000000003:159.49963871874999] none [25.600000000000001:324.71375799999998] [1.3929144002343703:128.71471884334804] [15:33.700000000000003] [15:33.700000000000003] [15:33.700000000000003] [15:33.700000000000003] [15:33.700000000000003] [15:33.700000000000003] [15:33.700000000000003] [15:33.4375] [15:32.71875] [15.333333333333334:31.620833333333334] [16.439843749999998:27.283072916666669] [31:98] [31:98] [31:98] [31:98] [31:98] [31:98] [31:98] [32.5:95.625] [33.666666666666664:95.083333333333329] [37.041666666666664:94] [59.309895833333336:91.638020833333329] [0:23.75] [0:6] [0:1] [1:4] [-1:1] [-1:1] [-0.97492791218182362:0.97492791218182362] [-0.90096886790241903:1] [0:23.75] [0:6] [0:1] [1:4] [-1:1] [-1:1] [-0.97492791218182362:0.97492791218182362] [-0.90096886790241903:1] [22.399999999999999:324.71375799999998] [22.399999999999999:324.71375799999998]
tree_sizes=1384 1407 1404 1402 1398 1402 1416 1399 1406 1422 1415 1428 1431 1411 1417 1412 1405 1423 1412 1413 1407 1417 1408 1409 1411 1421 1428 1417 1423 1435 1413 1426 1420 1419 1409 1429 1413 1410 1419 1434 1416 1432 1417 1416 1431 1423 1423 1420 1427 1416 1428 1420 1421 1422 1442 1426 1437 1421 1422 1440 1425 1431 1426 1440 1420 1434 1443 1438 1429 1420 1441 1432 1425 1440 1440 1437 1427 1441 1447 1441 1440 1443 1444 1434 1446 1419 1444 1440 1428 1432 1445 1434 1422 1437 1443 1438 1444 1450 1427 1414 1451 1450 1439 1415 1430 1428 1430 1447 1440 1442 1426 1436 1442 1439 1453 1446

Tree=0
num_leaves=15
num_cat=0
split_feature=65 65 65 60 53 34 36 53 34 48 53 29 17 36
split_gain=8.93571e+07 9.63866e+06 3.35478e+06 306310 256145 229628 208018 180679 138622 84486.8 59724.5 51065.7 47497.7 33244
threshold=156.28901650000003 42.523274000000008 230.0338265 -0.8814490726585632 -0.32143946530316164 19.917708333333337 22.610416666666669 0.16280825711809005 19.983333333333338 6.3750000000000009 0.93540483100319638 20.337500000000002 2.4022257355649861e-05 18.395963541666671
decision_type=2 2 2 2 2 2 2 2 2 2 2 2 2 2
left_child=1 -1 4 11 -2 13 -5 -7 12 -10 -8 -3 -6 -4
right_child=2 3 5 6 8 7 10 -9 9 -11 -12 -13 -14 -15
leaf_value=103.88310517180115 109.41459723924918 109.04638174146517 113.63429954316881 107.19743623712203 112.2804186727258 113.29598685824681 108.24453064896616 116.05624983576524 113.55612074849009 112.49746945591447 109.57694436246192 110.43191863692468 111.04856418683144 114.9299624835465
leaf_weight=5446 66 143 89 639 212 69 735 1734 390 450 94 127 146 460
leaf_count=5446 66 143 89 639 212 69 735 1734 390 450 94 127 146 460
internal_value=108.144 104.918 114.554 108.16 112.47 115.671 107.875 115.954 112.637 112.995 108.397 109.704 111.788 114.73
internal_weight=10800 7184 3616 1738 1264 2352 1468 1803 1198 840 829 270 358 549
internal_count=10800 7184 3616 1738 1264 2352 1468 1803 1198 840 829 270 358 549
is_linear=0
shrinkage=1


Tree=1
num_leaves=15
num_cat=0
split_feature=65 65 65 53 60 34 36 53 36 48 31 48 29 36
split_gain=8.06559e+07 8.53496e+06 3.15247e+06 277817 253204 206941 188195 162574 127535 59261.5 54417.8 47649.9 35799.1 29825.7
threshold=151.48849750000002 42.523274000000008 230.0338265 -0.32143946530316164 -0.8814490726585632 19.917708333333337 22.610416666666669 0.16280825711809005 23.024739583333339 6.3750000000000009 24.487500000000004 6.3750000000000009 20.337500000000002 18.395963541666671
decision_type=2 2 2 2 2 2 2 2 2 2 2 2 2 2
left_child=1 -1 3 -2 12 13 -6 -7 9 -5 -8 -10 -3 -4
right_child=2 4 5 8 6 7 10 -9 11 -11 -12 -13 -14 -15
leaf_value=-4.0480283255005451 1.1755673426389694 0.87775654729400121 5.2186957634819882 4.2801921766055262 -0.90311427450050952 4.897928365979876 -0.064495541160961373 7.516726752729169 5.3451038833792888 3.2747962643118464 0.77929769025797835 4.3404467098048478 2.0780143990004358 6.4472614826194121
leaf_weight=5446 79 133 89 303 636 69 529 1734 261 339 298 304 120 460
leaf_count=5446 79 133 89 303 636 69 529 1734 261 339 298 304 120 460
internal_value=0.000198729 -3.0793 6.06187 4.06597 -0.00430827 7.15098 -0.257142 7.41928 4.25403 3.75522 0.24013 4.81317 1.45299 6.25795
internal_weight=10800 7162 3638 1286 1716 2352 1463 1803 1207 642 827 565 253 549
internal_count=10800 7162 3638 1286 1716 2352 1463 1803 1207 642 827 565 253 549
is_linear=0
shrinkage=0.05


Tree=2
num_leaves=15
num_cat=0
split_feature=65 65 65 60 53 33 36 53 34 48 53 29 17 36
split_gain=7.28081e+07 7.84957e+06 2.73032e+06 250022 208432 187763 169642 128536 118532 68631.5 51465.6 44528.9 41911.8 31367.3
threshold=156.28901650000003 42.523274000000008 230.0338265 -0.8814490726585632 -0.32143946530316164 19.996875000000003 22.610416666666669 0.16280825711809005 19.983333333333338 6.3750000000000009 0.93540483100319638 21.062500000000004 2.4022257355649861e-05 18.395963541666671
decision_type=2 2 2 2 2 2 2 2 2 2 2 2 2 2
left_child=1 -1 4 11 -2 13 -5 -7 12 -10 -8 -3 -6 -4
right_child=2 3 5 6 8 7 10 -9 9 -11 -12 -13 -14 -15
leaf_value=-3.8456637997922272 1.1499753436045861 1.0129270541205553 4.9606601799858945 -0.85542118601384576 3.7338327882435403 4.6659361685475993 0.086327614666926983 7.1583663544305667 4.8934717839331272 3.9389741615286953 1.323174907784713 2.469432135804059 2.5816642663916767 6.1794629752857535
leaf_weight=5446 66 198 89 639 212 61 735 1665 390 450 94 72 146 537
leaf_count=5446 66 198 89 639 212 61 735 1665 390 450 94 72 146 537
internal_value=0.000379648 -2.91214 5.78596 0.0135769 3.90647 6.79394 -0.24386 7.07303 4.05724 4.38743 0.227998 1.40901 3.27245 6.01437
internal_weight=10800 7184 3616 1738 1264 2352 1468 1726 1198 840 829 270 358 626
internal_count=10800 7184 3616 1738 1264 2352 1468 1726 1198 840 829 270 358 626
is_linear=0
shrinkage=0.05


Tree=3
num_leaves=15
num_cat=0
split_feature=65 65 65 60 53 53 34 36 34 31 48 17 29 36
split_gain=6.5718e+07 7.08482e+06 2.46383e+06 225824 188076 173151 160218 155460 107465 63294.3 55247.6 40545 40271.7 31098.6
threshold=156.28901650000003 42.523274000000008 230.0338265 -0.8814490726585632 -0.32143946530316164 0.16280825711809005 19.917708333333337 21.963281250000005 20.102083333333336 24.487500000000004 6.3750000000000009 2.4022257355649861e-05 21.062500000000004 18.395963541666671
decision_type=2 2 2 2 2 2 2 2 2 2 2 2 2 2
left_child=1 -1 4 12 -2 -4 13 -5 11 -9 -10 -6 -3 -7
right_child=2 3 5 7 8 6 -8 9 10 -11 -12 -13 -14 -15
leaf_value=-3.6534161837490107 1.0933347787430037 0.9625352196957 4.2862518959438685 -0.94447616338803919 3.5988809323126034 4.7153833389282225 6.7854542088577325 -0.14225322344923175 4.6914135230355569 0.72002859060222268 3.7927927860759554 2.5499551039256025 2.3476519107818605 5.9333293422575926
leaf_weight=5446 66 198 96 502 257 89 1734 651 356 315 419 166 72 433
leaf_count=5446 66 198 96 502 257 89 1734 651 356 315 419 166 72 433
internal_value=0.000543218 -2.76653 5.49721 0.0130141 3.71179 6.45473 6.54507 -0.231648 3.85501 0.139379 4.21109 3.19423 1.3392 5.73508
internal_weight=10800 7184 3616 1738 1264 2352 2256 1468 1198 966 775 423 270 522
internal_count=10800 7184 3616 1738 1264 2352 2256 1468 1198 966 775 423 270 522
is_linear=0
shrinkage=0.05


Tree=4
num_leaves=15
num_cat=0
split_feature=65 65 65 60 53 53 34 36 36 48 31 26 29 65
split_gain=5.93184e+07 6.39449e+06 2.22333e+06 203976 169710 155976 144331 140337 97924.8 77829 57377.1 38892.9 36857 29107.1
threshold=156.28901650000003 42.523274000000008 230.0338265 -0.8814490726585632 -0.32143946530316164 0.16280825711809005 19.917708333333337 21.963281250000005 20.71901041666667 6.3750000000000009 23.412500000000005 21.612500000000004 20.162500000000005 205.19334750000004
decision_type=2 2 2 2 2 2 2 2 2 2 2 2 2 2
left_child=1 -1 4 12 -2 -4 -7 -5 13 -10 -9 -11 -3 -6
right_child=2 3 5 7 8 6 -8 10 9 11 -12 -13 -14 -15
leaf_value=-3.4707787943910589 1.0394839357973924 0.70641910070684599 4.074148591031733 -0.89734624888207282 2.2020305512556391 5.4493487976249275 6.4463768049344559 -0.1935176631406029 4.3885376579558368 3.0342069785354031 0.5871628328767089 3.9565186491300319 1.8817764265720662 3.37207024372541
leaf_weight=5446 66 141 96 502 133 522 1734 563 445 286 403 231 129 103
leaf_count=5446 66 141 96 502 133 522 1734 563 445 286 403 231 129 103
internal_value=0.000686136 -2.62821 5.22286 0.012448 3.52682 6.13245 6.2182 -0.220079 3.66287 3.88995 0.13244 3.45315 1.27285 2.72476
internal_weight=10800 7184 3616 1738 1264 2352 2256 1468 1198 962 966 517 270 236
internal_count=10800 7184 3616 1738 1264 2352 2256 1468 1198 962 966 517 270 236
is_linear=0
shrinkage=0.05


Tree=5
num_leaves=15
num_cat=0
split_feature=65 65 65 53 60 53 34 36 36 36 65 53 48 36
split_gain=5.35426e+07 5.66192e+06 2.08884e+06 185287 167689 140488 130156 127743 95724.4 43808.1 44522.3 41617.8 31946.3 28974.9
threshold=151.48849750000002 42.523274000000008 230.0338265 -0.32143946530316164 -0.8814490726585632 0.16280825711809005 19.917708333333337 22.610416666666669 23.024739583333339 18.395963541666671 189.74486100000004 0.93540483100319638 6.3750000000000009 18.091406250000002
decision_type=2 2 2 2 2 2 2 2 2 2 2 2 2 2
left_child=1 -1 3 -2 -3 -4 13 -6 9 -5 -11 -9 -10 -7
right_child=2 4 5 8 7 6 -8 11 12 10 -12 -13 -14 -15
leaf_value=-3.2972716583425639 0.95456231329008012 1.1822091309947702 3.8725412270457475 1.5993219366613425 -0.7416969639104587 4.1787528632668893 6.124243813110704 0.073240305948242254 4.3873480785894037 2.517912235645333 3.4772786387332197 1.1907797250341863 3.564372955384802 5.3589691518379512
leaf_weight=5446 79 253 96 52 636 84 1734 734 261 197 393 93 304 438
leaf_count=5446 79 253 96 52 636 84 1734 734 261 197 393 93 304 438
internal_value=0.000802677 -2.50826 4.93963 3.31495 -0.00373613 5.82617 5.90755 -0.209492 3.46852 3.03788 3.16175 0.200199 3.95162 5.1774
internal_weight=10800 7162 3638 1286 1716 2352 2256 1463 1207 642 590 827 565 522
internal_count=10800 7162 3638 1286 1716 2352 2256 1463 1207 642 590 827 565 522
is_linear=0
shrinkage=0.05


Tree=6
num_leaves=15
num_cat=0
split_feature=65 65 65 60 53 33 36 53 34 0 48 29 17 21
split_gain=4.83323e+07 5.20756e+06 1.80914e+06 166471 138066 127942 116501 84390.9 82920.6 50574.1 46718.7 33934 30775.8 25894.8
threshold=156.28901650000003 42.523274000000008 230.0338265 -0.8814490726585632 -0.32143946530316164 19.978125000000002 21.963281250000005 0.16280825711809005 19.983333333333338 86.131610500000008 6.3750000000000009 21.062500000000004 2.4022257355649861e-05 1.4402954876835646e-05
decision_type=2 2 2 2 2 2 2 2 2 2 2 2 2 2
left_child=1 -1 4 11 -2 -4 -5 -7 12 -8 13 -3 -6 -10
right_child=2 3 5 6 8 7 9 -9 10 -11 -12 -13 -14 -15
leaf_value=-3.1324383387767836 0.94126971374029544 0.80448957925765363 4.8876323924526091 -0.81620504598672072 3.0459001514273631 3.8434228122234346 0.67186060385293755 5.8337507780977953 4.5061643288149469 -0.11560641705945751 3.2138368000344535 2.0745620257233921 2.0634232631345997 3.5912361080290505
leaf_weight=5446 66 198 619 502 212 63 291 1670 170 675 450 72 146 220
leaf_count=5446 66 198 619 502 212 63 291 1670 170 675 450 72 146 220
internal_value=0.000921992 -2.37208 4.71477 0.0109366 3.18484 5.53528 -0.199127 5.76365 3.30755 0.122061 3.58342 1.14958 2.65209 4.00056
internal_weight=10800 7184 3616 1738 1264 2352 1468 1733 1198 966 840 270 358 390
internal_count=10800 7184 3616 1738 1264 2352 1468 1733 1198 966 840 270 358 390
is_linear=0
shrinkage=0.05


Tree=7
num_leaves=15
num_cat=0
split_feature=65 65 65 60 53 33 36 36 53 52 36 64 33 29
split_gain=4.36257e+07 4.70015e+06 1.6322e+06 150366 124601 118167 108620 77236.6 51564.7 46369.5 42565.3 39660.4 38129.1 31065.3
threshold=156.28901650000003 42.523274000000008 230.0338265 -0.8814490726585632 -0.32143946530316164 20.756250000000005 23.424218750000005 23.152734374999998 0.16280825711809005 0.98611507088852057 18.395963541666671 190.75086450000001 19.978125000000002 20.337500000000002
decision_type=2 2 2 2 2 2 2 2 2 2 2 2 2 2
left_child=1 -1 4 13 -2 9 12 11 -7 10 -4 -6 -5 -3
right_child=2 3 5 6 7 8 -8 -9 -10 -11 -12 -13 -14 -15
leaf_value=-2.9758451595905182 0.89490865629110772 0.5809859963717624 3.7612329843309191 -0.97210470049146136 2.4707563700106441 3.6251349239814576 0.37420352516926536 3.6097378558252231 5.6308977509704405 3.3025682348954053 5.027388419523608 3.290926370130697 -0.29090154939540741 1.6597000010558987
leaf_weight=5446 66 143 89 307 426 40 540 520 1315 56 852 252 621 127
leaf_count=5446 66 143 89 307 426 40 540 520 1315 56 852 252 621 127
internal_value=0.00102133 -2.25348 4.47948 0.010465 3.02628 5.25882 -0.18918 3.14286 5.5744 4.82477 4.91176 2.78 -0.51706 1.09263
internal_weight=10800 7184 3616 1738 1264 2352 1468 1198 1355 997 941 678 928 270
internal_count=10800 7184 3616 1738 1264 2352 1468 1198 1355 997 941 678 928 270
is_linear=0
shrinkage=0.05


Tree=8
num_leaves=15
num_cat=0
split_feature=65 65 65 53 60 33 33 36 31 53 52 36 48 52
split_gain=3.93777e+07 4.16184e+06 1.53419e+06 136698 123000 106557 98916.9 74005.2 57844.6 46281 41686.6 38273 37889 30566.2
threshold=151.48849750000002 42.523274000000008 230.0338265 -0.32143946530316164 -0.8814490726585632 20.756250000000005 20.184375000000003 23.152734374999998 23.412500000000005 0.16280825711809005 0.98611507088852057 18.395963541666671 6.3750000000000009 0.35206144883412582
decision_type=2 2 2 2 2 2 2 2 2 2 2 2 2 2
left_child=1 -1 3 -2 -3 10 -6 12 -8 -7 11 -4 -5 -11
right_child=2 4 5 7 6 9 8 -9 -10 13 -12 -13 -14 -15
leaf_value=-2.8270802091147149 0.81682126849889769 1.0123479859566125 3.5752607303195534 3.0342687769781187 -0.86520266731195061 3.4482992125720515 -0.20435266631987439 3.4299293455742159 0.5611923961544224 5.055963721230766 3.1403368832772238 4.7763136399728614 2.2612628686039344 5.6208907945421007
leaf_weight=5446 79 253 89 315 386 40 696 525 381 641 56 852 367 674
leaf_count=5446 79 253 89 315 386 40 696 525 381 641 56 852 367 674
internal_value=0.0011091 -2.15062 4.23656 2.84418 -0.00335198 4.99634 -0.179571 2.97609 0.0667363 5.29603 4.58414 4.66663 2.62222 5.34957
internal_weight=10800 7162 3638 1286 1716 2352 1463 1207 1077 1355 997 941 682 1315
internal_count=10800 7162 3638 1286 1716 2352 1463 1207 1077 1355 997 941 682 1315
is_linear=0
shrinkage=0.05


Tree=9
num_leaves=15
num_cat=0
split_feature=65 65 65 36 53 53 36 36 60 60 48 29 33 27
split_gain=3.55478e+07 3.82741e+06 1.32952e+06 122735 110795 99583.8 92735.2 71144.4 61383.9 54155.4 52357.8 38806.5 30796.9 28091.8
threshold=156.28901650000003 42.523274000000008 228.288329 23.424218750000005 0.16280825711809005 -0.32143946530316164 22.950130208333338 20.71901041666667 -0.8814490726585632 -0.8814490726585632 6.3750000000000009 18.512500000000003 19.978125000000002 21.487500000000004
decision_type=2 2 2 2 2 2 2 2 2 2 2 2 2 2
left_child=1 -1 5 8 -4 -2 11 -7 -3 -5 -9 -6 -10 -12
right_child=2 3 4 9 6 7 -8 10 12 -11 13 -13 -14 -15
leaf_value=-2.6857521712637746 0.81059958143020749 0.58629637736225537 3.1094645738601687 1.5585009290022893 3.7380965547128158 2.0104322714576557 5.1676849866226515 3.4268324227368532 -0.88053757086420414 0.34471464376628069 2.2843035113767503 4.6213339708099808 -0.26829963354103742 3.0600956383298659
leaf_weight=5446 66 160 107 110 175 228 1065 436 307 540 270 1026 621 243
leaf_count=5446 66 160 107 110 175 228 1065 436 307 540 270 1026 621 243
internal_value=0.00120561 -2.03389 4.04383 0.00907993 4.73824 2.71538 4.81375 2.82141 -0.315605 0.552203 3.01393 4.49585 -0.471569 2.65702
internal_weight=10800 7184 3616 1738 2373 1243 2266 1177 1088 650 949 1201 928 513
internal_count=10800 7184 3616 1738 2373 1243 2266 1177 1088 650 949 1201 928 513
is_linear=0
shrinkage=0.05


Tree=10
num_leaves=15
num_cat=0
split_feature=65 65 65 60 53 53 26 36 36 48 52 53 26 29
split_gain=3.20863e+07 3.45441e+06 1.19974e+06 110829 99839.3 89859.2 85085.2 82249.7 64210 47234.2 33189.9 30183.5 36450.8 26945
threshold=156.28901650000003 42.523274000000008 228.288329 -0.8814490726585632 0.16280825711809005 -0.32143946530316164 19.012500000000003 23.424218750000005 20.71901041666667 6.3750000000000009 -0.13052619222005171 0.93540483100319638 19.512500000000003 21.062500000000004
decision_type=2 2 2 2 2 2 2 2 2 2 2 2 2 2
left_child=1 -1 5 13 -4 -2 -6 11 -7 -10 -8 12 -5 -3
right_child=2 3 4 7 6 8 10 -9 9 -11 -12 -13 -14 -15
leaf_value=-2.5514891813364691 0.77067453149400322 0.63091892944508465 2.9554309094393698 -1.1296004379003803 3.931564234014143 1.9103496172022092 4.3610679373556733 0.32751077347212987 3.2558829085786294 2.5246912874600302 4.8873637900765488 0.3519358167761848 -0.35812824046549196 1.7612647409308448
leaf_weight=5446 66 198 107 203 455 228 542 540 436 513 1269 104 621 72
leaf_count=5446 66 198 107 203 455 228 542 540 436 513 1269 104 621 72
internal_value=0.0012698 -1.93221 3.84203 0.00866448 4.50168 2.58008 4.57336 -0.162735 2.6808 2.8637 4.73235 -0.448053 -0.549326 0.937731
internal_weight=10800 7184 3616 1738 2373 1243 2266 1468 1177 949 1811 928 824 270
internal_count=10800 7184 3616 1738 2373 1243 2266 1468 1177 949 1811 928 824 270
is_linear=0
shrinkage=0.05


Tree=11
num_leaves=15
num_cat=0
split_feature=65 65 65 36 53 36 53 36 60 14 48 36 53 26
split_gain=2.89615e+07 3.11778e+06 1.0832e+06 100642 94783.7 81337.4 79652.5 67111.9 49442.9 48720 41801.7 34524.2 27257.1 32942.2
threshold=156.28901650000003 42.523274000000008 226.40983100000003 23.424218750000005 0.16280825711809005 20.302864583333335 -0.32143946530316164 20.172395833333336 -0.8814490726585632 88.806107750000038 6.3750000000000009 22.950130208333338 0.93540483100319638 19.712500000000002
decision_type=2 2 2 2 2 2 2 2 2 2 2 2 2 2
left_child=1 -1 6 8 -4 -6 -2 -8 -3 -5 -9 -7 13 -10
right_child=2 3 4 9 5 11 7 10 12 -11 -12 -13 -14 -15
leaf_value=-2.4239382539164023 0.73271594634696624 0.52370740686838302 2.8204025346657327 1.0091086661477229 3.5243887770665836 4.2071623969078065 1.5128075219741486 3.0361609519555652 -1.0664925129367757 0.13212538935553705 2.3695003492988813 4.6704593915137176 0.33450660824775702 -0.33782926150009907
leaf_weight=5446 66 160 115 272 291 919 146 463 207 378 547 1069 104 617
leaf_count=5446 66 160 115 272 291 919 146 463 207 378 547 1069 104 617
internal_value=0.00131566 -1.8356 3.65027 0.0082768 4.26901 4.34083 2.4356 2.53211 -0.285738 0.500096 2.67781 4.45851 -0.425711 -0.52195
internal_weight=10800 7184 3616 1738 2394 2279 1222 1156 1088 650 1010 1988 928 824
internal_count=10800 7184 3616 1738 2394 2279 1222 1156 1088 650 1010 1988 928 824
is_linear=0
shrinkage=0.05


Tree=12
num_leaves=15
num_cat=0
split_feature=65 65 65 53 53 36 36 36 14 48 36 60 27 32
split_gain=2.61415e+07 2.76048e+06 1.01879e+06 87978.3 85420.9 85177.8 73337.3 62093.2 58797.4 37271.1 31344.4 27989.2 25315.5 23973.7
threshold=151.48849750000002 42.523274000000008 226.40983100000003 -0.32143946530316164 0.16280825711809005 22.301041666666666 20.302864583333335 20.172395833333336 88.806107750000038 6.3750000000000009 23.214062500000004 -0.8814490726585632 21.487500000000004 23.012500000000003
decision_type=2 2 2 2 2 2 2 2 2 2 2 2 2 2
left_child=1 -1 3 -2 -4 11 -6 -5 -7 -9 -8 -3 -11 -12
right_child=2 5 4 7 6 8 10 9 -10 12 13 -13 -14 -15
leaf_value=-2.3027635665733879 0.66365871466696269 0.34909612182893007 2.6805981245534176 1.4213698227562617 3.3487727759635613 0.76935641886407069 4.0139272618964013 2.8757096551518586 -0.014392850664444269 1.9277875376682656 4.6020010261684083 -0.54633506660629816 2.6333043240160348 3.9241574926035749
leaf_weight=5446 79 101 115 147 291 394 995 465 607 305 770 614 248 223
leaf_count=5446 79 101 115 147 291 394 995 465 607 305 770 614 248 223
internal_value=0.00134729 -1.75184 3.45231 2.28846 4.05587 -0.00305377 4.12406 2.39798 0.294556 2.53746 4.23581 -0.419537 2.24837 4.45388
internal_weight=10800 7162 3638 1244 2394 1716 2279 1165 1001 1018 1988 715 553 993
internal_count=10800 7162 3638 1244 2394 1716 2279 1165 1001 1018 1988 715 553 993
is_linear=0
shrinkage=0.05


Tree=13
num_leaves=15
num_cat=0
split_feature=65 65 65 60 33 53 33 21 31 36 48 2 48 48
split_gain=2.3598e+07 2.53902e+06 882309 85930.3 71616.9 68433.7 65027.9 50063.1 40521.5 39881.5 32950.2 30403.3 29832.2 23767.4
threshold=156.28901650000003 42.523274000000008 230.0338265 -0.8814490726585632 20.756250000000005 -0.097964660725097366 20.190625000000004 1.4305838189958214e-05 24.487500000000004 20.237630208333339 5.3750000000000009 69.10047950000002 5.3750000000000009 21.375000000000004
decision_type=2 2 2 2 2 2 2 2 2 2 2 2 2 2
left_child=1 -1 5 -3 12 11 -5 -7 -8 -9 -6 -2 -4 -12
right_child=2 3 4 6 10 7 8 9 -10 -11 13 -13 -14 -15
leaf_value=-2.1876464598634517 1.8593468373052535 0.82531402614723715 3.7338157325053114 -0.68846036526642951 4.3385896677916636 2.9861254198482623 -0.12918112567136966 1.1683240553428387 0.56060593521076263 2.3570081748613498 2.5549478403727215 0.66393927751637216 3.1042635475930993 3.8892466022593766
leaf_weight=5446 309 270 672 398 790 312 778 86 292 491 44 66 325 521
leaf_count=5446 309 270 672 398 790 312 778 86 292 491 44 66 325 521
internal_value=0.00140193 -1.65672 3.29518 0.00723971 3.86818 2.22674 -0.143683 2.46736 0.0594075 2.18217 4.11282 1.65128 3.53191 3.79003
internal_weight=10800 7184 3616 1738 2352 1264 1468 889 1070 577 1355 375 997 565
internal_count=10800 7184 3616 1738 2352 1264 1468 889 1070 577 1355 375 997 565
is_linear=0
shrinkage=0.05


Tree=14
num_leaves=15
num_cat=0
split_feature=65 65 65 60 53 36 36 34 48 9 36 31 30 32
split_gain=2.13043e+07 2.37747e+06 730200 87862.6 70631.7 62385.2 62086.5 60963.9 31442 29313.2 26222.1 25141.6 23474 21319.6
threshold=162.68421800000002 42.523274000000008 226.40983100000003 -0.8814490726585632 0.16280825711809005 20.302864583333335 24.022526041666669 20.211458333333336 6.3750000000000009 73.362583000000015 22.950130208333338 19.762500000000003 19.487500000000004 23.012500000000003
decision_type=2 2 2 2 2 2 2 2 2 2 2 2 2 2
left_child=1 -1 7 12 -4 -6 11 8 -2 -9 -7 -5 -3 -12
right_child=2 3 4 6 5 10 -8 9 -10 -11 13 -13 -14 -15
leaf_value=-2.0782842931297476 2.1336274046209915 -0.058578436332754794 2.4119022846221925 -0.78340253004057692 3.0100441377456875 3.6083136419368831 0.36791094660060347 2.6850200247764588 1.2743511035066999 2.0169966212226083 4.1410300424187065 -0.20568648286965746 1.0245049373683408 3.5232120805773244
leaf_weight=5446 200 63 115 246 291 919 435 439 243 296 838 798 240 231
leaf_count=5446 200 63 115 246 291 919 435 439 243 296 838 798 240 231
internal_value=0.00144769 -1.55965 3.1599 0.0256433 3.66183 3.72381 -0.133402 2.13762 1.66622 2.4191 3.82673 -0.342434 0.799857 4.01094
internal_weight=10800 7228 3572 1782 2394 2279 1479 1178 443 735 1988 1044 303 1069
internal_count=10800 7228 3572 1782 2394 2279 1479 1178 443 735 1988 1044 303 1069
is_linear=0
shrinkage=0.05


Tree=15
num_leaves=15
num_cat=0
split_feature=65 65 65 60 53 26 36 34 9 52 64 45 35 48
split_gain=1.92302e+07 2.14626e+06 659008 76827.1 63664.2 57085.4 55306.2 55045.3 33080.7 28376.3 26462.1 22264.1 22212.3 21973.8
threshold=162.68421800000002 63.145266500000005 226.40983100000003 -0.8814490726585632 0.16280825711809005 19.012500000000003 21.850390625000006 19.983333333333338 75.408333500000012 0.35206144883412582 229.38491700000003 81.302083333333357 21.369270833333339 6.3750000000000009
decision_type=2 2 2 2 2 2 2 2 2 2 2 2 2 2
left_child=1 -1 7 12 -4 -6 -5 13 -8 -7 -9 -11 -3 -2
right_child=2 3 4 6 5 9 8 10 -10 11 -12 -13 -14 -15
leaf_value=-1.9704138393614841 1.9584276436231076 0.47125933243058871 2.2923467683381049 -0.55819225609125311 3.0201612803442726 3.4287683791858705 0.52027426085637574 2.1607991300874252 -0.09970190378267374 4.2110349301155914 3.1654813619760369 3.6576657721910224 1.4001214008342397 1.1548985610357145
leaf_weight=5468 155 210 115 472 463 820 316 742 669 360 77 636 93 204
leaf_count=5468 155 210 115 472 463 820 316 742 669 360 77 636 93 204
internal_value=0.00148212 -1.48168 3.00225 0.0369954 3.47908 3.53793 -0.113785 2.03109 0.0995199 3.66821 2.259 3.8617 0.760023 1.5063
internal_weight=10800 7228 3572 1760 2394 2279 1457 1178 985 1816 819 996 303 359
internal_count=10800 7228 3572 1760 2394 2279 1457 1178 985 1816 819 996 303 359
is_linear=0
shrinkage=0.05


Tree=16
num_leaves=15
num_cat=0
split_feature=65 65 65 60 64 33 33 30 31 48 29 48 30 48
split_gain=1.73582e+07 1.9383e+06 594880 71522.4 56322.1 55634.2 53217.2 41515.5 31378.1 29133.6 26195.1 25804.5 20467.4 18813.7
threshold=162.68421800000002 42.523274000000008 230.0338265 -0.8814490726585632 229.38491700000003 20.756250000000005 20.046875000000004 19.962500000000002 23.412500000000005 6.3750000000000009 18.425000000000001 5.3750000000000009 19.487500000000004 5.3750000000000009
decision_type=2 2 2 2 2 2 2 2 2 2 2 2 2 2
left_child=1 -1 4 12 7 10 -5 -2 -8 -9 -4 -7 -3 -12
right_child=2 3 5 6 -6 11 8 9 -10 -11 13 -13 -14 -15
leaf_value=-1.8758865363448614 1.1649642313598958 -0.078890084195882088 2.4175189397488421 -0.63994011361717296 3.1578141336855681 3.73173119657109 -0.14274847071111493 2.3339867392135543 0.41306367673892147 1.7526897508657659 3.3213605613795929 3.2486821542780309 0.9321050259087591 2.7623110419732555
leaf_weight=5446 188 63 170 368 91 790 720 381 391 560 558 565 240 269
leaf_count=5446 188 63 170 368 91 790 720 381 391 560 558 565 240 269
internal_value=0.00152287 -1.40759 2.85249 0.0238081 1.95376 3.31764 -0.119688 1.854 0.0530569 1.99028 3.0219 3.53286 0.72233 3.14307
internal_weight=10800 7228 3572 1782 1220 2352 1479 1129 1111 941 997 1355 303 827
internal_count=10800 7228 3572 1782 1220 2352 1479 1129 1111 941 997 1355 303 827
is_linear=0
shrinkage=0.05


Tree=17
num_leaves=15
num_cat=0
split_feature=65 65 65 53 36 53 36 36 36 14 60 36 65 53
split_gain=1.56686e+07 1.65327e+06 611474 60986.2 58973.7 54812.6 48327.1 44657.6 26614 25920.5 24804.2 24144.3 22584.9 22249.3
threshold=151.48849750000002 42.523274000000008 226.40983100000003 -0.32143946530316164 23.424218750000005 0.16280825711809005 22.950130208333338 22.79322916666667 18.395963541666671 93.543555791666691 -0.8814490726585632 18.395963541666671 189.74486100000004 0.93540483100319638
decision_type=2 2 2 2 2 2 2 2 2 2 2 2 2 2
left_child=1 -1 3 -2 10 -4 8 11 -7 -6 -3 -5 -13 -12
right_child=2 4 5 7 9 6 -8 -9 -10 -11 13 12 -14 -15
leaf_value=-1.7821095041688571 0.42105433225631717 0.36765903699398045 2.0418183982821887 0.45568216936852868 0.73877368592072989 2.0859428554111057 3.4489672782265139 2.1685575111500373 3.0368742226173109 0.098299595710561904 -0.41220919987048737 1.1634108038153499 1.8747431738623257 0.36803173584845461
leaf_weight=5446 79 149 115 48 278 89 1069 595 1121 365 822 175 347 102
leaf_count=5446 79 149 115 48 278 89 1069 595 1121 365 822 175 347 102
internal_value=0.00155084 -1.35575 2.67326 1.7716 -0.00238587 3.14086 3.1954 1.86274 2.96871 0.375925 -0.229229 1.54028 1.63895 -0.325774
internal_weight=10800 7162 3638 1244 1716 2394 2279 1165 1210 643 1073 570 522 924
internal_count=10800 7162 3638 1244 1716 2394 2279 1165 1210 643 1073 570 522 924
is_linear=0
shrinkage=0.05


Tree=18
num_leaves=15
num_cat=0
split_feature=65 65 65 36 53 28 36 48 60 60 52 45 20 24
split_gain=1.41469e+07 1.57788e+06 484173 59362.8 49400.9 45021.6 44563.9 37459.2 28388.4 25925.1 21812.3 25069.9 21100.9 20485.6
threshold=162.68421800000002 63.145266500000005 226.40983100000003 23.64283854166667 0.16280825711809005 21.712500000000002 20.302864583333335 6.3750000000000009 -0.8814490726585632 -0.8814490726585632 0.35206144883412582 81.302083333333357 123.68183300000001 290.03840000000008
decision_type=2 2 2 2 2 2 2 2 2 2 2 2 2 2
left_child=1 -1 5 9 -4 7 -6 -2 -5 -3 -8 13 -7 -12
right_child=2 3 4 8 6 12 10 -9 -10 -11 11 -13 -14 -15
leaf_value=-1.6896196970841115 1.8886772135836247 0.35705588020302437 1.94060754791416 1.0967989205950646 2.4343103947704789 2.7179491448023967 2.9131038770412307 1.172290081815955 0.25172423150235756 -0.29537616520542354 3.8738350504094905 3.1004113110294687 1.91530825825114 2.8904718312350188
leaf_weight=5468 346 181 115 122 291 125 850 404 523 934 274 777 303 87
leaf_count=5468 346 181 115 122 291 125 850 404 523 934 274 777 303 87
internal_value=0.00154778 -1.27056 2.57532 0.0315827 2.98404 1.74289 3.03581 1.50486 0.413018 -0.189241 3.12259 3.27637 2.15551 3.64549
internal_weight=10800 7228 3572 1760 2394 1178 2279 750 645 1115 1988 1138 428 361
internal_count=10800 7228 3572 1760 2394 1178 2279 750 645 1115 1988 1138 428 361
is_linear=0
shrinkage=0.05


Tree=19
num_leaves=15
num_cat=0
split_feature=65 65 65 36 34 36 48 53 60 31 60 36 47 52
split_gain=1.277e+07 1.42493e+06 436989 54504 46494.8 41591.2 30040.6 29890.5 26103.9 25761.1 25232.5 24259 23329.9 19201.2
threshold=162.68421800000002 42.523274000000008 226.40983100000003 23.424218750000005 21.587500000000002 20.172395833333336 6.3750000000000009 0.16280825711809005 -0.8814490726585632 18.512500000000003 -0.8814490726585632 18.091406250000002 78.559895833333357 0.35206144883412582
decision_type=2 2 2 2 2 2 2 2 2 2 2 2 2 2
left_child=1 -1 5 9 7 12 -7 -4 -5 -3 -11 -9 -2 -13
right_child=2 3 4 8 -6 6 -8 11 -10 10 -12 13 -14 -15
leaf_value=-1.6085548961843203 -0.15181772810202548 -0.88681693404912965 1.6856398993038706 1.0275942512221634 3.1070561898817308 2.0768199268631315 1.5211127044012152 1.8355157291187962 0.22613883597092643 0.46430809551151475 -0.22131334397570643 2.485376339952257 1.2434623024911964 2.9213311840145635
leaf_weight=5446 40 119 83 124 982 459 563 84 548 159 832 468 116 777
leaf_count=5446 40 119 83 124 982 459 563 84 548 159 832 468 116 777
internal_value=0.00158407 -1.20704 2.4469 0.0202562 2.83519 1.65607 1.77248 2.64406 0.375334 -0.194854 -0.110952 2.7026 0.88701 2.75958
internal_weight=10800 7228 3572 1782 2394 1178 1022 1412 672 1110 991 1329 156 1245
internal_count=10800 7228 3572 1782 2394 1178 1022 1412 672 1110 991 1329 156 1245
is_linear=0
shrinkage=0.05


Tree=20
num_leaves=15
num_cat=0
split_feature=65 65 65 60 64 33 27 48 35 9 48 48 30 32
split_gain=1.15273e+07 1.30958e+06 376737 57535.6 44199.7 43484.3 41038.9 31599.2 27780.9 24904.6 21976.5 18788.5 18107.2 17821
threshold=164.68652700000004 63.145266500000005 230.0338265 -0.8814490726585632 229.38491700000003 20.046875000000004 20.487500000000004 6.3750000000000009 18.818750000000005 75.408333500000012 5.3750000000000009 5.3750000000000009 19.487500000000004 22.012500000000003
decision_type=2 2 2 2 2 2 2 2 2 2 2 2 2 2
left_child=1 -1 4 12 7 -5 11 -2 -9 13 -8 -4 -3 -7
right_child=2 3 6 5 -6 9 10 8 -10 -11 -12 -13 -14 -15
leaf_value=-1.5250161756891987 1.8348802088680913 -0.10762326235954578 2.5973243663204801 -0.57428653049541434 2.6755311499471253 0.18489474107586379 3.0591500900044286 0.42786156648681284 1.4152109673885556 -0.087988005850705958 2.6295183057317866 2.0897042740186058 0.83110460669049646 1.0113982544447246
leaf_weight=5468 471 64 650 359 91 210 812 83 553 800 591 299 255 94
leaf_count=5468 471 64 650 359 91 210 812 83 553 800 591 299 255 94
internal_value=0.0015777 -1.14145 2.3356 0.0356934 1.61149 -0.0970805 2.70358 1.52169 1.28723 0.0584771 2.88017 2.43976 0.643023 0.442936
internal_weight=10800 7250 3550 1782 1198 1463 2352 1107 636 1104 1403 949 319 304
internal_count=10800 7250 3550 1782 1198 1463 2352 1107 636 1104 1403 949 319 304
is_linear=0
shrinkage=0.05


Tree=21
num_leaves=15
num_cat=0
split_feature=65 65 65 64 60 26 29 48 35 9 26 48 21 29
split_gain=1.04049e+07 1.1829e+06 341061 66624.4 53364 40653.1 40108.9 28252.9 24750.8 24270.3 23406.2 21305.7 18367 17348.8
threshold=164.68652700000004 42.523274000000008 236.31513200000003 229.38491700000003 -0.8814490726585632 20.012500000000003 18.762500000000003 6.3750000000000009 18.818750000000005 75.408333500000012 22.987500000000004 5.3750000000000009 1.4402954876835646e-05 21.062500000000004
decision_type=2 2 2 2 2 2 2 2 2 2 2 2 2 2
left_child=1 -1 3 7 13 -6 -4 -2 -9 -7 11 -8 -12 -3
right_child=2 4 6 -5 5 9 10 8 -10 -11 12 -13 -14 -15
leaf_value=-1.4519050925898951 1.7279758360274666 0.37331491945344109 1.8658086838929551 2.4840845203932442 -0.55585018721147916 0.43857420258097729 2.7108248100995591 0.40672316505085854 1.3368227115434994 -0.089940471817893025 3.7598690986633301 2.3120106419695703 2.8279509785750232 1.18708898441125
leaf_weight=5446 492 227 183 178 368 294 1113 83 571 823 81 568 281 92
leaf_count=5446 492 227 183 178 368 294 1113 83 571 823 81 568 281 92
internal_value=0.00157499 -1.08438 2.21905 1.58141 0.0253046 -0.100835 2.59744 1.43916 1.21958 0.0494351 2.66203 2.57752 3.04626 0.610985
internal_weight=10800 7250 3550 1324 1804 1485 2226 1146 654 1117 2043 1681 362 319
internal_count=10800 7250 3550 1324 1804 1485 2226 1146 654 1117 2043 1681 362 319
is_linear=0
shrinkage=0.05


Tree=22
num_leaves=15
num_cat=0
split_feature=65 65 65 64 36 29 30 31 26 65 48 48 21 44
split_gain=9.39234e+06 1.04823e+06 321337 62423.4 42936.7 36229.4 28307.1 21932.8 21441.4 19549.5 19089.9 17625.7 16654.8 16133
threshold=162.68421800000002 42.523274000000008 236.31513200000003 227.91342300000005 23.663020833333334 18.512500000000003 19.962500000000002 19.712500000000002 22.987500000000004 118.805513 5.3750000000000009 6.3750000000000009 1.4402954876835646e-05 83.093750000000014
decision_type=2 2 2 2 2 2 2 2 2 2 2 2 2 2
left_child=1 -1 3 6 7 -4 13 -3 10 -6 -7 -8 -10 -2
right_child=2 4 5 -5 9 8 11 -9 12 -11 -12 -13 -14 -15
leaf_value=-1.3793231099554 -0.041439915416033375 -0.55565037104290915 1.7488817997750521 2.3369019300379654 0.14807029303305885 2.5723952902472669 1.7228168506117969 -0.04246495519558114 3.5741681354801829 0.7346212541335263 2.1957173184630334 1.2776134928517906 2.6870547996345144 1.0387708696159157
leaf_weight=5446 45 272 172 187 417 1122 389 878 81 215 570 578 281 147
leaf_count=5446 45 272 172 187 417 1122 389 878 81 215 570 578 281 147
internal_value=0.00158576 -1.03495 2.09873 1.48686 0.0176962 2.46787 1.34782 -0.164222 2.5272 0.348454 2.44687 1.4583 2.89485 0.786694
internal_weight=10800 7228 3572 1346 1782 2226 1159 1150 2054 632 1692 967 362 192
internal_count=10800 7228 3572 1346 1782 2226 1159 1150 2054 632 1692 967 362 192
is_linear=0
shrinkage=0.05


Tree=23
num_leaves=15
num_cat=0
split_feature=65 65 65 53 31 53 36 26 43 36 3 44 24 60
split_gain=8.48011e+06 893521 329266 41245.8 36023.3 35538.1 32405.1 31315.4 21337.2 19296.1 18681.6 20275.8 22810.7 16243.1
threshold=151.48849750000002 63.145266500000005 226.40983100000003 -0.32143946530316164 21.712500000000002 0.16280825711809005 23.249348958333339 19.012500000000003 82.875000000000014 18.395963541666671 77.743842000000015 82.968750000000014 290.03840000000008 -0.8814490726585632
decision_type=2 2 2 2 2 2 2 2 2 2 2 2 2 2
left_child=1 -1 3 -2 -3 -4 9 -7 -8 -5 11 12 -9 -6
right_child=2 4 5 6 13 7 8 10 -10 -11 -12 -13 -14 -15
leaf_value=-1.307740463805517 0.19710185115691276 -0.25421866791783482 1.4302935637533665 0.18398529388466661 0.67498747014683813 1.9735956047115655 1.3997952546270092 2.948326280475718 2.0885313635890923 1.2278891209964677 2.0909014233521055 2.3679237977623537 2.1725632933014674 0.11821188769471742
leaf_weight=5468 79 743 115 48 156 463 278 451 205 634 335 890 140 795
leaf_count=5468 79 743 115 48 156 463 278 451 205 634 335 890 140 795
internal_value=0.00158986 -0.996943 1.9671 1.30544 0.00644897 2.31023 1.38036 2.35399 1.69583 1.15479 2.44983 2.52955 2.76854 0.210157
internal_weight=10800 7162 3638 1244 1694 2394 1165 2279 483 682 1816 1481 591 951
internal_count=10800 7162 3638 1244 1694 2394 1165 2279 483 682 1816 1481 591 951
is_linear=0
shrinkage=0.05


Tree=24
num_leaves=15
num_cat=0
split_feature=65 65 65 64 60 34 28 48 35 31 29 22 47 42
split_gain=7.65793e+06 868635 250857 51054.8 43481.4 33939.2 31021 23405 20882.9 19901.3 18402.8 16989.7 15997.1 15802.9
threshold=164.68652700000004 42.523274000000008 236.31513200000003 231.24862100000004 -0.8814490726585632 20.001041666666669 21.262500000000003 6.3750000000000009 21.735416666666669 24.487500000000004 18.425000000000001 134.27631088020837 78.209635416666671 73.125000000000014
decision_type=2 2 2 2 2 2 2 2 2 2 2 2 2 2
left_child=1 -1 3 7 13 -6 10 -2 -9 -7 12 -8 -4 -3
right_child=2 4 6 -5 5 9 11 8 -10 -11 -12 -13 -14 -15
leaf_value=-1.2449946146307243 1.496280396546056 1.4088685858184877 0.6521465272438236 2.1682024749398927 -0.4963774982077393 -0.087753958309667909 2.8915597648184921 0.75262441527524804 1.3217583304076839 0.37991004532734024 2.1365201777752993 2.3334681807823903 1.826939043451528 0.40380298105678103
leaf_weight=5446 498 45 40 170 385 780 196 331 325 320 1128 741 121 274
leaf_count=5446 498 45 40 170 385 780 196 331 325 320 1128 741 121 274
internal_value=0.00159052 -0.930054 1.90397 1.35711 0.0208683 -0.0929922 2.22848 1.23585 1.03617 0.0485152 2.06338 2.45317 1.54089 0.549543
internal_weight=10800 7250 3550 1324 1804 1485 2226 1154 656 1100 1289 937 161 319
internal_count=10800 7250 3550 1324 1804 1485 2226 1154 656 1100 1289 937 161 319
is_linear=0
shrinkage=0.05


Tree=25
num_leaves=15
num_cat=0
split_feature=65 65 65 64 36 60 28 36 53 53 48 26 22 48
split_gain=6.91239e+06 784016 226401 46127.3 40067.4 34873.6 28012.1 21757.4 21213 17737.4 17304.1 16389.5 15370.8 14119.8
threshold=164.68652700000004 42.523274000000008 236.31513200000003 231.24862100000004 20.649218750000006 -0.8814490726585632 21.262500000000003 18.395963541666671 -0.32143946530316164 0.93540483100319638 5.3750000000000009 19.712500000000002 134.27631088020837 6.3750000000000009
decision_type=2 2 2 2 2 2 2 2 2 2 2 2 2 2
left_child=1 -1 3 7 -3 -6 10 -2 -9 11 -4 -7 -8 -10
right_child=2 4 6 -5 5 9 12 8 13 -11 -12 -13 -14 -15
leaf_value=-1.1827562870356891 0.17117969946197745 -0.47274373174656098 2.0903365968024894 2.0604263040754534 0.63898668156606087 -1.0089805036783219 2.7477156472085094 0.08867393608500318 1.4700561686362092 0.55970661834554558 1.681358979236649 -0.0124474494061711 2.2169520211026996 1.095469804517988
leaf_weight=5446 52 335 875 170 275 42 196 40 474 132 414 1020 741 588
leaf_count=5446 52 335 875 170 275 42 196 40 474 132 414 1020 741 588
internal_value=0.00158481 -0.883548 1.80899 1.28947 0.0198695 0.132453 2.11728 1.17421 1.22135 0.0153523 1.96039 -0.0527705 2.33079 1.26388
internal_weight=10800 7250 3550 1324 1804 1469 2226 1154 1102 1194 1289 1062 937 1062
internal_count=10800 7250 3550 1324 1804 1469 2226 1154 1102 1194 1289 1062 937 1062
is_linear=0
shrinkage=0.05


Tree=26
num_leaves=15
num_cat=0
split_feature=65 65 65 64 36 60 29 36 53 26 48 53 18 26
split_gain=6.23942e+06 707595 204332 41677.9 36429.3 30484.3 27356.8 19634.3 19145.1 16933.6 15588.1 15528.7 14686 14432.4
threshold=164.68652700000004 63.145266500000005 236.31513200000003 231.24862100000004 20.649218750000006 -0.8814490726585632 18.762500000000003 18.395963541666671 -0.32143946530316164 22.987500000000004 5.3750000000000009 0.93540483100319638 45.201941791666677 19.762500000000003
decision_type=2 2 2 2 2 2 2 2 2 2 2 2 2 2
left_child=1 -1 3 7 -3 -6 -4 -2 -9 10 -8 13 -11 -7
right_child=2 4 6 -5 5 11 9 8 -10 12 -12 -13 -14 -15
leaf_value=-1.1213254148393603 0.16278220086165196 -0.44488796690356236 1.4097358280144956 1.9580074723003902 0.60715310374355846 -0.94976462206049339 2.1066485256866239 0.084348379620691638 1.2008102119744775 2.8512571955484058 1.768982763721989 0.53193170647311927 2.1338137290057015 -0.003654992965165295
leaf_weight=5468 52 333 183 170 275 41 1113 40 1062 125 568 132 237 1001
leaf_count=5468 52 333 183 170 275 41 1113 40 1062 125 568 132 237 1001
internal_value=0.00156179 -0.839381 1.71873 1.22518 0.025898 0.134323 2.01161 1.11563 1.1604 2.06481 1.99367 0.0231443 2.38872 -0.0417569
internal_weight=10800 7250 3550 1324 1782 1449 2226 1154 1102 2043 1681 1174 362 1042
internal_count=10800 7250 3550 1324 1782 1449 2226 1154 1102 2043 1681 1174 362 1042
is_linear=0
shrinkage=0.05


Tree=27
num_leaves=15
num_cat=0
split_feature=65 65 65 64 36 60 29 35 26 36 47 48 32 18
split_gain=5.63201e+06 639138 184460 37776.6 32705.4 28377.2 24768.1 18820.6 15664.6 14920.7 14469.7 14006.2 14161.3 13292.7
threshold=164.68652700000004 42.523274000000008 236.31513200000003 227.91342300000005 20.649218750000006 -0.8814490726585632 18.425000000000001 18.893750000000004 22.987500000000004 24.196093750000006 78.209635416666671 5.3750000000000009 23.012500000000003 36.676776666666676
decision_type=2 2 2 2 2 2 2 2 2 2 2 2 2 2
left_child=1 -1 3 7 -3 -6 10 -2 11 -7 -4 12 -8 -10
right_child=2 4 6 -5 5 9 8 -9 13 -11 -12 -13 -14 -15
leaf_value=-1.0675733888786125 0.55690925351516929 -0.42679738503149045 0.45857681879183149 1.8244649119833682 0.57690543966178875 -0.10804374164193963 2.0431186932628438 1.1382356003943426 2.763603731437966 0.26918932737772999 1.5691409908357214 1.6786412297381343 1.2686703320911954 2.0528548080474138
leaf_weight=5446 166 335 40 187 275 807 1061 971 107 387 121 573 69 255
leaf_count=5446 166 335 40 187 275 807 1061 971 107 387 121 573 69 255
internal_value=0.0015406 -0.797422 1.63299 1.16405 0.0182649 0.119981 1.91126 1.05393 1.95844 0.0143482 1.29776 1.89093 1.99699 2.26997
internal_weight=10800 7250 3550 1324 1804 1469 2226 1137 2065 1194 161 1703 1130 362
internal_count=10800 7250 3550 1324 1804 1469 2226 1137 2065 1194 161 1703 1130 362
is_linear=0
shrinkage=0.05


Tree=28
num_leaves=15
num_cat=0
split_feature=65 65 65 64 36 36 48 35 31 8 52 60 3 38
split_gain=5.08387e+06 576842 166538 34221.1 29965.7 22876.5 18971.3 17111.1 16341.4 16079.8 15050.3 13667.2 13114.5 18680.3
threshold=164.68652700000004 42.523274000000008 236.31513200000003 231.24862100000004 23.663020833333334 20.263281250000002 6.3750000000000009 21.735416666666669 18.112500000000004 261.65772150000004 0.98611507088852057 -0.84874750804349186 77.743842000000015 82.875000000000014
decision_type=2 2 2 2 2 2 2 2 2 2 2 2 2 2
left_child=1 -1 3 6 8 -4 -2 -8 -3 -6 12 -10 13 -7
right_child=2 4 5 -5 9 10 7 -9 11 -11 -12 -13 -14 -15
leaf_value=-1.0142045111574776 1.2407329659661714 -0.73141749888085406 1.3647684681324905 1.7699898458363716 0.38053195176904725 2.211545517669534 0.57151767853738644 1.0855458446806925 0.27159564435730377 -0.42339749813079836 1.0591462122897306 -0.16717146380182124 1.5879806509443151 1.8335723197325728
leaf_weight=5446 498 103 262 170 568 529 331 325 224 69 59 840 313 1063
leaf_count=5446 498 103 262 170 568 529 331 325 224 69 59 840 313 1063
internal_value=0.00153115 -0.757556 1.55156 1.10598 0.0173603 1.81596 1.00672 0.827446 -0.133176 0.292923 1.87543 -0.0746312 1.90014 1.96048
internal_weight=10800 7250 3550 1324 1804 2226 1154 656 1167 637 1964 1064 1905 1592
internal_count=10800 7250 3550 1324 1804 2226 1154 656 1167 637 1964 1064 1905 1592
is_linear=0
shrinkage=0.05


Tree=29
num_leaves=15
num_cat=0
split_feature=65 65 65 53 36 36 53 33 43 31 21 13 53 17
split_gain=4.59208e+06 463416 191221 34844.3 25972.9 24895.5 24374.9 19686.8 18372.3 16787.2 16101.3 14647.2 19521.2 13150
threshold=146.96493750000002 42.523274000000008 222.57528850000003 -0.32143946530316164 23.249348958333339 24.196093750000006 0.16280825711809005 21.243750000000002 82.875000000000014 18.112500000000004 1.4088495625161608e-05 2.5740589603545345 0.93540483100319638 2.2746480028614838e-05
decision_type=2 2 2 2 2 2 2 2 2 2 2 2 2 2
left_child=1 -1 3 -2 -5 9 -4 13 -6 -3 -9 12 -11 -8
right_child=2 5 6 4 8 -7 7 10 -10 11 -12 -13 -14 -15
leaf_value=-0.96350361908250326 0.048407130005888088 -0.79333432116969071 1.0390065350695283 0.80861493832427611 1.0205139145963713 0.30858266792270578 1.7187187827943449 2.2630888813664476 1.6651610246480411 -0.39351193623225783 1.7779830046162208 0.10685340177712588 0.33358601964281309 1.3760887704855573
leaf_weight=5446 103 87 140 676 269 444 909 256 198 470 680 557 114 451
leaf_count=5446 103 87 140 676 269 444 909 256 198 470 680 557 114 451
internal_value=0.00150569 -0.739999 1.43479 0.929729 1.00904 -0.0118659 1.69263 1.73202 1.29681 -0.127885 1.91294 -0.0764952 -0.251251 1.60619
internal_weight=10800 7118 3682 1246 1143 1672 2436 2296 467 1228 936 1141 584 1360
internal_count=10800 7118 3682 1246 1143 1672 2436 2296 467 1228 936 1141 584 1360
is_linear=0
shrinkage=0.05


Tree=30
num_leaves=15
num_cat=0
split_feature=65 65 65 53 36 29 36 43 47 26 31 32 48 32
split_gain=4.14503e+06 418269 172589 31455.9 23463.7 22819.9 22333 16593.6 15877 15557.4 15086 12677.5 12489.9 14586.6
threshold=146.96493750000002 63.145266500000005 222.57528850000003 -0.32143946530316164 23.249348958333339 18.425000000000001 24.196093750000006 82.875000000000014 78.209635416666671 22.812500000000004 18.112500000000004 25.137500000000003 5.3750000000000009 23.012500000000003
decision_type=2 2 2 2 2 2 2 2 2 2 2 2 2 2
left_child=1 -1 3 -2 -5 8 10 -6 -4 12 -3 -8 13 -7
right_child=2 6 5 4 7 9 11 -9 -10 -11 -12 -13 -14 -15
leaf_value=-0.91352098850272145 0.046010048307764992 -0.75100466231333796 0.26508334576307485 0.76824391019718929 0.9696772273160793 1.733248391987386 0.43933779585365773 1.5823213519762511 1.3318904554340203 1.942854905364537 -0.06741883088527463 -0.20556598745134413 1.4054924922745402 0.980637947933094
leaf_weight=5468 103 86 47 676 269 1117 346 198 141 403 1121 97 655 73
leaf_count=5468 103 86 47 676 269 1117 346 198 141 403 1121 97 655 73
internal_value=0.00147819 -0.703009 1.36321 0.883385 0.958738 1.60817 -0.00525535 1.23225 1.068 1.65285 -0.116706 0.297984 1.58848 1.68794
internal_weight=10800 7118 3682 1246 1143 2436 1650 467 188 2248 1207 443 1845 1190
internal_count=10800 7118 3682 1246 1143 2436 1650 467 188 2248 1207 443 1845 1190
is_linear=0
shrinkage=0.05


Tree=31
num_leaves=15
num_cat=0
split_feature=65 65 65 64 60 26 28 17 53 34 52 52 42 33
split_gain=3.74252e+06 423186 123784 26557.3 26025.8 21299.6 18757.1 16384.9 15627.6 14137.3 13292 16116.8 12966.9 10973.1
threshold=164.68652700000004 42.523274000000008 236.31513200000003 229.38491700000003 -0.8814490726585632 20.012500000000003 18.962500000000002 2.2746480028614838e-05 0.77259657388510627 18.814583333333335 -0.9103761370219875 -0.8814490726585632 73.125000000000014 23.003125000000004
decision_type=2 2 2 2 2 2 2 2 2 2 2 2 2 2
left_child=1 -1 3 7 12 -6 -4 13 10 -9 -7 -12 -3 -2
right_child=2 4 6 -5 5 8 -8 9 -10 -11 11 -13 -14 -15
leaf_value=-0.86966956933310269 0.9754275565780699 1.2007207913243254 1.1709019423416862 1.5167550838859389 -0.40355735169849827 0.62499097392185421 1.615712204346113 0.11215868780408243 0.43266114005726752 0.77600143840804936 -0.87606176686665371 -0.044906926667494809 0.29125585248524494 1.8030422189500599
leaf_weight=5446 554 45 285 178 368 66 1941 98 201 450 62 788 274 44
leaf_count=5446 554 45 285 178 368 66 1941 98 201 450 62 788 274 44
internal_value=0.00144838 -0.649845 1.33136 0.947229 0.0138861 -0.074202 1.55931 0.857524 0.0345693 0.657706 -0.0531615 -0.106491 0.422902 1.03923
internal_weight=10800 7250 3550 1324 1804 1485 2226 1146 1117 548 916 850 319 598
internal_count=10800 7250 3550 1324 1804 1485 2226 1146 1117 548 916 850 319 598
is_linear=0
shrinkage=0.05


Tree=32
num_leaves=15
num_cat=0
split_feature=65 65 65 64 24 65 28 48 8 35 22 36 60 52
split_gain=3.37802e+06 381964 111664 24174.4 23934.6 21691.4 17705.6 16583.4 13874.3 13643.8 13327.2 12427.7 13478.3 11397
threshold=164.68652700000004 42.523274000000008 236.31513200000003 237.00254650000002 278.91518350000007 90.727547000000001 21.262500000000003 6.3750000000000009 259.12192600000009 21.735416666666669 134.27631088020837 18.666666666666668 -0.84874750804349186 0.98611507088852057
decision_type=2 2 2 2 2 2 2 2 2 2 2 2 2 2
left_child=1 -1 3 7 11 -6 13 -2 -7 -9 -8 -3 -13 -4
right_child=2 4 6 -5 5 8 10 9 -10 -11 -12 12 -14 -15
leaf_value=-0.82619410431317197 1.0367885843971532 -0.85849779686837824 1.3860243162975074 1.5249076742785319 -0.2418806741830625 0.56051075955527641 2.0285332561144371 0.4303291253545391 -0.41089192018276305 0.88650273862337314 1.5473867061967157 0.2473373056132728 -0.16328659879375321 0.55909943191901501
leaf_weight=5446 523 52 1244 139 145 377 196 334 40 328 741 253 937 45
leaf_count=5446 523 52 1244 139 145 377 196 334 40 328 741 253 937 45
internal_value=0.00141449 -0.61735 1.26491 0.900063 0.0132257 0.28368 1.48141 0.825545 0.466571 0.657345 1.65009 -0.109284 -0.0758515 1.35761
internal_weight=10800 7250 3550 1324 1804 562 2226 1185 417 662 937 1242 1190 1289
internal_count=10800 7250 3550 1324 1804 562 2226 1185 417 662 937 1242 1190 1289
is_linear=0
shrinkage=0.05


Tree=33
num_leaves=15
num_cat=0
split_feature=65 65 65 53 36 43 36 43 36 36 43 31 13 53
split_gain=3.05034e+06 300899 131823 32162.1 24558.5 20147 19063 18050.8 16570.6 12429.7 11597.8 11537.9 11638.4 16951.8
threshold=145.113167 42.523274000000008 236.31513200000003 -0.32143946530316164 22.765104166666671 82.875000000000014 24.196093750000006 80.625000000000014 20.263281250000002 18.395963541666671 65.375000000000014 18.112500000000004 2.5740589603545345 0.93540483100319638
decision_type=2 2 2 2 2 2 2 2 2 2 2 2 2 2
left_child=1 -1 3 -2 7 -6 11 -5 -4 -9 -8 -3 13 -13
right_child=2 6 8 4 5 -7 10 9 -10 -11 -12 12 -14 -15
leaf_value=-0.78489195009710944 -0.0019502265315152643 -0.67786071663393699 1.025306112484957 -0.14285041522799116 0.81957242023648025 1.3647800921009789 -0.272378179612627 -0.038982144530330387 1.4578963562482186 0.79889846382939533 0.39114885370179242 -0.36097931905471264 0.09073017646033027 0.32644781114550325
leaf_weight=5446 116 84 262 65 373 322 80 48 1964 554 356 469 551 110
leaf_count=5446 116 84 262 65 373 322 80 48 1964 554 356 469 551 110
internal_value=0.00137946 -0.605705 1.16426 0.797273 0.865293 1.07377 -0.0141624 0.646782 1.40746 0.732137 0.269056 -0.116016 -0.0736883 -0.230042
internal_weight=10800 7096 3704 1478 1362 695 1650 667 2226 602 436 1214 1130 579
internal_count=10800 7096 3704 1478 1362 695 1650 667 2226 602 436 1214 1130 579
is_linear=0
shrinkage=0.05


Tree=34
num_leaves=15
num_cat=0
split_feature=65 65 65 53 36 29 26 22 14 25 64 16 53 45
split_gain=2.7532e+06 272035 119241 26023.7 18553.7 18111.4 17344.2 14947.1 14760.5 14644.6 14214.8 13676.7 13047.5 12474
threshold=145.113167 28.000000000000004 222.57528850000003 -0.32143946530316164 23.249348958333339 21.962500000000002 19.712500000000002 23.216666666666672 118.07216345833335 110.55984742745123 240.48060850000005 261.91249100000005 0.93540483100319638 80.927083333333357
decision_type=2 2 2 2 2 2 2 2 2 2 2 2 2 2
left_child=1 -1 3 -2 -5 10 12 13 -8 -6 -4 -10 -3 -7
right_child=2 6 5 4 9 7 8 -9 11 -11 -12 -13 -14 -15
leaf_value=-0.7501068882354901 -0.0018535490999491808 -0.46844827101553144 1.0027225426929753 0.61523776250110285 1.1508490232945094 2.6104882240295413 0.22046479082474699 1.3870640489609993 -0.2235292427668171 0.39812289233785125 1.3375053007596396 0.29977549956822247 0.47584263026004747 1.5832502365112306
leaf_weight=5382 116 291 614 681 392 49 666 967 556 79 709 160 41 97
leaf_count=5382 116 291 614 681 392 49 666 967 556 79 709 160 41 97
internal_value=0.00132896 -0.575429 1.10612 0.711985 0.783804 1.3109 -0.0268183 1.46172 0.0511989 1.02571 1.18301 -0.106335 -0.350755 1.94342
internal_weight=10800 7096 3704 1268 1152 2436 1714 1113 1382 471 1323 716 332 146
internal_count=10800 7096 3704 1268 1152 2436 1714 1113 1382 471 1323 716 332 146
is_linear=0
shrinkage=0.05


Tree=35
num_leaves=15
num_cat=0
split_feature=65 65 65 64 60 26 17 52 44 24 48 53 35 17
split_gain=2.48576e+06 281073 82597 19755.9 19628.2 16440.2 15054.2 20335.9 17849.9 21055.9 14348.4 11991.2 11525.7 11371
threshold=164.68652700000004 63.145266500000005 236.31513200000003 237.00254650000002 -0.8814490726585632 20.012500000000003 2.2746480028614838e-05 0.98611507088852057 82.968750000000014 290.03840000000008 6.3750000000000009 0.77259657388510627 18.818750000000005 27.723630577001028
decision_type=2 2 2 2 2 2 2 2 2 2 2 2 2 2
left_child=1 -1 3 10 -3 -6 7 8 9 -4 -2 -7 -12 -8
right_child=2 4 6 -5 5 11 13 -9 -10 -11 12 -13 -14 -15
leaf_value=-0.70718139195857299 0.90038663875328284 0.37059354211261963 1.8648597835805376 1.3358967624391829 -0.35783338412852356 -0.044380634062874763 0.84388309619057988 0.48711246494203808 1.2815482368320652 1.0194043353796005 -0.0031601937177280584 0.38152123844011293 0.62675489985817601 1.2366414297946786
leaf_weight=5468 523 319 345 139 354 908 294 63 875 99 83 201 579 550
leaf_count=5468 523 319 345 139 354 908 294 63 875 99 83 201 579 550
internal_value=0.00130712 -0.529484 1.08516 0.771382 0.0158634 -0.0616841 1.27136 1.37454 1.41653 1.67906 0.704094 0.0330859 0.547892 1.10099
internal_weight=10800 7250 3550 1324 1782 1463 2226 1382 1319 444 1185 1109 662 844
internal_count=10800 7250 3550 1324 1782 1463 2226 1382 1319 444 1185 1109 662 844
is_linear=0
shrinkage=0.05


Tree=36
num_leaves=15
num_cat=0
split_feature=65 65 65 53 24 25 57 53 26 13 36 5 28 22
split_gain=2.24388e+06 222163 97617.8 24799.3 20051.7 20469.9 20000.7 15222.6 19088.7 16515.6 14181.7 13989.6 13952.9 10939
threshold=145.113167 28.000000000000004 236.31513200000003 -0.32143946530316164 277.75656700000008 110.55984742745123 3.5000000000000004 0.93540483100319638 19.262500000000003 4.1524096493251017 18.395963541666671 235.3995955 21.262500000000003 134.27631088020837
decision_type=2 2 2 2 2 2 2 2 2 2 2 2 2 2
left_child=1 -1 3 -2 6 -6 10 8 -3 11 -5 -10 -4 -14
right_child=2 7 12 4 5 -7 -8 -9 9 -11 -12 -13 13 -15
leaf_value=-0.67725598715991753 -0.01879490792241871 -0.45532705958484487 1.0985007478969619 -0.094310912855391241 1.144568033249669 0.31543075685860011 0.040256438412420131 0.46112339470686542 -0.09951809775136411 0.18125031295694688 0.7611036570834333 -0.91482390473628872 1.6978965110585169 1.2648881260260458
leaf_weight=5382 116 265 1289 52 411 92 137 147 571 674 670 57 196 741
leaf_count=5382 116 265 1289 52 411 92 137 147 571 674 670 57 196 741
internal_value=0.00128453 -0.5194 0.998665 0.682864 0.742593 0.993843 0.594485 -0.0236215 -0.0693604 0.00948567 0.69945 -0.174856 1.20795 1.35718
internal_weight=10800 7096 3704 1478 1362 503 859 1714 1567 1302 722 628 2226 937
internal_count=10800 7096 3704 1478 1362 503 859 1714 1567 1302 722 628 2226 937
is_linear=0
shrinkage=0.05


Tree=37
num_leaves=15
num_cat=0
split_feature=65 65 65 24 64 65 29 17 47 8 48 44 25 32
split_gain=2.02539e+06 229117 67273.1 17345.7 17327.3 17262.7 13564 12034.9 11861 11534.3 10730.5 12955 22569 23085.7
threshold=164.68652700000004 63.145266500000005 236.31513200000003 278.91518350000007 229.38491700000003 90.727547000000001 18.762500000000003 2.2746480028614838e-05 80.627604166666671 259.12192600000009 5.3750000000000009 82.968750000000014 105.3195466553865 21.062500000000004
decision_type=2 2 2 2 2 2 2 2 2 2 2 2 2 2
left_child=1 -1 4 -3 7 -5 8 -2 -4 -7 11 12 13 -8
right_child=2 3 6 5 -6 9 10 -9 -10 -11 -12 -13 -14 -15
leaf_value=-0.63831838379723216 0.77953138512128561 -0.090839128963231139 0.37925221846900259 -0.23178495208545866 1.1559716997033391 0.49242982672694979 1.520503988066269 0.45335433124640928 1.1971607068219245 -0.39303998481936575 1.0311784188437589 1.1506890688741171 1.1010609210507816 2.6483681738376621
leaf_weight=5468 598 1224 106 141 178 377 190 548 77 40 757 819 214 63
leaf_count=5468 598 1224 106 141 178 377 190 548 77 40 757 819 214 63
internal_value=0.00124208 -0.477883 0.979596 0.0144882 0.696415 0.245278 1.14764 0.62409 0.728035 0.406756 1.18485 1.27444 1.48855 1.81068
internal_weight=10800 7250 3550 1782 1324 558 2226 1146 183 417 2043 1286 467 253
internal_count=10800 7250 3550 1782 1324 558 2226 1146 183 417 2043 1286 467 253
is_linear=0
shrinkage=0.05


Tree=38
num_leaves=15
num_cat=0
split_feature=65 65 65 21 30 21 36 52 17 34 45 64 17 17
split_gain=1.82984e+06 181090 79240.5 22027.9 21423.4 16114 13547 12899 16748.7 15166.3 12798.9 11597 10044.7 9730.57
threshold=145.113167 28.000000000000004 236.31513200000003 1.4305838189958214e-05 19.962500000000002 9.1621876858736614e-06 24.196093750000006 0.98611507088852057 2.2746480028614838e-05 22.969791666666669 83.343750000000014 260.02809100000007 27.723630577001028 8.0390826113909323e-06
decision_type=2 2 2 2 2 2 2 2 2 2 2 2 2 2
left_child=1 -1 3 5 10 13 -3 8 9 -4 -5 -6 -10 -2
right_child=2 6 7 4 11 -7 -8 -9 12 -11 -12 -13 -14 -15
leaf_value=-0.61148947457631198 0.60369272622704695 -0.10624181043590784 1.1588795344007559 -0.82645637487492918 0.52902418029947984 1.3384443149921743 0.21113751800264149 0.39953691777499284 0.69141503521401271 1.6882908061146737 0.20492372671966402 1.3512625455856324 1.0608027888681679 1.3408521445854655
leaf_weight=5382 330 1256 1160 40 759 140 458 67 290 159 112 45 550 52
leaf_count=5382 330 1256 1160 40 759 140 458 67 290 159 112 45 550 52
internal_value=0.00122885 -0.46897 0.901904 0.617374 0.473864 0.878792 -0.0213608 1.09046 1.11171 1.22393 -0.0701198 0.576666 0.93425 0.707278
internal_weight=10800 7096 3704 1478 956 522 1714 2226 2159 1319 152 804 840 382
internal_count=10800 7096 3704 1478 956 522 1714 2226 2159 1319 152 804 840 382
is_linear=0
shrinkage=0.05


Tree=39
num_leaves=15
num_cat=0
split_feature=65 65 65 53 52 24 8 26 33 65 45 17 52 57
split_gain=1.65187e+06 187665 54612.2 16507.7 17918.2 16174.5 16188.9 12739.8 12152.9 11147 10547.3 10326.5 13044 9878.23
threshold=164.68652700000004 77.844594000000015 237.27635500000002 -0.097964660725097366 0.35206144883412582 278.91518350000007 261.38013950000004 22.987500000000004 22.021875000000005 24.000000000000004 86.052083333333357 2.2746480028614838e-05 0.98611507088852057 3.5000000000000004
decision_type=2 2 2 2 2 2 2 2 2 2 2 2 2 2
left_child=1 9 3 -2 8 13 -7 11 -5 -1 -6 12 -4 -3
right_child=2 5 7 4 10 6 -8 -9 -10 -11 -12 -13 -14 -15
leaf_value=-0.60182900403294459 0.32356297003091172 0.036222734203722504 1.1061866241420821 0.43076902309801834 1.2773067342184987 0.3753389257890376 -0.44811351852140568 1.3147442086493406 0.87221573498943217 -0.40865459715767649 0.6895312981693833 0.81502628691684897 0.33707030296325685 -0.27013641217444556
leaf_weight=4678 329 754 1163 448 192 447 68 358 242 900 134 625 59 403
leaf_count=4678 329 754 1163 448 192 447 68 358 242 900 134 625 59 403
internal_value=0.00120923 -0.431487 0.884757 0.632798 0.732518 0.0331411 0.265953 1.03809 0.586633 -0.57074 1.03855 0.983783 1.06936 -0.0706278
internal_weight=10800 7250 3550 1345 1016 1672 515 2205 690 5578 326 1847 1222 1157
internal_count=10800 7250 3550 1345 1016 1672 515 2205 690 5578 326 1847 1222 1157
is_linear=0
shrinkage=0.05


Tree=40
num_leaves=15
num_cat=0
split_feature=65 65 65 30 44 64 52 61 26 13 5 26 41 17
split_gain=1.49218e+06 147601 64208.5 19733.5 17045.5 14461.9 13888.7 13618.7 14997.6 12425.3 13262 11506.8 9426.25 9319.1
threshold=145.113167 28.000000000000004 237.27635500000002 19.962500000000002 82.718750000000014 266.42450100000002 0.98611507088852057 -0.9733555533461492 19.462500000000002 4.1524096493251017 235.3995955 22.987500000000004 72.875000000000014 2.2746480028614838e-05
decision_type=2 2 2 2 2 2 2 2 2 2 2 2 2 2
left_child=1 -1 3 4 -2 6 -5 -3 -9 10 -10 13 -8 -4
right_child=2 7 11 5 -6 -7 12 8 9 -11 -12 -13 -14 -15
leaf_value=-0.55209803828381709 -0.64862970238867801 0.57249566776596983 1.0159495833186694 0.51509919372104984 0.36685074550852659 1.4958774816244842 1.6319989474808301 -0.38288986242579587 -0.066564978264364735 0.16923097178337185 -0.85775388349008197 1.249190114002706 0.79375263947438002 0.77434007174546682
leaf_weight=5382 52 91 1222 946 187 47 40 283 613 670 57 358 227 625
leaf_count=5382 52 91 1222 946 187 47 40 283 613 670 57 358 227 625
internal_value=0.00117583 -0.42343 0.814516 0.561386 0.144127 0.640356 0.606002 -0.0193223 -0.052837 0.0171017 -0.135053 0.986266 0.924954 0.934655
internal_weight=10800 7096 3704 1499 239 1260 1213 1714 1623 1340 670 2205 267 1847
internal_count=10800 7096 3704 1499 239 1260 1213 1714 1623 1340 670 2205 267 1847
is_linear=0
shrinkage=0.05


Tree=41
num_leaves=15
num_cat=0
split_feature=65 65 65 29 41 53 52 26 57 33 43 47 41 65
split_gain=1.34735e+06 152498 44180.2 14601.3 21827.3 14480 15113.6 11062.7 10856.2 10777.1 10195.5 9901.76 9891.57 9690.03
threshold=164.68652700000004 77.844594000000015 237.27635500000002 21.112500000000004 84.875000000000014 -0.097964660725097366 0.35206144883412582 20.487500000000004 3.5000000000000004 22.003125000000004 82.375000000000014 78.904947916666671 86.875000000000014 24.000000000000004
decision_type=2 2 2 2 2 2 2 2 2 2 2 2 2 2
left_child=1 13 5 10 -5 -2 9 8 -4 -7 12 -12 -3 -1
right_child=2 3 7 4 -6 6 -8 -9 -10 -11 11 -13 -14 -15
leaf_value=-0.54414499247779857 0.28296748325764909 -0.10416857272558322 0.86845173305908974 0.11852920895300934 1.1713940188569845 0.38242517630422479 0.94689871125401714 1.0314843137890994 0.35552146832962506 0.79569903745813431 0.37007699453510173 -0.12368187681591558 -0.57999674435704951 -0.36410193967402449
leaf_weight=4678 329 346 784 697 52 442 326 1300 121 248 171 247 159 900
leaf_count=4678 329 346 784 697 52 442 326 1300 121 248 171 247 159 900
internal_value=0.00114518 -0.389637 0.799107 0.0291999 0.19309 0.57248 0.66586 0.937021 0.80034 0.531901 -0.103859 0.0787115 -0.254834 -0.515166
internal_weight=10800 7250 3550 1672 749 1345 1016 2205 905 690 923 418 505 5578
internal_count=10800 7250 3550 1672 749 1345 1016 2205 905 690 923 418 505 5578
is_linear=0
shrinkage=0.05


Tree=42
num_leaves=15
num_cat=0
split_feature=65 65 65 30 44 24 24 53 13 57 29 32 47 25
split_gain=1.21617e+06 120493 52186.2 17486.6 14962.6 13932.7 15703.6 12310.5 14105.5 12277.8 10595.8 10564.9 10207.7 10041.8
threshold=145.113167 28.000000000000004 237.27635500000002 19.962500000000002 82.718750000000014 318.1844445000001 278.56941200000006 0.93540483100319638 2.4014497859297617 3.5000000000000004 18.962500000000002 22.112500000000004 80.627604166666671 104.10919296887657
decision_type=2 2 2 2 2 2 2 2 2 2 2 2 2 2
left_child=1 -1 3 4 -2 6 9 8 -3 -5 12 -8 -4 -11
right_child=2 7 10 5 -6 -7 11 -9 -10 13 -12 -13 -14 -15
leaf_value=-0.49847339383514538 -0.62810514887689428 -0.21627612756577752 0.21246647921030051 0.57703730241711515 0.32324589231507261 -0.12958826070482082 1.05997199931259 0.41881406745193783 0.083993567653861775 0.36181783693678238 0.92443103974307361 0.50490059182047842 0.94458354010301493 -0.56191825369993853
leaf_weight=5382 52 742 110 671 187 65 265 147 825 84 2011 131 84 44
leaf_count=5382 52 742 110 671 187 65 265 147 825 84 2011 131 84 44
internal_value=0.00110924 -0.38222 0.735383 0.507176 0.114503 0.58151 0.620265 -0.017102 -0.0582363 0.491547 0.890222 0.878084 0.532684 0.0423891
internal_weight=10800 7096 3704 1499 239 1260 1195 1714 1567 799 2205 396 194 128
internal_count=10800 7096 3704 1499 239 1260 1195 1714 1567 799 2205 396 194 128
is_linear=0
shrinkage=0.05


Tree=43
num_leaves=15
num_cat=0
split_feature=65 65 64 25 45 24 8 24 57 22 32 51 35 46
split_gain=1.09878e+06 124079 36371.6 30032 29741.5 13361.3 13897.3 11071.3 19925.8 12546.2 12302.3 12048.2 10522.9 10397.3
threshold=164.68652700000004 77.844594000000015 240.48060850000005 1.3929144003015315 80.635416666666671 278.91518350000007 261.38013950000004 277.75656700000008 3.5000000000000004 148.4124377447917 21.012500000000003 3.5000000000000004 18.693750000000005 90.364583333333357
decision_type=2 2 2 2 2 2 2 2 2 2 2 2 2 2
left_child=1 -1 3 4 -2 -3 -7 8 10 -9 -4 -10 13 -5
right_child=2 5 7 12 -6 6 -8 9 11 -11 -12 -13 -14 -15
leaf_value=-0.4650594578509365 1.9663733359040887 -0.068340543260402162 1.0103256303157042 -0.048029030250073171 0.7587228152788047 0.33893169749228819 -0.42397067512291065 1.1211561889181023 0.57315912420886594 0.60739007975092008 0.52714990743071499 -0.32223164036608581 0.50703463974612462 0.82923137119838186
leaf_weight=5578 57 1157 507 172 461 447 68 657 110 150 183 56 1156 41
leaf_count=5578 57 1157 507 172 461 447 68 657 110 150 183 56 1156 41
internal_value=0.00106943 -0.35183 0.721675 0.570835 0.895144 0.0259708 0.237573 0.892387 0.764871 1.02653 0.883127 0.270979 0.44756 0.123919
internal_weight=10800 7250 3550 1887 518 1672 515 1663 856 807 690 166 1369 213
internal_count=10800 7250 3550 1887 518 1672 515 1663 856 807 690 166 1369 213
is_linear=0
shrinkage=0.05


Tree=44
num_leaves=15
num_cat=0
split_feature=65 65 65 60 53 52 26 48 45 25 32 33 45 14
split_gain=991867 112588 32878.2 13914.3 12254.3 13144.1 11333.4 9492.86 12999.2 18192.8 19909.7 9274.23 8781.78 8289.14
threshold=164.68652700000004 28.000000000000004 237.27635500000002 -0.95642797789208689 -0.097964660725097366 0.35206144883412582 20.012500000000003 5.3750000000000009 82.677083333333357 105.3195466553865 21.062500000000004 22.021875000000005 86.052083333333357 118.07216345833335
decision_type=2 2 2 2 2 2 2 2 2 2 2 2 2 2
left_child=1 -1 4 -3 -2 11 -5 8 9 10 -4 -6 -7 -8
right_child=2 3 7 6 5 12 13 -9 -10 -11 -12 -13 -14 -15
leaf_value=-0.45030567665957577 0.22405462968642964 0.55660075751959159 1.1022352330162801 -0.24290735498761318 0.31539926155431941 1.0552471497207108 0.18177618164686149 0.66614179379031602 0.76354003879835086 0.73449483637511737 2.0703434250356323 0.70055113321959728 0.52121273067262441 -0.072355816287140481
leaf_weight=5382 329 105 232 471 448 192 588 808 870 224 71 242 134 704
leaf_count=5382 329 105 232 471 448 192 588 808 870 224 71 242 134 704
internal_value=0.00104795 -0.334243 0.685697 0.000215478 0.490203 0.576081 -0.0332182 0.804669 0.884256 1.08172 1.33515 0.4513 0.838001 0.0433529
internal_weight=10800 7250 3550 1868 1345 1016 1763 2205 1397 527 303 690 326 1292
internal_count=10800 7250 3550 1868 1345 1016 1763 2205 1397 527 303 690 326 1292
is_linear=0
shrinkage=0.05


Tree=45
num_leaves=15
num_cat=0
split_feature=65 65 64 25 45 60 26 24 57 22 32 51 35 46
split_gain=895373 101618 30494.9 25498.4 25795 12569.6 10521 9954.29 17947.1 11160.1 10970.6 10780.9 9592.52 9343.45
threshold=164.68652700000004 28.000000000000004 240.48060850000005 1.3929144003015315 81.302083333333357 -0.95642797789208689 21.012500000000003 277.75656700000008 3.5000000000000004 148.4124377447917 21.012500000000003 3.5000000000000004 18.693750000000005 90.364583333333357
decision_type=2 2 2 2 2 2 2 2 2 2 2 2 2 2
left_child=1 -1 3 4 -2 -3 -7 8 10 -9 -4 -10 13 -5
right_child=2 5 7 12 -6 6 -8 9 11 -11 -12 -13 -14 -15
leaf_value=-0.42779456550871686 1.6346750871634779 0.52903327214320739 0.91934399165829106 -0.071844484982204568 0.65862846081580007 -0.17656362255719679 0.071220516908390041 1.0240799043735203 0.5046656178730029 0.54005491662499139 0.46352674064894572 -0.34204834093127334 0.45662940854850442 0.75967391899653847
leaf_weight=5382 80 105 507 172 438 731 1032 657 110 150 183 56 1156 41
leaf_count=5382 80 105 507 172 438 731 1032 657 110 150 183 56 1156 41
internal_value=0.00103317 -0.317531 0.651527 0.513424 0.812228 0.000216024 -0.0315611 0.80783 0.687091 0.934892 0.799299 0.218689 0.399852 0.091015
internal_weight=10800 7250 3550 1887 518 1868 1763 1663 856 807 690 166 1369 213
internal_count=10800 7250 3550 1887 518 1868 1763 1663 856 807 690 166 1369 213
is_linear=0
shrinkage=0.05


Tree=46
num_leaves=15
num_cat=0
split_feature=65 65 65 53 35 52 46 25 32 61 30 60 47 17
split_gain=809204 61096 51763 17862.6 14647.2 14556.4 18949.3 21048.8 11518.1 11026.6 10201.5 8870.06 8656.39 11892.7
threshold=128.45911150000003 28.000000000000004 190.59982400000004 -0.097964660725097366 20.380208333333336 0.41248606129204562 82.078125000000014 105.3195466553865 21.012500000000003 -0.9733555533461492 20.112500000000004 -0.9733555533461492 82.351562500000014 2.2746480028614838e-05
decision_type=2 2 2 2 2 2 2 2 2 2 2 2 2 2
left_child=1 -1 4 -4 -2 10 7 8 -7 -3 -5 -6 13 -8
right_child=2 9 3 5 11 6 12 -9 -10 -11 -12 -13 -14 -15
leaf_value=-0.40640881313569877 -0.047105660147391835 0.64098046693885546 0.062005978151540131 0.17061257128758978 0.75994013895280665 1.129705036170275 0.64537248084289511 0.67837885930401898 1.871838248098219 -0.068536636766353395 0.61585064932030109 0.26456453038201211 1.0026561215612459 -0.15475736995041373
leaf_weight=5382 324 56 120 143 119 220 782 233 73 1394 1370 375 160 49
leaf_count=5382 324 56 120 143 119 220 782 233 73 1394 1370 375 160 49
internal_value=0.0010118 -0.328812 0.568833 0.660851 0.214114 0.684539 0.794426 1.0378 1.32034 -0.0407117 0.57391 0.38519 0.664331 0.598063
internal_weight=10800 6832 3968 3150 818 3030 1517 526 293 1450 1513 494 991 831
internal_count=10800 6832 3968 3150 818 3030 1517 526 293 1450 1513 494 991 831
is_linear=0
shrinkage=0.05


Tree=47
num_leaves=15
num_cat=0
split_feature=65 65 65 53 35 52 46 25 32 61 30 24 24 26
split_gain=730455 55146.6 46724 16124.9 13226.2 13155.4 17128.4 19019.5 10426.2 9968.2 9205.19 8498.96 10341.7 8397.48
threshold=128.45911150000003 28.000000000000004 190.59982400000004 -0.097964660725097366 20.380208333333336 0.41248606129204562 82.078125000000014 105.3195466553865 21.012500000000003 -0.9733555533461492 20.112500000000004 318.1844445000001 280.08090150000004 23.612500000000004
decision_type=2 2 2 2 2 2 2 2 2 2 2 2 2 2
left_child=1 -1 4 -4 -2 10 7 8 -7 -3 -5 12 -6 -11
right_child=2 9 3 5 11 6 -8 -9 -10 13 -12 -13 -14 -15
leaf_value=-0.3860921694447112 -0.04475762300967024 0.60949369930384456 0.0589313014418133 0.16214118400950814 0.2404213242102208 1.0734753783505697 0.63118977857976144 0.64460486874748502 1.7795110806369701 -0.12950336589483066 0.58508057662480828 -0.24799877267111753 0.7353177680373193 0.16836118647298279
leaf_weight=5382 324 56 120 143 270 220 991 233 73 1093 1370 50 174 301
leaf_count=5382 324 56 120 143 270 220 991 233 73 1093 1370 50 174 301
internal_value=0.000994369 -0.31237 0.54048 0.627904 0.203468 0.65041 0.754875 0.986261 1.25484 -0.0386564 0.54524 0.366034 0.435584 -0.0651123
internal_weight=10800 6832 3968 3150 818 3030 1517 526 293 1450 1513 494 444 1394
internal_count=10800 6832 3968 3150 818 3030 1517 526 293 1450 1513 494 444 1394
is_linear=0
shrinkage=0.05


Tree=48
num_leaves=15
num_cat=0
split_feature=65 65 65 29 21 29 41 43 53 24 57 51 24 51
split_gain=659348 49938.1 42448.2 15458.4 13420.5 12299.3 10272.6 9912.64 9428.88 8554.05 17295.6 9429.24 8951.93 8780.78
threshold=128.45911150000003 82.382441500000013 222.57528850000003 21.762500000000003 1.205119597395808e-05 21.112500000000004 83.375000000000014 82.625000000000014 0.13052619222005152 277.75656700000008 3.5000000000000004 3.5000000000000004 288.22990800000008 3.5000000000000004
decision_type=2 2 2 2 2 2 2 2 2 2 2 2 2 2
left_child=1 -1 3 7 -5 -3 -7 -2 -4 10 -10 -12 -11 -14
right_child=2 5 8 4 -6 6 -8 -9 9 12 11 -13 13 -15
leaf_value=-0.35806271767180309 -0.075308830014986103 -0.15103563299543568 0.18225855446632894 0.96352672411143903 0.38166421209425611 0.11139754120853136 0.92564594036056891 0.28405202879664754 0.66059542777892322 0.94400941501626301 0.37357363302680047 -0.38164205743294016 0.48556483481541701 1.1983946195015542
leaf_weight=5666 277 620 107 123 511 505 41 621 1335 456 150 56 281 51
leaf_count=5666 277 620 107 123 511 505 41 621 1335 456 150 56 281 51
internal_value=0.000971871 -0.29675 0.513527 0.307002 0.495889 0.00124349 0.174121 0.173242 0.643231 0.664322 0.594819 0.16742 0.799313 0.598336
internal_weight=10800 6832 3968 1532 634 1166 546 898 2436 2329 1541 206 788 332
internal_count=10800 6832 3968 1532 634 1166 546 898 2436 2329 1541 206 788 332
is_linear=0
shrinkage=0.05


Tree=49
num_leaves=15
num_cat=0
split_feature=65 65 64 25 45 29 41 43 41 24 57 32 25 51
split_gain=596033 68413.4 22100 19813.1 20764.6 13044.8 16142 8948.46 8141.55 8133.52 14455.7 9701.47 9218.2 8552.33
threshold=164.68652700000004 82.382441500000013 240.48060850000005 1.3929144003015315 81.302083333333357 21.112500000000004 86.625000000000014 82.375000000000014 86.875000000000014 277.75656700000008 3.5000000000000004 21.012500000000003 110.83558801624868 3.5000000000000004
decision_type=2 2 2 2 2 2 2 2 2 2 2 2 2 2
left_child=1 -1 3 4 -2 7 -7 8 -3 10 11 -4 -11 -12
right_child=2 5 9 -5 -6 6 -8 -9 -10 12 13 -13 -14 -15
leaf_value=-0.34016273975278971 1.4149734330765995 -0.098152135511843264 0.76925137383750131 0.31408848609071183 0.53985575929088925 0.12937920932098651 1.0989899871142015 0.07801084235273853 -0.53638754276333345 0.86197150056984906 0.39090240706043605 0.34176644095442382 0.42856962756755257 -0.36289472653154742
leaf_weight=5666 80 328 507 1369 438 650 45 405 156 652 110 183 155 56
leaf_count=5666 80 328 507 1369 438 650 45 405 156 652 110 183 155 56
internal_value=0.000948945 -0.258965 0.531683 0.414148 0.677475 0.0315122 0.193649 -0.0953174 -0.240216 0.66472 0.555858 0.656534 0.779362 0.135959
internal_weight=10800 7250 3550 1887 518 1584 695 889 484 1663 856 690 807 166
internal_count=10800 7250 3550 1887 518 1584 695 889 484 1663 856 690 807 166
is_linear=0
shrinkage=0.05


Tree=50
num_leaves=15
num_cat=0
split_feature=65 65 64 21 26 29 41 21 21 43 45 48 65 47
split_gain=538011 61751.6 19972.6 18451.9 16569.7 11783.2 14605.7 10164.5 9083.69 8079.99 8045.47 9499.05 7929.32 7731.38
threshold=164.68652700000004 82.382441500000013 239.74407900000003 1.4305838189958214e-05 22.937500000000004 21.112500000000004 86.625000000000014 9.7600226787990613e-06 7.028973393161898e-06 82.375000000000014 82.739583333333357 5.8750000000000009 24.000000000000004 77.506510416666671
decision_type=2 2 2 2 2 2 2 2 2 2 2 2 2 2
left_child=1 12 3 4 7 9 -7 8 10 -3 11 -2 -1 -4
right_child=2 5 13 -5 -6 6 -8 -9 -10 -11 -12 -13 -14 -15
leaf_value=-0.35036119591300624 1.2827565213044485 -0.22827088309394333 0.70988719413723422 0.233915310361171 1.2482577472925187 0.12292018549319375 1.0452350434725701 0.82608752242795058 -0.045331487808376557 0.074119907040481589 0.37047446368826242 0.42965494408027127 -0.19412952648156537 0.4830085945039887
leaf_weight=4678 59 484 1089 929 77 650 45 174 99 405 458 75 988 590
leaf_count=4678 59 484 1089 929 77 650 45 174 99 405 458 75 988 590
internal_value=0.000924784 -0.246014 0.505165 0.392417 0.548317 0.0299578 0.184054 0.484641 0.397592 -0.0905828 0.471614 0.811994 -0.323158 0.630497
internal_weight=10800 7250 3550 1871 942 1584 695 865 691 889 592 134 5666 1679
internal_count=10800 7250 3550 1871 942 1584 695 865 691 889 592 134 5666 1679
is_linear=0
shrinkage=0.05


Tree=51
num_leaves=15
num_cat=0
split_feature=65 65 65 53 52 46 25 30 45 32 53 32 33 28
split_gain=486454 36299.6 33201.4 12580.7 10890.8 14389.4 16765.5 10122.3 10087 9426.8 8612.65 8303.83 9883.3 7872.9
threshold=127.49180350000002 28.000000000000004 190.59982400000004 -0.097964660725097366 0.47114434510950087 82.078125000000014 105.3195466553865 19.962500000000002 83.427083333333357 21.012500000000003 0.93540483100319638 21.962500000000002 21.243750000000002 18.512500000000003
decision_type=2 2 2 2 2 2 2 2 2 2 2 2 2 2
left_child=1 -1 7 -4 13 6 9 8 -2 -6 -3 12 -7 -5
right_child=2 10 3 4 5 11 -8 -9 -10 -11 -12 -13 -14 -15
leaf_value=-0.31539316205714418 -0.82906892723507353 -0.065250023047420155 0.011501787716815294 0.053068070914134506 0.93820027847324272 0.52961175713507047 0.52346758236476476 0.24577605366044575 0.046424236281858232 1.633460514598033 0.41815363651875298 0.23315763634118236 1.1127998772694405 0.47468522685513659
leaf_weight=5382 44 1330 120 120 208 656 220 674 122 67 98 203 82 1474
leaf_count=5382 44 1330 120 120 208 656 220 674 122 67 98 203 82 1474
internal_value=0.00090636 -0.255941 0.439239 0.51371 0.533589 0.63377 0.852511 0.159692 -0.189209 1.1129 -0.0318059 0.517921 0.595829 0.442998
internal_weight=10800 6810 3990 3150 3030 1436 495 840 166 275 1428 941 738 1594
internal_count=10800 6810 3990 3150 3030 1436 495 840 166 275 1428 941 738 1594
is_linear=0
shrinkage=0.05


Tree=52
num_leaves=15
num_cat=0
split_feature=65 65 65 53 36 43 26 18 52 33 32 36 22 43
split_gain=439155 33588.8 29042.5 11358 10223.6 13058.1 10036.2 12968.3 10126.2 8347.59 8312.9 9235.82 8808.57 7840.54
threshold=128.45911150000003 28.000000000000004 190.59982400000004 -0.097964660725097366 23.663020833333334 80.125000000000014 22.087500000000002 40.980180208333344 0.47114434510950087 23.068750000000005 21.962500000000002 23.267968750000005 147.99442397395833 82.875000000000014
decision_type=2 2 2 2 2 2 2 2 2 2 2 2 2 2
left_child=1 -1 4 13 -2 9 8 -8 -5 -6 11 -10 -13 -4
right_child=2 -3 3 6 5 -7 7 -9 10 -11 -12 12 -14 -15
leaf_value=-0.29962644147403439 0.023007064059213603 -0.028475835389477861 -0.47015865612030033 0.34960486168749405 -0.16238174112257334 0.75676846188682134 1.0006804754351115 0.52351626453243882 0.54407236621790545 0.62346365041270557 0.30789785790222407 1.0828818207015534 0.24937744621732613 0.34486997626825344
leaf_weight=5382 530 1450 49 1127 108 132 214 439 777 48 267 166 40 71
leaf_count=5382 530 1450 49 1127 108 132 214 439 777 48 267 166 40 71
internal_value=0.000884234 -0.242091 0.419188 0.488112 0.153501 0.392735 0.507 0.681183 0.458883 0.0818478 0.557051 0.624344 0.923023 0.0109315
internal_weight=10800 6832 3968 3150 818 288 3030 653 2377 156 1250 983 206 120
internal_count=10800 6832 3968 3150 818 288 3030 653 2377 156 1250 983 206 120
is_linear=0
shrinkage=0.05


Tree=53
num_leaves=15
num_cat=0
split_feature=65 65 9 30 29 25 24 57 51 36 47 24 41 36
split_gain=396601 38194.9 22362.1 12303.8 11291.4 10371.5 14207.7 24431.1 13890.3 10612.3 10227.1 9228.96 8362.19 8102.19
threshold=141.29982250000003 82.382441500000013 95.869577000000007 19.762500000000003 21.062500000000004 110.83558801624868 277.75656700000008 3.5000000000000004 3.5000000000000004 25.257291666666671 78.209635416666671 297.26105400000006 84.875000000000014 20.263281250000002
decision_type=2 2 2 2 2 2 2 2 2 2 2 2 2 2
left_child=1 -1 3 10 -3 6 7 -5 -9 -7 13 -8 -6 -2
right_child=2 4 -4 5 12 9 11 8 -10 -11 -12 -13 -14 -15
leaf_value=-0.2775651851599602 -0.47478280101676246 -0.11515786076536177 0.093643352832850829 0.52815825762913482 0.12123278748469467 -0.22275291016114129 0.75419251442437574 0.22760131260970745 -0.57156294298333099 0.48490645834841789 0.4074470219118842 0.24712918655087171 0.8363078820434483 0.20707923121890934
leaf_weight=5666 73 755 470 1451 588 96 768 204 73 116 289 103 43 105
leaf_count=5666 73 755 470 1451 588 96 768 204 73 116 289 103 43 105
internal_value=0.000862461 -0.220022 0.416413 0.462649 0.0152446 0.502152 0.529586 0.446066 0.0156928 0.164916 0.224308 0.694582 0.171208 -0.073651
internal_weight=10800 7052 3748 3278 1386 2811 2599 1728 277 212 467 871 631 178
internal_count=10800 7052 3748 3278 1386 2811 2599 1728 277 212 467 871 631 178
is_linear=0
shrinkage=0.05


Tree=54
num_leaves=15
num_cat=0
split_feature=65 65 65 36 54 52 3 26 64 52 34 16 7 57
split_gain=358333 28146.8 26181.1 11167.4 10412.1 8418.67 7480.88 7754.91 7426.59 7322.23 7247.69 7151.71 7290.33 6607.12
threshold=127.49180350000002 24.000000000000004 238.93972450000004 18.091406250000002 -0.8783796973249266 0.98611507088852057 66.72361100000002 22.787500000000005 266.42450100000002 0.98611507088852057 23.043750000000006 261.91249100000005 259.98241900000005 1.5000000000000002
decision_type=2 2 2 2 2 2 2 2 2 2 2 2 2 2
left_child=1 -1 3 -2 -5 6 7 -4 9 10 -6 12 13 -3
right_child=2 11 5 4 8 -7 -8 -9 -10 -11 -12 -13 -14 -15
leaf_value=-0.2882271706943304 -0.42847338436079813 0.082144825314937886 0.50687686382301023 -0.32528442144393921 0.15838725740840956 -0.11405167378418679 0.29261467367344135 0.80060787832426772 0.80224454089331987 0.47216205646816106 0.48345358233131908 0.25701100191173076 0.2034040737601738 -0.16986272650366305
leaf_weight=4678 60 315 1505 72 1091 55 335 268 66 335 203 155 185 1477
leaf_count=4678 60 315 1505 72 1091 55 335 268 66 335 203 155 185 1477
internal_value=0.000829731 -0.219613 0.377036 0.237471 0.260314 0.494756 0.510687 0.551702 0.285366 0.263945 0.209717 -0.0689979 -0.0946745 -0.125543
internal_weight=10800 6810 3990 1827 1767 2163 2108 1773 1695 1629 1294 2132 1977 1792
internal_count=10800 6810 3990 1827 1767 2163 2108 1773 1695 1629 1294 2132 1977 1792
is_linear=0
shrinkage=0.05


Tree=55
num_leaves=15
num_cat=0
split_feature=65 65 65 30 24 24 57 51 51 34 52 3 26 16
split_gain=323433 25940 23122.2 10424.8 10611.1 12552.4 13259 11921.4 9941.26 8170.74 7601.46 6751.11 7005.52 6431.76
threshold=128.45911150000003 24.000000000000004 238.93972450000004 19.962500000000002 318.1844445000001 278.56941200000006 3.5000000000000004 2.5000000000000004 2.5000000000000004 16.935416666666672 0.98611507088852057 66.72361100000002 22.787500000000005 261.91249100000005
decision_type=2 2 2 2 2 2 2 2 2 2 2 2 2 2
left_child=1 -1 3 8 5 6 -5 -8 -2 -10 11 12 -4 -3
right_child=2 13 10 4 -6 -7 7 -9 9 -11 -12 -13 -14 -15
leaf_value=-0.27381889663666942 -0.59378853888483718 -0.088358977612108466 0.48154984783875332 0.2997850817516734 -0.25557243973016741 0.52827765084047162 0.075019128823151662 -0.83296441626548767 -0.50122372474935328 0.24572503038015464 -0.10845092062040099 0.27802748636777758 0.76072629636714462 0.24306847709172136
leaf_weight=4678 63 1997 1505 776 86 461 130 49 44 196 55 335 268 157
leaf_count=4678 63 1997 1505 776 86 461 130 49 44 196 55 335 268 157
internal_value=0.000800894 -0.207718 0.359785 0.22746 0.281398 0.314168 0.210369 -0.176782 -0.0399661 0.107273 0.470052 0.48519 0.524154 -0.0641004
internal_weight=10800 6832 3968 1805 1502 1416 955 179 303 240 2163 2108 1773 2154
internal_count=10800 6832 3968 1805 1502 1416 955 179 303 240 2163 2108 1773 2154
is_linear=0
shrinkage=0.05


Tree=56
num_leaves=15
num_cat=0
split_feature=65 65 64 21 29 24 8 21 32 57 53 36 21 33
split_gain=292113 34513 12982.8 12786.8 12598.8 10907.8 10156.2 9462.09 9582.01 8655.68 10653.9 9909.21 8015.61 7257.23
threshold=164.68652700000004 86.489938500000008 240.48060850000005 1.4305838189958214e-05 21.962500000000002 278.91518350000007 262.36879000000005 1.0749051175988377e-05 20.487500000000004 3.5000000000000004 0.77259657388510627 18.666666666666668 2.0423881254350706e-06 23.068750000000005
decision_type=2 2 2 2 2 2 2 2 2 2 2 2 2 2
left_child=1 -1 3 4 7 9 13 8 12 11 -11 -3 -2 -7
right_child=2 5 -4 -5 -6 6 -8 -9 -10 10 -12 -13 -14 -15
leaf_value=-0.23681255584519573 0.55706561170432956 -0.62673435117684162 0.47424610609148382 0.15153046695717201 0.689657504131718 0.14646851798089652 -0.48063118616739908 0.77158234521244351 -0.086519451834432812 -0.5680104727355334 -0.0083526770422085589 0.097361112218842638 0.10343914831245549 0.57559267610311504
leaf_weight=5754 217 50 1663 941 285 259 44 88 179 155 187 642 177 159
leaf_count=5754 217 50 1663 941 285 259 44 88 179 155 187 642 177 159
internal_value=0.000762045 -0.181195 0.372312 0.282274 0.412029 0.0327375 0.234445 0.291465 0.216514 -0.0575268 -0.262915 0.0442132 0.354057 0.310684
internal_weight=10800 7250 3550 1887 946 1496 462 661 573 1034 342 692 394 418
internal_count=10800 7250 3550 1887 946 1496 462 661 573 1034 342 692 394 418
is_linear=0
shrinkage=0.05


Tree=57
num_leaves=15
num_cat=0
split_feature=65 65 65 53 52 45 25 32 51 36 36 54 49 30
split_gain=263927 21405.5 19764.8 8347.22 7847.02 11379.9 16776 13558.1 8180.08 8635.49 7625 7659.84 7024.93 7881.89
threshold=127.49180350000002 24.000000000000004 190.59982400000004 -0.097964660725097366 0.47114434510950087 82.739583333333357 105.3195466553865 21.012500000000003 2.5000000000000004 23.614322916666669 25.307031250000005 -0.8783796973249266 3.5000000000000004 19.762500000000003
decision_type=2 2 2 2 2 2 2 2 2 2 2 2 2 2
left_child=1 -1 10 -4 -5 6 7 -6 9 -7 11 -2 13 -10
right_child=2 -3 3 4 5 8 -8 -9 12 -11 -12 -13 -14 -15
leaf_value=-0.24829277520404971 -0.45494177228590449 -0.057113075839559491 -0.027717304401761612 0.32046125449374507 0.74152859298352203 -0.042646110847748386 0.34696998757564973 1.5888111406756986 0.31835092421768624 0.48130315957563141 0.54019030136066482 0.10525546715628818 0.11451465561594293 0.72452527748935514
leaf_weight=4678 66 2132 120 1594 220 190 222 61 201 133 90 684 106 303
leaf_count=4678 66 2132 120 1594 220 190 222 61 201 133 90 684 106 303
internal_value=0.000731164 -0.188458 0.323598 0.381055 0.397248 0.482201 0.674124 0.93044 0.378121 0.173917 0.107938 0.055418 0.485787 0.56349
internal_weight=10800 6810 3990 3150 3030 1436 503 281 933 323 840 750 610 504
internal_count=10800 6810 3990 3150 3030 1436 503 281 933 323 840 750 610 504
is_linear=0
shrinkage=0.05


Tree=58
num_leaves=15
num_cat=0
split_feature=65 65 65 36 40 30 45 13 33 32 35 36 25 36
split_gain=238254 19318.7 17846.1 8114.05 7589.76 6898.08 7938.46 6825.09 8686.62 11197.6 8562.33 10429.5 8238.18 9583.55
threshold=127.49180350000002 24.000000000000004 190.59982400000004 18.395963541666671 92.375000000000014 19.962500000000002 83.427083333333357 0.1662472149511437 22.940625000000004 20.162500000000005 20.833854166666672 24.179687500000004 104.66497572821065 24.217317708333336
decision_type=2 2 2 2 2 2 2 2 2 2 2 2 2 2
left_child=1 -1 5 4 -4 6 -2 8 9 -5 -11 -12 13 -10
right_child=2 -3 3 7 -6 -7 -8 -9 12 10 11 -13 -14 -15
leaf_value=-0.2358807823244744 -0.75300044673184552 -0.054258759349189001 -0.26743684083897062 0.49838435394276576 0.54782951423307746 0.17363703615232198 0.023796343791290999 0.21015122438786046 0.3881962189014922 -0.031885596996907038 0.43676919622294641 0.078254154721863853 0.46718978260056565 1.3095052064993444
leaf_weight=4678 44 2132 93 978 40 674 122 503 46 197 678 290 248 77
leaf_count=4678 44 2132 93 978 40 674 122 503 46 197 678 290 248 77
internal_value=0.000715215 -0.179037 0.307478 0.362075 -0.0199855 0.102553 -0.185378 0.378919 0.412588 0.373574 0.26846 0.329554 0.636336 0.97086
internal_weight=10800 6810 3990 3150 133 840 166 3017 2514 2143 1165 968 371 123
internal_count=10800 6810 3990 3150 133 840 166 3017 2514 2143 1165 968 371 123
is_linear=0
shrinkage=0.05


Tree=59
num_leaves=15
num_cat=0
split_feature=65 65 65 36 24 24 57 25 52 32 52 52 22 61
split_gain=215062 17435.4 16565.5 8489.54 8152.6 12955.3 16701.8 6813.51 6506.17 6499.06 5828.05 9741.81 6077.16 8732.64
threshold=127.49180350000002 24.000000000000004 238.93972450000004 18.091406250000002 318.1844445000001 278.56941200000006 3.5000000000000004 104.10919296887657 0.98611507088852057 19.012500000000003 -0.9103761370219875 -0.8814490726585632 136.69453288541669 -0.68322629814330815
decision_type=2 2 2 2 2 2 2 2 2 2 2 2 2 2
left_child=1 -1 3 -2 5 6 -5 9 -4 -8 -3 -12 -13 -14
right_child=2 10 8 4 -6 -7 7 -9 -10 -11 11 12 13 -15
leaf_value=-0.22408928420712335 -0.39934917077666426 0.43021255096451183 0.39978941142345542 0.22760870419747087 -0.26586625513024215 0.4402620540002376 -0.60945168519797532 -0.74453194050715776 -0.14874822406896523 0.080221537864746006 -0.61027205900489534 -0.10196189317908702 0.48204748316815027 -0.0032508069638095393
leaf_weight=4678 60 60 2108 955 88 495 45 52 55 132 78 1385 113 496
leaf_count=4678 60 60 2108 955 88 495 45 52 55 132 78 1385 113 496
internal_value=0.000692367 -0.170087 0.292143 0.181136 0.201061 0.225678 0.13567 -0.247067 0.385779 -0.0975579 -0.0515471 -0.0656985 -0.044101 0.087439
internal_weight=10800 6810 3990 1827 1767 1679 1184 229 2163 177 2132 2072 1994 609
internal_count=10800 6810 3990 1827 1767 1679 1184 229 2163 177 2132 2072 1994 609
is_linear=0
shrinkage=0.05


Tree=60
num_leaves=15
num_cat=0
split_feature=65 65 9 29 30 47 25 24 25 57 36 36 24 41
split_gain=194235 20404.4 14032.8 10163.9 8723.07 8484.87 8259.99 10952.4 19296.5 11665.4 10114.2 8526.47 7992.42 6491.15
threshold=141.29982250000003 86.489938500000008 95.869577000000007 21.112500000000004 19.762500000000003 78.209635416666671 110.83558801624868 277.75656700000008 104.00661095731722 3.5000000000000004 24.799479166666671 25.21510416666667 297.26105400000006 84.875000000000014
decision_type=2 2 2 2 2 2 2 2 2 2 2 2 2 2
left_child=1 -1 4 -3 5 -2 7 8 10 -10 -6 -8 -9 -5
right_child=2 3 -4 13 6 -7 11 12 9 -11 -12 -13 -14 -15
leaf_value=-0.19431574291671805 -0.14344634500607931 -0.10253631653413914 0.035873359071600969 0.13097825870869587 0.35954137931564745 0.29449884065908605 -0.29599290090276209 0.5859446757291995 0.21764245013243896 -0.44836150636943456 1.1150479181953099 0.33998888994877541 0.11564948348185192 0.76280629487538887
leaf_weight=5754 178 708 470 547 1419 289 93 768 146 118 45 119 103 43
leaf_count=5754 178 708 470 547 1419 289 93 768 146 118 45 119 103 43
internal_value=0.000652907 -0.153927 0.291464 0.025128 0.328088 0.127623 0.361335 0.385807 0.312597 -0.0806097 0.383509 0.0609171 0.530526 0.17824
internal_weight=10800 7052 3748 1298 3278 467 2811 2599 1728 264 1464 212 871 590
internal_count=10800 7052 3748 1298 3278 467 2811 2599 1728 264 1464 212 871 590
is_linear=0
shrinkage=0.05


Tree=61
num_leaves=15
num_cat=0
split_feature=65 65 64 25 45 24 8 57 53 36 26 43 47 29
split_gain=175469 21807.6 9613.18 9648.52 12315.5 8886.81 8817.98 7220.63 9461.86 8469.14 6453.93 7296.87 6266.05 8766.1
threshold=164.68652700000004 86.489938500000008 240.48060850000005 1.3929144003015315 81.302083333333357 278.91518350000007 262.36879000000005 3.5000000000000004 0.77259657388510627 18.666666666666668 23.512500000000003 74.625000000000014 82.251302083333357 18.112500000000004
decision_type=2 2 2 2 2 2 2 2 2 2 2 2 2 2
left_child=1 -1 3 4 -2 7 10 9 -9 -3 11 -7 13 -5
right_child=2 5 -4 12 -6 6 -8 8 -10 -11 -12 -13 -14 -15
leaf_value=-0.18460165705904041 0.96196446128097579 -0.57917165054994468 0.37628758043769128 -0.29229901206008224 0.28927094913591633 -0.29386647586304115 -0.45451777617136635 -0.5269256982856837 0.00045020270775607296 0.090244568752133603 0.56603686307721279 0.29143244829768683 0.39715788045204153 0.14480449600475531
leaf_weight=5754 80 50 1663 128 438 70 44 155 187 642 135 213 203 1038
leaf_count=5754 80 50 1663 128 438 70 44 155 187 642 135 213 203 1038
internal_value=0.000633093 -0.140392 0.2886 0.211162 0.394815 0.0296616 0.211727 -0.0518128 -0.239405 0.0411104 0.282776 0.146134 0.141435 0.0966112
internal_weight=10800 7250 3550 1887 518 1496 462 1034 342 692 418 283 1369 1166
internal_count=10800 7250 3550 1887 518 1496 462 1034 342 692 418 283 1369 1166
is_linear=0
shrinkage=0.05


Tree=62
num_leaves=15
num_cat=0
split_feature=65 65 65 27 21 36 36 49 52 45 57 29 46 51
split_gain=158649 13700.6 13019.8 6329.68 7725.51 6451.84 5997.26 6350.03 5901.01 8269.86 7182.91 7251.37 7005.94 6802
threshold=127.49180350000002 24.000000000000004 190.59982400000004 22.087500000000002 22.519823249024842 24.250520833333336 25.307031250000005 4.5000000000000009 -0.41248606129204551 76.760416666666671 3.5000000000000004 16.862500000000004 87.942708333333357 2.5000000000000004
decision_type=2 2 2 2 2 2 2 2 2 2 2 2 2 2
left_child=1 -1 6 5 -5 8 7 -2 -4 -10 11 -11 -12 -13
right_child=2 -3 3 4 -6 -7 -8 -9 9 10 12 13 -14 -15
leaf_value=-0.19394538597715133 0.085898437101684891 -0.040998662313541594 0.084590073497365081 0.6993082941189791 0.32530075629462696 0.022363352926143588 0.45924078825410908 -0.34384023169375433 0.81590189569526261 -0.18079175371972345 0.19807496295138827 0.22242226996577533 -0.38526563257688573 0.45133645361831376
leaf_weight=4678 652 2132 309 194 488 256 90 98 80 62 281 510 62 908
leaf_count=4678 652 2132 309 194 488 256 90 98 80 62 281 510 62 908
internal_value=0.000605082 -0.146076 0.250929 0.297561 0.432558 0.260096 0.0759125 0.0293628 0.287587 0.320486 0.29831 0.346072 0.091818 0.36922
internal_weight=10800 6810 3990 3150 682 2468 840 750 2212 1903 1823 1480 343 1418
internal_count=10800 6810 3990 3150 682 2468 840 750 2212 1903 1823 1480 343 1418
is_linear=0
shrinkage=0.05


Tree=63
num_leaves=15
num_cat=0
split_feature=65 65 65 47 42 16 36 43 15 5 53 52 46 25
split_gain=143334 15045.9 9705.68 9321.23 11282.7 6613.4 6397.6 7193.41 6294.04 6418.75 6137.46 6563.33 9020.58 12181.7
threshold=118.09247850000001 190.59982400000004 24.000000000000004 77.423177083333357 71.125000000000014 261.91249100000005 20.874609375000002 80.125000000000014 61.225635500000003 62.684561500000008 -0.097964660725097366 0.47114434510950087 82.078125000000014 105.3195466553865
decision_type=2 2 2 2 2 2 2 2 2 2 2 2 2 2
left_child=2 3 -1 6 -5 8 -2 -8 9 -4 -3 -12 13 -13
right_child=1 10 5 4 -6 -7 7 -9 -10 -11 11 12 -14 -15
leaf_value=-0.18425018809294696 -0.26469691559672354 -0.067477104931392459 -0.05152679065819963 -0.81042371637680954 -0.01931066380629369 0.28466831068270398 0.061419739033171231 0.41514294828631959 -0.24674602705448612 0.4024207600987102 0.22649477805459117 0.76856273494431404 0.28280566358551257 0.26798629770518967
leaf_weight=4678 69 120 1260 50 388 136 282 293 412 82 1594 275 941 220
leaf_count=4678 69 120 1260 50 388 136 282 293 412 82 1594 275 941 220
internal_value=0.000585103 0.227476 -0.145621 0.0665388 -0.111261 -0.0499635 0.18745 0.242073 -0.0760572 -0.0235103 0.282718 0.296605 0.374218 0.547073
internal_weight=10800 4232 6568 1082 438 1890 644 575 1754 1342 3150 3030 1436 495
internal_count=10800 4232 6568 1082 438 1890 644 575 1754 1342 3150 3030 1436 495
is_linear=0
shrinkage=0.05


Tree=64
num_leaves=15
num_cat=0
split_feature=65 65 65 36 43 36 35 31 35 52 25 21 47 36
split_gain=129376 11348.1 10876.1 6855.29 6897.46 10674.9 8265.84 6857.9 6802.41 5463.75 5276.36 5227.8 4869.5 7413.61
threshold=128.45911150000003 24.000000000000004 238.93972450000004 18.395963541666671 82.625000000000014 23.762239583333336 22.169791666666672 22.437500000000004 20.734375000000004 0.98611507088852057 104.33527907377577 31.621119217728012 85.403645833333357 18.395963541666671
decision_type=2 2 2 2 2 2 2 2 2 2 2 2 2 2
left_child=1 -1 3 -2 6 -6 7 -5 -9 12 -10 -7 13 -4
right_child=2 -3 9 4 5 11 -8 8 10 -11 -12 -13 -14 -15
leaf_value=-0.17503965118038881 -0.36366394473747776 -0.03633157969981847 -0.21783498792505976 0.17478413617793931 0.1477865827288678 0.7253180986900124 0.21260878139347505 -0.82279557898944733 0.1286095732259889 -0.18600543159991503 -0.41113850355419956 0.25801567868628633 0.7001109665632248 0.31831776204688739
leaf_weight=4678 65 2154 66 113 840 138 313 48 85 55 95 108 79 1963
leaf_count=4678 65 2154 66 113 840 138 313 48 85 55 95 108 79 1963
internal_value=0.000560776 -0.131319 0.227604 0.136871 0.155767 0.232964 0.0274179 -0.142691 -0.300113 0.303223 -0.156955 0.522036 0.316069 0.300779
internal_weight=10800 6832 3968 1805 1740 1086 654 341 228 2163 180 246 2108 2029
internal_count=10800 6832 3968 1805 1740 1086 654 341 228 2163 180 246 2108 2029
is_linear=0
shrinkage=0.05


Tree=65
num_leaves=15
num_cat=0
split_feature=65 65 36 64 27 21 47 36 32 35 22 47 47 54
split_gain=117042 12465.5 8862.43 8073.21 5537.42 6652.36 5918.39 8018.4 6724.41 7300.07 7042.45 6987.55 8168.07 5407.17
threshold=118.09247850000001 190.59982400000004 25.307031250000005 85.15667950000001 22.087500000000002 22.519823249024842 85.121093750000014 18.395963541666671 20.212500000000002 20.734375000000004 138.52227504166669 68.649739583333357 69.212239583333357 -0.8783796973249266
decision_type=2 2 2 2 2 2 2 2 2 2 2 2 2 2
left_child=3 2 13 -1 6 -6 7 -3 10 -10 -9 -11 -13 -2
right_child=1 4 -4 -5 5 -7 -8 8 9 11 -12 12 -14 -15
leaf_value=-0.16375272214309589 -0.32010862796059386 -0.24007054763865107 0.47608317011281065 -0.036045856008633463 0.62951193474806277 0.28260822691609472 0.56380497800807161 0.27531497675931621 -0.14272648299940757 -0.064609255260214785 0.73293155297156309 0.93996253567082544 0.22332604238830811 0.052170306420046733
leaf_weight=4913 109 97 113 1655 194 488 119 930 188 207 92 41 794 860
leaf_count=4913 109 97 113 1655 194 488 119 930 188 207 92 41 794 860
internal_value=0.000534836 0.205563 0.0590768 -0.131584 0.255846 0.382065 0.220826 0.203218 0.22241 0.143468 0.317186 0.195191 0.259596 0.0100069
internal_weight=10800 4232 1082 6568 3150 682 2468 2349 2252 1230 1022 1042 835 969
internal_count=10800 4232 1082 6568 3150 682 2468 2349 2252 1230 1022 1042 835 969
is_linear=0
shrinkage=0.05


Tree=66
num_leaves=15
num_cat=0
split_feature=65 9 54 24 26 45 57 65 16 41 65 47 15 5
split_gain=105668 12311.5 10117 7879.68 7672.98 7664.86 9654.8 6852.79 6276.68 6058.31 5850.1 5807.09 5455.76 5649.38
threshold=116.18365950000002 100.74374050000002 -0.8783796973249266 257.54432450000007 21.112500000000004 75.020833333333357 3.5000000000000004 24.000000000000004 261.91249100000005 85.125000000000014 267.06350950000007 78.115885416666671 61.225635500000003 62.684561500000008
decision_type=2 2 2 2 2 2 2 2 2 2 2 2 2 2
left_child=7 2 3 -2 5 -4 10 -1 12 11 -7 -6 13 -9
right_child=1 -3 4 -5 9 6 -8 8 -10 -11 -12 -13 -14 -15
leaf_value=-0.15827422874252572 -0.64568865445622237 0.00076021230130413455 0.85634734935703749 0.15227707917528119 0.34125956673971758 0.17195095028278723 -0.038283919450330821 -0.046315097873918271 0.29054864779625161 0.64389374513863307 0.38662663794045027 -0.0089574291548038375 -0.23181117040789068 0.39774024241456862
leaf_weight=4678 56 693 41 67 1071 1211 427 1244 129 146 431 133 398 75
leaf_count=4678 56 693 41 67 1071 1211 427 1244 129 146 431 133 398 75
internal_value=0.000522948 0.19368 0.230982 -0.213302 0.246833 0.187119 0.17345 -0.126087 -0.0444804 0.339957 0.228501 0.302597 -0.069806 -0.0207834
internal_weight=10800 4276 3583 123 3460 2110 2069 6524 1846 1350 1642 1204 1717 1319
internal_count=10800 4276 3583 123 3460 2110 2069 6524 1846 1350 1642 1204 1717 1319
is_linear=0
shrinkage=0.05


Tree=67
num_leaves=15
num_cat=0
split_feature=65 9 54 24 33 45 57 65 53 22 46 47 16 32
split_gain=95377.9 11124.5 9209.88 7124.14 7021.35 7393.53 9459.64 6301.24 6539.11 6163.41 6522.56 6473.74 5977.06 5809.57
threshold=116.18365950000002 97.706414000000009 -0.8783796973249266 257.54432450000007 21.243750000000002 75.718750000000014 3.5000000000000004 28.000000000000004 0.93540483100319638 23.216666666666672 84.765625000000014 78.115885416666671 261.91249100000005 20.587500000000002
decision_type=2 2 2 2 2 2 2 2 2 2 2 2 2 2
left_child=7 2 3 -2 5 -4 13 -1 12 -6 11 -11 -9 -7
right_child=1 -3 4 -5 9 6 -8 8 -10 10 -12 -13 -14 -15
leaf_value=-0.1424127714542702 -0.61397062749193432 0.007998064628985245 0.83599002559979763 0.14477519410224085 0.6169243079349862 0.28422285928284041 -0.045839689073475055 -0.085329148474079963 0.48209732092384788 0.2868786334762306 0.60924731801817389 -0.10877593672141815 0.27613296409065907 0.080179592314378573
leaf_weight=5382 56 742 41 67 160 1110 421 951 62 916 137 116 129 510
leaf_count=5382 56 742 41 67 160 1110 421 951 62 916 137 116 129 510
internal_value=0.000506577 0.184018 0.220962 -0.202836 0.236299 0.178834 0.16523 -0.119781 -0.0130918 0.326122 0.285827 0.242344 -0.041939 0.220076
internal_weight=10800 4276 3534 123 3411 2082 2041 6524 1142 1329 1169 1032 1080 1620
internal_count=10800 4276 3534 123 3411 2082 2041 6524 1142 1329 1169 1032 1080 1620
is_linear=0
shrinkage=0.05


Tree=68
num_leaves=15
num_cat=0
split_feature=65 9 54 24 24 57 25 24 65 29 28 52 46 51
split_gain=86090.7 10075 8261.02 6441.04 6391.88 14265.5 8388.89 7839.1 5739 5639.09 5323.85 5625.72 7507.8 9933.51
threshold=116.18365950000002 100.74374050000002 -0.8783796973249266 257.54432450000007 277.75656700000008 3.5000000000000004 104.10919296887657 300.20324800000009 24.000000000000004 16.512500000000003 24.487500000000004 0.35206144883412582 82.807291666666671 2.5000000000000004
decision_type=2 2 2 2 2 2 2 2 2 2 2 2 2 2
left_child=8 2 3 -2 5 9 -7 -6 -1 -4 11 -11 -13 -14
right_child=1 -3 4 -5 7 6 -8 -9 -10 10 -12 12 13 -15
leaf_value=-0.14324309976469327 -0.58381066322326658 0.00032292825367129935 -0.25280618245402969 0.13764288771609942 0.38238382862574499 0.05935335141462339 -0.46356865152561416 0.065183865988574285 -0.039107917415707523 0.12876987817339236 0.79150108944538033 0.52576964511685209 -0.062894966251669668 0.33824670078106844
leaf_weight=4678 56 693 59 67 943 212 119 246 1846 811 42 280 217 531
leaf_count=4678 56 693 59 67 943 212 119 246 1846 811 42 280 217 531
internal_value=0.000493412 0.174841 0.208586 -0.192883 0.222909 0.1736 -0.129476 0.316866 -0.113788 0.22535 0.240475 0.227467 0.305129 0.221944
internal_weight=10800 4276 3583 123 3460 2271 331 1189 6524 1940 1881 1839 1028 748
internal_count=10800 4276 3583 123 3460 2271 331 1189 6524 1940 1881 1839 1028 748
is_linear=0
shrinkage=0.05


Tree=69
num_leaves=15
num_cat=0
split_feature=65 65 29 41 36 49 46 47 22 43 28 36 36 29
split_gain=77859.7 14033.5 9489.2 9754.59 5754.74 5175.46 6012.86 5635.88 5866 6145.31 4864.27 6309.26 8535.96 8083.4
threshold=190.59982400000004 86.489938500000008 21.112500000000004 86.625000000000014 18.091406250000002 2.5000000000000004 78.609375000000014 80.944010416666671 133.75868253125 79.875000000000014 18.725000000000005 21.214843750000004 20.572395833333335 21.962500000000002
decision_type=2 2 2 2 2 2 2 2 2 2 2 2 2 2
left_child=1 -1 4 -4 -3 -6 -7 8 -8 -10 -2 12 -12 -13
right_child=10 2 3 -5 5 6 7 -9 9 -11 11 13 -14 -15
leaf_value=-0.12454248019335526 0.036017930243828426 -0.56233266549451011 0.10734901001703274 0.74931520880199975 0.073891941709690517 0.2228446605005141 -0.63758023235405625 0.013744211265323115 -0.45709085814538408 0.18995721629437279 0.15700499472836849 0.08405644657545476 0.59203388480137487 0.27420631118652466
leaf_weight=5754 358 55 794 63 490 86 116 146 79 67 202 931 257 1402
leaf_count=5754 358 55 794 63 490 86 116 146 79 67 202 931 257 1402
internal_value=0.000472831 -0.0856741 0.0322877 0.15536 -0.0692778 -0.0411759 -0.155231 -0.235273 -0.373563 -0.160886 0.209647 0.23189 0.401341 0.198394
internal_weight=10800 7650 1896 857 1039 984 494 408 262 146 3150 2792 459 2333
internal_count=10800 7650 1896 857 1039 984 494 408 262 146 3150 2792 459 2333
is_linear=0
shrinkage=0.05


Tree=70
num_leaves=15
num_cat=0
split_feature=65 65 36 43 24 49 30 22 32 64 52 45 17 52
split_gain=70380.4 8793.31 6898.73 6926.4 8178.88 5518.43 5425.81 7944.19 8423.28 5306.12 6129.44 5291.34 5246.93 4584.41
threshold=116.18365950000002 238.93972450000004 25.173697916666672 82.375000000000014 296.45735250000007 3.5000000000000004 27.562500000000004 137.21175876562504 20.412500000000005 201.94949500000004 0.35206144883412582 71.677083333333357 76.423149597557384 0.98611507088852057
decision_type=2 2 2 2 2 2 2 2 2 2 2 2 2 2
left_child=9 2 3 6 5 -5 7 8 -2 12 -11 -4 -1 -3
right_child=1 13 11 4 -6 -7 -8 -9 -10 10 -12 -13 -14 -15
leaf_value=-0.1213608823414655 -0.33527073256247414 0.24072400045397019 -0.0058444819755003423 0.15673335916345729 0.61623454999320115 -0.093230574986348486 0.2556344433150326 -0.38973741259852157 0.17253249619805749 0.39889227895290352 -0.050892367855623726 0.4924130819017245 0.16628657782370329 -0.21868405307510069
leaf_weight=6002 122 2108 78 822 78 301 103 200 242 107 253 167 162 55
leaf_count=6002 122 2108 78 822 78 301 103 200 242 107 253 167 162 55
internal_value=0.000452518 0.158092 0.0854863 0.0526775 0.124391 0.0897117 -0.0764433 -0.137434 0.00188246 -0.102877 0.0835283 0.334405 -0.113775 0.228947
internal_weight=10800 4276 2113 1868 1201 1123 667 564 364 6524 360 245 6164 2163
internal_count=10800 4276 2113 1868 1201 1123 667 564 364 6524 360 245 6164 2163
is_linear=0
shrinkage=0.05


Tree=71
num_leaves=15
num_cat=0
split_feature=65 65 29 41 36 46 36 26 28 36 36 24 22 24
split_gain=63557.8 11465.9 8321.2 8544.09 5000.08 4798.46 6333.53 5089.46 4283.56 5351.55 8106.51 7154.75 10231.8 8421.36
threshold=190.59982400000004 86.489938500000008 21.112500000000004 86.625000000000014 18.091406250000002 80.963541666666671 21.399479166666669 19.012500000000003 18.425000000000001 21.166796875000006 20.572395833333335 277.75656700000008 144.14977325520837 288.22990800000008
decision_type=2 2 2 2 2 2 2 2 2 2 2 2 2 2
left_child=1 -1 4 -4 -3 -6 -7 -8 -2 10 -10 12 -11 -13
right_child=8 2 3 -5 5 6 7 -9 9 11 -12 13 -14 -15
leaf_value=-0.11253103213510166 0.018628171405783208 -0.52547344437667298 0.099545576207972372 0.70035662777954721 0.16924574829811276 0.047355872082458006 -0.73998202515972988 -0.17354749627948152 0.13889473554085602 0.12750354597107089 0.5544748539897596 0.40158335248039362 -0.63969306415981719 0.11104546698999487
leaf_weight=5754 329 55 794 63 214 380 44 346 219 1283 254 585 44 436
leaf_count=5754 329 55 794 63 214 380 44 346 219 1283 254 585 44 436
internal_value=0.00043584 -0.0773978 0.0292279 0.144477 -0.065881 -0.039685 -0.0978957 -0.239182 0.189425 0.209331 0.362759 0.178281 0.101603 0.277744
internal_weight=10800 7650 1896 857 1039 984 770 390 3150 2821 473 2348 1327 1021
internal_count=10800 7650 1896 857 1039 984 770 390 3150 2821 473 2348 1327 1021
is_linear=0
shrinkage=0.05


Tree=72
num_leaves=15
num_cat=0
split_feature=65 9 54 26 45 32 22 24 47 22 46 47 17 24
split_gain=57473 7666.3 6224.59 5234.51 5919.11 6993.07 8596.03 8191.74 7541.98 5286.43 5835.35 5671.32 5394.99 5189.46
threshold=116.18365950000002 97.299574000000021 -0.8783796973249266 21.112500000000004 75.020833333333357 20.512500000000003 127.35229659895835 268.00463550000006 78.904947916666671 23.216666666666672 84.765625000000014 78.115885416666671 1.9810494292234628e-06 257.54432450000007
decision_type=2 2 2 2 2 2 2 2 2 2 2 2 2 2
left_child=-1 2 13 4 -4 6 -6 -8 -9 12 11 -11 -5 -2
right_child=1 -3 3 9 5 -7 7 8 -10 10 -12 -13 -14 -15
leaf_value=-0.092959904229732312 -0.52538185582349184 -0.0017122972674394354 0.72476623690731479 0.76585643194159692 0.09710361493912377 0.0043806294099536965 0.711535295205457 0.44519414546870695 -0.025872791919085248 0.22798499208097192 0.5361063392515536 -0.14088614084205384 0.17227759985969618 0.12220684357316179
leaf_weight=6524 56 755 41 97 809 758 125 193 151 909 134 117 64 67
leaf_count=6524 56 755 41 97 809 758 125 193 151 909 134 117 64 67
internal_value=0.000414868 0.142868 0.173861 0.186518 0.136914 0.124726 0.196046 0.366146 0.238942 0.264348 0.226715 0.185825 0.53242 -0.17449
internal_weight=10800 4276 3521 3398 2077 2036 1278 469 344 1321 1160 1026 161 123
internal_count=10800 4276 3521 3398 2077 2036 1278 469 344 1321 1160 1026 161 123
is_linear=0
shrinkage=0.05


Tree=73
num_leaves=15
num_cat=0
split_feature=65 9 26 8 24 57 24 28 52 51 48 24 24 25
split_gain=51994.7 12034.8 6621.63 6543.56 5258.85 14189.3 8662.27 6112.14 5489.78 6645.85 5401.32 4873.32 7634.33 5494.62
threshold=87.445244000000017 95.869577000000007 19.012500000000003 258.65802250000007 277.75656700000008 3.5000000000000004 300.20324800000009 24.712500000000002 0.35206144883412582 2.5000000000000004 1.3750000000000002 296.45735250000007 288.22990800000008 103.58154791507557
decision_type=2 2 2 2 2 2 2 2 2 2 2 2 2 2
left_child=-1 4 -3 -4 5 7 11 -2 -7 -10 -8 12 13 -6
right_child=1 2 3 -5 6 8 10 -9 9 -11 -12 -13 -14 -15
leaf_value=-0.10190104522928289 0.16974766126379981 -0.28513266873353771 0.073187195822282211 -0.3341389120308631 0.055820227914408549 0.038948423746559359 -0.52072790715583539 0.78753954270264004 -0.096372665751531916 -0.65502105724157367 0.090865305960437071 0.56820573822694753 -0.091513736453271127 0.39767466426205056
leaf_weight=5776 1876 188 1033 108 148 269 42 40 153 81 224 158 127 577
leaf_count=5776 1876 188 1033 108 148 269 42 40 153 81 224 158 127 577
internal_value=0.000408107 0.118028 -0.0110043 0.0343734 0.164428 0.12102 0.24656 0.183049 -0.115153 -0.291715 -0.00729066 0.313357 0.265486 0.328062
internal_weight=10800 5024 1329 1141 3695 2419 1276 1916 503 234 266 1010 852 725
internal_count=10800 5024 1329 1141 3695 2419 1276 1916 503 234 266 1010 852 725
is_linear=0
shrinkage=0.05


Tree=74
num_leaves=15
num_cat=0
split_feature=65 65 31 8 61 9 32 29 47 17 47 42 54 25
split_gain=47123 8674.73 6440.87 5599.14 5534.66 10222.9 10185.1 6848.68 14446.6 4914.91 4655.1 4580.66 5854.26 5123.39
threshold=190.59982400000004 28.000000000000004 18.512500000000003 258.65802250000007 -0.29012925520284105 100.74374050000002 21.787500000000005 21.262500000000003 64.203125000000014 2.9592160239579114e-06 67.460937500000014 83.125000000000014 0.6078576107927941 103.22184386055243
decision_type=2 2 2 2 2 2 2 2 2 2 2 2 2 2
left_child=1 -1 -3 4 5 6 9 11 -9 -4 -10 12 -6 -14
right_child=-2 2 3 -5 7 -7 -8 8 10 -11 -12 -13 13 -15
leaf_value=-0.10118930371592041 0.16311881250451502 -0.31066500636368571 -0.29625991903180582 -0.25226546311570752 -0.0012914939610734245 -0.40775813998892008 0.24962434863088903 -0.43504939767030576 0.88917740993879057 0.034536762135285962 0.36944892484045355 -0.086713273097870885 0.58071359576363313 -0.010324651075696405
leaf_weight=5382 3150 141 200 154 220 148 341 51 54 254 217 321 113 54
leaf_count=5382 3150 141 200 154 220 148 341 51 54 254 217 321 113 54
internal_value=0.000388152 -0.0666312 0.0153843 0.0371342 0.0598392 -0.0276756 0.0435052 0.139911 0.330718 -0.111519 0.475899 0.0527876 0.168423 0.390676
internal_weight=10800 7650 2268 2127 1973 943 795 1030 322 454 271 708 387 167
internal_count=10800 7650 2268 2127 1973 943 795 1030 322 454 271 708 387 167
is_linear=0
shrinkage=0.05


Tree=75
num_leaves=15
num_cat=0
split_feature=65 65 31 8 61 9 32 29 47 47 17 13 53 52
split_gain=42529 7830.08 5817.26 5056.76 5000.4 9232.04 9195.59 6188.26 12640.9 5420.21 4437.98 4298.54 3977 5219.92
threshold=190.59982400000004 28.000000000000004 18.512500000000003 258.65802250000007 -0.29012925520284105 100.74374050000002 21.787500000000005 21.112500000000004 64.203125000000014 66.623697916666686 2.9592160239579114e-06 3.6635745108450748 -0.097964660725097366 0.5277851165098012
decision_type=2 2 2 2 2 2 2 2 2 2 2 2 2 2
left_child=1 -1 -3 4 5 6 10 -6 -9 -10 -4 -7 -2 -14
right_child=12 2 3 -5 7 11 -8 8 9 -11 -12 -13 13 -15
leaf_value=-0.096130775296397977 -0.12651912852629157 -0.29524114597851125 -0.28152062162474278 -0.23973356716575164 0.046413123472262563 -0.65805357573805634 0.23717962617220698 -0.41371524594724179 0.91540154170016863 0.33516887203450546 0.03281669529629689 -0.11898141852641282 0.1070236639030081 0.2391101165307867
leaf_weight=5382 120 141 200 154 688 73 341 51 48 243 254 75 1675 1355
leaf_count=5382 120 141 200 154 688 73 341 51 48 243 254 75 1675 1355
internal_value=0.000370528 -0.0632981 0.0146222 0.0352923 0.0568697 -0.0263141 0.0413292 0.132979 0.30648 0.433685 -0.105972 -0.387507 0.154965 0.166151
internal_weight=10800 7650 2268 2127 1973 943 795 1030 342 291 454 148 3150 3030
internal_count=10800 7650 2268 2127 1973 943 795 1030 342 291 454 148 3150 3030
is_linear=0
shrinkage=0.05


Tree=76
num_leaves=15
num_cat=0
split_feature=65 64 54 25 25 45 30 47 51 32 46 47 36 46
split_gain=38385 7148.55 4616.41 4996.69 6477.74 8322.01 4761.19 5733.36 4862.38 4564.52 4390.57 3836.9 7229.73 4859.5
threshold=190.59982400000004 102.75268950000002 0.6078576107927941 104.14334355566672 105.4408211443279 76.385416666666671 29.275000000000002 76.108072916666671 1.5000000000000002 22.487500000000004 86.296875000000014 85.121093750000014 18.395963541666671 89.760416666666671
decision_type=2 2 2 2 2 2 2 2 2 2 2 2 2 2
left_child=1 -1 3 -3 5 -5 7 8 -6 10 -4 12 -2 -14
right_child=11 2 9 4 6 -7 -8 -9 -10 -11 -12 -13 13 -15
leaf_value=-0.08922033802255977 -0.28653505022960662 -0.088544134107070904 0.40681194258798464 0.86986911465536876 0.15228488951921465 0.12688998553089631 0.38488477093703821 0.24733416921674062 -0.3027189174527094 -0.065871111219748854 -0.06206339012775848 0.42478140414382026 0.16503859808177196 -0.12924735250102509
leaf_weight=5616 97 980 201 52 79 132 65 103 222 134 66 119 2787 147
leaf_count=5616 97 980 201 52 79 132 65 103 222 134 66 119 2787 147
internal_value=0.000350534 -0.0601367 0.0201692 -0.0171853 0.0898793 0.340429 -0.00893272 -0.0730883 -0.18319 0.171953 0.291111 0.147221 0.136187 0.150255
internal_weight=10800 7650 2034 1633 653 184 469 404 301 401 267 3150 3031 2934
internal_count=10800 7650 2034 1633 653 184 469 404 301 401 267 3150 3031 2934
is_linear=0
shrinkage=0.05


Tree=77
num_leaves=15
num_cat=0
split_feature=65 65 36 57 25 24 52 51 24 42 47 43 46 30
split_gain=34639.8 6595.58 4562.54 4769.53 5363.52 6390.29 5594.46 5256.05 5786.59 4685.66 4202.9 6434.58 5381.76 7541.3
threshold=190.59982400000004 24.000000000000004 17.625651041666668 2.5000000000000004 104.14334355566672 300.20324800000009 -0.63405362205439475 2.5000000000000004 296.45735250000007 74.875000000000014 77.855468750000014 74.625000000000014 86.296875000000014 22.987500000000004
decision_type=2 2 2 2 2 2 2 2 2 2 2 2 2 2
left_child=1 -1 -3 10 6 7 -5 9 -9 -6 11 -4 13 -13
right_child=-2 2 3 4 5 -7 -8 8 -10 -11 -12 12 -14 -15
leaf_value=-0.094118166709970419 0.13986239944259105 -0.46310991644859317 -0.013244524369448691 -0.40026808733315167 0.49362637357774131 -0.2478941827527876 -0.059030586002813093 -0.070247541354703055 0.46718614155151805 -0.00024084540634927614 -0.021026707861223261 0.66004955957913281 -0.11133976427705161 0.11808368992060424
leaf_weight=4678 3150 51 223 133 152 122 1165 279 60 70 399 151 55 112
leaf_count=4678 3150 51 223 133 152 122 1165 279 60 70 399 151 55 112
internal_value=0.000341127 -0.0571196 0.00112916 0.00939039 -0.0346215 0.0787219 -0.0942768 0.150065 0.0259678 0.3386 0.102081 0.192748 0.33679 0.430572
internal_weight=10800 7650 2972 2921 1981 683 1298 561 339 222 940 541 318 263
internal_count=10800 7650 2972 2921 1981 683 1298 561 339 222 940 541 318 263
is_linear=0
shrinkage=0.05


Tree=78
num_leaves=15
num_cat=0
split_feature=65 65 36 57 22 24 51 52 32 55 47 25 25 42
split_gain=31262.6 5953.42 4126.12 4306.43 4885.38 5853.89 5180.31 4661.06 4639.12 4928.43 5500.62 4042.89 9853.14 4797.35
threshold=190.59982400000004 24.000000000000004 17.625651041666668 2.5000000000000004 137.21175876562504 300.20324800000009 1.5000000000000002 -0.63405362205439475 21.312500000000004 -0.56174490092936669 76.108072916666671 103.57210252642052 100.97654148591421 81.875000000000014
decision_type=2 2 2 2 2 2 2 2 2 2 2 2 2 2
left_child=1 -1 -3 11 7 6 -6 -5 -8 10 -10 12 13 -4
right_child=-2 2 3 4 5 -7 8 -9 9 -11 -12 -13 -14 -15
leaf_value=-0.08941326639824991 0.13287149889874786 -0.44039972057709331 0.25999526438855497 -0.38898022297959206 0.46770293477411368 -0.23560024346944278 0.28909592269221324 -0.059433466591637889 -0.35705627400960244 0.26469638361020037 0.20019066485074852 -0.06004214561967687 0.61964329669971274 -0.03892338902100758
leaf_weight=4678 3150 51 225 117 101 122 159 1191 139 88 64 285 100 330
leaf_count=4678 3150 51 225 117 101 122 159 1191 139 88 64 285 100 330
internal_value=0.000325914 -0.0542619 0.00107863 0.00893483 -0.0328858 0.0765055 0.145912 -0.0891859 0.0728112 -0.0459504 -0.181252 0.0970108 0.165334 0.0825095
internal_weight=10800 7650 2972 2921 1981 673 551 1308 450 291 203 940 655 555
internal_count=10800 7650 2972 2921 1981 673 551 1308 450 291 203 940 655 555
is_linear=0
shrinkage=0.05


Tree=79
num_leaves=15
num_cat=0
split_feature=65 64 25 22 33 24 29 64 22 47 36 41 20 45
split_gain=28214.3 5448.09 3725.51 7048.52 3681.02 3671.19 4465.07 3625.11 4447.5 4402.55 5714.39 4487.69 5224.1 5066.31
threshold=190.59982400000004 102.75268950000002 100.22833971946149 129.95237014583338 19.065625000000004 307.27302800000007 23.912500000000005 275.16192850000004 147.37491395312503 82.251302083333357 18.091406250000002 82.625000000000014 97.511644500000003 82.989583333333357
decision_type=2 2 2 2 2 2 2 2 2 2 2 2 2 2
left_child=1 -1 3 -3 -4 -6 -7 9 -9 10 -2 12 13 -12
right_child=7 2 4 -5 5 6 -8 8 -10 -11 11 -13 -14 -15
leaf_value=-0.076935954936113507 -0.32804360158833457 0.0012658708562724374 -0.38053515141093452 -0.39406786066514476 0.12222659675574361 -0.34822235775570715 0.27358212424885658 0.46796823264803833 0.10863680001348258 0.28508165700421223 0.39849645659578137 0.0060028666239121606 0.081042319774165247 0.092882293834486318
leaf_weight=5616 80 684 42 134 1041 92 41 163 183 309 326 844 1012 233
leaf_count=5616 80 684 42 134 1041 92 41 163 183 309 326 844 1012 233
internal_value=0.000312231 -0.051546 0.0185606 -0.0638975 0.0740369 0.0906093 -0.155927 0.12623 0.278778 0.107314 0.0851921 0.0990112 0.148943 0.271505
internal_weight=10800 7650 2034 818 1216 1174 133 3150 346 2804 2495 2415 1571 559
internal_count=10800 7650 2034 818 1216 1174 133 3150 346 2804 2495 2415 1571 559
is_linear=0
shrinkage=0.05


Tree=80
num_leaves=15
num_cat=0
split_feature=65 8 36 57 24 47 24 24 51 34 22 47 36 43
split_gain=25765.4 7653.89 6802.54 5973.25 19631.6 19034.7 11933.9 9957.75 6989.9 7101.21 9434.01 10878.2 6879.51 5789.63
threshold=87.445244000000017 258.65802250000007 18.395963541666671 3.5000000000000004 274.65417650000006 69.212239583333357 273.12119300000006 307.27302800000007 2.5000000000000004 19.917708333333337 143.3531295416667 67.998697916666671 23.976302083333341 83.125000000000014
decision_type=2 2 2 2 2 2 2 2 2 2 2 2 2 2
left_child=-1 2 -2 8 6 7 -5 -6 9 -4 11 -11 -10 -7
right_child=1 -3 3 4 5 13 -8 -9 12 10 -12 -13 -14 -15
leaf_value=-0.071722017971354066 -0.1993527886690572 -0.32201363019187723 -0.25885555595637133 -0.091664361107509293 0.82019615181618277 -0.12083366843677748 -0.66254839715750324 -0.0048871126808226117 0.16070662649502593 0.62445568405712648 -0.10699553630906239 0.11778987787495881 0.41713186156091614 0.2160181072780529
leaf_weight=5776 191 113 155 451 143 287 114 49 1539 119 408 912 315 228
leaf_count=5776 191 113 155 451 143 287 114 49 1539 119 408 912 315 228
internal_value=0.000298053 0.083096 0.0924811 0.10433 0.0117098 0.187192 -0.207819 0.610694 0.138485 0.0616515 0.0963303 0.176819 0.204475 0.0284265
internal_weight=10800 5024 4911 4720 1272 707 565 192 3448 1594 1439 1031 1854 515
internal_count=10800 5024 4911 4720 1272 707 565 192 3448 1594 1439 1031 1854 515
is_linear=0
shrinkage=0.05


Tree=81
num_leaves=15
num_cat=0
split_feature=65 64 53 52 45 22 51 36 48 21 46 17 53 17
split_gain=23492.7 4553.51 3463.48 4603.48 5622.27 11621.1 6422.59 6474.84 5767.45 5379.97 4466.74 5514.46 4362.13 4312.26
threshold=190.59982400000004 102.75268950000002 -0.097964660725097366 0.5277851165098012 82.843750000000014 135.9634828697917 2.5000000000000004 23.614322916666669 3.6250000000000004 9.7600226787990613e-06 89.760416666666671 2.2746480028614838e-05 0.99465189230620699 1.1692635583363182e-06
decision_type=2 2 2 2 2 2 2 2 2 2 2 2 2 2
left_child=1 -1 -2 12 5 8 7 -6 -5 -7 11 13 -4 -8
right_child=2 -3 3 4 6 9 10 -9 -10 -11 -12 -13 -14 -15
leaf_value=-0.070247044542879639 -0.14737308516113226 0.01705777921723042 0.036887813803906759 0.34114562980830671 -0.25900692464990749 -0.16440814804699688 0.25288089161825739 0.20730289702897703 0.97788864467517433 0.28910368195506919 -0.046717304440717852 -0.12604275561102174 0.26603054654719344 0.62093328306208484
leaf_weight=5616 120 2034 1433 65 179 89 268 126 82 240 125 67 242 114
leaf_count=5616 120 2034 1433 65 179 89 268 126 82 240 125 67 242 114
internal_value=0.000285546 -0.047035 0.115185 0.125629 0.194129 0.332406 0.118956 -0.0663195 0.700543 0.166295 0.217348 0.290803 0.0701328 0.364053
internal_weight=10800 7650 3150 3030 1355 476 879 305 147 329 574 449 1675 382
internal_count=10800 7650 3150 3030 1355 476 879 305 147 329 574 449 1675 382
is_linear=0
shrinkage=0.05


Tree=82
num_leaves=15
num_cat=0
split_feature=65 9 26 32 22 34 45 57 22 51 46 6 32 22
split_gain=21328.1 6400.64 4329.65 4660.53 4051.97 3792.99 8154.37 6640.36 4701.5 4994.51 4542.71 4130.37 4083.84 8127.33
threshold=86.489938500000008 95.869577000000007 19.012500000000003 22.012500000000003 132.31922835937505 21.293750000000006 77.010416666666671 3.5000000000000004 23.216666666666672 1.5000000000000002 84.765625000000014 279.73507200000006 20.587500000000002 127.35229659895835
decision_type=2 2 2 2 2 2 2 2 2 2 2 2 2 2
left_child=-1 5 -3 4 -4 6 -2 12 9 -7 11 -10 13 -8
right_child=1 2 3 -5 -6 8 7 -9 10 -11 -12 -13 -14 -15
leaf_value=-0.065512887331795486 0.75349042215162809 -0.23984207484733175 -0.022580151186780618 -0.090256509536476903 0.23165258998702362 0.079673429661326942 0.053246599342941639 -0.10705561863747104 0.075959187518382598 0.61983729516147479 0.37302209154619015 0.39646117703481154 -0.026972217377223964 0.34191423204450055
leaf_weight=5754 41 188 299 534 328 71 695 506 1180 108 177 109 435 375
leaf_count=5754 41 188 299 534 328 71 695 506 1180 108 177 109 435 375
internal_value=0.000281429 0.0753054 -0.0179094 0.0182035 0.110573 0.109314 0.0639206 0.0494942 0.165866 0.407215 0.136139 0.103348 0.102164 0.15464
internal_weight=10800 5046 1349 1161 627 3697 2052 2011 1645 179 1466 1289 1505 1070
internal_count=10800 5046 1349 1161 627 3697 2052 2011 1645 179 1466 1289 1505 1070
is_linear=0
shrinkage=0.05


Tree=83
num_leaves=15
num_cat=0
split_feature=65 9 26 32 47 24 57 24 26 48 52 51 34 65
split_gain=19255.7 5780.31 3909.69 4207.23 3732.52 3630.24 8837.99 6422.52 4981.02 4684.1 4637.79 5379.03 4116.33 4028.11
threshold=86.489938500000008 95.869577000000007 19.012500000000003 22.012500000000003 70.126302083333357 277.75656700000008 3.5000000000000004 300.20324800000009 24.087500000000002 1.3750000000000002 0.35206144883412582 2.5000000000000004 21.965625000000006 151.48849750000002
decision_type=2 2 2 2 2 2 2 2 2 2 2 2 2 2
left_child=-1 5 -3 4 -4 6 8 -7 -2 -9 13 -12 -11 -8
right_child=1 2 3 -5 -6 7 10 9 -10 12 11 -13 -14 -15
leaf_value=-0.062237811897768863 0.10492835834002907 -0.22791342116774077 0.4947328932184194 -0.085752119587682127 0.06679421661301381 0.22963215570227158 0.19925955117529107 -0.52436470261146861 0.6623289743847236 -0.29084104299115449 -0.10472626382025418 -0.60750076852102841 0.18062724787109208 -0.18624307179972532
leaf_weight=5754 1876 188 55 534 572 1010 147 42 40 64 153 81 160 124
leaf_count=5754 1876 188 55 534 572 1010 147 42 40 64 153 81 160 124
internal_value=0.000278343 0.0715643 -0.0170184 0.0172984 0.105061 0.103883 0.0678667 0.172112 0.116905 -0.0463347 -0.118049 -0.280608 0.0452281 0.022831
internal_weight=10800 5046 1349 1161 627 3697 2421 1276 1916 266 505 234 224 271
internal_count=10800 5046 1349 1161 627 3697 2421 1276 1916 266 505 234 224 271
is_linear=0
shrinkage=0.05


Tree=84
num_leaves=15
num_cat=0
split_feature=65 65 47 36 46 32 53 21 21 36 34 36 30 25
split_gain=17386.6 3595.11 3272.42 5212.64 3704.5 3715.79 5625.68 5578.3 6029.18 4819.33 5826.21 4162.57 4009.31 3832.94
threshold=190.59982400000004 24.000000000000004 85.121093750000014 18.395963541666671 89.760416666666671 20.587500000000002 -0.097964660725097366 7.028973393161898e-06 9.352934621520943e-06 20.71901041666667 19.877083333333335 20.963802083333338 21.012500000000003 104.33527907377577
decision_type=2 2 2 2 2 2 2 2 2 2 2 2 2 2
left_child=1 -1 3 -2 5 7 -7 11 -9 -10 -11 -5 -8 -14
right_child=2 -3 -4 4 -6 6 12 8 9 10 -12 -13 13 -15
leaf_value=-0.067761116311651534 -0.26991964494999576 0.0025588933021341398 0.35531772265831635 0.17703283827115851 -0.14304482757390755 -0.39526008880800673 -0.19000115447265448 -0.23705358077205863 -0.034754078076079942 0.71982599546511972 0.19362760402133972 0.58206338922182721 0.19525069765854777 0.037055009596146396
leaf_weight=4678 97 2972 119 122 147 62 121 101 197 59 442 134 692 857
leaf_count=4678 97 2972 119 122 147 62 121 101 197 59 442 134 692 857
internal_value=0.000263727 -0.0404453 0.0991099 0.088937 0.100889 0.113802 0.0686788 0.187746 0.122382 0.174657 0.256906 0.390481 0.0861291 0.107808
internal_weight=10800 7650 3150 3031 2934 2787 1732 1055 799 698 501 256 1670 1549
internal_count=10800 7650 3150 3031 2934 2787 1732 1055 799 698 501 256 1670 1549
is_linear=0
shrinkage=0.05


Tree=85
num_leaves=15
num_cat=0
split_feature=65 29 65 64 25 5 36 47 45 32 47 34 8 45
split_gain=15812.3 5381.25 5413 4666.6 4611.65 4878.12 4354.36 7132.82 8085.46 6475.82 5310.62 5439.9 4840.66 4491.92
threshold=86.489938500000008 16.025000000000002 261.5324245000001 266.11350350000004 113.37412887341182 125.27691400000002 24.062760416666674 64.480468750000014 81.302083333333357 20.987500000000004 82.251302083333357 21.792708333333337 173.86981250000002 72.177083333333357
decision_type=2 2 2 2 2 2 2 2 2 2 2 2 2 2
left_child=-1 -2 3 4 6 -6 10 13 12 -10 -3 -12 -9 -8
right_child=1 2 -4 -5 5 -7 7 8 9 -11 11 -13 -14 -15
leaf_value=-0.056396374142397815 -0.33947888200665699 -0.02975127056660351 0.16212650410003826 0.20389111379798078 -0.53524912350798315 0.14865189812532284 -0.37293999003731904 0.27858948751754159 0.48624135828081605 -0.18278724396257265 0.097567720284005482 0.64823333702835395 0.75863713759642382 0.24993528021233424
leaf_weight=5754 80 2109 1235 394 72 40 93 289 46 156 377 50 64 41
leaf_count=5754 80 2109 1235 394 72 40 93 289 46 156 377 50 64 41
internal_value=0.000254821 0.0648531 0.0714337 0.0413781 0.0221348 -0.291845 0.033126 0.144491 0.223486 -0.0287894 0.00282433 0.163412 0.367521 -0.181919
internal_weight=10800 5046 4966 3731 3337 112 3225 689 555 202 2536 427 353 134
internal_count=10800 5046 4966 3731 3337 112 3225 689 555 202 2536 427 353 134
is_linear=0
shrinkage=0.05


Tree=86
num_leaves=15
num_cat=0
split_feature=65 64 17 32 47 36 46 32 52 53 35 25 24 24
split_gain=14367.1 3141.82 4007.62 4271.09 3000.41 4539.77 4077.62 3383.93 5196.92 4839.29 3747.62 4172.28 9202.21 5683.42
threshold=190.59982400000004 193.85440350000002 5.28078295052665e-06 22.062500000000004 85.015625000000014 18.395963541666671 89.760416666666671 20.587500000000002 0.63405362205439497 -0.097964660725097366 20.734375000000004 104.33527907377577 277.75656700000008 278.11863750000003
decision_type=2 2 2 2 2 2 2 2 2 2 2 2 2 2
left_child=1 -1 3 -3 5 -2 7 8 -7 -9 -11 12 -12 -13
right_child=4 2 -4 -5 -6 6 -8 9 -10 10 11 13 -14 -15
leaf_value=-0.047172767711162612 -0.25692613260801306 -0.1468740174152689 0.17104274682138507 0.30886729318234657 0.31992646356058474 0.063036964502261428 -0.17975093648677931 -0.36959866433744393 0.2850314848015828 -0.21244610363883631 0.12147167263404522 -0.22818495816645329 0.68945601074783891 0.087923205318625075
leaf_weight=6919 96 279 390 62 135 527 132 62 528 104 603 177 80 706
leaf_count=6919 96 279 390 62 135 527 132 62 528 104 603 177 80 706
internal_value=0.000249106 -0.0367565 0.0617645 -0.0633511 0.090103 0.0797097 0.0908652 0.103742 0.174304 0.0606855 0.0768718 0.0962091 0.188911 0.0243719
internal_weight=10800 7650 731 341 3150 3015 2919 2787 1055 1732 1670 1566 683 883
internal_count=10800 7650 731 341 3150 3015 2919 2787 1055 1732 1670 1566 683 883
is_linear=0
shrinkage=0.05


Tree=87
num_leaves=15
num_cat=0
split_feature=65 8 29 57 24 47 24 24 43 22 36 32 60 47
split_gain=13099.1 4932.71 4885.15 4103.99 14512.4 16405.6 9907.21 8349.69 4911.84 4671.5 8281.88 5725.11 7058.98 4997.61
threshold=86.489938500000008 258.65802250000007 16.025000000000002 3.5000000000000004 274.65417650000006 69.212239583333357 273.12119300000006 307.27302800000007 85.375000000000014 146.49548196354169 23.976302083333341 21.762500000000003 -0.84874750804349186 82.251302083333357
decision_type=2 2 2 2 2 2 2 2 2 2 2 2 2 2
left_child=-1 2 -2 9 6 7 -5 -6 -7 10 13 -12 -13 -4
right_child=1 -3 3 4 5 8 -8 -9 -10 -11 11 12 -14 -15
leaf_value=-0.05132290253986959 -0.31847538925983288 -0.25911838709681978 0.048384797359401377 -0.086923701401952061 0.73189940768190564 -0.11866873701394427 -0.60697484081206121 -0.02325800555944443 0.19806211890310657 -0.06421098798643167 0.48942700928223704 -0.29086487022215041 0.25945066383506582 0.23990421312003229
leaf_weight=5754 80 118 2121 452 143 325 114 49 195 383 215 68 378 405
leaf_count=5754 80 118 2121 452 143 325 114 49 195 383 215 68 378 405
internal_value=0.000239453 0.059035 0.0667041 0.0731246 -0.00376369 0.146374 -0.192555 0.540055 0.000257518 0.100643 0.120468 0.277913 0.175083 0.0791744
internal_weight=10800 5046 4928 4848 1278 712 566 192 520 3570 3187 661 446 2526
internal_count=10800 5046 4928 4848 1278 712 566 192 520 3570 3187 661 446 2526
is_linear=0
shrinkage=0.05


Tree=88
num_leaves=15
num_cat=0
split_feature=65 15 49 46 22 22 51 64 46 45 64 22 43 36
split_gain=11952.3 2815.15 4043.36 5319.16 4944 3864.84 3176.97 2815.96 2733.79 3830.51 2659.55 3272.61 6394.83 5234.66
threshold=190.59982400000004 24.000000000000004 2.5000000000000004 83.005208333333357 138.22031733854172 144.81875300520838 2.5000000000000004 205.88845150000003 86.296875000000014 86.135416666666671 275.16192850000004 143.83039347916667 86.375000000000014 25.094921875000008
decision_type=2 2 2 2 2 2 2 2 2 2 2 2 2 2
left_child=1 2 3 4 -1 -6 -5 -3 9 -8 11 13 -13 -2
right_child=10 7 -4 6 5 -7 8 -9 -10 -11 -12 12 -14 -15
leaf_value=0.54145299281025749 0.06928540812073411 -0.062389700609729752 -0.024181502872877753 -0.26959794150826372 -0.21169750626411354 0.42051578511794407 0.04105034624376605 0.32269408266680938 -0.028713027067219916 0.66672373079672098 0.21280582116565183 -0.19007577077714155 0.34015518627646896 0.4027380379697969
leaf_weight=115 2340 4531 2492 80 56 41 61 47 187 40 346 270 71 123
leaf_count=115 2340 4531 2492 80 56 41 61 47 187 40 346 270 71 123
internal_value=0.000228163 -0.0335246 0.00350286 0.122287 0.321143 0.0570909 0.00716887 -0.0583666 0.0847154 0.292949 0.0821837 0.0659955 -0.079004 0.0860944
internal_weight=10800 7650 3072 580 212 97 368 4578 288 101 3150 2804 341 2463
internal_count=10800 7650 3072 580 212 97 368 4578 288 101 3150 2804 341 2463
is_linear=0
shrinkage=0.05


Tree=89
num_leaves=15
num_cat=0
split_feature=65 47 36 46 37 13 8 64 25 24 30 22 32 40
split_gain=10787.8 2574.44 3918.99 3476.66 3149.42 2566.62 4804.27 2488.89 4327.45 3181.73 3706.12 3303.7 3512.46 2801.44
threshold=190.59982400000004 85.015625000000014 18.395963541666671 89.760416666666671 90.375000000000014 45.068500953414578 197.46853500000003 272.32155850000009 105.3195466553865 297.26105400000006 24.962500000000002 147.99442397395833 23.862500000000004 82.875000000000014
decision_type=2 2 2 2 2 2 2 2 2 2 2 2 2 2
left_child=5 2 -2 4 7 -1 -7 9 -9 11 -11 12 13 -4
right_child=1 -3 3 -5 -6 6 -8 8 -10 10 -12 -13 -14 -15
leaf_value=-0.037924502905395049 -0.24429665586872737 0.29096010597491201 0.14684838121612434 -0.17103733405246771 0.33307286686031151 0.2163788764951293 -0.22824191028413213 0.52309835772914226 0.11398662596835514 -0.45446860813905321 0.14497124022719535 0.49477043920093111 -0.19990135602776177 0.025828643664333795
leaf_weight=7327 96 135 837 132 127 243 80 78 361 62 43 44 120 1115
leaf_count=7327 96 135 837 132 127 243 80 78 361 62 43 44 120 1115
internal_value=0.000227082 0.0780878 0.0684629 0.078829 0.0907205 -0.0318392 0.105892 0.0790287 0.1877 0.0574741 -0.209932 0.0708362 0.0615994 0.0777694
internal_weight=10800 3150 3015 2919 2787 7650 323 2660 439 2221 105 2116 2072 1952
internal_count=10800 3150 3015 2919 2787 7650 323 2660 439 2221 105 2116 2072 1952
is_linear=0
shrinkage=0.05


Tree=90
num_leaves=15
num_cat=0
split_feature=65 8 29 57 24 47 24 24 51 36 26 22 47 45
split_gain=9795.33 4201.1 4241.05 3474.94 12540.3 14625.5 8779.73 7401.38 4428.99 5749.83 5529.75 6708.06 8409.76 5234.69
threshold=86.489938500000008 258.65802250000007 16.025000000000002 3.5000000000000004 274.65417650000006 69.212239583333357 273.12119300000006 307.27302800000007 2.5000000000000004 22.765104166666671 19.762500000000003 143.3531295416667 67.677083333333357 78.406250000000014
decision_type=2 2 2 2 2 2 2 2 2 2 2 2 2 2
left_child=-1 2 -2 8 6 7 -5 -6 10 -10 -4 12 -12 -13
right_child=1 -3 3 4 5 -7 -8 -9 9 -11 11 13 -14 -15
leaf_value=-0.044368234796629172 -0.3007394086431574 -0.24254378709597746 -0.273750402733831 -0.082675361968104058 0.68527530397501935 -0.0050092538176980334 -0.57224453858707258 -0.025633844155818226 0.088617359822458414 0.28288810397147035 0.53447748400136696 -0.23309064627449205 0.074301979160233803 0.15717865503393114
leaf_weight=5754 80 118 138 452 143 520 114 49 1453 516 110 285 946 122
leaf_count=5754 80 118 138 452 143 520 114 49 1453 516 110 285 946 122
internal_value=0.000220145 0.0510634 0.0581415 0.0641245 -0.00662387 0.132943 -0.182117 0.504653 0.089446 0.139646 0.0276584 0.0562568 0.122697 -0.116007
internal_weight=10800 5046 4928 4848 1278 712 566 192 3570 1969 1601 1463 1056 407
internal_count=10800 5046 4928 4848 1278 712 566 192 3570 1969 1601 1463 1056 407
is_linear=0
shrinkage=0.05


Tree=91
num_leaves=15
num_cat=0
split_feature=65 60 25 24 25 49 46 51 22 25 47 25 48 24
split_gain=9183.49 3552.15 4164.7 6637.57 5674.99 5950.65 8287.36 4968.43 7005.16 4035.67 6730.45 5328.54 3756.71 4625.28
threshold=238.93972450000004 -0.72947329433276231 110.83558801624868 280.08090150000004 103.12805452538002 2.5000000000000004 83.005208333333357 2.5000000000000004 125.64656252604168 105.05818924571476 69.984375000000014 109.2624300420939 21.375000000000004 296.45735250000007
decision_type=2 2 2 2 2 2 2 2 2 2 2 2 2 2
left_child=1 2 3 4 5 6 -1 -8 -9 10 -5 -11 -3 -14
right_child=-2 12 -4 9 -6 -7 7 8 -10 11 -12 -13 13 -15
leaf_value=0.5309111561353963 0.092317827345509446 -0.050070946608390024 -0.24681021377625989 0.82024395962556218 -0.18476579069438115 -0.037504779668799171 -0.26179630739445037 -0.027571617087788797 0.47895611441350194 -0.039694668450755276 0.07355151071066135 0.43960198071900386 0.049762548278544989 0.60492097997949246
leaf_weight=129 2163 6223 122 65 307 712 87 177 110 166 56 88 354 41
leaf_count=129 2163 6223 122 65 307 712 87 177 110 166 56 88 354 41
internal_value=0.000209335 -0.0228658 0.0351755 0.053431 0.00695206 0.0555065 0.186978 0.0672488 0.167557 0.241553 0.478103 0.127434 -0.0405755 0.108769
internal_weight=10800 8637 2019 1897 1522 1215 503 374 287 375 121 254 6618 395
internal_count=10800 8637 2019 1897 1522 1215 503 374 287 375 121 254 6618 395
is_linear=0
shrinkage=0.05


Tree=92
num_leaves=15
num_cat=0
split_feature=65 64 47 52 49 46 22 51 47 36 29 25 22 47
split_gain=8366.08 6606.19 3010.98 2790.91 5072.53 7964.85 8653.13 6254.69 3763.83 3665.42 3498.32 4278.12 5377.37 3647.52
threshold=261.5324245000001 265.69369250000005 85.757812500000014 0.63405362205439497 2.5000000000000004 83.005208333333357 137.26212379166671 2.5000000000000004 74.242187500000014 23.874739583333341 16.862500000000004 103.31627607694045 132.31922835937505 75.976562500000014
decision_type=2 2 2 2 2 2 2 2 2 2 2 2 2 2
left_child=1 3 -2 -1 5 6 9 8 -7 -5 -9 12 13 -12
right_child=2 -3 -4 4 -6 7 -8 10 -10 -11 11 -13 -14 -15
leaf_value=-0.041048087971653047 0.10680647431076962 0.16928447283122666 0.53780138620308471 0.70859760299324992 -0.03811897451841853 0.087555913222224821 0.026354425920979353 -0.30242120964186536 -0.46679028777128206 0.20432517327092314 0.49758697863099938 -0.16829988908369181 0.75708836097092869 0.054113657333245968
leaf_weight=6831 1219 458 41 119 1351 45 140 48 93 53 58 85 41 218
leaf_count=6831 1219 458 41 119 1351 45 140 48 93 53 58 85 41 218
internal_value=0.000209247 -0.0157878 0.121246 -0.0251385 0.0231383 0.115033 0.31879 0.00655873 -0.286696 0.555291 0.0969264 0.145242 0.229579 0.148767
internal_weight=10800 9540 1260 9082 2251 900 312 588 138 172 450 402 317 276
internal_count=10800 9540 1260 9082 2251 900 312 588 138 172 450 402 317 276
is_linear=0
shrinkage=0.05


Tree=93
num_leaves=15
num_cat=0
split_feature=15 49 32 29 22 36 36 36 22 36 24 24 47 35
split_gain=7587.38 4788.73 5511.36 4904.22 4771.96 8615.52 4587.19 5712.81 6238.34 5164.47 4388.63 10540.5 7770.07 8827.95
threshold=24.000000000000004 3.5000000000000004 22.237500000000004 16.862500000000004 148.13106922916668 23.976302083333341 21.325911458333337 20.874609375000002 128.03112266666668 20.364843750000002 274.65417650000006 273.12119300000006 69.212239583333357 21.875520833333336
decision_type=2 2 2 2 2 2 2 2 2 2 2 2 2 2
left_child=1 2 3 -1 5 6 7 8 9 -5 11 -3 13 -12
right_child=-2 10 -4 4 -6 -7 -8 -9 -10 -11 12 -13 -14 -15
leaf_value=-0.237842646021592 -0.046143997056893205 -0.021446466652849307 -0.055894327609366669 0.1267406566920182 -0.21686057713037976 0.34899041356536775 0.030796058161285386 0.39224406851154148 0.51167043603908935 -0.25733160954758022 0.96437172745664912 -0.6096620988242234 -0.018775686295298133 0.18512125595127107
leaf_weight=94 4857 2122 586 338 95 415 1085 240 77 117 44 78 459 193
leaf_count=94 4857 2122 586 338 95 415 1085 240 77 117 44 78 459 193
internal_value=0.000208657 0.0380924 0.0818379 0.114643 0.128736 0.143276 0.0971397 0.190221 0.0985183 0.0276315 -0.0079464 -0.0425689 0.101397 0.333236
internal_weight=10800 5943 3047 2461 2367 2272 1857 772 532 455 2896 2200 696 237
internal_count=10800 5943 3047 2461 2367 2272 1857 772 532 455 2896 2200 696 237
is_linear=0
shrinkage=0.05


Tree=94
num_leaves=15
num_cat=0
split_feature=65 64 47 41 17 51 22 45 42 47 53 43 36 17
split_gain=7174.64 5771.77 2592.36 2566.51 2815.29 3495.29 2638 6789.34 2950.93 3331.97 2420.93 2306.15 3111.61 3733.12
threshold=261.5324245000001 265.69369250000005 85.757812500000014 87.875000000000014 2.0018641137551049e-06 1.5000000000000002 143.83039347916667 79.468750000000014 55.375000000000007 75.042968750000014 0.97335555334614943 79.625000000000014 24.084375000000005 1.0026559406380949e-06
decision_type=2 2 2 2 2 2 2 2 2 2 2 2 2 2
left_child=1 11 3 4 5 -2 7 -7 -9 -10 -6 -1 13 -13
right_child=2 -3 -4 -5 10 6 -8 8 9 -11 -12 12 -14 -15
leaf_value=-0.044791199835878287 -0.00020097790157082697 0.15837869126195481 0.49880457960423974 -0.082812746410213772 -0.05937939493849196 0.76839067519952853 0.021624804177277149 0.5821083402697077 -0.25223827252900882 0.23674838569375778 0.17130964238139004 -0.10684870439563217 0.13801312654318657 0.018761278054093472
leaf_weight=5267 158 458 41 167 274 71 83 46 42 185 193 760 400 2655
leaf_count=5267 158 458 41 167 274 71 83 46 42 185 193 760 400 2655
internal_value=0.000203298 -0.0146109 0.112291 0.0988925 0.127789 0.200779 0.274974 0.335861 0.220978 0.145566 0.0361212 -0.0233512 0.00625298 -0.00921602
internal_weight=10800 9540 1260 1219 1052 585 427 344 273 227 467 9082 3815 3415
internal_count=10800 9540 1260 1219 1052 585 427 344 273 227 467 9082 3815 3415
is_linear=0
shrinkage=0.05


Tree=95
num_leaves=15
num_cat=0
split_feature=65 64 47 41 17 51 25 36 47 47 14 52 25 24
split_gain=6483.04 5210.06 2346.23 2318.46 2544.18 3158.33 2383.85 8539.82 2793.53 2678.49 2277.43 2213.55 4845.79 4840.07
threshold=261.5324245000001 265.69369250000005 85.757812500000014 87.875000000000014 2.0018641137551049e-06 1.5000000000000002 104.64478702079667 22.962760416666672 71.240885416666671 75.042968750000014 30.937978208333345 0.63405362205439497 110.83558801624868 280.08090150000004
decision_type=2 2 2 2 2 2 2 2 2 2 2 2 2 2
left_child=1 11 3 4 5 -2 7 9 -8 -7 -6 -1 13 -13
right_child=2 -3 -4 -5 10 6 8 -9 -10 -11 -12 12 -14 -15
leaf_value=-0.036352320933274611 -0.00019099120601261937 0.1504770101733863 0.47445816184793205 -0.078696754384076306 -0.11461973913260792 -0.17870103928837039 -0.14930173072851066 0.8000415227413179 0.32436880089847719 0.26363442948186083 0.1158150941754381 0.0039870189940140657 -0.30286238748241556 0.20633801941044291
leaf_weight=6831 158 458 41 167 165 41 65 74 58 189 302 1789 109 353
leaf_count=6831 158 458 41 167 165 41 65 74 58 189 302 1789 109 353
internal_value=0.000202613 -0.0138795 0.106751 0.0940047 0.121469 0.190856 0.261383 0.336355 0.0748697 0.184351 0.0343271 -0.0221836 0.0208106 0.037415
internal_weight=10800 9540 1260 1219 1052 585 427 304 123 230 467 9082 2251 2142
internal_count=10800 9540 1260 1219 1052 585 427 304 123 230 467 9082 2251 2142
is_linear=0
shrinkage=0.05


Tree=96
num_leaves=15
num_cat=0
split_feature=15 49 32 29 22 36 36 36 22 36 21 45 41 24
split_gain=5915.45 3914.12 4757.13 4304.05 4274.29 7212.68 4005.73 5312.08 5276.69 4560.62 3793.08 5085.5 4574.95 3473.91
threshold=24.000000000000004 3.5000000000000004 22.237500000000004 16.862500000000004 148.13106922916668 23.976302083333341 21.325911458333337 20.874609375000002 128.03112266666668 20.364843750000002 9.352934621520943e-06 82.906250000000014 84.625000000000014 274.65417650000006
decision_type=2 2 2 2 2 2 2 2 2 2 2 2 2 2
left_child=1 2 3 -1 5 6 7 8 9 -5 11 -8 -13 -3
right_child=-2 13 -4 4 -6 -7 10 -9 -10 -11 -12 12 -14 -15
leaf_value=-0.22652273272213186 -0.040728877019705088 -0.038776287019442343 -0.054758978745697011 0.11496063858754164 -0.21017799600958825 0.31886576209094181 0.28226997284662153 0.37020962902526389 0.46697723538829727 -0.24595705801936785 0.08594290321506981 -0.45094798247105089 -0.023336298540778403 0.089310228891124208
leaf_weight=94 4857 2200 586 338 95 415 62 240 77 117 772 115 136 696
leaf_count=94 4857 2200 586 338 95 415 62 240 77 117 772 115 136 696
internal_value=0.000199327 0.0336497 0.0731992 0.103678 0.116881 0.130643 0.0884302 0.175412 0.0870037 0.0218174 0.0264363 -0.12014 -0.220266 -0.00797286
internal_weight=10800 5943 3047 2461 2367 2272 1857 772 532 455 1085 313 251 2896
internal_count=10800 5943 3047 2461 2367 2272 1857 772 532 455 1085 313 251 2896
is_linear=0
shrinkage=0.05


Tree=97
num_leaves=15
num_cat=0
split_feature=65 64 47 41 17 51 22 45 42 49 53 43 56 17
split_gain=5538.73 4476.94 2018.66 2074.31 2246.03 2839.21 2155.42 5454.91 2587.1 2757.26 2063.05 1809.49 2713.7 3364.38
threshold=261.5324245000001 265.69369250000005 85.757812500000014 87.875000000000014 2.0018641137551049e-06 1.5000000000000002 143.83039347916667 79.468750000000014 54.875000000000007 1.5000000000000002 0.97335555334614943 79.625000000000014 8.8750000000000018 1.0026559406380949e-06
decision_type=2 2 2 2 2 2 2 2 2 2 2 2 2 2
left_child=1 11 3 4 5 -2 7 -7 -9 -10 -6 -1 -13 -14
right_child=2 -3 -4 -5 10 6 -8 8 9 -11 -12 12 13 -15
leaf_value=-0.039514014945953004 -0.0030950777264862504 0.13953005673517505 0.43974673591908958 -0.076495834053050549 -0.057196263021207422 0.6876247240230442 0.015934625274634788 0.54399065365393962 0.35222291260264643 -0.0055408903391196808 0.15575721191347952 -0.058503519699443132 -0.048890685344238009 0.071699092561356051
leaf_weight=5267 158 458 41 167 274 71 83 44 85 144 193 1149 847 1819
leaf_count=5267 158 458 41 167 274 71 83 44 85 144 193 1149 847 1819
internal_value=0.000191385 -0.0128248 0.0986746 0.0868519 0.112831 0.178025 0.244894 0.299931 0.196961 0.128208 0.0309571 -0.0205225 0.00570073 0.0333832
internal_weight=10800 9540 1260 1219 1052 585 427 344 273 229 467 9082 3815 2666
internal_count=10800 9540 1260 1219 1052 585 427 344 273 229 467 9082 3815 2666
is_linear=0
shrinkage=0.05


Tree=98
num_leaves=15
num_cat=0
split_feature=65 64 47 41 17 51 22 39 32 51 42 5 52 25
split_gain=5006.36 4041.27 1831.9 1867.76 2054.46 2566.46 1948.43 5041.08 3884.01 3546.95 1938.81 1917.61 1674.77 4281.02
threshold=261.5324245000001 265.69369250000005 85.403645833333357 87.875000000000014 2.0018641137551049e-06 1.5000000000000002 143.83039347916667 82.875000000000014 20.012500000000003 2.5000000000000004 54.625000000000007 69.10047950000002 0.63405362205439497 110.83558801624868
decision_type=2 2 2 2 2 2 2 2 2 2 2 2 2 2
left_child=1 12 3 4 5 -2 7 8 -7 -9 -11 -6 -1 -14
right_child=2 -3 -4 -5 11 6 -8 9 -10 10 -12 -13 13 -15
leaf_value=-0.03182111965823347 -0.0029412970462310241 0.13256875289774506 0.41100040410052652 -0.07269380836791936 -0.10806754210582339 0.21949424672397383 0.015147378799017697 -0.1969118954319703 0.8010664557343099 0.55968713978441753 0.16300426052158115 0.10362636162357969 0.033508300601287018 -0.28632455830716275
leaf_weight=6831 158 458 43 167 165 52 83 56 66 40 130 300 2142 109
leaf_count=6831 158 458 43 167 165 52 83 56 66 40 130 300 2142 109
internal_value=0.000191616 -0.0121832 0.0938223 0.0822873 0.106982 0.16926 0.232836 0.285163 0.548779 0.145713 0.259069 0.0284385 -0.0194968 0.0179008
internal_weight=10800 9540 1260 1217 1050 585 427 344 118 226 170 465 9082 2251
internal_count=10800 9540 1260 1217 1050 585 427 344 118 226 170 465 9082 2251
is_linear=0
shrinkage=0.05


Tree=99
num_leaves=15
num_cat=0
split_feature=65 64 24 7 24 24 32 22 47 17 42 28 24 49
split_gain=4525.04 3648.05 1714.96 5135.81 4331.67 5068.03 3392.68 3055.2 2858.68 2267.55 1998.49 1846.04 2680.97 1825.16
threshold=261.5324245000001 265.69369250000005 263.86678650000005 248.56757450000001 277.22543400000006 278.51062050000002 20.087500000000002 136.23133531250002 78.419270833333357 2.3981020041341209e-05 81.875000000000014 21.962500000000002 283.46498150000008 2.5000000000000004
decision_type=2 2 2 2 2 2 2 2 2 2 2 2 2 2
left_child=1 -1 3 10 6 -6 8 -7 -4 -8 -2 -9 -13 -14
right_child=2 -3 4 -5 5 7 9 11 -10 -11 -12 12 13 -15
leaf_value=-0.018523512918239709 0.066893869574026515 0.12595475653515142 0.3115588197371037 0.63983928941044166 0.61955009939578876 0.48218872999264439 -0.33371659406107068 -0.24507343357937336 -0.12056349377186659 -0.025225838287432065 0.41728126385613629 -0.15387777430551519 0.057021387624430708 0.36810171780426332
leaf_weight=9082 359 458 81 50 51 43 128 48 71 111 45 80 112 81
leaf_count=9082 359 458 81 50 51 43 128 48 71 111 45 80 112 81
internal_value=0.000190092 -0.0115749 0.0892062 0.166832 0.045329 0.157663 -0.0739987 0.0914284 0.110243 -0.191145 0.106856 0.0377486 0.0881885 0.188803
internal_weight=10800 9540 1260 454 806 415 391 364 152 239 404 321 273 193
internal_count=10800 9540 1260 454 806 415 391 364 152 239 404 321 273 193
is_linear=0
shrinkage=0.05


Tree=100
num_leaves=15
num_cat=0
split_feature=15 49 32 29 22 36 31 21 44 34 65 51 24 24
split_gain=4215.16 3058.5 3961.39 3806.67 3757.95 6279.23 3605.92 5099.93 5155.25 4502.32 3161.24 3078.65 2708.97 9149.76
threshold=24.000000000000004 3.5000000000000004 22.237500000000004 16.862500000000004 148.13106922916668 23.976302083333341 22.987500000000004 9.352934621520943e-06 87.656250000000014 21.502083333333335 260.47696050000008 1.5000000000000002 274.65417650000006 273.12119300000006
decision_type=2 2 2 2 2 2 2 2 2 2 2 2 2 2
left_child=1 2 3 -1 5 6 9 10 -9 -5 -8 -7 13 -3
right_child=-2 12 -4 4 -6 11 7 8 -10 -11 -12 -13 -14 -15
leaf_value=-0.21931244134902955 -0.034358289417016678 -0.015888625001876992 -0.053374948734425491 0.12519792324482379 -0.20302551166775326 0.076530469150748112 -0.33665216485342242 -0.0081193958157009527 0.27339862330309767 0.62442783111085498 0.0086429425456102885 0.37827424741967863 0.077542775603768876 -0.56392187996755672
leaf_weight=94 4857 2122 586 791 95 119 140 518 236 47 125 296 696 78
leaf_count=94 4857 2122 586 791 95 119 140 518 236 47 125 296 696 78
internal_value=0.000190732 0.0284274 0.063388 0.0912014 0.10362 0.116526 0.0771431 0.0139241 0.0802404 0.153909 -0.174357 0.292142 -0.00836523 -0.0355663
internal_weight=10800 5943 3047 2461 2367 2272 1857 1019 754 838 265 415 2896 2200
internal_count=10800 5943 3047 2461 2367 2272 1857 1019 754 838 265 415 2896 2200
is_linear=0
shrinkage=0.05


Tree=101
num_leaves=15
num_cat=0
split_feature=2 6 49 51 65 24 47 24 30 64 24 29 31 32
split_gain=3884.92 2231.15 2228.45 3173.76 2930.53 2806.08 7326.76 5021.11 4778.27 2679.81 3259.32 2478.27 3411.26 3214.44
threshold=24.000000000000004 291.57821000000007 3.5000000000000004 1.5000000000000002 174.03359550000002 274.65417650000006 69.212239583333357 273.12119300000006 22.237500000000004 242.86499850000004 257.54432450000007 19.762500000000003 22.987500000000004 19.262500000000003
decision_type=2 2 2 2 2 2 2 2 2 2 2 2 2 2
left_child=2 -2 3 -1 -5 7 8 9 -7 -4 -11 13 -13 -6
right_child=1 -3 5 4 11 6 -8 -9 -10 10 -12 12 -14 -15
leaf_value=-0.04735596245710752 -0.02982467216634533 0.22238241388891522 0.0078628005804371025 0.46133935510836266 0.067227171458944218 0.82149484136769946 -0.029664337727657999 -0.47544607940267342 0.21460324933792913 -0.57247085564358291 -0.080104115344346707 0.29697406935449849 0.085999490945640966 -0.21960356782252932
leaf_weight=468 6010 88 1570 53 383 42 361 60 137 42 156 233 1067 130
leaf_count=468 6010 88 1570 53 383 42 361 60 137 42 156 233 1067 130
internal_value=0.000181794 -0.0261492 0.0343286 0.0689888 0.0981783 0.000151411 0.100187 -0.0294381 0.360775 -0.0140419 -0.186897 0.0873134 0.124012 -0.00574481
internal_weight=10800 6098 4702 2334 1866 2368 540 1828 179 1768 198 1813 1300 513
internal_count=10800 6098 4702 2334 1866 2368 540 1828 179 1768 198 1813 1300 513
is_linear=0
shrinkage=0.05


Tree=102
num_leaves=15
num_cat=0
split_feature=65 64 17 25 52 25 24 25 49 46 51 24 36 25
split_gain=3707.46 3022.02 1987.16 2062.19 1539.14 4004.23 4152.73 5899.4 5113.12 9295.68 5826.69 5623.19 5002.55 3981.7
threshold=261.5324245000001 260.02809100000007 1.1809109315730381e-05 110.25738953028021 0.63405362205439497 110.83558801624868 280.08090150000004 103.12805452538002 2.5000000000000004 83.005208333333357 2.5000000000000004 268.17190050000005 23.992578124999998 105.05818924571476
decision_type=2 2 2 2 2 2 2 2 2 2 2 2 2 2
left_child=1 4 -3 -4 -1 6 7 8 9 12 -11 -12 -6 -8
right_child=-2 2 3 -5 5 -7 13 -9 -10 10 11 -13 -14 -15
leaf_value=-0.029901876704902876 0.080750179559071419 0.011400094988213769 0.10194746030775304 0.38920418825828373 0.61904481252034504 -0.28315495823332598 0.42421581980461875 -0.20159912979154773 -0.040129331519999381 -0.28331224277415978 0.04760108118636474 0.6052408885281042 0.020691586795205975 0.06801003279026159
leaf_weight=6699 1260 334 208 89 128 104 119 295 816 111 309 52 48 228
leaf_count=6699 1260 334 208 89 128 104 119 295 816 111 309 52 48 228
internal_value=0.000176053 -0.0104732 0.0951811 0.189045 -0.0179662 0.0182106 0.0332202 0.00199704 0.0431318 0.14788 0.0319305 0.129376 0.456896 0.191035
internal_weight=10800 9540 631 297 8909 2210 2106 1759 1464 648 472 361 176 347
internal_count=10800 9540 631 297 8909 2210 2106 1759 1464 648 472 361 176 347
is_linear=0
shrinkage=0.05


Tree=103
num_leaves=15
num_cat=0
split_feature=65 64 48 51 34 24 7 24 24 32 47 22 49 34
split_gain=3345.65 2756.58 1621.63 3019.56 1552.5 1480.63 4494.52 3677.76 4442.38 2829.16 2571.21 2540.13 2034.71 1834.15
threshold=261.5324245000001 265.69369250000005 2.8750000000000004 3.5000000000000004 16.226041666666671 263.86678650000005 248.56757450000001 277.22543400000006 278.51062050000002 20.087500000000002 78.419270833333357 136.23133531250002 1.5000000000000002 21.417708333333337
decision_type=2 2 2 2 2 2 2 2 2 2 2 2 2 2
left_child=1 4 -3 -4 -1 6 13 9 -9 10 -7 -10 -11 -2
right_child=5 2 3 -5 -6 7 -8 8 11 12 -12 -13 -14 -15
leaf_value=-0.29959497206533947 0.032522749983669295 -0.023807652367071976 0.10122079370568307 0.50795089042346386 -0.014473827188665415 0.2852492863357794 0.59130283263968486 0.5718820960189287 0.43377571309789681 0.097660956642805385 -0.12450579199293216 0.028557654285097718 -0.25665011352036526 0.28110383371537434
leaf_weight=47 307 152 251 55 9035 81 50 51 43 51 71 321 188 97
leaf_count=47 307 152 251 55 9035 81 50 51 43 51 71 321 188 97
internal_value=0.000174333 -0.00994191 0.109609 0.175742 -0.0159822 0.0767159 0.148839 0.0359567 0.13947 -0.0739859 0.0942877 0.0774841 -0.180952 0.0927535
internal_weight=10800 9540 458 306 9082 1260 454 806 415 391 152 364 239 404
internal_count=10800 9540 458 306 9082 1260 454 806 415 391 152 364 239 404
is_linear=0
shrinkage=0.05


Tree=104
num_leaves=15
num_cat=0
split_feature=15 24 24 25 42 30 25 25 47 43 24 45 47 57
split_gain=3057.32 2285.71 3590.21 6163.34 4669.9 4458.31 4162.91 3923.5 4334.34 5465.07 3869.66 3545.94 3901.53 3439.99
threshold=24.000000000000004 300.20324800000009 274.65417650000006 103.78186874622266 73.375000000000014 22.237500000000004 109.81433337420579 105.16358070881857 69.212239583333357 72.375000000000014 273.57706450000006 74.177083333333357 66.093750000000014 3.5000000000000004
decision_type=2 2 2 2 2 2 2 2 2 2 2 2 2 2
left_child=1 2 3 10 7 -5 -6 8 9 -4 -1 -9 -13 -7
right_child=-2 -3 4 5 6 13 -8 11 -10 -11 -12 12 -14 -15
leaf_value=0.02360242181313936 -0.029247970200475794 -0.10450089963758652 -0.045522548326037152 -0.33501829128268934 -0.10637443920845069 0.15430206430628318 0.33262339837383481 -0.16575494796348117 0.12654518458435979 0.59192149444287157 0.46637254905700687 0.46673225149708364 0.068375165236883237 -0.24462449035096553
leaf_weight=3800 4857 325 43 209 345 128 63 119 220 151 49 75 324 92
leaf_count=3800 4857 325 43 209 345 128 63 119 220 151 49 75 324 92
internal_value=0.000175857 0.0242238 0.0316877 0.00930883 0.103073 -0.17023 -0.0379405 0.164779 0.279363 0.451123 0.0293588 0.0728381 0.144234 -0.0128738
internal_weight=10800 5943 5618 4278 1340 429 408 932 414 194 3849 518 399 220
internal_count=10800 5943 5618 4278 1340 429 408 932 414 194 3849 518 399 220
is_linear=0
shrinkage=0.05


Tree=105
num_leaves=15
num_cat=0
split_feature=65 6 44 52 25 24 25 49 46 25 36 36 32 42
split_gain=2934.02 2547.58 2596.15 2098.15 2766.26 4064.58 4776.82 5217.76 8341.4 7848.3 5526.08 4557.24 3835.85 3320.91
threshold=261.5324245000001 291.57821000000007 75.406250000000014 0.63405362205439497 110.83558801624868 278.56941200000006 103.12805452538002 2.5000000000000004 83.005208333333357 100.97654148591421 21.399479166666669 23.992578124999998 17.225000000000005 70.375000000000014
decision_type=2 2 2 2 2 2 2 2 2 2 2 2 2 2
left_child=1 3 -3 -1 5 6 7 8 11 10 12 -5 -10 -8
right_child=-2 2 -4 4 -6 -7 13 -9 9 -11 -12 -13 -14 -15
leaf_value=-0.025922697903762244 0.0718510658335383 0.0036518772244453429 0.53607630124965377 0.5875268803167164 -0.17911769637078245 0.16351775222928044 0.11819751610358556 -0.040204769142960978 -0.17864660460905857 0.67490247596393937 -0.26216282589387596 0.018779202991602375 0.22622761611859477 -0.26422970681372671
leaf_weight=6964 1260 49 42 132 151 524 74 840 82 43 157 48 198 236
leaf_count=6964 1260 49 42 132 151 524 74 840 82 43 157 48 198 236
internal_value=0.000172617 -0.00930089 0.252542 -0.0118491 0.0275857 0.0410295 0.00549808 0.0424481 0.147544 0.03839 -0.0256395 0.436803 0.107444 -0.172854
internal_weight=10800 9540 91 9449 2485 2334 1810 1500 660 480 437 180 280 310
internal_count=10800 9540 91 9449 2485 2334 1810 1500 660 480 437 180 280 310
is_linear=0
shrinkage=0.05


Tree=106
num_leaves=15
num_cat=0
split_feature=65 6 44 52 32 49 35 46 46 51 44 24 24 35
split_gain=2647.65 2304.49 2348.77 1894.89 2593.37 4952.36 7341.39 3913.58 3515.79 3310.16 3120.51 2648.24 4395.6 2437.46
threshold=261.5324245000001 291.57821000000007 75.406250000000014 0.63405362205439497 21.762500000000003 3.5000000000000004 21.369270833333339 83.651041666666671 69.593750000000014 2.5000000000000004 78.968750000000014 291.63912650000003 283.21306650000002 17.664583333333336
decision_type=2 2 2 2 2 2 2 2 2 2 2 2 2 2
left_child=1 3 -3 -1 5 6 7 -5 -6 -9 11 12 -10 -11
right_child=-2 2 -4 4 8 -7 -8 9 10 13 -12 -13 -14 -15
leaf_value=-0.024626749580087877 0.06826136236929857 0.0034729367643594744 0.50989583309653197 0.27295857255415218 -0.49586635214232261 -0.031990155209342591 0.38518590274336645 -0.28090113716220466 0.05135851207390503 -0.21405163229367621 -0.13173705214890719 -0.13165954581905748 0.54336230896287041 0.099142656977451657
leaf_weight=6964 1260 49 42 163 41 795 226 90 198 73 348 106 58 387
leaf_count=6964 1260 49 42 163 41 795 226 90 198 73 348 106 58 387
internal_value=0.0001707 -0.00882862 0.240208 -0.0112522 0.0262238 0.0598293 0.137519 0.0585865 -0.051345 -0.00532572 -0.0250142 0.0776616 0.164509 0.0490836
internal_weight=10800 9540 91 9449 2485 1734 939 713 751 550 710 362 256 460
internal_count=10800 9540 91 9449 2485 1734 939 713 751 550 710 362 256 460
is_linear=0
shrinkage=0.05


Tree=107
num_leaves=15
num_cat=0
split_feature=2 26 64 21 17 21 57 48 25 25 32 24 25 46
split_gain=2423.3 1841.57 2503.03 1675.54 10770.8 3522.03 4115.45 2821 3444.16 4075.83 2519.58 2416.53 2691.43 2221.24
threshold=24.000000000000004 19.012500000000003 95.059242500000011 9.1621876858736614e-06 8.291695780468328e-06 1.4088495625161608e-05 4.5000000000000009 1.3750000000000002 103.31627607694045 104.64478702079667 20.587500000000002 290.03840000000008 104.14334355566672 87.005208333333357
decision_type=2 2 2 2 2 2 2 2 2 2 2 2 2 2
left_child=3 2 -2 4 7 6 11 -1 -9 -10 -11 12 -5 -7
right_child=1 -3 -4 5 -6 13 -8 8 9 10 -12 -13 -14 -15
leaf_value=-0.36096219726796475 -0.038315455190586753 -0.012671233447534697 -0.28757099815682596 0.23586048571635848 0.68182844958215394 0.0058472247826884738 -0.06207124273676206 0.016768518308264355 -0.5154338411548558 0.20488502701123557 -0.16695913499123172 -0.05047702134920741 0.60078760396237629 0.12784670252816518
leaf_weight=66 326 5627 145 229 52 2337 135 1008 67 59 189 52 65 443
leaf_count=66 326 5627 145 229 52 2337 135 1008 67 59 189 52 65 443
internal_value=0.000165048 -0.020631 -0.115497 0.0271339 -0.0177578 0.0469705 0.171749 -0.0444199 -0.028368 -0.172401 -0.0780287 0.262895 0.318305 0.0253271
internal_weight=10800 6098 471 4702 1441 3261 481 1389 1323 315 248 346 294 2780
internal_count=10800 6098 471 4702 1441 3261 481 1389 1323 315 248 346 294 2780
is_linear=0
shrinkage=0.05


Tree=108
num_leaves=15
num_cat=0
split_feature=65 6 44 25 52 42 49 25 25 25 25 41 22 26
split_gain=2315.06 2091.14 2123.08 1784.99 1956.68 3075.26 4744.82 3924.93 4063 3534.15 3346.03 3329.92 4818.73 2439.58
threshold=261.5324245000001 291.57821000000007 75.406250000000014 115.07125642071684 0.63405362205439497 73.375000000000014 4.5000000000000009 103.12805452538002 100.97654148591421 99.460662613930012 104.44557423686149 79.875000000000014 141.123860984375 21.012500000000003
decision_type=2 2 2 2 2 2 2 2 2 2 2 2 2 2
left_child=1 3 -3 4 -1 6 11 8 9 -7 -9 12 -6 -13
right_child=-2 2 -4 -5 5 7 -8 10 -10 -11 -12 13 -14 -15
leaf_value=-0.020822260623853801 0.063829134343294278 0.0038866160511970521 0.48537590250719431 -0.15034762762044243 0.53735142279027115 0.045012154664642791 -0.035174480272301786 -0.31322662147197006 0.37210781567236961 -0.25952415510263538 -0.030508645757345867 -0.0063081258783143678 0.089821454540297802 0.31568629966492245
leaf_weight=6831 1260 49 42 222 133 868 359 166 84 106 281 208 110 81
leaf_count=6831 1260 49 42 222 133 868 359 166 84 106 281 208 110 81
internal_value=0.000158552 -0.00825658 0.228973 -0.0105652 -0.00718617 0.0316828 0.105247 -0.0119101 0.0405813 0.0116374 -0.135965 0.199893 0.335964 0.0847168
internal_weight=10800 9540 91 9449 9227 2396 891 1505 1058 974 447 532 243 289
internal_count=10800 9540 91 9449 9227 2396 891 1505 1058 974 447 532 243 289
is_linear=0
shrinkage=0.05


Tree=109
num_leaves=15
num_cat=0
split_feature=53 52 25 24 47 49 32 64 46 46 51 22 24 65
split_gain=2104.49 1938.04 3247.41 3276.48 4746.93 4574.56 4265.72 7978.36 5198.09 4358.7 3781.86 5340.71 5201.33 3627.22
threshold=0.99465189230620699 0.5277851165098012 110.83558801624868 283.32550850000001 66.093750000000014 3.5000000000000004 21.762500000000003 130.49354050000002 83.005208333333357 82.526041666666671 1.5000000000000002 138.91248203125005 296.45735250000007 81.492148500000013
decision_type=2 2 2 2 2 2 2 2 2 2 2 2 2 2
left_child=1 -1 3 5 -5 6 8 9 -3 -8 -6 -12 -13 -7
right_child=-2 2 -4 4 10 13 7 -9 -10 -11 11 12 -14 -15
leaf_value=-0.019084391090609488 0.12276383042390455 0.27326873873977964 -0.16223998482678539 0.65240219018676071 -0.11952596216796692 -0.005088851949642096 0.34763216405968977 -0.34055222381905814 0.05013920803042439 -0.079476967214870811 0.62507826017836732 -0.054547884577057427 0.40452291705927995 -0.20651367996792191
leaf_weight=6959 338 367 213 43 130 808 107 163 900 133 59 179 93 308
leaf_count=6959 338 367 213 43 130 808 107 163 900 133 59 179 93 308
internal_value=0.000155704 -0.0038168 0.0265103 0.0387759 0.155958 0.0175287 0.0698876 -0.0716738 0.114936 0.111595 0.108341 0.197925 0.103321 -0.0608143
internal_weight=10800 10462 3503 3290 504 2786 1670 403 1267 240 461 331 272 1116
internal_count=10800 10462 3503 3290 504 2786 1670 403 1267 240 461 331 272 1116
is_linear=0
shrinkage=0.05


Tree=110
num_leaves=15
num_cat=0
split_feature=65 64 17 42 64 34 47 34 24 22 24 24 32 47
split_gain=2019.23 1959.75 1584.64 1808.61 1563.47 1355.49 1304.71 1397.35 1438.55 3411.69 3141.17 3828.22 2254.66 2100.76
threshold=261.5324245000001 260.02809100000007 1.1809109315730381e-05 71.875000000000014 278.81592000000006 16.226041666666671 85.757812500000014 17.311458333333334 263.86678650000005 127.28854346354167 277.22543400000006 278.51062050000002 20.087500000000002 78.419270833333357
decision_type=2 2 2 2 2 2 2 2 2 2 2 2 2 2
left_child=1 5 -3 4 -4 -1 7 -2 9 -9 12 -12 13 -10
right_child=6 2 3 -5 -6 -7 -8 8 10 -11 11 -13 -14 -15
leaf_value=-0.2787313446092109 -0.23696619475760114 0.0025853985017026543 0.038740264051368142 0.42634823796392052 0.34994175533453625 -0.012301717290311983 0.33372098253596399 0.08289156220148429 0.24378445417642958 0.53483163407072432 0.51948238192842566 0.060597179773876013 -0.17463234468518446 -0.12651524274454762
leaf_weight=47 40 334 195 52 50 8862 41 326 81 47 51 364 239 71
leaf_count=47 40 334 195 52 50 8862 41 326 81 47 51 364 239 71
internal_value=0.00015481 -0.00770428 0.0773777 0.161197 0.103415 -0.0137384 0.0596183 0.0501331 0.0600661 0.141116 0.0224294 0.118103 -0.0791595 0.0711191
internal_weight=10800 9540 631 297 245 8909 1260 1219 1179 373 806 415 391 152
internal_count=10800 9540 631 297 245 8909 1260 1219 1179 373 806 415 391 152
is_linear=0
shrinkage=0.05


Tree=111
num_leaves=15
num_cat=0
split_feature=65 6 44 25 65 52 42 49 25 25 25 36 31 25
split_gain=1825 1822.24 1861.49 1533.69 1876.53 1618.05 2647.44 3976.3 3488.5 3570.01 3129.96 3120.43 5331.52 2937.62
threshold=261.5324245000001 291.57821000000007 75.406250000000014 115.07125642071684 79.608916500000007 0.63405362205439497 73.375000000000014 4.5000000000000009 103.12805452538002 100.97654148591421 99.460662613930012 20.983854166666671 22.787500000000005 104.44557423686149
decision_type=2 2 2 2 2 2 2 2 2 2 2 2 2 2
left_child=1 3 -3 5 -5 -1 7 11 9 10 -8 -7 -13 -10
right_child=-2 2 -4 4 -6 6 8 -9 13 -11 -12 12 -14 -15
leaf_value=-0.018739457769345418 0.056686418192206517 0.0033767808675765989 0.45422395689542905 0.0053053280693042071 -0.284735937802507 -0.23646495667536085 0.042324069915049993 -0.031287323853466657 -0.29448707036807864 0.3488101714542684 -0.24426902458593946 0.64079478887697827 0.15399726625002208 -0.029579910116785388
leaf_weight=6831 1260 49 42 112 110 40 868 359 166 84 106 64 428 281
leaf_count=6831 1260 49 42 112 110 40 868 359 166 84 106 64 428 281
internal_value=0.000155235 -0.00731631 0.214136 -0.00947147 -0.139041 -0.00633931 0.0290066 0.0972623 -0.0114404 0.0380469 0.0109157 0.183905 0.218492 -0.128395
internal_weight=10800 9540 91 9449 222 9227 2396 891 1505 1058 974 532 492 447
internal_count=10800 9540 91 9449 222 9227 2396 891 1505 1058 974 532 492 447
is_linear=0
shrinkage=0.05


Tree=112
num_leaves=15
num_cat=0
split_feature=53 29 52 32 49 49 46 42 65 24 36 36 46 65
split_gain=1800.47 1607.7 1980.45 3226.03 4416.79 3815.05 5201.47 3085.88 6520.14 2640.24 2744.22 3376.57 2484.28 1910.92
threshold=0.99465189230620699 16.025000000000002 0.5277851165098012 21.762500000000003 3.5000000000000004 1.5000000000000002 81.692708333333357 57.375000000000007 103.85360150000001 284.15934500000009 23.792968750000004 23.331510416666671 71.385416666666671 81.492148500000013
decision_type=2 2 2 2 2 2 2 2 2 2 2 2 2 2
left_child=1 -1 -3 4 12 6 -5 -7 -9 13 11 -11 -4 -6
right_child=-2 2 3 5 9 7 -8 8 -10 10 -12 -13 -14 -15
leaf_value=-0.20937357585718661 0.11355687242070321 -0.017007347921556969 0.50609297728756575 0.43269934836451124 -0.006201200837752897 0.05059167220234187 -0.029741529172493356 -0.0095291728149310088 -0.33563751293213739 0.058147874567657715 -0.11819591678127095 0.64578225625161501 0.11029751313125723 -0.17881462539741405
leaf_weight=93 338 6943 40 91 535 282 179 360 266 54 53 44 1294 228
leaf_count=93 338 6943 40 91 535 282 179 360 266 54 53 44 1294 228
internal_value=0.000150093 -0.00352429 -0.001658 0.0294443 0.0645569 -0.0375597 0.12714 -0.0866202 -0.148413 -0.0201056 0.170235 0.325842 0.122536 -0.0579482
internal_weight=10800 10462 10369 3426 2248 1178 270 908 626 914 151 98 1334 763
internal_count=10800 10462 10369 3426 2248 1178 270 908 626 914 151 98 1334 763
is_linear=0
shrinkage=0.05


Tree=113
num_leaves=15
num_cat=0
split_feature=53 6 46 52 25 24 25 42 36 47 49 46 25 31
split_gain=1625.29 1611.25 1937.31 1658 2664.87 2778.33 3891.16 4342.62 3752.69 5758.84 3615.92 4270.84 5910.44 5095.36
threshold=0.99465189230620699 291.57821000000007 70.067708333333357 0.5277851165098012 110.83558801624868 278.11863750000003 103.14478863480169 70.375000000000014 26.592968750000008 66.093750000000014 2.5000000000000004 83.005208333333357 100.97654148591421 22.787500000000005
decision_type=2 2 2 2 2 2 2 2 2 2 2 2 2 2
left_child=1 3 -3 -1 5 6 10 -8 9 -7 11 13 -13 -5
right_child=-2 2 -4 4 -6 8 7 -9 -10 -11 -12 12 -14 -15
leaf_value=-0.019629319853782468 0.10789577858948361 0.02051594209941951 0.45975963124414776 0.44991906345254035 -0.14833253444994965 0.51477538763985531 0.051658463485809193 -0.26456856681370594 -0.33868135685144468 0.08987082520177006 -0.02844590367951505 -0.012705092647816864 0.4622221143890734 0.044212056253407454
leaf_weight=6854 338 65 40 163 213 90 192 248 42 651 1047 638 72 147
leaf_count=6854 338 65 40 163 213 90 192 248 42 651 1047 638 72 147
internal_value=0.000147276 -0.00334378 0.190606 -0.00532826 0.0226509 0.0337624 0.00806817 -0.126774 0.115915 0.142103 0.0368194 0.103775 0.0360389 0.258296
internal_weight=10800 10462 105 10357 3503 3290 2507 440 783 741 2067 1020 710 310
internal_count=10800 10462 105 10357 3503 3290 2507 440 783 741 2067 1020 710 310
is_linear=0
shrinkage=0.05


Tree=114
num_leaves=15
num_cat=0
split_feature=29 15 24 48 47 22 57 25 22 51 36 47 17 36
split_gain=1534.55 1635.39 1704.98 3082.32 3146.6 2222.04 2718.81 4437.84 4384.01 2729.35 5055.08 5946.37 5605.99 5101.54
threshold=16.025000000000002 24.000000000000004 300.20324800000009 1.3750000000000002 69.501302083333357 147.83784375520835 3.5000000000000004 109.2624300420939 142.49875159375003 1.5000000000000002 22.907812500000002 64.480468750000014 2.5927198770225745e-06 22.152604166666674
decision_type=2 2 2 2 2 2 2 2 2 2 2 2 2 2
left_child=-1 2 5 -4 -5 6 7 9 -8 -2 13 -12 -13 -11
right_child=1 -3 3 4 -6 -7 8 -9 -10 10 11 12 -14 -15
leaf_value=-0.20099382081881481 -0.048769046145079459 -0.019588130802372941 -0.48590801036375209 -0.18239545134875257 0.15140234008142653 0.20051599108945517 -0.0032173224631607089 0.49556395200504499 -0.28579228421780883 0.063437918279286132 -0.32271538966081365 0.38509916256751042 0.092120776481338248 -0.15037637999440945
leaf_weight=93 648 4843 42 155 128 176 2072 54 146 1374 54 287 379 349
leaf_count=93 648 4843 42 155 128 176 2072 54 146 1374 54 287 379 349
internal_value=0.00014634 0.00191203 0.019669 -0.0914627 -0.0314183 0.026205 0.0204483 0.0503387 -0.0219382 0.0424028 0.066596 0.17776 0.218762 0.0200669
internal_weight=10800 10707 5864 325 283 5539 5363 3145 2218 3091 2443 720 666 1723
internal_count=10800 10707 5864 325 283 5539 5363 3145 2218 3091 2443 720 666 1723
is_linear=0
shrinkage=0.05


Tree=115
num_leaves=15
num_cat=0
split_feature=53 6 45 52 25 24 25 47 36 47 49 46 25 36
split_gain=1474.41 1443.98 1717.41 1422.25 2306.99 2449.67 3447.02 4109.55 3299.19 5073.25 3220.5 3658.37 5424.02 4979.87
threshold=0.99465189230620699 291.57821000000007 73.989583333333357 0.5277851165098012 110.83558801624868 278.11863750000003 103.01617201837239 78.065104166666671 26.592968750000008 66.093750000000014 2.5000000000000004 83.005208333333357 100.97654148591421 21.399479166666669
decision_type=2 2 2 2 2 2 2 2 2 2 2 2 2 2
left_child=1 3 -3 -1 5 6 10 -8 9 -7 11 -5 13 -13
right_child=-2 2 -4 4 -6 8 7 -9 -10 -11 -12 12 -14 -15
leaf_value=-0.018311488545971602 0.10276305795616986 0.017108236528359928 0.42886695216099424 0.24039795744259784 -0.13824079700475819 0.48266695997483294 -0.0072046936705495073 -0.32606532766680735 -0.31791482018523443 0.083858114889613283 -0.027426997223404637 0.10029276331604141 0.44603136884527184 -0.18537403248265327
leaf_weight=6854 338 64 41 310 213 90 287 155 42 651 1046 388 71 250
leaf_count=6854 338 64 41 310 213 90 287 155 42 651 1046 388 71 250
internal_value=0.00013758 -0.00318749 0.180419 -0.00506614 0.0208476 0.0311862 0.00705974 -0.119506 0.108326 0.132882 0.034195 0.0974147 0.0346468 -0.0117606
internal_weight=10800 10462 105 10357 3503 3290 2507 442 783 741 2065 1019 709 638
internal_count=10800 10462 105 10357 3503 3290 2507 442 783 741 2065 1019 709 638
is_linear=0
shrinkage=0.05


end of trees

feature_importances:
consumo_alvo_semana_anterior=257
temperatura_externa_c_media_1440m=142
consumo_max_1440m=95
origem_hora_cos=83
consumo_std_1440m=73
umidade_relativa_pct_media_1440m=68
origem_hora_sin=54
temperatura_externa_c_lag_1440m=51
origem_hora=49
consumo_alvo_dia_anterior=49
consumo_mean_1440m=48
temperatura_externa_c_lag_180m=47
temperatura_externa_c_atual=40
alvo_hora_sin=39
umidade_relativa_pct_media_360m=36
origem_mes=35
consumo_std_180m=33
umidade_relativa_pct_media_180m=33
alvo_dia_semana=30
temperatura_externa_c_media_180m=27
consumo_std_360m=24
umidade_relativa_pct_lag_1440m=24
origem_dia_semana=24
temperatura_externa_c_lag_360m=23
temperatura_externa_c_media_60m=23
temperatura_externa_c_lag_720m=22
temperatura_externa_c_media_360m=20
umidade_relativa_pct_lag_360m=19
umidade_relativa_pct_lag_720m=17
consumo_lag_1440m=15
consumo_lag_10080m=15
temperatura_externa_c_lag_60m=12
umidade_relativa_pct_media_60m=12
origem_semana_sin=9
consumo_lag_360m=8
consumo_std_60m=8
consumo_min_180m=8
consumo_lag_180m=6
consumo_mean_180m=6
consumo_max_180m=6
alvo_hora_cos=6
temperatura_externa_c_lag_15m=5
consumo_lag_60m=4
consumo_lag_30m=3
consumo_lag_720m=3
consumo_mean_360m=3
consumo_max_360m=2
umidade_relativa_pct_lag_180m=2
consumo_atual_kw=1
umidade_relativa_pct_atual=1
umidade_relativa_pct_lag_15m=1
umidade_relativa_pct_lag_60m=1
origem_semana_cos=1
alvo_hora=1

parameters:
[boosting: gbdt]
[objective: regression]
[metric: l1]
[tree_learner: serial]
[device_type: cpu]
[data_sample_strategy: bagging]
[data: ]
[valid: ]
[num_iterations: 400]
[learning_rate: 0.05]
[num_leaves: 15]
[num_threads: 2]
[seed: 20260905]
[deterministic: 1]
[force_col_wise: 1]
[force_row_wise: 0]
[histogram_pool_size: -1]
[max_depth: -1]
[min_data_in_leaf: 40]
[min_sum_hessian_in_leaf: 0.001]
[bagging_fraction: 1]
[pos_bagging_fraction: 1]
[neg_bagging_fraction: 1]
[bagging_freq: 0]
[bagging_seed: 23218]
[bagging_by_query: 0]
[feature_fraction: 1]
[feature_fraction_bynode: 1]
[feature_fraction_seed: 28090]
[extra_trees: 0]
[extra_seed: 14360]
[early_stopping_round: 0]
[early_stopping_min_delta: 0]
[first_metric_only: 0]
[max_delta_step: 0]
[lambda_l1: 0]
[lambda_l2: 1]
[linear_lambda: 0]
[min_gain_to_split: 0]
[drop_rate: 0.1]
[max_drop: 50]
[skip_drop: 0.5]
[xgboost_dart_mode: 0]
[uniform_drop: 0]
[drop_seed: 16970]
[top_rate: 0.2]
[other_rate: 0.1]
[min_data_per_group: 100]
[max_cat_threshold: 32]
[cat_l2: 10]
[cat_smooth: 10]
[max_cat_to_onehot: 4]
[top_k: 20]
[monotone_constraints: ]
[monotone_constraints_method: basic]
[monotone_penalty: 0]
[feature_contri: ]
[forcedsplits_filename: ]
[refit_decay_rate: 0.9]
[cegb_tradeoff: 1]
[cegb_penalty_split: 0]
[cegb_penalty_feature_lazy: ]
[cegb_penalty_feature_coupled: ]
[path_smooth: 0]
[interaction_constraints: ]
[verbosity: -1]
[saved_feature_importance_type: 0]
[use_quantized_grad: 0]
[num_grad_quant_bins: 4]
[quant_train_renew_leaf: 0]
[stochastic_rounding: 1]
[linear_tree: 0]
[max_bin: 255]
[max_bin_by_feature: ]
[min_data_in_bin: 3]
[bin_construct_sample_cnt: 200000]
[data_random_seed: 5037]
[is_enable_sparse: 1]
[enable_bundle: 1]
[use_missing: 1]
[zero_as_missing: 0]
[feature_pre_filter: 1]
[pre_partition: 0]
[two_round: 0]
[header: 0]
[label_column: ]
[weight_column: ]
[group_column: ]
[ignore_column: ]
[categorical_feature: ]
[forcedbins_filename: ]
[precise_float_parser: 0]
[parser_config_file: ]
[objective_seed: 15411]
[num_class: 1]
[is_unbalance: 0]
[scale_pos_weight: 1]
[sigmoid: 1]
[boost_from_average: 1]
[reg_sqrt: 0]
[alpha: 0.9]
[fair_c: 1]
[poisson_max_delta_step: 0.7]
[tweedie_variance_power: 1.5]
[lambdarank_truncation_level: 30]
[lambdarank_norm: 1]
[label_gain: ]
[lambdarank_position_bias_regularization: 0]
[eval_at: ]
[multi_error_top_k: 1]
[auc_mu_weights: ]
[num_machines: 1]
[local_listen_port: 12400]
[time_out: 120]
[machine_list_filename: ]
[machines: ]
[gpu_platform_id: -1]
[gpu_device_id: -1]
[gpu_device_id_list: ]
[gpu_use_dp: 0]
[num_gpu: 1]

end of parameters

pandas_categorical:[]
