tree
version=v4
num_class=1
num_tree_per_iteration=1
label_index=0
max_feature_idx=65
objective=regression
feature_names=consumo_atual_kw consumo_lag_15m consumo_lag_30m consumo_lag_60m consumo_lag_120m consumo_lag_180m consumo_lag_360m consumo_lag_720m consumo_lag_1440m consumo_lag_10080m consumo_mean_60m consumo_min_60m consumo_max_60m consumo_std_60m consumo_mean_180m consumo_min_180m consumo_max_180m consumo_std_180m consumo_mean_360m consumo_min_360m consumo_max_360m consumo_std_360m consumo_mean_1440m consumo_min_1440m consumo_max_1440m consumo_std_1440m temperatura_externa_c_atual temperatura_externa_c_lag_15m temperatura_externa_c_lag_60m temperatura_externa_c_lag_180m temperatura_externa_c_lag_360m temperatura_externa_c_lag_720m temperatura_externa_c_lag_1440m temperatura_externa_c_media_60m temperatura_externa_c_media_180m temperatura_externa_c_media_360m temperatura_externa_c_media_1440m umidade_relativa_pct_atual umidade_relativa_pct_lag_15m umidade_relativa_pct_lag_60m umidade_relativa_pct_lag_180m umidade_relativa_pct_lag_360m umidade_relativa_pct_lag_720m umidade_relativa_pct_lag_1440m umidade_relativa_pct_media_60m umidade_relativa_pct_media_180m umidade_relativa_pct_media_360m umidade_relativa_pct_media_1440m origem_hora origem_dia_semana origem_fim_de_semana origem_mes origem_hora_sin origem_hora_cos origem_semana_sin origem_semana_cos alvo_hora alvo_dia_semana alvo_fim_de_semana alvo_mes alvo_hora_sin alvo_hora_cos alvo_semana_sin alvo_semana_cos consumo_alvo_dia_anterior consumo_alvo_semana_anterior
feature_infos=[22.399999999999999:324.71375799999998] [22.399999999999999:324.71375799999998] [22.399999999999999:324.71375799999998] [22.399999999999999:324.71375799999998] [22.399999999999999:324.71375799999998] [22.399999999999999:324.71375799999998] [22.399999999999999:324.71375799999998] [22.399999999999999:324.71375799999998] [22.399999999999999:324.71375799999998] [22.399999999999999:324.71375799999998] [22.399999999999999:321.24876725000001] [22.399999999999999:318.278571] [22.399999999999999:324.71375799999998] [0:82.540869055199337] [22.399999999999999:313.28577408333337] [22.399999999999999:302.53573799999998] [22.399999999999999:324.71375799999998] [0:92.970139865692389] [22.399999999999999:295.13563500000004] [22.399999999999999:249.29458700000001] [22.399999999999999:324.71375799999998] [0:116.53386463160022] [23.200000000000003:159.49963871874999] none [25.600000000000001:324.71375799999998] [1.3929144002343703:128.71471884334804] [15:33.700000000000003] [15:33.700000000000003] [15:33.700000000000003] [15:33.700000000000003] [15:33.700000000000003] [15:33.700000000000003] [15:33.700000000000003] [15:33.4375] [15:32.71875] [15.333333333333334:31.620833333333334] [16.439843749999998:27.283072916666669] [31:98] [31:98] [31:98] [31:98] [31:98] [31:98] [31:98] [32.5:95.625] [33.666666666666664:95.083333333333329] [37.041666666666664:94] [59.309895833333336:91.638020833333329] [0:23.75] [0:6] [0:1] [1:4] [-1:1] [-1:1] [-0.97492791218182362:0.97492791218182362] [-0.90096886790241903:1] [0:23.75] [0:6] [0:1] [1:4] [-1:1] [-1:1] [-0.97492791218182362:0.97492791218182362] [-0.90096886790241903:1] [22.399999999999999:324.71375799999998] [22.399999999999999:324.71375799999998]
tree_sizes=1382 1406 1403 1410 1407 1411 1409 1411 1418 1422 1420 1419 1415 1414 1412 1414 1415 1407 1412 1415 1410 1429 1422 1423 1416 1420 1416 1405 1414 1421 1418 1428 1420 1419 1421 1419 1430 1433 1421 1424 1421 1422 1416 1432 1428 1431 1421 1429 1414 1425 1421 1421 1428 1440 1422 1434 1424 1430 1435 1426 1418 1420 1430 1427 1426 1416 1423 1435 1430 1438 1432 1450 1437 1427 1428 1420 1430 1432 1435 1433 1430 1430 1435 1437 1433 1434 1438 1428 1443 1428 1446 1435 1432 1439 1443 1418 1440 1442 1439 1440 1436 1428 1427 1426 1442 1439 1422 1441 1437 1424 1428 1417 1431 1433 1426 1435 1415 1429 1415 1439 1434 1422

Tree=0
num_leaves=15
num_cat=0
split_feature=65 65 65 21 48 29 36 1 36 52 18 27 1 36
split_gain=8.95544e+07 9.50265e+06 3.46911e+06 308466 304443 227603 210440 143895 143166 110632 68547.4 43178.9 51555 40508.6
threshold=152.19096300000004 42.523274000000008 229.01913550000003 83.499161254180407 11.125000000000002 19.912500000000005 21.825520833333339 244.93435700000001 20.759114583333339 0.47114434510950087 57.164644583333335 16.862500000000004 219.17865700000002 24.648697916666666
decision_type=2 2 2 2 2 2 2 2 2 2 2 2 2 2
left_child=1 -1 4 6 8 11 -3 -7 -2 -10 -8 -4 -13 -12
right_child=2 3 5 -5 -6 7 10 -9 9 -11 13 12 -14 -15
leaf_value=104.09437616592335 111.69141571575339 107.25126208988345 113.6806254040047 109.9967546893038 109.56636049968904 116.27075620241733 109.14214821084815 113.48402795620066 112.58397874131649 113.70316107667151 108.00382751565847 115.34702761987151 113.28955058168482 108.88453440286214
leaf_weight=5440 235 497 74 246 77 1676 300 55 518 441 497 524 44 176
leaf_count=5440 235 497 74 246 77 1676 300 55 518 441 497 524 44 176
internal_value=108.367 105.118 114.746 108.362 112.632 115.876 108.087 116.185 112.829 113.104 108.515 115.03 115.197 108.235
internal_weight=10800 7156 3644 1716 1271 2373 1470 1731 1194 959 973 642 568 673
internal_count=10800 7156 3644 1716 1271 2373 1470 1731 1194 959 973 642 568 673
is_linear=0
shrinkage=1


Tree=1
num_leaves=15
num_cat=0
split_feature=65 65 65 21 48 29 36 36 1 52 61 36 65 27
split_gain=8.08339e+07 8.57649e+06 3.13104e+06 278639 274716 205012 193894 131681 129366 53806 53793.9 48841 43667.5 38771.8
threshold=152.19096300000004 42.523274000000008 229.01913550000003 81.772065941470899 11.125000000000002 19.912500000000005 22.238281250000004 22.750520833333336 244.93435700000001 0.47114434510950087 -0.68322629814330815 18.395963541666671 190.22173450000003 16.862500000000004
decision_type=2 2 2 2 2 2 2 2 2 2 2 2 2 2
left_child=1 -1 4 6 7 13 -3 11 -7 -9 -8 -2 -13 -4
right_child=2 3 5 -5 -6 8 10 9 -10 -11 -12 12 -14 -15
leaf_value=-4.0585609002753982 2.0759832342465718 -0.96344932246384196 5.0519575144449869 1.5068457282910621 1.1406324435503057 7.5092748911521516 0.88267433265054773 4.2796362530921916 4.866216261046274 5.3032656833581759 -0.023436452548173361 3.1510959453270084 4.1584798093701973 6.489615425954594
leaf_weight=5440 47 598 74 258 77 1676 219 316 55 284 641 182 365 568
leaf_count=5440 47 598 74 258 77 1676 219 316 55 284 641 182 365 568
internal_value=0.000192148 -3.08653 6.06101 -0.0044793 4.05295 7.13439 -0.272765 4.23965 7.42815 4.77217 0.208063 3.69462 3.82966 6.33202
internal_weight=10800 7156 3644 1716 1271 2373 1458 1194 1731 600 860 594 547 642
internal_count=10800 7156 3644 1716 1271 2373 1458 1194 1731 600 860 594 547 642
is_linear=0
shrinkage=0.05


Tree=2
num_leaves=15
num_cat=0
split_feature=65 65 65 21 48 48 33 36 35 52 18 36 27 52
split_gain=7.29631e+07 7.74059e+06 2.8252e+06 252150 247940 187389 190726 174203 120480 87528.4 57479 35722.7 33475.7 32921.2
threshold=152.19096300000004 42.523274000000008 229.01913550000003 83.499161254180407 11.125000000000002 9.1250000000000018 19.065625000000004 21.825520833333339 19.99635416666667 0.47114434510950087 57.164644583333335 24.648697916666666 16.862500000000004 0.47114434510950087
decision_type=2 2 2 2 2 2 2 2 2 2 2 2 2 2
left_child=1 -1 4 7 8 6 12 -3 13 -10 -9 -12 -4 -2
right_child=2 3 5 -5 -6 -7 -8 10 9 -11 11 -13 -14 -15
leaf_value=-3.8556703668113053 2.568794721406082 -1.0130045458255523 4.8027276611328134 1.4740304935316326 1.0843319873015085 4.55555241394043 7.1287120055286852 0.71107819298672126 3.8691719507832563 4.9159964756140111 -0.33669131638474736 0.49035145115886031 6.1679143049722382 3.650512569074686
leaf_weight=5440 144 497 74 246 77 99 1762 300 492 386 497 176 438 172
leaf_count=5440 144 497 74 246 77 99 1762 300 492 386 497 176 438 172
internal_value=0.000373942 -2.93223 5.75857 -0.00421448 3.85109 6.77818 6.8729 -0.252428 4.02846 4.33446 0.136709 -0.12 5.98035 3.16724
internal_weight=10800 7156 3644 1716 1271 2373 2274 1470 1194 878 973 673 512 316
internal_count=10800 7156 3644 1716 1271 2373 2274 1470 1194 878 973 673 512 316
is_linear=0
shrinkage=0.05


Tree=3
num_leaves=15
num_cat=0
split_feature=65 65 65 21 48 48 33 36 36 17 61 36 65 30
split_gain=6.58579e+07 6.98617e+06 2.54946e+06 227910 223753 168799 171827 159667 111536 46853.6 44627.1 42462.2 36962.5 31148.2
threshold=152.19096300000004 42.523274000000008 229.01913550000003 81.772065941470899 11.125000000000002 9.1250000000000018 19.065625000000004 22.238281250000004 22.750520833333336 59.481066393397107 -0.68322629814330815 18.395963541666671 190.22173450000003 21.212500000000002
decision_type=2 2 2 2 2 2 2 2 2 2 2 2 2 2
left_child=1 -1 4 7 8 6 -4 -3 11 -10 -9 -2 -13 -5
right_child=2 3 5 13 -6 -7 -8 10 9 -11 -12 12 -14 -15
leaf_value=-3.6629221106600927 1.8226664463678999 -0.87336845645970218 5.6824005610296835 1.0313793184534874 1.0308104933836522 4.33005251121521 6.7724786491199316 0.80417633240873165 4.0769439646140819 5.276974563924675 -0.021128128289979106 2.8295627838926891 3.7541923199846448 2.2974449214650625
leaf_weight=5440 47 598 512 192 77 99 1762 219 484 116 641 182 365 66
leaf_count=5440 47 598 512 192 77 99 1762 219 484 116 641 182 365 66
internal_value=0.000522977 -2.78563 5.47117 -0.00396514 3.65917 6.43975 6.52965 -0.246603 3.82766 4.31734 0.189727 3.32661 3.45227 1.36288
internal_weight=10800 7156 3644 1716 1271 2373 2274 1458 1194 600 860 594 547 258
internal_count=10800 7156 3644 1716 1271 2373 2274 1458 1194 600 860 594 547 258
is_linear=0
shrinkage=0.05


Tree=4
num_leaves=15
num_cat=0
split_feature=65 65 65 21 48 29 36 36 1 52 36 36 1 26
split_gain=5.94442e+07 6.30548e+06 2.30021e+06 206203 201947 154432 144219 101804 95391.5 80480.3 48970.9 31087.3 36108 29069.8
threshold=152.19096300000004 42.523274000000008 229.01913550000003 83.499161254180407 11.125000000000002 19.812500000000004 21.809635416666669 20.759114583333339 244.93435700000001 0.47114434510950087 24.011067708333339 18.395963541666671 230.35291300000003 22.237500000000004
decision_type=2 2 2 2 2 2 2 2 2 2 2 2 2 2
left_child=1 -1 4 6 7 11 -3 -2 -7 -9 -8 -4 -13 -11
right_child=2 3 5 -5 -6 8 10 9 -10 13 -12 12 -14 -15
leaf_value=-3.4798098148569601 2.6797339782876488 -0.9243886958445735 4.3670845430950784 1.3331210214478768 0.97993072393612979 6.4394000261757345 -0.19785189534096159 3.4268738244999351 4.2087317499621166 3.9902038705257974 0.51266346195414159 5.6932904556304749 3.9249996276128862 4.9162615159598504
leaf_weight=5440 235 493 85 246 77 1688 535 518 57 261 442 502 41 180
leaf_count=5440 235 493 85 246 77 1688 535 518 57 261 442 502 41 180
internal_value=0.000659429 -2.64635 5.1981 -0.00367258 3.47695 6.11811 -0.228135 3.63702 6.36899 3.86857 0.123785 5.41199 5.56723 4.37845
internal_weight=10800 7156 3644 1716 1271 2373 1470 1194 1745 959 977 628 543 441
internal_count=10800 7156 3644 1716 1271 2373 1470 1194 1745 959 977 628 543 441
is_linear=0
shrinkage=0.05


Tree=5
num_leaves=15
num_cat=0
split_feature=65 65 65 21 48 36 1 36 30 17 18 52 36 1
split_gain=5.36567e+07 5.69088e+06 2.07575e+06 186492 182256 140588 133226 132339 95504.8 48284.8 46838.2 45946 39797.4 28598.9
threshold=152.19096300000004 42.523274000000008 229.01913550000003 81.772065941470899 11.125000000000002 20.649218750000006 238.67934850000003 21.784895833333337 20.512500000000003 62.655287756964334 58.600281979166674 0.47114434510950087 23.024739583333339 259.33671700000008
decision_type=2 2 2 2 2 2 2 2 2 2 2 2 2 2
left_child=1 -1 4 7 8 -4 12 -3 9 -2 -9 -10 -7 -5
right_child=2 3 5 13 -6 6 -8 10 11 -11 -12 -13 -14 -15
leaf_value=-3.3058511883694117 2.5625425413164789 -0.89988562520130633 4.8816368006645368 0.44045223799752603 0.93156234194070875 5.772542008620043 4.0149695847060656 0.61738832592486581 3.4277976756002388 3.8096666878516525 -0.12502952472687148 4.2664035865442074 6.3105670789261943 1.5846831344359416
leaf_weight=5440 345 482 375 80 77 844 90 311 407 108 665 334 1064 178
leaf_count=5440 345 482 375 80 77 844 90 311 407 108 665 334 1064 178
internal_value=0.000801856 -2.51405 4.93875 -0.00346788 3.30373 5.81273 5.98495 -0.222954 3.4558 2.86761 0.11193 3.81103 6.07572 1.23295
internal_weight=10800 7156 3644 1716 1271 2373 1998 1458 1194 453 976 741 1908 258
internal_count=10800 7156 3644 1716 1271 2373 1998 1458 1194 453 976 741 1908 258
is_linear=0
shrinkage=0.05


Tree=6
num_leaves=15
num_cat=0
split_feature=65 65 65 21 48 36 36 1 36 36 17 36 36 52
split_gain=4.84321e+07 5.13627e+06 1.87313e+06 168407 164483 126813 120103 119977 88946.5 43364 37090.1 36429.7 35907 32489.9
threshold=152.19096300000004 42.523274000000008 229.01913550000003 81.772065941470899 11.125000000000002 20.649218750000006 23.839973958333342 238.67934850000003 22.950130208333338 21.399479166666669 59.481066393397107 18.395963541666671 23.024739583333339 0.47114434510950087
decision_type=2 2 2 2 2 2 2 2 2 2 2 2 2 2
left_child=1 -1 4 6 8 -4 9 12 11 -3 -10 -2 -7 -13
right_child=2 3 5 -5 -6 7 -8 -9 10 -11 -12 13 -14 -15
leaf_value=-3.1405890183114895 1.4702831745147706 -0.94806032397843587 4.6382040759350387 1.1716966186941362 0.88558139575060268 5.4842563732982388 0.44141752097314524 3.8164270296201601 3.5205783079818822 -0.26486003482263165 4.6043440270212903 2.5972171857042712 5.9953349540602998 3.391183871933908
leaf_weight=5440 47 376 375 258 77 844 474 90 462 608 112 310 1064 263
leaf_count=5440 47 376 375 258 77 844 474 90 462 608 112 310 1064 263
internal_value=0.000920471 -2.38836 4.69231 -0.00324738 3.13913 5.52253 -0.21182 5.6861 3.2836 -0.526618 3.73968 2.85601 5.77225 2.96691
internal_weight=10800 7156 3644 1716 1271 2373 1458 1998 1194 984 574 620 1908 573
internal_count=10800 7156 3644 1716 1271 2373 1458 1998 1194 984 574 620 1908 573
is_linear=0
shrinkage=0.05


Tree=7
num_leaves=15
num_cat=0
split_feature=65 65 65 21 48 29 36 36 1 36 52 17 30 32
split_gain=4.37178e+07 4.72433e+06 1.62188e+06 167015 117736 115517 109333 79414.8 69612.1 35919.4 34622.2 33194.6 30064.3 29138.8
threshold=157.72236450000003 42.523274000000008 229.01913550000003 87.448564602626618 11.125000000000002 19.812500000000004 23.839973958333342 22.950130208333338 244.93435700000001 21.399479166666669 0.47114434510950087 59.481066393397107 21.212500000000002 17.925000000000001
decision_type=2 2 2 2 2 2 2 2 2 2 2 2 2 2
left_child=1 -1 4 6 7 -4 9 10 -7 -3 -2 -9 -5 -12
right_child=2 3 5 12 -6 8 -8 11 -10 -11 13 -13 -14 -15
leaf_value=-2.983588345343084 2.3574516734792228 -0.83851022011041643 4.6365898969253037 0.91190294357828605 0.8384286884401666 5.5238326703394005 0.43948328774802542 3.3492343091237524 3.6171046487216296 -0.23231358736575897 1.9441113491447606 4.3761642844276087 2.2060028864787173 3.3703690929573122
leaf_weight=5440 334 399 628 155 60 1688 489 458 57 631 48 112 64 237
leaf_count=5440 334 399 628 155 60 1688 489 458 57 631 48 112 64 237
internal_value=0.00103035 -2.25866 4.47863 0.0107922 3.01608 5.24682 -0.175579 3.12518 5.46366 -0.467727 2.72122 3.55833 1.2984 3.13779
internal_weight=10800 7178 3622 1738 1249 2373 1519 1189 1745 1030 619 570 219 285
internal_count=10800 7178 3622 1738 1249 2373 1519 1189 1745 1030 619 570 219 285
is_linear=0
shrinkage=0.05


Tree=8
num_leaves=15
num_cat=0
split_feature=65 65 65 21 48 36 36 1 35 52 61 36 36 52
split_gain=3.94608e+07 4.18349e+06 1.52458e+06 139385 134013 107145 100503 99929.7 76667.9 53081.2 35504.5 32047.9 25220.9 23767.4
threshold=152.19096300000004 42.523274000000008 229.01913550000003 81.772065941470899 11.125000000000002 20.649218750000006 22.238281250000004 238.67934850000003 19.99635416666667 0.47114434510950087 -0.68322629814330815 25.138281250000002 23.063020833333336 0.47114434510950087
decision_type=2 2 2 2 2 2 2 2 2 2 2 2 2 2
left_child=1 -1 4 6 8 -4 -3 11 13 -10 -8 -7 -5 -2
right_child=2 3 5 12 -6 7 10 -9 9 -11 -12 -13 -14 -15
leaf_value=-2.8344364950793168 1.7812244648768987 -0.69001514590329771 4.1732199826139089 0.54944170189518782 0.80037072117512043 5.1036423414983183 0.70148770775307312 3.4303496748536499 2.847513945929661 3.6596091994327473 -0.034624846825358747 5.735129244533586 1.5436159776217904 2.686197049907177
leaf_weight=5440 144 598 375 125 77 1585 219 90 492 386 641 323 133 172
leaf_count=5440 144 598 375 125 77 1585 219 90 492 386 641 323 133 172
internal_value=0.00111537 -2.15556 4.23576 -0.00299751 2.83452 4.98477 -0.192749 5.13493 2.96492 3.2083 0.153424 5.21349 1.06592 2.28072
internal_weight=10800 7156 3644 1716 1271 2373 1458 1998 1194 878 860 1908 258 316
internal_count=10800 7156 3644 1716 1271 2373 1458 1998 1194 878 860 1908 258 316
is_linear=0
shrinkage=0.05


Tree=9
num_leaves=15
num_cat=0
split_feature=65 65 65 21 30 48 36 52 30 61 17 17 29 30
split_gain=3.56193e+07 3.84807e+06 1.32018e+06 137884 97531.3 95908.9 94318.3 71144.4 69286.4 41665.3 35775.4 34018.1 32233.6 27683.3
threshold=157.72236450000003 42.523274000000008 229.01913550000003 86.639565168942781 19.912500000000005 11.125000000000002 24.011067708333339 0.68322629814330837 20.512500000000003 -0.68322629814330815 62.655287756964334 59.481066393397107 19.962500000000002 21.212500000000002
decision_type=2 2 2 2 2 2 2 2 2 2 2 2 2 2
left_child=1 -1 5 6 -4 8 12 9 10 -6 -2 -10 -3 -5
right_child=2 3 4 13 7 -7 -8 -9 11 -11 -12 -13 -14 -15
leaf_value=-2.6927406259153592 2.0596120101472608 -0.88073867829581653 4.0695300611785443 0.78672788713940944 4.5834795210096573 0.75783198104530092 0.43613756237122997 5.1112018127641283 2.9685847169746418 3.2620632252061221 3.1295214294293605 3.9637482702204618 -0.25785926826572159 2.0002787104158695
leaf_weight=5440 344 285 480 173 476 60 451 1335 625 82 108 112 764 65
leaf_count=5440 344 285 480 173 476 60 451 1335 625 82 108 112 764 65
internal_value=0.00119598 -2.03849 4.04285 0.00971226 4.73592 2.72332 -0.167901 4.90266 2.82178 4.39548 2.3216 3.12498 -0.427765 1.12514
internal_weight=10800 7178 3622 1738 2373 1249 1500 1893 1189 558 452 737 1049 238
internal_count=10800 7178 3622 1738 2373 1249 1500 1893 1189 558 452 737 1049 238
is_linear=0
shrinkage=0.05


Tree=10
num_leaves=15
num_cat=0
split_feature=65 65 65 21 36 52 36 48 1 26 30 30 61 1
split_gain=3.21511e+07 3.47311e+06 1.19127e+06 125255 91207.1 88305.7 86043.5 56637.8 55304.8 45764 45705.5 39088.1 38276.7 27266.6
threshold=157.72236450000003 42.523274000000008 229.01913550000003 81.772065941470899 22.709635416666668 0.47114434510950087 21.825520833333339 11.125000000000002 244.93435700000001 21.612500000000004 21.112500000000004 18.112500000000004 -0.68322629814330815 267.50577000000004
decision_type=2 2 2 2 2 2 2 2 2 2 2 2 2 2
left_child=1 -1 5 6 11 7 -3 10 -6 -7 -2 -4 -8 -5
right_child=2 3 4 13 8 9 12 -9 -10 -11 -12 -13 -14 -15
leaf_value=-2.5581283011258562 1.8888473298424988 -0.71205721352143814 3.4321756935119634 0.57729031151149446 4.8741825087878432 2.6484237140622633 0.63025026977121601 0.72056155839904412 3.0582784390917013 3.6001767545564407 2.7579174902663768 4.2946384943292495 -0.086698373490569913 1.5983169013803655
leaf_weight=5440 305 493 184 166 1200 318 250 60 50 238 328 939 720 109
leaf_count=5440 305 493 184 166 1200 318 250 60 50 238 328 939 720 109
internal_value=0.00127184 -1.93657 3.84112 0.00928658 4.49949 2.58767 -0.174913 2.2036 4.80405 3.06156 2.34281 4.15651 0.098541 0.986313
internal_weight=10800 7178 3622 1738 2373 1249 1463 693 1250 556 633 1123 970 275
internal_count=10800 7178 3622 1738 2373 1249 1463 693 1250 556 633 1123 970 275
is_linear=0
shrinkage=0.05


Tree=11
num_leaves=15
num_cat=0
split_feature=65 65 65 36 48 48 33 36 60 52 21 61 48 29
split_gain=2.90214e+07 3.07522e+06 1.11988e+06 109364 98570.6 83730.9 85259.8 61949 55286.6 46062.9 37750.6 29654.8 27299.7 26422.3
threshold=152.19096300000004 42.523274000000008 229.01913550000003 23.002473958333336 11.125000000000002 9.1250000000000018 19.065625000000004 20.71901041666667 -0.8814490726585632 0.47114434510950087 80.571152020363357 -0.9733555533461492 5.1250000000000009 19.912500000000005
decision_type=2 2 2 2 2 2 2 2 2 2 2 2 2 2
left_child=1 -1 4 10 7 6 -4 -2 -5 -9 11 -3 -8 -13
right_child=2 3 5 8 -6 -7 12 9 -10 -11 -12 13 -14 -15
leaf_value=-2.4302453911670363 1.7828120294072161 0.55485149437736259 3.7442205979345369 1.3803161517837803 0.68737627544846291 2.796521787643433 4.2540226161174282 2.3907380437036618 0.25042323833202834 3.1042914678765205 0.43560947765524571 -1.0133019630965809 4.7051800619295943 -0.37303256175494681
leaf_weight=5440 226 63 512 130 77 99 779 526 628 442 129 231 983 535
leaf_count=5440 226 63 512 130 77 99 779 526 628 442 129 231 983 535
internal_value=0.00133197 -1.84819 3.6329 -0.00265239 2.43194 4.27484 4.33794 2.54378 0.445768 2.71942 -0.357551 -0.481351 4.50824 -0.567186
internal_weight=10800 7156 3644 1716 1271 2373 2274 1194 758 968 958 829 1762 766
internal_count=10800 7156 3644 1716 1271 2373 2274 1194 758 968 958 829 1762 766
is_linear=0
shrinkage=0.05


Tree=12
num_leaves=15
num_cat=0
split_feature=65 65 65 21 36 36 52 30 1 33 26 1 36 30
split_gain=2.62027e+07 2.93359e+06 887455 118689 78176.7 76484.6 73796.5 46104.3 44755.6 36237.2 35546.8 31119.2 26317.5 19873.5
threshold=163.36260400000003 42.523274000000008 229.01913550000003 87.448564602626618 22.709635416666668 24.011067708333339 0.47114434510950087 20.587500000000002 244.93435700000001 20.878125000000004 16.512500000000003 219.17865700000002 21.399479166666669 21.212500000000002
decision_type=2 2 2 2 2 2 2 2 2 2 2 2 2 2
left_child=1 -1 6 5 10 12 7 -2 -6 -8 -4 -12 -3 -5
right_child=2 3 4 13 8 -7 9 -9 -10 -11 11 -13 -14 -15
leaf_value=-2.3087555015772891 1.4861736377437167 -0.68763585576681285 2.5761166183041855 0.73471277831281945 4.4059875329467877 0.40068419502070479 2.3481464003159749 2.3606158657868703 2.7712784430559942 3.1995024188568717 3.8821082239483129 2.4894838867187499 -0.17563387380511974 1.7089622856734636
leaf_weight=5440 253 402 70 174 1200 462 245 404 50 303 1004 49 668 76
leaf_count=5440 253 402 70 174 1200 462 245 404 50 303 1004 49 668 76
internal_value=0.00136843 -1.73209 3.49976 0.0286401 4.06143 -0.136399 2.39124 2.02665 4.34287 2.82385 3.74457 3.81973 -0.368456 1.03651
internal_weight=10800 7222 3578 1782 2373 1532 1205 657 1250 548 1123 1053 1070 250
internal_count=10800 7222 3578 1782 2373 1532 1205 657 1250 548 1123 1053 1070 250
is_linear=0
shrinkage=0.05


Tree=13
num_leaves=15
num_cat=0
split_feature=65 65 65 21 36 36 52 1 30 33 36 36 1 30
split_gain=2.36514e+07 2.64775e+06 800876 107316 71551.4 71165.9 66639.2 61033.5 41984.1 32707.3 28686.1 26428.5 23818.5 18301.2
threshold=163.36260400000003 42.523274000000008 229.01913550000003 80.571152020363357 20.610677083333339 23.992578124999998 0.47114434510950087 238.67934850000003 21.112500000000004 20.878125000000004 25.138281250000002 21.399479166666669 256.37658150000004 18.725000000000005
decision_type=2 2 2 2 2 2 2 2 2 2 2 2 2 2
left_child=1 -1 6 5 -4 11 8 10 13 -8 -6 -3 -5 -2
right_child=2 3 4 12 7 -7 9 -9 -10 -11 -12 -13 -14 -15
leaf_value=-2.1933390194781235 0.81887635186121066 -0.71967388681436661 3.1813152133093943 0.19798643621802331 3.9404294677739138 0.36775840199459142 2.2312163539049101 2.6465384336618278 2.3269128185744736 3.0400535326254996 4.5119201095015917 -0.19070550978101355 1.1297014967318919 1.7213943359397708
leaf_weight=5440 76 377 359 99 1601 448 245 90 330 303 323 632 226 251
leaf_count=5440 76 377 359 99 1601 448 245 90 330 303 323 632 226 251
internal_value=0.00141659 -1.64549 3.32513 0.0272637 3.85869 -0.156125 2.27206 3.9778 1.92561 2.68316 4.03866 -0.388865 0.847365 1.51477
internal_weight=10800 7222 3578 1782 2373 1457 1205 2014 657 548 1924 1009 325 327
internal_count=10800 7222 3578 1782 2373 1457 1205 2014 657 548 1924 1009 325 327
is_linear=0
shrinkage=0.05


Tree=14
num_leaves=15
num_cat=0
split_feature=65 65 65 21 35 52 36 52 30 26 61 26 36 45
split_gain=2.13485e+07 2.39128e+06 722706 94389.5 64824.8 64739.9 61563.4 51827.4 37844.1 32098.9 25954.2 23771.9 22479.4 18396.5
threshold=163.36260400000003 63.145266500000005 230.94556050000003 87.448564602626618 19.947395833333335 0.47114434510950087 24.011067708333339 0.68322629814330837 21.112500000000004 20.487500000000004 -0.63405362205439475 16.512500000000003 21.44166666666667 81.552083333333357
decision_type=2 2 2 2 2 2 2 2 2 2 2 2 2 2
left_child=1 -1 5 6 11 8 12 10 -2 -7 -6 -4 -3 -9
right_child=2 3 4 -5 7 9 -8 13 -10 -11 -12 -13 -14 -15
leaf_value=-2.0795988345416765 1.44065837560278 -0.60943869681453333 2.2922995903122594 0.93745201443696757 3.5443796738334323 2.0795907827360289 0.37222711986250001 4.3092238757569907 2.2094085231378631 2.8800898994023183 2.4327920304404369 3.3421634516200509 -0.13528653944533045 3.8412653725354278
leaf_weight=5462 329 410 70 250 436 223 460 471 332 342 71 591 640 713
leaf_count=5462 329 410 70 250 436 223 460 471 332 342 71 591 640 713
internal_value=0.0014523 -1.56322 3.15922 0.0395793 3.67275 2.17184 -0.109597 3.842 1.82953 2.56837 3.39381 3.23461 -0.320835 4.0309
internal_weight=10800 7222 3578 1760 2352 1226 1510 1691 661 565 507 661 1050 1184
internal_count=10800 7222 3578 1760 2352 1226 1510 1691 661 565 507 661 1050 1184
is_linear=0
shrinkage=0.05


Tree=15
num_leaves=15
num_cat=0
split_feature=65 65 65 21 36 36 52 30 1 29 52 33 35 1
split_gain=1.92705e+07 2.15855e+06 652873 88789.7 60948.4 58051.3 54163 36192.1 32905.5 28406.1 29203.9 26897.3 22515.5 20245.8
threshold=163.36260400000003 42.523274000000008 229.01913550000003 80.571152020363357 22.709635416666668 23.992578124999998 0.47114434510950087 19.012500000000003 244.93435700000001 16.862500000000004 0.68322629814330837 20.996875000000006 19.577083333333338 256.37658150000004
decision_type=2 2 2 2 2 2 2 2 2 2 2 2 2 2
left_child=1 -1 6 5 9 12 7 -2 -6 -4 -11 -8 -3 -5
right_child=2 3 4 13 8 -7 11 -9 -10 10 -12 -13 -14 -15
leaf_value=-1.9797313968523136 0.89437367466363049 -0.79800918227339768 2.1810919186840318 0.17265083554071317 3.7855256728188977 0.33161364836506296 2.026407196489163 1.9044674456879525 2.3834271360846127 2.8296184087809215 3.4499971673571714 2.7572686373781998 -0.22646100142416606 1.0315208870540107
leaf_weight=5440 109 220 72 99 1200 448 255 548 50 306 745 293 789 226
leaf_count=5440 109 220 72 99 1200 448 255 548 50 306 745 293 789 226
internal_value=0.00150399 -1.48507 3.00165 0.0252668 3.4834 -0.141543 2.05085 1.7385 3.73139 3.20428 3.27223 2.42149 -0.351747 0.771228
internal_weight=10800 7222 3578 1782 2373 1457 1205 657 1250 1123 1051 548 1009 325
internal_count=10800 7222 3578 1782 2373 1457 1205 657 1250 1123 1051 548 1009 325
is_linear=0
shrinkage=0.05


Tree=16
num_leaves=15
num_cat=0
split_feature=65 65 65 48 36 52 35 36 60 61 36 60 61 27
split_gain=1.73947e+07 1.8414e+06 669845 71099.3 69409.4 56646.5 46575.1 45825.2 36245.5 30086.5 26241.7 22529 26696.8 20539.7
threshold=152.19096300000004 42.523274000000008 229.01913550000003 11.125000000000002 23.063020833333336 0.68322629814330837 20.281250000000004 23.152734374999998 -0.8814490726585632 -0.68322629814330815 18.395963541666671 -0.8814490726585632 -0.9733555533461492 16.862500000000004
decision_type=2 2 2 2 2 2 2 2 2 2 2 2 2 2
left_child=1 -1 3 7 11 9 13 10 -6 -4 -2 -3 -13 -7
right_child=2 4 5 -5 8 6 -8 -9 -10 -11 -12 12 -14 -15
leaf_value=-1.8807629639075711 0.54356073689026141 0.32580651894889101 3.0494234013557437 0.40563589809223627 1.1251913189247718 2.1101029961197466 3.6936738480145657 2.3303352497658643 0.20075788932357638 2.0730303266300605 1.7834290206143468 0.60540037514874712 -0.45831049221675502 3.2175172874689788
leaf_weight=5440 47 131 559 77 127 53 1004 529 622 103 618 63 773 654
leaf_count=5440 47 131 559 77 127 53 1004 529 622 103 618 63 773 654
internal_value=0.00152484 -1.43036 2.81305 1.88424 -0.00226184 3.30953 3.46587 1.97917 0.358796 2.90086 1.69675 -0.282004 -0.377523 3.1376
internal_weight=10800 7156 3644 1271 1716 2373 1711 1194 749 662 665 967 836 707
internal_count=10800 7156 3644 1271 1716 2373 1711 1194 749 662 665 967 836 707
is_linear=0
shrinkage=0.05


Tree=17
num_leaves=15
num_cat=0
split_feature=65 65 65 21 52 36 36 1 64 30 26 36 25 37
split_gain=1.57056e+07 1.7578e+06 531121 70586.7 51888.8 51673.2 51280.2 40126.7 31268.4 30710.8 25363.1 22859.5 21533.2 20648.4
threshold=163.36260400000003 63.145266500000005 230.94556050000003 80.571152020363357 0.47114434510950087 20.649218750000006 21.705989583333338 238.67934850000003 201.68129500000001 18.725000000000005 20.487500000000004 25.138281250000002 104.57112527615017 47.875000000000007
decision_type=2 2 2 2 2 2 2 2 2 2 2 2 2 2
left_child=1 -1 4 6 9 -4 -3 11 13 -2 -6 -7 -13 -8
right_child=2 3 5 -5 10 7 8 -9 -10 -11 -12 12 -14 -15
leaf_value=-1.7832369935778762 0.6016955439146463 -0.5622884672650893 2.587795695181816 0.69787040390645627 1.7847578496738739 3.2152772083064352 0.5550828162361594 2.1418882189881665 0.50861554477871251 1.6804512712227202 2.4948140223589306 4.6961504016006206 3.496739911321384 -0.21543706036851568
leaf_weight=5462 76 445 371 325 223 1573 101 85 300 585 342 56 267 589
leaf_count=5462 76 445 371 325 223 1573 101 85 300 585 342 56 267 589
internal_value=0.00153715 -1.34051 2.71 0.0336905 1.86355 3.15024 -0.117115 3.25422 0.083354 1.55752 2.21821 3.30293 3.71854 -0.102011
internal_weight=10800 7222 3578 1760 1226 2352 1435 1981 990 661 565 1896 323 690
internal_count=10800 7222 3578 1760 1226 2352 1435 1981 990 661 565 1896 323 690
is_linear=0
shrinkage=0.05


Tree=18
num_leaves=15
num_cat=0
split_feature=65 65 65 48 36 52 36 35 52 61 43 36 30 65
split_gain=1.41773e+07 1.44215e+06 589371 81537.7 58533.4 49809.8 43776.9 39341.2 27157.9 24341.4 22386 21958 18345.4 17797.3
threshold=147.33754800000003 42.523274000000008 229.01913550000003 11.125000000000002 23.002473958333336 0.68322629814330837 23.214062500000004 20.281250000000004 1.0000000180025095e-35 -0.68322629814330815 81.375000000000014 18.395963541666671 16.862500000000004 190.22173450000003
decision_type=2 2 2 2 2 2 2 2 2 2 2 2 2 2
left_child=1 -1 3 6 -3 9 11 12 -6 -4 -10 -2 -7 -13
right_child=2 4 5 -5 8 7 -8 -9 10 -11 -12 13 -14 -15
leaf_value=-1.6975965744212058 0.45914670098378951 -0.28304700608906008 2.7390941359315604 0.3116478768678812 0.057920649921781558 1.7821500840394393 2.1295326803407679 3.3429849230946598 0.94742821818260559 1.8609842718435594 0.01299104355275631 1.2300785073453291 2.9012948977102164 1.7913805769485176
leaf_weight=5440 47 929 559 103 436 45 521 1004 216 103 91 233 662 411
leaf_count=5440 47 929 559 103 436 45 521 1004 216 103 91 233 662 411
internal_value=0.00156168 -1.30293 2.51684 1.66562 -0.0186105 2.98765 1.78033 3.1339 0.31196 2.60548 0.671387 1.51434 2.83268 1.59052
internal_weight=10800 7112 3688 1315 1672 2373 1212 1711 743 662 307 691 707 644
internal_count=10800 7112 3688 1315 1672 2373 1212 1711 743 662 307 691 707 644
is_linear=0
shrinkage=0.05


Tree=19
num_leaves=15
num_cat=0
split_feature=65 65 65 60 36 52 35 52 30 5 26 37 30 8
split_gain=1.28004e+07 1.43138e+06 432153 60257.8 45353.2 45265.7 44825.4 33333.9 27611.4 26484.1 21759.3 20454.3 19217.9 17024.6
threshold=163.36260400000003 63.145266500000005 230.94556050000003 -0.8814490726585632 21.705989583333338 0.47114434510950087 19.947395833333335 0.68322629814330837 21.112500000000004 83.726617000000019 20.487500000000004 51.125000000000007 21.212500000000002 255.77468050000002
decision_type=2 2 2 2 2 2 2 2 2 2 2 2 2 2
left_child=1 -1 5 12 -5 8 -4 13 -2 -6 -7 -11 -3 -8
right_child=2 3 6 4 9 10 7 -9 -10 11 -12 -13 -14 -15
leaf_value=-1.609526076883967 1.0668572161913581 0.42673745200395841 2.4814486900125026 -0.52799351075579692 0.43607126609097391 1.61336331899677 2.7140023702727651 3.1350036381442838 1.7212555644390464 0.35949727825407707 2.2701224427181503 -0.26814191256019504 1.3269013087414665 1.5812776077361335
leaf_weight=5462 329 228 661 440 343 223 466 1184 332 175 342 494 80 41
leaf_count=5462 329 228 661 440 343 223 466 1184 332 175 342 494 80 41
internal_value=0.00156495 -1.21001 2.44673 0.0300435 -0.104814 1.6832 2.84384 2.98394 1.39764 0.0795161 2.01421 -0.10367 0.664084 2.62569
internal_weight=10800 7222 3578 1760 1452 1226 2352 1691 661 1012 565 669 308 507
internal_count=10800 7222 3578 1760 1452 1226 2352 1691 661 1012 565 669 308 507
is_linear=0
shrinkage=0.05


Tree=20
num_leaves=15
num_cat=0
split_feature=65 65 65 21 36 25 31 17 64 17 1 25 36 17
split_gain=1.15539e+07 1.2924e+06 390022 56537.4 43268.4 42845.2 38451.3 29175.8 23543.4 21009 19660.2 18888.7 22578.7 18849.7
threshold=163.36260400000003 42.523274000000008 229.01913550000003 95.718381665912645 22.816927083333336 104.19667212036495 22.012500000000003 56.882429240771735 239.99924150000004 19.595518256219851 244.93435700000001 104.33527907377577 25.307031250000005 61.075702236085867
decision_type=2 2 2 2 2 2 2 2 2 2 2 2 2 2
left_child=1 -1 6 5 8 -3 13 -8 -4 -7 11 12 -6 -2
right_child=2 3 4 -5 10 9 7 -9 -10 -11 -12 -13 -14 -15
leaf_value=-1.5322708878660001 1.0202807658632478 -0.25454858732894103 2.1973854274295195 0.96194995085466406 3.1012575250276377 0.69015662444691206 1.6878387231367995 2.6273428518772128 2.6705305011184128 0.059650212739545266 1.8753804580838072 2.7943658958670206 4.3604620854059855 1.7178878078927529
leaf_weight=5440 331 1056 494 145 354 202 633 99 701 379 50 727 47 142
leaf_count=5440 331 1056 494 145 354 202 633 99 701 379 50 727 47 142
internal_value=0.00156417 -1.14951 2.32462 0.0191563 2.69697 -0.0648895 1.58973 1.81831 2.47694 0.279672 2.91789 2.9624 3.25932 1.23289
internal_weight=10800 7222 3578 1782 2373 1637 1205 732 1195 581 1178 1128 401 473
internal_count=10800 7222 3578 1782 2373 1637 1205 732 1195 581 1178 1128 401 473
is_linear=0
shrinkage=0.05


Tree=21
num_leaves=15
num_cat=0
split_feature=65 65 65 48 24 52 33 52 34 17 36 27 14 52
split_gain=1.04316e+07 1.05963e+06 432938 62858.8 45524.6 43966.9 41940.6 37785.1 30331.7 26276.5 23548.7 22060.3 20143.3 15800.8
threshold=147.33754800000003 63.145266500000005 225.63727100000003 11.125000000000002 274.65417650000006 0.68322629814330837 18.990625000000005 1.0000000180025095e-35 22.189583333333335 2.2746480028614838e-05 23.792968750000004 16.862500000000004 250.04736995833335 0.47114434510950087
decision_type=2 2 2 2 2 2 2 2 2 2 2 2 2 2
left_child=1 -1 3 6 12 9 -2 -6 11 -4 13 -7 -3 -8
right_child=2 4 5 -5 7 8 10 -9 -10 -11 -12 -13 -14 -15
leaf_value=-1.4527683083476024 0.65802263560489971 -0.31539062074757895 2.3777395795774825 0.22457933827088428 -0.016414647551521968 1.5438387729503491 1.2241354760314738 0.70698112858347484 3.2104013906942832 1.6227443285930303 1.9367319623506689 2.6345332767575833 0.53544348466553193 1.73564143395156
leaf_weight=5462 129 832 523 103 436 53 391 307 258 161 384 1420 75 266
leaf_count=5462 129 832 523 103 436 53 391 307 258 161 384 1420 75 266
internal_value=0.00159694 -1.11738 2.15917 1.41116 -0.00693501 2.55271 1.51534 0.283034 2.68968 2.20266 1.62084 2.59636 -0.244523 1.43355
internal_weight=10800 7112 3688 1273 1650 2415 1170 743 1731 684 1041 1473 907 657
internal_count=10800 7112 3688 1273 1650 2415 1170 743 1731 684 1041 1473 907 657
is_linear=0
shrinkage=0.05


Tree=22
num_leaves=15
num_cat=0
split_feature=65 65 65 21 64 36 36 52 30 61 45 22 52 36
split_gain=9.41759e+06 1.05252e+06 317644 48872.5 38409.3 37016.6 35363.2 27451.1 25753.6 23653.6 22143.6 23570.7 16614 16313.3
threshold=163.36260400000003 42.523274000000008 230.94556050000003 80.571152020363357 228.38420300000004 20.649218750000006 21.733854166666671 0.68322629814330837 18.275000000000002 -0.9733555533461492 82.989583333333357 135.9634828697917 0.47114434510950087 24.648697916666666
decision_type=2 2 2 2 2 2 2 2 2 2 2 2 2 2
left_child=1 -1 4 6 8 -4 -3 -7 -2 -8 11 -9 -10 -11
right_child=2 3 5 -5 -6 7 9 10 12 13 -12 -13 -14 -15
leaf_value=-1.3830463809753206 0.69852460966066088 -0.47060713295918366 1.9661995997992898 0.57045343748573785 2.3675139141082764 2.2121419026933871 0.89594630125241403 3.4452796537664874 1.2676055325980649 -0.13541917390617603 2.4669300722727101 2.685764223805974 1.6939086356198001 0.34296336003668082
leaf_weight=5440 134 457 371 325 104 550 77 157 580 683 830 444 408 240
leaf_count=5440 134 457 371 325 104 550 77 157 580 683 830 444 408 240
internal_value=0.00159406 -1.03763 2.09892 0.0170168 1.44432 2.43938 -0.10674 2.52696 1.35671 0.0598514 2.64633 2.88957 1.44518 -0.0107928
internal_weight=10800 7222 3578 1782 1226 2352 1457 1981 1122 1000 1431 601 988 923
internal_count=10800 7222 3578 1782 1226 2352 1457 1981 1122 1000 1431 601 988 923
is_linear=0
shrinkage=0.05


Tree=23
num_leaves=15
num_cat=0
split_feature=65 65 65 48 35 48 33 52 26 26 48 36 24 37
split_gain=8.50094e+06 863404 352711 53545.8 41937.7 36765.9 36328 35549.6 34821.3 22061.7 21625.3 20791.3 16686.5 15422.8
threshold=147.33754800000003 42.523274000000008 225.63727100000003 11.125000000000002 20.628125000000004 9.1250000000000018 18.990625000000005 1.0000000180025095e-35 21.012500000000003 16.512500000000003 5.1250000000000009 23.214062500000004 272.80737800000003 47.875000000000007
decision_type=2 2 2 2 2 2 2 2 2 2 2 2 2 2
left_child=1 -1 3 6 -3 8 -2 13 9 -4 -11 -8 -9 -6
right_child=2 4 5 -5 7 -7 11 12 -10 10 -12 -13 -14 -15
leaf_value=-1.3139067352749239 0.57291799838726332 -0.45490649804532124 1.2987224209476524 0.17931005858744567 0.47024937556908197 1.4260886798302332 1.2488670859595432 0.051644147015815857 2.6140561951277501 2.0028661507834218 2.4185691341626239 1.7049271680906468 0.69327159193084864 -0.15949918592410994
leaf_weight=5440 129 408 70 103 112 119 543 152 834 600 792 498 304 696
leaf_count=5440 129 408 70 103 112 119 543 152 834 600 792 498 304 696
internal_value=0.00160059 -1.00853 1.94931 1.27415 -0.0147879 2.30452 1.3703 0.127523 2.34941 2.19676 2.24095 1.46847 0.479977 -0.0717339
internal_weight=10800 7112 3688 1273 1672 2415 1170 1264 2296 1462 1392 1041 456 808
internal_count=10800 7112 3688 1273 1672 2415 1170 1264 2296 1462 1392 1041 456 808
is_linear=0
shrinkage=0.05


Tree=24
num_leaves=15
num_cat=0
split_feature=65 65 65 64 36 30 21 30 52 44 25 49 52 60
split_gain=7.67576e+06 857113 260287 53382.6 41534.5 33203.5 22866.5 21061.1 20502.7 19004.6 18797.9 16974.6 14566.7 14256.3
threshold=163.36260400000003 63.145266500000005 236.71232250000003 228.38420300000004 23.002473958333336 18.962500000000002 87.448564602626618 18.275000000000002 0.68322629814330837 82.843750000000014 108.79148216615197 3.5000000000000004 0.47114434510950087 -0.8814490726585632
decision_type=2 2 2 2 2 2 2 2 2 2 2 2 2 2
left_child=1 -1 3 7 13 -4 -6 -2 -7 10 -10 -11 -9 -3
right_child=2 4 5 -5 6 8 -8 12 9 11 -12 -13 -14 -15
leaf_value=-1.2457831831319242 0.62017331059332248 0.24672360533933624 1.6466913015621469 2.1226072832553959 0.16453290478799207 2.0163113741457352 0.86142294734923375 1.1268090901439363 2.7792877173423771 2.3387620871079799 2.0056223102978299 1.7063192837627221 1.5159215802471389 -0.27946069585823075
leaf_weight=5462 134 152 233 191 649 536 143 590 459 747 111 140 437 816
leaf_count=5462 134 152 233 191 649 536 143 590 459 747 111 140 437 816
internal_value=0.00157957 -0.936632 1.89504 1.34603 0.0229532 2.22774 0.291288 1.21656 2.29481 2.39581 2.6324 2.24097 1.29369 -0.196667
internal_weight=10800 7222 3578 1352 1760 2226 792 1161 1993 1457 570 887 1027 968
internal_count=10800 7222 3578 1352 1760 2226 792 1161 1993 1457 570 887 1027 968
is_linear=0
shrinkage=0.05


Tree=25
num_leaves=15
num_cat=0
split_feature=65 65 65 64 21 35 35 17 48 36 52 22 15 30
split_gain=6.92867e+06 773666 234955 48224.4 38453.8 30165.8 29791.6 27875.6 20571.8 21256.8 20282.6 19263.7 15473 15306.9
threshold=163.36260400000003 42.523274000000008 236.71232250000003 228.38420300000004 95.718381665912645 21.242708333333336 20.628125000000004 19.333335973937228 11.125000000000002 18.666666666666668 0.68322629814330837 41.172908354166672 208.76132850000002 16.862500000000004
decision_type=2 2 2 2 2 2 2 2 2 2 2 2 2 2
left_child=1 -1 3 8 6 10 -3 -8 9 -2 -4 -7 -9 -12
right_child=2 4 5 -5 -6 11 7 12 -10 -11 13 -13 -14 -15
leaf_value=-1.1859458290945628 0.22418276770548387 -0.40731864610691143 1.5768557730367629 2.0170296800012393 0.79194125506312474 2.8925205081498544 0.41682029404473364 -0.25046448806377214 0.067812401194905128 1.2456625946509123 1.1239057882972385 2.2336807012250346 0.21431615696622744 2.108019565698529
leaf_weight=5440 54 438 294 191 145 146 396 535 42 1065 45 774 268 967
leaf_count=5440 54 438 294 191 145 146 396 535 42 1065 45 774 268 967
internal_value=0.00158218 -0.889802 1.80054 1.27893 0.0144085 2.11663 -0.0549042 0.0740664 1.15587 1.19661 1.95672 2.34126 -0.095271 2.06541
internal_weight=10800 7222 3578 1352 1782 2226 1637 1199 1161 1119 1306 920 803 1012
internal_count=10800 7222 3578 1352 1782 2226 1637 1199 1161 1119 1306 920 803 1012
is_linear=0
shrinkage=0.05


Tree=26
num_leaves=15
num_cat=0
split_feature=65 65 65 48 35 30 27 52 43 36 36 24 47 7
split_gain=6.25537e+06 634183 258188 41705.9 32446 30157.3 29880.1 27342.7 23060.7 18469.2 16108.7 14559.6 13759.5 13611.5
threshold=147.33754800000003 42.523274000000008 225.63727100000003 11.125000000000002 20.628125000000004 21.812500000000004 19.012500000000003 1.0000000180025095e-35 72.375000000000014 18.666666666666668 25.347395833333334 272.80737800000003 72.183593750000014 223.45232950000005
decision_type=2 2 2 2 2 2 2 2 2 2 2 2 2 2
left_child=1 -1 3 6 -3 8 -2 -6 -4 -10 -8 -9 -11 -7
right_child=2 4 5 -5 7 13 10 11 9 12 -12 -13 -14 -15
leaf_value=-1.1266593569934511 0.57034660131590709 -0.40038666452610211 1.0103379807011648 0.12875717157462183 -0.062839671297111682 2.3626735962387442 1.1994843780950741 0.021099518941946671 1.1961846420080355 2.681939730568538 1.7810884223518704 0.62024758466443086 1.8825772447908076 1.977977282633046
leaf_weight=5440 174 408 87 103 808 551 852 152 100 62 144 304 1117 498
leaf_count=5440 174 408 87 103 808 551 852 152 100 62 144 304 1117 498
internal_value=0.00156361 -0.864944 1.67233 1.09468 -0.0132646 1.97625 1.17953 0.11191 1.81668 1.8707 1.28527 0.421015 1.92685 2.1821
internal_weight=10800 7112 3688 1273 1672 2415 1170 1264 1366 1279 996 456 1179 1049
internal_count=10800 7112 3688 1273 1672 2415 1170 1264 1366 1279 996 456 1179 1049
is_linear=0
shrinkage=0.05


Tree=27
num_leaves=15
num_cat=0
split_feature=65 65 65 64 36 30 52 36 25 21 30 27 52 47
split_gain=5.64708e+06 630192 193083 40515.1 32447.2 26405.9 18213.8 17857.6 18366.4 17647.8 16300.6 14342.6 13509.1 11829.6
threshold=163.36260400000003 63.145266500000005 236.71232250000003 230.35291300000003 23.002473958333336 18.512500000000003 0.47114434510950087 25.138281250000002 103.84300070996518 87.448564602626618 18.725000000000005 18.962500000000002 0.72947329433276253 77.584635416666671
decision_type=2 2 2 2 2 2 2 2 2 2 2 2 2 2
left_child=1 -1 3 6 -3 13 10 12 -9 -6 -2 -8 -7 -4
right_child=2 4 5 -5 9 7 11 8 -10 -11 -12 -13 -14 -15
leaf_value=-1.0682706798637349 0.17633817180410608 -0.1744850059019227 0.68674641648928336 1.8483264764801401 0.14544322987359304 1.6918658392507053 0.68285973045561055 3.1758545658044648 2.1298129647067099 0.75766843269165196 0.9570272452780243 1.3941583545784952 2.0036102053549438 1.5804881029658848
leaf_weight=5462 76 968 53 182 649 582 89 56 263 143 588 417 1129 143
leaf_count=5462 76 968 53 182 649 582 89 56 263 143 588 417 1129 143
internal_value=0.00154951 -0.803184 1.62563 1.15279 0.0196288 1.91217 1.04311 1.96639 2.32279 0.2568 0.868071 1.27064 1.89862 1.34353
internal_weight=10800 7222 3578 1352 1760 2226 1170 2030 319 792 664 506 1711 196
internal_count=10800 7222 3578 1352 1760 2226 1170 2030 319 792 664 506 1711 196
is_linear=0
shrinkage=0.05


Tree=28
num_leaves=15
num_cat=0
split_feature=65 65 65 48 36 34 30 52 25 64 52 45 25 61
split_gain=5.09918e+06 516282 211118 39172.1 29337.4 27851.3 23948.8 22019.4 16642.1 20616.6 15840.8 15673.7 18817 13218.3
threshold=147.33754800000003 42.523274000000008 236.71232250000003 11.125000000000002 23.214062500000004 20.521875000000005 18.962500000000002 1.0000000180025095e-35 110.83558801624868 235.04051500000003 0.68322629814330837 82.989583333333357 105.16358070881857 -0.9733555533461492
decision_type=2 2 2 2 2 2 2 2 2 2 2 2 2 2
left_child=1 -1 3 4 -2 13 -4 -7 9 -6 -8 12 -12 -3
right_child=2 5 6 -5 8 7 10 -9 -10 -11 11 -13 -14 -15
leaf_value=-1.0169330705594675 0.90637838933058323 0.44232285987763176 1.3244624951201627 0.10084235231512979 1.3240778347867588 -0.062815851531124872 1.6305221818678874 0.36142728796232576 0.68502838192389737 2.1498431387635852 2.4357826232169728 1.8189045920899387 1.8422352707827532 -0.50200428021730992
leaf_weight=5440 766 41 233 103 419 816 536 488 78 96 321 867 269 327
leaf_count=5440 766 41 233 103 419 816 536 488 78 96 321 867 269 327
internal_value=0.00154602 -0.780795 1.51003 1.042 1.1132 -0.0123505 1.81682 0.0961053 1.37839 1.48187 1.87368 1.96196 2.16874 -0.39588
internal_weight=10800 7112 3688 1462 1359 1672 2226 1304 593 515 1993 1457 590 368
internal_count=10800 7112 3688 1462 1359 1672 2226 1304 593 515 1993 1457 590 368
is_linear=0
shrinkage=0.05


Tree=29
num_leaves=15
num_cat=0
split_feature=65 65 65 48 36 25 35 14 22 52 52 61 25 64
split_gain=4.60285e+06 466023 190547 35362.9 26511.8 25191.3 22851 18191.6 16301.5 16179.3 15641.5 15356.1 15015.1 18653.2
threshold=147.33754800000003 63.145266500000005 236.71232250000003 11.125000000000002 23.214062500000004 104.19667212036495 21.242708333333336 250.04736995833335 41.172908354166672 0.68322629814330837 1.0000000180025095e-35 -0.9733555533461492 110.83558801624868 235.04051500000003
decision_type=2 2 2 2 2 2 2 2 2 2 2 2 2 2
left_child=1 -1 3 4 -2 7 9 11 -8 -4 -7 -3 13 -6
right_child=2 5 6 -5 12 10 8 -9 -10 -11 -12 -13 -14 -15
leaf_value=-0.96418070391314226 0.86111855881368793 0.50235100140938393 1.2504552203871437 0.095848715586516142 1.2580315612043655 0.038333715088457371 2.423081231928196 0.35975661963268463 1.8233671352324947 1.6841191578946955 0.55415294721536346 -0.29614345169887485 0.65121050122417978 2.0434591615322941
leaf_weight=5462 766 64 294 103 419 357 146 147 774 1012 249 833 78 96
leaf_count=5462 766 64 294 103 419 357 146 147 774 1012 249 833 78 96
internal_value=0.00153095 -0.741761 1.43472 0.990076 1.05773 -0.00534533 1.72618 -0.15415 1.92107 1.58753 0.250843 -0.238676 1.30982 1.40812
internal_weight=10800 7112 3688 1462 1359 1650 2226 1044 920 1306 606 897 593 515
internal_count=10800 7112 3688 1462 1359 1650 2226 1044 920 1306 606 897 593 515
is_linear=0
shrinkage=0.05


Tree=30
num_leaves=15
num_cat=0
split_feature=65 65 65 64 60 36 30 36 25 52 61 30 32 27
split_gain=4.15503e+06 463116 141637 31892.5 27278.6 21478 21204 15913.3 15773.3 15255.2 14513.7 14009.6 12923.9 12411.1
threshold=163.36260400000003 42.523274000000008 236.71232250000003 226.75070750000003 -0.8814490726585632 21.399479166666669 18.112500000000004 25.138281250000002 103.84300070996518 0.47114434510950087 -0.9733555533461492 18.725000000000005 22.512500000000003 18.962500000000002
decision_type=2 2 2 2 2 2 2 2 2 2 2 2 2 2
left_child=1 -1 3 9 -3 -6 -4 12 -9 11 -7 -2 -8 -11
right_child=2 4 6 -5 5 10 7 8 -10 13 -12 -13 -14 -15
leaf_value=-0.9178955975535863 0.08856868424343986 0.43797235685162561 1.0960570550170439 1.5753662641942503 -0.40781953634890028 0.67193588716227837 1.6777066364983586 2.8057856409173265 1.842490274075306 0.54547132020709155 -0.019393733001334113 0.81120921417027025 1.2622736937215187 1.2163764077351418
leaf_weight=5440 76 308 173 199 370 81 1501 56 263 86 1023 587 233 404
leaf_count=5440 76 308 173 199 370 81 1501 56 263 86 1023 587 233 404
internal_value=0.00151126 -0.688772 1.39461 0.989632 0.0108087 -0.0786858 1.64003 1.68531 2.01984 0.887261 0.031891 0.728631 1.62264 1.09998
internal_weight=10800 7222 3578 1352 1782 1474 2226 2053 319 1153 1104 663 1734 490
internal_count=10800 7222 3578 1352 1782 1474 2226 2053 319 1153 1104 663 1734 490
is_linear=0
shrinkage=0.05


Tree=31
num_leaves=15
num_cat=0
split_feature=65 65 65 64 21 35 25 22 52 36 48 65 15 35
split_gain=3.7506e+06 418153 127843 28850.8 24921.1 19632.2 19607.9 14690.5 14542.7 14287.4 14404.7 11517.7 11214.7 10669.1
threshold=163.36260400000003 63.145266500000005 236.71232250000003 228.38420300000004 95.718381665912645 21.242708333333336 104.19667212036495 41.172908354166672 0.68322629814330837 18.666666666666668 11.125000000000002 90.677195000000012 206.32641350000003 22.788541666666671
decision_type=2 2 2 2 2 2 2 2 2 2 2 2 2 2
left_child=1 -1 3 9 6 8 12 -7 -4 -2 13 -8 -3 -11
right_child=2 4 5 -5 -6 7 11 -9 -10 10 -12 -13 -14 -15
leaf_value=-0.87026792378073636 0.050090905887667431 -0.23518483281797833 1.1112892425262322 1.510875816565628 0.64149819892920457 2.213497389579306 -0.18657987183715041 1.6463423034000781 1.5212592489862962 0.84314733721904744 -0.023764620496631538 0.32560289999130959 0.24029840970825822 1.2595197217846195
leaf_weight=5462 54 899 294 191 145 146 147 774 1012 872 42 426 143 193
leaf_count=5462 54 899 294 191 145 146 147 774 1012 872 42 426 143 193
internal_value=0.00149443 -0.654335 1.32506 0.940307 0.015908 1.55822 -0.0406218 1.73865 1.42989 0.845222 0.883928 0.194109 -0.169764 0.919713
internal_weight=10800 7222 3578 1352 1760 2226 1615 920 1306 1161 1107 573 1042 1065
internal_count=10800 7222 3578 1352 1760 2226 1615 920 1306 1161 1107 573 1042 1065
is_linear=0
shrinkage=0.05


Tree=32
num_leaves=15
num_cat=0
split_feature=65 65 65 48 36 24 49 30 61 14 24 36 36 22
split_gain=3.38639e+06 335986 144836 31391.4 22246.2 21810.7 23682 18786.4 17240.6 17719.3 16500.5 15601.5 13467.9 16765.5
threshold=145.79191850000004 42.523274000000008 236.71232250000003 11.125000000000002 24.648697916666666 277.29195150000004 3.5000000000000004 18.962500000000002 -0.9733555533461492 249.16811566666672 297.26105400000006 18.666666666666668 25.415885416666672 143.91240567187504
decision_type=2 2 2 2 2 2 2 2 2 2 2 2 2 2
left_child=1 -1 3 5 8 6 11 -4 -3 -10 -7 -2 -9 -14
right_child=2 4 7 -5 -6 10 -8 12 9 -11 -12 -13 13 -15
leaf_value=-0.82850382965598302 0.047631899937987332 0.62022814368590329 1.046194889390061 0.058663644595462985 0.37085318647544174 1.3095859915270034 0.14118576665162383 1.4805804359645025 -0.24496077113578477 0.20565143173294409 0.62159883798100057 0.93296429433397798 2.593653509833596 1.6170380717100099
leaf_weight=5440 54 77 233 118 305 413 135 1757 989 279 114 650 65 171
leaf_count=5440 54 77 233 118 305 413 135 1757 989 279 114 650 65 171
internal_value=0.00146622 -0.638973 1.22522 0.841626 -0.0139733 0.909168 0.749025 1.48046 -0.101449 -0.145728 1.16222 0.865219 1.53068 1.89583
internal_weight=10800 7090 3710 1484 1650 1366 839 2226 1345 1268 527 704 1993 236
internal_count=10800 7090 3710 1484 1650 1366 839 2226 1345 1268 527 704 1993 236
is_linear=0
shrinkage=0.05


Tree=33
num_leaves=15
num_cat=0
split_feature=65 65 65 48 48 33 34 48 46 17 25 37 43 36
split_gain=3.05667e+06 303256 131477 25474.4 21513.9 20559.7 20534 18187 16644 16436.8 15817.9 13557 12764.6 11987.6
threshold=145.79191850000004 42.523274000000008 225.63727100000003 11.125000000000002 9.1250000000000018 18.990625000000005 20.521875000000005 5.1250000000000009 82.078125000000014 19.333335973937228 105.41375802674405 52.625000000000007 82.625000000000014 25.347395833333334
decision_type=2 2 2 2 2 2 2 2 2 2 2 2 2 2
left_child=1 -1 3 5 7 -2 -3 -4 10 -8 -9 -11 -10 -7
right_child=2 6 4 -5 -6 13 9 8 12 11 -12 -13 -14 -15
leaf_value=-0.78708622179976118 0.2290722716886264 -0.34600709852356037 1.2522182092799279 0.055755115156414126 0.71746318963045885 0.83071434355078488 0.34162650415355844 2.1186001988084104 1.1193466962483536 0.29042092759423616 1.4717604748488684 -0.15733498170016341 1.5436356009782857 1.3269736896712205
leaf_weight=5440 129 361 1001 118 119 904 409 212 270 227 196 653 617 144
leaf_count=5440 129 361 1001 118 119 904 409 212 270 227 196 653 617 144
internal_value=0.00143909 -0.607024 1.16409 0.756653 1.38217 0.826814 -0.0132458 1.4163 1.54206 0.080144 1.81222 -0.0416358 1.41589 0.900103
internal_weight=10800 7090 3710 1295 2415 1177 1650 2296 1295 1289 408 880 887 1048
internal_count=10800 7090 3710 1295 2415 1177 1650 2296 1295 1289 408 880 887 1048
is_linear=0
shrinkage=0.05


Tree=34
num_leaves=15
num_cat=0
split_feature=65 65 5 64 21 22 46 35 65 17 33 30 37 56
split_gain=2.75965e+06 313934 94854.5 27745.2 25221 24852.6 39812.7 18152 13478.6 12590.7 12296.4 11472.2 11368.8 11673.5
threshold=165.57299300000003 77.844594000000015 62.684561500000008 240.69470000000004 95.718381665912645 104.54825483333336 80.572916666666671 19.621875000000003 24.000000000000004 17.460535821697874 17.003125000000004 18.962500000000002 47.875000000000007 7.1250000000000009
decision_type=2 2 2 2 2 2 2 2 2 2 2 2 2 2
left_child=1 8 3 5 7 6 -2 11 -1 -9 -7 -3 -11 -14
right_child=2 4 -4 -5 -6 10 -8 9 -10 12 -12 -13 13 -15
leaf_value=-0.77312291294508517 2.410608621002877 -0.15293164491861852 0.56513847558348873 1.3946355729356563 0.63723836943322087 0.072507935992263725 1.1608861603268188 0.26491738135684817 -0.56020893868509603 0.39883617900311946 0.92200302947741497 -0.88344337855861799 0.54413838114204072 -0.19577208555707462
leaf_weight=4672 72 142 596 1658 160 46 577 450 900 114 607 86 57 663
leaf_count=4672 72 142 596 1658 160 46 577 450 900 114 607 86 57 663
internal_value=0.00141345 -0.558561 1.14198 1.2579 0.0423059 1.08285 1.30303 -0.0210294 -0.738839 0.052071 0.862363 -0.43113 -0.0629539 -0.136522
internal_weight=10800 7244 3556 2960 1672 1302 649 1512 5572 1284 653 228 834 720
internal_count=10800 7244 3556 2960 1672 1302 649 1512 5572 1284 653 228 834 720
is_linear=0
shrinkage=0.05


Tree=35
num_leaves=15
num_cat=0
split_feature=65 65 5 21 64 22 46 35 17 37 56 56 24 49
split_gain=2.49089e+06 283352 85620 25852.3 25016.9 22451 36026.2 17134.8 14383.6 11805.2 13583.2 11755.4 11331.9 20550.5
threshold=165.57299300000003 28.000000000000004 62.684561500000008 95.718381665912645 240.69470000000004 104.54825483333336 80.572916666666671 20.065104166666671 18.434907066323344 53.375000000000007 7.1250000000000009 7.3750000000000009 277.75656700000008 3.5000000000000004
decision_type=2 2 2 2 2 2 2 2 2 2 2 2 2 2
left_child=1 -1 4 7 5 6 -2 -3 -9 -10 -11 -12 13 -6
right_child=2 3 -4 -5 12 -7 -8 8 9 10 11 -13 -14 -15
leaf_value=-0.71494095674429292 2.2917293103386278 -0.35528709554569204 0.53692888462341937 0.60557434796268905 1.313944939299442 0.81932134213786156 1.1029422780995137 0.26132995096673861 0.22282882862940856 0.55233104420559742 -0.95260321583066665 -0.1918724793297687 1.4623860083004037 0.68552449673865867
leaf_weight=5376 72 375 596 160 686 653 577 438 227 55 55 558 807 165
leaf_count=5376 72 375 596 160 686 653 577 438 227 55 55 558 807 165
internal_value=0.00136965 -0.530638 1.08498 -0.000124994 1.19511 1.02888 1.23815 -0.0571861 0.0268792 -0.0880212 -0.19383 -0.261568 1.32495 1.19305
internal_weight=10800 7244 3556 1868 2960 1302 649 1708 1333 895 668 613 1658 851
internal_count=10800 7244 3556 1868 2960 1302 649 1708 1333 895 668 613 1658 851
is_linear=0
shrinkage=0.05


Tree=36
num_leaves=15
num_cat=0
split_feature=65 65 65 48 61 16 24 49 30 24 36 56 56 7
split_gain=2.24843e+06 224055 98489.9 22626.2 19238.8 20594.7 18248 20084.9 15232.2 14494.1 13189.9 12101.5 11895.1 11490.6
threshold=145.79191850000004 28.000000000000004 236.71232250000003 11.125000000000002 -0.9733555533461492 272.70666550000004 277.29195150000004 3.5000000000000004 18.112500000000004 297.26105400000006 18.666666666666668 7.1250000000000009 7.3750000000000009 255.98797000000002
decision_type=2 2 2 2 2 2 2 2 2 2 2 2 2 2
left_child=1 -1 3 6 -3 11 7 10 -4 -8 -2 -6 -13 -14
right_child=2 4 8 -5 5 -7 9 -9 -10 -11 -12 12 13 -15
leaf_value=-0.6792005536457365 -0.04968348203734918 0.6807120672305641 0.75071078201477559 0.017754926238240317 0.46833448778641851 0.32266623536776101 1.1085868566004551 0.034370414348428739 1.2471989456570538 0.4658868433599887 0.76262941476495538 -0.7717933318763972 -0.20175597091229358 0.26013593290271542
leaf_weight=5376 54 91 173 118 75 285 413 135 2053 114 650 79 1030 154
leaf_count=5376 54 91 173 118 75 285 413 135 2053 114 650 79 1030 154
internal_value=0.00133654 -0.520518 0.998499 0.682194 -0.0227005 -0.062535 0.739536 0.593349 1.20897 0.970704 0.700339 -0.144764 -0.181513 -0.14151
internal_weight=10800 7090 3710 1484 1714 1623 1366 839 2226 527 704 1338 1263 1184
internal_count=10800 7090 3710 1484 1714 1623 1366 839 2226 527 704 1338 1263 1184
is_linear=0
shrinkage=0.05


Tree=37
num_leaves=15
num_cat=0
split_feature=65 65 5 53 21 41 9 24 35 34 64 65 17 30
split_gain=2.02956e+06 231631 72559.5 22586.9 20301.9 19934.4 20909.8 16396.7 15615.7 15151.9 11115.1 11032 10862.8 10369.1
threshold=165.57299300000003 77.844594000000015 62.684561500000008 0.25881904510252057 98.266410409459311 82.875000000000014 248.16158650000003 290.03840000000008 19.621875000000003 22.359375000000004 238.14236200000002 24.000000000000004 17.460535821697874 18.962500000000002
decision_type=2 2 2 2 2 2 2 2 2 2 2 2 2 2
left_child=1 11 3 5 8 7 -7 -2 13 10 -5 -1 -10 -3
right_child=2 4 -4 9 -6 6 -8 -9 12 -11 -12 -13 -14 -15
leaf_value=-0.66478290292554976 1.6244134314544501 -0.12676469673747784 0.47495647578639055 0.70559498968254664 0.68435952435288816 1.1815458698163706 0.55397949726638962 0.93626125303365415 0.25055474723917093 1.2651000613897621 1.0229315101357448 -0.47231443597047235 -0.048733724787303416 -0.82106716999377327
leaf_weight=4672 399 142 596 615 112 863 160 117 465 283 523 900 867 86
leaf_count=4672 399 142 596 615 112 863 160 117 465 283 523 900 867 86
internal_value=0.00129014 -0.478931 0.979418 1.0808 0.0371967 1.21447 1.08403 1.47049 -0.00967492 0.935268 0.852206 -0.633785 0.0558572 -0.391093
internal_weight=10800 7244 3556 2960 1672 1539 1023 516 1560 1421 1138 5572 1332 228
internal_count=10800 7244 3556 2960 1672 1539 1023 516 1560 1421 1138 5572 1332 228
is_linear=0
shrinkage=0.05


Tree=38
num_leaves=15
num_cat=0
split_feature=65 65 52 30 21 31 7 32 64 47 24 51 31 36
split_gain=1.83199e+06 209055 66152.4 20213.9 18874.5 17947.7 17626.7 13920.2 12664.7 10996.2 10861.2 11216.2 11283.4 10765.6
threshold=165.57299300000003 73.362583000000015 0.47114434510950087 21.312500000000004 95.718381665912645 22.012500000000003 199.64899450000004 19.912500000000005 233.95246100000003 83.154947916666671 297.26105400000006 1.5000000000000002 23.062500000000004 26.654427083333335
decision_type=2 2 2 2 2 2 2 2 2 2 2 2 2 2
left_child=1 -1 5 8 7 -2 10 -3 9 -4 11 12 -5 -9
right_child=2 4 3 6 -6 -7 -8 13 -10 -11 -12 -13 -14 -15
leaf_value=-0.60462213303306944 0.20998646935748028 -0.40694746794089537 0.67535420172877114 0.42855934979660176 0.54246998250669576 0.70222655931272182 1.0235492106464505 0.004779830553773276 1.0713785564174525 1.1695122258530724 0.90552113059353323 1.6935713474006899 1.4072066726355716 0.75243676304817209
leaf_weight=5528 266 207 571 41 160 617 624 1300 776 143 93 310 115 49
leaf_count=5528 266 207 571 41 160 617 624 1300 776 143 93 310 115 49
internal_value=0.00125604 -0.454993 0.930556 1.05458 0.0271013 0.554347 1.21011 -0.0262072 0.930365 0.775821 1.41617 1.51592 1.15437 0.0324744
internal_weight=10800 7244 3556 2673 1716 883 1183 1556 1490 714 559 466 156 1349
internal_count=10800 7244 3556 2673 1716 883 1183 1556 1490 714 559 466 156 1349
is_linear=0
shrinkage=0.05


Tree=39
num_leaves=15
num_cat=0
split_feature=65 65 65 36 9 61 16 35 7 56 41 32 29 37
split_gain=1.65416e+06 166221 74457.3 20014 18033.3 17063.4 17255.1 14960.7 11421.5 11002.5 10638.4 14246.1 11453.7 10588.2
threshold=145.79191850000004 28.000000000000004 217.19465950000003 20.649218750000006 259.83896700000008 -0.9733555533461492 272.70666550000004 21.242708333333336 208.07798400000004 7.1250000000000009 74.125000000000014 22.087500000000002 16.862500000000004 56.125000000000007
decision_type=2 2 2 2 2 2 2 2 2 2 2 2 2 2
left_child=1 -1 3 -2 7 -3 9 10 -9 -7 -4 12 -12 -5
right_child=2 5 4 13 -6 6 -8 8 -10 -11 11 -13 -14 -15
leaf_value=-0.58304837357938044 0.07727165845766043 0.64485591980021295 1.6465003105310296 1.3288749521853878 0.41300335061865123 0.45419212846379536 0.29747929958906677 1.3792134232326752 1.0306201802304498 -0.16542207496325467 0.36942140459897932 0.39529523254614179 0.99796049443407753 0.58371758011094277
leaf_weight=5376 203 91 51 50 122 75 285 453 539 1263 79 126 1150 937
leaf_count=5376 203 91 51 50 122 75 285 453 539 1263 79 126 1150 937
internal_value=0.00123756 -0.446371 0.856531 0.52986 1.01052 -0.0175913 -0.0551083 1.04074 1.19104 -0.130377 0.933921 0.905906 0.957891 0.622773
internal_weight=10800 7090 3710 1190 2520 1714 1623 2398 992 1338 1406 1355 1229 987
internal_count=10800 7090 3710 1190 2520 1714 1623 2398 992 1338 1406 1355 1229 987
is_linear=0
shrinkage=0.05


Tree=40
num_leaves=15
num_cat=0
split_feature=65 65 52 35 35 31 21 29 65 8 48 48 41 22
split_gain=1.49527e+06 170518 56546.4 17501.6 16875.2 15341.4 13089.1 12874.2 10362.3 9948.3 13011.2 12616.7 11475.6 15705
threshold=165.57299300000003 80.564241500000009 0.47114434510950087 19.577083333333338 22.584375000000005 26.112500000000004 99.767414560835817 16.512500000000003 24.000000000000004 259.12192600000009 5.1250000000000009 4.1250000000000009 82.875000000000014 135.9634828697917
decision_type=2 2 2 2 2 2 2 2 2 2 2 2 2 2
left_child=1 8 5 -3 7 -2 -5 -4 -1 10 11 -9 13 -12
right_child=2 3 4 6 -6 -7 -8 9 -10 -11 12 -13 -14 -15
leaf_value=-0.57218001447498434 0.32113215452190386 -0.38418981930996593 0.28899287055520451 0.063769799390302903 1.2508793311193587 0.7470165574096479 0.6935015943240036 0.92505248606882307 -0.38961407929540631 0.417573929981639 1.6980477804973209 0.50043011405223026 0.95081860946370478 1.0112481761896224
leaf_weight=4672 528 211 84 1330 415 355 87 549 944 95 144 263 908 215
leaf_count=4672 528 211 84 1330 415 355 87 549 944 95 144 263 908 215
internal_value=0.00121675 -0.410977 0.840784 0.0395688 0.955441 0.493005 0.102895 0.900613 -0.541567 0.924101 0.947035 0.788306 1.04806 1.29068
internal_weight=10800 7244 3556 1628 2673 883 1417 2258 5616 2174 2079 812 1267 359
internal_count=10800 7244 3556 1628 2673 883 1417 2258 5616 2174 2079 812 1267 359
is_linear=0
shrinkage=0.05


Tree=41
num_leaves=15
num_cat=0
split_feature=65 65 5 34 21 53 8 22 64 17 37 56 44 30
split_gain=1.34975e+06 154429 51734.2 17103.4 16866.6 16654.6 12922 12228.9 10419.8 10318.5 10099.9 10410.8 9454.32 9343.12
threshold=165.57299300000003 28.000000000000004 62.684561500000008 22.271875000000001 80.571152020363357 0.25881904510252057 197.46853500000003 133.10878778125002 201.68129500000001 28.150599392803745 47.375000000000007 7.1250000000000009 54.218750000000007 16.862500000000004
decision_type=2 2 2 2 2 2 2 2 2 2 2 2 2 2
left_child=1 -1 3 5 7 6 13 -3 10 12 -9 -12 -6 -2
right_child=2 4 -4 -5 9 -7 -8 8 -10 -11 11 -13 -14 -15
leaf_value=-0.52649283966921467 0.28183075261878826 -0.2212639104436267 0.37298030736137588 1.1435737649936459 0.90635054685352812 0.68461200443964698 0.63674112852676545 0.46098534385614753 0.31782281161928827 1.0247941163513397 0.5741672790050506 -0.22566837289274855 0.096441150420428723 1.0601642039884163
leaf_weight=5376 41 711 596 530 41 1121 270 78 267 44 44 427 256 998
leaf_count=5376 41 711 596 530 41 1121 270 78 267 44 44 427 256 998
internal_value=0.00119073 -0.390432 0.798858 0.884455 0.00121656 0.827492 0.949235 -0.069826 0.0622348 0.318619 -0.0624194 -0.149891 0.210913 1.02975
internal_weight=10800 7244 3556 2960 1868 2430 1309 1527 816 341 549 471 297 1039
internal_count=10800 7244 3556 2960 1868 2430 1309 1527 816 341 549 471 297 1039
is_linear=0
shrinkage=0.05


Tree=42
num_leaves=15
num_cat=0
split_feature=65 65 52 35 30 7 31 21 36 22 8 65 36 24
split_gain=1.21824e+06 139844 47419.2 15647 14927.7 14453.2 13729 10293.5 10484.2 10356.5 10768.5 9697.87 9676.12 9428.79
threshold=165.57299300000003 82.382441500000013 0.47114434510950087 19.712500000000002 21.312500000000004 199.64899450000004 22.012500000000003 99.767414560835817 24.648697916666666 145.83517119791671 202.65135800000004 24.000000000000004 26.654427083333335 297.26105400000006
decision_type=2 2 2 2 2 2 2 2 2 2 2 2 2 2
left_child=1 11 6 -3 -4 13 -2 8 -5 10 -10 -1 -11 -6
right_child=2 3 4 7 5 -7 -8 -9 9 12 -12 -13 -14 -15
leaf_value=-0.51725812667497295 0.13957040970691581 -0.33412341469770918 0.75734272181942797 -0.002196073222183798 1.276206919416881 0.8291187951126695 0.56983417956260995 0.6324449166062881 0.15169084776531569 -0.098847372897646654 1.2037111384826795 -0.34407268205941993 0.77270977156502862 0.71130517935182191
leaf_weight=4672 266 232 1490 994 466 624 617 87 43 131 56 988 41 93
leaf_count=4672 266 232 1490 994 466 624 617 87 43 131 56 988 41 93
internal_value=0.0011617 -0.370894 0.758974 0.0443604 0.863967 0.997509 0.440524 0.109506 0.0730701 0.348132 0.752859 -0.487093 0.112173 1.18366
internal_weight=10800 7244 3556 1584 2673 1183 883 1352 1265 271 99 5660 172 559
internal_count=10800 7244 3556 1584 2673 1183 883 1352 1265 271 99 5660 172 559
is_linear=0
shrinkage=0.05


Tree=43
num_leaves=15
num_cat=0
split_feature=65 65 65 36 9 61 49 56 26 22 28 0 32 36
split_gain=1.10133e+06 82377.6 76271.9 17838.9 14603.6 14260.2 13080.8 15372.4 11751.5 10805 10776.4 10330.2 9771.57 9546.83
threshold=127.58418050000002 28.000000000000004 217.19465950000003 25.347395833333334 259.83896700000008 -0.9733555533461492 4.5000000000000009 18.875000000000004 22.362500000000004 144.3220852135417 21.162500000000005 262.99180150000007 23.587500000000002 18.666666666666668
decision_type=2 2 2 2 2 2 2 2 2 2 2 2 2 2
left_child=1 -1 3 6 8 -3 7 11 -4 -5 -7 12 13 -2
right_child=2 5 4 9 -6 10 -8 -9 -10 -11 -12 -13 -14 -15
leaf_value=-0.47544874489606709 -0.25147224491418796 0.72679845157422518 0.80432151861524326 1.4627243972292134 0.29042926446754275 -0.29205994416433767 -0.19119238262416938 0.021613256036951967 1.1069971571043702 0.59088003133656464 0.012333244517601191 0.92150280262730178 0.014425667211519068 0.52203519027543155
leaf_weight=5376 42 56 2006 50 122 417 118 262 392 127 955 105 140 632
leaf_count=5376 42 56 2006 50 122 417 118 262 392 127 955 105 140 632
internal_value=0.00113021 -0.385797 0.659884 0.374077 0.827071 -0.0481896 0.309447 0.359588 0.854241 0.843998 -0.0803281 0.455813 0.394686 0.473533
internal_weight=10800 6804 3996 1476 2520 1428 1299 1181 2398 177 1372 919 814 674
internal_count=10800 6804 3996 1476 2520 1428 1299 1181 2398 177 1372 919 814 674
is_linear=0
shrinkage=0.05


Tree=44
num_leaves=15
num_cat=0
split_feature=65 65 65 36 43 36 61 49 56 16 14 22 22 31
split_gain=994083 74353.2 68815.8 16133.7 13602.1 13274.9 12891.5 11811.4 13978.7 10392.1 10102.8 9780.21 9671.22 12130.9
threshold=127.58418050000002 28.000000000000004 217.19465950000003 25.347395833333334 67.875000000000014 22.816927083333336 -0.9733555533461492 4.5000000000000009 18.625000000000004 267.06350950000007 251.2378196666667 144.3220852135417 135.23865165104169 22.387500000000003
decision_type=2 2 2 2 2 2 2 2 2 2 2 2 2 2
left_child=1 -1 3 7 -4 -6 -3 8 -2 -10 -8 -5 13 -7
right_child=2 6 4 11 5 12 10 -9 9 -11 -12 -13 -14 -15
leaf_value=-0.45168073560882505 0.44800358896377929 0.69109605195229518 0.25893681615340614 1.3910222221823301 0.69708367118998193 1.7734917345181316 -0.1405278345506884 -0.18171309271529945 -0.13459525799802083 0.46247922962685251 0.2098503719199456 0.56156684059460538 0.85466384761442438 0.98879045697037504
leaf_weight=5376 854 56 118 50 1248 70 1121 118 219 108 251 127 896 188
leaf_count=5376 854 56 118 50 1248 70 1121 118 219 108 251 127 896 188
internal_value=0.00109806 -0.366508 0.626956 0.355478 0.785761 0.811523 -0.0457645 0.294014 0.34166 0.0634124 -0.0763219 0.802375 0.934574 1.20772
internal_weight=10800 6804 3996 1476 2520 2402 1428 1299 1181 327 1372 177 1154 258
internal_count=10800 6804 3996 1476 2520 2402 1428 1299 1181 327 1372 177 1154 258
is_linear=0
shrinkage=0.05


Tree=45
num_leaves=15
num_cat=0
split_feature=65 65 65 30 61 17 48 17 26 29 21 34 22 64
split_gain=897325 67114.5 62320.1 16784.5 11653.9 11613.5 10901.1 10385.3 10145.2 9863.77 9395.38 8556.98 8950.98 9540.66
threshold=127.58418050000002 28.000000000000004 236.71232250000003 21.512500000000003 -0.9733555533461492 33.728676390268724 9.1250000000000018 56.882429240771735 16.512500000000003 19.962500000000002 8.7437006731502298e-06 22.328125000000004 142.8302186822917 273.57706450000006
decision_type=2 2 2 2 2 2 2 2 2 2 2 2 2 2
left_child=1 -1 3 5 -3 10 8 -5 -4 -6 -2 12 13 -10
right_child=2 4 6 7 9 -7 -8 -9 11 -11 -12 -13 -14 -15
leaf_value=-0.42910088199830443 0.44773736296409972 0.65714749108281056 0.19561514768382193 0.48711091482774888 -0.35654148039817812 0.48674507110376919 0.13156521427021786 1.0597809749452964 0.77436093716057974 -0.0092629920815538568 0.028803362416072498 1.034487486911871 0.47659418460491781 1.2868832387924194
leaf_weight=5376 177 56 70 620 249 342 65 91 1390 1123 540 362 240 99
leaf_count=5376 177 56 70 620 249 342 65 91 1390 1123 540 362 240 99
internal_value=0.00107755 -0.34818 0.595698 0.37393 -0.0434497 0.24739 0.771789 0.561792 0.790977 -0.0725033 0.132702 0.810804 0.763401 0.809278
internal_weight=10800 6804 3996 1770 1428 1059 2226 711 2161 1372 717 2091 1729 1489
internal_count=10800 6804 3996 1770 1428 1059 2226 711 2161 1372 717 2091 1729 1489
is_linear=0
shrinkage=0.05


Tree=46
num_leaves=15
num_cat=0
split_feature=65 65 65 36 51 9 48 41 25 61 48 0 31 32
split_gain=809982 60575.5 56375.3 14705.4 12665.1 12000 10776.6 11752.7 12683.4 10535.6 10271.9 10324.9 9540.01 9337.98
threshold=127.58418050000002 28.000000000000004 217.19465950000003 20.649218750000006 2.5000000000000004 258.3471090000001 5.3750000000000009 81.875000000000014 105.3195466553865 -0.9733555533461492 11.125000000000002 262.68540950000005 17.925000000000001 20.987500000000004
decision_type=2 2 2 2 2 2 2 2 2 2 2 2 2 2
left_child=1 -1 3 4 -2 6 -4 8 13 -3 11 -5 -11 -8
right_child=2 9 5 10 -6 -7 7 -9 -10 12 -12 -13 -14 -15
leaf_value=-0.40764982263594507 -0.62989658852748109 0.62486654833743449 0.62302571636881332 0.39872718023288783 0.17629400650221927 0.2575149472036683 1.0467544341573911 0.73113250500641846 0.72398411362935022 -0.76897460044698518 0.1138349983567897 0.85501399016813251 -0.044043790223813856 1.7236003008724632
leaf_weight=5376 63 56 1131 805 203 140 146 850 167 46 258 147 1326 86
leaf_count=5376 63 56 1131 805 203 140 146 850 167 46 258 147 1326 86
internal_value=0.00105271 -0.330772 0.565993 0.320278 -0.0162899 0.709728 0.736209 0.838119 1.06364 -0.041267 0.394219 0.470006 -0.0688914 1.30397
internal_weight=10800 6804 3996 1476 266 2520 2380 1249 399 1428 1210 952 1372 232
internal_count=10800 6804 3996 1476 266 2520 2380 1249 399 1428 1210 952 1372 232
is_linear=0
shrinkage=0.05


Tree=47
num_leaves=15
num_cat=0
split_feature=65 65 65 24 49 24 52 61 30 16 56 56 7 42
split_gain=731146 54668.5 51210.9 15009 20348.4 19262 10814.9 9525.01 9378.96 8855.12 8052.89 8392.59 8950.6 6804.57
threshold=127.58418050000002 28.000000000000004 236.71232250000003 280.08090150000004 3.5000000000000004 302.68069650000001 0.47114434510950087 -0.9733555533461492 19.087500000000002 272.70666550000004 7.1250000000000009 7.3750000000000009 214.11252300000004 68.875000000000014
decision_type=2 2 2 2 2 2 2 2 2 2 2 2 2 2
left_child=1 -1 3 4 6 -5 -2 -3 -4 10 -9 -12 -13 -7
right_child=2 7 8 5 -6 13 -8 9 -10 -11 11 12 -14 -15
leaf_value=-0.38727115505531373 0.20622418054858521 0.59417135108981223 0.46520062277465057 0.68915644962960132 -0.19107858531796559 0.35925969942726876 0.55211520885914522 0.43726448433809595 0.74340770645919685 0.21917512394046704 -0.64976460444682005 -0.19558258788921468 0.15842604292787468 -0.41384243779515817
leaf_weight=5376 610 56 370 462 226 54 360 60 1856 227 78 776 231 58
leaf_count=5376 610 56 370 462 226 54 360 60 1856 227 78 776 231 58
internal_value=0.00102517 -0.314238 0.537769 0.336738 0.23554 0.546821 0.335033 -0.0392102 0.697394 -0.0654765 -0.122052 -0.153356 -0.114298 -0.0412161
internal_weight=10800 6804 3996 1770 1196 574 970 1428 2226 1372 1145 1085 1007 112
internal_count=10800 6804 3996 1770 1196 574 970 1428 2226 1372 1145 1085 1007 112
is_linear=0
shrinkage=0.05


Tree=48
num_leaves=15
num_cat=0
split_feature=65 65 65 30 48 30 34 17 42 42 21 37 13 15
split_gain=659906 49403.8 46219 13661.3 9396.67 9315.49 9182.69 9144.67 8901.56 8845.09 8230.57 8004.64 7488.43 7408.26
threshold=127.58418050000002 82.382441500000013 238.36019300000004 21.512500000000003 9.1250000000000018 21.012500000000003 22.328125000000004 33.728676390268724 83.125000000000014 84.875000000000014 8.7437006731502298e-06 56.125000000000007 1.4386356325967842 199.52700100000001
decision_type=2 2 2 2 2 2 2 2 2 2 2 2 2 2
left_child=1 -1 3 7 6 -3 -4 10 12 11 -2 -5 -9 -13
right_child=2 5 4 9 -6 -7 -8 8 -10 -11 -12 13 -14 -15
leaf_value=-0.35908696227546572 0.39732595710767149 -0.13506466978344639 0.63551253918896355 1.071977058526439 0.037238740542177427 0.15033805575085568 0.91629036413688292 0.21425231137814432 0.20136244437964682 1.1976809010619209 0.010275816005424376 0.44941743909751053 0.96516090378616792 -0.17005262450086622
leaf_weight=5660 183 598 1770 47 58 546 356 51 202 41 542 596 98 52
leaf_count=5660 183 598 1770 47 58 546 356 51 202 41 542 596 98 52
internal_value=0.000985893 -0.298525 0.51091 0.32394 0.665815 0.0011626 0.682938 0.21008 0.419229 0.489887 0.108385 0.446472 0.71128 0.399521
internal_weight=10800 6804 3996 1812 2184 1144 2126 1076 351 736 725 695 149 648
internal_count=10800 6804 3996 1812 2184 1144 2126 1076 351 736 725 695 149 648
is_linear=0
shrinkage=0.05


Tree=49
num_leaves=15
num_cat=0
split_feature=65 65 65 36 51 43 36 22 31 43 31 36 22 45
split_gain=595684 45133.5 41997.6 12370.2 10755.6 10631.5 10386.9 10800.7 15469 10367.6 8993.48 8558.8 8721.09 8064.71
threshold=127.58418050000002 28.000000000000004 217.19465950000003 20.649218750000006 2.5000000000000004 67.875000000000014 23.024739583333339 135.9634828697917 22.312500000000004 87.875000000000014 17.925000000000001 25.347395833333334 143.46396390625003 88.468750000000014
decision_type=2 2 2 2 2 2 2 2 2 2 2 2 2 2
left_child=1 -1 3 4 -2 -4 -7 8 -8 -9 -3 -5 -13 -12
right_child=2 10 5 11 -6 6 7 9 -10 -11 13 12 -14 -15
leaf_value=-0.34996017873209606 -0.6006542040384375 -0.7138880453211196 0.14472874330372371 0.28562116059911485 0.14229650708536309 0.53637233123355166 1.8218663496129655 0.58216616589754155 0.83238557549240311 1.0641213365658015 0.026117260768552381 1.2851571496142897 0.46011533415054578 -0.40774564821368608
leaf_weight=5376 63 46 118 1033 203 1310 50 710 198 134 1266 42 135 116
leaf_count=5376 63 46 118 1033 203 1310 50 710 198 134 1266 42 135 116
internal_value=0.000962442 -0.283601 0.485439 0.273362 -0.0352561 0.609498 0.63226 0.746694 1.03839 0.659854 -0.0337078 0.341181 0.662008 -0.0105681
internal_weight=10800 6804 3996 1476 266 2520 2402 1092 248 844 1428 1210 177 1382
internal_count=10800 6804 3996 1476 266 2520 2402 1092 248 844 1428 1210 177 1382
is_linear=0
shrinkage=0.05


Tree=50
num_leaves=15
num_cat=0
split_feature=65 65 52 35 29 29 52 39 36 25 32 41 22 36
split_gain=539070 62885 27695.5 12933.2 10705.3 9158.09 8572.88 8687.14 8510.08 14445.9 11393.5 7374.09 19798.1 7272.83
threshold=165.57299300000003 84.261643500000005 0.47114434510950087 19.947395833333335 16.512500000000003 21.812500000000004 -0.25881904510252113 55.625000000000007 25.347395833333334 103.71908670936379 22.037500000000005 82.875000000000014 135.9634828697917 20.208854166666669
decision_type=2 2 2 2 2 2 2 2 2 2 2 2 2 2
left_child=1 -1 5 13 -4 -2 -5 -8 10 -10 -6 12 -12 -3
right_child=2 3 4 6 8 -7 7 -9 9 -11 11 -13 -14 -15
leaf_value=-0.32309003367425843 0.13732404517093758 -0.077045523964919926 0.029374984307762454 -0.1542024407707728 0.62395385873453668 0.47043513232630424 0.62562166097316341 0.12089738335853405 1.5951106195096616 0.69243798368250697 1.5326303648394208 0.19244481798920299 0.26719730612780673 -0.62157023494893859
leaf_weight=5704 554 162 84 259 1813 329 93 928 53 276 42 293 112 98
leaf_count=5704 554 162 84 259 1813 329 93 928 53 276 42 293 112 98
internal_value=0.000937972 -0.246555 0.505039 0.0369472 0.585253 0.261831 0.102287 0.167438 0.60327 0.842246 0.568124 0.340793 0.619977 -0.283885
internal_weight=10800 7244 3556 1540 2673 883 1280 1021 2589 329 2260 447 154 260
internal_count=10800 7244 3556 1540 2673 883 1280 1021 2589 329 2260 447 154 260
is_linear=0
shrinkage=0.05


Tree=51
num_leaves=15
num_cat=0
split_feature=65 65 52 30 42 29 29 49 24 24 25 51 34 22
split_gain=486621 56753.5 25004.7 12108.3 11512.4 9664.27 8268.25 7957.68 26377.3 17342.6 10148.4 9014.91 12860.2 9756.93
threshold=165.57299300000003 84.261643500000005 0.47114434510950087 21.487500000000004 83.875000000000014 16.512500000000003 21.812500000000004 3.5000000000000004 283.46498150000008 284.71608000000009 103.36778959771125 2.5000000000000004 19.917708333333337 148.27345940104172
decision_type=2 2 2 2 2 2 2 2 2 2 2 2 2 2
left_child=1 -1 6 -3 -5 -4 -2 11 10 -10 -9 12 -7 -14
right_child=2 3 5 4 -6 7 -8 8 9 -11 -12 -13 13 -15
leaf_value=-0.30693836160977095 0.13047021490395844 -0.081223088851763298 0.027923513475586387 0.13674697248688625 0.88834678711635728 -0.0096194964346535718 0.44698465624316175 0.28227537655400053 1.448419978903301 0.51236780746395338 -0.35665000153404447 0.7155679784815473 0.62413394646622344 0.043411431351193679
leaf_weight=5704 554 912 84 573 55 108 329 166 66 198 98 1104 769 80
leaf_count=5704 554 912 84 573 55 108 329 166 66 198 98 1104 769 80
internal_value=0.000914737 -0.23423 0.479865 0.0350964 0.203879 0.556082 0.248774 0.573201 0.398558 0.750964 0.0446477 0.617727 0.504229 0.569529
internal_weight=10800 7244 3556 1540 628 2673 883 2589 528 264 264 2061 957 849
internal_count=10800 7244 3556 1540 628 2673 883 2589 528 264 264 2061 957 849
is_linear=0
shrinkage=0.05


Tree=52
num_leaves=15
num_cat=0
split_feature=65 65 65 17 31 61 52 46 25 32 49 31 25 44
split_gain=440158 33591.6 32635.7 10146.5 10151.4 8374.79 7909.12 7536.68 10352.9 10218 8805.71 7358.74 7208.86 6885.46
threshold=127.58418050000002 28.000000000000004 238.36019300000004 61.075702236085867 22.012500000000003 -0.9733555533461492 0.77259657388510639 82.848958333333357 105.16358070881857 20.987500000000004 3.5000000000000004 17.925000000000001 113.37412887341182 88.031250000000014
decision_type=2 2 2 2 2 2 2 2 2 2 2 2 2 2
left_child=1 -1 3 4 -2 -3 -4 8 9 -8 13 -7 -6 -9
right_child=2 5 6 -5 12 11 7 10 -10 -11 -12 -13 -14 -15
leaf_value=-0.30096986276499949 0.042185031914560168 0.56575868568922349 0.42895232247055337 0.53379792720958641 0.34778299067960633 -0.66762300323932733 0.75227874414185469 0.49836050279022959 0.52621273863744944 1.3939458099880604 0.11518132371366419 -0.030954084508607028 -0.17055694877795161 0.86015332340170725
leaf_weight=5376 572 56 865 285 883 46 183 510 235 98 112 1326 72 181
leaf_count=5376 572 56 865 285 883 46 183 510 235 98 112 1326 72 181
internal_value=0.000889837 -0.243721 0.417346 0.260247 0.208875 -0.0281358 0.547508 0.624873 0.774867 0.980212 0.527644 -0.0527708 0.308566 0.594234
internal_weight=10800 6804 3996 1812 1527 1428 2184 1319 516 281 803 1372 955 691
internal_count=10800 6804 3996 1812 1527 1428 2184 1319 516 281 803 1372 955 691
is_linear=0
shrinkage=0.05


Tree=53
num_leaves=15
num_cat=0
split_feature=65 65 65 24 24 49 36 48 61 26 37 56 52 15
split_gain=397331 30316 29471.9 9991.34 15069.6 14935.6 7992.58 7628.89 7571.67 7352.98 7247.96 6738.75 9750.1 8420.04
threshold=127.58418050000002 28.000000000000004 238.36019300000004 280.08090150000004 302.68069650000001 3.5000000000000004 18.395963541666671 9.1250000000000018 -0.9733555533461492 16.512500000000003 52.375000000000007 7.1250000000000009 -0.097964660725097255 182.38804150000001
decision_type=2 2 2 2 2 2 2 2 2 2 2 2 2 2
left_child=1 -1 3 5 -5 6 -2 9 -3 -4 -10 -12 13 -13
right_child=2 8 7 4 -6 -7 -8 -9 10 -11 11 12 -14 -15
leaf_value=-0.2859241591303327 -0.30432774114926331 0.53796703909572796 0.031257187952877769 0.54248567602944453 -0.090700410391693409 -0.19018439318076905 0.28744751885633696 -0.044797255221943735 0.21434197113464731 0.55281563713656734 0.41172943110348748 -0.65783528862521057 -0.013072287721143903 -0.16793296571570868
leaf_weight=5376 60 56 70 471 117 237 927 58 217 2056 60 127 686 282
leaf_count=5376 60 56 70 471 117 237 927 58 217 2056 60 127 686 282
internal_value=0.000868008 -0.231538 0.396545 0.247255 0.416554 0.165652 0.251202 0.520237 -0.0267337 0.535666 -0.0501577 -0.099994 -0.128384 -0.321288
internal_weight=10800 6804 3996 1812 588 1224 987 2184 1428 2126 1372 1155 1095 409
internal_count=10800 6804 3996 1812 588 1224 987 2184 1428 2126 1372 1155 1095 409
is_linear=0
shrinkage=0.05


Tree=54
num_leaves=15
num_cat=0
split_feature=65 65 52 35 29 28 25 24 24 46 51 32 37 56
split_gain=359043 41896.2 19764.3 11303 8226.18 7579.99 7467.86 14583.7 16570.6 11328.9 10844.4 10665.2 7419.61 10640.5
threshold=165.57299300000003 86.489938500000008 0.47114434510950087 20.065104166666671 19.012500000000003 18.962500000000002 99.107873749544453 277.75656700000008 288.22990800000008 82.078125000000014 3.5000000000000004 21.387500000000003 51.875000000000007 19.875000000000004
decision_type=2 2 2 2 2 2 2 2 2 2 2 2 2 2
left_child=1 -1 5 -3 -4 -2 9 11 -9 -6 -10 -8 -5 -14
right_child=2 3 4 12 6 -7 7 8 10 -11 -12 -13 13 -15
leaf_value=-0.26248937091981456 -0.32716115612176155 -0.25774588037790847 0.31723852649503037 0.38192265937916747 1.0580073214533428 0.24678229610749691 0.45103940256141328 0.79229762134129 0.23780875936870849 0.54666965749038265 0.93696766549081956 0.026649734932148169 0.15852649381004177 -0.18215062768760604
leaf_weight=5748 61 270 607 194 149 822 369 492 330 413 66 247 690 342
leaf_count=5748 61 270 607 194 149 822 369 492 330 413 66 247 690 342
internal_value=0.000828415 -0.201154 0.412232 0.034529 0.479989 0.206808 0.52763 0.468829 0.598531 0.683876 0.356402 0.281189 0.0990538 0.0455606
internal_weight=10800 7244 3556 1496 2673 883 2066 1504 888 562 396 616 1226 1032
internal_count=10800 7244 3556 1496 2673 883 2066 1504 888 562 396 616 1226 1032
is_linear=0
shrinkage=0.05


Tree=55
num_leaves=15
num_cat=0
split_feature=65 65 65 37 48 27 51 16 7 64 36 8 25 48
split_gain=324111 25493.3 24884.3 8914.28 12130.2 9655.23 10455.8 7424.98 7087.73 12752.7 6754.72 8336.15 7742.5 6771.43
threshold=127.58418050000002 24.000000000000004 238.36019300000004 54.375000000000007 10.875000000000002 19.012500000000003 2.5000000000000004 272.70666550000004 214.11252300000004 90.064952000000019 25.138281250000002 197.46853500000003 103.98276118801375 5.6250000000000009
decision_type=2 2 2 2 2 2 2 2 2 2 2 2 2 2
left_child=1 -1 3 -2 5 6 -5 8 -3 -10 11 13 -12 -4
right_child=2 7 10 4 -6 -7 -8 -9 9 -11 12 -13 -14 -15
leaf_value=-0.27446670450593835 0.75150085997424632 -0.14740291426665345 0.37166086301640999 -0.62507449790666048 -0.067578439457046613 0.32602648091635511 0.15171535694332539 0.20393613219228493 -0.52824561950089277 0.21948577054524315 1.2194210062947191 0.073450133324021824 0.56749005646187567 0.57124273453784347
leaf_weight=4672 75 1509 910 54 345 1135 203 227 68 328 56 147 256 815
leaf_count=4672 75 1509 910 54 345 1135 203 227 68 328 56 147 256 815
internal_value=0.000806085 -0.209097 0.358171 0.220998 0.197672 0.263415 -0.0132913 -0.0657849 -0.098015 0.0900803 0.471826 0.435445 0.688025 0.466232
internal_weight=10800 6804 3996 1812 1737 1392 257 2132 1905 396 2184 1872 312 1725
internal_count=10800 6804 3996 1812 1737 1392 257 2132 1905 396 2184 1872 312 1725
is_linear=0
shrinkage=0.05


Tree=56
num_leaves=15
num_cat=0
split_feature=65 65 52 37 56 26 30 34 8 30 32 48 45 22
split_gain=292603 34334.8 17050.2 10585.9 9274.04 9158.84 8918.13 7773.2 7025.75 6664.89 7502.43 7106.89 6650.4 24251.7
threshold=165.57299300000003 87.445244000000017 0.58216583101416164 51.875000000000007 19.875000000000004 20.012500000000003 18.512500000000003 22.328125000000004 266.28212850000006 16.862500000000004 20.812500000000004 5.6250000000000009 81.552083333333357 135.9634828697917
decision_type=2 2 2 2 2 2 2 2 2 2 2 2 2 2
left_child=1 -1 6 -3 5 -5 -2 9 -8 -4 11 -11 13 -12
right_child=2 3 7 4 -6 -7 8 -9 -10 10 12 -13 -14 -15
leaf_value=-0.23657067665435522 -0.16933644953550717 0.39194497029754999 -0.11378788223127062 -0.19414088059378373 -0.22394250629108253 0.16441900047991012 0.3065407403712479 0.67122541654551793 -0.14043233551699477 0.38336123697502766 1.2571484878659249 0.64313148003470444 0.22308393408863181 0.23188535041042738
leaf_weight=5770 131 180 58 241 379 674 980 343 96 518 79 550 592 209
leaf_count=5770 131 180 58 241 379 674 980 343 96 518 79 550 592 209
internal_value=0.00077881 -0.18156 0.372172 0.033793 -0.0162914 0.0698698 0.219157 0.45067 0.266569 0.412642 0.428367 0.517615 0.319587 0.516498
internal_weight=10800 7244 3556 1474 1294 915 1207 2349 1076 2006 1948 1068 880 288
internal_count=10800 7244 3556 1474 1294 915 1207 2349 1076 2006 1948 1068 880 288
is_linear=0
shrinkage=0.05


Tree=57
num_leaves=15
num_cat=0
split_feature=65 65 65 34 9 8 24 49 51 17 36 65 37 25
split_gain=264157 26090.1 16854.3 13175.2 9428.13 8722.66 8645.22 17741.7 11897.6 9866.35 7963.98 7813.33 7116.73 6986.4
threshold=118.03891400000002 209.93465650000005 24.000000000000004 19.122916666666672 267.14005600000007 259.12192600000009 277.75656700000008 3.5000000000000004 3.5000000000000004 1.1809109315730381e-05 25.347395833333334 249.37914050000003 58.625000000000007 110.83558801624868
decision_type=2 2 2 2 2 2 2 2 2 2 2 2 2 2
left_child=2 3 -1 -2 10 6 7 -3 -9 11 -5 -8 -6 -11
right_child=1 5 -4 4 12 -7 9 8 -10 13 -12 -13 -14 -15
leaf_value=-0.24892030500023826 -0.24441065151283206 0.41626686900381893 -0.071922452904449971 0.20148868763489491 0.40119636576130707 -0.063368071718153327 0.089403278729040858 0.1744460897028812 -0.61706307574884223 0.8483650021255017 0.57912877162963883 0.52775216074493692 -0.26497939706765905 0.13986126024548601
leaf_weight=4672 191 1525 1890 959 52 97 138 162 66 291 163 390 164 40
leaf_count=4672 191 1525 1890 959 52 97 138 162 66 291 163 390 164 40
internal_value=0.00075465 0.308413 -0.19796 0.143151 0.198617 0.401601 0.418886 0.354797 -0.0563691 0.549111 0.256818 0.413569 -0.103494 0.763424
internal_weight=10800 4238 6562 1529 1338 2709 2612 1753 228 859 1122 528 216 331
internal_count=10800 4238 6562 1529 1338 2709 2612 1753 228 859 1122 528 216 331
is_linear=0
shrinkage=0.05


Tree=58
num_leaves=15
num_cat=0
split_feature=65 65 52 37 52 56 15 30 45 22 36 28 48 41
split_gain=239040 28476.3 14596.6 7956.12 7453.27 11029.4 8679.38 7004.75 6480.64 6205.02 11060.5 6031.14 5791.13 10481.9
threshold=165.57299300000003 28.000000000000004 0.47114434510950087 53.375000000000007 -0.065403129230142812 7.1250000000000009 182.38804150000001 16.862500000000004 88.760416666666671 145.98387160937503 24.627343750000005 18.962500000000002 5.1250000000000009 82.875000000000014
decision_type=2 2 2 2 2 2 2 2 2 2 2 2 2 2
left_child=1 -1 11 9 5 -5 -7 -4 -6 10 -3 -2 -9 -14
right_child=2 3 7 4 8 6 -8 12 -10 -11 -12 -13 13 -15
leaf_value=-0.22250828018458069 -0.31623336628319754 0.10412728268271075 -0.12049324825692637 0.36213687615469103 0.08533436811478208 -0.59637067500887253 -0.13555035045210803 0.31525897342741183 -0.3242260775390875 -0.30987663950238908 0.82884558125631891 0.19558154556080973 0.65013606950409608 0.37553865435245432
leaf_weight=5376 61 155 64 79 914 144 349 1041 107 41 79 822 527 1041
leaf_count=5376 61 155 64 79 914 144 349 1041 107 41 79 822 527 1041
internal_value=0.000725565 -0.164082 0.336409 0.0040962 -0.0388211 -0.183151 -0.271086 0.394634 0.0421375 0.251945 0.351283 0.159906 0.407311 0.468186
internal_weight=10800 7244 3556 1868 1593 572 493 2673 1021 275 234 883 2609 1568
internal_count=10800 7244 3556 1868 1593 572 493 2673 1021 275 234 883 2609 1568
is_linear=0
shrinkage=0.05


Tree=59
num_leaves=15
num_cat=0
split_feature=65 65 5 26 22 32 7 47 34 32 24 49 51 22
split_gain=215749 25700.5 13723.8 7679.59 8354.86 7387.7 7219.42 6390.37 10427.8 8459.62 7908.86 8992.28 6917.87 6641.32
threshold=165.57299300000003 28.000000000000004 62.684561500000008 21.412500000000005 135.20423319270836 19.912500000000005 101.99091850000001 85.403645833333357 16.997916666666672 19.612500000000004 277.22543400000006 3.5000000000000004 2.5000000000000004 127.28854346354167
decision_type=2 2 2 2 2 2 2 2 2 2 2 2 2 2
left_child=1 -1 3 7 -5 -3 -6 8 -2 13 11 -11 -13 -10
right_child=2 5 -4 4 6 -7 -8 -9 9 10 -12 12 -14 -15
leaf_value=-0.21138492929729275 -0.2944576823802077 -0.25888746485878261 0.10049556620279405 0.70104662039571775 -0.090888741236078013 0.041475177580527142 0.43304895039217678 0.68035424649715426 0.32728246655410681 0.21468630366278371 0.43953973452871048 0.10517995031933264 -0.60512048171116761 0.6705092747939958
leaf_weight=5376 75 233 596 288 72 1635 720 105 389 652 299 72 64 224
leaf_count=5376 75 233 596 288 72 1635 720 105 389 652 299 72 64 224
internal_value=0.000693417 -0.155879 0.319604 0.363673 0.470116 0.00389177 0.385364 0.302308 0.279574 0.305057 0.220953 0.137561 -0.231056 0.453591
internal_weight=10800 7244 3556 2960 1080 1868 792 1880 1775 1700 1087 788 136 613
internal_count=10800 7244 3556 2960 1080 1868 792 1880 1775 1700 1087 788 136 613
is_linear=0
shrinkage=0.05


Tree=60
num_leaves=15
num_cat=0
split_feature=65 65 65 36 22 32 8 0 40 37 48 65 64 26
split_gain=195034 19572.4 12972.9 10872.8 8489.76 7183.86 7285.74 9166.94 6586.46 6066.92 6049.76 5889.07 5534.6 5080.42
threshold=118.03891400000002 236.71232250000003 24.000000000000004 25.347395833333334 144.3220852135417 17.925000000000001 264.65405750000008 266.52725100000004 73.875000000000014 84.125000000000014 9.1250000000000018 188.40036300000003 261.02962450000007 19.012500000000003
decision_type=2 2 2 2 2 2 2 2 2 2 2 2 2 2
left_child=2 3 -1 5 -5 9 7 11 -6 -2 13 -7 -13 -3
right_child=1 10 -4 4 8 6 -8 -9 -10 -11 -12 12 -14 -15
leaf_value=-0.21478692872504365 -0.76760879529685511 0.2375609185878288 -0.059504370125146547 0.98253575190901765 -0.10570317524252459 0.031605333975340433 -0.15710233690700048 0.61204176724634385 0.55791521781420972 0.023839948177337648 -0.10664941920814189 0.1964010974027261 0.71484418804092076 0.42261234316137797
leaf_weight=4672 40 482 1890 61 63 677 188 109 90 59 65 670 55 1679
leaf_count=4672 40 482 1890 61 63 677 188 109 90 59 65 670 55 1679
internal_value=0.000669172 0.265027 -0.170078 0.151892 0.488012 0.111637 0.13581 0.172334 0.285749 -0.300416 0.367172 0.137737 0.236662 0.381467
internal_weight=10800 4238 6562 2012 214 1798 1699 1511 153 99 2226 1402 725 2161
internal_count=10800 4238 6562 2012 214 1798 1699 1511 153 99 2226 1402 725 2161
is_linear=0
shrinkage=0.05


Tree=61
num_leaves=15
num_cat=0
split_feature=65 65 65 36 22 32 8 0 40 65 65 64 48 6
split_gain=176046 17663.1 11708.2 9738.58 7796.17 6499.03 6826.73 8168.05 5847.83 5613.67 5576.57 5614.69 5526.5 5051.58
threshold=118.03891400000002 238.36019300000004 24.000000000000004 25.347395833333334 144.3220852135417 17.925000000000001 264.65405750000008 266.52725100000004 73.875000000000014 193.19833850000003 188.40036300000003 266.28212850000006 9.1250000000000018 66.72361100000002
decision_type=2 2 2 2 2 2 2 2 2 2 2 2 2 2
left_child=2 3 -1 5 -5 9 7 10 -6 -2 -7 -12 13 -3
right_child=1 12 -4 4 8 6 -8 -9 -10 -11 11 -13 -14 -15
leaf_value=-0.20404987657654347 -0.73140476912078345 0.41522444912045453 -0.056530726784401901 0.93125923271217048 -0.088222736570594928 0.030027398974620974 -0.15072578454776595 0.58171788301657557 0.52599980738214269 0.022340139510139589 0.1930365496513605 0.76995608753628209 -0.12883242211715018 0.24724085753411484
leaf_weight=4672 40 1475 1890 62 66 677 190 109 92 62 712 44 58 651
leaf_count=4672 40 1475 1890 62 66 677 190 109 92 62 712 44 58 651
internal_value=0.000646677 0.251807 -0.161576 0.146442 0.460074 0.10859 0.131473 0.166319 0.270485 -0.277477 0.134339 0.227587 0.350788 0.363927
internal_weight=10800 4238 6562 2054 220 1834 1732 1542 158 102 1433 756 2184 2126
internal_count=10800 4238 6562 2054 220 1834 1732 1542 158 102 1433 756 2184 2126
is_linear=0
shrinkage=0.05


Tree=62
num_leaves=15
num_cat=0
split_feature=65 65 9 49 36 43 53 0 41 25 65 28 16 22
split_gain=158999 15339.4 12728.6 9439.25 8758.81 6762.84 8649.51 7541.49 6744.42 9373.84 7740.4 6383.19 6206.8 7426.82
threshold=135.43170250000003 24.000000000000004 267.14005600000007 4.5000000000000009 18.666666666666668 73.875000000000014 0.13052619222005152 262.99180150000007 82.875000000000014 105.3195466553865 277.88047750000004 22.512500000000003 272.70666550000004 150.09946341666671
decision_type=2 2 2 2 2 2 2 2 2 2 2 2 2 2
left_child=1 -1 3 4 -2 7 8 -6 9 10 -7 -8 13 -3
right_child=2 12 -4 -5 5 6 11 -9 -10 -11 -12 -13 -14 -15
leaf_value=-0.1938495685782291 -0.070159943195507876 -0.081393153256722528 -0.091152504733458289 -0.25909797267257412 0.10194847384871925 0.97587974802538602 0.22415228800780992 0.5566991450954919 0.37410744796381823 0.25963274917197887 0.21521147893265238 0.5024404459844084 0.19178642185229178 0.51303157696017521
leaf_weight=4672 157 1969 243 78 590 177 1277 107 817 108 42 246 264 53
leaf_count=4672 157 1969 243 78 590 177 1277 107 817 108 42 246 264 53
internal_value=0.000625253 -0.141928 0.258764 0.282409 0.294475 0.311508 0.34777 0.172457 0.451773 0.644087 0.831639 0.269403 -0.035775 -0.0655664
internal_weight=10800 6958 3842 3599 3521 3364 2667 697 1144 327 219 1523 2286 2022
internal_count=10800 6958 3842 3599 3521 3364 2667 697 1144 327 219 1523 2286 2022
is_linear=0
shrinkage=0.05


Tree=63
num_leaves=15
num_cat=0
split_feature=65 9 36 22 57 24 65 36 45 47 51 25 51 8
split_gain=143749 15143.9 12007.2 12129 11708.8 21693.2 9460.33 8660.98 8483.38 8136.38 7555.93 7263.48 6522.31 9371.74
threshold=118.03891400000002 267.14005600000007 25.307031250000005 143.91240567187504 3.5000000000000004 283.09452200000004 24.000000000000004 18.666666666666668 89.927083333333357 69.368489583333357 3.5000000000000004 107.08584817801206 2.5000000000000004 198.75511050000003
decision_type=2 2 2 2 2 2 2 2 2 2 2 2 2 2
left_child=6 2 4 -4 7 8 -1 -2 -6 -7 11 -11 13 -9
right_child=1 -3 3 -5 5 9 -8 12 -10 10 -12 -13 -14 -15
leaf_value=-0.18415916454299674 -0.080679695205363042 -0.11517073660964768 0.8650129376835114 0.31938645819674677 -0.063199372938083073 0.96027091765403749 -0.05155432436687242 0.27279746230170626 -0.64269352023665971 0.38756494793508733 0.86135688649283526 -0.16753235033475888 0.36972490550922055 -0.11039574868381792
leaf_weight=4672 162 299 147 334 433 49 1890 907 73 139 44 101 1357 193
leaf_count=4672 162 299 147 334 433 49 1890 907 73 139 44 101 1357 193
internal_value=0.000608893 0.227563 0.253602 0.487586 0.220924 0.0582828 -0.14598 0.272984 -0.147905 0.371094 0.266428 0.154236 0.296326 0.205525
internal_weight=10800 4238 3939 481 3458 839 6562 2619 506 333 284 240 2457 1100
internal_count=10800 4238 3939 481 3458 839 6562 2619 506 333 284 240 2457 1100
is_linear=0
shrinkage=0.05


Tree=64
num_leaves=15
num_cat=0
split_feature=65 65 9 28 49 36 30 25 24 49 51 8 51 36
split_gain=129802 12848.7 10295.6 8422.77 9410.96 10542.9 7795.51 6848.82 8524.21 11614.7 9884.55 7113.4 5918.15 8353.11
threshold=135.43170250000003 87.445244000000017 267.14005600000007 19.012500000000003 3.5000000000000004 20.208854166666669 21.012500000000003 110.83558801624868 277.75656700000008 3.5000000000000004 2.5000000000000004 257.88623600000005 2.5000000000000004 18.666666666666668
decision_type=2 2 2 2 2 2 2 2 2 2 2 2 2 2
left_child=1 -1 3 4 12 -6 -3 8 9 11 -11 -5 -2 -14
right_child=2 6 -4 7 5 -7 -8 -9 -10 10 -12 -13 13 -15
leaf_value=-0.15903653411580057 -0.19587203668387132 -0.099159872556430495 -0.0808786216117518 0.33081693405141088 0.089097751009407963 -0.7935907351119178 0.15723344770143741 0.031675971273675954 0.43417193560738732 0.11573388380035209 -0.59694346170872448 -0.23671323552342327 -0.06171956219019429 0.37159189748327393
leaf_weight=5770 85 629 243 1289 85 55 559 227 985 202 63 57 154 397
leaf_count=5770 85 629 243 1289 85 55 559 227 985 202 63 57 154 397
internal_value=0.000590583 -0.128211 0.233827 0.255093 0.109013 -0.260842 0.0215139 0.295195 0.318216 0.247093 -0.0553023 0.306625 0.19071 0.250592
internal_weight=10800 6958 3842 3599 776 140 1188 2823 2596 1611 265 1346 636 551
internal_count=10800 6958 3842 3599 776 140 1188 2823 2596 1611 265 1346 636 551
is_linear=0
shrinkage=0.05


Tree=65
num_leaves=15
num_cat=0
split_feature=65 65 65 47 36 24 54 30 25 37 17 30 45 9
split_gain=117287 13248.8 8018.69 7820.21 7331.56 8175.75 6836 11532.8 5558.99 5920.98 6287.73 4666.45 4735.61 4267.23
threshold=118.03891400000002 236.71232250000003 24.000000000000004 77.319010416666671 20.237630208333339 318.1844445000001 -0.8783796973249266 19.487500000000004 110.25738953028021 54.375000000000007 59.481066393397107 19.087500000000002 89.760416666666671 270.46035150000006
decision_type=2 2 2 2 2 2 2 2 2 2 2 2 2 2
left_child=2 3 -1 4 -2 8 7 -5 9 -6 -11 12 -3 -8
right_child=1 11 -4 6 5 -7 13 -9 -10 10 -12 -13 -14 -15
leaf_value=-0.16700305281577263 -0.31832031748172912 0.025064211959198276 -0.044921394961401982 0.16895060709544593 0.6054737183575829 -0.21756602699751967 0.084760200161255794 -0.99306516864083039 0.68078100909789407 0.13266710121823275 0.50697432740178328 0.32192692606893958 0.44035325977582851 -0.29977770418296629
leaf_weight=4672 65 280 1890 41 95 95 660 43 74 727 132 1856 90 80
leaf_count=4672 65 280 1890 41 95 95 660 43 74 727 132 1856 90 80
internal_value=0.00055784 0.205562 -0.131853 0.11249 0.194531 0.224472 -0.00588417 -0.430576 0.265494 0.232602 0.190708 0.289597 0.126995 0.0428401
internal_weight=10800 4238 6562 2012 1188 1123 824 84 1028 954 859 2226 370 740
internal_count=10800 4238 6562 2012 1188 1123 824 84 1028 954 859 2226 370 740
is_linear=0
shrinkage=0.05


Tree=66
num_leaves=15
num_cat=0
split_feature=65 65 47 65 36 24 54 30 64 37 40 47 35 7
split_gain=105862 11987.3 7523.78 7236.94 6685.85 7537.3 6122.69 10433.5 5648.03 5097.61 5770.68 4401.15 6870.37 5689.88
threshold=118.03891400000002 238.36019300000004 77.319010416666671 24.000000000000004 20.237630208333339 318.1844445000001 -0.8783796973249266 19.487500000000004 266.28212850000006 54.375000000000007 86.875000000000014 85.403645833333357 20.315625000000004 193.77464550000005
decision_type=2 2 2 2 2 2 2 2 2 2 2 2 2 2
left_child=3 2 4 -1 -2 8 7 -4 9 -6 -11 12 -3 -14
right_child=1 11 6 -5 5 -7 -8 -9 -10 10 -12 -13 13 -15
leaf_value=-0.15865468197248489 -0.30264545464605996 0.14439503984745214 0.16070421316793987 -0.042676513722707685 0.57551537967907895 -0.20729666627252225 0.038227839970091985 -0.94454039335250861 0.78466582695643117 0.14236184730813248 0.51078609393652141 0.62850729656773952 0.44441950952222165 0.23541779268237792
leaf_weight=4672 65 780 41 1890 95 96 749 43 47 796 122 85 607 712
leaf_count=4672 65 780 41 1890 95 96 749 43 47 796 122 85 607 712
internal_value=0.000534238 0.195297 0.108506 -0.125262 0.187496 0.215294 -0.0073613 -0.409532 0.253725 0.228342 0.191827 0.276835 0.262301 0.331864
internal_weight=10800 4238 2054 6562 1221 1156 833 84 1060 1013 918 2184 2099 1319
internal_count=10800 4238 2054 6562 1221 1156 833 84 1060 1013 918 2184 2099 1319
is_linear=0
shrinkage=0.05


Tree=67
num_leaves=15
num_cat=0
split_feature=65 65 37 8 26 19 64 47 32 24 25 51 25 35
split_gain=95815.2 14259.5 8175.49 7537.11 7229.97 6759.15 6516.19 6696.79 6028.06 7485.13 7681.61 7225.28 6707.69 5740.41
threshold=178.76342250000002 87.445244000000017 51.875000000000007 257.88623600000005 22.262500000000003 70.351309500000013 240.69470000000004 76.425781250000014 19.962500000000002 277.75656700000008 105.36956620720093 3.5000000000000004 104.00661095731722 19.621875000000003
decision_type=2 2 2 2 2 2 2 2 2 2 2 2 2 2
left_child=1 -1 -3 4 6 13 7 -2 -8 12 -11 -12 -10 -4
right_child=3 2 5 -5 -6 -7 8 -9 9 10 11 -13 -14 -15
leaf_value=-0.13707070374516653 -0.019521854977457103 0.33724110088559817 -0.19163153399369992 -0.059606912446075258 0.3929510159506967 -0.23496798026160551 0.45615907322195631 0.21920429782412065 0.20663478785103054 0.77300983564828041 0.16297675050388222 0.81449475812911987 -0.17570457329126921 0.092811086854596589
leaf_weight=5770 507 190 216 223 627 272 354 697 376 92 292 49 164 971
leaf_count=5770 507 190 216 223 627 272 354 697 376 92 292 49 164 971
internal_value=0.000516827 -0.100019 0.0296334 0.221089 0.240922 -0.0106287 0.20312 0.118745 0.279528 0.214863 0.369509 0.258704 0.0904068 0.0409329
internal_weight=10800 7419 1649 3381 3158 1459 2531 1204 1327 973 433 341 540 1187
internal_count=10800 7419 1649 3381 3158 1459 2531 1204 1327 973 433 341 540 1187
is_linear=0
shrinkage=0.05


Tree=68
num_leaves=15
num_cat=0
split_feature=65 65 65 32 61 34 9 0 43 9 26 37 17 36
split_gain=86549.8 8824.62 8471.52 8138.16 6584.39 6445.67 6352.3 5993.83 6758.63 6725.76 5573.51 5427.81 5265.68 4644.06
threshold=135.43170250000003 87.445244000000017 262.22140250000007 17.525000000000002 -0.9733555533461492 20.601041666666671 267.14005600000007 262.68540950000005 74.625000000000014 248.76927250000003 23.862500000000004 59.875000000000007 2.9592160239579114e-06 23.976302083333341
decision_type=2 2 2 2 2 2 2 2 2 2 2 2 2 2
left_child=1 -1 3 -2 -3 -6 7 8 -5 -9 12 -8 -10 -14
right_child=2 4 -4 6 5 -7 11 9 10 -11 -12 -13 13 -15
leaf_value=-0.13021835830904063 -0.23513173108383417 0.4934584674195967 0.29992424564476572 0.0076812996518296692 -0.25806859038805346 0.048066415669457928 0.39514374449525191 1.0300289068903241 0.10641653674777418 0.28000811029123057 0.62542280916926229 -0.21260969328790741 0.23567464708765917 0.58045945987105374
leaf_weight=5770 136 68 1218 519 211 909 45 41 807 108 78 182 591 117
leaf_count=5770 136 68 1218 519 211 909 45 41 807 108 78 182 591 117
internal_value=0.000503192 -0.104672 0.190957 0.140281 0.01941 -0.009786 0.160889 0.186199 0.164411 0.491881 0.215437 -0.0909253 0.19393 0.29339
internal_weight=10800 6958 3842 2624 1188 1120 2488 2261 2112 149 1593 227 1515 708
internal_count=10800 6958 3842 2624 1188 1120 2488 2261 2112 149 1593 227 1515 708
is_linear=0
shrinkage=0.05


Tree=69
num_leaves=15
num_cat=0
split_feature=65 65 37 5 52 32 26 22 47 34 32 24 49 7
split_gain=78491.1 11454.1 7287.01 6659.53 6033.06 5028.83 4685.1 7227.29 5305.47 6945.95 7686.16 5549.4 5746.97 5182.86
threshold=178.76342250000002 87.445244000000017 51.875000000000007 62.684561500000008 -0.22695468355932472 19.912500000000005 21.412500000000005 135.20423319270836 85.403645833333357 16.997916666666672 19.612500000000004 277.22543400000006 3.5000000000000004 101.99091850000001
decision_type=2 2 2 2 2 2 2 2 2 2 2 2 2 2
left_child=1 -1 -3 6 -4 -6 8 -8 9 -2 -11 12 -12 -9
right_child=3 2 4 -5 5 -7 7 13 -10 10 11 -13 -14 -15
leaf_value=-0.12370856235598107 -0.30935394432591767 0.31611261282979236 -0.25044229565809173 0.021217085216894943 -0.21984405335645346 0.071540098070088307 0.52502613031598633 -0.17063131205839654 0.52332119264130328 0.3221056825328632 0.091146551079229213 0.28354538352090264 -0.2675644432484276 0.27265588358042009
leaf_weight=5770 75 190 224 451 171 1064 288 72 105 605 645 295 134 711
leaf_count=5770 75 190 224 451 171 1064 288 72 105 605 645 295 134 711
internal_value=0.000493156 -0.090501 0.0257 0.200131 -0.0123099 0.0310494 0.227654 0.311014 0.179487 0.158618 0.179693 0.0992455 0.0291788 0.231728
internal_weight=10800 7419 1649 3381 1459 1235 2930 1071 1859 1754 1679 1074 779 783
internal_count=10800 7419 1649 3381 1459 1235 2930 1071 1859 1754 1679 1074 779 783
is_linear=0
shrinkage=0.05


Tree=70
num_leaves=15
num_cat=0
split_feature=65 65 30 42 8 30 46 25 48 41 51 22 44 56
split_gain=70848.8 10337.1 7047.55 7395.57 6341.18 6345.57 7460.14 7176.74 7151.56 5180.78 8913.45 7583.75 4696.09 9453.36
threshold=178.76342250000002 87.445244000000017 21.062500000000004 84.375000000000014 260.64287600000006 18.512500000000003 92.005208333333357 80.010677099552964 5.3750000000000009 82.875000000000014 2.5000000000000004 143.83039347916667 53.343750000000007 19.125000000000004
decision_type=2 2 2 2 2 2 2 2 2 2 2 2 2 2
left_child=1 -1 -3 12 5 7 8 -2 -7 11 -11 -10 -4 -14
right_child=4 2 3 -5 -6 6 -8 -9 9 10 -12 -13 13 -15
leaf_value=-0.1175242096529423 0.23928350977857346 -0.066338227868161084 0.45546724861248944 0.65078374273501916 -0.10785295105977533 0.16508440615407791 -0.41751902645284478 -0.22736931530791415 0.59970027262976711 0.048154230567300421 0.37901658676431649 0.17175102053079638 0.13480761517793968 -0.39759964600648035
leaf_weight=5770 158 931 77 64 169 1515 43 170 313 333 524 156 477 100
leaf_count=5770 158 931 77 64 169 1515 43 170 313 333 524 156 477 100
internal_value=0.00047352 -0.0859773 0.0244125 0.142014 0.190144 0.205852 0.229544 -0.00253518 0.239481 0.324294 0.250661 0.458023 0.0913083 0.0420077
internal_weight=10800 7419 1649 718 3381 3212 2884 328 2841 1326 857 469 654 577
internal_count=10800 7419 1649 718 3381 3212 2884 328 2841 1326 857 469 654 577
is_linear=0
shrinkage=0.05


Tree=71
num_leaves=15
num_cat=0
split_feature=65 65 52 20 64 63 21 64 13 30 24 34 36 46
split_gain=63945 9610.6 5998.14 5722.29 5188.12 6096.35 5994.27 4753.3 4520.84 4285.57 4232.18 4035.42 5472.04 4736.7
threshold=178.76342250000002 24.000000000000004 0.58216583101416164 269.23038800000006 194.41475600000004 1.0000000180025095e-35 1.1518771355229895e-05 241.18139200000005 1.4877201630854719 19.162500000000005 277.22543400000006 22.328125000000004 24.343229166666671 82.078125000000014
decision_type=2 2 2 2 2 2 2 2 2 2 2 2 2 2
left_child=1 -1 9 4 5 -3 7 -6 -8 -2 -5 12 13 -4
right_child=2 3 11 10 6 -7 8 -9 -10 -11 -12 -13 -14 -15
leaf_value=-0.12530299635074291 -0.15395007262051832 -0.17993845168855604 0.38562675548597852 0.43105063134681365 0.19905459047812557 0.011972540854136788 0.29968124945924551 -0.29887869926945621 -0.054226150204434657 0.12448010393047149 0.070267462770623915 0.38442886726185815 -0.034278073690963529 0.18488844780996444
leaf_weight=4672 163 847 373 105 71 808 292 143 130 881 351 340 225 1399
leaf_count=4672 163 847 373 105 71 808 292 143 130 881 351 340 225 1399
internal_value=0.000456832 -0.081674 0.180649 -0.00745274 -0.0396621 -0.0862935 0.081627 -0.133519 0.190787 0.080903 0.154104 0.225155 0.197859 0.227337
internal_weight=10800 7419 3381 2747 2291 1655 636 214 422 1044 456 2337 1997 1772
internal_count=10800 7419 3381 2747 2291 1655 636 214 422 1044 456 2337 1997 1772
is_linear=0
shrinkage=0.05


Tree=72
num_leaves=15
num_cat=0
split_feature=65 65 32 65 24 24 41 7 9 26 36 24 32 16
split_gain=57760.3 6589.39 7107.95 6408.15 5411.34 11572.8 6354.5 9928.66 8191.58 5570.58 7231.69 6725.09 5441.07 4112.02
threshold=135.43170250000003 262.22140250000007 17.525000000000002 24.000000000000004 297.26105400000006 296.45735250000007 82.875000000000014 182.76415450000002 249.54321200000001 21.012500000000003 21.325911458333337 266.01351400000004 19.712500000000002 272.70666550000004
decision_type=2 2 2 2 2 2 2 2 2 2 2 2 2 2
left_child=3 2 -2 -1 5 6 7 -4 9 10 -8 12 -12 -5
right_child=1 -3 4 13 -6 -7 8 -9 -10 -11 11 -13 -14 -15
leaf_value=-0.11903918556296644 -0.23945122755805617 0.2521208836237111 0.43643224109706191 -0.041125711964123832 -0.099000554985082978 0.74504890646087008 0.25031814150139448 0.093490143471793963 -0.1173388459929593 0.33940116382068974 0.02929219568059558 0.061429247401228043 -0.70557466421562898 0.16833887422070751
leaf_weight=4672 136 1218 363 2022 232 79 286 504 425 268 41 226 64 264
leaf_count=4672 136 1218 363 2022 232 79 286 504 425 268 41 226 64 264
internal_value=0.000439754 0.156026 0.111342 -0.0854803 0.130605 0.154251 0.132479 0.237412 0.0629033 0.149495 0.0665917 -0.0924327 -0.421057 -0.0168725
internal_weight=10800 3842 2624 6958 2488 2256 2177 867 1310 885 617 331 105 2286
internal_count=10800 3842 2624 6958 2488 2256 2177 867 1310 885 617 331 105 2286
is_linear=0
shrinkage=0.05


Tree=73
num_leaves=15
num_cat=0
split_feature=65 21 64 48 8 26 43 48 24 24 24 30 47 32
split_gain=52383.4 7873.34 5705.19 5847.65 5435.67 5688.99 6046.44 5096.48 4866.9 4540.08 5639.45 4472.94 4217.81 3898.76
threshold=178.76342250000002 98.266410409459311 194.41475600000004 5.1250000000000009 260.64287600000006 22.262500000000003 72.875000000000014 5.3750000000000009 211.81016800000003 283.32550850000001 286.83628450000003 16.025000000000002 67.677083333333357 19.962500000000002
decision_type=2 2 2 2 2 2 2 2 2 2 2 2 2 2
left_child=1 2 -1 -4 5 6 -2 12 -7 -10 -11 -9 -8 -13
right_child=4 -3 3 -5 -6 8 7 11 9 10 -12 13 -14 -15
leaf_value=-0.095588148517940175 -0.1293000595406332 0.24823455243900017 0.22636596137254511 -0.083622178063380501 -0.11234032378203292 0.72362651247531184 -0.25147895686328414 -0.22372230148563782 0.16810271557909948 0.78170892206239118 0.23492301449848291 0.39868824293965754 0.12319027025627904 0.19302269666036823
leaf_weight=6627 187 184 290 318 169 63 79 47 410 80 116 375 1249 606
leaf_count=6627 187 184 290 318 169 63 79 47 410 80 116 375 1249 606
internal_value=0.000422649 -0.0739135 -0.0821395 0.0643629 0.163514 0.178058 0.143826 0.16555 0.307771 0.263418 0.460936 0.249109 0.10073 0.271967
internal_weight=10800 7419 7235 608 3381 3212 2543 2356 669 606 196 1028 1328 981
internal_count=10800 7419 7235 608 3381 3212 2543 2356 669 606 196 1028 1328 981
is_linear=0
shrinkage=0.05


Tree=74
num_leaves=15
num_cat=0
split_feature=65 65 8 30 25 46 48 51 46 25 36 30 22 16
split_gain=47287 7326.91 4966.7 5281.14 6289.04 5398.4 6176.22 4969.81 5035.87 11027 4990.01 6271.69 5504.31 4821.33
threshold=178.76342250000002 24.000000000000004 257.88623600000005 18.512500000000003 80.010677099552964 92.005208333333357 5.6250000000000009 1.5000000000000002 82.171875000000014 105.41375802674405 21.246223958333335 21.212500000000002 125.64656252604168 272.70666550000004
decision_type=2 2 2 2 2 2 2 2 2 2 2 2 2 2
left_child=1 -1 3 4 -2 6 -5 -8 9 -9 12 -12 -10 -3
right_child=2 13 -4 5 -6 -7 7 8 10 -11 11 -13 -14 -15
leaf_value=-0.10831011872768098 0.20737198032731624 -0.02944262505065345 -0.072412594638444724 0.13686494669447524 -0.23009159391855494 -0.37698791579502389 0.098724067903673052 0.73279418902630789 0.21361006763226423 0.13084326243884861 0.020006151554521026 0.42997277714047871 0.75025895532670916 0.17702532960131068
leaf_weight=4672 158 2428 223 1588 169 40 272 198 103 124 276 140 90 319
leaf_count=4672 158 2428 223 1588 169 40 272 198 103 124 276 140 90 319
internal_value=0.000411706 -0.0702158 0.155366 0.171468 -0.01873 0.193436 0.201744 0.287201 0.342101 0.50211 0.256815 0.158676 0.466438 -0.00541049
internal_weight=10800 7419 3381 3158 327 2831 2791 1203 931 322 609 416 193 2747
internal_count=10800 7419 3381 3158 327 2831 2791 1203 931 322 609 416 193 2747
is_linear=0
shrinkage=0.05


Tree=75
num_leaves=15
num_cat=0
split_feature=65 36 22 25 57 24 47 9 0 51 24 36 51 64
split_gain=42799.4 8262.43 10004.6 7706.51 7071.77 13706 6899.52 6506.35 8537.3 5856.63 5636.14 5063.28 7506.61 4692.45
threshold=116.76785750000001 25.307031250000005 143.91240567187504 106.38974418390383 3.5000000000000004 283.09452200000004 69.368489583333357 251.13514550000002 256.80026200000003 3.5000000000000004 288.22990800000008 19.526302083333338 2.5000000000000004 205.60313450000004
decision_type=2 2 2 2 2 2 2 2 2 2 2 2 2 2
left_child=13 4 -3 -4 7 11 -7 8 -2 10 -8 -6 -13 -1
right_child=1 2 3 -5 5 6 9 -9 -10 -11 -12 12 -14 -15
leaf_value=-0.089971056417347775 0.15869328881157563 0.64216969395788537 -0.32492618186568678 0.27587869695762296 0.31458781253784263 0.76304311122000223 0.27622884523272517 -0.015630427772975641 0.7953274855924839 0.65397726747724749 -0.19140823261385181 -0.093959934203719189 -0.5097679345133882 0.098515337019795854
leaf_weight=6192 2249 158 65 280 46 49 124 565 53 44 132 335 160 348
leaf_count=6192 2249 158 65 280 46 49 124 565 53 44 132 335 160 348
internal_value=0.000400752 0.123712 0.313853 0.162072 0.0981787 -0.0249216 0.219007 0.136388 0.17369 0.127908 0.0352969 -0.182394 -0.229119 -0.079928
internal_weight=10800 4260 503 345 3757 890 349 2867 2302 300 256 541 495 6540
internal_count=10800 4260 503 345 3757 890 349 2867 2302 300 256 541 495 6540
is_linear=0
shrinkage=0.05


Tree=76
num_leaves=15
num_cat=0
split_feature=65 64 22 21 39 43 41 34 48 34 43 65 32 35
split_gain=38860.5 6399.28 5958.55 4648.04 5047.73 4635.23 6274.32 4889.27 4791.76 3838.85 3661.29 4169.08 3743.5 5264.49
threshold=178.76342250000002 194.41475600000004 137.21175876562504 69.120488167930276 55.625000000000007 76.625000000000014 84.375000000000014 22.296875000000004 5.6250000000000009 18.063541666666669 82.375000000000014 245.83939000000001 19.962500000000002 20.348437500000003
decision_type=2 2 2 2 2 2 2 2 2 2 2 2 2 2
left_child=1 3 9 -1 -5 6 -2 8 -7 -3 -10 -12 -13 -14
right_child=5 2 -4 4 -6 7 -8 -9 10 -11 11 12 13 -15
leaf_value=-0.092453385848871583 0.1174970552337687 0.32132198501023512 0.27219988732782108 0.50164906718514179 0.0035649829214798689 0.078631509740376831 -0.20298874704485259 0.33504320334652515 0.082993986331656625 -0.10443340100282075 0.54130970561767322 0.36401528405694428 -0.14042971604168417 0.306909960031295
leaf_weight=6037 598 62 258 54 677 1228 204 396 300 331 135 258 124 138
leaf_count=6037 598 62 258 54 677 1228 204 396 300 331 135 258 124 138
internal_value=0.000393458 -0.0636327 0.0859987 -0.078036 0.0409942 0.140865 0.0358257 0.173502 0.144059 -0.0366208 0.228019 0.294215 0.229149 0.095463
internal_weight=10800 7419 651 6768 731 3381 802 2579 2183 393 955 655 520 262
internal_count=10800 7419 651 6768 731 3381 802 2579 2183 393 955 655 520 262
is_linear=0
shrinkage=0.05


Tree=77
num_leaves=15
num_cat=0
split_feature=65 21 52 64 48 65 47 28 42 13 41 22 51 35
split_gain=35077.4 5947.79 4480.27 4146.29 6025.07 3908.94 3850.92 5854.41 3418.26 3496.95 5494.73 9876.54 5956.43 4602.06
threshold=178.76342250000002 98.266410409459311 0.47114434510950087 201.68129500000001 5.1250000000000009 81.492148500000013 85.403645833333357 16.862500000000004 88.125000000000014 1.3254992120623699 82.875000000000014 135.76219061979171 2.5000000000000004 22.377604166666671
decision_type=2 2 2 2 2 2 2 2 2 2 2 2 2 2
left_child=1 3 -2 -1 -5 -6 7 -4 9 -9 11 -11 -12 -13
right_child=2 -3 6 4 5 -7 -8 8 -10 10 12 13 -14 -15
leaf_value=-0.078590871690236971 0.023347691327518943 0.21954721086104778 -0.31690919317878213 0.24385401054392219 0.081004721544749914 -0.27331509399929482 0.47179656513035301 0.13443164138603234 -0.13057673897006011 0.89836717823699841 -0.044856267316522556 0.052781801029551226 0.31066785015964082 0.54390890411561055
leaf_weight=6672 722 184 64 252 166 145 97 1641 94 82 203 121 279 78
leaf_count=6672 722 184 64 252 166 145 97 1641 94 82 203 121 279 78
internal_value=0.000384824 -0.060445 0.133843 -0.0675951 0.0626221 -0.0845392 0.163826 0.151987 0.164122 0.175695 0.264148 0.439619 0.161152 0.247041
internal_weight=10800 7419 3381 7235 563 311 2659 2562 2498 2404 763 281 482 199
internal_count=10800 7419 3381 7235 563 311 2659 2562 2498 2404 763 281 482 199
is_linear=0
shrinkage=0.05


Tree=78
num_leaves=15
num_cat=0
split_feature=65 52 26 21 36 25 36 30 46 49 36 35 36 64
split_gain=31849.1 8622.06 6826.43 7237.18 5048.81 6877.09 5322.37 5920.69 7387.23 7439.03 6907.66 8977.11 5761.27 5492.51
threshold=87.445244000000017 0.29012925520284133 21.487500000000004 27.029344457641361 25.347395833333334 103.71908670936379 24.375000000000004 21.512500000000003 76.609375000000014 3.5000000000000004 19.526302083333338 19.621875000000003 19.968619791666672 181.22922650000001
decision_type=2 2 2 2 2 2 2 2 2 2 2 2 2 2
left_child=-1 2 -2 -4 6 -6 7 8 -3 -10 -11 12 -12 -9
right_child=1 4 3 -5 5 -7 -8 13 9 10 11 -13 -14 -15
leaf_value=-0.079786466470811598 -0.18535732005315661 0.63217137881600471 0.70786414150057775 0.030947050855843417 0.79495567793647448 0.21468252766965956 -0.067046537378272916 0.59969043442606929 0.13180689187539088 0.34582714587450031 -0.13232075066639568 -0.024985317237353408 -0.83009341239929213 0.20215759041347697
leaf_weight=5770 397 60 40 1073 59 354 361 99 1405 75 52 300 69 686
leaf_count=5770 397 60 40 1073 59 354 361 99 1405 75 52 300 69 686
internal_value=0.000375469 0.0923282 -0.00761923 0.0558883 0.135193 0.299299 0.11329 0.137014 0.090482 0.0730616 -0.0932742 -0.172133 -0.533767 0.252991
internal_weight=10800 5030 1510 1113 3520 413 3107 2746 1961 1901 496 421 121 785
internal_count=10800 5030 1510 1113 3520 413 3107 2746 1961 1901 496 421 121 785
is_linear=0
shrinkage=0.05


Tree=79
num_leaves=15
num_cat=0
split_feature=65 52 37 30 36 36 36 25 36 30 46 49 36 35
split_gain=28752.5 7782.35 6319.96 6232.68 5111.52 10506.5 4562.13 6220.87 4804.73 5346.74 6680.33 6718.07 6242.9 8114.94
threshold=87.445244000000017 0.29012925520284133 54.375000000000007 23.262500000000003 25.886588541666672 24.648697916666666 25.347395833333334 103.71908670936379 24.375000000000004 21.512500000000003 76.609375000000014 3.5000000000000004 19.526302083333338 19.621875000000003
decision_type=2 2 2 2 2 2 2 2 2 2 2 2 2 2
left_child=-1 2 4 -4 5 -2 8 -8 9 10 -3 -12 -13 -14
right_child=1 6 3 -5 -6 -7 7 -9 -10 -11 11 12 13 -15
leaf_value=-0.075797836140762909 0.10588539326632465 0.60108098407260713 -0.10462665919343289 0.17541368055816106 -0.24862989783287048 0.92757579359141273 0.75587035576502482 0.20397863590958673 -0.063703471570641046 0.24039292066303528 0.1252212333327668 0.32876330653793717 -0.50747280691399188 -0.023740203007962868
leaf_weight=5770 134 60 1033 245 44 54 59 354 361 785 1405 75 121 300
leaf_count=5770 134 60 1033 245 44 54 59 354 361 785 1405 75 121 300
internal_value=0.000367529 0.0877358 -0.00721995 -0.0508461 0.232287 0.345562 0.12846 0.284456 0.10764 0.13018 0.085961 0.0693952 -0.088675 -0.163643
internal_weight=10800 5030 1510 1278 232 188 3520 413 3107 2746 1961 1901 496 421
internal_count=10800 5030 1510 1278 232 188 3520 413 3107 2746 1961 1901 496 421
is_linear=0
shrinkage=0.05


Tree=80
num_leaves=15
num_cat=0
split_feature=65 52 37 30 36 36 36 36 25 30 41 36 36 47
split_gain=25957.7 7032.01 5844.27 5898.69 4769.5 9903.6 4033.27 7254.87 5447.18 4391.28 7013.44 6178.88 10262.6 7208.72
threshold=87.445244000000017 0.35206144883412582 54.375000000000007 23.262500000000003 25.886588541666672 24.648697916666666 25.094921875000008 24.447916666666675 103.71908670936379 21.312500000000004 77.875000000000014 21.282552083333339 20.649218750000006 78.014322916666671
decision_type=2 2 2 2 2 2 2 2 2 2 2 2 2 2
left_child=-1 2 4 -4 5 -2 7 9 -8 10 -3 12 13 -12
right_child=1 6 3 -5 -6 -7 8 -9 -10 -11 11 -13 -14 -15
leaf_value=-0.072008597927608262 0.10324995564500782 0.68634803550357515 -0.086775964850308723 0.1701658586566539 -0.22525684376980398 0.88451840106783242 0.67496170511140541 -0.16404013805634654 0.19057019585425536 0.22321461836359524 -0.22443957019407873 -0.02168404975634379 0.40627916265407515 0.16110036813322903
leaf_weight=5770 136 46 1171 275 46 57 67 233 409 812 176 929 289 384
leaf_count=5770 136 46 1171 275 46 57 67 233 409 812 176 929 289 384
internal_value=0.00036045 0.083374 7.38943e-05 -0.037827 0.228584 0.337357 0.125323 0.102892 0.260023 0.126539 0.0834033 0.067427 0.164846 0.0397466
internal_weight=10800 5030 1685 1446 239 193 3345 2869 476 2636 1824 1778 849 560
internal_count=10800 5030 1685 1446 239 193 3345 2869 476 2636 1824 1778 849 560
is_linear=0
shrinkage=0.05


Tree=81
num_leaves=15
num_cat=0
split_feature=52 49 24 24 47 36 51 29 30 22 47 41 36 64
split_gain=23778.1 7212.76 11965.2 9118.26 8085.19 6250.11 5191.92 6409.39 6347.6 6164.22 8687.27 5204.76 4711.1 4329.55
threshold=0.25881904510252091 3.5000000000000004 274.65417650000006 273.12119300000006 69.101562500000014 24.217317708333336 2.5000000000000004 19.762500000000003 16.025000000000002 143.83039347916667 65.013020833333357 79.125000000000014 26.432291666666668 232.51930700000003
decision_type=2 2 2 2 2 2 2 2 2 2 2 2 2 2
left_child=-1 6 3 -3 5 -4 7 -2 -8 10 -9 13 -7 -11
right_child=1 2 4 -5 -6 12 8 9 -10 11 -12 -13 -14 -15
leaf_value=-0.062582512437780388 -0.28946980158316682 -0.039284808957929122 0.86794384871759722 -0.58744571473863394 0.066949355184137138 -0.043377592518706536 -0.29883238743369778 0.88075383390699113 0.22719012345111553 -0.67067907408234628 0.13946744719842383 0.22891843063511741 0.52275849856712209 -0.10660595022691566
leaf_weight=6280 115 1200 61 80 432 67 59 41 1381 41 687 94 80 182
leaf_count=6280 115 1200 61 80 432 67 59 41 1381 41 687 94 80 182
internal_value=0.000354953 0.0877935 0.0142796 -0.0739767 0.190632 0.445963 0.142054 0.0632529 0.205445 0.102309 0.182367 -0.0815414 0.266174 -0.212846
internal_weight=10800 4520 1920 1280 640 208 2600 1160 1440 1045 728 317 147 223
internal_count=10800 4520 1920 1280 640 208 2600 1160 1440 1045 728 317 147 223
is_linear=0
shrinkage=0.05


Tree=82
num_leaves=15
num_cat=0
split_feature=65 36 9 57 24 47 24 36 51 61 35 22 47 22
split_gain=21650.9 6556.52 6070.29 6057.2 14622.9 7887.55 8276.78 7057.24 6656.87 5890.02 5694.62 7503.05 9113.5 5110.94
threshold=87.445244000000017 18.666666666666668 268.69404500000007 3.5000000000000004 278.91518350000007 69.101562500000014 307.27302800000007 24.289322916666674 2.5000000000000004 -0.68322629814330815 19.947395833333335 145.83517119791671 65.908854166666671 74.888007442708343
decision_type=2 2 2 2 2 2 2 2 2 2 2 2 2 2
left_child=-1 -2 3 8 7 6 -6 9 10 -5 -3 12 -12 -14
right_child=1 2 -4 4 5 -7 -8 -9 -10 -11 11 -13 13 -15
leaf_value=-0.065752210541707531 -0.20371475456495636 -0.27368183394428341 -0.10383027490140416 0.027160570757704967 0.68336927838921557 0.070800562109552975 -0.081782485006377109 -0.65423402740405168 0.20731493354917629 -0.3054451800372503 0.67044807929026939 -0.12845753531798523 0.28728596546556867 0.03828491756857548
leaf_weight=5770 200 115 380 339 124 450 49 64 1723 218 78 302 292 696
leaf_count=5770 200 115 380 339 124 450 49 64 1723 218 78 302 292 696
internal_value=0.000341076 0.0761558 0.0877844 0.104167 0.010506 0.181511 0.467425 -0.161066 0.140495 -0.10333 0.0627729 0.091236 0.153538 0.112092
internal_weight=10800 5030 4830 4450 1244 623 173 621 3206 557 1483 1368 1066 988
internal_count=10800 5030 4830 4450 1244 623 173 621 3206 557 1483 1368 1066 988
is_linear=0
shrinkage=0.05


Tree=83
num_leaves=15
num_cat=0
split_feature=52 24 49 24 24 64 8 30 47 46 51 36 25 36
split_gain=19985.7 6011.47 10075.7 7835.02 6101.3 4745.42 3842.03 4122.82 3257.5 3446.71 5511.73 6028.08 4015.74 4598.11
threshold=0.25881904510252091 274.65417650000006 3.5000000000000004 273.12119300000006 300.20324800000009 226.75070750000003 257.45480050000009 16.025000000000002 85.403645833333357 82.171875000000014 2.5000000000000004 23.614322916666669 100.05873108459177 21.013020833333336
decision_type=2 2 2 2 2 2 2 2 2 2 2 2 2 2
left_child=-1 2 6 -4 -3 -6 7 -2 9 12 11 -11 13 -9
right_child=1 4 3 -5 5 -7 -8 8 -10 10 -12 -13 -14 -15
leaf_value=-0.057375848029954858 -0.2741238203613709 0.21655826542045384 -0.033903691186247822 -0.54202609179932393 -0.52057195285504521 0.044692867530961432 -0.20359056485277927 0.018379335901478219 0.42655789232013208 -0.21043043852311638 0.16089098405504415 0.21993561130637926 0.066954349600766086 0.51977685298238485
leaf_weight=6280 59 1145 1200 80 43 237 88 62 98 252 798 119 165 174
leaf_count=6280 59 1145 1200 80 43 237 88 62 98 252 798 119 165 174
internal_value=0.000324798 0.0804879 0.0413367 -0.0660597 0.165433 -0.0436593 0.117071 0.133519 0.148093 0.130451 0.0869276 -0.0721684 0.256799 0.388687
internal_weight=10800 4520 3095 1280 1425 280 1815 1727 1668 1570 1169 371 401 236
internal_count=10800 4520 3095 1280 1425 280 1815 1727 1668 1570 1169 371 401 236
is_linear=0
shrinkage=0.05


Tree=84
num_leaves=15
num_cat=0
split_feature=52 49 24 47 24 36 51 29 22 47 36 41 46 51
split_gain=18040.4 5267.22 8708.09 6950.63 6690.47 5608.5 3987.92 5116.7 4868.52 6543.68 4862.25 4111.49 3938.34 7889.48
threshold=0.29012925520284133 3.5000000000000004 274.65417650000006 69.101562500000014 273.12119300000006 24.217317708333336 2.5000000000000004 19.762500000000003 143.83039347916667 65.518229166666671 22.907812500000002 79.125000000000014 82.848958333333357 1.5000000000000002
decision_type=2 2 2 2 2 2 2 2 2 2 2 2 2 2
left_child=-1 6 4 5 -3 -4 7 -2 9 -9 -8 -10 13 -11
right_child=1 2 3 -5 -6 -7 10 8 11 12 -12 -13 -14 -15
leaf_value=-0.053343027824101046 -0.26261569760094411 -0.031646793969170403 0.81382756501436226 0.051089308201280326 -0.50710328176051755 0.23507492845755121 0.1266025361243055 0.70295779338249798 -0.19244194992873223 0.0017947102795005778 0.33993194988844661 0.20598761588335038 -0.020069224567810351 0.46120084367000341
leaf_weight=6393 113 1170 59 422 78 143 1045 51 218 191 359 91 285 182
leaf_count=6393 113 1170 59 422 78 143 1045 51 218 191 359 91 285 182
internal_value=0.00030778 0.0781306 0.014507 0.166866 -0.061745 0.407293 0.12509 0.0551468 0.0906422 0.162758 0.181354 -0.0748191 0.119885 0.226589
internal_weight=10800 4407 1872 624 1248 202 2535 1131 1018 709 1404 309 658 373
internal_count=10800 4407 1872 624 1248 202 2535 1131 1018 709 1404 309 658 373
is_linear=0
shrinkage=0.05


Tree=85
num_leaves=15
num_cat=0
split_feature=65 36 8 57 24 51 47 24 47 36 36 61 36 51
split_gain=16666.1 5781.19 5079.29 5033.83 13085.7 6881.11 6721.87 6988.76 6340.96 6053.82 5489.6 6345.99 5061.77 4911.23
threshold=87.445244000000017 18.666666666666668 285.25181400000002 3.5000000000000004 278.91518350000007 2.5000000000000004 69.101562500000014 307.27302800000007 77.319010416666671 22.79322916666667 24.289322916666674 -0.68322629814330815 21.497656250000002 3.5000000000000004
decision_type=2 2 2 2 2 2 2 2 2 2 2 2 2 2
left_child=-1 -2 3 5 10 -3 7 -6 -7 12 11 -5 13 -10
right_child=1 2 -4 4 6 8 -8 -9 9 -11 -12 -13 -14 -15
leaf_value=-0.057686762400055408 -0.19597723690134972 0.039207070526412584 -0.46340500241102173 0.029652850485735516 0.61517472818959507 0.27356609155931383 0.058528489592712965 -0.085419908612966541 0.3543165300184718 0.68272724282450792 -0.59571830648642321 -0.30270545104645707 -0.067638905127093057 0.033677005835524791
leaf_weight=5770 200 1643 42 339 127 913 465 49 207 40 64 248 412 281
leaf_count=5770 200 1643 42 339 127 913 465 49 207 40 64 248 412 281
internal_value=0.000301051 0.0668181 0.0777382 0.0825809 -0.00175385 0.11374 0.158482 0.420742 0.179769 0.0884715 -0.15953 -0.11104 0.0613317 0.170132
internal_weight=10800 5030 4830 4788 1292 3496 641 176 1853 940 651 587 900 488
internal_count=10800 5030 4830 4788 1292 3496 641 176 1853 940 651 587 900 488
is_linear=0
shrinkage=0.05


Tree=86
num_leaves=15
num_cat=0
split_feature=52 24 49 24 24 64 8 30 47 42 38 13 8 24
split_gain=15249.9 4780.51 7268.31 6092.58 5062.41 4163.66 3409.45 3434.18 2848.26 2831.25 3068.27 3823.66 2776.23 2731.05
threshold=0.25881904510252091 274.65417650000006 3.5000000000000004 273.12119300000006 300.20324800000009 226.75070750000003 257.45480050000009 16.025000000000002 85.403645833333357 90.125000000000014 78.375000000000014 1.8252001749425923 196.35041150000004 291.91166700000002
decision_type=2 2 2 2 2 2 2 2 2 2 2 2 2 2
left_child=-1 2 6 -4 13 -6 7 -2 9 10 11 -9 -12 -3
right_child=1 4 3 -5 5 -7 -8 8 -10 -11 12 -13 -14 -15
leaf_value=-0.050115336972491036 -0.25678527854382993 0.16075290005026735 -0.027462893507488345 -0.47553183528376214 -0.49110288893465293 0.038387560137198309 -0.20230270299558228 0.11592432598690061 0.38886844769044959 -0.29843917434535377 0.10435583552733221 0.47762989598810679 -0.25022281335088714 0.38119494834011708
leaf_weight=6280 59 981 1200 80 43 237 88 178 98 40 1171 124 57 164
leaf_count=6280 59 981 1200 80 43 237 88 178 98 40 1171 124 57 164
internal_value=0.000287474 0.0703118 0.035399 -0.0558166 0.146062 -0.0443854 0.0997226 0.115221 0.128525 0.112037 0.122956 0.265525 0.0877072 0.192632
internal_weight=10800 4520 3095 1280 1425 280 1815 1727 1668 1570 1530 302 1228 1145
internal_count=10800 4520 3095 1280 1425 280 1815 1727 1668 1570 1530 302 1228 1145
is_linear=0
shrinkage=0.05


Tree=87
num_leaves=15
num_cat=0
split_feature=65 36 37 9 37 57 24 47 24 22 36 61 64 65
split_gain=13864.3 5100 4849.35 4514.99 4343.74 4181.69 9841.03 6079.4 6281.47 5223.83 5132.35 4558.11 4505.5 4373.21
threshold=87.445244000000017 18.395963541666671 91.625000000000014 268.69404500000007 54.375000000000007 3.5000000000000004 278.91518350000007 69.101562500000014 307.27302800000007 148.27345940104172 24.289322916666674 -0.68322629814330815 272.19199400000008 113.90374100000001
decision_type=2 2 2 2 2 2 2 2 2 2 2 2 2 2
left_child=-1 2 -2 5 -5 9 10 8 -8 12 11 13 -3 -7
right_child=1 3 -4 4 -6 6 7 -9 -10 -11 -12 -13 -14 -15
leaf_value=-0.052618168904203191 -0.33963062684351047 0.11408428210252196 0.27968138732561248 0.2385898444515008 -0.17984541260919193 0.41748305849730971 0.5862186269134283 0.04992228169634344 -0.080200835309922697 -0.1349510796409488 -0.55450689657376362 -0.26252301614561446 0.35275190692622338 -0.05277540933745134
leaf_weight=5770 139 2819 40 77 303 59 124 450 49 196 64 218 212 280
leaf_count=5770 139 2819 40 77 303 59 124 450 49 196 64 218 212 280
internal_value=0.000271318 0.0609402 -0.200452 0.0706248 -0.0946535 0.0846901 0.00679987 0.147087 0.398088 0.114705 -0.133949 -0.0847194 0.130888 0.0300562
internal_weight=10800 5030 179 4851 380 4471 1244 623 173 3227 621 557 3031 339
internal_count=10800 5030 179 4851 380 4471 1244 623 173 3227 621 557 3031 339
is_linear=0
shrinkage=0.05


Tree=88
num_leaves=15
num_cat=0
split_feature=52 65 0 9 64 47 42 24 17 49 28 46 47 21
split_gain=12747.7 4026.96 4673.27 4003.55 3844.38 3056.01 4437.6 3028.53 3436.53 3120.06 2966.2 5847.86 3676.54 2601.65
threshold=0.25881904510252091 261.5324245000001 262.99180150000007 249.54321200000001 265.84829400000007 81.811197916666671 82.625000000000014 300.20324800000009 61.075702236085867 2.5000000000000004 18.962500000000002 83.531250000000014 80.576822916666671 1.205119597395808e-05
decision_type=2 2 2 2 2 2 2 2 2 2 2 2 2 2
left_child=-1 2 4 -4 5 6 7 8 10 -10 11 -2 -12 -6
right_child=1 -3 3 -5 13 -7 -8 -9 9 -11 12 -13 -14 -15
leaf_value=-0.045822987506041406 -0.71485547433698149 0.14016012953059612 0.71012409144923805 0.1513365845215906 -0.0032920552767570729 0.10447623271170553 -0.1623492911658814 -0.28996623879764227 0.53294970168442024 0.028791450074733427 0.047390273692185847 -0.019191352929919959 -0.37070525448430669 0.24349494670285707
leaf_weight=6280 40 1260 41 139 168 527 486 79 60 62 1197 115 54 292
leaf_count=6280 40 1260 41 139 168 527 486 79 60 62 1197 115 54 292
internal_value=0.000259519 0.0642816 0.0349204 0.281836 0.0204034 -0.00302353 -0.030128 0.00993531 0.0256202 0.279055 0.00344669 -0.202149 0.0290613 0.153552
internal_weight=10800 4520 3260 180 3080 2620 2093 1607 1528 122 1406 155 1251 460
internal_count=10800 4520 3260 180 3080 2620 2093 1607 1528 122 1406 155 1251 460
is_linear=0
shrinkage=0.05


Tree=89
num_leaves=15
num_cat=0
split_feature=65 36 8 37 57 24 51 47 47 25 36 36 39 8
split_gain=11685 4471.19 4226.86 3891.6 3848.7 9899.11 6200.86 5551.65 5449.16 5601.94 5438.93 4994.01 7515.58 6036.01
threshold=87.445244000000017 18.666666666666668 285.25181400000002 91.625000000000014 3.5000000000000004 278.91518350000007 2.5000000000000004 77.319010416666671 69.101562500000014 108.54196097931106 22.79322916666667 26.488281250000004 51.875000000000007 198.75511050000003
decision_type=2 2 2 2 2 2 2 2 2 2 2 2 2 2
left_child=-1 3 4 -2 6 -6 11 -8 9 -7 -9 12 -3 -14
right_child=1 2 -4 -5 5 8 7 10 -10 -11 -12 -13 13 -15
leaf_value=-0.048306903170411718 -0.28521681695775947 0.63115004242028838 -0.42808341626511065 0.26127688755712858 -0.14099829141850487 0.68517153779917128 0.24765310786431149 0.048765166835046968 0.045618851408722128 0.1178384516548102 0.63772591083514985 -0.36403909474611285 0.080943615486694043 -0.15374380492392545
leaf_weight=5770 160 52 42 40 651 78 913 900 465 98 40 77 1156 358
leaf_count=5770 160 52 42 40 651 78 913 900 465 98 40 77 1156 358
internal_value=0.000248175 0.0559451 0.065549 -0.175162 0.0699676 -0.00377258 0.0972127 0.159892 0.135596 0.371721 0.0744784 0.0264682 0.0458894 0.0253846
internal_weight=10800 5030 4830 200 4788 1292 3496 1853 641 176 940 1643 1566 1514
internal_count=10800 5030 4830 200 4788 1292 3496 1853 641 176 940 1643 1566 1514
is_linear=0
shrinkage=0.05


Tree=90
num_leaves=15
num_cat=0
split_feature=52 24 49 24 24 64 25 22 35 36 51 36 47 22
split_gain=10879.5 3609.94 4952.96 5195.11 4097.04 3431.34 3116.82 5408.93 6138.85 5421.62 5116.38 5000.97 4076.98 3168.06
threshold=0.25881904510252091 274.65417650000006 3.5000000000000004 273.12119300000006 300.20324800000009 226.75070750000003 99.107873749544453 128.03112266666668 21.203125000000004 21.282552083333339 2.5000000000000004 20.983854166666671 74.242187500000014 104.54825483333336
decision_type=2 2 2 2 2 2 2 2 2 2 2 2 2 2
left_child=-1 2 6 -4 -3 -6 7 8 9 11 12 13 -8 -2
right_child=1 4 3 -5 5 -7 10 -9 -10 -11 -12 -13 -14 -15
leaf_value=-0.042330225744343114 0.18453757456626815 0.16710900394981959 -0.020071330744262126 -0.43381668679232216 -0.45162424287674102 0.029065858698332638 0.11566761686813598 0.37865261965599217 0.33563272059343907 -0.18986324812339006 0.076052259332067482 0.41270641701577127 -0.42848304100032825 -0.066462403789017965
leaf_weight=6280 211 1145 1200 80 43 237 50 182 195 217 440 105 107 308
leaf_count=6280 211 1145 1200 80 43 237 50 182 195 217 440 105 107 308
internal_value=0.00024195 0.0593872 0.0290492 -0.0462489 0.125213 -0.0460989 0.0821482 0.12799 0.0836314 0.0248715 -0.0114349 0.0997311 -0.255551 0.0357405
internal_weight=10800 4520 3095 1280 1425 280 1815 1218 1036 841 597 624 157 519
internal_count=10800 4520 3095 1280 1425 280 1815 1218 1036 841 597 624 157 519
is_linear=0
shrinkage=0.05


Tree=91
num_leaves=15
num_cat=0
split_feature=52 65 20 64 47 42 32 47 24 21 49 31 51 36
split_gain=9823.04 3350.66 3509.7 2959.36 2563.25 4173.01 2657.17 3072.58 3125.4 2898.72 2725.98 5040.25 2535.47 3621.13
threshold=0.29012925520284133 262.22140250000007 262.36879000000005 265.84829400000007 81.811197916666671 82.625000000000014 17.525000000000002 80.341145833333357 300.20324800000009 20.179368117801754 2.5000000000000004 23.712500000000002 3.5000000000000004 23.976302083333341
decision_type=2 2 2 2 2 2 2 2 2 2 2 2 2 2
left_child=-1 2 3 4 5 6 -2 8 10 -9 11 -8 -5 -14
right_child=1 -3 -4 12 -6 -7 7 9 -10 -11 -12 -13 13 -15
leaf_value=-0.039358922900019688 -0.22944934236972281 0.12816806741926354 0.26044206660288044 0.079960152027981207 0.097284700070482455 -0.16286489401459528 0.36157499122244113 -0.56710637182724188 -0.2648803556519379 0.016860053771071967 0.014178409631042058 0.013659753355244964 0.056873220049364626 0.71891172924419733
leaf_weight=6393 107 1218 157 391 513 445 186 40 76 44 913 235 42 40
leaf_count=6393 107 1218 157 391 513 445 186 40 76 44 913 235 42 40
internal_value=0.000230163 0.0576558 0.0306928 0.0187142 -0.00254105 -0.027606 0.0100676 0.0273638 0.0449337 -0.26462 0.0627695 0.167863 0.133471 0.38459
internal_weight=10800 4407 3189 3032 2559 2046 1601 1494 1410 84 1334 421 473 82
internal_count=10800 4407 3189 3032 2559 2046 1601 1494 1410 84 1334 421 473 82
is_linear=0
shrinkage=0.05


Tree=92
num_leaves=15
num_cat=0
split_feature=65 36 37 8 42 25 47 46 47 22 47 31 24 32
split_gain=8996.02 4014.68 3739.88 3694.79 3376.07 3484.18 5350.66 9043.75 6243.95 7028.41 5882.43 4965.81 6834.5 5918.78
threshold=87.445244000000017 18.395963541666671 91.625000000000014 285.25181400000002 90.875000000000014 90.590574338866432 77.319010416666671 88.614583333333357 75.553385416666671 125.64656252604168 78.419270833333357 21.512500000000003 296.45735250000007 21.487500000000004
decision_type=2 2 2 2 2 2 2 2 2 2 2 2 2 2
left_child=-1 2 -2 4 5 -3 7 8 -7 -10 -8 -11 13 -13
right_child=1 3 -4 -5 -6 6 10 -9 9 11 -12 12 -14 -15
leaf_value=-0.042382571097202587 -0.3050228044244328 0.16431985944438596 0.23891961599995448 -0.40383265628371129 -0.20357473628420353 0.038828593881721947 -0.19644271295355073 0.69057950442957305 -0.2893733132698319 0.54191690111002389 0.032520432741062803 0.17730919772723489 0.62969137369655082 -0.48480813704257786
leaf_weight=5770 139 787 40 42 116 1916 377 61 54 150 1087 156 63 42
leaf_count=5770 139 787 40 42 116 1916 377 61 54 150 1087 156 63 42
internal_value=0.000220895 0.0490908 -0.182819 0.0576841 0.0617979 0.0683993 0.0490356 0.0943329 0.0787739 0.242929 -0.0265345 0.313399 0.1805 0.0351296
internal_weight=10800 5030 179 4851 4809 4693 3906 2442 2381 465 1464 411 261 198
internal_count=10800 5030 179 4851 4809 4693 3906 2442 2381 465 1464 411 261 198
is_linear=0
shrinkage=0.05


Tree=93
num_leaves=15
num_cat=0
split_feature=52 24 49 24 24 64 25 22 35 36 36 51 47 51
split_gain=8263.58 3085.4 3839.33 4797.6 3475.97 2935.33 2643.42 4849.36 5311.58 4935.27 4191.61 4175.91 3327.04 3104.53
threshold=0.25881904510252091 274.65417650000006 3.5000000000000004 273.12119300000006 300.20324800000009 226.75070750000003 98.910096954066233 128.03112266666668 21.203125000000004 21.282552083333339 20.983854166666671 2.5000000000000004 74.242187500000014 1.5000000000000002
decision_type=2 2 2 2 2 2 2 2 2 2 2 2 2 2
left_child=-1 2 6 -4 -3 -6 7 8 9 10 -2 12 -8 -10
right_child=1 4 3 -5 5 -7 11 -9 13 -11 -12 -13 -14 -15
leaf_value=-0.036890097849350975 0.029951040733498163 0.15120482417504122 -0.01742639406339935 -0.41502491290922522 -0.42024099205366588 0.024357983122478014 0.10637718153861808 0.3557536100947552 0.057965099329176623 -0.18776768800501345 0.37505893291167491 0.064675207935172743 -0.38169096363255078 0.46625973069649035
leaf_weight=6280 519 1145 1200 80 43 237 50 175 77 217 105 442 112 118
leaf_count=6280 519 1145 1200 80 43 237 50 175 77 217 105 442 112 118
internal_value=0.000212576 0.0517591 0.023713 -0.0425809 0.112614 -0.0451723 0.0704634 0.11305 0.0717489 0.0170991 0.0885293 -0.0149665 -0.231324 0.306154
internal_weight=10800 4520 3095 1280 1425 280 1815 1211 1036 841 624 604 162 195
internal_count=10800 4520 3095 1280 1425 280 1815 1211 1036 841 624 604 162 195
is_linear=0
shrinkage=0.05


Tree=94
num_leaves=15
num_cat=0
split_feature=65 30 42 24 24 44 65 51 22 47 25 34 64 36
split_gain=7492.15 3736.88 7864.06 5704.92 5224.46 5125.06 4334.29 4076.84 3576.99 9108.71 5856.4 7404.12 3104.97 3096.19
threshold=87.445244000000017 21.512500000000003 85.375000000000014 207.69808350000002 274.65417650000006 82.968750000000014 267.06350950000007 3.5000000000000004 143.83039347916667 64.861979166666671 106.51322533143657 22.417708333333337 236.58133150000003 18.395963541666671
decision_type=2 2 2 2 2 2 2 2 2 2 2 2 2 2
left_child=-1 6 3 5 -5 -3 13 8 9 -6 -10 12 -12 -2
right_child=1 2 -4 4 7 -7 -8 -9 10 -11 11 -13 -14 -15
leaf_value=-0.038676963163878024 -0.25157782087675262 0.65025024337543025 0.45397840950270779 -0.08051265069976217 0.79163795797913172 0.13383173213606434 0.14223896457387297 0.40564455922693016 -0.42942679459360289 0.098136796292927903 -0.52769906836304259 0.19249339772119348 -0.075308668416575533 -0.0066846295671651491
leaf_weight=5770 136 73 141 599 53 139 491 99 70 388 46 366 199 2230
leaf_count=5770 136 73 141 599 53 139 491 99 70 388 46 366 199 2230
internal_value=0.000202746 0.0448012 0.0942008 0.0690249 0.0403475 0.313873 0.00720854 0.0996565 0.0723204 0.183085 0.000428423 0.0502965 -0.162047 -0.0208617
internal_weight=10800 5030 2173 2032 1820 212 2857 1221 1122 441 681 611 245 2366
internal_count=10800 5030 2173 2032 1820 212 2857 1221 1122 441 681 611 245 2366
is_linear=0
shrinkage=0.05


Tree=95
num_leaves=15
num_cat=0
split_feature=52 65 20 32 64 24 25 32 9 32 24 37 65 30
split_gain=6958.83 2709.92 2778.65 2210.86 3361.5 2625.19 4554.84 3363.3 2192.82 2131.49 1970.87 1861.67 4675.85 3603.94
threshold=0.29012925520284133 267.06350950000007 262.36879000000005 19.862500000000004 245.21874450000004 277.75656700000008 106.2518192023753 21.012500000000003 250.10529400000004 25.187500000000004 268.00463550000006 54.625000000000007 95.367312500000011 21.487500000000004
decision_type=2 2 2 2 2 2 2 2 2 2 2 2 2 2
left_child=11 2 -2 4 -3 10 7 -7 -4 -10 -5 12 -1 -14
right_child=1 3 8 5 -6 6 -8 -9 9 -11 -12 -13 13 -15
leaf_value=-0.024754100262817713 0.018103087100677793 0.049934565118121464 0.53662723025610282 0.11367890689816129 0.40815854982055466 0.15973310777917504 0.042698234204065315 0.75035534541980897 0.27920312123299629 -0.15556549019283719 -0.10592885771639882 -0.043858713039451797 0.089934468275716162 0.55151181336659105
leaf_weight=692 3301 120 42 189 144 47 175 50 75 44 220 5519 116 66
leaf_count=692 3301 120 42 189 144 47 175 50 75 44 220 5519 116 66
internal_value=0.000199359 0.0485332 0.0280307 0.123535 0.246132 0.0757169 0.195788 0.468728 0.23021 0.118492 -0.00441777 -0.0331218 0.0346503 0.259419
internal_weight=10800 4407 3462 945 264 681 272 97 161 119 409 6393 874 182
internal_count=10800 4407 3462 945 264 681 272 97 161 119 409 6393 874 182
is_linear=0
shrinkage=0.05


Tree=96
num_leaves=15
num_cat=0
split_feature=52 57 22 24 37 51 36 8 47 34 22 47 31 30
split_gain=6392.9 3995.01 4641.87 5983.09 3780.82 3848.82 5036.73 4707.75 4596.09 3896.59 4647.15 3877.06 3635.83 4075.62
threshold=-0.25881904510252113 3.5000000000000004 147.55319502604172 307.27302800000007 54.375000000000007 2.5000000000000004 22.907812500000002 198.75511050000003 76.589843750000014 19.917708333333337 146.76454146875002 65.746093750000014 22.037500000000005 27.012500000000003
decision_type=2 2 2 2 2 2 2 2 2 2 2 2 2 2
left_child=-1 4 -3 -4 -2 7 -7 9 -9 -6 11 -11 -8 -14
right_child=1 2 3 -5 5 6 12 8 -10 10 -12 -13 13 -15
leaf_value=-0.045483124343924854 0.29992370483835779 -0.033361663946819227 0.42196538401412148 -0.10318683947045958 -0.22051323492232769 0.055299100916627479 0.65427711668113875 -0.021385299735352078 -0.41587623251768635 0.57991547821597622 -0.141403952741811 0.097752555514178649 0.13953386249810551 0.61129932770362272
leaf_weight=4480 165 2466 130 92 127 1474 47 185 122 43 206 818 394 51
leaf_count=4480 165 2466 130 92 127 1474 47 185 122 43 206 818 394 51
internal_value=0.00020175 0.032588 -0.0136192 0.204848 0.0667798 0.0556009 0.101614 -0.00469449 -0.178995 0.0402337 0.0714466 0.122478 0.239977 0.194851
internal_weight=10800 6320 2688 222 3632 3467 1966 1501 307 1194 1067 861 492 445
internal_count=10800 6320 2688 222 3632 3467 1966 1501 307 1194 1067 861 492 445
is_linear=0
shrinkage=0.05


Tree=97
num_leaves=15
num_cat=0
split_feature=65 64 21 47 42 46 51 51 6 16 24 22 57 36
split_gain=6062.44 3467.09 2309.94 2115.16 2632.93 2300.93 2187.73 2109.37 1824.6 4497.47 5448.31 2679.96 2573.17 5800.76
threshold=261.5324245000001 259.87224050000003 1.205119597395808e-05 85.757812500000014 87.875000000000014 89.760416666666671 3.5000000000000004 3.5000000000000004 24.000000000000004 267.06350950000007 300.54248650000005 138.52227504166669 2.5000000000000004 25.347395833333334
decision_type=2 2 2 2 2 2 2 2 2 2 2 2 2 2
left_child=1 8 -3 4 5 6 -2 -4 9 10 12 -11 13 -1
right_child=3 2 7 -5 -6 -7 -8 -9 -10 11 -12 -13 -14 -15
leaf_value=0.029450093737761075 0.12941937072539789 -0.03903079057852047 0.10914322649212216 0.4326017860481714 -0.14913755674691251 0.45561334630276296 -0.064118380119757998 0.38698793001034681 -0.038988227793957705 0.32698994971811773 -0.41194431155201905 0.053030901986594298 -0.041397601905053046 0.53382500105537478
leaf_weight=1146 890 208 356 46 104 46 174 84 5584 159 82 203 1659 59
leaf_count=1146 890 208 356 46 104 46 174 84 5584 159 82 203 1659 59
internal_value=0.00020036 -0.0134173 0.098152 0.103234 0.0904085 0.112966 0.0977389 0.162944 -0.021558 0.00786765 -0.01259 0.17393 -0.00101615 0.0545678
internal_weight=10800 9540 648 1260 1214 1110 1064 440 8892 3308 2946 362 2864 1205
internal_count=10800 9540 648 1260 1214 1110 1064 440 8892 3308 2946 362 2864 1205
is_linear=0
shrinkage=0.05


Tree=98
num_leaves=15
num_cat=0
split_feature=65 64 21 51 47 42 46 51 52 16 42 57 28 36
split_gain=5474.03 3166.49 2121.75 2659.95 1914.17 2378.02 2082.48 1974.97 1729 4431.32 3091.72 2827.17 6164.62 5575.82
threshold=261.5324245000001 265.84829400000007 1.205119597395808e-05 3.5000000000000004 85.757812500000014 87.875000000000014 89.760416666666671 3.5000000000000004 -0.25881904510252113 267.06350950000007 68.875000000000014 1.5000000000000002 22.612500000000004 25.347395833333334
decision_type=2 2 2 2 2 2 2 2 2 2 2 2 2 2
left_child=1 8 -3 -4 5 6 7 -2 -1 11 -11 12 -10 -14
right_child=4 2 3 -5 -6 -7 -8 -9 9 10 -12 -13 13 -15
leaf_value=-0.041353759874232884 0.1229556641739824 -0.027107497605566796 0.12063813511882304 0.49917562341895599 0.41143191374362786 -0.14175169555204256 0.43331737505628709 -0.060930780766265735 -0.004009969823501683 -0.25252755978485436 0.20615603374291772 -0.037519508323137128 0.167198844278445 0.80181661040283925
leaf_weight=4480 890 168 238 57 46 104 46 174 881 40 364 3088 182 42
leaf_count=4480 890 168 238 57 46 104 46 174 881 40 364 3088 182 42
internal_value=0.000198269 -0.0127417 0.114663 0.195219 0.0981046 0.0859034 0.107342 0.092855 -0.0192523 0.00229105 0.16023 -0.0129611 0.0556408 0.289224
internal_weight=10800 9540 463 295 1260 1214 1110 1064 9077 4597 404 4193 1105 224
internal_count=10800 9540 463 295 1260 1214 1110 1064 9077 4597 404 4193 1105 224
is_linear=0
shrinkage=0.05


Tree=99
num_leaves=15
num_cat=0
split_feature=52 65 0 64 47 48 46 35 7 8 25 31 47 47
split_gain=5090.69 1911.84 2137.41 1963.4 2325.16 2004.46 2200.97 2669.78 2342.91 2072.01 2022.57 4651.33 2393.8 4702.55
threshold=0.35206144883412582 267.06350950000007 261.89570950000001 24.000000000000004 77.040364583333357 4.1250000000000009 78.609375000000014 22.194270833333334 162.90215500000002 254.80594350000004 1.3929144002847926 22.987500000000004 77.319010416666671 78.173177083333357
decision_type=2 2 2 2 2 2 2 2 2 2 2 2 2 2
left_child=-1 2 3 4 -2 -5 -7 9 -9 10 11 -8 -12 -14
right_child=1 -3 -4 5 -6 6 7 8 -10 -11 12 -13 13 -15
leaf_value=-0.027083042260685659 -0.065752100804820662 0.10630185512789568 0.21703839887925189 0.066035050607612916 0.3782180014329079 0.078107703077301374 0.10344267151844891 -0.076413026704368281 -0.56657366443011492 -0.24220502839177951 0.07932650627465819 -0.6262258955410549 -0.33773446714691824 0.00069080752134323127
leaf_weight=6619 47 936 138 1003 77 438 45 54 44 107 553 41 124 574
leaf_count=6619 47 936 138 1003 77 438 45 54 44 107 553 41 124 574
internal_value=0.000198528 0.0433845 0.0252092 0.0166219 0.210759 0.0084839 -0.0206882 -0.0487832 -0.299985 -0.0315391 -0.0145111 -0.247622 0.00169911 -0.0598277
internal_weight=10800 4181 3245 3107 124 2983 1980 1542 98 1444 1337 86 1251 698
internal_count=10800 4181 3245 3107 124 2983 1980 1542 98 1444 1337 86 1251 698
is_linear=0
shrinkage=0.05


Tree=100
num_leaves=15
num_cat=0
split_feature=52 24 25 25 51 34 25 35 47 64 44 8 24 47
split_gain=4592.94 1908.68 3322.64 2718.08 5589.79 4714.27 3291.38 3567.1 5340.02 2963.96 2827.93 2512.36 2912.25 3080.93
threshold=0.29012925520284133 274.65417650000006 103.78186874622266 106.96458984243075 3.5000000000000004 22.451041666666672 103.46998804815223 23.016145833333336 69.101562500000014 236.58133150000003 77.656250000000014 257.88623600000005 271.57261000000011 81.811197916666671
decision_type=2 2 2 2 2 2 2 2 2 2 2 2 2 2
left_child=-1 2 11 6 5 9 -3 8 -8 -5 -7 12 13 -2
right_child=1 3 -4 4 -6 10 7 -9 -10 -11 -12 -13 -14 -15
leaf_value=-0.026886231861679391 0.0033405768947227851 -0.015911232679203715 -0.13159220025980634 -0.53955368554840488 0.40451535244908521 -0.014539000233635309 0.59244085644279509 0.020375510892921653 0.17997593834323225 -0.11007294904425918 0.33131606256133539 -0.26223591225950615 0.28949824119715589 0.13881473912216208
leaf_weight=6393 1974 211 333 47 78 159 110 163 273 252 93 68 114 532
leaf_count=6393 1974 211 333 47 78 159 110 163 273 252 93 68 114 532
internal_value=0.000184376 0.0394515 0.0171516 0.08801 0.0111542 -0.0451623 0.151771 0.216482 0.299673 -0.179157 0.113903 0.0356206 0.0434484 0.0321444
internal_weight=10800 4407 3021 1386 629 551 757 546 383 299 252 2688 2620 2506
internal_count=10800 4407 3021 1386 629 551 757 546 383 299 252 2688 2620 2506
is_linear=0
shrinkage=0.05


Tree=101
num_leaves=15
num_cat=0
split_feature=65 64 18 65 32 35 31 64 21 24 32 65 65 52
split_gain=4351.58 2505.06 1930.93 2202.21 1671.76 3334.92 3936.26 2603.48 1815.71 1758.74 1563 3005.91 2141.91 1837.89
threshold=261.5324245000001 265.84829400000007 43.759879333333338 243.04556800000003 19.962500000000002 20.315625000000004 22.237500000000004 245.21874450000004 1.3134761892532257e-05 263.86678650000005 17.525000000000002 103.789889 191.01635350000001 -0.25881904510252113
decision_type=2 2 2 2 2 2 2 2 2 2 2 2 2 2
left_child=1 10 -3 -4 7 -6 -7 -2 -8 -9 11 -1 -13 -12
right_child=4 2 3 -5 5 6 8 9 -10 -11 13 12 -14 -15
leaf_value=0.039450967048897466 0.042483929363511953 0.045641177989730317 0.55455590387185416 0.094706049072556198 -0.14133295835952855 0.44961816130412952 0.15960676758392556 0.50297063988012569 -0.010969567659576473 0.18447032899312352 -0.036217821501728344 -0.5840850331235764 -0.16478758576241406 0.0095015520559752539
leaf_weight=135 182 356 44 63 180 71 265 71 377 114 4403 42 109 4388
leaf_count=135 182 356 44 63 180 71 265 71 377 114 4403 42 109 4388
internal_value=0.000179136 -0.0113581 0.101961 0.287187 0.0874724 0.0504476 0.0989936 0.177181 0.0595784 0.308753 -0.0171489 -0.131975 -0.284489 -0.0133987
internal_weight=10800 9540 463 107 1260 893 713 367 642 185 9077 286 151 8791
internal_count=10800 9540 463 107 1260 893 713 367 642 185 9077 286 151 8791
is_linear=0
shrinkage=0.05


Tree=102
num_leaves=15
num_cat=0
split_feature=65 64 21 65 47 47 46 65 37 65 30 24 26 9
split_gain=3931.26 2277.56 1758.51 1660.58 1648.72 2170.46 1721.1 1616.29 1458.31 4245.54 2205.3 2203.01 2041.58 1683.72
threshold=261.5324245000001 259.87224050000003 1.205119597395808e-05 243.81078450000004 85.757812500000014 81.330729166666671 89.760416666666671 232.92508100000003 54.375000000000007 95.367312500000011 21.487500000000004 277.22543400000006 28.237500000000004 269.54124250000001
decision_type=2 2 2 2 2 2 2 2 2 2 2 2 2 2
left_child=1 8 7 -4 5 6 -2 -3 9 -1 11 -11 -12 -10
right_child=4 2 3 -5 -6 -7 -8 -9 13 10 12 -13 -14 -15
leaf_value=-0.015668153201576569 0.079263805358469483 -0.17727031174976871 0.22996324972298587 0.035605421232355536 0.37389507991202336 -0.1514918501377106 0.40217851112748298 0.10022498172922777 -0.01789783930199319 0.2840371783322363 0.17979012225256411 -0.16014002501615324 0.67034986055559587 -0.10870740914908616
leaf_weight=684 1073 105 227 213 46 99 42 103 7462 66 42 47 44 547
leaf_count=684 1073 105 227 213 46 99 42 103 7462 66 42 47 44 547
internal_value=0.000175482 -0.0107904 0.0796362 0.13617 0.0831458 0.0718303 0.0917769 -0.0400347 -0.0173884 0.0435609 0.246202 0.0995068 0.435594 -0.0241128
internal_weight=10800 9540 648 440 1260 1214 1115 208 8892 883 199 113 86 8009
internal_count=10800 9540 648 440 1260 1214 1115 208 8892 883 199 113 86 8009
is_linear=0
shrinkage=0.05


Tree=103
num_leaves=15
num_cat=0
split_feature=65 17 42 43 46 57 47 8 0 36 52 16 22 47
split_gain=3549.75 2186.05 3987.43 3536.34 1967.06 1810.72 2815.47 1513.85 1910.02 1456.8 1396.81 2889.21 2980.56 2969.56
threshold=261.5324245000001 55.894633472865308 82.125000000000014 84.125000000000014 68.630208333333357 2.5000000000000004 71.428385416666671 197.46853500000003 205.27766150000005 17.780729166666671 -0.25881904510252113 267.06350950000007 143.83039347916667 71.882812500000014
decision_type=2 2 2 2 2 2 2 2 2 2 2 2 2 2
left_child=1 9 4 -4 -3 -6 -7 -2 -9 -1 -11 -12 13 -13
right_child=7 2 3 -5 5 6 -8 8 -10 10 11 12 -14 -15
leaf_value=-0.13970701616465278 0.094502101471252542 -0.085378685870835955 -0.11753656370382684 0.31204864660562098 0.43459118791359752 0.33824484058438919 -0.165351584845533 -0.33991365546083196 0.10910879460473855 -0.032993643554754058 -0.0051495965061657215 0.43549070879817009 -0.11601309029495016 0.09451352317561533
leaf_weight=232 1167 42 254 58 106 72 44 46 47 4371 4005 102 84 170
leaf_count=232 1167 42 254 58 106 72 44 46 47 4371 4005 102 84 170
internal_value=0.00017469 -0.0102456 0.0840902 -0.036936 0.226721 0.285885 0.147445 0.0790164 -0.114242 -0.016316 -0.013022 0.00699839 0.143295 0.223507
internal_weight=10800 9540 576 312 264 222 116 1260 93 8964 8732 4361 356 272
internal_count=10800 9540 576 312 264 222 116 1260 93 8964 8732 4361 356 272
is_linear=0
shrinkage=0.05


Tree=104
num_leaves=15
num_cat=0
split_feature=52 0 9 41 65 64 47 48 46 51 34 24 46 54
split_gain=3225.52 1661.24 1866.41 1612.31 1582.91 1704.04 2001.14 1716.47 1844 2300.48 5265.08 3585.74 2612.41 2313.64
threshold=0.35206144883412582 261.89570950000001 249.54321200000001 82.875000000000014 267.06350950000007 24.000000000000004 77.040364583333357 4.1250000000000009 78.609375000000014 2.5000000000000004 19.356250000000006 290.03840000000008 82.848958333333357 1.0000000180025095e-35
decision_type=2 2 2 2 2 2 2 2 2 2 2 2 2 2
left_child=-1 4 -3 -4 5 6 -2 -7 -9 10 -10 12 -12 -14
right_child=1 2 3 -5 -6 7 -8 8 9 -11 11 -13 13 -15
leaf_value=-0.021546342543864783 -0.064222014090046284 0.48616996276669389 0.28897432965727954 -0.096400624565910878 0.085805232497634665 0.057060450589128286 0.34760201368958521 0.067243057060859465 -0.66259156694245902 -0.0037214704117325241 0.055244196423106108 -0.53404660103388313 -0.047659844668074089 -0.40069898745339172
leaf_weight=6619 47 40 51 56 927 1003 77 438 42 997 268 40 120 75
leaf_count=6619 47 40 51 56 927 1003 77 438 42 997 268 40 120 75
internal_value=0.000169735 0.0345457 0.199086 0.0882577 0.0285019 0.0113829 0.192242 0.00380286 -0.0231908 -0.0489052 -0.131404 -0.0858238 -0.0460329 -0.184796
internal_weight=10800 4181 147 107 4034 3107 124 2983 1980 1542 545 503 463 195
internal_count=10800 4181 147 107 4034 3107 124 2983 1980 1542 545 503 463 195
is_linear=0
shrinkage=0.05


Tree=105
num_leaves=15
num_cat=0
split_feature=64 57 47 35 52 42 31 33 25 30 25 65 47 46
split_gain=2989.49 2193.88 4681.92 3579.49 3265.28 2541.05 2990.1 5148.91 7697.85 3074.94 2584.55 2885.03 2069.48 3714.9
threshold=226.75070750000003 1.5000000000000002 65.518229166666671 16.967708333333338 -0.25881904510252113 88.125000000000014 22.612500000000004 21.003125000000004 17.528776015628761 21.412500000000005 1.3929144002791032 265.2444010000001 77.506510416666671 88.614583333333357
decision_type=2 2 2 2 2 2 2 2 2 2 2 2 2 2
left_child=1 2 -1 -4 -5 6 9 10 -9 -6 11 -8 13 -2
right_child=12 -3 3 4 5 -7 7 8 -10 -11 -12 -13 -14 -15
leaf_value=0.49872783995142173 0.070698538743650854 -0.030692176268781082 -0.271005314581451 -0.029852401143729463 0.14056975886389941 -0.1991497891240854 -0.47605183477030155 0.44571682542169899 -0.073956782437685956 0.49302743951409633 0.024925212549748801 -0.034684249202550303 -0.012181003358070333 0.50106487835829083
leaf_weight=50 1435 5845 104 1247 498 73 78 136 148 70 150 70 845 51
leaf_count=50 1435 5845 104 1247 498 73 78 136 148 70 150 70 845 51
internal_value=0.000159198 -0.0136427 0.0243324 0.0149272 0.0270712 0.0850889 0.103289 0.023562 0.175592 0.184797 -0.121428 -0.268931 0.0502887 0.0857959
internal_weight=10800 8469 2624 2574 2470 1223 1150 582 284 568 298 148 2331 1486
internal_count=10800 8469 2624 2574 2470 1223 1150 582 284 568 298 148 2331 1486
is_linear=0
shrinkage=0.05


Tree=106
num_leaves=15
num_cat=0
split_feature=52 48 48 49 13 65 37 51 41 51 47 22 41 17
split_gain=2728.75 3574.84 3045.64 2385.28 2336.07 1913.32 3545.79 1856.05 2500.23 4765.98 4633.64 3681.57 5977 2122.04
threshold=-0.065403129230142812 23.375000000000004 23.125000000000004 3.5000000000000004 2.0969495436930639 103.789889 53.375000000000007 1.5000000000000002 83.375000000000014 2.5000000000000004 75.628906250000014 143.91240567187504 73.875000000000014 36.519324205302937
decision_type=2 2 2 2 2 2 2 2 2 2 2 2 2 2
left_child=1 2 5 -3 -2 -1 -7 -6 10 -10 11 12 -9 -12
right_child=4 3 -4 -5 7 6 -8 8 9 -11 13 -13 -14 -15
leaf_value=-0.018621669605052887 0.0068141327776634099 -0.50171972366479733 0.2367486060456892 -0.036183149245928747 -0.036437117628361819 0.24182216265135345 -0.24924101726763756 0.63956553654397952 -0.44698115953284767 0.085209175252849642 0.20935383443794553 -0.15468052473751087 0.057655041569075687 0.60199096527450335
leaf_weight=4681 4376 64 112 48 256 44 203 58 45 492 62 102 176 81
leaf_count=4681 4376 64 112 48 256 44 203 58 45 492 62 102 176 81
internal_value=0.000156086 -0.026156 -0.0199161 -0.30429 0.0241579 -0.0257963 -0.161142 0.0837725 0.114068 0.0398643 0.197 0.0949769 0.203997 0.434393
internal_weight=10800 5152 5040 112 5648 4928 247 1272 1016 537 479 336 234 143
internal_count=10800 5152 5040 112 5648 4928 247 1272 1016 537 479 336 234 143
is_linear=0
shrinkage=0.05


Tree=107
num_leaves=15
num_cat=0
split_feature=64 57 47 35 52 42 31 31 28 30 47 46 31 46
split_gain=2542.93 1961.57 4244.33 3241.68 2847.68 2301.92 2653.7 4814.71 3257.75 2721.09 1878.97 3356.8 1953.66 4038.37
threshold=226.75070750000003 1.5000000000000002 65.518229166666671 16.967708333333338 -0.25881904510252113 88.125000000000014 22.612500000000004 26.262500000000003 22.662500000000005 21.412500000000005 77.506510416666671 88.614583333333357 22.987500000000004 77.442708333333357
decision_type=2 2 2 2 2 2 2 2 2 2 2 2 2 2
left_child=1 2 -1 -4 -5 6 9 -8 -9 -6 11 12 13 -2
right_child=10 -3 3 4 5 -7 7 8 -10 -11 -12 -13 -14 -15
leaf_value=0.47501242943838529 0.62423923470426446 -0.028699736556587304 -0.25773126742137331 -0.027227689142903102 0.13261596664040606 -0.19041764845307038 -0.10454674069471544 0.035811976374028935 0.39870949767884756 0.46417762097758308 -0.013137936889883087 0.47496140163678391 0.033664710720419593 0.10459578080109158
leaf_weight=50 42 5845 104 1247 498 73 327 151 104 70 845 51 1101 292
leaf_count=50 42 5845 104 1247 498 73 327 151 104 70 845 51 1101 292
internal_value=0.000151223 -0.0125782 0.02333 0.014375 0.0259318 0.0801125 0.0974358 0.0223269 0.184797 0.174221 0.0463854 0.0802188 0.0658686 0.171609
internal_weight=10800 8469 2624 2574 2470 1223 1150 582 255 568 2331 1486 1435 334
internal_count=10800 8469 2624 2574 2470 1223 1150 582 255 568 2331 1486 1435 334
is_linear=0
shrinkage=0.05


Tree=108
num_leaves=15
num_cat=0
split_feature=65 64 47 42 18 65 32 22 61 47 46 51 17 57
split_gain=2329.19 1691.49 1567.85 1868.13 1559.26 1841.7 1352.47 2910.89 1497.5 2133.25 1343.32 1606.1 1377.84 1281.06
threshold=261.5324245000001 265.84829400000007 85.757812500000014 87.875000000000014 43.759879333333338 243.04556800000003 17.525000000000002 123.479334484375 -0.77259657388510605 78.710937500000014 89.760416666666671 3.5000000000000004 2.2746480028614838e-05 2.5000000000000004
decision_type=2 2 2 2 2 2 2 2 2 2 2 2 2 2
left_child=1 6 3 10 -3 -6 7 8 9 -1 11 -2 -13 -8
right_child=2 4 -4 -5 5 -7 13 -9 -10 -11 -12 12 -14 -15
leaf_value=-0.11956285062161359 0.087551507189259456 0.034241554285569187 0.34747112773834393 -0.14869387933008729 0.49572384075986015 0.075455602956935763 0.013631615364636624 -0.44694127754731616 -0.13751298869216202 0.37934789555590775 0.33374903148159074 0.10521683893453045 -0.18491156518080185 -0.025264493962067383
leaf_weight=43 890 356 46 104 44 63 3550 54 148 41 46 64 110 5241
leaf_count=43 890 356 46 104 44 63 3550 54 148 41 46 64 110 5241
internal_value=0.000153485 -0.00828729 0.0640181 0.0530005 0.0848297 0.251266 -0.0130458 -0.119858 -0.0421356 0.125551 0.0720149 0.0603965 -0.0782062 -0.00955762
internal_weight=10800 9540 1260 1214 463 107 9077 286 232 84 1110 1064 174 8791
internal_count=10800 9540 1260 1214 463 107 9077 286 232 84 1110 1064 174 8791
is_linear=0
shrinkage=0.05


Tree=109
num_leaves=15
num_cat=0
split_feature=52 16 42 9 8 57 36 36 25 44 22 6 36 56
split_gain=2184.19 2612.58 2666.24 2295.59 2294.09 2060.24 2768.54 3957.79 5373.71 2896.09 2637.39 4550.08 2662.89 2596.2
threshold=-0.25881904510252113 267.06350950000007 68.625000000000014 267.44138750000008 273.13806300000005 3.5000000000000004 26.360937500000002 25.415885416666672 109.2624300420939 74.531250000000014 147.55319502604172 119.42158500000001 26.159505208333339 7.1250000000000009
decision_type=2 2 2 2 2 2 2 2 2 2 2 2 2 2
left_child=-1 3 -3 5 -4 6 7 13 9 -9 -7 12 -12 -2
right_child=1 2 4 -5 -6 10 -8 8 -10 -11 11 -13 -14 -15
leaf_value=-0.026553953489215826 0.36098370685552561 -0.24276091747167633 0.22652341159583941 -0.16473073587233192 -0.16688868279258412 -0.031374329223060431 -0.23630252677546598 0.62692150760974208 -0.08073156903703492 0.16149096742015462 -0.23190697719891595 0.44107344268136717 0.23902544423061262 0.028501065995398634
leaf_weight=4480 59 40 330 180 41 2402 85 83 76 57 72 82 50 2763
leaf_count=4480 59 40 330 180 41 2402 85 83 76 57 72 82 50 2763
internal_value=0.000149558 0.0190798 0.140817 0.01059 0.182715 0.0161262 0.0435101 0.0514141 0.257196 0.439914 -0.0166944 0.155464 -0.0385277 0.0355777
internal_weight=10800 6320 411 5909 371 5729 3123 3038 216 140 2606 204 122 2822
internal_count=10800 6320 411 5909 371 5729 3123 3038 216 140 2606 204 122 2822
is_linear=0
shrinkage=0.05


Tree=110
num_leaves=15
num_cat=0
split_feature=64 24 34 36 47 36 34 36 28 35 31 24 42 29
split_gain=2053.7 1614.18 4509.04 2489.3 2492.84 2518.58 3162.95 2167.52 3291.76 2611.31 2528.96 1963.67 2188.34 1982.77
threshold=226.75070750000003 274.65417650000006 17.627083333333335 24.250520833333336 77.506510416666671 20.71901041666667 20.077083333333338 21.282552083333339 21.612500000000004 19.621875000000003 22.562500000000004 281.72766850000005 58.625000000000007 21.712500000000002
decision_type=2 2 2 2 2 2 2 2 2 2 2 2 2 2
left_child=-1 2 -2 4 5 -4 -7 9 10 -6 -9 12 -3 -14
right_child=1 11 3 -5 7 6 -8 8 -10 -11 -12 -13 13 -15
leaf_value=-0.011293313894221569 0.50522896099922265 -0.01001940904381244 -0.18443274941657567 -0.26577467489279 -0.071173711133608861 0.26642888749483973 -0.0089883669452676222 -0.38358551391739715 0.16478426812243635 0.25694287739139288 -0.080021098951165312 0.050636444646565505 0.19061175554717355 0.56481565639928533
leaf_weight=8469 42 75 71 91 170 219 198 128 68 93 148 867 108 53
leaf_count=8469 42 75 71 91 170 219 198 128 68 93 148 867 108 53
internal_value=0.000146261 0.0416956 0.00225098 -0.0159717 0.00501175 0.0890522 0.135947 -0.0625882 -0.145031 0.0453861 -0.221681 0.0855686 0.213145 0.316523
internal_weight=10800 2331 1228 1186 1095 488 417 607 344 263 276 1103 236 161
internal_count=10800 2331 1228 1186 1095 488 417 607 344 263 276 1103 236 161
is_linear=0
shrinkage=0.05


Tree=111
num_leaves=15
num_cat=0
split_feature=65 47 47 17 42 51 43 24 55 32 26 36 7 36
split_gain=1964.51 1383.35 1577.84 1370.33 3530.8 2670.48 2395.96 1824.41 2997.73 1237.16 2783.93 2397.39 2104.32 2028.03
threshold=262.22140250000007 85.757812500000014 81.330729166666671 55.894633472865308 83.375000000000014 2.5000000000000004 84.125000000000014 278.56941200000006 -0.56174490092936669 19.512500000000003 20.337500000000002 18.666666666666668 91.930868000000018 23.486979166666668
decision_type=2 2 2 2 2 2 2 2 2 2 2 2 2 2
left_child=3 2 9 -1 5 7 -6 8 -5 11 -11 -2 13 -12
right_child=1 -3 -4 4 6 -7 -8 -9 -10 10 12 -13 -14 -15
leaf_value=-0.012259207793173556 -0.189237574905884 0.32899358809049972 -0.14392164204480876 -0.4070157214821804 -0.1426674728721099 0.37495747403507784 0.24543035869600671 0.20470572423575253 0.15651457279368686 -0.11703329324413281 0.53017982120315243 0.22872783364965238 0.044375662792527915 0.11302699668260363
leaf_weight=9003 40 45 96 41 211 111 48 115 53 216 47 215 483 76
leaf_count=9003 40 45 96 41 211 111 48 115 53 216 47 215 483 76
internal_value=0.000143504 0.0599287 0.0493351 -0.00746145 0.0670324 0.177876 -0.0700747 0.071919 -0.0909776 0.0666788 0.0367355 0.162682 0.0916467 0.275417
internal_weight=10800 1218 1173 9582 579 320 259 209 94 1077 822 255 606 123
internal_count=10800 1218 1173 9582 579 320 259 209 94 1077 822 255 606 123
is_linear=0
shrinkage=0.05


Tree=112
num_leaves=15
num_cat=0
split_feature=52 48 48 65 64 13 51 41 47 51 22 41 17 46
split_gain=1832.66 3323.4 2471.95 2239.35 1850.9 1845.36 1620.29 1980.24 4434.17 4305.16 3148.18 5156.34 2342.95 1705.38
threshold=-0.065403129230142812 23.375000000000004 23.125000000000004 79.608916500000007 126.18485350000002 2.0969495436930639 1.5000000000000002 83.625000000000014 75.686197916666671 2.5000000000000004 143.91240567187504 73.875000000000014 36.519324205302937 75.947916666666671
decision_type=2 2 2 2 2 2 2 2 2 2 2 2 2 2
left_child=1 2 4 -3 -1 -2 -7 8 10 -9 11 -8 -10 -12
right_child=5 3 -4 -5 -6 6 7 9 12 -11 13 -13 -14 -15
leaf_value=-0.017158055224351564 0.0043974059709213573 -0.11331898293025058 0.21582340279767143 -0.57391589244091235 -0.28575874720628447 -0.039503499045460723 0.57971677184104919 -0.45241342910698484 0.17250987913746102 0.075385082361151476 -0.37502862646554913 0.043326631093774229 0.57884958355003091 0.032282417427216263
leaf_weight=4864 4376 70 112 42 64 256 58 41 64 482 47 187 82 55
leaf_count=4864 4376 70 112 42 64 256 58 41 64 482 47 187 82 55
internal_value=0.000141952 -0.0214214 -0.0154057 -0.289593 -0.0207036 0.0198119 0.0727966 0.101104 0.1729 0.0332245 0.0751584 0.172149 0.403113 -0.157219
internal_weight=10800 5152 5040 112 4928 5648 1272 1016 493 523 347 245 146 102
internal_count=10800 5152 5040 112 4928 5648 1272 1016 493 523 347 245 146 102
is_linear=0
shrinkage=0.05


Tree=113
num_leaves=15
num_cat=0
split_feature=65 32 64 24 22 32 36 25 36 57 47 30 31 28
split_gain=1677.2 1376.1 2079.93 1891.81 3153.98 2401.48 1326.25 1591.37 1292.39 1451.91 3678.65 2025.11 1610.71 3811.27
threshold=267.06350950000007 19.862500000000004 244.17024200000003 277.75656700000008 143.83039347916667 21.012500000000003 25.055729166666669 110.83558801624868 18.091406250000002 1.5000000000000002 65.518229166666671 18.012500000000003 26.387500000000003 22.662500000000005
decision_type=2 2 2 2 2 2 2 2 2 2 2 2 2 2
left_child=8 2 -2 -3 5 -5 7 -6 -1 10 -10 -12 -13 -14
right_child=1 3 -4 4 6 -7 -8 -9 9 -11 11 12 13 -15
leaf_value=-0.10763323631232893 -0.0007994529995662364 -0.041878270518406306 0.2821220181438307 0.098040540888905528 0.065600673576560006 0.59834059238433834 0.16551111391043827 -0.32420706651561582 0.4378670821587245 -0.01450105618817818 0.20981101847962658 -0.0061358423205092553 -0.025554874311936534 0.33104881253694335
leaf_weight=302 114 409 150 47 57 49 72 47 53 7005 133 2050 189 123
leaf_count=302 114 409 150 47 57 49 72 47 53 7005 133 2050 189 123
internal_value=0.000134138 0.0637279 0.160409 0.0260676 0.128015 0.356938 0.00183735 -0.111972 -0.00596974 -0.00274491 0.0295683 0.020723 0.00999154 0.115638
internal_weight=10800 945 264 681 272 96 176 104 9855 9553 2548 2495 2362 312
internal_count=10800 945 264 681 272 96 176 104 9855 9553 2548 2495 2362 312
is_linear=0
shrinkage=0.05


Tree=114
num_leaves=15
num_cat=0
split_feature=52 16 24 9 24 32 64 26 56 56 49 65 34 43
split_gain=1592.72 2406.1 2532.92 1985.24 1764.05 2024.37 2043.37 1726.8 1705.13 3729.95 2086.42 1673.92 1592.67 1432.19
threshold=-0.25881904510252113 267.06350950000007 277.29195150000004 269.85915400000005 280.08090150000004 26.387500000000003 125.15096200000001 26.387500000000003 7.1250000000000009 7.3750000000000009 3.5000000000000004 101.54421600000002 21.927083333333336 70.875000000000014
decision_type=2 2 2 2 2 2 2 2 2 2 2 2 2 2
left_child=11 3 7 8 -4 -6 -7 -3 12 10 -10 -1 -2 -11
right_child=1 2 4 -5 5 6 -8 -9 9 13 -12 -13 -14 -15
leaf_value=-0.017529644688783277 0.045872278378080972 0.10272579913338026 -0.18580199955186497 -0.17654307539719094 0.31917983489792523 0.20473390672107539 -0.15140396265805456 0.50323459175916818 -0.4601684662470451 -0.037718403596972788 -0.024978424106933635 -0.20457812611286236 0.42751678759430317 0.026975187971165389
leaf_weight=4358 66 47 59 141 81 74 86 64 64 1056 48 122 46 4488
leaf_count=4358 66 47 59 141 81 74 86 64 64 1056 48 122 46 4488
internal_value=0.000135151 0.0163004 0.133128 0.0081533 0.0571679 0.117172 0.0135584 0.336081 0.0126981 0.00885423 -0.27553 -0.0226679 0.205015 0.014648
internal_weight=10800 6320 411 5909 300 241 160 111 5768 5656 112 4480 112 5544
internal_count=10800 6320 411 5909 300 241 160 111 5768 5656 112 4480 112 5544
is_linear=0
shrinkage=0.05


Tree=115
num_leaves=15
num_cat=0
split_feature=65 47 35 51 52 25 46 53 36 65 56 47 35 8
split_gain=1459.9 1279.27 1168.41 3410.61 3282.67 2769.6 1943.08 1885.43 1703.51 1695 3035.54 2669.75 3231.41 2300.93
threshold=267.06350950000007 83.402343750000014 19.577083333333338 2.5000000000000004 0.5277851165098012 98.293890486145685 87.307291666666671 0.956427977892087 18.666666666666668 84.261643500000005 7.1250000000000009 82.251302083333357 21.842708333333338 285.25181400000002
decision_type=2 2 2 2 2 2 2 2 2 2 2 2 2 2
left_child=2 -2 3 4 -1 7 -7 8 -5 -4 -11 13 -13 -12
right_child=1 -3 9 5 -6 6 -8 -9 -10 10 11 12 -14 -15
leaf_value=-0.050268666793902718 0.046872501930438022 0.32930643358933076 -0.016764617632878936 -0.076414616550043071 -0.58814814883199606 -0.06225510444037799 -0.4271416370103609 -0.17437764126107211 0.068274771825912392 0.3621169802190653 0.014883222704605088 0.05067207312061181 0.4427772801369429 -0.35346204756304278
leaf_weight=59 904 41 5113 286 54 81 66 132 698 66 3025 154 79 42
leaf_count=59 904 41 5113 286 54 81 66 132 698 66 3025 154 79 42
internal_value=0.000130113 0.0594614 -0.00556464 -0.0482838 -0.310213 -0.0246223 -0.227861 0.00232842 0.0261859 0.00137284 0.0289207 0.0221491 0.184942 0.00972548
internal_weight=10800 945 9855 1376 113 1263 147 1116 984 8479 3366 3300 233 3067
internal_count=10800 945 9855 1376 113 1263 147 1116 984 8479 3366 3300 233 3067
is_linear=0
shrinkage=0.05


Tree=116
num_leaves=15
num_cat=0
split_feature=30 65 34 24 22 25 22 34 32 32 47 34 44 64
split_gain=1401.61 1531.15 1815.93 1291.13 2738.4 2516 2813.94 3024 2171.13 1827.69 1819.25 1287.03 1708.68 1138.45
threshold=16.025000000000002 262.22140250000007 17.779166666666672 277.22543400000006 143.83039347916667 99.971251996581813 127.35229659895835 20.998958333333338 21.012500000000003 19.512500000000003 75.042968750000014 21.376041666666669 73.718750000000014 265.84829400000007
decision_type=2 2 2 2 2 2 2 2 2 2 2 2 2 2
left_child=-1 13 -3 5 8 6 7 -4 -5 -7 -9 -6 -13 -2
right_child=1 2 3 4 11 9 -8 10 -10 -11 -12 12 -14 -15
leaf_value=-0.19210875227730326 -0.0088499938613916095 0.29177556691299145 -0.081341237766711524 0.10862499211904825 -0.22611147084710548 0.210797356849625 0.37935264999156493 0.037436760129297482 0.4797226163851363 -0.14160192424311174 0.46477897223830222 -0.22337105359155229 0.14237198328920481 0.070406288671477121
leaf_weight=93 9041 75 214 92 48 41 67 50 69 301 49 40 144 476
leaf_count=93 9041 75 214 92 48 41 67 50 69 301 49 40 144 476
internal_value=0.000121599 0.00180908 0.0552556 0.039099 0.111901 -0.000628568 0.0878106 0.0243944 0.269646 -0.0988638 0.251482 0.00174362 0.062085 -0.00487895
internal_weight=10800 10707 1190 1115 393 722 380 313 161 342 99 232 184 9517
internal_count=10800 10707 1190 1115 393 722 380 313 161 342 99 232 184 9517
is_linear=0
shrinkage=0.05


Tree=117
num_leaves=15
num_cat=0
split_feature=52 48 65 48 65 37 44 46 22 49 13 41 47 51
split_gain=1302.37 2704.4 1976.8 1827.85 1679.32 3007.12 1558.02 1445.46 3061.75 1750.69 1723.21 1846.29 4226.73 3180.89
threshold=-0.065403129230142812 23.375000000000004 79.608916500000007 23.125000000000004 103.789889 53.375000000000007 53.343750000000007 68.401041666666671 144.14977325520837 3.5000000000000004 2.0969495436930639 82.875000000000014 78.014322916666671 2.5000000000000004
decision_type=2 2 2 2 2 2 2 2 2 2 2 2 2 2
left_child=1 3 -3 4 -1 -6 -2 8 9 -8 -9 12 -12 -13
right_child=6 2 -4 -5 5 -7 7 10 -10 -11 11 13 -14 -15
leaf_value=-0.010465809957693988 0.28399506558974585 -0.094559663557775425 -0.52703763911890433 0.18620487702103844 0.22706366275747616 -0.22512471023581779 0.19881262788549067 0.0037201382437697058 -0.43185986943010779 -0.15830484665930272 0.1045226137890628 -0.11066557284705754 0.64367656629623449 0.097072329891670972
leaf_weight=4681 53 70 42 112 44 203 63 4192 55 73 327 270 40 575
leaf_count=4681 53 70 42 112 44 203 63 4192 55 73 327 270 40 575
internal_value=0.000121592 -0.0180562 -0.259968 -0.0126299 -0.0171857 -0.143982 0.0167033 0.014121 -0.120702 0.00736824 0.0189077 0.0713911 0.164875 0.0306422
internal_weight=10800 5152 112 5040 4928 247 5648 5595 191 136 5404 1212 367 845
internal_count=10800 5152 112 5040 4928 247 5648 5595 191 136 5404 1212 367 845
is_linear=0
shrinkage=0.05


Tree=118
num_leaves=15
num_cat=0
split_feature=30 65 32 24 22 32 36 35 25 42 36 36 49 57
split_gain=1271.15 1352.07 1687.55 1569.54 2559.77 1981.4 1241.08 1391.9 1098.16 1246.59 1039.46 1628.66 1130.34 991.888
threshold=16.025000000000002 267.06350950000007 19.862500000000004 277.75656700000008 143.83039347916667 21.012500000000003 25.055729166666669 21.90260416666667 104.00661095731722 70.875000000000014 20.649218750000006 21.282552083333339 2.5000000000000004 1.0000000180025095e-35
decision_type=2 2 2 2 2 2 2 2 2 2 2 2 2 2
left_child=-1 13 10 8 5 -5 7 -6 -4 -10 12 -12 -3 -2
right_child=1 2 3 4 6 -7 -8 -9 9 -11 11 -13 -14 -15
leaf_value=-0.1829489307517701 0.03620823437581186 0.2336541402704862 0.010869614846011863 0.083598092389487053 -0.33882522786535874 0.53787845593690875 0.15708336801561593 0.033860645735493071 -0.020538852962929368 -0.34160639084875588 0.50833010194094286 0.13802302708764644 -0.091437867098345851 -0.010066141469740782
leaf_weight=93 1341 48 288 47 40 49 72 64 66 55 45 87 58 8447
leaf_count=93 1341 48 288 47 40 49 72 64 66 55 45 87 58 8447
internal_value=0.000116378 0.0017234 0.0596756 0.019528 0.112391 0.318625 -0.00126444 -0.111342 -0.042353 -0.168082 0.173989 0.267137 0.0565815 -0.00372329
internal_weight=10800 10707 919 681 272 96 176 104 409 121 238 132 106 9788
internal_count=10800 10707 919 681 272 96 176 104 409 121 238 132 106 9788
is_linear=0
shrinkage=0.05


Tree=119
num_leaves=15
num_cat=0
split_feature=64 25 34 51 24 6 24 41 22 18 6 16 37 5
split_gain=1173.77 2279.77 1465.79 1515.96 1148.67 2984.81 1384.11 3962.95 1812.37 1520.74 1391.31 3290.27 2337.62 1850.3
threshold=274.03199250000006 106.87927892455518 22.511458333333337 3.5000000000000004 302.68069650000001 119.42158500000001 296.45735250000007 83.125000000000014 145.83517119791671 76.025800729166676 119.42158500000001 272.70666550000004 63.125000000000007 95.543330000000012
decision_type=2 2 2 2 2 2 2 2 2 2 2 2 2 2
left_child=4 -2 3 -3 6 -6 10 9 -9 -8 11 -1 -13 -12
right_child=1 2 -4 -5 5 -7 7 8 -10 -11 13 12 -14 -15
leaf_value=0.0030546739599315894 0.27213015430198428 -0.097804741251959718 0.18721936616002696 0.2334414388348417 -0.28564380711177367 0.0051509571624429604 -0.28006811276787807 0.13809082074849696 0.55129262084310715 0.04157128732423393 -0.10779138815904121 0.2968318837010358 -0.031821277719220997 -0.012275724429515467
leaf_weight=5694 113 219 90 40 127 284 41 53 54 293 612 165 80 2935
leaf_count=5694 113 219 90 40 127 284 41 53 54 293 612 165 80 2935
internal_value=0.00011405 0.0779997 0.0145458 -0.0459459 -0.00337383 -0.0851805 2.13926e-05 0.0865093 0.349796 0.00137044 -0.00400809 0.0107901 0.189823 -0.0287817
internal_weight=10800 462 349 259 10338 411 9927 441 107 334 9486 5939 245 3547
internal_count=10800 462 349 259 10338 411 9927 441 107 334 9486 5939 245 3547
is_linear=0
shrinkage=0.05


Tree=120
num_leaves=15
num_cat=0
split_feature=30 52 16 24 8 36 42 47 51 47 47 35 57 22
split_gain=1150.09 1265.85 1894.89 2257.09 1674.19 2345.01 1636.57 2683.69 2455.06 2433.92 2679.77 1529.31 1475.06 1944.87
threshold=16.025000000000002 -0.25881904510252113 267.06350950000007 273.66791750000004 257.88623600000005 22.204427083333339 68.625000000000014 73.363281250000014 2.5000000000000004 75.419270833333357 78.173177083333357 26.509375000000006 3.5000000000000004 147.55319502604172
decision_type=2 2 2 2 2 2 2 2 2 2 2 2 2 2
left_child=-1 -2 4 -4 11 -6 -5 8 -8 -9 -11 12 -3 -14
right_child=1 2 3 6 5 -7 7 9 -10 10 -12 -13 13 -15
leaf_value=-0.17401728623724999 -0.018664210781785619 0.036971018571869262 0.39283442413434388 -0.22777673602104187 -0.34165395669142407 -0.031714147274015524 0.43434510996629455 -0.25967706011213137 -0.020129778543892113 0.31740150727007704 -0.17910154653920068 0.25358302859839665 -0.02861858874278296 0.14050780130681867
leaf_weight=93 4470 2942 63 40 74 329 86 65 45 68 44 66 2232 183
leaf_count=93 4470 2942 63 40 74 329 86 65 45 68 44 66 2232 183
internal_value=0.000112576 0.00164116 0.0161945 0.119823 0.00886463 -0.089331 0.0694145 0.108623 0.279258 -0.0185256 0.122488 0.016177 0.0132053 -0.0157499
internal_weight=10800 10707 6237 411 5826 403 348 308 131 177 112 5423 5357 2415
internal_count=10800 10707 6237 411 5826 403 348 308 131 177 112 5423 5357 2415
is_linear=0
shrinkage=0.05


Tree=121
num_leaves=15
num_cat=0
split_feature=64 7 47 46 25 35 36 24 35 45 22 31 46 49
split_gain=1065.21 1485.62 1282.43 2269.5 1736.9 2191 1717.48 2041.49 1634.51 1505.88 1499.3 2159.77 2487.2 3798.01
threshold=226.75070750000003 281.26576050000006 77.506510416666671 88.614583333333357 90.739545435087265 20.589583333333337 21.282552083333339 266.28453700000006 19.621875000000003 69.010416666666671 125.64656252604168 22.987500000000004 77.796875000000014 3.5000000000000004
decision_type=2 2 2 2 2 2 2 2 2 2 2 2 2 2
left_child=1 -1 3 9 -4 6 8 -8 -6 -2 -11 12 -12 -14
right_child=2 -3 4 -5 5 -7 7 -9 -10 10 11 -13 13 -15
leaf_value=-0.006110846516528665 -0.12909335435359878 -0.22533556061904303 0.29436584721718517 0.3825372986495495 -0.09526698852031168 0.059880753486194531 -0.46334218113715275 -0.11561254615888175 0.19292376513784643 -0.20222016558624231 0.54756469825903575 0.036173457458838876 0.28699514574182577 -0.10960386495478452
leaf_weight=8392 112 77 41 51 177 344 57 159 67 51 41 980 152 99
leaf_count=8392 112 77 41 51 177 344 57 159 67 51 41 980 152 99
internal_value=0.000108309 -0.0081304 0.0300319 0.0579843 -0.0191351 -0.035468 -0.106747 -0.209087 -0.0156682 0.0461913 0.0611165 0.0718254 0.190947 0.130753
internal_weight=10800 8469 2331 1486 845 804 460 216 244 1435 1323 1272 292 251
internal_count=10800 8469 2331 1486 845 804 460 216 244 1435 1323 1272 292 251
is_linear=0
shrinkage=0.05


end of trees

feature_importances:
consumo_alvo_semana_anterior=262
temperatura_externa_c_media_1440m=172
origem_hora_sin=87
consumo_max_1440m=86
temperatura_externa_c_lag_360m=71
umidade_relativa_pct_media_1440m=71
origem_hora=59
consumo_mean_1440m=58
consumo_alvo_dia_anterior=56
consumo_std_1440m=53
origem_mes=48
temperatura_externa_c_media_360m=44
consumo_std_360m=43
temperatura_externa_c_lag_1440m=38
umidade_relativa_pct_atual=33
umidade_relativa_pct_media_360m=31
origem_dia_semana=31
consumo_lag_1440m=29
consumo_std_180m=29
alvo_hora_cos=29
temperatura_externa_c_media_180m=27
temperatura_externa_c_atual=24
temperatura_externa_c_lag_720m=23
umidade_relativa_pct_lag_720m=23
consumo_lag_10080m=21
umidade_relativa_pct_lag_360m=21
consumo_lag_15m=20
alvo_hora=20
temperatura_externa_c_lag_180m=18
alvo_dia_semana=17
consumo_max_180m=15
consumo_lag_720m=14
umidade_relativa_pct_lag_1440m=14
consumo_atual_kw=11
temperatura_externa_c_lag_60m=11
temperatura_externa_c_media_60m=11
temperatura_externa_c_lag_15m=9
umidade_relativa_pct_media_60m=9
umidade_relativa_pct_media_180m=9
consumo_lag_180m=8
consumo_std_60m=7
consumo_mean_360m=6
alvo_hora_sin=6
consumo_lag_360m=5
consumo_min_180m=5
consumo_mean_180m=4
origem_hora_cos=4
consumo_max_360m=3
umidade_relativa_pct_lag_60m=3
umidade_relativa_pct_lag_180m=3
origem_semana_sin=3
consumo_min_360m=1
umidade_relativa_pct_lag_15m=1
origem_semana_cos=1
alvo_semana_cos=1

parameters:
[boosting: gbdt]
[objective: regression]
[metric: l1]
[tree_learner: serial]
[device_type: cpu]
[data_sample_strategy: bagging]
[data: ]
[valid: ]
[num_iterations: 400]
[learning_rate: 0.05]
[num_leaves: 15]
[num_threads: 2]
[seed: 20260905]
[deterministic: 1]
[force_col_wise: 1]
[force_row_wise: 0]
[histogram_pool_size: -1]
[max_depth: -1]
[min_data_in_leaf: 40]
[min_sum_hessian_in_leaf: 0.001]
[bagging_fraction: 1]
[pos_bagging_fraction: 1]
[neg_bagging_fraction: 1]
[bagging_freq: 0]
[bagging_seed: 23218]
[bagging_by_query: 0]
[feature_fraction: 1]
[feature_fraction_bynode: 1]
[feature_fraction_seed: 28090]
[extra_trees: 0]
[extra_seed: 14360]
[early_stopping_round: 0]
[early_stopping_min_delta: 0]
[first_metric_only: 0]
[max_delta_step: 0]
[lambda_l1: 0]
[lambda_l2: 1]
[linear_lambda: 0]
[min_gain_to_split: 0]
[drop_rate: 0.1]
[max_drop: 50]
[skip_drop: 0.5]
[xgboost_dart_mode: 0]
[uniform_drop: 0]
[drop_seed: 16970]
[top_rate: 0.2]
[other_rate: 0.1]
[min_data_per_group: 100]
[max_cat_threshold: 32]
[cat_l2: 10]
[cat_smooth: 10]
[max_cat_to_onehot: 4]
[top_k: 20]
[monotone_constraints: ]
[monotone_constraints_method: basic]
[monotone_penalty: 0]
[feature_contri: ]
[forcedsplits_filename: ]
[refit_decay_rate: 0.9]
[cegb_tradeoff: 1]
[cegb_penalty_split: 0]
[cegb_penalty_feature_lazy: ]
[cegb_penalty_feature_coupled: ]
[path_smooth: 0]
[interaction_constraints: ]
[verbosity: -1]
[saved_feature_importance_type: 0]
[use_quantized_grad: 0]
[num_grad_quant_bins: 4]
[quant_train_renew_leaf: 0]
[stochastic_rounding: 1]
[linear_tree: 0]
[max_bin: 255]
[max_bin_by_feature: ]
[min_data_in_bin: 3]
[bin_construct_sample_cnt: 200000]
[data_random_seed: 5037]
[is_enable_sparse: 1]
[enable_bundle: 1]
[use_missing: 1]
[zero_as_missing: 0]
[feature_pre_filter: 1]
[pre_partition: 0]
[two_round: 0]
[header: 0]
[label_column: ]
[weight_column: ]
[group_column: ]
[ignore_column: ]
[categorical_feature: ]
[forcedbins_filename: ]
[precise_float_parser: 0]
[parser_config_file: ]
[objective_seed: 15411]
[num_class: 1]
[is_unbalance: 0]
[scale_pos_weight: 1]
[sigmoid: 1]
[boost_from_average: 1]
[reg_sqrt: 0]
[alpha: 0.9]
[fair_c: 1]
[poisson_max_delta_step: 0.7]
[tweedie_variance_power: 1.5]
[lambdarank_truncation_level: 30]
[lambdarank_norm: 1]
[label_gain: ]
[lambdarank_position_bias_regularization: 0]
[eval_at: ]
[multi_error_top_k: 1]
[auc_mu_weights: ]
[num_machines: 1]
[local_listen_port: 12400]
[time_out: 120]
[machine_list_filename: ]
[machines: ]
[gpu_platform_id: -1]
[gpu_device_id: -1]
[gpu_device_id_list: ]
[gpu_use_dp: 0]
[num_gpu: 1]

end of parameters

pandas_categorical:[]
