tree
version=v4
num_class=1
num_tree_per_iteration=1
label_index=0
max_feature_idx=65
objective=regression
feature_names=consumo_atual_kw consumo_lag_15m consumo_lag_30m consumo_lag_60m consumo_lag_120m consumo_lag_180m consumo_lag_360m consumo_lag_720m consumo_lag_1440m consumo_lag_10080m consumo_mean_60m consumo_min_60m consumo_max_60m consumo_std_60m consumo_mean_180m consumo_min_180m consumo_max_180m consumo_std_180m consumo_mean_360m consumo_min_360m consumo_max_360m consumo_std_360m consumo_mean_1440m consumo_min_1440m consumo_max_1440m consumo_std_1440m temperatura_externa_c_atual temperatura_externa_c_lag_15m temperatura_externa_c_lag_60m temperatura_externa_c_lag_180m temperatura_externa_c_lag_360m temperatura_externa_c_lag_720m temperatura_externa_c_lag_1440m temperatura_externa_c_media_60m temperatura_externa_c_media_180m temperatura_externa_c_media_360m temperatura_externa_c_media_1440m umidade_relativa_pct_atual umidade_relativa_pct_lag_15m umidade_relativa_pct_lag_60m umidade_relativa_pct_lag_180m umidade_relativa_pct_lag_360m umidade_relativa_pct_lag_720m umidade_relativa_pct_lag_1440m umidade_relativa_pct_media_60m umidade_relativa_pct_media_180m umidade_relativa_pct_media_360m umidade_relativa_pct_media_1440m origem_hora origem_dia_semana origem_fim_de_semana origem_mes origem_hora_sin origem_hora_cos origem_semana_sin origem_semana_cos alvo_hora alvo_dia_semana alvo_fim_de_semana alvo_mes alvo_hora_sin alvo_hora_cos alvo_semana_sin alvo_semana_cos consumo_alvo_dia_anterior consumo_alvo_semana_anterior
feature_infos=[22.399999999999999:324.71375799999998] [22.399999999999999:324.71375799999998] [22.399999999999999:324.71375799999998] [22.399999999999999:324.71375799999998] [22.399999999999999:324.71375799999998] [22.399999999999999:324.71375799999998] [22.399999999999999:324.71375799999998] [22.399999999999999:324.71375799999998] [22.399999999999999:324.71375799999998] [22.399999999999999:324.71375799999998] [22.399999999999999:321.24876725000001] [22.399999999999999:318.278571] [22.399999999999999:324.71375799999998] [0:82.540869055199337] [22.399999999999999:313.28577408333337] [22.399999999999999:302.53573799999998] [22.399999999999999:324.71375799999998] [0:92.970139865692389] [22.399999999999999:295.13563500000004] [22.399999999999999:249.29458700000001] [22.399999999999999:324.71375799999998] [0:116.53386463160022] [23.200000000000003:159.49963871874999] none [25.600000000000001:324.71375799999998] [1.3929144002343703:128.71471884334804] [15:33.700000000000003] [15:33.700000000000003] [15:33.700000000000003] [15:33.700000000000003] [15:33.700000000000003] [15:33.700000000000003] [15:33.700000000000003] [15:33.4375] [15:32.71875] [15.333333333333334:31.620833333333334] [16.439843749999998:27.283072916666669] [31:98] [31:98] [31:98] [31:98] [31:98] [31:98] [31:98] [32.5:95.625] [33.666666666666664:95.083333333333329] [37.041666666666664:94] [59.309895833333336:91.638020833333329] [0:23.75] [0:6] [0:1] [1:4] [-1:1] [-1:1] [-0.97492791218182362:0.97492791218182362] [-0.90096886790241903:1] [0:23.75] [0:6] [0:1] [1:4] [-1:1] [-1:1] [-0.97492791218182362:0.97492791218182362] [-0.90096886790241903:1] [22.399999999999999:324.71375799999998] [22.399999999999999:324.71375799999998]
tree_sizes=1392 1411 1405 1400 1416 1408 1425 1416 1406 1423 1420 1417 1393 1403 1412 1418 1417 1415 1417 1398 1404 1413 1421 1410 1412 1413 1400 1408 1415 1411 1417 1422 1429 1415 1419 1426 1414 1425 1425 1422 1423 1422 1432 1429 1426 1422 1428 1419 1429 1417 1423 1430 1418 1437 1423 1435 1425 1425 1433 1426 1430 1433 1427 1432 1429 1415 1424 1428 1428 1429 1429 1426 1441 1427 1428 1427 1436 1430 1437 1432 1427 1432 1427 1438 1420 1429 1435 1422 1425 1428 1429 1420 1429 1433 1426 1433 1441 1438 1443 1414 1444 1436 1444 1417 1431 1433 1432 1432 1424 1428 1430 1426 1439 1422 1425 1415 1433 1413 1448 1425 1426 1447 1443 1443 1422 1433

Tree=0
num_leaves=15
num_cat=0
split_feature=65 65 65 48 53 36 48 35 11 36 18 52 36 28
split_gain=8.96104e+07 9.48488e+06 3.45179e+06 287338 285201 231162 222979 228032 148605 96132.1 53382.6 47946.6 44560.8 40289.2
threshold=151.88152850000003 42.523274000000008 229.01913550000003 12.875000000000002 -0.88144907265856332 22.610416666666669 10.875000000000002 19.361458333333335 256.40518900000006 20.649218750000006 27.949899145833339 0.68322629814330837 23.152734374999998 16.862500000000004
decision_type=2 2 2 2 2 2 2 2 2 2 2 2 2 2
left_child=1 -1 3 8 12 -6 7 13 9 -2 -7 -11 -3 -4
right_child=2 4 6 -5 5 10 -8 -9 -10 11 -12 -13 -14 -15
leaf_value=104.03139834402239 111.56772018180952 109.19553339746263 113.54075494306004 109.53071011368434 107.33553267952675 109.3076657217415 113.38469694201152 116.19085309645098 114.31005967282471 112.50871467941685 108.36252831651922 113.38519631139081 110.52778380865607 115.11889161992956
leaf_weight=5444 215 134 66 74 663 198 99 1777 142 569 600 267 121 431
leaf_count=5444 215 134 66 74 663 198 99 1777 142 569 600 267 121 431
internal_value=108.3 105.053 114.687 112.574 108.294 108.025 115.813 115.916 112.762 112.547 108.598 112.794 109.834 114.92
internal_weight=10800 7160 3640 1267 1716 1461 2373 2274 1193 1051 798 836 255 497
internal_count=10800 7160 3640 1267 1716 1461 2373 2274 1193 1051 798 836 255 497
is_linear=0
shrinkage=1


Tree=1
num_leaves=15
num_cat=0
split_feature=65 65 65 48 53 36 48 35 36 18 11 36 65 25
split_gain=8.08844e+07 8.56067e+06 3.11472e+06 259313 257576 211722 200848 205425 137529 60402.7 57089.7 51284 46496.3 45584.2
threshold=151.88152850000003 42.523274000000008 229.01913550000003 12.875000000000002 -0.88144907265856332 21.733854166666671 10.875000000000002 19.361458333333335 23.024739583333339 33.035421645833345 258.65802250000007 18.666666666666668 190.02310300000002 104.26753963852599
decision_type=2 2 2 2 2 2 2 2 2 2 2 2 2 2
left_child=1 -1 3 8 -3 -6 7 -4 11 -7 -10 -2 -13 -11
right_child=2 4 6 -5 5 9 -8 -9 10 13 -12 12 -14 -15
leaf_value=-4.0554319941132739 2.1278443006368781 1.4576235668035225 6.290240549753948 1.1697739028930665 -1.1801590628446779 0.77254732119201297 4.8327832717895518 7.496311110291626 4.5647168157442737 -0.54825992073331564 6.0081477880477907 3.1898922238349918 4.1886305950951641 0.23733166228403399
leaf_weight=5444 51 255 497 74 438 270 99 1777 466 321 95 199 382 432
leaf_count=5444 51 255 497 74 438 270 99 1777 466 321 95 199 382 432
internal_value=0.000202663 -3.08493 6.06794 4.06081 -0.00544727 -0.261631 7.13743 7.2356 4.23901 0.132407 4.8194 3.71702 3.85262 -0.0978449
internal_weight=10800 7160 3640 1267 1716 1461 2373 2274 1193 1023 561 632 581 753
internal_count=10800 7160 3640 1267 1716 1461 2373 2274 1193 1023 561 632 581 753
is_linear=0
shrinkage=0.05


Tree=2
num_leaves=15
num_cat=0
split_feature=65 65 65 48 53 36 30 4 0 30 36 26 3 36
split_gain=7.30077e+07 7.72624e+06 2.81017e+06 234037 232550 191128 183503 151479 125181 88441 57054.6 44513.2 40934.2 35058.8
threshold=151.88152850000003 42.523274000000008 229.01913550000003 12.875000000000002 -0.88144907265856332 21.733854166666671 19.812500000000004 244.88150150000004 256.03719150000006 20.987500000000004 23.976302083333341 21.162500000000005 195.85312000000002 18.395963541666671
decision_type=2 2 2 2 2 2 2 2 2 2 2 2 2 2
left_child=1 -1 3 8 12 -6 13 11 9 -2 -7 -8 -3 -4
right_child=2 4 6 -5 5 10 7 -9 -10 -11 -12 -13 -14 -15
leaf_value=-3.8526975243938857 3.293537636405544 0.238003236030946 4.8410482650579416 1.1120650296211243 -1.1212855071050025 -0.20434043638796912 6.7770726579531173 4.6759974582775223 5.3358144783251218 4.252647551701223 0.54738846089359794 7.3938173500423607 1.7349425425334855 6.1398141860961921
leaf_weight=5444 474 60 85 74 438 574 748 73 164 555 449 988 195 479
leaf_count=5444 474 60 85 74 438 574 748 73 164 555 449 988 195 479
internal_value=0.000361806 -2.93071 5.76509 3.85861 -0.00515338 -0.248574 6.78095 7.03566 4.0279 3.81447 0.12581 7.13213 1.38503 5.95299
internal_weight=10800 7160 3640 1267 1716 1461 2373 1809 1193 1029 1023 1736 255 564
internal_count=10800 7160 3640 1267 1716 1461 2373 1809 1193 1029 1023 1736 255 564
is_linear=0
shrinkage=0.05


Tree=3
num_leaves=15
num_cat=0
split_feature=65 65 65 36 48 48 34 36 53 53 0 36 18 65
split_gain=6.58994e+07 6.9732e+06 2.53632e+06 211358 211185 166875 171342 116288 113527 88194.6 48861.7 45173.8 43966.2 40572
threshold=151.88152850000003 42.523274000000008 229.01913550000003 22.638802083333342 12.875000000000002 10.875000000000002 19.038541666666671 23.024739583333339 -0.88144907265856332 -0.88144907265856332 264.13985200000008 18.666666666666668 25.206734500000007 189.0537065
decision_type=2 2 2 2 2 2 2 2 2 2 2 2 2 2
left_child=1 -1 4 9 7 6 -4 11 -5 -3 -9 -2 -10 -13
right_child=2 3 5 8 -6 -7 -8 10 12 -11 -12 13 -14 -15
leaf_value=-3.6600979387267567 1.8619880410341119 0.69256572573034614 5.5643333849699603 1.7812495875440231 1.0572031520207723 4.3437183856964117 6.7435899994683188 4.1458480478076583 0.95598125153043301 -0.83071855683894658 5.5651954371754719 2.834031753791006 0.06387039761851665 3.7753230922398071
leaf_weight=5444 51 110 413 145 74 99 1861 480 177 667 81 189 617 392
leaf_count=5444 51 110 413 145 74 99 1861 480 177 667 81 189 617 392
internal_value=0.000534351 -2.78419 5.47744 -0.00486092 3.66623 6.44253 6.53196 3.82704 0.49968 -0.614454 4.36032 3.34754 0.263694 3.47452
internal_weight=10800 7160 3640 1716 1267 2373 2274 1193 939 777 561 632 794 581
internal_count=10800 7160 3640 1716 1267 2373 2274 1193 939 777 561 632 794 581
is_linear=0
shrinkage=0.05


Tree=4
num_leaves=15
num_cat=0
split_feature=65 65 65 36 48 30 4 53 0 30 53 52 26 28
split_gain=5.94818e+07 6.29371e+06 2.28831e+06 191108 190601 153892 122448 113909 105508 73818.6 70468.7 42427.7 41304 31852.9
threshold=151.88152850000003 42.523274000000008 229.01913550000003 22.340885416666669 12.875000000000002 19.812500000000004 244.88150150000004 -0.88144907265856332 256.03719150000006 20.987500000000004 -0.88144907265856332 0.68322629814330837 21.412500000000005 16.512500000000003
decision_type=2 2 2 2 2 2 2 2 2 2 2 2 2 2
left_child=1 -1 4 10 8 13 12 -5 9 -2 -3 -9 -7 -4
right_child=2 3 5 7 -6 6 -8 11 -10 -11 -12 -13 -14 -15
leaf_value=-3.4771267383529905 2.9652053704512746 0.58428329385892308 4.1393841904860276 1.6605697314950483 1.0050478124618532 6.1243465113639832 4.2311061343631229 2.2228489350137703e-05 4.836278321237276 3.8407670727307845 -0.85954750636608379 0.80240903477120984 6.7032913988841374 5.5116725514272966
leaf_weight=5444 474 98 64 157 74 799 73 656 164 555 586 219 937 500
leaf_count=5444 474 98 64 157 74 799 73 656 164 555 586 219 937 500
internal_value=0.000669109 -2.64499 5.20406 -0.00454032 3.48368 6.12076 6.35374 0.424893 3.63645 3.44072 -0.652132 0.201535 6.44051 5.36355
internal_weight=10800 7160 3640 1716 1267 2373 1809 1032 1193 1029 684 875 1736 564
internal_count=10800 7160 3640 1716 1267 2373 1809 1032 1193 1029 684 875 1736 564
is_linear=0
shrinkage=0.05


Tree=5
num_leaves=15
num_cat=0
split_feature=65 65 65 36 48 30 4 36 53 53 36 0 36 65
split_gain=5.36902e+07 5.68041e+06 2.06531e+06 174607 171990 138988 110771 98363.1 85194.1 69952.9 50135.8 41968.3 39804.9 35452.4
threshold=151.88152850000003 42.523274000000008 229.01913550000003 23.123697916666668 12.875000000000002 19.912500000000005 244.88150150000004 23.024739583333339 -0.88144907265856332 -0.88144907265856332 21.733854166666671 267.1966680000001 18.666666666666668 190.02310300000002
decision_type=2 2 2 2 2 2 2 2 2 2 2 2 2 2
left_child=1 -1 4 9 7 -4 -7 12 -5 -3 -11 -9 -2 -14
right_child=2 3 5 8 -6 6 -8 11 -10 10 -12 -13 13 -15
leaf_value=-3.3033023387954472 1.6252698714916525 0.63186503496333846 5.1087710730180076 1.7582641459646682 0.95546543998519573 6.1241264259032491 4.022409866951608 3.7638934899537126 0.3306331703969817 -0.98102816520831593 -0.20951377024342213 5.1657353864397324 2.5595055350065232 3.4250513908445992
leaf_weight=5444 51 130 580 125 74 1720 73 492 617 438 406 69 199 382
leaf_count=5444 51 130 580 125 74 1720 73 492 617 438 406 69 199 382
internal_value=0.000811851 -2.51275 4.9444 -0.0042496 3.30999 5.81528 6.04085 3.45512 0.57318 -0.444276 -0.610584 3.9452 3.01455 3.1335
internal_weight=10800 7160 3640 1716 1267 2373 1793 1193 742 974 844 561 632 581
internal_count=10800 7160 3640 1716 1267 2373 1793 1193 742 974 844 561 632 581
is_linear=0
shrinkage=0.05


Tree=6
num_leaves=15
num_cat=0
split_feature=65 65 65 36 48 48 26 11 53 53 36 36 52 36
split_gain=4.84617e+07 5.12681e+06 1.86336e+06 157638 155227 128118 135909 89259.1 76963.8 63165.9 60753 45258.2 43824.4 39374.3
threshold=151.88152850000003 42.523274000000008 229.01913550000003 23.123697916666668 12.875000000000002 10.875000000000002 19.012500000000003 255.57108200000002 -0.88144907265856332 -0.88144907265856332 20.649218750000006 21.733854166666671 0.68322629814330837 22.950130208333338
decision_type=2 2 2 2 2 2 2 2 2 2 2 2 2 2
left_child=1 -1 4 9 7 6 -4 10 -5 -3 -2 -11 -12 -8
right_child=2 3 5 8 -6 -7 13 -9 -10 11 12 -13 -14 -15
leaf_value=-3.1381675339095412 2.3387732925238431 0.60051294157409485 4.7542006103913366 1.6710486942813512 0.90832916880647352 3.6893851318359374 5.4790928765410989 4.4436535121589307 0.31412825390039478 -0.93208844759809129 3.0426612636359458 -0.19906382270120726 3.8575556349398483 6.0188836164626149
leaf_weight=5444 215 130 421 125 74 99 785 150 617 438 561 406 267 1068
leaf_count=5444 215 130 421 125 74 99 785 150 617 438 561 406 267 1068
internal_value=0.000914662 -2.38712 4.69763 -0.00399255 3.14518 5.52484 5.60309 3.28305 0.544661 -0.422091 3.11205 -0.580125 3.30977 5.79329
internal_weight=10800 7160 3640 1716 1267 2373 2274 1193 742 974 1043 844 828 1853
internal_count=10800 7160 3640 1716 1267 2373 2274 1193 742 974 1043 844 828 1853
is_linear=0
shrinkage=0.05


Tree=7
num_leaves=15
num_cat=0
split_feature=65 65 65 53 36 36 48 4 36 26 64 14 44 64
split_gain=4.37446e+07 4.71579e+06 1.61305e+06 152465 121635 118119 114471 108917 81570.5 46063.3 45878.1 36778.2 36696.7 35664
threshold=157.21786850000004 42.523274000000008 229.01913550000003 -0.88144907265856332 21.733854166666671 20.572395833333335 12.875000000000002 238.59598200000002 23.024739583333339 21.162500000000005 201.68129500000001 248.21197412500007 47.843750000000007 190.46230900000003
decision_type=2 2 2 2 2 2 2 2 2 2 2 2 2 2
left_child=1 -1 6 11 -5 -4 8 9 13 -7 12 -3 -6 -2
right_child=2 3 5 4 10 7 -8 -9 -10 -11 -12 -13 -14 -15
leaf_value=-2.9812879341342673 2.4268067200582224 0.5804702640726016 4.3614598353024565 -0.88771536527709538 0.65322019098511408 5.179857574221236 0.85508558039863913 3.6189969157124615 3.5777555823540137 5.7297512010888303 0.63362476630706577 1.7550642666696501 -0.26998762833386264 3.238599208319858
leaf_weight=5444 400 155 350 439 130 883 59 90 556 1050 293 118 603 230
leaf_count=5444 400 155 350 439 130 883 59 90 556 1050 293 118 603 230
internal_value=0.00102102 -2.25749 4.48371 0.0101186 -0.19223 5.24902 3.02198 5.40034 3.12896 5.48137 0.105925 1.09272 -0.105587 2.72784
internal_weight=10800 7182 3618 1738 1465 2373 1245 2023 1186 1933 1026 273 733 630
internal_count=10800 7182 3618 1738 1465 2373 1245 2023 1186 1933 1026 273 733 630
is_linear=0
shrinkage=0.05


Tree=8
num_leaves=15
num_cat=0
split_feature=65 65 65 36 30 48 26 53 3 53 4 36 4 25
split_gain=3.94844e+07 4.25629e+06 1.45576e+06 141419 107518 103751 77685.9 72960 71724.8 53507.8 48674 42007.1 44612.1 36812.9
threshold=157.21786850000004 42.523274000000008 229.01913550000003 23.123697916666668 20.487500000000004 11.875000000000002 19.012500000000003 -0.88144907265856332 255.57108200000002 -0.88144907265856332 244.88150150000004 18.666666666666668 229.77440450000003 100.68220936795701
decision_type=2 2 2 2 2 2 2 2 2 2 2 2 2 2
left_child=1 -1 5 9 11 6 -2 -5 -7 -3 -6 -4 -13 -11
right_child=2 3 4 7 10 8 -8 -9 -10 13 -12 12 -14 -15
leaf_value=-2.8322510557288529 2.1526272043860035 0.51550907435971249 3.4412997174006636 1.5890991911404115 5.3245460639147346 1.2628121263451046 3.392232891685433 0.29753073012185915 2.7139002911679384 -0.78945156175093922 3.5116113256900867 4.7630759246403391 3.1252368783051114 -0.10834477489644832
leaf_weight=5444 162 141 92 132 1390 143 719 619 221 528 46 793 52 318
leaf_count=5444 162 141 92 132 1390 143 719 619 221 528 46 793 52 318
internal_value=0.0011017 -2.14461 4.25992 0.00968354 4.98696 2.87128 3.16699 0.526355 2.14885 -0.383583 5.26896 4.54964 4.6661 -0.533863
internal_weight=10800 7182 3618 1738 2373 1245 881 751 364 987 1436 937 845 846
internal_count=10800 7182 3618 1738 2373 1245 881 751 364 987 1436 937 845 846
is_linear=0
shrinkage=0.05


Tree=9
num_leaves=15
num_cat=0
split_feature=65 65 65 36 48 36 4 11 53 30 53 26 36 36
split_gain=3.56413e+07 3.76831e+06 1.36896e+06 119951 116222 99201.5 87870.3 76188.3 56435.5 50687.2 46177.2 41928.4 33442.3 27138.1
threshold=151.88152850000003 42.523274000000008 229.01913550000003 23.123697916666668 12.875000000000002 20.572395833333335 238.59598200000002 248.76927250000003 -0.88144907265856332 21.212500000000002 -0.88144907265856332 20.987500000000004 21.282552083333339 18.666666666666668
decision_type=2 2 2 2 2 2 2 2 2 2 2 2 2 2
left_child=1 -1 4 10 7 -4 11 9 -5 13 -3 -7 -12 -2
right_child=2 3 5 8 -6 6 -8 -9 -10 -11 12 -13 -14 -15
leaf_value=-2.6906644384350877 1.2082345304580837 0.50602452953751309 3.9257217488737193 1.4395242479585466 0.76325931807359071 4.6030690745734351 3.2757253604930838 3.8056516316584772 0.27754181396264377 3.0853453202733716 -0.87223538178741267 5.1412145386236006 -0.23450584386950549 2.4498317618029457
leaf_weight=5444 51 130 350 125 74 698 90 172 617 411 355 1235 489 559
leaf_count=5444 51 130 350 125 74 698 90 172 617 411 355 1235 489 559
internal_value=0.00117793 -2.04677 4.02901 -0.00363049 2.69836 4.73804 4.87657 2.81765 0.474968 2.64765 -0.368343 4.94937 -0.50346 2.34817
internal_weight=10800 7160 3640 1716 1267 2373 2023 1193 742 1021 974 1933 844 610
internal_count=10800 7160 3640 1716 1267 2373 2023 1193 742 1021 974 1933 844 610
is_linear=0
shrinkage=0.05


Tree=10
num_leaves=15
num_cat=0
split_feature=65 65 65 36 30 48 4 27 53 3 53 48 25 26
split_gain=3.21721e+07 3.53188e+06 1.13522e+06 121112 90095.8 78524.2 64848.3 62929.4 62326.8 54062.7 45133.4 35002.5 31571.4 31318.1
threshold=160.79779250000004 42.523274000000008 229.01913550000003 23.097656250000004 19.912500000000005 11.875000000000002 244.88150150000004 19.012500000000003 -0.88144907265856332 255.57108200000002 -0.88144907265856332 2.8750000000000004 100.68220936795701 23.487500000000004
decision_type=2 2 2 2 2 2 2 2 2 2 2 2 2 2
left_child=1 -1 5 10 -4 7 13 -2 -5 -7 -3 -9 -12 -6
right_child=2 3 4 8 6 9 -8 11 -10 -11 12 -13 -14 -15
leaf_value=-2.5561558361771568 1.9641680255258009 0.45698064646124847 3.934646357111184 1.4428364008030994 4.6264498745497837 1.1687253954597929 3.1357939836141226 2.5746168369293212 0.27831745402665792 2.4654029576866718 -0.72058308809560745 3.346965430628869 -0.089469779419870887 5.2433394160839404
leaf_weight=5444 162 149 580 140 1394 133 73 249 625 215 529 464 317 326
leaf_count=5444 162 149 580 140 1394 133 73 249 625 215 529 464 317 326
internal_value=0.00124261 -1.92678 3.86317 0.0203596 4.50149 2.62197 4.68256 2.87689 0.493037 1.9746 -0.343186 3.08122 -0.484487 4.74635
internal_weight=10800 7204 3596 1760 2373 1223 1793 875 765 348 995 713 846 1720
internal_count=10800 7204 3596 1760 2373 1223 1793 875 765 348 995 713 846 1720
is_linear=0
shrinkage=0.05


Tree=11
num_leaves=15
num_cat=0
split_feature=65 65 65 24 48 36 11 6 4 36 34 52 4 34
split_gain=2.90411e+07 3.06868e+06 1.1142e+06 100189 96263.8 84427.1 65299.6 50613.8 50136.7 40729.7 40503.6 33513.8 31605.8 30383.5
threshold=151.88152850000003 42.523274000000008 229.01913550000003 274.28284400000007 12.875000000000002 22.72096354166667 256.40518900000006 132.30922350000003 244.88150150000004 20.649218750000006 17.001041666666669 0.68322629814330837 218.75597800000003 20.967708333333338
decision_type=2 2 2 2 2 2 2 2 2 2 2 2 2 2
left_child=1 -1 4 13 6 10 9 -5 -7 -2 -4 -11 -12 -3
right_child=2 3 5 7 -6 8 -8 -9 -10 11 12 -13 -14 -15
leaf_value=-2.4283716914629698 1.772592312332105 -0.70334703100367379 2.8280676242917084 0.87401554696471639 0.67586705996592844 4.6424340961950499 3.565247550377479 0.070228064166424908 2.9128370172837204 2.3360207333481102 4.1031223147930485 3.0400418460591521 2.6886164684295655 -0.11742695882196792
leaf_weight=5444 215 381 85 332 74 1180 142 476 50 569 1009 267 49 527
leaf_count=5444 215 381 85 332 74 1180 142 476 50 569 1009 267 49 527
internal_value=0.00130664 -1.84731 3.63711 -0.00357253 2.43664 4.27678 2.5452 0.401169 4.57455 2.40413 3.95262 2.56423 4.04021 -0.363784
internal_weight=10800 7160 3640 1716 1267 2373 1193 808 1230 1051 1143 836 1058 908
internal_count=10800 7160 3640 1716 1267 2373 1193 808 1230 1051 1143 836 1058 908
is_linear=0
shrinkage=0.05


Tree=12
num_leaves=15
num_cat=0
split_feature=65 65 65 36 36 48 4 53 26 3 65 26 36 12
split_gain=2.6217e+07 2.8754e+06 923426 104854 77642 66004.7 64679.4 62107.4 53374.4 45696.3 38586.6 35138 30157.6 29479.1
threshold=160.79779250000004 42.523274000000008 229.01913550000003 23.839973958333342 20.572395833333335 11.875000000000002 238.59598200000002 -0.88144907265856332 19.012500000000003 255.57108200000002 117.7463455 21.487500000000004 21.246223958333335 274.07134600000006
decision_type=2 2 2 2 2 2 2 2 2 2 2 2 2 2
left_child=1 -1 5 7 -4 8 11 -3 -2 -7 -5 -6 -9 -10
right_child=2 3 4 10 6 9 -8 12 13 -11 -12 -13 -14 -15
leaf_value=-2.30697522838582 1.758823334839609 0.57138354528135593 3.3465035242912098 0.27669513181798039 4.0059434530717324 1.0346099331474572 2.8120969300741678 -0.78354607212776184 2.7010148444586055 2.2260045223765905 1.1426755983582033 4.4739360843935323 -0.20654235102910012 4.1364723114740283
leaf_weight=5444 161 192 350 377 942 133 90 348 673 215 195 991 648 41
leaf_count=5444 161 192 350 377 942 133 90 348 673 215 195 991 648 41
internal_value=0.00136296 -1.73909 3.48759 0.0177903 4.0633 2.36814 4.1856 -0.24998 2.60176 1.77494 0.573395 4.24806 -0.40873 2.78911
internal_weight=10800 7204 3596 1760 2373 1223 2023 1188 875 348 572 1933 996 714
internal_count=10800 7204 3596 1760 2373 1223 2023 1188 875 348 572 1933 996 714
is_linear=0
shrinkage=0.05


Tree=13
num_leaves=15
num_cat=0
split_feature=65 65 65 36 30 21 53 30 17 65 36 4 36 52
split_gain=2.36644e+07 2.59653e+06 833208 92847.3 71071.6 60579.1 54335 47032.5 41131.7 33752 32073.6 29973.7 28761.6 22191.7
threshold=160.79779250000004 63.145266500000005 229.01913550000003 23.839973958333342 20.637500000000003 95.718381665912645 -0.88144907265856332 21.812500000000004 29.871929158071495 117.7463455 18.666666666666668 229.77440450000003 21.583593750000002 0.72947329433276253
decision_type=2 2 2 2 2 2 2 2 2 2 2 2 2 2
left_child=1 -1 5 6 10 7 -3 -2 -6 -5 -4 -12 -8 -14
right_child=2 3 4 9 8 -7 12 -9 -10 -11 11 -13 13 -15
leaf_value=-2.1873260671354986 1.8792942207244536 0.54296240451422384 2.5632482733777775 0.27509119159621287 3.8261222596286331 3.2474722718163367 -0.69841215993084094 2.5879354630244205 4.4112356778979303 1.0858333126280686 3.6902738905708041 2.3839132759787822 -0.29634415031963168 0.49910661906555848
leaf_weight=5466 719 192 92 375 768 138 403 366 639 195 820 54 466 107
leaf_count=5466 719 192 92 375 768 138 403 366 639 195 820 54 466 107
internal_value=0.00141134 -1.65215 3.31358 0.0312833 3.86044 2.25021 -0.224 2.1205 4.0948 0.553866 3.51521 3.61238 -0.375279 -0.147194
internal_weight=10800 7204 3596 1738 2373 1223 1168 1085 1407 570 966 874 976 573
internal_count=10800 7204 3596 1738 2373 1223 1168 1085 1407 570 966 874 976 573
is_linear=0
shrinkage=0.05


Tree=14
num_leaves=15
num_cat=0
split_feature=65 65 65 53 36 36 64 4 64 34 31 44 3 4
split_gain=2.13628e+07 2.38718e+06 718601 92039.5 66718 65611 58519 39605.8 35461.4 32074.3 30818.1 30151.4 30108.7 23871.3
threshold=162.90215500000002 42.523274000000008 229.01913550000003 -0.88144907265856332 21.733854166666671 22.72096354166667 202.42022250000002 244.88150150000004 201.68129500000001 17.001041666666669 19.237500000000004 46.031250000000007 198.76829000000004 218.75597800000003
decision_type=2 2 2 2 2 2 2 2 2 2 2 2 2 2
left_child=1 -1 6 12 -5 9 10 -7 11 -4 -2 -6 -3 -11
right_child=2 3 5 4 8 7 -8 -9 -10 13 -12 -13 -14 -15
leaf_value=-2.0823014562517486 1.226720368195247 -0.027125497756060213 2.3870833286019262 -0.65197696736929478 0.66203792201132949 3.9899023756952632 2.6604866056820895 2.4598942186318191 0.53787607595768594 3.5149015237789345 2.0555034386367739 -0.2390094739374552 1.1052093256722417 2.2886275100708011
leaf_weight=5444 142 79 85 441 108 1180 402 50 301 1009 657 626 227 49
leaf_count=5444 142 79 85 441 108 1180 402 50 301 1009 657 626 227 49
internal_value=0.00145107 -1.56244 3.16291 0.0260155 -0.137733 3.66778 2.16316 3.92976 0.0817971 3.38267 1.90993 -0.10571 0.813738 3.46032
internal_weight=10800 7226 3574 1782 1476 2373 1201 1230 1035 1143 799 734 306 1058
internal_count=10800 7226 3574 1782 1476 2373 1201 1230 1035 1143 799 734 306 1058
is_linear=0
shrinkage=0.05


Tree=15
num_leaves=15
num_cat=0
split_feature=65 65 65 53 36 36 21 30 4 26 14 21 36 11
split_gain=1.92825e+07 2.15503e+06 648745 80526.4 60532.7 59612.3 59215.9 48336.2 47500.6 29788.2 28217.1 25294 24783.2 16860.2
threshold=162.90215500000002 63.145266500000005 230.94556050000003 -0.88144907265856332 23.976302083333341 20.572395833333335 90.1357875311936 21.812500000000004 238.59598200000002 23.962500000000002 248.21197412500007 1.4305838189958214e-05 21.246223958333335 211.10522700000004
decision_type=2 2 2 2 2 2 2 2 2 2 2 2 2 2
left_child=1 -1 6 10 12 -4 7 11 9 -7 -3 -2 -5 -13
right_child=2 3 5 4 -6 8 -8 -9 -10 -11 -12 13 -14 -15
leaf_value=-1.9742126741356096 2.0977249276581538 0.34054658348230937 2.8602362399142485 -0.67682613010528958 0.35809731059240013 3.564982122361732 2.8173038905562322 2.3785345799223312 2.3859521749407748 4.1929140424913935 1.3076440903174618 1.2355025607080603 -0.15365165759310037 1.968263707248443
leaf_weight=5466 210 170 346 347 457 1665 220 350 85 256 136 334 650 108
leaf_count=5466 210 170 346 347 457 1665 220 350 85 256 136 334 650 108
internal_value=0.00147049 -1.48432 3.00506 0.0373802 -0.117907 3.49109 2.06749 1.90022 3.59842 3.6508 0.773227 1.64021 -0.336235 1.41859
internal_weight=10800 7226 3574 1760 1454 2352 1222 1002 2006 1921 306 652 997 442
internal_count=10800 7226 3574 1760 1454 2352 1222 1002 2006 1921 306 652 997 442
is_linear=0
shrinkage=0.05


Tree=16
num_leaves=15
num_cat=0
split_feature=65 65 65 53 36 36 36 64 4 3 64 21 52 30
split_gain=1.74051e+07 1.94625e+06 585689 74915.3 56372.5 55213.3 51396 29403.9 28614.9 25751.8 24664.8 23555.3 21286.2 21964.8
threshold=162.90215500000002 42.523274000000008 229.01913550000003 -0.88144907265856332 22.936588541666669 23.854687500000008 23.024739583333339 239.99924150000004 244.88150150000004 198.76829000000004 190.46230900000003 95.718381665912645 0.97335555334614943 19.487500000000004
decision_type=2 2 2 2 2 2 2 2 2 2 2 2 2 2
left_child=1 -1 6 9 7 12 10 -4 -6 -3 -2 -8 13 -5
right_child=2 3 4 5 8 -7 11 -9 -10 -11 -12 -13 -14 -15
leaf_value=-1.8795131587369163 1.4118627380447608 -0.042600669672247023 2.7533859592758136 -0.81920159751170396 3.6238763212617267 0.31923671719682578 2.1546580007691705 3.2810852322119555 2.2703132387561102 1.0043953221748796 2.0700707585530509 3.0697228856708696 0.52767805092370335 -0.25661568372332039
leaf_weight=5444 422 79 508 230 1102 476 460 716 47 227 228 91 66 704
leaf_count=5444 422 79 508 230 1102 476 460 716 47 227 228 91 66 704
internal_value=0.00150207 -1.41011 2.85513 0.0241586 3.31092 -0.123574 1.95256 3.0645 3.57053 0.734834 1.64557 2.31107 -0.334461 -0.395882
internal_weight=10800 7226 3574 1782 2373 1476 1201 1224 1149 306 650 551 1000 934
internal_count=10800 7226 3574 1782 2373 1476 1201 1224 1149 306 650 551 1000 934
is_linear=0
shrinkage=0.05


Tree=17
num_leaves=15
num_cat=0
split_feature=65 65 65 24 26 48 64 6 21 31 52 36 26 18
split_gain=1.57104e+07 1.75656e+06 528624 68931.3 50977.5 55280.2 50109.3 39864.8 26168.6 29967 27071.6 25270.4 23604.6 22466.4
threshold=162.90215500000002 42.523274000000008 230.94556050000003 274.65417650000006 19.012500000000003 10.875000000000002 202.42022250000002 132.30922350000003 88.750014985884562 19.237500000000004 0.68322629814330837 25.347395833333334 24.962500000000002 24.169793645833341
decision_type=2 2 2 2 2 2 2 2 2 2 2 2 2 2
left_child=1 -1 6 12 -4 11 8 -5 9 -2 -11 -6 13 -3
right_child=2 3 4 7 5 -7 -8 -9 -10 10 -12 -13 -14 -15
leaf_value=-1.7855545900062861 0.78567058089024888 -0.0015170949772653874 2.6294166367259817 0.75188022843323465 3.2355066459759692 2.0330382975492074 2.3151832619494797 0.048518188500013777 2.4243762297379345 1.4916413321548814 2.3465908428854192 3.7904548444245991 0.14562405434043077 -0.60481002137018569
leaf_weight=5444 118 227 416 362 1559 93 417 453 94 473 120 284 259 481
leaf_count=5444 118 227 416 362 1559 93 417 453 94 473 120 284 259 481
internal_value=0.00151726 -1.33961 2.71266 0.0229712 3.1514 3.26215 1.86634 0.36147 1.63125 1.52313 1.66831 3.32303 -0.262399 -0.411656
internal_weight=10800 7226 3574 1782 2352 1936 1222 815 805 711 593 1843 967 708
internal_count=10800 7226 3574 1782 2352 1936 1222 815 805 711 593 1843 967 708
is_linear=0
shrinkage=0.05


Tree=18
num_leaves=15
num_cat=0
split_feature=65 65 65 48 36 36 11 31 53 4 52 21 13 37
split_gain=1.41837e+07 1.49778e+06 542278 61674.8 55162.2 47974.5 43963.4 39950.3 36517.2 36190.2 33309 32272 28738 23462.4
threshold=151.88152850000003 63.145266500000005 229.01913550000003 12.875000000000002 21.583593750000002 20.572395833333335 216.36840450000003 19.612500000000004 -0.88144907265856332 238.59598200000002 0.68322629814330837 14.145305169549109 0.78096523223748482 47.125000000000007
decision_type=2 2 2 2 2 2 2 2 2 2 2 2 2 2
left_child=1 -1 3 6 -3 -4 7 -2 -6 12 -9 -10 -7 -13
right_child=2 4 5 -5 8 9 -8 10 11 -11 -12 13 -14 -15
leaf_value=-1.692912587924132 0.70552484598865206 -0.45325985105736105 2.4280866993798149 0.2997578935523828 0.82199524347719388 2.9288148635023776 2.3362699015272987 1.4839960061466373 0.60719369031897152 2.0585398151324346 2.1633162873303333 0.55794096079564859 3.3397459700246337 -0.18846452786142867
leaf_weight=5466 108 467 350 74 189 989 287 501 218 90 297 123 944 697
leaf_count=5466 108 467 350 74 189 989 287 501 218 90 297 123 944 697
internal_value=0.00153212 -1.29039 2.54244 1.70494 0.00865212 2.9887 1.79178 1.61691 0.184683 3.08444 1.73922 0.0679614 3.13112 -0.0759605
internal_weight=10800 7160 3640 1267 1694 2373 1193 906 1227 2023 798 1038 1933 820
internal_count=10800 7160 3640 1267 1694 2373 1193 906 1227 2023 798 1038 1933 820
is_linear=0
shrinkage=0.05


Tree=19
num_leaves=15
num_cat=0
split_feature=65 65 65 53 36 30 36 17 21 34 14 4 5 18
split_gain=1.28031e+07 1.43103e+06 430075 59545.4 45431.5 44512 44289 31205.8 23944.8 23304 21421.1 19232 18942.5 17579.3
threshold=162.90215500000002 42.523274000000008 230.94556050000003 -0.88144907265856332 23.024739583333339 20.637500000000003 23.976302083333341 32.805425614792924 95.718381665912645 17.001041666666669 248.21197412500007 229.77440450000003 201.70390750000004 34.811382083333335
decision_type=2 2 2 2 2 2 2 2 2 2 2 2 2 2
left_child=1 -1 4 10 12 9 -5 -7 13 -4 -3 -11 -2 -6
right_child=2 3 5 6 8 7 -8 -9 -10 11 -12 -13 -14 -15
leaf_value=-1.6116632290254285 1.5711556689029045 0.27745664396394071 1.7396172268446102 -0.29492766098041556 2.2456059166180191 2.8151020985284561 0.29626175942365079 3.3205852946456598 2.7396398038864138 2.7110759457292875 1.1198815979797692 1.6589569069304557 0.96858684122367367 1.594397849062724
leaf_weight=5444 469 170 85 1017 185 812 459 587 99 816 136 52 190 279
leaf_count=5444 469 170 85 1017 185 812 459 587 99 816 136 52 190 279
internal_value=0.00153606 -1.20916 2.449 0.0207027 1.68563 2.84474 -0.111006 3.02942 2.01787 2.57073 0.654296 2.65003 1.39916 1.85831
internal_weight=10800 7226 3574 1782 1222 2352 1476 1399 563 953 306 868 659 464
internal_count=10800 7226 3574 1782 1222 2352 1476 1399 563 953 306 868 659 464
is_linear=0
shrinkage=0.05


Tree=20
num_leaves=15
num_cat=0
split_feature=65 65 65 48 24 48 26 36 6 28 37 36 65 0
split_gain=1.1558e+07 1.17348e+06 477762 65205.5 51059.8 45280.8 51949.8 42990.3 23514.6 22137.7 18253 17720.8 17224.7 16718.9
threshold=147.22057950000001 42.523274000000008 225.63727100000003 12.875000000000002 274.28284400000007 10.875000000000002 20.987500000000004 23.063020833333336 132.30922350000003 16.512500000000003 47.125000000000007 18.666666666666668 165.07754800000001 270.32723250000009
decision_type=2 2 2 2 2 2 2 2 2 2 2 2 2 2
left_child=1 -1 3 7 -3 6 9 11 -6 -4 -10 -2 -13 -9
right_child=2 4 5 -5 8 -7 -8 13 10 -11 -12 12 -14 -15
leaf_value=-1.5310949329414754 0.37142565720999732 -0.27929701029865517 1.5202515176626354 0.23155765198555189 0.60070026877063976 1.7098146423200768 2.9552129565608851 1.8203731421373679 0.59520291547250492 2.5246124711101321 -0.12912549876584475 0.36807034720734855 1.4541082754319543 2.8035375209955071
leaf_weight=5444 48 878 64 96 324 119 1274 492 114 958 356 40 542 51
leaf_count=5444 48 878 64 96 324 119 1274 492 114 958 356 40 542 51
internal_value=0.00155714 -1.17532 2.27451 1.48706 -0.0166909 2.6875 2.7374 1.58952 0.273683 2.46326 0.0474534 1.30408 1.38023 1.9177
internal_weight=10800 7116 3684 1269 1672 2415 2296 1173 794 1022 470 630 582 543
internal_count=10800 7116 3684 1269 1672 2415 2296 1173 794 1022 470 630 582 543
is_linear=0
shrinkage=0.05


Tree=21
num_leaves=15
num_cat=0
split_feature=65 65 65 48 33 48 26 36 6 37 0 34 26 52
split_gain=1.04325e+07 1.05972e+06 431106 58863.5 46104.5 40815.7 46867 39881.5 38586.5 27701.6 23525.1 20178.8 16859.2 15496.7
threshold=147.22057950000001 63.145266500000005 225.63727100000003 12.875000000000002 20.153125000000003 10.875000000000002 20.987500000000004 20.649218750000006 121.35219950000001 47.625000000000007 267.1966680000001 17.001041666666669 24.812500000000004 0.68322629814330837
decision_type=2 2 2 2 2 2 2 2 2 2 2 2 2 2
left_child=1 -1 3 7 -3 6 11 -2 -6 -10 13 -4 -8 -9
right_child=2 4 5 -5 8 -7 12 10 9 -11 -12 -13 -14 -15
leaf_value=-1.4517411529415485 0.86630546721246304 -0.53666628428575835 1.5662565076073935 0.22009912787638988 0.47652280704322747 1.625036329533905 2.7336477336572842 1.4226162471110375 0.54369119124053278 -0.21463489155555796 2.4603274984019148 2.4087717584407788 3.3519916882386078 1.8926752074320516
leaf_weight=5466 203 327 85 96 491 119 1127 622 145 687 83 937 147 265
leaf_count=5466 203 327 85 96 491 119 1127 622 145 687 83 937 147 265
internal_value=0.0015488 -1.11656 2.16099 1.41298 -0.00597651 2.5533 2.60069 1.51034 0.125498 -0.0819807 1.64409 2.3403 2.80757 1.56502
internal_weight=10800 7116 3684 1269 1650 2415 2296 1173 1323 832 970 1022 1274 887
internal_count=10800 7116 3684 1269 1650 2415 2296 1173 1323 832 970 1022 1274 887
is_linear=0
shrinkage=0.05


Tree=22
num_leaves=15
num_cat=0
split_feature=65 65 65 36 53 36 21 30 36 25 4 13 52 36
split_gain=9.42056e+06 1.0515e+06 315758 49756.3 39051.8 36574.7 36027.4 32095.3 25096.4 23657.2 23112.5 20276.6 19020.8 15975.5
threshold=162.90215500000002 63.145266500000005 230.94556050000003 21.214843750000004 -0.88144907265856332 25.347395833333334 90.1357875311936 21.812500000000004 19.691927083333336 104.57112527615017 233.19621600000002 0.93779211544966634 0.97335555334614943 24.711067708333339
decision_type=2 2 2 2 2 2 2 2 2 2 2 2 2 2
left_child=1 -1 6 -3 -5 8 7 -2 -4 -7 11 -10 13 -6
right_child=2 3 5 4 12 9 -8 -9 10 -11 -12 -13 -14 -15
leaf_value=-1.3791673218427682 1.1060728600571019 -0.46354304700381493 1.6942399588498203 0.73757379385417388 -0.12699718435311921 4.0173081528906733 2.0302447520230151 1.7052927784430676 2.2797641003107185 2.7478592454409991 1.5478850450457597 2.6314407239266493 0.76256466262480793 0.33223439002633093
leaf_weight=5466 652 400 142 247 780 50 220 350 965 243 81 871 84 249
leaf_count=5466 652 400 142 247 780 50 220 350 965 243 81 871 84 249
internal_value=0.00155177 -1.03697 2.10096 0.0259678 0.170176 2.44005 1.44686 1.31687 2.36217 2.97742 2.41074 2.44794 0.043709 -0.0156565
internal_weight=10800 7226 3574 1760 1360 2352 1222 1002 2059 293 1917 1836 1113 1029
internal_count=10800 7226 3574 1760 1360 2352 1222 1002 2059 293 1917 1836 1113 1029
is_linear=0
shrinkage=0.05


Tree=23
num_leaves=15
num_cat=0
split_feature=65 65 65 64 53 36 30 48 15 3 17 26 52 41
split_gain=8.50506e+06 966786 272564 54060.8 52226.5 36162.3 32809.1 25620.2 24567.9 22408.7 22274.8 21694.3 21476.2 19209.1
threshold=165.07754800000001 42.523274000000008 236.71232250000003 230.35291300000003 -0.88144907265856332 21.583593750000002 18.962500000000002 11.875000000000002 206.32641350000003 217.75552550000003 32.602103352315297 21.212500000000002 0.97335555334614943 82.875000000000014
decision_type=2 2 2 2 2 2 2 2 2 2 2 2 2 2
left_child=1 -1 3 7 9 -6 -4 11 -9 -3 -8 -2 -7 -12
right_child=2 4 6 -5 5 12 10 8 -10 -11 13 -13 -14 -15
leaf_value=-1.3130348217476389 1.2185510817123577 0.33398222631116325 1.8405190366903943 2.2390409258545421 -0.50127643250489562 -0.012762520705622393 2.2593251809659356 0.5351010837352993 1.4284270475235057 1.2585173697899217 2.94567487074894 1.7431409873128907 0.84885759109105818 2.4229551773771236
leaf_weight=5444 459 232 299 182 411 993 1066 182 135 91 317 368 77 544
leaf_count=5444 459 232 299 182 411 993 1066 182 135 91 317 368 77 544
internal_value=0.00156498 -0.98067 2.00557 1.43609 0.0224934 -0.10324 2.344 1.3065 0.918835 0.597535 2.42113 1.45381 0.0499766 2.6186
internal_weight=10800 7248 3552 1326 1804 1481 2226 1144 317 323 1927 827 1070 861
internal_count=10800 7248 3552 1326 1804 1481 2226 1144 317 323 1927 827 1070 861
is_linear=0
shrinkage=0.05


Tree=24
num_leaves=15
num_cat=0
split_feature=65 65 65 64 36 53 30 48 15 36 25 48 64 39
split_gain=7.67706e+06 872630 245956 48834 47147.2 37980.5 29597.4 23109.9 22192.4 21392.3 21767.5 21196 16966.1 18380.6
threshold=165.07754800000001 63.145266500000005 236.71232250000003 230.35291300000003 21.214843750000004 -0.88144907265856332 18.962500000000002 11.875000000000002 206.32641350000003 25.415885416666672 104.57112527615017 2.8750000000000004 201.68129500000001 47.125000000000007
decision_type=2 2 2 2 2 2 2 2 2 2 2 2 2 2
left_child=1 -1 3 7 -3 -6 -4 11 -9 -8 -11 -2 13 -7
right_child=2 4 6 -5 5 12 9 8 -10 10 -12 -13 -14 -15
leaf_value=-1.2448345518447983 1.051755618263932 -0.44433719737849797 1.748799836779634 2.1277006549261959 0.70669668953303466 0.47764289335858434 2.2314154886851085 0.5084922336815485 1.3575308614136543 3.7744286151642501 2.502125620610506 1.5815949475937332 0.35071445565694309 -0.18463916917422446
leaf_weight=5466 315 405 299 182 264 123 1676 182 135 46 205 512 315 675
leaf_count=5466 315 405 299 182 264 123 1676 182 135 46 205 512 315 675
internal_value=0.0015666 -0.931632 1.90552 1.36455 0.0292267 0.168732 2.22701 1.24139 0.873202 2.30027 2.74935 1.3813 0.0406081 -0.0820881
internal_weight=10800 7248 3552 1326 1782 1377 2226 1144 317 1927 251 827 1113 798
internal_count=10800 7248 3552 1326 1782 1377 2226 1144 317 1927 251 827 1113 798
is_linear=0
shrinkage=0.05


Tree=25
num_leaves=15
num_cat=0
split_feature=65 65 65 64 33 6 30 3 36 37 48 17 48 15
split_gain=6.92978e+06 788255 221964 44113.3 43790.8 36205.9 26956.8 22267.6 21429.3 20962.5 20681.6 18940.1 17267.3 17032.2
threshold=165.07754800000001 42.523274000000008 236.71232250000003 230.35291300000003 20.153125000000003 131.09804050000002 20.762500000000003 217.75552550000003 18.666666666666668 47.125000000000007 11.875000000000002 32.805425614792924 2.8750000000000004 206.32641350000003
decision_type=2 2 2 2 2 2 2 2 2 2 2 2 2 2
left_child=1 -1 3 8 -3 7 -4 -6 -2 -7 12 -8 -10 -12
right_child=2 4 6 -5 5 9 11 -9 10 -11 13 -13 -14 -15
leaf_value=-1.1851647667582699 0.18396156247494355 -0.47183707611341225 1.9031554831923367 2.0218969604356696 0.30780615605477751 0.49030878302970332 2.0923406951059431 1.1858608458415572 1.0563084406057994 -0.19754165524748882 0.53378184827491204 2.4992027011470519 1.5483979628617535 1.2901534099131824
leaf_weight=5444 52 360 931 182 568 132 744 82 299 662 170 551 488 135
leaf_count=5444 52 360 931 182 568 132 744 82 299 662 170 551 488 135
internal_value=0.00156487 -0.885053 1.81048 1.29657 0.0207623 0.143813 2.11589 0.420228 1.17952 -0.0827158 1.22671 2.26725 1.36302 0.871691
internal_weight=10800 7248 3552 1326 1804 1444 2226 650 1144 794 1092 1295 787 305
internal_count=10800 7248 3552 1326 1804 1444 2226 650 1144 794 1092 1295 787 305
is_linear=0
shrinkage=0.05


Tree=26
num_leaves=15
num_cat=0
split_feature=65 65 65 24 64 34 64 48 35 36 37 48 37 21
split_gain=6.25502e+06 711459 200269 40818.8 39854.4 25888 23666 23223 22972.2 19673 18898.5 17111.6 17062 15084.7
threshold=165.07754800000001 42.523274000000008 236.71232250000003 274.65417650000006 228.38420300000004 17.001041666666669 145.66790250000003 10.875000000000002 22.63697916666667 19.649739583333339 53.875000000000007 11.875000000000002 47.125000000000007 53.666074475025759
decision_type=2 2 2 2 2 2 2 2 2 2 2 2 2 2
left_child=1 -1 4 10 9 -4 12 8 -7 -2 -3 -11 -5 -8
right_child=2 3 5 6 -6 7 13 -9 -10 11 -12 -13 -14 -15
leaf_value=-1.125917474345618 0.40260156268601888 0.44650207597798874 1.1326071356618128 0.62922866816580714 1.9023856440869471 2.0003874678652283 0.4796597557170178 1.0875957519719095 2.4822529683097865 1.3059522961636147 -0.27274546184344217 0.84891488041750918 -0.077564964998129982 1.4836736213754524
leaf_weight=5444 90 101 85 107 191 1764 267 65 312 752 879 293 407 43
leaf_count=5444 90 101 85 107 191 1764 267 65 312 752 879 293 407 43
internal_value=0.00154797 -0.840799 1.72014 0.0197606 1.232 2.01024 0.278958 2.04454 2.07397 1.11761 -0.198239 1.17874 0.0705052 0.623249
internal_weight=10800 7248 3552 1804 1326 2226 824 2141 2076 1135 980 1045 514 310
internal_count=10800 7248 3552 1804 1326 2226 824 2141 2076 1135 980 1045 514 310
is_linear=0
shrinkage=0.05


Tree=27
num_leaves=15
num_cat=0
split_feature=65 65 65 48 25 17 36 31 52 12 36 6 36 26
split_gain=5.64719e+06 572698 231590 37725.5 31730.2 29399.4 28220 23713.2 21970.1 17725.1 15283.8 14230.5 12492 11799.1
threshold=147.22057950000001 63.145266500000005 225.63727100000003 12.875000000000002 104.19667212036495 28.549799509806672 20.649218750000006 21.962500000000002 0.68322629814330837 276.25245200000006 18.790104166666669 131.09804050000002 25.257291666666671 20.962500000000002
decision_type=2 2 2 2 2 2 2 2 2 2 2 2 2 2
left_child=1 -1 3 6 10 8 -2 -7 -4 12 -3 -6 -8 -10
right_child=2 4 5 -5 11 7 9 -9 13 -11 -12 -13 -14 -15
leaf_value=-1.0675064442437725 0.57970495627206919 -1.0072732574534866 1.0113276100910462 0.088110941794422484 0.56765000634425422 1.8288450524432602 1.0836034883530663 2.2903663207073603 1.6314224829666828 1.9611165660468839 -0.13450676469228176 0.08456905014806014 1.6120550516722858 1.9828822174828091
leaf_weight=5466 203 52 110 96 245 604 755 587 686 78 951 402 137 428
leaf_count=5466 203 52 110 96 245 604 755 587 686 78 951 402 137 428
internal_value=0.00152948 -0.8211 1.59031 1.04205 -0.00467153 1.87785 1.11998 2.05804 1.70098 1.23233 -0.180713 0.268091 1.16648 1.76811
internal_weight=10800 7116 3684 1269 1650 2415 1173 1191 1224 970 1003 647 892 1114
internal_count=10800 7116 3684 1269 1650 2415 1173 1191 1224 970 1003 647 892 1114
is_linear=0
shrinkage=0.05


Tree=28
num_leaves=15
num_cat=0
split_feature=65 65 65 53 64 36 36 36 25 21 48 26 3 4
split_gain=5.09945e+06 578991 163389 35749.2 33478.1 24772.8 23194.1 19351.6 20208.2 17931.8 17137.5 18260 17270 16663.1
threshold=165.07754800000001 42.523274000000008 236.71232250000003 -0.88144907265856332 231.61522200000005 21.583593750000002 18.666666666666668 25.415885416666672 104.57112527615017 14.145305169549109 11.875000000000002 21.312500000000004 242.89897650000003 229.77440450000003
decision_type=2 2 2 2 2 2 2 2 2 2 2 2 2 2
left_child=1 -1 4 -3 10 -5 -4 13 -9 -7 11 -2 -12 -8
right_child=2 3 6 5 -6 9 7 8 -10 -11 12 -13 -14 -15
leaf_value=-1.0162664053000039 0.91912241424764363 0.49302503711969403 1.0153664456761402 -0.41620312237533413 1.7563959329815235 0.43021522759907438 1.8185902067443782 3.2468920403338495 2.0407737405554762 -0.067158332291224199 0.0018551017721773874 1.3963665500585292 0.89119431532078208 0.95359901966106519
leaf_weight=5444 464 323 91 411 176 230 1823 46 205 840 70 369 247 61
leaf_count=5444 464 323 91 411 176 230 1823 46 205 840 70 369 247 61
internal_value=0.00151094 -0.759057 1.55326 0.0172654 1.11234 -0.0867585 1.81529 1.84889 2.27382 0.0400556 1.01233 1.13195 0.695434 1.7911
internal_weight=10800 7248 3552 1804 1326 1481 2226 2135 251 1070 1150 833 317 1884
internal_count=10800 7248 3552 1804 1326 1481 2226 2135 251 1070 1150 833 317 1884
is_linear=0
shrinkage=0.05


Tree=29
num_leaves=15
num_cat=0
split_feature=65 65 65 26 64 6 30 36 17 37 3 48 48 41
split_gain=4.6031e+06 522825 147466 33148.5 30244.8 28551.3 21592.7 16603.4 16532.6 16111.6 15344.8 15262.3 15140.4 14977.5
threshold=165.07754800000001 63.145266500000005 236.71232250000003 20.712500000000002 231.61522200000005 132.30922350000003 18.962500000000002 18.666666666666668 32.242513513229461 47.125000000000007 217.75552550000003 11.875000000000002 2.8750000000000004 82.875000000000014
decision_type=2 2 2 2 2 2 2 2 2 2 2 2 2 2
left_child=1 -1 4 -3 7 10 -4 -2 -8 -7 -5 12 -9 -10
right_child=2 3 6 5 -6 9 8 11 13 -11 -12 -13 -14 -15
leaf_value=-0.96353964733700226 0.08707136995387528 -0.38419046898722614 1.318630784213543 0.29093181191715151 1.669072299151771 0.4373014566089426 1.6482509072764384 0.83462133692787188 2.2376832292371409 -0.16688937214476252 1.0160453743093154 0.6983200354197252 1.2915613493816003 1.7860947185571545
leaf_weight=5466 52 390 299 529 176 132 1057 301 318 647 84 305 492 552
leaf_count=5466 52 390 299 529 176 132 1057 301 318 647 84 305 492 552
internal_value=0.0014977 -0.721108 1.47579 0.0226338 1.05691 0.136809 1.72473 0.961856 1.78702 -0.0640811 0.391788 1.00317 1.11939 1.95354
internal_weight=10800 7248 3552 1782 1326 1392 2226 1150 1927 779 613 1098 793 870
internal_count=10800 7248 3552 1782 1326 1392 2226 1150 1927 779 613 1098 793 870
is_linear=0
shrinkage=0.05


Tree=30
num_leaves=15
num_cat=0
split_feature=65 65 65 26 64 36 18 25 0 27 13 26 10 21
split_gain=4.15494e+06 472046 133081 31750.3 27324.3 19985.5 19644.5 18002.3 17186.8 17051.4 15711.2 15433.2 15226.1 17138.3
threshold=165.07754800000001 42.523274000000008 236.71232250000003 26.862500000000004 231.61522200000005 25.347395833333334 24.169793645833341 104.57112527615017 258.14039900000006 16.862500000000004 1.3907884931706322 20.712500000000002 268.27211400000004 1.4305838189958214e-05
decision_type=2 2 2 2 2 2 2 2 2 2 2 2 2 2
left_child=1 -1 4 6 12 9 -3 -7 -5 -4 -11 -8 13 -2
right_child=2 3 5 8 -6 7 11 -9 -10 10 -12 -13 -14 -15
leaf_value=-0.91729424706941587 1.1619061960763801 0.2060120566938331 0.72485676209131888 1.2983701794646507 1.5860901689798821 2.9234452789905028 -0.59202704256850069 1.8390977933489046 0.25467947905705618 1.4739926435952315 1.7742540615840499 -0.12128943302575763 1.7040126683348316 0.73325304564777716
leaf_weight=5444 347 338 59 42 176 50 231 231 492 1064 822 701 58 745
leaf_count=5444 347 338 59 42 176 50 231 231 492 1064 822 701 58 745
internal_value=0.00147748 -0.685051 1.40217 0.0159166 1.00424 1.63865 -0.120108 2.04172 0.339041 1.5794 1.60573 -0.238473 0.91389 0.870403
internal_weight=10800 7248 3552 1804 1326 2226 1270 281 534 1945 1886 932 1150 1092
internal_count=10800 7248 3552 1804 1326 2226 1270 281 534 1945 1886 932 1150 1092
is_linear=0
shrinkage=0.05


Tree=31
num_leaves=15
num_cat=0
split_feature=65 65 65 25 64 36 6 36 53 36 6 8 46 25
split_gain=3.75057e+06 426080 120106 29845.4 24699.5 18795.6 15706.1 15147.2 14922.2 14671.3 13059.4 15487.4 19467.1 15838.9
threshold=165.07754800000001 63.145266500000005 236.71232250000003 104.19667212036495 230.35291300000003 20.572395833333335 131.09804050000002 18.790104166666669 -0.88144907265856332 18.666666666666668 80.867049000000023 264.65405750000008 80.572916666666671 109.63913789192482
decision_type=2 2 2 2 2 2 2 2 2 2 2 2 2 2
left_child=1 -1 4 7 9 -4 -5 -3 -9 -2 11 12 13 -7
right_child=2 3 5 6 -6 10 -8 8 -10 -11 -12 -13 -14 -15
leaf_value=-0.86965281424840546 0.045211478786648447 -0.92235714621463072 1.197147052131297 0.55803232487850207 1.4968397232352713 2.1027099348086535 0.076037690504328848 0.31536964046898197 -0.18583621311245269 0.9057044624048477 1.226426265309158 1.1317481007840899 1.583142848098976 1.3291942824016918
leaf_weight=5466 52 58 326 288 182 416 408 179 849 1092 205 134 1058 87
leaf_count=5466 52 58 326 288 182 416 408 179 849 1092 205 134 1058 87
internal_value=0.00146863 -0.650798 1.33225 0.0206155 0.954222 1.55691 0.275998 -0.143159 -0.0983423 0.866665 1.61798 1.66458 1.70957 1.97182
internal_weight=10800 7248 3552 1782 1326 2226 696 1086 1028 1144 1900 1695 1561 503
internal_count=10800 7248 3552 1782 1326 2226 696 1086 1028 1144 1900 1695 1561 503
is_linear=0
shrinkage=0.05


Tree=32
num_leaves=15
num_cat=0
split_feature=65 65 65 36 37 52 17 31 43 35 36 48 65 48
split_gain=3.38601e+06 343239 138266 26747.9 23966.1 26451.2 23023 18116.3 17871.4 17784.6 16427.7 14832.7 14418.4 12843.1
threshold=147.22057950000001 42.523274000000008 221.91032300000003 20.649218750000006 47.625000000000007 0.97335555334614943 28.549799509806672 21.962500000000002 72.125000000000014 20.55104166666667 25.257291666666671 12.875000000000002 173.70218150000002 1.1250000000000002
decision_type=2 2 2 2 2 2 2 2 2 2 2 2 2 2
left_child=1 -1 3 12 -3 9 8 -8 -4 -6 11 -5 -2 -11
right_child=2 4 6 10 5 -7 7 -9 -10 13 -12 -13 -14 -15
leaf_value=-0.82796329361676513 -0.54718873678218749 0.52137961974219671 0.79921525993906872 0.87802122141950711 -0.45566794323867166 0.73545149897641326 1.409450532095829 1.8096378129487936 1.3691028401729306 0.70444532513086289 1.3660157882585757 0.13069052228049652 0.48673930086970679 -0.07339569467066602
leaf_weight=5444 41 188 163 778 323 93 606 588 1100 55 163 73 172 1013
leaf_count=5444 41 188 163 778 323 93 606 588 1100 55 163 73 172 1013
internal_value=0.00144146 -0.635548 1.23169 0.79715 -0.00892858 -0.0764163 1.44828 1.60788 1.29624 -0.131186 0.904115 0.814143 0.286093 -0.0327168
internal_weight=10800 7116 3684 1227 1672 1484 2457 1194 1263 1391 1014 851 213 1068
internal_count=10800 7116 3684 1227 1672 1484 2457 1194 1263 1391 1014 851 213 1068
is_linear=0
shrinkage=0.05


Tree=33
num_leaves=15
num_cat=0
split_feature=65 65 65 37 36 34 24 6 48 38 64 8 65 64
split_gain=3.05643e+06 347135 98472.1 26165.2 21719.1 17279.6 17236.2 17274.6 16086 16369.9 15982.2 13374.8 13191.3 12253.6
threshold=165.07754800000001 42.523274000000008 236.71232250000003 53.625000000000007 23.063020833333336 17.001041666666669 274.65417650000006 69.10047950000002 10.875000000000002 62.625000000000007 263.52627300000006 72.480577000000025 92.999075000000019 185.81586250000004
decision_type=2 2 2 2 2 2 2 2 2 2 2 2 2 2
left_child=1 -1 4 12 13 -4 11 -8 9 -7 -6 -5 -3 -2
right_child=2 3 5 6 10 8 7 -9 -10 -11 -12 -13 -14 -15
leaf_value=-0.78657274608769701 0.46675841184943673 -0.0561488079846999 0.69489151143663852 -0.055337727794814898 1.0036133700988319 2.177051899433136 0.57281478584182932 -0.037066771188746399 0.64553093675411111 1.4289337839202227 1.977031448039603 -0.45126950269726623 0.60833870516278443 0.88327963594188041
leaf_weight=5444 365 108 85 518 565 79 160 416 65 1997 46 362 240 350
leaf_count=5444 365 108 85 518 565 79 160 416 65 1997 46 362 240 350
internal_value=0.00140783 -0.587414 1.20275 0.0136979 0.86046 1.40617 -0.0794542 0.133044 1.43407 1.45844 1.08001 -0.218537 0.402548 0.671599
internal_weight=10800 7248 3552 1804 1326 2226 1456 576 2141 2076 611 880 348 715
internal_count=10800 7248 3552 1804 1326 2226 1456 576 2141 2076 611 880 348 715
is_linear=0
shrinkage=0.05


Tree=34
num_leaves=15
num_cat=0
split_feature=65 65 65 36 17 37 52 41 22 35 36 43 9 48
split_gain=2.76031e+06 279436 112751 23321.4 21599 21040.6 23891.7 15558.9 16907.8 15188 14835 14777.1 12174.4 12023.9
threshold=147.22057950000001 28.000000000000004 217.19465950000003 20.649218750000006 31.362994787867212 47.625000000000007 0.97335555334614943 82.875000000000014 135.9634828697917 20.55104166666667 25.307031250000005 71.875000000000014 248.16158650000003 1.1250000000000002
decision_type=2 2 2 2 2 2 2 2 2 2 2 2 2 2
left_child=1 -1 3 -2 11 -3 9 8 -6 -7 -5 -4 -9 -11
right_child=2 5 4 10 7 6 -8 12 -10 13 -12 -13 -14 -15
leaf_value=-0.75170517573899842 0.21299501827152648 0.47591579074345569 0.78166068381702847 0.71802077028641298 2.3311130414406462 -0.41980143407013798 0.68977912112753448 1.5118533982616569 1.5249630526000379 0.67211273333856036 1.2524403759950324 1.2379794571696605 1.0922569882335529 -0.079810104241856722
leaf_weight=5380 201 188 216 806 95 349 93 430 254 55 157 1208 317 1051
leaf_count=5380 201 188 216 806 95 349 93 430 254 55 157 1208 317 1051
internal_value=0.00137943 -0.573752 1.11215 0.704166 1.30025 -0.0221446 -0.0829007 1.4691 1.75044 -0.132728 0.806357 1.16936 1.33549 -0.0418445
internal_weight=10800 7116 3684 1164 2520 1736 1548 1096 349 1455 963 1424 747 1106
internal_count=10800 7116 3684 1164 2520 1736 1548 1096 349 1455 963 1424 747 1106
is_linear=0
shrinkage=0.05


Tree=35
num_leaves=15
num_cat=0
split_feature=65 65 65 25 10 52 26 9 0 11 65 8 65 36
split_gain=2.49358e+06 282927 80349.7 20646.9 19472.8 17862.3 16134 15443.5 17569.3 13937.3 12912.3 11717.8 11742.7 11179.1
threshold=165.07754800000001 77.844594000000015 236.71232250000003 104.19667212036495 267.66670600000003 0.68322629814330837 19.012500000000003 267.14005600000007 262.29786650000005 211.75611700000002 24.000000000000004 286.87046450000008 128.36177500000005 18.790104166666669
decision_type=2 2 2 2 2 2 2 2 2 2 2 2 2 2
left_child=1 10 4 13 5 9 -4 8 -8 -2 -1 12 -5 -3
right_child=2 3 6 11 -6 -7 7 -9 -10 -11 -12 -13 -14 -15
leaf_value=-0.7350392533490514 0.43652922696352603 -0.81409501479222224 0.96896152578125716 0.19874794888671424 1.4668181255459787 0.99804622529450793 1.3307474498119738 0.87013358825514497 1.9555976236899069 0.86629514124686446 -0.52675845224770013 -0.49244929260263848 0.72355785014362439 -0.061530479438147781
leaf_weight=4676 537 51 383 463 95 400 1546 171 126 294 900 47 138 973
leaf_count=4676 537 51 383 463 95 400 1546 171 126 294 900 47 138 973
internal_value=0.00136253 -0.530486 1.08647 0.0399835 0.777273 0.722911 1.27022 1.33226 1.37898 0.589435 -0.701522 0.260641 0.320255 -0.0997694
internal_weight=10800 7248 3552 1672 1326 1231 2226 1843 1672 831 5576 648 601 1024
internal_count=10800 7248 3552 1672 1326 1231 2226 1843 1672 831 5576 648 601 1024
is_linear=0
shrinkage=0.05


Tree=36
num_leaves=15
num_cat=0
split_feature=65 65 65 53 48 48 31 36 25 15 27 8 7 45
split_gain=2.25086e+06 255340 72591 19431.6 19002.8 19091 16661.2 15730.4 15273.8 13623.7 13012.7 13594.9 15876.6 12206.6
threshold=165.07754800000001 77.844594000000015 238.36019300000004 -0.88144907265856332 11.875000000000002 2.8750000000000004 21.862500000000004 25.347395833333334 104.57112527615017 206.32641350000003 16.862500000000004 257.88623600000005 232.91795350000004 51.656250000000007
decision_type=2 2 2 2 2 2 2 2 2 2 2 2 2 2
left_child=1 -1 4 13 5 -2 -5 10 -9 -6 -4 12 -12 -3
right_child=2 3 7 6 9 -7 -8 8 -10 -11 11 -13 -14 -15
leaf_value=-0.66645715381587434 0.52265620889433195 1.1607529218901289 0.41889045984794698 -0.24399843756235118 0.12081511681441402 0.98901145786128297 0.10983550656577057 2.371248084423589 1.3825298129585055 0.78311460190178728 1.3184325977885505 0.7740756839182209 0.95442297674607546 0.26294703634515459
leaf_weight=5576 319 43 59 592 182 732 757 50 224 135 1248 190 413 280
leaf_count=5576 319 43 59 592 182 732 757 50 224 135 1248 190 413 280
internal_value=0.00132768 -0.503974 1.03227 0.037971 0.74566 0.848094 -0.045508 1.21137 1.57092 0.404443 1.15899 1.18234 1.22855 0.385683
internal_weight=10800 7248 3552 1672 1368 1051 1349 2184 274 317 1910 1851 1661 323
internal_count=10800 7248 3552 1672 1368 1051 1349 2184 274 317 1910 1851 1661 323
is_linear=0
shrinkage=0.05


Tree=37
num_leaves=15
num_cat=0
split_feature=65 65 65 37 10 52 36 22 36 46 11 65 18 8
split_gain=2.03176e+06 231990 65536.2 21183.4 17622.8 15175.4 14849.6 22688.2 13339.7 11446.3 10964 10670.9 10436.5 10042.1
threshold=165.07754800000001 28.000000000000004 238.36019300000004 53.625000000000007 267.18123412500006 0.68322629814330837 22.950130208333338 135.55575201041668 21.214843750000004 76.609375000000014 211.75611700000002 96.61214750000002 33.035421645833345 72.480577000000025
decision_type=2 2 2 2 2 2 2 2 2 2 2 2 2 2
left_child=1 -1 4 11 5 10 -4 9 -5 -8 -2 -3 13 -10
right_child=2 3 6 8 -6 -7 7 -9 12 -11 -12 -13 -14 -15
leaf_value=-0.64542756118731881 0.3957021606882174 -0.019648899614810946 1.0236348419174577 -0.32677480542191545 1.3438131774282631 0.90045714815969502 2.4145659998351454 1.1598999332562827 0.41893754002805328 1.5268676635415797 0.77316085036329341 0.5578687145908674 -0.085365733571557537 -0.2338820592229125
leaf_weight=5380 538 124 1141 400 101 426 50 807 233 186 303 224 809 78
leaf_count=5380 538 124 1141 400 101 426 50 807 233 186 303 224 809 78
internal_value=0.00130878 -0.478771 0.98079 0.00130343 0.708465 0.656798 1.15096 1.28914 -0.0793085 1.72433 0.532452 0.35262 0.00928498 0.254983
internal_weight=10800 7248 3552 1868 1368 1267 2184 1043 1520 236 841 348 1120 311
internal_count=10800 7248 3552 1868 1368 1267 2184 1043 1520 236 841 348 1120 311
is_linear=0
shrinkage=0.05


Tree=38
num_leaves=15
num_cat=0
split_feature=65 65 65 36 24 52 37 30 64 35 6 8 46 22
split_gain=1.83468e+06 186963 74918.8 21211.3 17137.1 17038.7 18904.6 13940.9 12061.2 11688.1 11117.5 12443.8 14346.7 15764.7
threshold=147.22057950000001 28.000000000000004 236.71232250000003 23.063020833333336 297.26105400000006 0.97335555334614943 47.625000000000007 18.962500000000002 239.59825550000002 20.55104166666667 77.922700000000006 266.28212850000006 80.963541666666671 135.9634828697917
decision_type=2 2 2 2 2 2 2 2 2 2 2 2 2 2
left_child=1 -1 3 -2 8 6 -3 -4 -5 -8 11 12 13 -9
right_child=2 5 7 4 -6 -7 9 10 -10 -11 -12 -13 -14 -15
leaf_value=-0.61316221471480603 0.45165367500153986 0.41667259255493133 0.76657023601109786 0.86209970034739991 0.34083399025406291 0.63831727354133383 -0.36670408376625607 1.8717518751950639 1.5388225823640824 -0.0351436644758484 0.79000526967462803 0.6699814618661486 1.1085405571530038 1.2558635605178334
leaf_weight=5380 792 188 299 447 140 93 349 151 79 1106 212 115 1061 388
leaf_count=5380 792 188 299 447 140 93 349 151 79 1106 212 115 1061 388
internal_value=0.00128593 -0.467602 0.906869 0.627516 0.835658 -0.0164062 -0.0538317 1.08948 0.966464 -0.11487 1.13916 1.18183 1.21818 1.43155
internal_weight=10800 7116 3684 1458 666 1736 1643 2226 526 1455 1927 1715 1600 539
internal_count=10800 7116 3684 1458 666 1736 1643 2226 526 1455 1927 1715 1600 539
is_linear=0
shrinkage=0.05


Tree=39
num_leaves=15
num_cat=0
split_feature=65 65 65 21 48 48 36 31 3 25 65 36 8 7
split_gain=1.65774e+06 188723 53062.3 18191.1 15897.3 14905.4 13362.4 13041 12451.1 12429.7 11617.3 11186.9 12384.9 14430.7
threshold=165.07754800000001 80.564241500000009 238.36019300000004 44.149684498539393 11.875000000000002 2.8750000000000004 25.347395833333334 21.862500000000004 242.89897650000003 104.57112527615017 24.000000000000004 18.666666666666668 257.88623600000005 232.91795350000004
decision_type=2 2 2 2 2 2 2 2 2 2 2 2 2 2
left_child=1 10 4 7 5 -2 11 -3 -6 -8 -1 -4 13 -13
right_child=2 3 6 -5 8 -7 9 -9 -10 -11 -12 12 -14 -15
leaf_value=-0.60206335971873881 0.44715863785706467 -0.19385250789172792 0.44321232278933798 0.40839735330082477 -0.2567496454841654 0.85911184173143418 2.0904638776592179 0.11694725545890586 0.49550771808191652 1.2003117932213678 -0.40878575055608679 1.150419990360835 0.63035869343274553 0.80337337247199481
leaf_weight=4676 319 657 91 279 70 732 50 692 247 224 944 1216 190 413
leaf_count=4676 319 657 91 279 70 732 50 692 247 224 944 1216 190 413
internal_value=0.00126654 -0.432379 0.88601 0.0416456 0.640962 0.73462 1.03914 -0.0344522 0.329109 1.36976 -0.569677 0.991016 1.01816 1.06298
internal_weight=10800 7248 3552 1628 1368 1051 2184 1349 317 274 5620 1910 1819 1629
internal_count=10800 7248 3552 1628 1368 1051 2184 1349 317 274 5620 1910 1819 1629
is_linear=0
shrinkage=0.05


Tree=40
num_leaves=15
num_cat=0
split_feature=65 65 65 26 36 10 5 26 48 38 37 8 64 52
split_gain=1.49638e+06 170594 47911.1 18214.2 15211 15145.8 12763.9 12745.5 13424.8 11958 11117.7 11007.3 13482 10942.8
threshold=165.07754800000001 28.000000000000004 238.36019300000004 26.862500000000004 25.615625000000001 267.18123412500006 197.01993650000003 19.012500000000003 10.875000000000002 62.625000000000007 53.375000000000007 72.480577000000025 201.68129500000001 0.29012925520284133
decision_type=2 2 2 2 2 2 2 2 2 2 2 2 2 2
left_child=1 -1 5 4 11 6 -2 -4 9 -9 -8 12 13 -3
right_child=2 3 7 -5 -6 -7 10 8 -10 -11 -12 -13 -14 -15
leaf_value=-0.55367653472253853 0.65613690731265217 0.13665302436817531 0.71709530843212654 0.24422300850682033 0.67218768928871786 1.197545953125547 0.78107433178644081 1.6792205712463284 0.28822414839671828 1.0378570363634025 0.12347324109939209 -0.30857248259458048 0.31211641088955933 -0.33895123782876618
leaf_weight=5380 933 198 373 544 60 101 86 78 58 1675 248 534 224 308
leaf_count=5380 933 198 373 544 60 101 86 78 58 1675 248 534 224 308
internal_value=0.00123646 -0.410764 0.84182 0.000911141 -0.0991688 0.60897 0.561144 0.987325 1.04256 1.06734 0.294622 -0.136286 -0.0100079 -0.152943
internal_weight=10800 7248 3552 1868 1324 1368 1267 2184 1811 1753 334 1264 730 506
internal_count=10800 7248 3552 1868 1324 1368 1267 2184 1811 1753 334 1264 730 506
is_linear=0
shrinkage=0.05


Tree=41
num_leaves=15
num_cat=0
split_feature=65 65 65 36 17 52 43 48 16 41 22 0 51 35
split_gain=1.35074e+06 100663 88482.7 24437.4 19590.8 13395.5 13106 12573.2 12840.7 11952.5 14262.7 11279.1 11013.5 10857.7
threshold=127.44013800000002 28.000000000000004 204.83386650000003 20.920312500000001 29.871929158071495 0.97335555334614943 73.875000000000014 12.875000000000002 276.3691280000001 82.875000000000014 135.9634828697917 272.38507200000004 2.5000000000000004 22.767708333333335
decision_type=2 2 2 2 2 2 2 2 2 2 2 2 2 2
left_child=1 -1 3 12 6 11 -4 8 -5 10 -6 -3 -2 -8
right_child=2 5 4 7 9 -7 13 -9 -10 -11 -12 -13 -14 -15
leaf_value=-0.52599784919839443 -0.71430620534853506 -0.14888694338306305 0.49925925127246373 0.50975471163837716 1.8030239745824024 0.69740694614878873 0.79127210917548396 0.16037644598222639 1.2089273085465304 0.93065866959890475 1.0844012960735778 0.23555882331715924 0.096973245818700107 1.24422617082472
leaf_weight=5380 54 1144 353 642 98 56 1147 235 73 797 266 228 174 153
leaf_count=5380 54 1144 353 642 98 56 1147 235 73 797 266 228 174 153
internal_value=0.0012054 -0.426961 0.731328 0.367061 0.883634 -0.0537301 0.771904 0.47853 0.582728 1.04191 1.28229 -0.0848744 -0.0974521 0.845497
internal_weight=10800 6808 3992 1178 2814 1428 1653 950 715 1161 364 1372 228 1300
internal_count=10800 6808 3992 1178 2814 1428 1653 950 715 1161 364 1372 228 1300
is_linear=0
shrinkage=0.05


Tree=42
num_leaves=15
num_cat=0
split_feature=65 65 65 21 64 31 42 35 36 29 48 8 65 36
split_gain=1.21969e+06 139675 39507.8 15709 13352.8 12067.1 14472.4 11593.2 10641.4 9595.18 9811.16 11858.7 9382.51 8985.97
threshold=165.07754800000001 80.564241500000009 238.36019300000004 47.806590801448458 230.35291300000003 21.862500000000004 85.375000000000014 22.584375000000005 18.395963541666671 16.025000000000002 4.3750000000000009 257.88623600000005 24.000000000000004 26.654427083333335
decision_type=2 2 2 2 2 2 2 2 2 2 2 2 2 2
left_child=1 12 4 5 8 -3 13 9 -2 -4 -11 -12 -1 -7
right_child=2 3 7 -5 -6 6 -8 -9 -10 10 11 -13 -14 -15
leaf_value=-0.51799449121337793 -0.24399686863845482 -0.17353235206863515 0.22552664884262616 0.45087552643867568 0.91166694173286134 0.016850555752267776 1.0306645576546831 1.1614147310326064 0.5122302668565395 0.61735109285700007 0.97413707538943284 0.53201626626188669 -0.34438373557710777 0.73236095347303032
leaf_weight=4676 48 680 62 200 214 662 40 344 1106 340 1261 177 944 46
leaf_count=4676 48 680 62 200 214 662 40 344 1106 340 1261 177 944 46
internal_value=0.00118156 -0.370782 0.76008 0.0370169 0.548642 -0.0212214 0.11729 0.892207 0.480591 0.841274 0.862606 0.920125 -0.488899 0.0643059
internal_weight=10800 7248 3552 1628 1368 1428 748 2184 1154 1840 1778 1438 5620 708
internal_count=10800 7248 3552 1628 1368 1428 748 2184 1154 1840 1778 1438 5620 708
is_linear=0
shrinkage=0.05


Tree=43
num_leaves=15
num_cat=0
split_feature=65 65 65 36 17 52 43 31 48 16 37 26 51 24
split_gain=1.10162e+06 82065.5 72425.8 21248.7 16704.4 12044.3 11673.5 10883.3 10528.8 11497.1 10421.7 10251.6 9598.39 9299.49
threshold=127.44013800000002 28.000000000000004 204.83386650000003 20.920312500000001 30.31748869516078 0.97335555334614943 73.875000000000014 21.962500000000002 12.875000000000002 276.3691280000001 51.625000000000007 21.212500000000002 2.5000000000000004 297.26105400000006
decision_type=2 2 2 2 2 2 2 2 2 2 2 2 2 2
left_child=1 -1 3 12 6 11 -4 -6 9 -5 -10 -3 -2 -9
right_child=2 5 4 8 7 -7 -8 13 10 -11 -12 -13 -14 -15
leaf_value=-0.47494362506962162 -0.67799405807798563 -0.29152478205861715 0.44263493470559462 0.46125432283054124 0.79234874109283038 0.66371504047460728 0.76606222665619883 1.2021036958886 0.63545232056765943 1.1225780060162416 -0.080321827471153406 0.0093748720739565139 0.079408660179270174 0.66062332251492673
leaf_weight=5380 54 398 361 642 585 56 1309 458 73 73 162 974 174 101
leaf_count=5380 54 398 361 642 585 56 1309 458 73 73 162 974 174 101
internal_value=0.00114973 -0.385522 0.660515 0.330954 0.798309 -0.0485277 0.696454 0.946258 0.434898 0.530248 0.143775 -0.0780611 -0.102154 1.10562
internal_weight=10800 6808 3992 1178 2814 1428 1670 1144 950 715 235 1372 228 559
internal_count=10800 6808 3992 1178 2814 1428 1670 1144 950 715 235 1372 228 559
is_linear=0
shrinkage=0.05


Tree=44
num_leaves=15
num_cat=0
split_feature=65 65 65 36 36 25 17 43 52 48 16 37 0 48
split_gain=994350 74070.6 65398.7 19211.8 15823.9 15181.8 12526.5 13610.9 10888.3 9631.78 10318.6 9418.18 9414.11 9471.11
threshold=127.44013800000002 28.000000000000004 205.48938900000005 20.920312500000001 25.415885416666672 104.57112527615017 31.362994787867212 75.875000000000014 0.97335555334614943 12.875000000000002 276.3691280000001 51.625000000000007 272.38507200000004 1.1250000000000002
decision_type=2 2 2 2 2 2 2 2 2 2 2 2 2 2
left_child=1 -1 3 -2 6 -6 7 -4 12 10 -5 -11 13 -3
right_child=2 8 4 9 5 -7 -8 -9 -10 11 -12 -13 -14 -15
leaf_value=-0.45120087704944734 -0.091088969924422947 0.46871832964881777 0.35246567686939878 0.44154263120877268 1.8460770573532372 0.92751879370212564 0.86104295690674759 0.70932416924775255 0.63111149344527939 0.60410906519438778 1.0672076070630874 -0.076330373139103513 0.21857168614604069 -0.16692486594745126
leaf_weight=5380 231 61 349 660 56 249 953 1186 56 73 73 162 228 1083
leaf_count=5380 231 61 349 660 56 249 953 1186 56 73 73 162 228 1083
internal_value=0.00111682 -0.366246 0.627557 0.318302 0.760155 1.10165 0.717865 0.628471 -0.046088 0.415991 0.505222 0.136704 -0.0741683 -0.132652
internal_weight=10800 6808 3992 1199 2793 305 2488 1535 1428 968 733 235 1372 1144
internal_count=10800 6808 3992 1199 2793 305 2488 1535 1428 968 733 235 1372 1144
is_linear=0
shrinkage=0.05


Tree=45
num_leaves=15
num_cat=0
split_feature=65 65 65 35 48 11 30 45 36 5 37 36 52 65
split_gain=898173 103858 29581.8 15617.4 14328.6 12346.1 10625.8 9929.66 9591.35 9343.72 9470.38 9107.27 11537.4 8917.86
threshold=165.07754800000001 84.179539500000018 238.36019300000004 19.669270833333336 13.875000000000002 265.85547550000007 20.637500000000003 51.656250000000007 18.395963541666671 197.01993650000003 51.875000000000007 20.302864583333335 0.68322629814330837 24.000000000000004
decision_type=2 2 2 2 2 2 2 2 2 2 2 2 2 2
left_child=1 13 5 11 7 8 -4 -5 -2 -10 -11 12 -3 -1
right_child=2 3 6 4 -6 -7 -8 -9 9 10 -12 -13 -14 -15
leaf_value=-0.44580295592106789 -0.25829792560971515 -0.57473265302013343 0.63156564272080162 0.97354414910078058 -0.089384740914632804 1.0621969522481942 0.85849009616521466 0.19987124214907381 0.54103077700398616 0.70866778913083717 0.081726480836005075 -0.85860786847770221 0.3438446593456761 -0.28284845370673084
leaf_weight=4676 48 70 887 43 547 82 1297 752 905 78 255 63 65 1032
leaf_count=4676 48 70 887 43 547 82 1297 752 905 78 255 63 65 1032
internal_value=0.00109498 -0.3181 0.652332 0.0462641 0.107488 0.469384 0.766659 0.242888 0.430788 0.457692 0.23026 -0.367152 -0.133178 -0.416396
internal_weight=10800 7248 3552 1540 1342 1368 2184 795 1286 1238 333 198 135 5708
internal_count=10800 7248 3552 1540 1342 1368 2184 795 1286 1238 333 198 135 5708
is_linear=0
shrinkage=0.05


Tree=46
num_leaves=15
num_cat=0
split_feature=65 65 65 36 36 25 13 21 26 32 43 8 48 16
split_gain=810972 60399.2 53494.8 16443.3 14176.1 14697.9 11407.1 10150.6 11358.8 9304.25 8884.37 8163.77 8116.97 9334.4
threshold=127.44013800000002 28.000000000000004 204.83386650000003 20.920312500000001 25.415885416666672 104.57112527615017 1.4386356325967842 1.4305838189958214e-05 24.712500000000002 26.987500000000004 76.125000000000014 74.836544500000016 12.875000000000002 276.3691280000001
decision_type=2 2 2 2 2 2 2 2 2 2 2 2 2 2
left_child=1 -1 3 -2 6 -6 10 11 -9 -8 -4 -3 13 -5
right_child=2 7 4 12 5 -7 9 8 -10 -11 -12 -13 -14 -15
leaf_value=-0.40742498017491696 -0.097416848219996202 0.42297469957147621 0.34395144105056924 0.39659539560727997 1.7304930275884169 0.83598177111357919 0.80630471039987972 -0.24321900614173503 0.064022835006881648 0.036487721527616188 0.62714305219881084 -0.31964313627240504 0.11942190664141612 0.9922545751556755
leaf_weight=5380 228 176 374 642 57 252 973 639 567 41 1117 46 235 73
leaf_count=5380 228 176 374 642 57 252 973 639 567 41 1117 46 235 73
internal_value=0.00105361 -0.33071 0.566788 0.283556 0.685212 1.00604 0.645252 -0.0416038 -0.0988361 0.775245 0.556386 0.268356 0.374996 0.458712
internal_weight=10800 6808 3992 1178 2814 309 2505 1428 1206 1014 1491 222 950 715
internal_count=10800 6808 3992 1178 2814 309 2505 1428 1206 1014 1491 222 950 715
is_linear=0
shrinkage=0.05


Tree=47
num_leaves=15
num_cat=0
split_feature=65 65 64 25 34 35 34 48 10 45 47 29 44 36
split_gain=732468 84988.7 25714.4 24296 25811.4 13841.3 13313.7 12630.6 10390 8914.15 8355.02 8842.98 8330.65 8326.58
threshold=165.07754800000001 84.179539500000018 240.69470000000004 78.567894293759224 21.048958333333339 19.669270833333336 17.135416666666668 13.875000000000002 267.18123412500006 51.656250000000007 77.710937500000014 19.762500000000003 54.218750000000007 20.302864583333335
decision_type=2 2 2 2 2 2 2 2 2 2 2 2 2 2
left_child=1 -1 3 4 -2 13 -5 9 -8 -7 -4 -12 -9 -3
right_child=2 5 10 6 -6 7 8 12 -10 -11 11 -13 -14 -15
leaf_value=-0.37614439939513983 0.48341405239551805 -0.12313159290043747 0.81210666201445914 -0.41596675125653287 1.1528834828639141 0.91941321952776489 0.3220134215702799 0.19196355199175222 0.85363755549977327 0.18639147576460416 0.17510743189864517 0.67241528494669511 -0.22184724858492533 -0.816723038814962
leaf_weight=5708 429 135 1111 56 218 43 1082 181 100 752 113 443 366 63
leaf_count=5708 429 135 1111 56 218 43 1082 181 100 752 113 443 366 63
internal_value=0.0010255 -0.287226 0.589129 0.462141 0.710416 0.0423817 0.331919 0.10002 0.367674 0.227144 0.73236 0.57184 -0.0848186 -0.346815
internal_weight=10800 7248 3552 1885 647 1540 1238 1342 1182 795 1667 556 547 198
internal_count=10800 7248 3552 1885 647 1540 1238 1342 1182 795 1667 556 547 198
is_linear=0
shrinkage=0.05


Tree=48
num_leaves=15
num_cat=0
split_feature=65 65 65 36 0 48 26 36 49 31 21 0 22 9
split_gain=661565 49711.4 44245.9 15418.3 12437.9 13836.5 10092.1 9921.56 9957.59 10047.4 8990.07 10202.6 8690.73 8627.32
threshold=127.44013800000002 28.000000000000004 217.19465950000003 25.307031250000005 266.52725100000004 10.875000000000002 19.012500000000003 18.395963541666671 2.5000000000000004 19.712500000000002 1.4305838189958214e-05 272.06304300000005 145.83517119791671 263.38003000000009
decision_type=2 2 2 2 2 2 2 2 2 2 2 2 2 2
left_child=1 -1 3 7 5 6 -4 -2 -9 -10 -3 -12 -5 -6
right_child=2 10 4 12 13 -7 -8 8 9 -11 11 -13 -14 -15
leaf_value=-0.36825379426761584 -0.46785420799741939 0.25532437198097935 0.41911463532810922 1.1626906952780227 1.3825043366801355 0.083253510606785625 0.68956682329871166 0.37976798192678912 -0.42790586344803438 0.18428884670537798 -0.16234004259444929 0.20247073554468953 0.45558385358452802 0.63768803701825338
leaf_weight=5380 48 222 434 68 92 119 1803 712 78 442 968 238 124 72
leaf_count=5380 48 222 434 68 92 119 1803 712 78 442 968 238 124 72
internal_value=0.000991889 -0.298657 0.511963 0.293862 0.639194 0.609369 0.637307 0.230824 0.258402 0.0918146 -0.0363748 -0.0902378 0.710744 1.06136
internal_weight=10800 6808 3992 1472 2520 2356 2237 1280 1232 520 1428 1206 192 164
internal_count=10800 6808 3992 1472 2520 2356 2237 1280 1232 520 1428 1206 192 164
is_linear=0
shrinkage=0.05


Tree=49
num_leaves=15
num_cat=0
split_feature=65 65 17 52 35 48 11 12 45 8 9 43 64 21
split_gain=598396 69176.7 21243.8 18832.3 12136.8 11037.1 10185.5 9016.44 8389.94 8196.68 7917.32 7737.1 7266.8 6911.15
threshold=165.07754800000001 84.179539500000018 31.012524894777602 0.81241147629689026 19.669270833333336 14.125000000000002 264.87820500000004 262.67115500000006 51.656250000000007 257.88623600000005 258.63541800000007 82.875000000000014 85.553400500000023 60.840109862856984
decision_type=2 2 2 2 2 2 2 2 2 2 2 2 2 2
left_child=1 12 3 6 11 8 -2 9 -6 -4 -9 -3 -1 -10
right_child=2 4 7 -5 5 -7 -8 10 13 -11 -12 -13 -14 -15
leaf_value=-0.36566813236564671 0.266290173911716 -0.7848733760061718 0.71561638679856598 0.58963365018263858 0.78467155694961555 -0.10150354583698873 0.78448827171053459 1.4184086900949477 0.1226622852122039 0.31253914884930734 0.70822732102039254 -0.11354930823954353 -0.21626030379524749 0.78933289712522092
leaf_weight=4718 1122 62 811 1200 56 476 103 79 770 152 85 136 990 40
leaf_count=4718 1122 62 811 1200 56 476 103 79 770 152 85 136 990 40
internal_value=0.000962791 -0.259575 0.532525 0.448797 0.0377943 0.091768 0.310465 0.712127 0.197995 0.652385 1.05685 -0.32665 -0.339797 0.156517
internal_weight=10800 7248 3552 2425 1540 1342 1225 1127 866 963 164 198 5708 810
internal_count=10800 7248 3552 2425 1540 1342 1225 1127 866 963 164 198 5708 810
is_linear=0
shrinkage=0.05


Tree=50
num_leaves=15
num_cat=0
split_feature=65 65 64 25 34 33 36 22 21 10 36 41 31 43
split_gain=540148 62441.6 19839.1 19794.2 22247.8 11869 11372.8 10252.8 9526.91 8313.18 8229.46 8109.55 7667.64 7425.86
threshold=165.07754800000001 84.179539500000018 240.69470000000004 78.567894293759224 21.048958333333339 17.003125000000004 24.711067708333339 144.7904826822917 56.302449845339844 267.18123412500006 26.654427083333335 82.375000000000014 17.925000000000001 51.875000000000007
decision_type=2 2 2 2 2 2 2 2 2 2 2 2 2 2
left_child=1 -1 3 4 -2 -5 8 13 12 -7 -9 -6 -3 -8
right_child=2 6 -4 5 11 9 7 10 -10 -11 -12 -13 -14 -15
leaf_value=-0.3228123925126114 0.40791896468938094 -0.54706766432523724 0.63176322183649924 -0.44917981034075771 1.5160155954815093 0.26905568723144907 1.1114133453911001 -0.099892192283015463 0.64021191306631353 0.74439392162136508 0.69891226745787127 0.82725428769922571 -0.024957594802890046 0.27905776495283302
leaf_weight=5708 429 74 1667 53 62 1085 54 138 50 100 41 156 1129 54
leaf_count=5708 429 74 1667 53 62 1085 54 138 50 100 41 156 1129 54
internal_value=0.000937374 -0.246596 0.505966 0.394441 0.618508 0.276935 0.0359272 0.319254 -0.0291717 0.309762 0.0859406 1.02917 -0.0575018 0.701614
internal_weight=10800 7248 3552 1885 647 1238 1540 287 1253 1185 179 218 1203 108
internal_count=10800 7248 3552 1885 647 1238 1540 287 1253 1185 179 218 1203 108
is_linear=0
shrinkage=0.05


Tree=51
num_leaves=15
num_cat=0
split_feature=65 65 48 13 21 26 37 35 42 36 37 22 36 48
split_gain=487543 56422.7 18486 16757.9 11576.4 10757.4 10300.8 9690.42 8631.28 8177.15 7906.91 7534.49 12245.9 7399.02
threshold=165.07754800000001 28.000000000000004 11.875000000000002 1.3724561396087973 1.4305838189958214e-05 20.762500000000003 51.125000000000007 22.705208333333335 74.375000000000014 18.790104166666669 53.375000000000007 145.78409998958335 24.679427083333334 1.1250000000000002
decision_type=2 2 2 2 2 2 2 2 2 2 2 2 2 2
left_child=1 -1 3 4 7 -6 11 -2 -5 -8 -4 12 -3 -11
right_child=2 6 10 8 5 -7 9 -9 -10 13 -12 -13 -14 -15
leaf_value=-0.31644311733703101 0.48683548594388637 0.13619723245501519 0.52542634067493821 0.93942282687205736 0.074611101958956302 0.42364215602918842 -0.62637004488605574 0.94874366376236208 0.59803620976094307 0.45119453591185732 -0.0357362346863574 -0.26671299227961787 0.88182643112468428 -0.051923539017364455
leaf_weight=5380 936 165 85 235 334 653 58 130 947 76 232 53 82 1434
leaf_count=5380 936 165 85 235 334 653 58 130 947 76 232 53 82 1434
internal_value=0.000916812 -0.234254 0.480723 0.516424 0.429653 0.305725 0.00250064 0.544002 0.666646 -0.0489 0.115912 0.270425 0.386292 -0.0263192
internal_weight=10800 7248 3552 3235 2053 987 1868 1066 1182 1568 317 300 247 1510
internal_count=10800 7248 3552 3235 2053 987 1868 1066 1182 1568 317 300 247 1510
is_linear=0
shrinkage=0.05


Tree=52
num_leaves=15
num_cat=0
split_feature=65 65 65 36 0 48 52 36 49 31 26 26 22 9
split_gain=440780 33256.9 30035.6 12361.6 9695.1 10743 8265.3 7950.09 8023.06 8274.2 7944.81 7186.11 7119.1 6575.04
threshold=127.44013800000002 28.000000000000004 217.19465950000003 25.307031250000005 266.95445250000006 10.875000000000002 0.97335555334614943 18.395963541666671 2.5000000000000004 19.712500000000002 19.012500000000003 21.212500000000002 145.83517119791671 263.38003000000009
decision_type=2 2 2 2 2 2 2 2 2 2 2 2 2 2
left_child=1 -1 3 7 5 10 11 -2 -9 -10 -4 -3 -5 -6
right_child=2 6 4 12 13 -7 -8 8 9 -11 -12 -13 -14 -15
leaf_value=-0.30062390647619508 -0.44338778057420741 -0.23236802427079484 0.32835671495860336 1.0202593172805896 1.1905191652895359 0.034009805951888364 0.56082853999054227 0.31549502965924953 -0.41444904238834418 0.14105465937490969 0.56792067950154812 0.019548341723302238 0.38097232003808024 0.52148707570398556
leaf_weight=5380 48 398 434 68 88 119 56 712 78 442 1812 974 124 67
leaf_count=5380 48 398 434 68 88 119 56 712 78 442 1812 974 124 67
internal_value=0.000890267 -0.243699 0.417972 0.23828 0.522798 0.497277 -0.0291728 0.181864 0.206564 0.0570936 0.521796 -0.0536455 0.6115 0.906521
internal_weight=10800 6808 3992 1472 2520 2365 1428 1280 1232 520 2246 1372 192 155
internal_count=10800 6808 3992 1472 2520 2365 1428 1280 1232 520 2246 1372 192 155
is_linear=0
shrinkage=0.05


Tree=53
num_leaves=15
num_cat=0
split_feature=65 65 48 13 35 21 26 48 35 42 43 3 37 64
split_gain=398222 46413.7 15677.6 14458.2 10796.5 10159.4 9225.58 8491.34 8489.56 7641.19 7466.87 7355.47 6639.64 6490.44
threshold=165.07754800000001 87.394937500000012 11.875000000000002 1.3724561396087973 20.55104166666667 1.4305838189958214e-05 20.762500000000003 13.875000000000002 22.705208333333335 74.875000000000014 82.375000000000014 242.89897650000003 45.625000000000007 102.28766700000001
decision_type=2 2 2 2 2 2 2 2 2 2 2 2 2 2
left_child=1 13 3 5 10 8 -7 -6 -2 -5 -3 -4 -9 -1
right_child=2 4 11 9 7 6 -8 12 -10 -11 -12 -13 -14 -15
leaf_value=-0.29695738715097736 0.44042095831588401 -0.56977107086351941 -0.35057831860449112 0.85678573528880142 0.21934528033156087 0.056748276568337613 0.37992644873689807 0.37340225326743992 0.87260833864903631 0.54070295240806499 -0.045095867401114403 0.22675933616476193 -0.13237183678390113 -0.14372047925647233
leaf_weight=4968 936 104 70 245 690 334 653 76 130 937 192 247 412 806
leaf_count=4968 936 104 70 245 690 334 653 76 130 937 192 247 412 806
internal_value=0.000862833 -0.211677 0.434496 0.467372 0.0387258 0.386791 0.270731 0.106573 0.493895 0.606888 -0.230739 0.09857 -0.0530012 -0.275595
internal_weight=10800 7248 3552 3235 1474 2053 987 1178 1066 1182 296 317 488 5774
internal_count=10800 7248 3552 3235 1474 2053 987 1178 1066 1182 296 317 488 5774
is_linear=0
shrinkage=0.05


Tree=54
num_leaves=15
num_cat=0
split_feature=65 65 17 52 35 36 33 52 48 41 22 9 26 19
split_gain=359450 41887.9 14480.7 12861.1 9756.17 8957.02 8760.62 8639.32 8544.35 7326.6 12279.1 9003.76 6885.82 6239.05
threshold=165.07754800000001 87.394937500000012 31.716879356519872 0.77259657388510639 19.669270833333336 20.302864583333335 21.743750000000002 0.68322629814330837 13.875000000000002 82.875000000000014 135.9634828697917 250.10529400000004 27.987500000000004 70.351309500000013
decision_type=2 2 2 2 2 2 2 2 2 2 2 2 2 2
left_child=1 -1 3 6 5 7 -2 -3 -6 10 -4 -11 -10 -8
right_child=2 4 9 -5 8 -7 13 -9 12 11 -12 -13 -14 -15
leaf_value=-0.26181948255629023 0.021916266811920493 -0.44401127805667262 1.2425993732402201 0.45338142707313484 0.1903322675285696 -0.7961848226727033 0.36954194304792154 0.36313978014957338 -0.22159213696685076 0.61898040351969708 0.56939132586051111 0.26437424151318484 0.15582199849331069 -0.057863924169570813
leaf_weight=5774 367 69 94 1299 778 60 697 62 307 443 251 304 198 97
leaf_count=5774 367 69 94 1299 778 60 697 62 307 443 251 304 198 97
internal_value=0.000830934 -0.201097 0.412813 0.345279 0.0367843 -0.295678 0.22404 -0.0621438 0.0864697 0.564497 0.755877 0.475216 -0.0736004 0.31732
internal_weight=10800 7248 3552 2460 1474 191 1161 131 1283 1092 345 747 505 794
internal_count=10800 7248 3552 2460 1474 191 1161 131 1283 1092 345 747 505 794
is_linear=0
shrinkage=0.05


Tree=55
num_leaves=15
num_cat=0
split_feature=65 65 65 34 48 0 4 9 37 43 21 37 8 30
split_gain=324874 26166.1 21213.7 10217.7 9890.93 8993.49 12074.9 8769.04 8165.88 7841.19 7129.35 8769.94 6676.51 6604.24
threshold=129.53476700000002 28.000000000000004 215.25594400000003 19.917708333333337 12.875000000000002 262.68540950000005 198.57314000000002 263.38003000000009 51.125000000000007 81.875000000000014 1.4305838189958214e-05 65.125000000000014 74.836544500000016 16.862500000000004
decision_type=2 2 2 2 2 2 2 2 2 2 2 2 2 2
left_child=1 -1 3 9 -5 6 13 -7 -6 -2 12 -12 -3 -4
right_child=2 10 5 4 8 7 -8 -9 -10 -11 11 -13 -14 -15
leaf_value=-0.25845067817866635 -0.61749874678525063 0.36637461495032925 -0.045808267084631461 0.34355555787777947 0.45247929805646775 1.033280663156221 -0.026518073205290173 0.42503564377792746 -0.18534306797765843 0.062637585464462228 0.083141434322371255 -0.18484789150622216 -0.30133337078893441 0.46144601757925668
leaf_weight=5380 54 186 66 897 68 123 144 118 183 184 540 700 46 2111
leaf_count=5380 54 186 66 897 68 123 144 118 183 184 540 700 46 2111
internal_value=0.00080081 -0.20735 0.362021 0.204222 0.265997 0.447275 0.416735 0.738455 -0.0114367 -0.0936171 -0.020536 -0.0681699 0.233259 0.446054
internal_weight=10800 6852 3948 1386 1148 2562 2321 241 251 238 1472 1240 232 2177
internal_count=10800 6852 3948 1386 1148 2562 2321 241 251 238 1472 1240 232 2177
is_linear=0
shrinkage=0.05


Tree=56
num_leaves=15
num_cat=0
split_feature=65 65 65 36 0 8 65 30 36 49 29 36 22 52
split_gain=293228 23615.1 19151 9403.33 8141.6 10337.7 7539.07 6964.25 6827.21 7040.55 7284.49 7812.73 6570.81 6561.19
threshold=129.53476700000002 28.000000000000004 215.25594400000003 25.307031250000005 266.95445250000006 257.88623600000005 261.5324245000001 16.025000000000002 18.395963541666671 2.5000000000000004 19.962500000000002 20.302864583333335 145.83517119791671 0.97335555334614943
decision_type=2 2 2 2 2 2 2 2 2 2 2 2 2 2
left_child=1 -1 3 8 5 6 -4 -8 -2 -10 11 -11 -5 -3
right_child=2 13 4 12 -6 -7 7 -9 9 10 -12 -13 -14 -15
leaf_value=-0.24553053356462021 -0.44856143187176678 -0.041038146230553414 0.3430628945508159 0.92211601414731637 0.77167046868940814 0.093468420009878359 -0.083422207567426909 0.55715245821870396 0.2720199686608244 0.17349781522224117 0.12215966828399064 -0.7062854321252916 0.29886057456334431 0.49712112407057973
leaf_weight=5380 46 1414 1085 66 159 245 44 1029 667 42 385 61 119 58
leaf_count=5380 46 1414 1085 66 159 245 44 1029 667 42 385 61 119 58
internal_value=0.00076822 -0.196985 0.343944 0.194013 0.424947 0.401694 0.436628 0.530832 0.142638 0.166552 0.0221357 -0.34932 0.524973 -0.0195104
internal_weight=10800 6852 3948 1386 2562 2403 2158 1073 1201 1155 488 103 185 1472
internal_count=10800 6852 3948 1386 2562 2403 2158 1073 1201 1155 488 103 185 1472
is_linear=0
shrinkage=0.05


Tree=57
num_leaves=15
num_cat=0
split_feature=65 65 6 31 51 24 41 49 24 51 47 51 45 51
split_gain=264667 21730.1 18281.7 12856.6 12479.4 11060.1 15254.9 13903.1 13890.6 9401.6 10685.9 8641.34 8641.18 8519.67
threshold=129.53476700000002 24.000000000000004 62.684561500000008 19.762500000000003 2.5000000000000004 300.20324800000009 82.875000000000014 3.5000000000000004 283.46498150000008 2.5000000000000004 78.065104166666671 3.5000000000000004 88.343750000000014 2.5000000000000004
decision_type=2 2 2 2 2 2 2 2 2 2 2 2 2 2
left_child=1 -1 3 4 -2 6 -5 9 13 -8 -11 -6 -13 -9
right_child=2 -3 -4 5 11 -7 7 8 -10 10 -12 12 -14 -15
leaf_value=-0.24786649057185622 -0.41501593077111815 -0.056573072113650716 0.11366505446005148 0.63518091896525464 0.70637486353516588 0.10230228873954071 0.28272524617687828 0.062215877035959516 0.42622761794133113 0.77436312999760304 0.39306519771733861 -0.0067248700226073049 0.66113499911105045 -0.63030348558948468
leaf_weight=4676 83 2176 803 795 83 245 542 113 159 323 435 235 60 72
leaf_count=4676 83 2176 803 795 83 245 542 113 159 323 435 235 60 72
internal_value=0.000741506 -0.187134 0.326776 0.381136 0.136832 0.423031 0.455193 0.367822 0.0848605 0.442575 0.556351 0.25878 0.130886 -0.209245
internal_weight=10800 6852 3948 3145 461 2684 2439 1644 344 1300 758 378 295 185
internal_count=10800 6852 3948 3145 461 2684 2439 1644 344 1300 758 378 295 185
is_linear=0
shrinkage=0.05


Tree=58
num_leaves=15
num_cat=0
split_feature=65 65 48 13 37 29 21 8 26 42 37 24 24 64
split_gain=239429 28756.8 11859.1 10644.7 8644.9 8440.95 7355.17 8078.87 6813.92 6287.24 6179.34 5837.41 6555.04 5595.44
threshold=165.07754800000001 87.394937500000012 11.875000000000002 1.3724561396087973 45.625000000000007 19.087500000000002 39.226005459472105 72.480577000000025 25.937500000000004 81.875000000000014 51.875000000000007 290.03840000000008 283.88332700000007 201.68129500000001
decision_type=2 2 2 2 2 2 2 2 2 2 2 2 2 2
left_child=1 -1 3 5 -3 -2 7 13 -9 11 -4 12 -5 -6
right_child=2 4 10 9 6 -7 -8 8 -10 -11 -12 -13 -14 -15
leaf_value=-0.21439837512152182 0.10370976787976716 0.44540512186721859 0.44175738581021629 0.61183994890421711 -0.069576040452930255 0.34984666597602287 0.19615808989012598 -0.37653620917350056 -0.0087658183859742212 0.38172278923187913 -0.077208950290013664 0.21323326829868028 1.2078884139105126 0.26770260491015579
leaf_weight=5774 446 116 74 390 294 1607 346 279 229 661 243 78 53 210
leaf_count=5774 446 116 74 390 294 1607 346 279 229 661 243 78 53 210
internal_value=0.000717389 -0.164086 0.336956 0.365548 0.0330124 0.296452 -0.0025159 -0.0705686 -0.211093 0.485208 0.044946 0.615519 0.68571 0.0712085
internal_weight=10800 7248 3552 3235 1474 2053 1358 1012 508 1182 317 521 443 504
internal_count=10800 7248 3552 3235 1474 2053 1358 1012 508 1182 317 521 443 504
is_linear=0
shrinkage=0.05


Tree=59
num_leaves=15
num_cat=0
split_feature=65 65 6 30 43 37 47 21 25 17 36 24 24 49
split_gain=216125 25982.6 10870.6 11229.1 9969.37 13371.9 10916.7 8125.7 8042.19 7735.1 7311.52 7104.93 8611.42 7048.12
threshold=165.07754800000001 84.179539500000018 62.684561500000008 22.787500000000005 76.875000000000014 84.125000000000014 73.924479166666671 61.897060640853418 104.57112527615017 2.2746480028614838e-05 26.654427083333335 291.91166700000002 279.13438900000006 3.5000000000000004
decision_type=2 2 2 2 2 2 2 2 2 2 2 2 2 2
left_child=1 -1 3 4 5 6 11 10 -5 -4 -3 12 13 -2
right_child=2 7 9 8 -6 -7 -8 -9 -10 -11 -12 -13 -14 -15
leaf_value=-0.20504467626961814 0.54761920863929303 -0.014537595655796501 0.18956744608272111 0.88342086512007212 0.40096243247682822 -0.45877038683328364 0.10633434832911207 0.72083404122329342 0.4370959946411801 -0.3568597150463611 0.56281113020683593 0.10400798498684992 0.89749756626474364 -0.12265100041736983
leaf_weight=5708 133 1444 476 151 1461 71 582 40 315 74 56 115 119 55
leaf_count=5708 133 1444 476 151 1461 71 582 40 315 74 56 115 119 55
internal_value=0.000697596 -0.15588 0.320154 0.357592 0.315903 0.200036 0.247035 0.0263644 0.583303 0.115534 0.00737735 0.440372 0.565624 0.351918
internal_weight=10800 7248 3552 3002 2536 1075 1004 1540 466 550 1500 422 307 188
internal_count=10800 7248 3552 3002 2536 1075 1004 1540 466 550 1500 422 307 188
is_linear=0
shrinkage=0.05


Tree=60
num_leaves=15
num_cat=0
split_feature=65 65 37 36 17 43 9 34 46 40 34 22 36 38
split_gain=195221 25966.8 9804.96 9726.22 9419.61 9482.55 9140.25 10019.1 7211.55 6795.39 6769.59 5867.14 7933.14 5728.15
threshold=175.86332950000002 87.394937500000012 50.125000000000007 18.666666666666668 29.38616941701153 73.875000000000014 253.49535900000004 22.942708333333336 71.817708333333357 93.875000000000014 22.451041666666672 145.63369552083336 24.679427083333334 62.625000000000007
decision_type=2 2 2 2 2 2 2 2 2 2 2 2 2 2
left_child=1 -1 11 9 5 -5 7 -4 -9 -2 -7 12 -3 -6
right_child=3 2 6 4 13 10 -8 8 -10 -11 -12 -13 -14 -15
leaf_value=-0.19354371189163166 -0.30473466407722583 0.18789426458336542 -0.027094728036910196 0.095088930225441459 0.83512535223060036 0.28947066308619607 -0.17643432642295687 0.044344384071451651 0.59001519957158188 0.45551513004139432 0.59114107393206805 -0.17580788024562471 0.84360109711815801 0.4126202210033606
leaf_weight=5774 103 117 573 581 87 1323 545 107 139 40 217 46 76 1072
leaf_count=5774 103 117 573 581 87 1323 545 107 139 40 217 46 76 1072
internal_value=0.000679809 -0.144124 0.0338975 0.3127 0.330296 0.267422 -0.0179445 0.0876085 0.353811 -0.0903909 0.332335 0.328608 0.449118 0.445028
internal_weight=10800 7377 1603 3423 3280 2121 1364 819 246 143 1540 239 193 1159
internal_count=10800 7377 1603 3423 3280 2121 1364 819 246 143 1540 239 193 1159
is_linear=0
shrinkage=0.05


Tree=61
num_leaves=15
num_cat=0
split_feature=65 65 53 36 17 43 31 34 16 45 37 36 44 32
split_gain=176209 23674.5 8916.03 8777.09 8512.37 8441.53 6969.67 6529.97 6479.4 6343.25 6067.49 5207.81 5093.66 5804.75
threshold=175.86332950000002 28.000000000000004 -0.9733555533461492 18.666666666666668 32.089303523637739 73.875000000000014 17.525000000000002 22.573958333333341 266.56805150000008 87.968750000000014 45.625000000000007 26.654427083333335 64.781250000000014 20.212500000000002
decision_type=2 2 2 2 2 2 2 2 2 2 2 2 2 2
left_child=1 -1 -3 9 5 8 -4 -7 -5 -2 -8 -12 -6 -14
right_child=3 2 6 4 12 7 10 -9 -10 -11 11 -13 13 -15
leaf_value=-0.19147297674407526 -0.32887540525816222 0.44769495910456913 -0.48771239089965823 -0.0087509513492422079 0.81259967038725933 0.28021645162486392 0.32794499554629652 0.57795897310025224 0.32514586726127709 0.36385013668560517 -0.037187222977830545 0.47591285571163777 0.65522019875477699 0.33928362331049439
leaf_weight=5380 93 109 74 424 81 1381 133 213 220 50 1631 50 180 781
leaf_count=5380 93 109 74 424 81 1381 133 213 220 50 1631 50 180 781
internal_value=0.000661873 -0.13691 0.0101074 0.2971 0.313815 0.258634 -0.0153795 0.32034 0.10564 -0.085819 0.00414691 -0.0216516 0.431973 0.39908
internal_weight=10800 7377 1997 3423 3280 2238 1888 1594 644 143 1814 1681 1042 961
internal_count=10800 7377 1997 3423 3280 2238 1888 1594 644 143 1814 1681 1042 961
is_linear=0
shrinkage=0.05


Tree=62
num_leaves=15
num_cat=0
split_feature=65 65 5 48 26 49 46 35 13 15 42 22 22 64
split_gain=159060 21724.1 8895.49 8368.92 8053.4 7062.4 8181.3 6914.55 6267.1 5966.46 6143.71 7564.01 5713.21 5337.81
threshold=175.86332950000002 24.000000000000004 243.76816550000004 11.875000000000002 19.012500000000003 3.5000000000000004 89.296875000000014 17.283333333333335 2.0641797476600767 212.19164300000003 74.125000000000014 142.49875159375003 137.21175876562504 175.30406850000003
decision_type=2 2 2 2 2 2 2 2 2 2 2 2 2 2
left_child=1 -1 12 4 5 6 7 -2 -6 10 -4 -12 -3 -14
right_child=3 2 9 -5 8 -7 -8 -9 -10 -11 11 -13 13 -15
leaf_value=-0.19526144169017701 -0.33814116895392349 -0.10982154074921135 -0.4857846149626901 -0.013107005218457847 0.28480252410538504 -0.27311192705797466 0.54588109926535544 0.19976855686391368 0.44887006259284939 0.34289281509916708 0.013681161336857699 0.73944073061390625 -0.050966870100149567 0.30139981999952159
leaf_weight=4676 76 1637 50 224 1760 90 129 266 878 241 289 40 264 180
leaf_count=4676 76 1637 50 224 1760 90 129 266 878 241 289 40 264 180
internal_value=0.000645218 -0.130061 -0.0171543 0.282289 0.302971 0.130628 0.20819 0.0795957 0.339558 0.148937 0.0250252 0.103893 -0.0666861 0.0922408
internal_weight=10800 7377 2701 3423 3199 561 471 342 2638 620 379 329 2081 444
internal_count=10800 7377 2701 3423 3199 561 471 342 2638 620 379 329 2081 444
is_linear=0
shrinkage=0.05


Tree=63
num_leaves=15
num_cat=0
split_feature=65 65 5 30 22 17 43 38 37 48 48 25 48 24
split_gain=143558 19609.7 8031.77 7582.74 8422.68 7104.78 6262.01 6539.66 5613.35 5452.34 10780.7 6324.96 5191.3 4766.54
threshold=175.86332950000002 24.000000000000004 243.76816550000004 22.787500000000005 39.593892395833343 30.31748869516078 76.875000000000014 83.375000000000014 65.125000000000014 1.1250000000000002 1.3750000000000002 102.52012716708374 4.1250000000000009 302.68069650000001
decision_type=2 2 2 2 2 2 2 2 2 2 2 2 2 2
left_child=1 -1 9 5 -5 6 7 -2 13 -3 -11 -12 -8 -4
right_child=3 2 8 4 -6 -7 12 -9 -10 10 11 -13 -14 -15
leaf_value=-0.18550045573611992 0.093140726371001403 0.33634802829928517 0.26962960164817407 0.9537623356370365 0.36128904839777448 0.33983217983015479 0.10178504345542649 -0.46707247631174742 -0.14150583662473373 -0.64116355914895129 -0.11473034127854265 0.083696889635370864 0.31470585008109064 -0.28288214051727811
leaf_weight=4676 511 81 442 67 548 1004 453 57 136 81 1348 571 783 42
leaf_count=4676 511 81 442 67 548 1004 453 57 136 81 1348 571 783 42
internal_value=0.000619487 -0.123554 -0.0162827 0.268187 0.427278 0.233204 0.173705 0.0362001 0.141539 -0.0633485 -0.0796962 -0.0556753 0.236815 0.2212
internal_weight=10800 7377 2701 3423 615 2808 1804 568 620 2081 2000 1919 1236 484
internal_count=10800 7377 2701 3423 615 2808 1804 568 620 2081 2000 1919 1236 484
is_linear=0
shrinkage=0.05


Tree=64
num_leaves=15
num_cat=0
split_feature=65 65 21 36 5 6 46 9 24 46 22 43 11 5
split_gain=129581 17696.2 7715.88 7210.43 6929 7111.36 6463.13 6710.19 6736.16 9563.47 10145.5 8792.3 10467.6 5891.54
threshold=175.86332950000002 24.000000000000004 62.919316966798085 18.666666666666668 234.30970600000003 69.10047950000002 92.005208333333357 272.25950450000005 300.20324800000009 81.817708333333357 46.568300442708342 79.625000000000014 260.21102450000006 265.35616800000008
decision_type=2 2 2 2 2 2 2 2 2 2 2 2 2 2
left_child=1 -1 13 -2 5 6 7 8 9 10 -5 12 -11 -3
right_child=3 2 -4 4 -6 -7 -8 -9 -10 11 -12 -13 -14 -15
leaf_value=-0.17622741948903209 -0.092186463275801447 -0.054681046520535397 0.42958507696959258 1.0550035736228847 -0.016683063800236091 0.11079903725491964 -0.2027781277381141 0.015950233916622366 0.061610776704037563 0.031120323064514829 0.45552875021686029 0.38203062178089331 0.87077069733201007 0.21190924119893545
leaf_weight=4676 143 2382 93 78 198 478 57 157 183 393 732 964 40 226
leaf_count=4676 143 2382 93 78 198 478 57 157 183 393 732 964 40 226
internal_value=0.000593239 -0.117381 -0.0154776 0.254802 0.269954 0.288368 0.320908 0.332703 0.353495 0.377659 0.514486 0.298013 0.110514 -0.0315069
internal_weight=10800 7377 2701 3423 3280 3082 2604 2547 2390 2207 810 1397 433 2608
internal_count=10800 7377 2701 3423 3280 3082 2604 2547 2390 2207 810 1397 433 2608
is_linear=0
shrinkage=0.05


Tree=65
num_leaves=15
num_cat=0
split_feature=65 65 65 64 21 8 27 25 8 51 0 49 46 46
split_gain=116971 15973.5 6991.98 7946.41 6970.76 6110.38 6472.38 5615.96 5944.14 5134.33 5071.91 4549.36 8146.4 6294.36
threshold=175.86332950000002 24.000000000000004 261.5324245000001 264.27020500000009 62.919316966798085 258.65802250000007 22.237500000000004 104.19667212036495 286.87046450000008 3.5000000000000004 262.68540950000005 3.5000000000000004 85.807291666666671 89.760416666666671
decision_type=2 2 2 2 2 2 2 2 2 2 2 2 2 2
left_child=1 -1 3 -2 7 6 11 -3 -9 -5 -7 13 -13 -4
right_child=2 4 5 9 -6 10 -8 8 -10 -11 -12 12 -14 -15
leaf_value=-0.16741792499088748 0.14622518273536117 -0.076012855108214109 0.31104514142274636 0.30649243752034666 0.40833431923504365 -0.17590914839992719 0.59381639590630175 0.12722868258174377 -0.4087136660835573 0.7833562405142066 0.4754595872621204 0.32544724280014636 -0.48435151918480801 0.83227784335613253
leaf_weight=4676 1828 1870 665 263 93 97 259 683 55 72 42 87 47 63
leaf_count=4676 1828 1870 665 263 93 97 259 683 55 72 42 87 47 63
internal_value=0.000577846 -0.111509 0.242101 0.187405 -0.0146929 0.335773 0.374514 -0.0299286 0.0867882 0.411009 0.0228976 0.30801 0.0399295 0.357232
internal_weight=10800 7377 3423 2163 2701 1260 1121 2608 738 335 139 862 134 728
internal_count=10800 7377 3423 2163 2701 1260 1121 2608 738 335 139 862 134 728
is_linear=0
shrinkage=0.05


Tree=66
num_leaves=15
num_cat=0
split_feature=65 65 34 64 9 37 0 8 8 65 36 22 51 16
split_gain=105672 11379.3 10394.2 8399.41 8023.03 7032.73 5628.49 8150.76 5378.09 5114.35 4937.83 7104.74 6342.46 5094.3
threshold=116.68736850000001 215.25594400000003 19.917708333333337 205.60313450000004 270.46035150000006 51.875000000000007 266.95445250000006 257.88623600000005 76.601832000000016 261.5324245000001 25.415885416666672 145.83517119791671 1.5000000000000002 276.3691280000001
decision_type=2 2 2 2 2 2 2 2 2 2 2 2 2 2
left_child=3 2 -2 -1 10 -6 7 9 -5 -3 13 -12 -13 -4
right_child=1 6 4 8 5 -7 -8 -9 -10 -11 11 12 -14 -15
leaf_value=-0.13896694042414567 -0.17655505443967523 0.1958387422746897 0.12284232301091938 0.4046352247852798 0.34666052003701531 -0.28275971344906337 0.54868869538884613 -0.031497976701040341 -0.019091154057532551 0.35016289035879855 0.89131463785966236 0.66494785077042051 -0.10831917262994327 0.49276318300645267
leaf_weight=6197 293 1085 902 108 59 170 159 245 239 1073 59 44 64 103
leaf_count=6197 293 1085 902 108 59 170 159 245 239 1073 59 44 64 103
internal_value=0.000562826 0.194473 0.0938497 -0.125561 0.150487 -0.119793 0.260943 0.241684 0.113573 0.272698 0.203354 0.454528 0.209926 0.161207
internal_weight=10800 4256 1694 6544 1401 229 2562 2403 347 2158 1172 167 108 1005
internal_count=10800 4256 1694 6544 1401 229 2562 2403 347 2158 1172 167 108 1005
is_linear=0
shrinkage=0.05


Tree=67
num_leaves=15
num_cat=0
split_feature=65 65 36 20 43 0 48 47 22 9 65 24 45 46
split_gain=95650.4 13445.1 6564.36 6242.85 6103.91 7666.12 7287.33 6298.74 6424.61 5977.58 6453.47 5144.41 5063.13 5045.04
threshold=175.86332950000002 24.000000000000004 18.666666666666668 274.28284400000007 74.875000000000014 265.35616800000008 4.6250000000000009 77.040364583333357 126.05083759895835 251.79442450000002 87.394937500000012 300.20324800000009 87.968750000000014 82.703125000000014
decision_type=2 2 2 2 2 2 2 2 2 2 2 2 2 2
left_child=1 -1 12 -3 5 7 -6 -4 -9 10 -5 13 -2 -8
right_child=2 3 4 9 6 -7 11 8 -10 -11 -12 -13 -14 -15
leaf_value=-0.15210196033919854 -0.32896791697142924 -0.041766245757033665 0.15055727971785654 0.0041927262378687212 0.15163235968174218 0.39329349648861145 0.49480955801401399 0.35807389065015077 -0.28628582345573483 0.044764509414094517 0.78469001535002303 -0.15367125080735422 0.29008544316770984 0.29455504211050199
leaf_weight=4676 93 2342 657 43 714 233 488 48 184 248 68 49 50 907
leaf_count=4676 93 2342 657 43 714 233 488 48 184 248 68 49 50 907
internal_value=0.000549781 -0.100808 0.218955 -0.0119851 0.233414 0.138629 0.282608 0.0715162 -0.152005 0.181873 0.485072 0.347221 -0.112004 0.364913
internal_weight=10800 7377 3423 2701 3280 1122 2158 889 232 359 111 1444 143 1395
internal_count=10800 7377 3423 2701 3280 1122 2158 889 232 359 111 1444 143 1395
is_linear=0
shrinkage=0.05


Tree=68
num_leaves=15
num_cat=0
split_feature=65 9 26 49 36 64 46 36 22 22 35 24 49 51
split_gain=86341.2 10283.8 11376.8 9576.55 8209.51 7337.83 7069.52 6403.09 14223.5 6489.22 6267.17 6151.24 16919.4 8554.52
threshold=116.68736850000001 270.46035150000006 19.012500000000003 3.5000000000000004 20.302864583333335 205.60313450000004 89.296875000000014 25.415885416666672 145.83517119791671 148.27345940104172 17.283333333333335 278.11863750000003 3.5000000000000004 3.5000000000000004
decision_type=2 2 2 2 2 2 2 2 2 2 2 2 2 2
left_child=5 2 3 6 -5 -1 10 9 -9 11 -2 12 -4 -13
right_child=1 -3 7 4 -6 -7 -8 8 -10 -11 -12 13 -14 -15
leaf_value=-0.12600435686362929 -0.36693282367552027 -0.068744121201793712 0.24597694853557664 0.01346001662706074 -0.67321724704018349 0.11003194085814745 0.42847615996201482 0.82952578937188837 0.21863503170193357 -0.15157839962265504 0.12265241470108922 0.24818292807093162 -0.15828323431215163 0.61887604652539552
leaf_weight=6197 84 390 1478 94 80 347 138 141 293 117 282 640 313 206
leaf_count=6197 84 390 1478 94 80 347 138 141 293 117 282 640 313 206
internal_value=0.000531569 0.175811 0.200492 0.0144737 -0.304297 -0.113473 0.12491 0.240037 0.418555 0.211762 0.00959494 0.227935 0.175278 0.33907
internal_weight=10800 4256 3866 678 174 6544 504 3188 434 2754 366 2637 1791 846
internal_count=10800 4256 3866 678 174 6544 504 3188 434 2754 366 2637 1791 846
is_linear=0
shrinkage=0.05


Tree=69
num_leaves=15
num_cat=0
split_feature=65 65 48 13 21 20 9 65 42 36 43 29 48 65
split_gain=78341.5 11279.1 5741.14 5860.1 5590.55 5447.88 5207.84 5500.17 5143.31 5746.9 4498.48 4425.91 4646.66 11917.2
threshold=175.86332950000002 24.000000000000004 11.875000000000002 1.1376416056115164 1.4305838189958214e-05 274.28284400000007 251.79442450000002 87.394937500000012 75.125000000000014 23.387760416666669 63.375000000000007 22.512500000000003 5.8750000000000009 220.08628400000001
decision_type=2 2 2 2 2 2 2 2 2 2 2 2 2 2
left_child=1 -1 3 4 11 -3 7 -7 9 -5 -10 12 -2 -14
right_child=2 5 -4 8 -6 6 -8 -9 10 -11 -12 -13 13 -15
leaf_value=-0.13819962283447049 0.2687696599109311 -0.03768572441616358 -0.046352506748504108 0.96392384137747433 0.068493510122179177 0.010144888920794157 0.043246373300062847 0.73084121769753052 -0.07040238533869829 0.37686829631280527 0.28260454234707794 0.48685794045616482 0.17896313843837139 -0.6850963024612593
leaf_weight=4676 638 2342 224 52 891 43 248 68 100 211 892 153 214 48
leaf_count=4676 638 2342 224 52 891 43 248 68 100 211 892 153 214 48
internal_value=0.000510964 -0.0912191 0.19817 0.215301 0.160783 -0.00986487 0.17123 0.454236 0.299554 0.496152 0.246984 0.238736 0.196061 0.0186591
internal_weight=10800 7377 3423 3199 1944 2701 359 111 1255 263 992 1053 900 262
internal_count=10800 7377 3423 3199 1944 2701 359 111 1255 263 992 1053 900 262
is_linear=0
shrinkage=0.05


Tree=70
num_leaves=15
num_cat=0
split_feature=65 65 37 8 37 30 51 46 25 36 24 49 25 46
split_gain=70714.8 10348 5976.08 6012.26 9996.04 5512.37 7021.23 5338.38 5468.46 5546.34 5368.83 12803 5226.54 6044.06
threshold=175.86332950000002 87.394937500000012 45.625000000000007 72.480577000000025 65.125000000000014 19.012500000000003 2.5000000000000004 91.739583333333357 110.83558801624868 24.895182291666668 277.75656700000008 3.5000000000000004 98.910096954066233 80.453125000000014
decision_type=2 2 2 2 2 2 2 2 2 2 2 2 2 2
left_child=1 -1 -3 -4 -5 6 -2 8 10 -10 11 12 13 -7
right_child=5 2 3 4 -6 7 -8 -9 9 -11 -12 -13 -14 -15
leaf_value=-0.11785187582622457 -0.27982956940846165 0.35206918014689936 0.10090518402179555 0.053042678921867176 -0.31462410440281879 0.672741759587557 0.13629962868409892 -0.28296273228927304 -0.29185568165813325 0.23361397309554288 0.34227304210196097 -0.16211393663141116 0.14398847955985444 0.27736546336337159
leaf_weight=5774 123 128 717 441 317 116 555 51 97 102 961 219 618 581
leaf_count=5774 123 128 717 441 317 116 555 51 97 102 961 219 618 581
internal_value=0.000496682 -0.086654 0.025724 -0.0028155 -0.10093 0.188288 0.0605062 0.219816 0.229435 -0.0226981 0.249546 0.191271 0.250202 0.344037
internal_weight=10800 7377 1603 1475 758 3423 678 2745 2694 199 2495 1534 1315 697
internal_count=10800 7377 1603 1475 758 3423 678 2745 2694 199 2495 1534 1315 697
is_linear=0
shrinkage=0.05


Tree=71
num_leaves=15
num_cat=0
split_feature=65 65 36 17 43 25 24 64 38 32 45 31 36 41
split_gain=63825.5 9483.55 5233.68 5160.8 5267.55 4924.25 6051.58 4715.04 4630.99 4796.06 4312.14 4286.04 4807.58 8611.57
threshold=175.86332950000002 24.000000000000004 18.666666666666668 29.38616941701153 73.375000000000014 104.19667212036495 301.64842750000008 95.335915500000013 59.375000000000007 20.712500000000002 87.968750000000014 21.962500000000002 23.331510416666671 82.875000000000014
decision_type=2 2 2 2 2 2 2 2 2 2 2 2 2 2
left_child=1 -1 10 4 -4 -3 7 -7 -5 -10 -2 -11 13 -13
right_child=2 5 3 8 -6 6 -8 -9 9 11 -12 12 -14 -15
leaf_value=-0.12539978316382311 -0.31672022673103251 -0.051166445754681905 0.01607151916424401 0.74383123406008178 0.19334378890751247 -0.26241869032382964 -0.18674596854926725 0.20716797168131784 0.44556892320842434 0.070330428836162501 0.25465704176355813 1.1195204989115399 0.21083173178943826 0.20963332757819444
leaf_weight=4676 93 1910 575 50 1546 58 151 582 254 373 50 44 375 63
leaf_count=4676 93 1910 575 50 1546 58 151 582 254 373 50 44 375 63
internal_value=0.000475841 -0.0823208 0.178885 0.191797 0.145316 -0.00772326 0.0971096 0.164269 0.276661 0.254947 -0.116557 0.197864 0.296206 0.590694
internal_weight=10800 7377 3423 3280 2121 2701 791 640 1159 1109 143 855 482 107
internal_count=10800 7377 3423 3280 2121 2701 791 640 1159 1109 143 855 482 107
is_linear=0
shrinkage=0.05


Tree=72
num_leaves=15
num_cat=0
split_feature=65 9 26 49 36 46 64 31 24 24 49 51 36 36
split_gain=57771.9 8217.31 9532.75 7946.87 7272.36 6165.56 6027.7 5434.08 5296.7 8377.66 14494.4 6552.5 5625.95 13363.5
threshold=116.68736850000001 270.46035150000006 19.012500000000003 3.5000000000000004 20.302864583333335 89.296875000000014 205.60313450000004 22.237500000000004 300.20324800000009 277.29195150000004 3.5000000000000004 3.5000000000000004 22.750520833333336 21.825520833333339
decision_type=2 2 2 2 2 2 2 2 2 2 2 2 2 2
left_child=6 2 3 5 -5 -2 -1 -3 9 10 12 -12 13 -4
right_child=1 7 8 4 -6 -7 -8 -9 -10 -11 11 -13 -14 -15
leaf_value=-0.10414961674149988 -0.011353697900264461 -0.18790877705270595 0.31920687764522493 0.0044549578898831418 -0.64192624643996909 0.37977642163285896 0.10976588739210676 0.23129881739194663 0.0032203318738059979 0.33296393899502674 -0.033011840233173703 -0.59067379832267763 0.36286543491839746 -0.045878658106008496
leaf_weight=6197 366 285 555 94 80 138 347 105 303 1082 247 66 479 456
leaf_count=6197 366 285 555 94 80 138 347 105 303 1082 247 66 479 456
internal_value=0.000463754 0.143841 0.165905 -0.00434564 -0.294702 0.0962814 -0.0927916 -0.0747423 0.202102 0.222982 0.156832 -0.152109 0.221789 0.154657
internal_weight=10800 4256 3866 678 174 504 6544 390 3188 2885 1803 313 1490 1011
internal_count=10800 4256 3866 678 174 504 6544 390 3188 2885 1803 313 1490 1011
is_linear=0
shrinkage=0.05


Tree=73
num_leaves=15
num_cat=0
split_feature=65 64 22 24 64 6 43 47 33 25 33 24 22 41
split_gain=52167.7 7991.95 5704.81 5492.21 5556.14 4853.01 5418.86 8517.86 7072.24 5311.13 5002.53 4690.19 5704.76 4732.67
threshold=175.86332950000002 102.91330200000002 133.23735208854171 301.64842750000008 201.68129500000001 62.684561500000008 76.875000000000014 73.924479166666671 20.256250000000005 109.2624300420939 22.753125000000004 277.75656700000008 144.3220852135417 76.875000000000014
decision_type=2 2 2 2 2 2 2 2 2 2 2 2 2 2
left_child=1 -1 -3 4 -4 6 7 8 -2 11 -8 -10 -13 -14
right_child=5 2 3 -5 -6 -7 10 -9 9 -11 -12 12 13 -15
leaf_value=-0.10412666715606565 -0.33922947395821007 -0.067068024192343353 0.07249067036874704 -0.22318620706597964 0.3744766291650668 0.018749745996072854 0.21306516500611586 -0.030395542402481157 0.18182390996376874 -0.0019905281067651706 0.48686105679210395 0.74684993381379172 -0.16250310661487802 0.50398160417524862
leaf_weight=5563 48 958 537 107 212 506 1545 591 185 122 187 127 42 70
leaf_count=5563 48 958 537 107 212 506 1545 591 185 122 187 127 42 70
internal_value=0.000441161 -0.0744131 0.0167169 0.110454 0.158351 0.161736 0.186524 0.104005 0.237553 0.288787 0.24289 0.372261 0.518299 0.254824
internal_weight=10800 7377 1814 856 749 3423 2917 1185 594 546 1732 424 239 112
internal_count=10800 7377 1814 856 749 3423 2917 1185 594 546 1732 424 239 112
is_linear=0
shrinkage=0.05


Tree=74
num_leaves=15
num_cat=0
split_feature=65 65 31 51 24 64 51 45 51 64 8 8 27 25
split_gain=47341.2 7029.08 6226.78 9245.02 5506.73 5702.75 6430.21 5299.2 4957.59 4807.48 4837.88 4378.27 3980.25 3698.51
threshold=119.46223000000002 261.5324245000001 19.762500000000003 2.5000000000000004 322.54412650000006 266.28212850000006 3.5000000000000004 51.656250000000007 3.5000000000000004 205.60313450000004 72.480577000000025 257.88623600000005 22.237500000000004 104.3663699718863
decision_type=2 2 2 2 2 2 2 2 2 2 2 2 2 2
left_child=9 2 3 -2 5 7 -7 -4 -5 -1 -11 12 -3 -14
right_child=1 11 4 8 -6 6 -8 -9 -10 10 -12 -13 13 -15
leaf_value=-0.093300370826342502 -0.58623996197500017 0.21392791621388088 0.53441219959846309 0.40650110560566638 -0.40147670564055443 0.21587748014639449 0.78946527242660525 0.085772435185018758 -0.076042275640638868 0.35315405827326085 -0.032705930894654657 -0.01905237870711473 0.61648599116648306 0.22603051859918422
leaf_weight=6240 76 858 67 66 49 253 60 2101 258 119 251 154 136 112
leaf_count=6240 76 858 67 66 49 253 60 2101 258 119 251 154 136 112
internal_value=0.000426834 0.131892 0.0893723 -0.0937652 0.118352 0.128777 0.327994 0.0998772 0.0232019 -0.082915 0.0920124 0.230619 0.26537 0.441767
internal_weight=10800 4190 2930 400 2530 2481 313 2168 324 6610 370 1260 1106 248
internal_count=10800 4190 2930 400 2530 2481 313 2168 324 6610 370 1260 1106 248
is_linear=0
shrinkage=0.05


Tree=75
num_leaves=15
num_cat=0
split_feature=65 6 36 36 22 49 24 47 36 35 51 36 45 22
split_gain=42951.9 10878.1 6809.57 6592.82 9798.91 6106.03 12523.6 10117 6999.55 7350.59 5425.75 5979.44 5413.25 5185.38
threshold=91.384633000000022 62.684561500000008 19.607031250000002 25.415885416666672 145.83517119791671 3.5000000000000004 274.65417650000006 69.501302083333357 19.968619791666672 19.669270833333336 1.5000000000000002 25.710807291666665 50.197916666666679 148.27345940104172
decision_type=2 2 2 2 2 2 2 2 2 2 2 2 2 2
left_child=-1 3 -3 5 -5 13 8 -8 -7 -10 -6 -12 -4 -2
right_child=1 2 12 4 10 6 7 -9 9 -11 11 -13 -14 -15
leaf_value=-0.091094229134117688 0.19167277126061932 -0.37252314218826466 0.36937109946652696 0.69603656011030957 0.46654533040304874 0.27544430405558912 0.76798364285598786 0.097089525266900803 -0.64748216068621767 -0.12635005437707456 0.48662300507227585 -0.21468311487951064 0.0013222877778708449 -0.21158589390387017
leaf_weight=5862 2145 113 107 135 91 67 67 326 96 226 41 109 1333 82
leaf_count=5862 2145 113 107 135 91 67 67 326 96 226 41 109 1333 82
internal_value=0.000415828 0.109046 -0.000522283 0.1593 0.356515 0.134546 0.014322 0.213125 -0.186556 -0.283242 0.164236 -0.0210396 0.0289077 0.176736
internal_weight=10800 4938 1553 3385 376 3009 782 393 389 322 241 150 1440 2227
internal_count=10800 4938 1553 3385 376 3009 782 393 389 322 241 150 1440 2227
is_linear=0
shrinkage=0.05


Tree=76
num_leaves=15
num_cat=0
split_feature=65 65 0 43 9 16 9 46 48 64 24 46 65 48
split_gain=38841.5 7365.83 4717.02 5309.65 4670.88 4637.71 4743.6 6119.65 4569.74 4466.75 4291.18 5108.69 4144.57 4063.47
threshold=190.81968700000002 24.000000000000004 266.52725100000004 76.125000000000014 263.38003000000009 272.70666550000004 251.79442450000002 56.401041666666679 4.6250000000000009 250.92595350000002 288.22990800000008 82.703125000000014 267.69387700000004 1.1250000000000002
decision_type=2 2 2 2 2 2 2 2 2 2 2 2 2 2
left_child=1 -1 3 9 -4 13 -7 -8 -5 -2 11 -10 -13 -3
right_child=2 5 4 8 -6 6 7 -9 10 -11 -12 12 -14 -15
leaf_value=-0.099563927341532146 -0.080239447577253015 0.32082508580713737 0.56412876843904647 0.069022784401336648 0.11079931734401045 0.3794382857721324 0.49755152886540732 -0.072752314901992077 0.41027238212900319 0.14374492770041586 -0.029477596185330687 0.099967579797609923 0.32969808457448291 -0.037024124623352334
leaf_weight=4676 456 81 129 675 102 148 57 248 382 433 144 509 320 2440
leaf_count=4676 456 81 129 675 102 148 57 248 382 433 144 509 320 2440
internal_value=0.000402853 -0.060443 0.148144 0.13084 0.365298 0.00107924 0.148192 0.0351067 0.175449 0.0288942 0.228375 0.259035 0.188936 -0.0254037
internal_weight=10800 7650 3150 2919 231 2974 453 305 2030 889 1355 1211 829 2521
internal_count=10800 7650 3150 2919 231 2974 453 305 2030 889 1355 1211 829 2521
is_linear=0
shrinkage=0.05


Tree=77
num_leaves=15
num_cat=0
split_feature=65 6 36 36 24 49 24 47 24 30 51 29 8 48
split_gain=35205.5 9123.31 6108.66 5732.56 9149.7 5208.25 11126.4 9072.81 6437.84 4860.9 6421.1 9700.2 6185.81 5327.95
threshold=91.384633000000022 62.684561500000008 19.649739583333339 25.415885416666672 278.56941200000006 3.5000000000000004 274.65417650000006 69.501302083333357 273.12119300000006 16.025000000000002 2.5000000000000004 19.762500000000003 209.47377550000002 2.8750000000000004
decision_type=2 2 2 2 2 2 2 2 2 2 2 2 2 2
left_child=-1 3 -3 5 -5 9 8 -8 -7 -2 11 -11 -13 -12
right_child=1 2 -4 4 -6 6 7 -9 -10 10 13 12 -14 -15
leaf_value=-0.082453377874043596 -0.23018216121119339 -0.34902561516461211 0.026669713799350781 0.93176937544787375 0.22712478692245233 -0.080923633072014584 0.72348067551193873 0.088171235052726324 -0.60209752566193886 -0.37483819065228952 -0.25678656145930295 0.21723571655552792 -0.088812434024651332 0.27148935161397753
leaf_weight=5862 76 116 1437 53 323 317 67 326 72 105 49 600 227 1170
leaf_count=5862 76 116 1437 53 323 317 67 326 72 105 49 600 227 1170
internal_value=0.000394776 0.0987423 -0.00159907 0.144765 0.328658 0.121684 0.0106537 0.198042 -0.178684 0.16065 0.174559 0.0756448 0.133224 0.250061
internal_weight=10800 4938 1553 3385 376 3009 782 393 389 2227 2151 932 827 1219
internal_count=10800 4938 1553 3385 376 3009 782 393 389 2227 2151 932 827 1219
is_linear=0
shrinkage=0.05


Tree=78
num_leaves=15
num_cat=0
split_feature=65 9 26 22 54 46 65 24 25 22 30 47 42 64
split_gain=31795.9 6216.79 7401.55 7439.66 7113.68 6296.19 5769.34 5307.3 7816.43 5118.6 4424.72 4221.48 8121.35 4021.45
threshold=115.95147100000001 268.69404500000007 20.912500000000005 60.562329843750014 1.0000000180025095e-35 83.005208333333357 270.38757000000004 284.15934500000009 99.107873749544453 125.64656252604168 18.112500000000004 82.990885416666671 83.125000000000014 205.60313450000004
decision_type=2 2 2 2 2 2 2 2 2 2 2 2 2 2
left_child=13 2 4 5 7 -4 9 8 11 -6 -3 12 -2 -1
right_child=1 10 3 -5 6 -7 -8 -9 -10 -11 -12 -13 -14 -15
leaf_value=-0.078369146671282863 0.0080034236402573324 -0.5551085729462405 0.62109531038357124 0.15039637161417405 -0.17969361628786151 0.13883339048459614 0.44997805904682359 0.27811741228215398 -0.43397259397530247 0.15968224609134724 -0.017267807404834145 0.24015375665099969 -0.57852810995831883 0.097080552237297321
leaf_weight=6178 308 41 166 2005 141 115 130 95 151 511 428 115 72 344
leaf_count=6178 308 41 166 2005 141 115 130 95 151 511 428 115 72 344
internal_value=0.000376985 0.106292 0.127439 0.184313 0.042009 0.424921 0.147111 -0.0689572 -0.120349 0.0861268 -0.0653669 -0.0239953 -0.104356 -0.0691017
internal_weight=10800 4278 3809 2286 1523 281 782 741 646 652 469 495 380 6522
internal_count=10800 4278 3809 2286 1523 281 782 741 646 652 469 495 380 6522
is_linear=0
shrinkage=0.05


Tree=79
num_leaves=15
num_cat=0
split_feature=65 64 22 0 43 9 17 48 24 41 37 65 46 65
split_gain=28961.4 5823.89 4218.7 4062.44 4591.71 4566.09 4027.59 3931.23 4071.18 3825.59 3493.18 4875.52 3468.35 3528.99
threshold=190.81968700000002 194.41475600000004 133.23735208854171 265.35616800000008 76.875000000000014 261.34057250000006 67.804243861436248 4.6250000000000009 288.22990800000008 79.125000000000014 51.125000000000007 96.61214750000002 82.703125000000014 267.69387700000004
decision_type=2 2 2 2 2 2 2 2 2 2 2 2 2 2
left_child=1 10 -3 4 6 -5 -2 -6 12 -10 11 -1 -9 -14
right_child=3 2 -4 5 7 -7 -8 8 9 -11 -12 -13 13 -15
leaf_value=-0.067815172072889202 -0.037496658411757304 -0.043868230345348522 0.19587765712919947 0.5684182453169444 0.054769634572412108 0.13838570662992913 0.21949698722431649 0.3605301160428101 -0.42575405998074489 0.12888200870171812 -0.076932055861142781 0.23274820031087221 0.092643845065473573 0.30710000363044654
leaf_weight=334 711 350 384 106 671 148 193 370 45 95 6357 225 499 312
leaf_count=334 711 350 384 106 671 148 193 370 45 95 6357 225 499 312
internal_value=0.000359526 -0.0521809 0.0816533 0.127934 0.111039 0.319373 0.0175523 0.153434 0.203471 -0.051149 -0.0663945 0.0533625 0.233673 0.175424
internal_weight=10800 7650 734 3150 2896 254 904 1992 1321 140 6916 559 1181 811
internal_count=10800 7650 734 3150 2896 254 904 1992 1321 140 6916 559 1181 811
is_linear=0
shrinkage=0.05


Tree=80
num_leaves=15
num_cat=0
split_feature=65 6 35 36 24 22 49 24 47 36 40 30 51 29
split_gain=26226.4 7382.19 5711.55 4832.06 7865.03 4709.74 4498.26 10121.1 7842.14 5923.01 6040.59 4499.09 5123.37 9492.8
threshold=87.394937500000012 62.684561500000008 20.92604166666667 25.415885416666672 278.56941200000006 148.27345940104172 3.5000000000000004 274.65417650000006 69.501302083333357 19.968619791666672 88.625000000000014 16.862500000000004 2.5000000000000004 19.762500000000003
decision_type=2 2 2 2 2 2 2 2 2 2 2 2 2 2
left_child=-1 3 -3 5 -5 6 11 9 -9 -8 -11 -2 13 -13
right_child=1 2 -4 4 -6 -7 7 8 -10 10 -12 12 -14 -15
leaf_value=-0.072339314717785569 -0.17982583931580032 -0.1715735081133434 0.048460712584611029 0.8538581746595878 0.20065017550447842 -0.23637985275792228 0.25560026205536251 0.67851514174886374 0.089065934055742965 -0.14835729664724803 -0.69482079422663134 -0.36614616509034947 0.23757942305117474 0.13828985166273877
leaf_weight=5774 96 385 1249 53 323 97 68 68 312 261 62 105 1170 777
leaf_count=5774 96 385 1249 53 323 97 68 68 312 261 62 105 1170 777
internal_value=0.000349175 0.0838534 -0.00345656 0.125901 0.294745 0.104761 0.116174 0.0125496 0.19605 -0.165834 -0.255072 0.153346 0.169013 0.0778913
internal_weight=10800 5026 1634 3392 376 3016 2919 771 380 391 323 2148 2052 882
internal_count=10800 5026 1634 3392 376 3016 2919 771 380 391 323 2148 2052 882
is_linear=0
shrinkage=0.05


Tree=81
num_leaves=15
num_cat=0
split_feature=65 64 37 5 22 40 35 37 65 24 49 51 51 24
split_gain=23819.5 5061.11 3681.89 6016.42 3556.1 3385.46 3093.58 3036.12 4225.34 3033.69 9407.25 4970.64 3941.57 7540.74
threshold=190.81968700000002 194.41475600000004 57.875000000000007 197.01993650000003 133.23735208854171 72.875000000000014 18.001041666666669 51.125000000000007 96.61214750000002 277.75656700000008 3.5000000000000004 3.5000000000000004 3.5000000000000004 288.22990800000008
decision_type=2 2 2 2 2 2 2 2 2 2 2 2 2 2
left_child=1 7 5 9 6 -2 -3 8 -1 10 -4 -12 13 -11
right_child=2 4 3 -5 -6 -7 -8 -9 -10 12 11 -13 -14 -15
leaf_value=-0.061729859145942027 0.055670348699722032 0.35451539080082017 0.12711457562274928 -0.21696664209095695 0.18231781135567213 0.56715803697616574 -0.093724062411090381 -0.070388258461313163 0.21807749728152973 0.28440542604497387 -0.048356358081860062 -0.52198375276761289 0.41808334112592782 -0.027404446806758645
leaf_weight=334 53 43 1674 138 384 83 307 6357 225 438 176 80 161 347
leaf_count=334 53 43 1674 138 384 83 307 6357 225 438 176 80 161 347
internal_value=0.000334644 -0.0473139 0.116031 0.104466 0.0774477 0.36969 -0.0378015 -0.0605642 0.0510822 0.11996 0.0839343 -0.19782 0.193291 0.146714
internal_weight=10800 7650 3150 3014 734 136 350 6916 559 2876 1930 256 946 785
internal_count=10800 7650 3150 3014 734 136 350 6916 559 2876 1930 256 946 785
is_linear=0
shrinkage=0.05


Tree=82
num_leaves=15
num_cat=0
split_feature=65 64 0 43 47 22 0 29 45 51 9 48 22 43
split_gain=21498.9 4569.71 3464.82 3702.82 3789.32 3889.35 3646.38 3662.28 3400.44 4478.34 3285.17 3199.87 3295.64 6167.55
threshold=190.81968700000002 194.41475600000004 266.95445250000006 75.625000000000014 77.040364583333357 126.75886509895834 248.17799000000002 20.162500000000005 89.270833333333357 3.5000000000000004 263.38003000000009 4.6250000000000009 143.60332484375002 86.875000000000014
decision_type=2 2 2 2 2 2 2 2 2 2 2 2 2 2
left_child=1 -1 3 4 6 -6 -2 -8 9 -3 -4 -5 -13 -14
right_child=2 8 10 11 5 -7 7 -9 -10 -11 -12 12 13 -15
leaf_value=-0.057535365642946083 -0.022158319233223436 0.050546042334065122 0.47028941431045529 0.042851742879392828 0.14556969064152867 -0.30591294891559162 0.57425760022903749 0.11520992986818049 -0.22401583075523376 0.39109946261317929 0.081511596786048343 0.20528793828635084 -0.19305655303794672 0.47670704644659295
leaf_weight=6916 400 533 124 676 68 155 56 186 84 117 97 1208 135 45
leaf_count=6916 400 533 124 676 68 155 56 186 84 117 97 1208 135 45
internal_value=0.000323312 -0.0449447 0.110239 0.0957645 0.00890686 -0.168206 0.0705932 0.223362 0.0736054 0.112352 0.300785 0.132144 0.175569 -0.023907
internal_weight=10800 7650 3150 2929 865 223 642 242 734 650 221 2064 1388 180
internal_count=10800 7650 3150 2929 865 223 642 242 734 650 221 2064 1388 180
is_linear=0
shrinkage=0.05


Tree=83
num_leaves=15
num_cat=0
split_feature=65 36 8 37 65 46 25 24 51 31 24 49 25 36
split_gain=19749.7 6212.94 5968.2 5016.12 5337.89 4055.58 3780.38 5454.05 3679.78 8463.21 8212.66 4867.77 4744.45 4323.25
threshold=87.394937500000012 18.666666666666668 267.02941400000003 56.125000000000007 261.5324245000001 89.864583333333357 103.78186874622266 316.47486500000008 2.5000000000000004 19.762500000000003 296.45735250000007 3.5000000000000004 1.3929144002791032 19.481250000000006
decision_type=2 2 2 2 2 2 2 2 2 2 2 2 2 2
left_child=-1 5 3 -3 8 -2 -4 -8 9 -5 11 12 -10 -13
right_child=1 2 6 4 -6 -7 7 -9 10 -11 -12 13 -14 -15
leaf_value=-0.06276262710416021 -0.32157259998576987 0.29130271501083693 -0.29760836453779654 -0.48079203330398945 0.18061287202930337 0.23915636401350904 0.073597592151454408 -0.43918547272682196 -0.31113971534528234 0.02444190644107793 0.56513916324148628 0.25806704595496383 0.15860169157025408 -0.15505761731792519
leaf_weight=5774 153 330 135 88 1123 40 381 59 56 1206 90 78 968 319
leaf_count=5774 153 330 135 88 1123 40 381 59 56 1206 90 78 968 319
internal_value=0.000315251 0.0727788 0.0839007 0.104317 0.0885381 -0.204726 -0.0672076 0.00399808 0.0516242 -0.0102619 0.104594 0.0750485 0.132634 -0.0734451
internal_weight=10800 5026 4833 4258 3928 193 575 440 2805 1294 1511 1421 1024 397
internal_count=10800 5026 4833 4258 3928 193 575 440 2805 1294 1511 1421 1024 397
is_linear=0
shrinkage=0.05


Tree=84
num_leaves=15
num_cat=0
split_feature=65 36 8 37 65 46 32 41 7 51 7 25 34 36
split_gain=17823.7 5607.99 5390.52 4528.98 4817.99 3665.63 3457.3 5064.88 7166.78 3524.94 3431.78 3429.66 4778.48 14578.5
threshold=87.394937500000012 18.666666666666668 267.02941400000003 56.125000000000007 261.5324245000001 89.864583333333357 19.512500000000003 82.625000000000014 98.70367450000002 2.5000000000000004 291.68292550000007 90.590574338866432 21.048958333333339 21.355208333333337
decision_type=2 2 2 2 2 2 2 2 2 2 2 2 2 2
left_child=-1 5 3 -3 10 -2 -6 8 9 -8 11 12 13 -5
right_child=1 2 -4 4 6 -7 7 -9 -10 -11 -12 -13 -14 -15
leaf_value=-0.059625039445288741 -0.30559837532066436 0.27678158337987535 -0.063904802684616388 0.30335222918495358 0.37328340078615613 0.22749019752188429 0.99749541743235159 0.04390163974152872 0.15664351563059933 0.33630745638071041 0.38981278554225962 0.014707046305618849 0.34349302466488579 -0.47331242863088846
leaf_weight=5774 153 330 575 165 178 40 43 593 269 40 71 2270 205 94
leaf_count=5774 153 330 575 165 178 40 43 593 269 40 71 2270 205 94
internal_value=0.000298205 0.0691378 0.0797043 0.0991077 0.0841143 -0.194511 0.17159 0.133245 0.283207 0.686648 0.049044 0.0400552 0.163766 0.0207377
internal_weight=10800 5026 4833 4258 3928 193 1123 945 352 83 2805 2734 464 259
internal_count=10800 5026 4833 4258 3928 193 1123 945 352 83 2805 2734 464 259
is_linear=0
shrinkage=0.05


Tree=85
num_leaves=15
num_cat=0
split_feature=65 64 45 51 0 64 25 34 36 65 24 65 24 32
split_gain=16280.1 3800.73 3085.29 3948.08 3041.29 3284.26 5806.73 8688.36 6814.47 4689 3814.85 7318.31 5287.91 3607.68
threshold=190.81968700000002 194.41475600000004 89.270833333333357 3.5000000000000004 266.95445250000006 244.17024200000003 78.567894293759224 21.021875000000005 21.166796875000006 262.22140250000007 263.86678650000005 266.35239950000005 277.75656700000008 22.112500000000004
decision_type=2 2 2 2 2 2 2 2 2 2 2 2 2 2
left_child=1 -1 3 -3 5 6 7 8 -2 -10 11 -7 13 -12
right_child=4 2 -4 -5 -6 10 -8 -9 9 -11 12 -13 -14 -15
leaf_value=-0.050579845317380495 0.19809062168953967 0.047893983531178214 -0.21447187790756717 0.36765202595220914 0.27444997806068477 0.058292798114859538 -0.053060680603735103 0.44203326661935016 -0.54653115799622753 -0.0037401585341101948 0.074701233837890249 0.72607618638128046 0.19758140509295821 -0.19349973072636537
leaf_weight=6916 226 533 84 117 221 91 867 177 66 98 435 74 720 175
leaf_count=6916 226 533 84 117 221 91 867 177 66 98 435 74 720 175
internal_value=0.00029515 -0.0390972 0.069018 0.105927 0.0959443 0.0823865 0.0282954 0.152572 0.0204059 -0.224169 0.134217 0.360353 0.105913 -0.00243243
internal_weight=10800 7650 734 650 3150 2929 1434 567 390 164 1495 165 1330 610
internal_count=10800 7650 734 650 3150 2929 1434 567 390 164 1495 165 1330 610
is_linear=0
shrinkage=0.05


Tree=86
num_leaves=15
num_cat=0
split_feature=65 36 8 24 49 24 51 8 29 36 47 7 36 36
split_gain=14823.9 5108.87 4579.96 4099.04 12930 6576.88 5899.51 7734.43 6386.69 3851.01 3697.57 4634.05 4357.65 3902.62
threshold=91.384633000000022 18.666666666666668 267.02941400000003 274.65417650000006 3.5000000000000004 273.12119300000006 2.5000000000000004 198.75511050000003 19.762500000000003 21.809635416666669 77.768229166666671 240.33562650000002 21.705989583333338 22.750520833333336
decision_type=2 2 2 2 2 2 2 2 2 2 2 2 2 2
left_child=-1 -2 3 4 6 -6 7 8 -3 -9 11 -8 -12 -14
right_child=1 2 -4 -5 5 -7 10 9 -10 -11 12 -13 13 -15
leaf_value=-0.053473392277077585 -0.18744601408384509 -0.29254950765753168 -0.061764338314260814 0.15618891201654864 -0.088022948548180657 -0.56008030323500047 0.33322644008735774 0.037810729444026948 0.15452193497390676 -0.48602249469851783 0.20379053816712189 0.020037195174420954 -0.10614114020054735 0.39401034884982639
leaf_weight=5862 193 95 546 1564 435 88 487 52 476 106 404 156 292 44
leaf_count=5862 193 95 546 1564 435 88 487 52 476 106 404 156 292 44
internal_value=0.000286526 0.0641039 0.0743729 0.0920854 0.0539921 -0.168369 0.10911 -0.00599757 0.0797591 -0.314468 0.169745 0.257392 0.0933418 -0.0396703
internal_weight=10800 4938 4745 4199 2635 523 2112 729 571 158 1383 643 740 336
internal_count=10800 4938 4745 4199 2635 523 2112 729 571 158 1383 643 740 336
is_linear=0
shrinkage=0.05


Tree=87
num_leaves=15
num_cat=0
split_feature=65 64 37 5 40 51 40 48 41 65 65 47 29 46
split_gain=13493.3 3291.07 2877.94 4812.18 2975.86 2743.86 4629.53 3373.12 3108.28 2832.58 2628.54 2580.07 4173.46 2730.67
threshold=190.81968700000002 194.41475600000004 57.875000000000007 197.01993650000003 72.875000000000014 3.5000000000000004 79.375000000000014 5.1250000000000009 72.875000000000014 63.145266500000005 167.30785650000004 85.121093750000014 16.025000000000002 92.005208333333357
decision_type=2 2 2 2 2 2 2 2 2 2 2 2 2 2
left_child=1 -1 4 11 -2 6 8 -8 -3 -10 -11 12 -4 -14
right_child=2 5 3 -5 -6 -7 7 -9 9 10 -12 -13 13 -15
leaf_value=-0.046278112877127464 0.017855381174013019 -0.12552540961566358 -0.30854068082659997 -0.2103001444687625 0.49667771263491539 0.24598659086126859 0.13721364146282136 -0.27334001050357931 -0.08428502149623017 0.42952884140846542 0.012571240676883259 0.32637569767289931 0.098492239865833303 -0.24853817853948168
leaf_weight=6916 53 85 66 138 83 162 70 170 57 138 52 111 2642 57
leaf_count=6916 53 85 66 138 83 162 70 170 57 138 52 111 2642 57
internal_value=0.000269718 -0.035593 0.0873485 0.077131 0.31157 0.0650121 0.0134173 -0.153523 0.134195 0.223719 0.316077 0.0909912 0.0814272 0.091074
internal_weight=10800 7650 3150 3014 136 734 572 240 332 247 190 2876 2765 2699
internal_count=10800 7650 3150 3014 136 734 572 240 332 247 190 2876 2765 2699
is_linear=0
shrinkage=0.05


Tree=88
num_leaves=15
num_cat=0
split_feature=65 31 51 51 46 8 16 32 47 31 24 47 51 47
split_gain=12265.2 4641.08 5348.14 4897.6 5091.71 4600.22 4428.06 6097.37 3791.77 4691.11 3641.78 4928.54 6644.59 4374.57
threshold=87.394937500000012 19.962500000000002 2.5000000000000004 3.5000000000000004 87.578125000000014 291.68292550000007 272.70666550000004 25.437500000000004 73.924479166666671 21.962500000000002 297.26105400000006 70.757812500000014 1.5000000000000002 76.108072916666671
decision_type=2 2 2 2 2 2 2 2 2 2 2 2 2 2
left_child=-1 2 -2 -4 -5 6 7 -3 -9 -10 11 -8 -13 -14
right_child=1 5 3 4 -6 -7 10 8 9 -11 -12 12 13 -15
leaf_value=-0.04945043915069916 -0.35048958937558095 0.090632965219984499 0.25552955049844017 -0.18953798832840421 0.15928928189170666 -0.4044057564163695 0.57384843437208077 0.033342576082989211 -0.11014014799939949 -0.61398758306855061 -0.086489121215417991 -0.22691505361705677 0.12795296091497979 0.56872632921356514
leaf_weight=5774 128 3198 146 317 155 48 107 288 193 60 79 75 136 96
leaf_count=5774 128 3198 146 317 155 48 107 288 193 60 79 75 136 96
internal_value=0.000258398 0.0573637 -0.057663 0.0034554 -0.0748921 0.0774215 0.0829807 0.0643718 -0.0907462 -0.231577 0.223698 0.282954 0.180034 0.312
internal_weight=10800 5026 746 618 472 4280 4232 3739 541 253 493 414 307 232
internal_count=10800 5026 746 618 472 4280 4232 3739 541 253 493 414 307 232
is_linear=0
shrinkage=0.05


Tree=89
num_leaves=15
num_cat=0
split_feature=65 65 36 49 36 25 20 24 9 47 47 36 20 47
split_gain=11314.3 3419.92 3797.49 4306.19 7229.21 7346.96 4140.99 5249.94 5211.86 2934.21 4140.69 3511.94 2914.11 2618.64
threshold=213.72926950000002 24.000000000000004 18.790104166666669 1.5000000000000002 24.799479166666671 107.51092097108513 273.13806300000005 297.46106850000007 192.84151950000003 70.757812500000014 75.164062500000014 21.941145833333337 172.74212650000001 85.121093750000014
decision_type=2 2 2 2 2 2 2 2 2 2 2 2 2 2
left_child=1 -1 -3 4 -4 -6 8 9 12 -8 -11 -12 -5 -2
right_child=13 2 3 6 5 -7 7 -9 -10 10 11 -13 -14 -15
leaf_value=-0.056621300354711468 0.08144242762734237 -0.26316600669505857 0.066275405098261284 -0.0070225780162242015 0.955098624618686 0.046801621675313938 0.52188384128150656 -0.37343848565729654 -0.18248584971654991 -0.10593858884647489 -0.036632553026789715 0.53409972863319599 0.41941077567909552 0.35464168862327117
leaf_weight=4676 2514 123 717 1752 48 41 66 40 481 94 41 77 40 90
leaf_count=4676 2514 123 717 1752 48 41 66 40 481 94 41 77 40 90
internal_value=0.00024445 -0.0286031 0.00862199 0.0185376 0.119394 0.541839 -0.0128706 0.155838 -0.0365316 0.233058 0.141113 0.337153 0.00272463 0.0910173
internal_weight=10800 8196 3520 3397 806 89 2591 318 2273 278 212 118 1792 2604
internal_count=10800 8196 3520 3397 806 89 2591 318 2273 278 212 118 1792 2604
is_linear=0
shrinkage=0.05


Tree=90
num_leaves=15
num_cat=0
split_feature=6 65 36 24 22 24 49 35 29 47 36 24 7 47
split_gain=10302.6 4777.6 3302.24 7077.12 4028.14 3889.63 6280.59 6688.84 4701.76 5247.63 6276.18 3137.88 3691.21 2858.78
threshold=24.000000000000004 42.523274000000008 25.415885416666672 278.56941200000006 148.27345940104172 274.65417650000006 3.5000000000000004 18.072395833333335 22.012500000000003 71.339843750000014 24.042447916666671 273.12119300000006 162.90215500000002 85.121093750000014
decision_type=2 2 2 2 2 2 2 2 2 2 2 2 2 2
left_child=1 -1 4 -4 5 6 13 -8 9 10 -7 12 -9 -3
right_child=-2 2 3 -5 -6 8 7 11 -10 -11 -12 -13 -14 -15
leaf_value=-0.029496315727966946 -0.042654317223173983 0.070955597369421516 0.74963740207932217 0.13547177236813765 -0.24700200610927175 1.0074528827223668 0.44438783875171178 -0.25437020597320686 -0.028059234561567961 0.15557247304518232 0.29401319842785595 -0.48310793793364754 0.08260124263664087 0.3415143814725945
leaf_weight=1216 6096 1622 54 324 97 42 46 204 219 457 114 72 134 103
leaf_count=1216 6096 1622 54 324 97 42 46 204 219 457 114 72 134 103
internal_value=0.000241274 0.0558277 0.0855736 0.224956 0.0685657 0.0788037 0.0436769 -0.121172 0.170722 0.241668 0.491287 -0.185551 -0.120928 0.0872992
internal_weight=10800 4704 3488 378 3110 3013 2181 456 832 613 156 410 338 1725
internal_count=10800 4704 3488 378 3110 3013 2181 456 832 613 156 410 338 1725
is_linear=0
shrinkage=0.05


Tree=91
num_leaves=15
num_cat=0
split_feature=6 65 36 24 24 49 35 64 51 36 51 24 24 29
split_gain=9302.87 4314.45 3149.69 4155.65 4619.33 6336.54 6047.84 4460.83 4163.95 6153.83 12157.1 4050.69 4317.2 3479.34
threshold=24.000000000000004 42.523274000000008 26.654427083333335 297.46106850000007 274.65417650000006 3.5000000000000004 18.072395833333335 226.75070750000003 1.5000000000000002 25.710807291666665 2.5000000000000004 296.45735250000007 288.22990800000008 22.087500000000002
decision_type=2 2 2 2 2 2 2 2 2 2 2 2 2 2
left_child=1 -1 3 4 5 -3 -7 -5 -6 10 13 12 -12 -10
right_child=-2 2 -4 7 8 6 -8 -9 9 -11 11 -13 -14 -15
leaf_value=-0.028022711900512066 -0.040521948781647409 0.093866255244826086 0.47951917243855341 -0.57246645028392473 0.031097031378591013 0.42264120147583334 -0.17635345110928058 -0.02161427393779251 0.92640430527397355 -0.12447560115697537 0.19118849119837211 0.51144667982302405 -0.24123543738706471 0.44137520059556157
leaf_weight=1216 6096 1757 48 44 315 46 410 201 78 93 276 72 72 76
leaf_count=1216 6096 1757 48 44 315 46 410 201 78 93 276 72 72 76
internal_value=0.000239382 0.0530601 0.0813275 0.0756336 0.090858 0.0507677 -0.115136 -0.122468 0.18106 0.25173 0.312794 0.172648 0.101287 0.691431
internal_weight=10800 4704 3488 3440 3195 2213 456 245 982 667 574 420 348 154
internal_count=10800 4704 3488 3440 3195 2213 456 245 982 667 574 420 348 154
is_linear=0
shrinkage=0.05


Tree=92
num_leaves=15
num_cat=0
split_feature=65 65 36 49 36 25 20 9 24 20 47 47 36 25
split_gain=8507.95 2729.17 3456.95 3750.74 6362.54 6456.49 3680.79 4634.24 4631.14 2633.72 2621.45 3663.2 3137.81 2333.52
threshold=213.72926950000002 24.000000000000004 18.790104166666669 1.5000000000000002 24.799479166666671 107.51092097108513 273.13806300000005 192.84151950000003 297.46106850000007 172.74212650000001 70.757812500000014 75.164062500000014 21.941145833333337 102.6691844837945
decision_type=2 2 2 2 2 2 2 2 2 2 2 2 2 2
left_child=1 -1 -3 4 13 -6 7 9 10 -5 -8 -12 -13 -4
right_child=-2 2 3 6 5 -7 8 -9 -10 -11 11 12 -14 -15
leaf_value=-0.049808460537098094 0.078950520415491859 -0.25084091397978731 0.11595075783644855 -0.005935818197596348 0.89578417539596566 0.044297210712518013 0.49320179702185873 -0.17131445139329649 -0.34943866642510019 0.39946432775113644 -0.099077960242468288 -0.035606237181595397 0.50384798674629294 -0.088747817149789882
leaf_weight=4676 2604 123 529 1752 48 41 66 481 40 40 94 41 77 188
leaf_count=4676 2604 123 529 1752 48 41 66 481 40 40 94 41 77 188
internal_value=0.000236175 -0.0247792 0.00847458 0.017935 0.112063 0.508377 -0.0113778 -0.0336856 0.14768 0.00333104 0.220204 0.133297 0.317686 0.0622292
internal_weight=10800 8196 3520 3397 806 89 2591 2273 318 1792 278 212 118 717
internal_count=10800 8196 3520 3397 806 89 2591 2273 318 1792 278 212 118 717
is_linear=0
shrinkage=0.05


Tree=93
num_leaves=15
num_cat=0
split_feature=64 47 46 49 65 34 14 17 36 65 51 45 32 47
split_gain=7864.91 4115.5 4118.77 3027.09 3124.67 6709.61 7143.47 5093.13 3557.36 6169.09 3336.8 2722.81 3235.33 2637.88
threshold=226.75070750000003 77.669270833333357 89.609375000000014 1.0000000180025095e-35 73.362583000000015 21.048958333333339 145.58130775000004 2.9592160239579114e-06 20.479947916666671 265.2444010000001 1.5000000000000002 90.885416666666671 22.237500000000004 78.419270833333357
decision_type=2 2 2 2 2 2 2 2 2 2 2 2 2 2
left_child=3 2 -2 4 -1 7 -7 8 -6 -10 -8 12 -3 -14
right_child=1 11 -4 -5 5 6 10 -9 9 -11 -12 -13 13 -15
leaf_value=-0.050042823551037056 0.11601756306053435 0.083908953174357592 0.61853750448097433 -0.036225341267597931 0.038842423309688456 0.5015463328908516 -0.1841193387784609 0.086501626667773557 -0.77660589339369435 -0.01297728297661762 0.1815506173361747 -0.26569132197334472 -0.46556653040004714 -0.039487930003815563
leaf_weight=581 1481 541 41 6933 63 157 81 287 58 48 261 91 50 127
leaf_count=581 1481 541 41 6933 63 157 81 287 58 48 261 91 50 127
internal_value=0.00023122 0.0815409 0.129952 -0.0221554 0.0413342 0.09692 0.223426 -0.0417008 -0.258645 -0.434165 0.0946603 -0.00958432 0.0231993 -0.161788
internal_weight=10800 2331 1522 8469 1536 955 499 456 169 106 342 809 718 177
internal_count=10800 2331 1522 8469 1536 955 499 456 169 106 342 809 718 177
is_linear=0
shrinkage=0.05


Tree=94
num_leaves=15
num_cat=0
split_feature=6 65 46 22 49 36 47 24 65 51 22 24 51 36
split_gain=7225.11 3241.17 2803.73 7117.12 3886.96 4618.88 4755.74 3785.93 5435.75 4658.26 4898.1 9923.62 5759.12 3936.14
threshold=24.000000000000004 42.523274000000008 80.192708333333357 42.98737648958334 3.5000000000000004 19.481250000000006 81.065104166666686 290.03840000000008 157.21786850000004 1.5000000000000002 144.81875300520838 274.28284400000007 2.5000000000000004 24.828906250000006
decision_type=2 2 2 2 2 2 2 2 2 2 2 2 2 2
left_child=1 -1 3 -3 -4 -6 -7 9 -9 13 11 -11 -13 -5
right_child=-2 2 4 7 5 6 -8 8 -10 10 -12 12 -14 -15
leaf_value=-0.023509537154807109 -0.035703419925893522 0.69737882188187461 0.075953287146286477 -0.1268704714794599 0.28674402899648016 -0.065381022991096396 -0.49591524871556381 0.44011107878759503 -0.13976254170192989 0.10176172964785975 -0.16953573614797171 0.70824510635590399 0.1886452344911439 0.25960465256745618
leaf_weight=1216 6096 52 1636 209 75 414 75 47 255 327 67 153 83 95
leaf_count=1216 6096 52 1636 209 75 414 75 47 255 327 67 153 83 95
internal_value=0.000218715 0.0467686 0.0712689 0.129831 0.0369402 -0.0761595 -0.132291 0.105409 -0.0483626 0.155128 0.232592 0.280663 0.527072 -0.00564181
internal_weight=10800 4704 3488 1288 2200 564 489 1236 302 934 630 563 236 304
internal_count=10800 4704 3488 1288 2200 564 489 1236 302 934 630 563 236 304
is_linear=0
shrinkage=0.05


Tree=95
num_leaves=15
num_cat=0
split_feature=64 47 46 36 36 25 22 48 49 34 52 17 36 65
split_gain=6743.89 3569.62 3722.06 2581.06 4970.02 4329.59 2724 2730.34 2491.59 2754.53 9306.27 3823.33 2822.28 4148.54
threshold=226.75070750000003 77.669270833333357 89.609375000000014 24.343229166666671 25.007552083333334 110.03308882300996 125.64656252604168 4.6250000000000009 1.0000000180025095e-35 21.048958333333339 0.22695468355932452 2.9592160239579114e-06 20.479947916666671 265.2444010000001
decision_type=2 2 2 2 2 2 2 2 2 2 2 2 2 2
left_child=8 2 3 5 -5 6 -2 -8 9 11 -11 12 -1 -14
right_child=1 -3 -4 4 -6 -7 7 -9 -10 10 -12 -13 13 -15
leaf_value=0.017670837105953529 -0.10399260957642359 -0.0093583437904462587 0.5850385145616851 -0.17217411949554934 0.12619708672595711 0.66673056156170085 0.011869346448220313 0.23447880931633153 -0.033279113899550072 0.0018882567115148911 0.37009766927664789 0.040278450146555463 -0.61485487084886803 -0.016061821488701566
leaf_weight=72 100 809 41 203 441 40 189 508 6933 713 225 406 72 48
leaf_count=72 100 809 41 203 441 40 189 508 6933 713 225 406 72 48
internal_value=0.000215658 0.075508 0.120594 0.10735 0.0320242 0.1652 0.139225 0.174219 -0.0205142 0.0370866 0.0905115 -0.0467248 -0.229956 -0.37745
internal_weight=10800 2331 1522 1481 644 837 797 697 8469 1536 938 598 192 120
internal_count=10800 2331 1522 1481 644 837 797 697 8469 1536 938 598 192 120
is_linear=0
shrinkage=0.05


Tree=96
num_leaves=15
num_cat=0
split_feature=64 47 46 0 52 64 34 22 47 42 36 36 25 22
split_gain=6090.38 3223.92 3369.11 2437.16 2509.72 3463.34 2342.06 4229.02 2747.29 3491.93 2331.32 4487.23 3920.03 2459.7
threshold=226.75070750000003 77.669270833333357 89.609375000000014 272.38507200000004 0.68322629814330837 212.43350450000003 20.998958333333338 36.183371145833341 81.894531250000014 83.125000000000014 24.343229166666671 25.007552083333334 110.03308882300996 125.64656252604168
decision_type=2 2 2 2 2 2 2 2 2 2 2 2 2 2
left_child=3 2 10 4 -1 6 8 -8 9 -6 12 -12 13 -2
right_child=1 -3 -4 -5 5 -7 7 -9 -10 -11 11 -13 -14 -15
leaf_value=-0.037456844702197671 -0.098844460257799319 -0.0088910042671026829 0.55648306047632579 0.091169964543127646 0.0090815705502166437 -0.20843304439440247 0.39853127814717315 0.046809687406690288 0.15895049202496112 -0.35826007787939873 -0.16360761380078748 0.11990150785098924 0.63420711076114245 0.16552573453720373
leaf_weight=6851 100 809 41 469 357 122 132 240 220 78 203 441 40 697
leaf_count=6851 100 809 41 469 357 122 132 240 220 78 203 441 40 697
internal_value=0.000209988 0.0717613 0.114609 -0.0194899 -0.0259879 0.0423698 0.0723371 0.172348 0.0153608 -0.0574572 0.102009 0.0304194 0.156988 0.132273
internal_weight=10800 2331 1522 8469 8000 1149 1027 372 655 435 1481 644 837 797
internal_count=10800 2331 1522 8469 8000 1149 1027 372 655 435 1481 644 837 797
is_linear=0
shrinkage=0.05


Tree=97
num_leaves=15
num_cat=0
split_feature=6 24 24 49 65 7 65 51 51 29 15 45 47 22
split_gain=5657.42 2738.2 4378.7 4201.46 4686.75 3706.35 3568.62 3161.71 2601.53 5938.05 5976.49 6116.57 5112 3809.5
threshold=24.000000000000004 274.65417650000006 300.20324800000009 3.5000000000000004 151.88152850000003 138.13026000000002 81.492148500000013 1.5000000000000002 2.5000000000000004 19.762500000000003 80.224518000000018 82.906250000000014 76.860677083333357 125.64656252604168
decision_type=2 2 2 2 2 2 2 2 2 2 2 2 2 2
left_child=1 3 -3 8 5 6 -5 -6 9 -1 11 -11 -12 -10
right_child=-2 2 -4 4 7 -7 -8 -9 13 10 12 -13 -14 -15
leaf_value=-0.34935412092303686 -0.03158144471158434 0.14436200323696874 -0.082317265509680673 -0.010251915643007028 0.016933174278229886 0.26165628707485983 -0.34663286407204241 -0.38506183066209293 0.023843977344666561 0.40882557118052826 0.075970399697217278 -0.0053239909967685 -0.59545285121390701 0.20036565361069064
leaf_weight=109 6096 1108 263 1090 72 115 84 151 628 143 56 234 56 595
leaf_count=109 6096 1108 263 1090 72 115 84 151 628 143 56 234 56 595
internal_value=0.000205531 0.0413968 0.10085 0.0169185 -0.0446727 -0.00798179 -0.0345946 -0.255774 0.0680549 -0.0173952 0.0571617 0.152433 -0.26204 0.109817
internal_weight=10800 4704 1371 3333 1512 1289 1174 223 1821 598 489 377 112 1223
internal_count=10800 4704 1371 3333 1512 1289 1174 223 1821 598 489 377 112 1223
is_linear=0
shrinkage=0.05


Tree=98
num_leaves=15
num_cat=0
split_feature=6 20 61 40 49 51 54 22 22 35 47 25 47 36
split_gain=5104.86 2570.75 2474.69 2445.89 3499.82 3157.26 4777.68 4532.48 4299.58 4230.25 3822.24 3666.05 3998.57 2627.32
threshold=24.000000000000004 274.06945200000007 -0.19509032201612839 81.875000000000014 1.0000000180025095e-35 2.5000000000000004 1.0000000180025095e-35 125.64656252604168 131.24516102083336 19.30104166666667 79.141927083333357 98.910096954066233 78.904947916666671 22.765104166666671
decision_type=2 2 2 2 2 2 2 2 2 2 2 2 2 2
left_child=1 2 3 4 -1 9 -7 10 -9 -5 -8 -11 -13 -10
right_child=-2 -3 -4 5 -6 6 7 8 13 11 -12 12 -14 -15
leaf_value=0.42875588930143815 -0.030002631075246523 0.22626834786628602 -0.037086494809259345 -0.42793054792580992 0.08862885588818499 -0.0071437503457059751 -0.42175117483678853 0.44257403964265474 0.010829148394036659 0.078231173932786863 0.11479514703321994 -0.21525636001985027 0.27842310665485764 0.27981189669493367
leaf_weight=81 6096 176 1007 69 992 964 52 167 195 412 88 285 47 169
leaf_count=81 6096 176 1007 69 992 964 52 167 195 412 88 285 47 169
internal_value=0.000192134 0.0393201 0.0320053 0.0517703 0.11468 0.0241603 0.064189 0.166528 0.233163 -0.0563202 -0.0860712 -0.0213282 -0.144742 0.136138
internal_weight=10800 4704 4528 3521 1073 2448 1635 671 531 813 140 744 332 364
internal_count=10800 4704 4528 3521 1073 2448 1635 671 531 813 140 744 332 364
is_linear=0
shrinkage=0.05


Tree=99
num_leaves=15
num_cat=0
split_feature=64 47 36 36 25 48 40 41 22 25 22 45 32 0
split_gain=4751.24 2807.43 2791.64 3795.86 3144.94 2668.56 3456.59 2898.92 3093.75 4261.57 2310.47 2170.03 2854.59 2142.1
threshold=226.75070750000003 77.669270833333357 24.343229166666671 25.007552083333334 110.03308882300996 4.6250000000000009 88.125000000000014 82.875000000000014 135.9634828697917 100.22833971946149 150.54473906770835 90.885416666666671 22.237500000000004 272.38507200000004
decision_type=2 2 2 2 2 2 2 2 2 2 2 2 2 2
left_child=13 2 4 -4 5 -2 7 8 9 -7 -5 12 -3 -1
right_child=1 11 3 10 -6 6 -8 -9 -10 -11 -12 -13 -14 -15
leaf_value=-0.023305635411668319 -0.014551926151450192 0.074427542114042677 -0.15420665864549651 0.062826176204908768 0.58942238281412818 0.24466228472363008 0.56704175733029849 0.058071109474389759 0.11491729684405089 0.88368560802645801 0.40677822713873218 -0.24050884740022213 -0.15635731605069944 0.086531321381000767
leaf_weight=8000 209 541 203 386 40 75 55 331 128 40 55 91 177 469
leaf_count=8000 209 541 203 386 40 75 55 331 128 40 55 91 177 469
internal_value=0.000186273 0.0633836 0.103368 0.0242405 0.161313 0.1402 0.191561 0.15466 0.28545 0.472633 0.106546 -0.0118749 0.0173966 -0.0172135
internal_weight=10800 2331 1522 644 878 838 629 574 243 115 441 809 718 8469
internal_count=10800 2331 1522 644 878 838 629 574 243 115 441 809 718 8469
is_linear=0
shrinkage=0.05


Tree=100
num_leaves=15
num_cat=0
split_feature=65 8 24 24 51 4 40 49 46 16 29 52 51 10
split_gain=4473.92 3183 3429.56 4672.11 3031.56 4890.52 4761.52 4638.06 5005.98 4125.08 3322.21 3137.69 3112.72 3652.21
threshold=24.000000000000004 286.87046450000008 274.65417650000006 274.34720900000008 2.5000000000000004 198.57314000000002 83.125000000000014 1.5000000000000002 80.817708333333357 248.46519700000002 21.212500000000002 0.68322629814330837 3.5000000000000004 190.86610050000004
decision_type=2 2 2 2 2 2 2 2 2 2 2 2 2 2
left_child=-1 2 3 4 5 6 7 8 -2 11 -8 12 13 -6
right_child=1 -3 -4 -5 9 -7 10 -9 -10 -11 -12 -13 -14 -15
leaf_value=-0.036635521035151573 0.65479220300912866 -0.2500786584848077 0.082585741504387522 -0.42273155987735783 -0.029926554942669881 -0.24807374818502145 -0.25972974543732685 -0.016549753380303272 0.11364211883856511 0.17819456211143581 0.22454406026573409 0.06422855466503026 -0.15074749560147693 0.41534519640022316
leaf_weight=4676 55 100 2206 62 223 247 231 652 183 472 41 1151 444 57
leaf_count=4676 55 100 2206 62 223 247 231 652 183 472 41 1151 444 57
internal_value=0.00018853 0.028307 0.0329691 0.00428695 0.0114464 -0.0465087 -0.00348661 0.0524933 0.240914 0.0462441 -0.186177 0.0129505 -0.0685464 0.0618736
internal_weight=10800 6124 6024 3818 3756 1409 1162 890 238 2347 272 1875 724 280
internal_count=10800 6124 6024 3818 3756 1409 1162 890 238 2347 272 1875 724 280
is_linear=0
shrinkage=0.05


Tree=101
num_leaves=15
num_cat=0
split_feature=6 20 17 48 24 40 37 36 36 29 49 65 30 63
split_gain=4088.46 2175.29 2145.7 2761.11 2375.01 2516.34 2255.18 2564.47 2204.02 2081.35 2245.83 1932.2 1893.71 2793.76
threshold=24.000000000000004 274.06945200000007 61.075702236085867 5.8750000000000009 300.54248650000005 80.375000000000014 66.125000000000014 21.539322916666666 22.479947916666671 22.662500000000005 2.5000000000000004 271.06198250000006 19.012500000000003 -0.56174490092936669
decision_type=2 2 2 2 2 2 2 2 2 2 2 2 2 2
left_child=1 2 3 -1 -5 -6 -4 -8 -9 -3 -11 -10 13 -2
right_child=12 9 6 4 5 -7 7 8 11 10 -12 -13 -14 -15
leaf_value=0.079576322556658627 -0.34033636827953162 0.42963809362810218 0.37659934084505253 -0.0019759815088415717 -0.068743847912798334 -0.53923256563998412 0.25896237696176522 -0.19935744261389138 0.19341770180400059 -0.10452841639086821 0.35283151006495417 -0.060947014670476654 -0.018563804977673033 -0.056145405507702431
leaf_weight=1160 111 65 72 2629 89 41 145 92 165 68 43 135 5603 382
leaf_count=1160 111 65 72 2629 89 41 145 92 165 68 43 135 5603 382
internal_value=0.00018058 0.0351973 0.0284688 0.0148869 -0.0123303 -0.220112 0.115703 0.080087 0.0134308 0.207165 0.0742154 0.0791314 -0.0268415 -0.120691
internal_weight=10800 4704 4528 3919 2759 130 609 537 392 176 111 300 6096 493
internal_count=10800 4704 4528 3919 2759 130 609 537 392 176 111 300 6096 493
is_linear=0
shrinkage=0.05


Tree=102
num_leaves=15
num_cat=0
split_feature=65 48 48 8 24 24 51 8 35 16 40 65 4 65
split_gain=3830.74 2819.51 10183.9 2881.95 3179.27 3653.07 3022.68 4510.83 5029.57 3487.72 3482.1 2925.03 2615.54 2537.53
threshold=24.000000000000004 1.1250000000000002 1.3750000000000002 286.87046450000008 274.65417650000006 274.34720900000008 2.5000000000000004 197.46853500000003 19.30104166666667 248.46519700000002 83.125000000000014 259.73880900000006 198.57314000000002 271.06198250000006
decision_type=2 2 2 2 2 2 2 2 2 2 2 2 2 2
left_child=-1 -2 -3 4 5 6 7 8 11 13 12 -4 -9 -8
right_child=1 2 3 -5 -6 -7 9 10 -10 -11 -12 -13 -14 -15
leaf_value=-0.033901506743135176 0.31742344933857281 -0.53119153598459756 -0.64491620456300136 -0.23499376125227994 0.082803810366164812 -0.3773539218746248 -0.0025339800881842493 0.0064681155607104303 0.052646347735371017 0.16892780488451459 -0.52399993620347229 -0.098623050477296595 -0.26910480918096646 0.200931083092455
leaf_weight=4676 81 81 40 100 2148 60 1643 185 861 472 63 62 160 168
leaf_count=4676 81 81 40 100 2148 60 1643 185 861 472 63 62 160 168
internal_value=0.000172945 0.0261919 0.0222364 0.0298431 0.0344003 0.00639119 0.0127939 -0.0458691 0.0132016 0.0480273 -0.184985 -0.317037 -0.121742 0.0164412
internal_weight=10800 6124 6043 5962 5862 3714 3654 1371 963 2283 408 102 345 1811
internal_count=10800 6124 6043 5962 5862 3714 3654 1371 963 2283 408 102 345 1811
is_linear=0
shrinkage=0.05


Tree=103
num_leaves=15
num_cat=0
split_feature=52 0 47 8 51 47 15 9 37 22 25 31 47 8
split_gain=3521.42 3762.47 4226.06 2849.42 2876.45 5474.25 3496.17 3828.9 3195.33 2873.53 2421.13 2348.48 3436.79 2270.88
threshold=0.68322629814330837 254.15196650000004 82.167968750000014 286.87046450000008 1.5000000000000002 70.126302083333357 205.94932800000001 257.87228250000004 73.875000000000014 145.98387160937503 106.28973495668772 23.012500000000003 77.966145833333357 271.51854050000003
decision_type=2 2 2 2 2 2 2 2 2 2 2 2 2 2
left_child=1 -1 3 4 5 13 7 10 11 -8 -6 12 -9 -3
right_child=-2 2 -4 -5 6 -7 9 8 -10 -11 -12 -13 -14 -15
leaf_value=-0.033469229632141502 0.048116020900520293 0.38948827015308596 0.45499511730103265 -0.21301641032662033 0.60234433944087207 -0.17643462931041298 0.065895052123213976 0.42203146509826184 -0.25579445289855357 -0.26573538796388008 0.15953125591891318 -0.16042224264181243 -0.012880456256302629 -0.073296446834759013
leaf_weight=6460 2825 76 62 105 81 280 464 119 49 75 51 40 73 40
leaf_count=6460 2825 76 62 105 81 280 464 119 49 75 51 40 73 40
internal_value=0.00015556 -0.0168375 0.0540561 0.0366467 0.0562373 -0.0569085 0.103312 0.212588 0.10753 0.0193432 0.433743 0.185036 0.257464 0.230645
internal_weight=10800 7975 1515 1453 1348 396 952 413 281 539 132 232 192 116
internal_count=10800 7975 1515 1453 1348 396 952 413 281 539 132 232 192 116
is_linear=0
shrinkage=0.05


Tree=104
num_leaves=15
num_cat=0
split_feature=52 0 47 24 51 36 15 47 9 47 64 7 22 43
split_gain=3177.59 3398.18 3820.63 2625.55 2793.06 4881.45 3835.46 4931.54 3142.95 2387.11 2375.18 1836.55 1874.72 3492.55
threshold=0.68322629814330837 254.15196650000004 82.167968750000014 307.27302800000007 1.5000000000000002 24.711067708333339 209.37194500000001 78.115885416666671 258.3471090000001 63.555989583333336 96.580066500000015 291.68292550000007 143.83039347916667 86.875000000000014
decision_type=2 2 2 2 2 2 2 2 2 2 2 2 2 2
left_child=1 -1 3 4 5 -3 7 -6 -9 -7 -5 12 -2 -14
right_child=11 2 -4 10 6 9 -8 8 -10 -11 -12 -13 13 -15
leaf_value=-0.031796027679107532 0.056494336093913793 -0.15465391251475966 0.43260646424596277 0.074830482180776273 0.33199257190275039 -0.020630222011585625 0.0042101746784084628 0.36252815490815699 -0.14509275806989491 0.45563495144376476 -0.34428299521607147 0.30845696182205129 -0.12826506635398571 0.25817831069440911
leaf_weight=6460 2360 301 62 57 289 48 462 40 118 57 81 64 331 70
leaf_count=6460 2360 301 62 57 289 48 462 40 118 57 81 64 331 70
internal_value=0.000152186 -0.0159899 0.0513842 0.0348309 0.0566377 -0.0523084 0.105302 0.209543 -0.0151093 0.239773 -0.171878 0.0457111 0.0395111 -0.0603317
internal_weight=10800 7975 1515 1453 1315 406 909 447 158 105 138 2825 2761 401
internal_count=10800 7975 1515 1453 1315 406 909 447 158 105 138 2825 2761 401
is_linear=0
shrinkage=0.05


Tree=105
num_leaves=15
num_cat=0
split_feature=65 64 36 36 47 47 47 46 37 62 20 43 20 25
split_gain=2993.26 2567.85 2541.39 5071.21 3221.24 2229.88 2212.23 2924.89 1867.06 2586.43 4528.67 3316.8 3285.77 3233.54
threshold=261.5324245000001 265.84829400000007 24.375000000000004 23.898828125000005 64.861979166666671 85.121093750000014 81.209635416666671 89.380208333333357 54.375000000000007 0.6078576107927941 270.03515600000009 47.375000000000007 273.13806300000005 105.41375802674405
decision_type=2 2 2 2 2 2 2 2 2 2 2 2 2 2
left_child=1 8 3 -3 -4 6 7 -2 9 12 -11 -12 13 -1
right_child=5 2 4 -5 -6 -7 -8 -9 -10 10 11 -13 -14 -15
leaf_value=-0.020381634651942447 0.065518739431166928 0.077811299682467847 0.24952675306091182 0.59557678573406658 -0.15004062915717564 0.41057681682262015 -0.14451321196509526 0.49614659656838678 -0.022604013678870744 0.54114023871494066 -0.32066914567893207 0.16454584389335691 0.17148381861228518 -0.39499426152024952
leaf_weight=326 1055 175 75 64 149 46 119 40 8220 65 43 176 178 69
leaf_count=326 1055 175 75 64 149 46 119 40 8220 65 43 176 178 69
internal_value=0.000151336 -0.00941733 0.105313 0.218364 -0.0157425 0.0725498 0.0594142 0.0816878 -0.0152805 0.0549087 0.178002 0.0682508 -0.00630451 -0.0866525
internal_weight=10800 9540 463 239 224 1260 1214 1095 9077 857 284 219 573 395
internal_count=10800 9540 463 239 224 1260 1214 1095 9077 857 284 219 573 395
is_linear=0
shrinkage=0.05


Tree=106
num_leaves=15
num_cat=0
split_feature=6 20 36 30 63 53 22 45 47 7 46 35 65 17
split_gain=2744.12 1746.74 1957.29 1733.66 2413.96 1711.79 2580.39 4956.13 2206.5 1724.32 2050.06 1717.95 1939.59 1692.23
threshold=24.000000000000004 274.06945200000007 24.483854166666671 19.012500000000003 -0.56174490092936669 -0.77259657388510605 146.02372800520837 51.020833333333336 80.690104166666671 276.39181750000006 84.598958333333357 22.549479166666671 92.999075000000019 61.075702236085867
decision_type=2 2 2 2 2 2 2 2 2 2 2 2 2 2
left_child=1 13 -3 4 -2 6 7 -5 -9 -7 11 -11 -13 -1
right_child=3 2 -4 5 -6 9 -8 8 -10 10 -12 12 -14 -15
leaf_value=0.01074986779270575 -0.31595047801300619 0.32551356751983074 -0.010821710448516042 0.54629624512488562 -0.051784359343233215 -0.029605405836885524 -0.22407557526903768 -0.0053561552207111937 0.32734270188957454 -0.18237220893480949 0.34287282854318618 -0.044109648725624839 0.3027762182056904 0.10027961886106213
leaf_weight=3919 111 101 75 58 382 4837 61 294 59 69 64 88 73 609
leaf_count=3919 111 101 75 58 382 4837 61 294 59 69 64 88 73 609
internal_value=0.000151728 0.0288395 0.182937 -0.0219864 -0.111781 -0.014067 0.0769541 0.122068 0.0510184 -0.0224534 0.0949165 0.0247343 0.114072 0.0228108
internal_weight=10800 4704 176 6096 493 5603 472 411 353 5131 294 230 161 4528
internal_count=10800 4704 176 6096 493 5603 472 411 353 5131 294 230 161 4528
is_linear=0
shrinkage=0.05


Tree=107
num_leaves=15
num_cat=0
split_feature=52 0 47 8 51 47 41 47 22 9 22 22 8 47
split_gain=2608.28 2732.49 3483.99 2335.23 2177.83 4361.04 2791.01 3486.37 3379.37 2872.68 2497.21 1786.24 1780.47 1731.98
threshold=0.68322629814330837 253.29621200000003 82.167968750000014 291.68292550000007 1.5000000000000002 70.266927083333357 72.125000000000014 78.319010416666671 145.83517119791671 252.87840800000001 148.4124377447917 153.21370061979169 271.51854050000003 68.554687500000014
decision_type=2 2 2 2 2 2 2 2 2 2 2 2 2 2
left_child=1 -1 3 4 5 12 8 10 -6 -9 -8 13 -3 -2
right_child=11 2 -4 -5 6 -7 7 9 -10 -11 -12 -13 -14 -15
leaf_value=-0.028873860675258711 -0.052262944176241201 0.34546897332002591 0.40049758341276287 -0.24271178919076922 0.038649800687126895 -0.15604596991723374 0.23245465758579653 0.34000462166419848 -0.40122654532131397 -0.12378909010647073 -0.13622496576943235 0.36511541878405429 -0.058013956976491358 0.054027677398927124
leaf_weight=6421 458 76 65 74 186 294 492 40 56 179 50 41 42 2326
leaf_count=6421 458 76 65 74 186 294 492 40 56 179 50 41 42 2326
internal_value=0.000149195 -0.0144756 0.0449973 0.0292201 0.0436027 -0.0530921 0.0833351 0.130329 -0.064372 -0.0379175 0.198255 0.0414255 0.202576 0.0365292
internal_weight=10800 7975 1554 1489 1415 412 1003 761 242 219 542 2825 118 2784
internal_count=10800 7975 1554 1489 1415 412 1003 761 242 219 542 2825 118 2784
is_linear=0
shrinkage=0.05


Tree=108
num_leaves=15
num_cat=0
split_feature=65 64 36 36 47 47 47 46 38 8 37 62 20 43
split_gain=2419.59 2117.04 2260.52 4526.4 2862.33 2009.02 1977.64 2649.18 1798.25 1572.71 1486.55 2160.1 4029.15 2912.31
threshold=261.5324245000001 265.84829400000007 24.375000000000004 23.898828125000005 64.861979166666671 85.121093750000014 81.209635416666671 89.380208333333357 62.875000000000007 258.65802250000007 54.375000000000007 0.6078576107927941 270.03515600000009 47.375000000000007
decision_type=2 2 2 2 2 2 2 2 2 2 2 2 2 2
left_child=1 10 3 -3 -4 6 7 8 -2 -10 11 -1 -13 -14
right_child=5 2 4 -5 -6 -7 -8 -9 9 -11 -12 12 13 -15
leaf_value=-0.0070914648285051261 0.3511810927987099 0.069574597610203043 0.23163242663109773 0.55870322148243978 -0.145021210349941 0.386074044412755 -0.14002998357173055 0.46826082084600523 0.06511509553121933 -0.13938451112558445 -0.02031703616382266 0.50385227573640423 -0.30653622180900797 0.14810751291560167
leaf_weight=573 49 175 75 64 149 46 119 40 902 104 8220 65 43 176
leaf_count=573 49 175 75 64 149 46 119 40 902 104 8220 65 43 176
internal_value=0.000144407 -0.00845859 0.0957149 0.202337 -0.0184405 0.0652365 0.0527718 0.0738333 0.0584494 0.0438566 -0.0137822 0.0488475 0.161339 0.057852
internal_weight=10800 9540 463 239 224 1260 1214 1095 1055 1006 9077 857 284 219
internal_count=10800 9540 463 239 224 1260 1214 1095 1055 1006 9077 857 284 219
is_linear=0
shrinkage=0.05


Tree=109
num_leaves=15
num_cat=0
split_feature=52 0 47 8 51 36 41 47 22 9 22 47 22 9
split_gain=2227.72 2333.36 3170.67 2078.46 1891.84 3930.28 2491.03 3160.3 3129.37 2576.72 2276.13 1708.45 1606.92 1597.73
threshold=0.68322629814330837 253.29621200000003 82.167968750000014 291.68292550000007 1.5000000000000002 24.679427083333334 72.875000000000014 78.319010416666671 145.83517119791671 252.87840800000001 148.4124377447917 63.555989583333336 153.21370061979169 267.44138750000008
decision_type=2 2 2 2 2 2 2 2 2 2 2 2 2 2
left_child=1 13 3 4 5 -3 8 10 -6 -9 -8 -7 -2 -1
right_child=12 2 -4 -5 6 11 7 9 -10 -11 -12 -13 -14 -15
leaf_value=-0.021820953459089021 0.033649361345037501 -0.14314886141232624 0.3807253612939156 -0.23000595916807653 0.035391288420673711 -0.019659196828701059 0.2243957591107516 0.32239423559569735 -0.38329705836480127 -0.11685780099800064 -0.12826083785324705 0.3759007865267377 0.34530267878657295 -0.15493092946608703
leaf_weight=6188 2784 302 65 74 205 48 473 40 56 179 50 62 41 233
leaf_count=6188 2784 302 65 74 205 48 473 40 56 179 50 62 41 233
internal_value=0.000146556 -0.0133693 0.0415887 0.0265387 0.0401081 -0.0500137 0.0771402 0.12383 -0.0555623 -0.0355284 0.190501 0.204671 0.0382931 -0.0266745
internal_weight=10800 7975 1554 1489 1415 412 1003 742 261 219 523 110 2825 6421
internal_count=10800 7975 1554 1489 1415 412 1003 742 261 219 523 110 2825 6421
is_linear=0
shrinkage=0.05


Tree=110
num_leaves=15
num_cat=0
split_feature=65 7 41 24 65 0 47 9 47 31 32 35 24 46
split_gain=2086.89 1840.97 2240.05 2030.33 3984.78 1850.55 2909.56 1925.33 1811.15 1862.14 2471.63 2952.56 3050.79 2526.18
threshold=261.5324245000001 291.68292550000007 74.875000000000014 322.54412650000006 102.93903650000001 252.73851850000003 82.167968750000014 267.14005600000007 85.121093750000014 18.275000000000002 19.512500000000003 20.796875000000004 263.14637150000004 81.093750000000014
decision_type=2 2 2 2 2 2 2 2 2 2 2 2 2 2
left_child=1 3 -3 5 -5 7 -7 -1 9 -2 -11 13 -13 -12
right_child=8 2 -4 4 -6 6 -8 -9 -10 10 11 12 -14 -15
leaf_value=-0.01237239805829248 -0.25331568365194362 -0.0432308936534926 0.46087864538573697 -0.015207750815898181 -0.58654850198162922 0.03024573856381731 0.37063767265415559 -0.16911647254554787 0.36521742572175697 0.2301456947500507 0.24220349427312612 0.37091382146314827 0.050607835256476053 -0.14199444951838425
leaf_weight=7756 48 42 45 95 44 1293 65 200 46 182 49 85 552 298
leaf_count=7756 48 42 45 95 44 1293 65 200 46 182 49 85 552 298
internal_value=0.000141635 -0.00784804 0.21979 -0.00996612 -0.198962 -0.00712453 0.0467992 -0.0163334 0.0605932 0.0487595 0.0614012 0.0299884 0.0938632 -0.0872016
internal_weight=10800 9540 87 9453 139 9314 1358 7956 1260 1214 1166 984 637 347
internal_count=10800 9540 87 9453 139 9314 1358 7956 1260 1214 1166 984 637 347
is_linear=0
shrinkage=0.05


Tree=111
num_leaves=15
num_cat=0
split_feature=17 37 36 36 22 25 65 31 7 46 52 48 24 40
split_gain=1935.84 1775.7 2310.21 1754.99 1629.71 1570.08 1550.61 1668.65 1520.65 2087.78 1504.95 2241.74 3336.89 2315.01
threshold=59.481066393397107 66.125000000000014 21.539322916666666 22.479947916666671 135.68018348958336 104.92822605096291 271.06198250000006 24.012500000000003 291.68292550000007 77.036458333333357 0.93540483100319638 5.8750000000000009 300.20324800000009 82.875000000000014
decision_type=2 2 2 2 2 2 2 2 2 2 2 2 2 2
left_child=8 5 -3 4 -4 -2 7 -5 10 -10 -1 -12 13 -13
right_child=1 2 3 6 -6 -7 -8 -9 9 -11 11 12 -14 -15
leaf_value=-0.014506054149597103 0.50865700535996017 0.21748962805795125 -0.36776637941141405 0.22765230966611305 0.04459057876041958 0.081590158906247878 -0.074144488841383943 -0.13287843702737953 -0.073732324912334266 0.37381433822657367 0.11875775449134283 0.15953885515584573 -0.4428900564132735 -0.049379812761313389
leaf_weight=8801 42 152 56 138 41 44 146 41 45 60 556 187 42 449
leaf_count=8801 42 152 56 138 41 44 146 41 45 60 556 187 42 449
internal_value=0.000138715 0.083046 0.0510427 -0.00928213 -0.194795 0.293607 0.0465139 0.144793 -0.00526527 0.183123 -0.00725449 0.0444342 -0.0166007 0.0122016
internal_weight=10800 660 574 422 97 86 325 179 10140 105 10035 1234 678 636
internal_count=10800 660 574 422 97 86 325 179 10140 105 10035 1234 678 636
is_linear=0
shrinkage=0.05


Tree=112
num_leaves=15
num_cat=0
split_feature=6 30 65 30 20 36 49 51 29 25 32 24 41 9
split_gain=1783.53 1588.88 1557.45 1541.5 1394.53 1751.86 1420.2 3146.87 4600.6 3528.45 3719.06 3406.73 4429.32 4153.27
threshold=24.000000000000004 18.112500000000004 63.145266500000005 16.025000000000002 274.06945200000007 24.483854166666671 3.5000000000000004 2.5000000000000004 19.762500000000003 1.3929144002791032 19.962500000000002 283.21306650000002 82.875000000000014 197.23703800000001
decision_type=2 2 2 2 2 2 2 2 2 2 2 2 2 2
left_child=3 2 -2 -1 6 -6 7 8 -5 10 -9 12 -10 -14
right_child=1 -3 -4 4 5 -7 -8 9 11 -11 -12 -13 13 -15
leaf_value=-0.19164827749496555 -0.0074308316131717848 -0.012323935991435485 -0.25283165346268272 -0.31118017617517557 0.29960085165266898 -0.018493679252845285 -0.0086245163041929595 0.10587673125581609 0.24683032679658098 0.12226920179729182 -0.55400250477761759 -0.11091225854135477 0.12519446321994837 -0.207862207627002
leaf_weight=81 121 5837 138 116 101 75 2075 44 259 1211 40 324 212 166
leaf_count=81 121 5837 138 116 101 75 2075 44 259 1211 40 324 212 166
internal_value=0.000134449 -0.0177132 -0.138654 0.0232624 0.0270685 0.164711 0.0215852 0.0480048 -0.015144 0.100494 -0.211172 0.0208761 0.087977 -0.0212311
internal_weight=10800 6096 259 4704 4623 176 4447 2372 1077 1295 84 961 637 378
internal_count=10800 6096 259 4704 4623 176 4447 2372 1077 1295 84 961 637 378
is_linear=0
shrinkage=0.05


Tree=113
num_leaves=15
num_cat=0
split_feature=65 64 36 36 47 47 47 46 51 8 37 41 31 46
split_gain=1712.78 1657.65 1918.74 3943.23 2510.07 1616.01 1730.29 2241.48 1554.14 1878.63 2523.35 1448.08 2516.49 2465.21
threshold=261.5324245000001 265.84829400000007 24.375000000000004 23.898828125000005 65.328125000000014 85.121093750000014 81.209635416666671 89.380208333333357 3.5000000000000004 267.32987950000006 62.875000000000007 82.625000000000014 23.012500000000003 80.453125000000014
decision_type=2 2 2 2 2 2 2 2 2 2 2 2 2 2
left_child=1 -1 3 -3 -4 6 7 8 9 10 -2 12 13 -12
right_child=5 2 4 -5 -6 -7 -8 -9 -10 -11 11 -13 -14 -15
leaf_value=-0.011824838565557091 0.43529059967281775 0.059419832733560309 0.1966547810394938 0.51590561305101101 -0.14816880039870739 0.3426282766255293 -0.13661248904458867 0.42621250263437993 -0.082877421034904933 -0.23070965903127527 0.53543071524420782 0.017655457335229441 0.033256463025062313 0.0942258344433691
leaf_weight=9077 50 175 83 64 141 46 119 40 183 46 66 476 173 61
leaf_count=9077 50 175 83 64 141 46 119 40 183 46 66 476 173 61
internal_value=0.000124137 -0.00711404 0.0850664 0.183299 -0.0200932 0.0548897 0.0437139 0.0634178 0.0492719 0.0770683 0.0944667 0.0719744 0.157816 0.325905
internal_weight=10800 9540 463 239 224 1260 1214 1095 1055 872 826 776 300 127
internal_count=10800 9540 463 239 224 1260 1214 1095 1055 872 826 776 300 127
is_linear=0
shrinkage=0.05


Tree=114
num_leaves=15
num_cat=0
split_feature=17 36 36 22 36 31 22 7 47 24 41 0 15 47
split_gain=1587.09 1510.72 2311.08 1722 1684.95 3093.88 1546.91 1356.5 1886.67 1362.47 2288.49 1608.96 1811.36 2042.13
threshold=59.481066393397107 21.539322916666666 22.479947916666671 135.76219061979171 23.267968750000005 21.962500000000002 126.29556024479167 291.68292550000007 71.131510416666671 322.54412650000006 77.625000000000014 273.99435950000003 236.07890250000003 70.597656250000014
decision_type=2 2 2 2 2 2 2 2 2 2 2 2 2 2
left_child=7 6 3 -3 5 -4 -2 9 -9 11 -11 -1 13 -13
right_child=1 2 4 -5 -6 -7 -8 8 -10 10 -12 12 -14 -15
leaf_value=-0.0085440651089318358 0.10482726345679401 -0.35599877942921754 0.019355860776117735 0.064496939593837385 0.023553423150995022 0.55947008589480784 0.44307428452433373 -0.0078864360979247483 0.41876267740295997 -0.033033546832474801 -0.46412193920723227 0.39717184875367417 -0.051787196968118065 0.084924681260421575
leaf_weight=9477 112 58 61 41 294 46 48 61 44 109 42 71 141 195
leaf_count=9477 112 58 61 41 294 46 48 61 44 109 42 71 141 195
internal_value=0.000127404 0.0751959 0.0322323 -0.182951 0.0856801 0.254585 0.208423 -0.00476564 0.173164 -0.00664446 -0.155204 -0.00435942 0.0928623 0.169444
internal_weight=10800 660 500 99 401 107 160 10140 105 10035 151 9884 407 266
internal_count=10800 660 500 99 401 107 160 10140 105 10035 151 9884 407 266
is_linear=0
shrinkage=0.05


Tree=115
num_leaves=15
num_cat=0
split_feature=52 37 24 65 20 20 24 15 51 64 0 47 47 0
split_gain=1543.04 2017.58 2584.87 2409.29 2427.93 6193.24 4344.86 2346.25 2313.92 2517.43 2308.65 1822.19 3304.85 1659.94
threshold=0.68322629814330837 62.875000000000007 307.27302800000007 63.145266500000005 273.13806300000005 271.70245200000005 284.15934500000009 227.55406500000001 2.5000000000000004 221.32642200000004 260.07892350000003 70.597656250000014 76.259114583333343 276.50310850000005
decision_type=2 2 2 2 2 2 2 2 2 2 2 2 2 2
left_child=1 2 3 -1 5 6 8 11 9 -5 -8 -6 13 -13
right_child=-2 -3 -4 4 7 -7 10 -9 -10 -11 -12 12 -14 -15
leaf_value=-0.017824330328547907 0.031874266204998287 -0.024918843303856866 -0.16951606831663138 -0.20936738004287087 0.4557960369634903 -0.39690423406345743 0.6987243381942192 -0.083961092625444725 0.13599737779168952 0.16255169382647558 0.17196845524840887 0.17344275727329483 0.43776611546054484 -0.18079159064726397
leaf_weight=718 2825 6130 142 137 86 70 40 58 268 67 44 82 79 54
leaf_count=718 2825 6130 142 137 86 70 40 58 268 67 44 82 79 54
internal_value=0.000126562 -0.0111221 0.0347063 0.0518243 0.10256 0.0429828 0.0989774 0.206039 0.0396281 -0.0870204 0.428074 0.262012 0.182748 0.0324979
internal_weight=10800 7975 1845 1703 985 626 556 359 472 204 84 301 215 136
internal_count=10800 7975 1845 1703 985 626 556 359 472 204 84 301 215 136
is_linear=0
shrinkage=0.05


Tree=116
num_leaves=15
num_cat=0
split_feature=17 37 36 36 47 41 25 30 52 48 24 25 37 65
split_gain=1398.3 1411.43 1864.46 1366.78 1334.78 1317.33 1255.08 1233.57 1216.11 1931.62 2996.39 2198.07 1306.56 1846.35
threshold=59.481066393397107 66.125000000000014 21.539322916666666 22.479947916666671 67.677083333333357 85.875000000000014 104.92822605096291 16.025000000000002 0.93540483100319638 5.8750000000000009 300.20324800000009 1.3929144002791032 54.625000000000007 94.828613500000003
decision_type=2 2 2 2 2 2 2 2 2 2 2 2 2 2
left_child=7 6 -3 5 -5 -4 -2 -1 12 -10 11 -11 13 -9
right_child=1 2 3 4 -6 -7 -8 8 9 10 -12 -13 -14 -15
leaf_value=-0.19761177892455969 0.45055815563645479 0.19159358524370429 0.039409580755801428 -0.19803553114773012 0.080446996865794068 -0.33134020266302849 0.068856518914302195 -0.018770062470595119 0.1126725606022113 -0.33980561267675424 -0.41712656447360685 0.038786933514527513 -0.015832971347183377 0.12513751376510027
leaf_weight=81 42 152 41 50 275 56 44 481 555 40 42 590 7937 414
leaf_count=81 42 152 41 50 275 56 44 481 555 40 42 590 7937 414
internal_value=0.000125719 0.0705881 0.0420629 -0.0121221 0.0371275 -0.175828 0.258305 -0.0044671 -0.00289231 0.0437301 -0.0132918 0.0142489 -0.00937362 0.0478626
internal_weight=10800 660 574 422 325 97 86 10140 10059 1227 672 630 8832 895
internal_count=10800 660 574 422 325 97 86 10140 10059 1227 672 630 8832 895
is_linear=0
shrinkage=0.05


Tree=117
num_leaves=15
num_cat=0
split_feature=52 37 24 65 20 20 24 51 64 15 0 47 47 0
split_gain=1324.64 1721.53 2316.53 2055.95 2181.46 5596.2 3903.22 2123.13 2242.21 2104.12 2077.71 1624.84 2975.89 1484.6
threshold=0.68322629814330837 62.875000000000007 307.27302800000007 63.145266500000005 273.13806300000005 271.70245200000005 284.15934500000009 2.5000000000000004 221.32642200000004 227.55406500000001 260.07892350000003 70.597656250000014 76.259114583333343 276.50310850000005
decision_type=2 2 2 2 2 2 2 2 2 2 2 2 2 2
left_child=1 2 3 -1 5 6 7 8 -5 11 -8 -6 13 -13
right_child=-2 -3 -4 4 9 -7 10 -9 -10 -11 -12 12 -14 -15
leaf_value=-0.016105850970195103 0.02953283683901425 -0.023049112232108034 -0.16130230857932068 -0.20114606122504855 0.42917391576365321 -0.37950732762544925 0.66052283201275808 0.1279303000866415 0.14987326602122802 -0.081417910170630881 0.16089355228468777 0.16209968546158579 0.41334573619067672 -0.17289857203648851
leaf_weight=718 2825 6130 142 137 86 70 40 268 67 58 44 82 79 54
leaf_count=718 2825 6130 142 137 86 70 40 268 67 58 44 82 79 54
internal_value=0.00011753 -0.0103047 0.032028 0.0482336 0.0951015 0.0386333 0.0918638 0.0356162 -0.0856916 0.193186 0.403784 0.246194 0.171354 0.0287945
internal_weight=10800 7975 1845 1703 985 626 556 472 204 359 84 301 215 136
internal_count=10800 7975 1845 1703 985 626 556 472 204 359 84 301 215 136
is_linear=0
shrinkage=0.05


Tree=118
num_leaves=15
num_cat=0
split_feature=36 24 65 48 45 32 24 40 36 22 36 49 24 51
split_gain=1252.31 1459.48 1428.39 2895.04 2110.93 3312.53 1948.41 1827.86 2834.78 2584.64 1973.24 2476.16 6413.83 5243.33
threshold=18.666666666666668 207.69808350000002 91.384633000000022 1.1250000000000002 51.656250000000007 30.012500000000003 281.72766850000005 69.125000000000014 25.787500000000001 145.83517119791671 19.066145833333337 3.5000000000000004 274.65417650000006 2.5000000000000004
decision_type=2 2 2 2 2 2 2 2 2 2 2 2 2 2
left_child=1 -1 -2 -4 6 7 -5 9 10 -6 -9 -12 13 -13
right_child=2 -3 3 4 5 -7 -8 8 -10 -11 11 12 -14 -15
leaf_value=-0.013107665974891533 -0.01345344743132656 -0.20371984136115129 0.35519617360371813 0.0023849728559567174 -0.020053325666148265 -0.42883103408274198 0.36994734752325364 0.26124981225255028 0.21679801206862065 -0.30870239787049347 0.039389639855886109 -0.047645790497235767 0.070352907671449569 -0.39229029301068491
leaf_weight=273 5624 158 64 65 526 41 80 82 192 90 2658 268 492 187
leaf_count=273 5624 158 64 65 526 41 80 82 192 90 2658 268 492 187
internal_value=0.000116736 -0.0832939 0.0035915 0.0237926 0.0191866 0.0131604 0.206323 0.0172864 0.0299947 -0.0626581 0.0202108 0.0146572 -0.0547292 -0.189841
internal_weight=10800 431 10369 4745 4681 4536 145 4495 3879 616 3687 3605 947 455
internal_count=10800 431 10369 4745 4681 4536 145 4495 3879 616 3687 3605 947 455
is_linear=0
shrinkage=0.05


Tree=119
num_leaves=15
num_cat=0
split_feature=17 36 36 22 36 31 31 7 46 24 41 0 15 47
split_gain=1172.33 1274.48 1831.07 1517.79 1475.81 2662.01 1454.52 1159.5 1707.77 1071.93 2038.67 1225.15 1307.42 1463.3
threshold=59.481066393397107 21.539322916666666 22.479947916666671 135.76219061979171 23.267968750000005 21.962500000000002 20.012500000000003 291.68292550000007 77.036458333333357 322.54412650000006 77.625000000000014 273.99435950000003 236.07890250000003 70.597656250000014
decision_type=2 2 2 2 2 2 2 2 2 2 2 2 2 2
left_child=7 6 3 -3 5 -4 -2 9 -9 11 -11 -1 13 -13
right_child=1 2 4 -5 -6 -7 -8 8 -10 10 -12 12 -14 -15
leaf_value=-0.0074568433676417221 0.089601632036754628 -0.32882724579865652 0.012720427271579543 0.065855690694990615 0.014641991002579867 0.51362997426631607 0.4213089532907458 -0.071803901051980965 0.33288888271104122 -0.022379802622070368 -0.42915921653079431 0.33887337860133915 -0.041871118780330452 0.074529865194036038
leaf_weight=9477 114 58 61 41 294 46 46 45 60 109 42 71 141 195
leaf_count=9477 114 58 61 41 294 46 46 45 60 109 42 71 141 195
internal_value=0.000110378 0.0646286 0.0251772 -0.166349 0.0727579 0.230827 0.186992 -0.00409499 0.160408 -0.00583206 -0.137603 -0.00380525 0.081032 0.146093
internal_weight=10800 660 500 99 401 107 160 10140 105 10035 151 9884 407 266
internal_count=10800 660 500 99 401 107 160 10140 105 10035 151 9884 407 266
is_linear=0
shrinkage=0.05


Tree=120
num_leaves=15
num_cat=0
split_feature=30 65 29 52 21 42 38 8 24 17 7 41 24 65
split_gain=1130.07 1445.65 2172.56 1440.39 1272.42 1741.51 1230.4 1277.89 1470.83 1224.9 1174.29 1599.76 1224.74 3166.71
threshold=16.025000000000002 261.5324245000001 17.775000000000002 0.98611507088852057 99.767414560835817 78.875000000000014 62.875000000000007 256.84630900000008 274.28284400000007 77.373773850576939 291.68292550000007 74.875000000000014 322.54412650000006 102.93903650000001
decision_type=2 2 2 2 2 2 2 2 2 2 2 2 2 2
left_child=-1 4 -3 6 10 -6 -4 9 -9 -8 12 -12 -2 -14
right_child=1 2 3 -5 5 -7 7 8 -10 -11 11 -13 13 -15
leaf_value=-0.17249887886833637 -0.0071180229543917747 0.34130759076365541 0.26192258229851723 0.21493684221059084 0.31033796599010627 0.005072433592379094 0.010880059030792394 -0.3144999727678125 0.01750292479991913 0.21505891252539044 -0.047878587540499007 0.3779178953446124 0.003897396403287227 -0.51321304010790447
leaf_weight=93 9069 61 49 103 74 124 790 61 72 80 42 45 95 42
leaf_count=93 9069 61 49 103 74 124 790 61 72 80 42 45 95 42
internal_value=0.000109316 0.00162454 0.0529295 0.0374171 -0.00495361 0.120148 0.0198488 0.00777352 -0.13598 0.0298805 -0.0076317 0.174153 -0.00936836 -0.157203
internal_weight=10800 10707 1216 1155 9491 198 1052 1003 133 870 9293 87 9206 137
internal_count=10800 10707 1216 1155 9491 198 1052 1003 133 870 9293 87 9206 137
is_linear=0
shrinkage=0.05


Tree=121
num_leaves=15
num_cat=0
split_feature=36 22 65 48 45 32 24 51 49 24 31 36 24 54
split_gain=1080.23 1278.6 1172.99 2690.06 2026.37 2789.86 1954.42 1687.37 4440.88 7201.21 4040.76 3426.4 4475.62 2735.04
threshold=18.666666666666668 106.62172396875 92.999075000000019 1.1250000000000002 51.656250000000007 30.012500000000003 281.72766850000005 2.5000000000000004 3.5000000000000004 296.45735250000007 19.762500000000003 19.481250000000006 278.14094900000003 1.0000000180025095e-35
decision_type=2 2 2 2 2 2 2 2 2 2 2 2 2 2
left_child=1 -1 -2 -4 6 7 -5 10 -9 11 -6 -10 -13 -12
right_child=2 -3 3 4 5 -7 -8 8 9 -11 13 12 -14 -15
leaf_value=-0.0315889044080657 -0.011980261395860009 -0.23939918082109407 0.34633286996848056 0.00079821760300546885 -0.29386944000068449 -0.39897385028804222 0.37857258470604815 0.085201219758418073 0.18428591126814867 0.50894793487790668 0.063520427153358913 -0.37209244903721173 -0.055388919457613789 -0.053727880298263503
leaf_weight=337 5668 94 62 63 123 40 74 1737 77 48 921 177 300 1079
leaf_count=337 5668 94 62 63 123 40 74 1737 77 48 921 177 300 1079
internal_value=0.000107107 -0.077361 0.00333431 0.0217977 0.0173866 0.0115989 0.206116 0.0153681 0.044653 -0.0722915 -0.0169021 -0.123478 -0.17344 0.000269727
internal_weight=10800 431 10369 4701 4639 4502 137 4462 2339 602 2123 554 477 2000
internal_count=10800 431 10369 4701 4639 4502 137 4462 2339 602 2123 554 477 2000
is_linear=0
shrinkage=0.05


Tree=122
num_leaves=15
num_cat=0
split_feature=52 26 65 21 43 65 49 30 17 0 65 9 28 25
split_gain=1022.08 1469.77 2758.96 2130.59 2226.27 1828.94 1666.67 1543.15 1645.68 1479.38 1219.01 3529.7 3159.94 1743.61
threshold=0.68322629814330837 21.062500000000004 63.145266500000005 31.010995959164848 78.875000000000014 95.335915500000013 3.5000000000000004 21.487500000000004 2.39108944092701e-05 203.60231050000002 87.394937500000012 192.84151950000003 24.212500000000002 112.23718932777929
decision_type=2 2 2 2 2 2 2 2 2 2 2 2 2 2
left_child=1 2 -1 6 9 -6 7 8 -4 -5 -3 12 -12 -13
right_child=-2 10 3 4 5 -7 -8 -9 -10 -11 11 13 -14 -15
leaf_value=-0.0096074735330287948 0.025940705759727047 -0.013238120126728332 0.023908763830871163 -0.38628789306732647 -0.19329942810408615 0.16977811941414847 -0.41079821605026051 -0.42196825393253851 -0.31265896918638703 -0.063868531342787846 0.095272105643323265 0.018334740413845679 0.45925196513165667 -0.22635801281583939
leaf_weight=1728 2825 3507 115 56 46 132 88 41 52 96 229 1730 80 75
leaf_count=1728 2825 3507 115 56 46 132 88 41 52 96 229 1730 80 75
internal_value=0.000102264 -0.00905264 -0.0422126 -0.132057 -0.044466 0.0753934 -0.22923 -0.150814 -0.082128 -0.184403 0.00483936 0.0348209 0.190684 0.00804774
internal_weight=10800 7975 2354 626 330 178 296 208 167 152 5621 2114 309 1805
internal_count=10800 7975 2354 626 330 178 296 208 167 152 5621 2114 309 1805
is_linear=0
shrinkage=0.05


Tree=123
num_leaves=15
num_cat=0
split_feature=26 61 52 65 52 6 24 25 8 25 51 24 7 46
split_gain=965.041 1092.49 5408.44 3321.19 1680.49 1712.06 1436.45 3818.85 1725.92 1677.27 3333.77 3876.89 2620.39 2618.98
threshold=16.025000000000002 -0.32143946530316164 0.29012925520284133 79.608916500000007 0.22695468355932452 131.09804050000002 274.65417650000006 104.00661095731722 256.50948950000003 103.46998804815223 3.5000000000000004 278.56941200000006 256.30368450000009 86.885416666666671
decision_type=2 2 2 2 2 2 2 2 2 2 2 2 2 2
left_child=-1 6 4 -4 -3 -6 7 8 -2 -8 11 12 -11 -13
right_child=1 2 3 -5 5 -7 9 -9 -10 10 -12 13 -14 -15
leaf_value=-0.1594160925676214 0.02734999430426337 -0.010223107762371203 -0.13560205370187758 -0.69410214554518468 0.053039976839508333 0.38042214120236728 -0.067312908243243971 -0.17807768501002053 -0.20045048747330818 0.53333298311089028 0.30552824776325571 0.041556649683900423 0.027444511374761893 -0.31467734250155366
leaf_weight=93 2513 6153 69 43 174 51 206 268 85 65 151 833 42 54
leaf_count=93 2513 6153 69 43 174 51 206 268 85 65 151 833 42 54
internal_value=9.13843e-05 0.00149161 -0.0113822 -0.354271 -0.00530633 0.128602 0.0213025 0.00126133 0.0198227 0.0637852 0.0874096 0.0540011 0.336853 0.0195394
internal_weight=10800 10707 6490 112 6378 225 4217 2866 2598 1351 1145 994 107 887
internal_count=10800 10707 6490 112 6378 225 4217 2866 2598 1351 1145 994 107 887
is_linear=0
shrinkage=0.05


Tree=124
num_leaves=15
num_cat=0
split_feature=65 47 31 32 48 35 24 24 36 41 49 30 25 21
split_gain=963.684 1407.69 1341.54 1835.09 1866.07 1823.49 2481.31 2092.42 3062.61 1845.44 1543.34 1268.33 1120.82 1090.59
threshold=261.5324245000001 85.121093750000014 18.987500000000004 19.612500000000004 5.3750000000000009 20.796875000000004 263.14637150000004 275.10399300000006 23.694531250000008 79.875000000000014 1.5000000000000002 20.712500000000002 95.620171505944697 99.767414560835817
decision_type=2 2 2 2 2 2 2 2 2 2 2 2 2 2
left_child=13 2 -2 4 -4 9 -7 -8 -9 -5 -10 -11 -6 -1
right_child=1 -3 3 5 12 6 7 8 10 11 -12 -13 -14 -15
leaf_value=-0.0078107522538072701 -0.16589900563804458 0.30968971360237041 -0.035548632126301528 0.23282132068028055 0.13585919677919031 0.31730834416352044 -0.11048485237931077 0.42359553907066588 -0.11056829488828268 -0.053634554397899152 0.11873056082844469 -0.28310962894628217 0.45781821493179575 0.11048045729581811
leaf_weight=9342 80 46 57 41 50 85 181 59 116 203 196 85 61 198
leaf_count=9342 80 46 57 41 50 85 181 59 116 203 196 85 61 198
internal_value=8.50044e-05 0.0411645 0.0307432 0.0447496 0.196756 0.0181376 0.0674756 0.0285008 0.0964225 -0.0773042 0.0333975 -0.122107 0.3153 -0.00534433
internal_weight=10800 1260 1214 1134 168 966 637 552 371 329 312 288 111 9540
internal_count=10800 1260 1214 1134 168 966 637 552 371 329 312 288 111 9540
is_linear=0
shrinkage=0.05


Tree=125
num_leaves=15
num_cat=0
split_feature=17 51 37 8 9 65 7 47 24 41 37 41 22 22
split_gain=901.678 1123.47 1746 1117.49 971.042 897.926 858.165 1385.58 840.83 1719.75 1094.71 1778.61 4200.67 3142.07
threshold=61.075702236085867 1.5000000000000002 66.125000000000014 197.46853500000003 201.20144250000001 246.63264750000005 291.68292550000007 71.131510416666671 322.54412650000006 76.625000000000014 60.875000000000007 76.625000000000014 145.63369552083336 142.8302186822917
decision_type=2 2 2 2 2 2 2 2 2 2 2 2 2 2
left_child=6 -2 -3 4 -4 -5 8 -8 10 -10 11 12 -1 -13
right_child=1 2 3 5 -6 -7 7 -9 9 -11 -12 13 -14 -15
leaf_value=0.028510595302979808 -0.062634149221451704 0.35752959317926852 0.26863272028063895 0.20946659718344854 0.028998558730169946 -0.045489711300831411 -0.016980406765135066 0.34849212214350705 -0.012522140486786763 -0.38105210615528956 -0.010169652003358891 0.042220546568689961 -0.32119561139121655 0.30702588047339202
leaf_weight=607 147 55 92 40 78 218 61 44 107 44 8435 638 99 135
leaf_count=607 147 55 92 40 78 218 61 44 107 44 8435 638 99 135
internal_value=8.69536e-05 0.0580847 0.0948787 0.0603721 0.159495 -0.00530547 -0.00351118 0.138013 -0.00500115 -0.121709 -0.00321148 0.0364522 -0.0209125 0.0888042
internal_weight=10800 630 483 428 170 258 10170 105 10065 151 9914 1479 706 773
internal_count=10800 630 483 428 170 258 10170 105 10065 151 9914 1479 706 773
is_linear=0
shrinkage=0.05


end of trees

feature_importances:
consumo_alvo_semana_anterior=283
temperatura_externa_c_media_1440m=194
consumo_max_1440m=85
origem_hora=85
umidade_relativa_pct_media_1440m=67
consumo_mean_1440m=58
consumo_alvo_dia_anterior=57
origem_mes=51
consumo_std_1440m=48
umidade_relativa_pct_atual=48
origem_hora_sin=42
consumo_lag_1440m=40
temperatura_externa_c_atual=39
consumo_atual_kw=37
temperatura_externa_c_lag_360m=36
umidade_relativa_pct_media_360m=36
origem_dia_semana=34
origem_hora_cos=33
consumo_lag_10080m=30
consumo_std_180m=30
temperatura_externa_c_lag_720m=29
consumo_std_360m=28
consumo_lag_360m=27
temperatura_externa_c_media_360m=27
umidade_relativa_pct_lag_1440m=27
umidade_relativa_pct_lag_360m=25
consumo_lag_120m=23
temperatura_externa_c_media_180m=21
umidade_relativa_pct_media_180m=18
consumo_max_360m=17
temperatura_externa_c_lag_180m=17
consumo_lag_720m=16
temperatura_externa_c_lag_1440m=13
consumo_lag_60m=12
consumo_min_60m=12
consumo_min_180m=12
umidade_relativa_pct_lag_180m=12
consumo_max_180m=10
consumo_lag_180m=9
consumo_std_60m=9
umidade_relativa_pct_lag_720m=9
consumo_mean_60m=7
consumo_mean_360m=7
umidade_relativa_pct_lag_15m=7
temperatura_externa_c_media_60m=6
temperatura_externa_c_lag_15m=5
consumo_mean_180m=4
temperatura_externa_c_lag_60m=4
umidade_relativa_pct_media_60m=4
consumo_max_60m=3
origem_semana_sin=3
alvo_hora_cos=2
alvo_semana_sin=2
alvo_semana_cos=2
consumo_min_360m=1
umidade_relativa_pct_lag_60m=1

parameters:
[boosting: gbdt]
[objective: regression]
[metric: l1]
[tree_learner: serial]
[device_type: cpu]
[data_sample_strategy: bagging]
[data: ]
[valid: ]
[num_iterations: 400]
[learning_rate: 0.05]
[num_leaves: 15]
[num_threads: 2]
[seed: 20260905]
[deterministic: 1]
[force_col_wise: 1]
[force_row_wise: 0]
[histogram_pool_size: -1]
[max_depth: -1]
[min_data_in_leaf: 40]
[min_sum_hessian_in_leaf: 0.001]
[bagging_fraction: 1]
[pos_bagging_fraction: 1]
[neg_bagging_fraction: 1]
[bagging_freq: 0]
[bagging_seed: 23218]
[bagging_by_query: 0]
[feature_fraction: 1]
[feature_fraction_bynode: 1]
[feature_fraction_seed: 28090]
[extra_trees: 0]
[extra_seed: 14360]
[early_stopping_round: 0]
[early_stopping_min_delta: 0]
[first_metric_only: 0]
[max_delta_step: 0]
[lambda_l1: 0]
[lambda_l2: 1]
[linear_lambda: 0]
[min_gain_to_split: 0]
[drop_rate: 0.1]
[max_drop: 50]
[skip_drop: 0.5]
[xgboost_dart_mode: 0]
[uniform_drop: 0]
[drop_seed: 16970]
[top_rate: 0.2]
[other_rate: 0.1]
[min_data_per_group: 100]
[max_cat_threshold: 32]
[cat_l2: 10]
[cat_smooth: 10]
[max_cat_to_onehot: 4]
[top_k: 20]
[monotone_constraints: ]
[monotone_constraints_method: basic]
[monotone_penalty: 0]
[feature_contri: ]
[forcedsplits_filename: ]
[refit_decay_rate: 0.9]
[cegb_tradeoff: 1]
[cegb_penalty_split: 0]
[cegb_penalty_feature_lazy: ]
[cegb_penalty_feature_coupled: ]
[path_smooth: 0]
[interaction_constraints: ]
[verbosity: -1]
[saved_feature_importance_type: 0]
[use_quantized_grad: 0]
[num_grad_quant_bins: 4]
[quant_train_renew_leaf: 0]
[stochastic_rounding: 1]
[linear_tree: 0]
[max_bin: 255]
[max_bin_by_feature: ]
[min_data_in_bin: 3]
[bin_construct_sample_cnt: 200000]
[data_random_seed: 5037]
[is_enable_sparse: 1]
[enable_bundle: 1]
[use_missing: 1]
[zero_as_missing: 0]
[feature_pre_filter: 1]
[pre_partition: 0]
[two_round: 0]
[header: 0]
[label_column: ]
[weight_column: ]
[group_column: ]
[ignore_column: ]
[categorical_feature: ]
[forcedbins_filename: ]
[precise_float_parser: 0]
[parser_config_file: ]
[objective_seed: 15411]
[num_class: 1]
[is_unbalance: 0]
[scale_pos_weight: 1]
[sigmoid: 1]
[boost_from_average: 1]
[reg_sqrt: 0]
[alpha: 0.9]
[fair_c: 1]
[poisson_max_delta_step: 0.7]
[tweedie_variance_power: 1.5]
[lambdarank_truncation_level: 30]
[lambdarank_norm: 1]
[label_gain: ]
[lambdarank_position_bias_regularization: 0]
[eval_at: ]
[multi_error_top_k: 1]
[auc_mu_weights: ]
[num_machines: 1]
[local_listen_port: 12400]
[time_out: 120]
[machine_list_filename: ]
[machines: ]
[gpu_platform_id: -1]
[gpu_device_id: -1]
[gpu_device_id_list: ]
[gpu_use_dp: 0]
[num_gpu: 1]

end of parameters

pandas_categorical:[]
