tree
version=v4
num_class=1
num_tree_per_iteration=1
label_index=0
max_feature_idx=65
objective=regression
feature_names=consumo_atual_kw consumo_lag_15m consumo_lag_30m consumo_lag_60m consumo_lag_120m consumo_lag_180m consumo_lag_360m consumo_lag_720m consumo_lag_1440m consumo_lag_10080m consumo_mean_60m consumo_min_60m consumo_max_60m consumo_std_60m consumo_mean_180m consumo_min_180m consumo_max_180m consumo_std_180m consumo_mean_360m consumo_min_360m consumo_max_360m consumo_std_360m consumo_mean_1440m consumo_min_1440m consumo_max_1440m consumo_std_1440m temperatura_externa_c_atual temperatura_externa_c_lag_15m temperatura_externa_c_lag_60m temperatura_externa_c_lag_180m temperatura_externa_c_lag_360m temperatura_externa_c_lag_720m temperatura_externa_c_lag_1440m temperatura_externa_c_media_60m temperatura_externa_c_media_180m temperatura_externa_c_media_360m temperatura_externa_c_media_1440m umidade_relativa_pct_atual umidade_relativa_pct_lag_15m umidade_relativa_pct_lag_60m umidade_relativa_pct_lag_180m umidade_relativa_pct_lag_360m umidade_relativa_pct_lag_720m umidade_relativa_pct_lag_1440m umidade_relativa_pct_media_60m umidade_relativa_pct_media_180m umidade_relativa_pct_media_360m umidade_relativa_pct_media_1440m origem_hora origem_dia_semana origem_fim_de_semana origem_mes origem_hora_sin origem_hora_cos origem_semana_sin origem_semana_cos alvo_hora alvo_dia_semana alvo_fim_de_semana alvo_mes alvo_hora_sin alvo_hora_cos alvo_semana_sin alvo_semana_cos consumo_alvo_dia_anterior consumo_alvo_semana_anterior
feature_infos=[22.399999999999999:324.71375799999998] [22.399999999999999:324.71375799999998] [22.399999999999999:324.71375799999998] [22.399999999999999:324.71375799999998] [22.399999999999999:324.71375799999998] [22.399999999999999:324.71375799999998] [22.399999999999999:324.71375799999998] [22.399999999999999:324.71375799999998] [22.399999999999999:324.71375799999998] [22.399999999999999:324.71375799999998] [22.399999999999999:321.24876725000001] [22.399999999999999:318.278571] [22.399999999999999:324.71375799999998] [0:82.540869055199337] [22.399999999999999:313.28577408333337] [22.399999999999999:302.53573799999998] [22.399999999999999:324.71375799999998] [0:92.970139865692389] [22.399999999999999:295.13563500000004] [22.399999999999999:249.29458700000001] [22.399999999999999:324.71375799999998] [0:116.53386463160022] [23.200000000000003:159.49963871874999] none [25.600000000000001:324.71375799999998] [1.3929144002343703:128.71471884334804] [15:33.700000000000003] [15:33.700000000000003] [15:33.700000000000003] [15:33.700000000000003] [15:33.700000000000003] [15:33.700000000000003] [15:33.700000000000003] [15:33.4375] [15:32.71875] [15.333333333333334:31.620833333333334] [16.439843749999998:27.283072916666669] [31:98] [31:98] [31:98] [31:98] [31:98] [31:98] [31:98] [32.5:95.625] [33.666666666666664:95.083333333333329] [37.041666666666664:94] [59.309895833333336:91.638020833333329] [0:23.75] [0:6] [0:1] [1:4] [-1:1] [-1:1] [-0.97492791218182362:0.97492791218182362] [-0.90096886790241903:1] [0:23.75] [0:6] [0:1] [1:4] [-1:1] [-1:1] [-0.97492791218182362:0.97492791218182362] [-0.90096886790241903:1] [22.399999999999999:324.71375799999998] [22.399999999999999:324.71375799999998]
tree_sizes=1387 1405 1405 1405 1398 1410 1408 1401 1402 1417 1405 1415 1392 1398 1406 1406 1402 1402 1405 1407 1407 1407 1416 1406 1409 1406 1406 1413 1415 1413 1418 1416 1404 1421 1415 1426 1434 1412 1416 1419 1433 1418 1436 1437 1434 1429 1430 1422 1427 1427 1431 1415 1419 1424 1421 1415 1428 1412 1420 1430 1422 1429 1423 1429 1431 1435 1429 1433 1420 1428 1426 1429 1437 1429 1421 1440 1427 1430 1421 1435 1443 1428 1438 1441 1424 1429 1437 1432 1442 1434 1420 1436 1446 1428 1426 1426 1426 1438 1444 1455 1435 1448 1448 1437 1434 1412 1448 1417 1438 1430 1435 1450 1445 1438 1449 1444 1453 1453 1453 1438 1441 1438 1452 1431 1451 1452 1446 1443 1443

Tree=0
num_leaves=15
num_cat=0
split_feature=65 65 65 0 0 26 36 53 48 31 0 26 64 0
split_gain=8.93639e+07 9.75054e+06 3.2641e+06 426385 369960 294548 191837 144934 135405 94923.4 93421.7 64225.6 59681.5 44323.7
threshold=158.55534900000004 42.523274000000008 229.58777250000003 140.95961050000003 250.77304450000003 25.512500000000003 21.497656250000002 -0.032701564615071448 15.875000000000002 19.762500000000003 200.80666850000003 19.762500000000003 201.85957300000004 275.19923050000006
decision_type=2 2 2 2 2 2 2 2 2 2 2 2 2 2
left_child=1 -1 4 6 7 8 -3 11 9 -4 -5 -2 -8 -6
right_child=2 3 5 10 13 -7 12 -9 -10 -11 -12 -13 -14 -15
leaf_value=103.65194218679574 110.89343117540071 106.63165001293437 114.34436424251936 108.97014183501697 113.08111659186714 116.12257971993037 107.65209878668068 109.13975686656104 112.51564851987929 115.36222462788342 110.94906319406297 112.05597304651256 108.55438825823016 114.35273922291393
leaf_weight=5464 166 431 400 364 309 980 620 56 62 910 71 587 259 121
leaf_count=5464 166 431 400 364 309 980 620 56 62 910 71 587 259 121
internal_value=107.901 104.691 114.344 107.945 112.261 115.439 107.494 111.621 114.945 115.057 109.299 111.804 107.918 113.453
internal_weight=10800 7209 3591 1745 1239 2352 1310 809 1372 1310 435 753 879 430
internal_count=10800 7209 3591 1745 1239 2352 1310 809 1372 1310 435 753 879 430
is_linear=0
shrinkage=1


Tree=1
num_leaves=15
num_cat=0
split_feature=65 65 65 0 0 26 36 53 48 0 48 36 36 16
split_gain=8.06624e+07 8.80044e+06 2.94538e+06 385039 334315 267561 175254 131487 107651 84490.9 83435.6 79703.1 62421.9 61208.3
threshold=158.55534900000004 42.523274000000008 229.58777250000003 140.95961050000003 252.73851850000003 24.887500000000003 22.610416666666669 -0.032701564615071448 15.875000000000002 200.80666850000003 15.875000000000002 17.496875000000006 22.036197916666669 285.75061850000003
decision_type=2 2 2 2 2 2 2 2 2 2 2 2 2 2
left_child=1 -1 4 6 7 8 -3 12 11 -5 13 -4 -2 -7
right_child=2 3 5 9 -6 10 -8 -9 -10 -11 -12 -13 -14 -15
leaf_value=-4.036558343690138 3.1768945187241284 -0.98179333375828381 4.921903529637297 1.0159168498064965 5.2903713478232328 7.6463221929491185 0.17469848799216148 1.1779913923196625 4.2838129078258174 2.8978624370363022 5.3263142140706385 6.8372723661301213 4.1280601814144946 8.9947449470633885
leaf_weight=5464 334 635 70 364 423 969 675 56 54 71 44 1082 426 133
leaf_count=5464 334 635 70 364 423 969 675 56 54 71 44 1082 426 133
internal_value=0.000211801 -3.04947 6.12164 0.0418851 4.14291 7.16181 -0.386212 3.54233 6.61958 1.32903 7.72617 6.72526 3.71477 7.81707
internal_weight=10800 7209 3591 1745 1239 2352 1310 816 1206 435 1146 1152 760 1102
internal_count=10800 7209 3591 1745 1239 2352 1310 816 1206 435 1146 1152 760 1102
is_linear=0
shrinkage=0.05


Tree=2
num_leaves=15
num_cat=0
split_feature=65 65 65 0 0 26 36 53 48 26 36 0 0 26
split_gain=7.28165e+07 7.65657e+06 2.87398e+06 352452 323050 242351 155517 142671 109577 84650.9 81209.8 70158.5 61937.2 50543.3
threshold=150.1494825 42.523274000000008 229.58777250000003 230.45112850000001 140.95961050000003 25.512500000000003 21.497656250000002 -0.032701564615071448 15.875000000000002 20.212500000000002 20.479947916666671 274.61923400000006 190.02310300000002 23.012500000000003
decision_type=2 2 2 2 2 2 2 2 2 2 2 2 2 2
left_child=1 -1 3 7 6 8 -3 10 9 -4 -2 -5 -6 -8
right_child=2 4 5 11 12 -7 13 -9 -10 -11 -12 -13 -14 -15
leaf_value=-3.8347672717765402 2.1835492422414382 -1.1627173176973151 5.4622938385716191 4.4403162042466171 0.87483668757826338 7.4243325512465113 -0.26704636213470656 1.0664227735849074 4.1702543712797624 6.6470847721517519 3.6369419509210248 5.8533199890136727 2.3086224027199322 0.54023581869977044
leaf_weight=5464 128 426 215 477 307 980 580 80 62 1095 472 124 100 290
leaf_count=5464 128 426 215 477 307 980 580 80 62 1095 472 124 100 290
internal_value=0.000436648 -2.92255 5.76597 3.85528 0.00480925 6.80453 -0.381207 3.06657 6.35673 6.45695 3.33103 4.74109 1.23191 0.002359
internal_weight=10800 7167 3633 1281 1703 2352 1296 680 1372 1310 600 601 407 870
internal_count=10800 7167 3633 1281 1703 2352 1296 680 1372 1310 600 601 407 870
is_linear=0
shrinkage=0.05


Tree=3
num_leaves=15
num_cat=0
split_feature=65 65 65 0 0 12 36 53 48 48 36 16 26 0
split_gain=6.57287e+07 7.16602e+06 2.39729e+06 316089 277237 224272 170154 108942 102977 72968.2 63071.1 55169.7 54216.2 52696.7
threshold=158.55534900000004 42.523274000000008 229.58777250000003 154.02411550000002 255.57108200000002 256.80026200000003 22.610416666666669 -0.032701564615071448 15.875000000000002 15.875000000000002 17.496875000000006 285.75061850000003 19.762500000000003 200.80666850000003
decision_type=2 2 2 2 2 2 2 2 2 2 2 2 2 2
left_child=1 -1 4 6 7 9 -3 12 11 10 -4 -7 -2 -5
right_child=2 3 5 13 -6 8 -8 -9 -10 -11 -12 -13 -14 -15
leaf_value=-3.6430638955998398 2.5365078383577089 -0.87540961741221734 4.4050005093426767 1.0956065029837192 4.8428848005850114 6.8930390062126579 0.22207916351218088 1.0677394649438692 4.6684011894359925 3.71207433301349 6.1151118089312968 8.1561560775294453 3.5925017283512997 2.6386830117967395
leaf_weight=5464 166 656 70 255 394 1066 763 56 56 42 987 131 623 71
leaf_count=5464 166 656 70 255 394 1066 763 56 56 42 987 131 623 71
internal_value=0.000596976 -2.75234 5.52639 0.0372192 3.74122 6.46481 -0.285546 3.22243 6.93587 5.92191 6.00613 7.03797 3.37382 1.43872
internal_weight=10800 7209 3591 1745 1239 2352 1419 845 1253 1099 1057 1197 789 326
internal_count=10800 7209 3591 1745 1239 2352 1419 845 1253 1099 1057 1197 789 326
is_linear=0
shrinkage=0.05


Tree=4
num_leaves=15
num_cat=0
split_feature=65 65 65 0 26 26 53 0 48 17 48 31 33 0
split_gain=5.9336e+07 6.2342e+06 2.33913e+06 290334 271053 203699 115846 99118.7 76465.9 75683.8 69741.6 68534.7 66526.6 61498.9
threshold=150.1494825 42.523274000000008 229.58777250000003 230.45112850000001 22.012500000000003 24.762500000000003 -0.032701564615071448 149.18104250000002 15.875000000000002 30.816797651301915 15.875000000000002 20.012500000000003 19.003125000000004 275.19923050000006
decision_type=2 2 2 2 2 2 2 2 2 2 2 2 2 2
left_child=1 -1 3 6 12 8 9 -6 11 -2 -7 -4 -3 -5
right_child=2 4 5 13 7 10 -8 -9 -10 -11 -12 -13 -14 -15
leaf_value=-3.4609442362039324 2.6124445157350551 -1.3030547081931112 5.2375592297521134 4.0093422312746432 0.29873232686408485 6.7115673387072041 0.9634317359806579 1.5013436123194448 3.6734614972715023 3.8506481251818068 4.4887886047363281 6.0987294159160275 -0.32984271806285337 5.339105105790936
leaf_weight=5464 413 237 463 480 542 1113 80 250 53 187 45 678 674 121
leaf_count=5464 413 237 463 480 542 1113 80 250 53 187 45 678 674 121
internal_value=0.00077734 -2.6378 5.20533 3.48157 0.0036843 6.14229 2.7658 0.679759 5.66496 3.00412 6.62914 5.75417 -0.584179 4.28549
internal_weight=10800 7167 3633 1281 1703 2352 680 792 1194 600 1158 1141 911 601
internal_count=10800 7167 3633 1281 1703 2352 680 792 1194 600 1158 1141 911 601
is_linear=0
shrinkage=0.05


Tree=5
num_leaves=15
num_cat=0
split_feature=65 65 65 0 10 12 36 53 48 0 48 36 31 20
split_gain=5.35614e+07 5.73019e+06 2.03068e+06 262000 245516 187975 117894 102303 85847.8 61153.4 60797.3 56831.5 51826.7 48147
threshold=152.62868950000004 42.523274000000008 229.58777250000003 137.81104500000004 256.38992450000006 258.48132350000009 21.539322916666666 -0.032701564615071448 15.875000000000002 195.55842400000003 15.875000000000002 17.496875000000006 20.087500000000002 286.87046450000008
decision_type=2 2 2 2 2 2 2 2 2 2 2 2 2 2
left_child=1 -1 4 6 7 10 -3 12 13 -5 11 -4 -2 -7
right_child=2 3 5 9 -6 8 -8 -9 -10 -11 -12 -13 -14 -15
leaf_value=-3.2879286443739995 2.5401718760487704 -1.0211059572962362 3.9296629032618564 0.77573293835791968 4.3314618270729737 6.2624784564878517 -0.004618256932887802 0.9929698084231835 4.227156766255697 2.3028199243545533 3.3504373284273372 5.5358610198310565 3.3920305557068895 7.5417798593503624
leaf_weight=5464 350 432 70 377 422 1020 836 70 56 79 42 1056 418 108
leaf_count=5464 350 432 70 377 422 1020 836 70 56 79 42 1056 418 108
internal_value=0.000922229 -2.49507 4.96735 0.0182309 3.34304 5.83573 -0.351461 2.84072 6.29282 1.04475 5.36739 5.43958 3.00762 6.39154
internal_weight=10800 7188 3612 1724 1260 2352 1268 838 1184 456 1168 1126 768 1128
internal_count=10800 7188 3612 1724 1260 2352 1268 838 1184 456 1168 1126 768 1128
is_linear=0
shrinkage=0.05


Tree=6
num_leaves=15
num_cat=0
split_feature=65 65 65 0 0 26 36 53 48 30 36 64 0 12
split_gain=4.83499e+07 5.26536e+06 1.76069e+06 240812 209856 171534 133927 80361 71424.8 67879.8 46794.3 42126.1 41523.3 33261.2
threshold=158.55534900000004 42.523274000000008 229.58777250000003 154.02411550000002 256.80026200000003 25.512500000000003 22.750520833333336 -0.032701564615071448 15.875000000000002 19.012500000000003 22.036197916666669 201.85957300000004 202.80111400000004 279.13438900000006
decision_type=2 2 2 2 2 2 2 2 2 2 2 2 2 2
left_child=1 -1 4 6 7 8 -3 10 9 -4 -2 -8 -5 -7
right_child=2 3 5 12 -6 13 11 -9 -10 -11 -12 -13 -14 -15
leaf_value=-3.1235622761299715 2.4451497530255999 -0.7382699116964363 4.6623667830851536 0.96071289201195431 4.1942862983763689 5.8584194090434121 -0.032038722601959231 0.91918515233290299 3.4018536431448805 5.5034301634149241 3.2412513663742568 0.78977857534976115 2.3589109392727123 6.6681465988787112
leaf_weight=5464 349 706 401 259 380 738 484 56 62 909 454 229 67 242
leaf_count=5464 349 706 401 259 380 738 484 56 62 909 454 229 67 242
internal_value=0.00106533 -2.36004 4.74038 0.0311253 3.21047 5.5446 -0.250596 2.77089 5.16876 5.24973 2.89872 0.232647 1.25441 6.06497
internal_weight=10800 7209 3591 1745 1239 2352 1419 859 1372 1310 803 713 326 980
internal_count=10800 7209 3591 1745 1239 2352 1419 859 1372 1310 803 713 326 980
is_linear=0
shrinkage=0.05


Tree=7
num_leaves=15
num_cat=0
split_feature=65 65 65 0 26 12 4 15 48 0 33 0 0 48
split_gain=4.36477e+07 4.58034e+06 1.71781e+06 224422 212481 157633 89245.9 87421.8 74402.8 72933.5 53208.4 51319.4 47251.9 45357.2
threshold=150.1494825 42.523274000000008 229.58777250000003 230.45112850000001 22.012500000000003 255.20086750000004 42.523274000000008 187.11893800000004 15.875000000000002 165.96690300000003 19.362500000000004 275.19923050000006 276.50310850000005 15.875000000000002
decision_type=2 2 2 2 2 2 2 2 2 2 2 2 2 2
left_child=1 -1 3 6 10 13 -2 -8 12 -6 -3 -5 -7 -4
right_child=2 4 5 11 9 8 7 -9 -10 -11 -12 -13 -14 -15
leaf_value=-2.9674125703495791 2.9498674668461446 -1.0980792556012025 4.8564727322676298 3.4439129276235985 0.32365586926673084 5.5523644132539633 0.59400125824742855 2.3161656842800817 3.7581515166719082 1.4323635876780809 -0.26610760817748713 4.6515447491505109 6.4347307899507022 2.9960272067930642
leaf_weight=5464 331 275 993 480 595 1023 107 242 58 197 636 121 238 40
leaf_count=5464 331 275 993 480 595 1023 107 242 58 197 636 121 238 40
internal_value=0.00118392 -2.26186 4.46499 2.98779 0.00230426 5.26792 2.35879 1.79137 5.64034 0.600891 -0.51818 3.69437 5.72387 4.7874
internal_weight=10800 7167 3633 1281 1703 2352 680 349 1319 792 911 601 1261 1033
internal_count=10800 7167 3633 1281 1703 2352 680 349 1319 792 911 601 1261 1033
is_linear=0
shrinkage=0.05


Tree=8
num_leaves=15
num_cat=0
split_feature=65 65 65 0 0 26 4 48 31 15 36 11 48 12
split_gain=3.93987e+07 4.13387e+06 1.55026e+06 202984 192639 144150 92138.1 72813.9 69214.6 68334.6 57832.3 49169.1 49077.5 45027.8
threshold=150.1494825 42.523274000000008 229.58777250000003 225.17405600000004 117.51320250000002 26.175000000000001 42.523274000000008 18.875000000000004 19.762500000000003 187.11893800000004 21.539322916666666 274.66124800000006 15.875000000000002 96.162038500000008
decision_type=2 2 2 2 2 2 2 2 2 2 2 2 2 2
left_child=1 -1 3 6 10 8 13 -6 -4 -8 -3 -5 -10 -2
right_child=2 4 5 11 7 -7 9 -9 12 -11 -12 -13 -14 -15
leaf_value=-2.8190691675184412 1.7423811051903701 -0.95722335382784896 4.1343317435922824 3.2947200873138707 1.018392544238895 5.5406466991724903 0.56457618844729884 0.040424536114111981 4.9989599188713179 2.1164647680741768 -0.15534233176224943 4.6498670331169576 3.1325828335501935 3.1380894216408297
leaf_weight=5464 81 378 438 544 430 850 107 341 1021 215 554 84 43 250
leaf_count=5464 81 378 438 544 430 850 107 341 1021 215 554 84 43 250
internal_value=0.00128663 -2.14878 4.24226 2.83894 0.00220055 5.00503 2.21509 0.586467 4.69843 1.60412 -0.481246 3.48309 4.92655 2.80282
internal_weight=10800 7167 3633 1281 1703 2352 653 771 1502 322 932 628 1064 331
internal_count=10800 7167 3633 1281 1703 2352 653 771 1502 322 932 628 1064 331
is_linear=0
shrinkage=0.05


Tree=9
num_leaves=15
num_cat=0
split_feature=65 65 65 0 0 26 36 48 53 20 0 31 36 64
split_gain=3.55642e+07 3.86914e+06 1.29281e+06 189634 160420 135393 86064.3 78177.6 59149.1 55459.6 47771.3 43660.1 39793.7 38068.8
threshold=158.55534900000004 42.523274000000008 229.58777250000003 137.81104500000004 256.80026200000003 23.012500000000003 21.539322916666666 15.875000000000002 -0.032701564615071448 286.87046450000008 190.02310300000002 18.112500000000004 22.301041666666666 201.85957300000004
decision_type=2 2 2 2 2 2 2 2 2 2 2 2 2 2
left_child=1 -1 4 6 8 11 -3 9 12 -7 -5 -4 -2 -8
right_child=2 3 5 10 -6 7 13 -9 -10 -11 -12 -13 -14 -15
leaf_value=-2.6781415141141429 2.1201603007082848 -0.86169501779922131 3.3178063060619216 0.60292055038606995 3.6149600562148212 5.0133253912794231 -0.21185353031319357 3.2686277501723349 0.78242818012572179 6.279755831194354 1.7962000976909291 4.3808953814398981 2.8447063614199086 0.52656646090887704
leaf_weight=5464 407 434 134 362 380 1377 594 67 56 110 109 664 396 246
leaf_count=5464 407 434 134 362 380 1377 594 67 56 110 109 664 396 246
internal_value=0.00136319 -2.02364 4.06602 0.0261248 2.75506 4.75516 -0.290846 5.03388 2.3709 5.11117 0.882293 4.20676 2.48056 0.00476702
internal_weight=10800 7209 3591 1745 1239 2352 1274 1554 859 1487 471 798 803 840
internal_count=10800 7209 3591 1745 1239 2352 1274 1554 859 1487 471 798 803 840
is_linear=0
shrinkage=0.05


Tree=10
num_leaves=15
num_cat=0
split_feature=65 65 65 0 26 26 13 48 26 0 48 33 0 53
split_gain=3.21043e+07 3.36601e+06 1.2617e+06 169607 166437 123015 72437.7 62261.4 67596.8 56922.4 43309.9 42353.4 41536.8 38474.6
threshold=150.1494825 42.523274000000008 229.58777250000003 230.45112850000001 22.012500000000003 26.812500000000004 38.360535642300967 15.875000000000002 21.212500000000002 149.18104250000002 11.875000000000002 19.003125000000004 279.73507200000006 -0.032701564615071448
decision_type=2 2 2 2 2 2 2 2 2 2 2 2 2 2
left_child=1 -1 3 6 11 7 13 8 -4 10 -6 -3 -5 -2
right_child=2 4 5 12 9 -7 -8 -9 -10 -11 -12 -13 -14 -15
leaf_value=-2.5442588894103277 1.8985405537354083 -1.0326896427058372 3.6958200274071653 2.9989827374311595 0.83434905043713337 5.0677207350569589 2.9078582664445647 2.7530105355667747 4.5212955782282709 1.1539452849215721 -0.0941535629536044 -0.25619144195428606 4.2605965304087441 0.69249449460594747
leaf_weight=5464 428 237 358 519 196 738 172 72 1184 250 346 674 82 80
leaf_count=5464 428 237 358 519 196 738 172 72 1184 250 346 674 82 80
internal_value=0.0014376 -1.93942 3.82974 2.56375 0.00154131 4.51787 2.01707 4.26347 4.33217 0.531319 0.242533 -0.459111 3.17791 1.71035
internal_weight=10800 7167 3633 1281 1703 2352 680 1614 1542 792 542 911 601 508
internal_count=10800 7167 3633 1281 1703 2352 680 1614 1542 792 542 911 601 508
is_linear=0
shrinkage=0.05


Tree=11
num_leaves=15
num_cat=0
split_feature=65 65 65 0 0 12 0 48 27 53 36 16 31 48
split_gain=2.89797e+07 3.15052e+06 1.05212e+06 159539 133382 113901 62780.9 55959 46774.8 45530.5 41395.1 36894.8 36193.4 36178.1
threshold=158.55534900000004 42.523274000000008 229.58777250000003 117.51320250000002 249.60064250000002 258.48132350000009 188.27934300000004 15.875000000000002 19.962500000000002 -0.032701564615071448 19.556510416666669 287.24088100000006 20.087500000000002 11.875000000000002
decision_type=2 2 2 2 2 2 2 2 2 2 2 2 2 2
left_child=1 -1 4 8 9 10 13 11 -3 12 -4 -7 -2 -5
right_child=2 3 5 6 -6 7 -8 -9 -10 -11 -12 -13 -14 -15
leaf_value=-2.4170692612769291 1.8158212220909968 -0.92617366394527212 3.0782010821638437 1.1925102802591587 3.196820236783509 4.6203740895143026 1.6063759908837789 3.000849308883935 -0.17365961639005489 0.70997584600720498 4.0457244828387005 5.7217845916748047 2.5310209781816693 0.19884637555168599
leaf_weight=5464 345 305 144 108 435 1025 117 56 637 56 1024 103 403 578
leaf_count=5464 345 305 144 108 435 1025 117 56 637 56 1024 103 403 578
internal_value=0.00149005 -1.82647 3.67063 0.0231753 2.48797 4.29232 0.540632 4.64693 -0.418032 2.10096 3.92918 4.72593 2.20401 0.356791
internal_weight=10800 7209 3591 1745 1239 2352 803 1184 942 804 1168 1128 748 686
internal_count=10800 7209 3591 1745 1239 2352 803 1184 942 804 1168 1128 748 686
is_linear=0
shrinkage=0.05


Tree=12
num_leaves=15
num_cat=0
split_feature=65 65 65 0 26 36 4 48 15 26 20 11 20 0
split_gain=2.61607e+07 2.74071e+06 1.02683e+06 142538 139149 105401 69710 54976.2 50892.4 50888.7 47482.9 38786.5 35741.6 34887.3
threshold=150.1494825 42.523274000000008 229.58777250000003 225.17405600000004 23.012500000000003 22.340885416666669 42.523274000000008 15.875000000000002 188.12109400000003 20.087500000000002 274.29007000000007 276.77561750000007 109.7992215 202.80111400000004
decision_type=2 2 2 2 2 2 2 2 2 2 2 2 2 2
left_child=1 -1 3 6 9 -4 12 10 -8 -3 -7 -5 -2 -6
right_child=2 4 5 11 13 7 8 -9 -10 -11 -12 -13 -14 -15
leaf_value=-2.2962379512804314 1.6931692779880683 -0.74706438377263473 3.6657902165360028 2.7024529965604445 0.50942500777902378 4.2322700772825188 0.37886533551934093 2.7553234396309687 1.71042224068508 -0.057881510958467122 4.9581498159265918 3.9785675989438412 2.767582692436994 1.7794823658270915
leaf_weight=5464 145 425 973 556 496 962 109 57 213 722 360 72 186 60
leaf_count=5464 145 425 973 556 496 962 109 57 213 722 360 72 186 60
internal_value=0.00154607 -1.75046 3.45735 2.31525 0.000959444 4.07814 1.79273 4.36622 1.26225 -0.313674 4.43354 2.85485 2.30344 0.64943
internal_weight=10800 7167 3633 1281 1703 2352 653 1379 322 1147 1322 628 331 556
internal_count=10800 7167 3633 1281 1703 2352 653 1379 322 1147 1322 628 331 556
is_linear=0
shrinkage=0.05


Tree=13
num_leaves=15
num_cat=0
split_feature=65 65 65 10 0 16 36 53 31 17 36 26 11 17
split_gain=2.36139e+07 2.47364e+06 927310 135610 130256 99392 61456.5 59829.3 49012.7 35650.2 29273.3 27606 26369.9 26169
threshold=150.1494825 42.523274000000008 231.31079250000002 261.99116212500002 137.81104500000004 270.47923350000002 22.479947916666671 -0.032701564615071448 19.762500000000003 43.996795706049234 20.479947916666671 26.237500000000004 207.09266450000004 14.497234743019471
decision_type=2 2 2 2 2 2 2 2 2 2 2 2 2 2
left_child=1 -1 3 7 6 8 -3 9 -4 10 12 -6 -2 -10
right_child=2 4 5 -5 11 -7 -8 -9 13 -11 -12 -13 -14 -15
leaf_value=-2.1814470625839859 0.84231453078133711 -0.62767060362240856 3.1829030444405295 3.0919284316348166 0.45670660266194885 4.3929533180008589 0.071456862898959569 0.59297785041508855 2.7232938028150993 3.4137042377306068 2.1118361457140611 1.295863287895918 2.036486623479032 3.8906951990304641
leaf_weight=5464 104 594 439 330 296 701 666 80 61 45 657 147 86 1130
leaf_count=5464 104 594 439 330 296 701 666 80 61 45 657 147 86 1130
internal_value=0.00159852 -1.66294 3.28488 2.21312 0.000955015 3.88231 -0.258368 1.91189 3.66015 2.02938 1.95189 0.737454 1.39067 3.83324
internal_weight=10800 7167 3633 1302 1703 2331 1260 972 1630 892 847 443 190 1191
internal_count=10800 7167 3633 1302 1703 2331 1260 972 1630 892 847 443 190 1191
is_linear=0
shrinkage=0.05


Tree=14
num_leaves=15
num_cat=0
split_feature=65 65 65 0 10 26 36 48 20 53 17 26 33 0
split_gain=2.13167e+07 2.3162e+06 773590 124175 110022 92767.5 73543.5 59726.7 43782.5 37483.2 32782.2 30842 26969.8 23316.4
threshold=158.55534900000004 63.145266500000005 231.31079250000002 154.02411550000002 263.43669387500006 22.787500000000005 23.694531250000008 15.875000000000002 274.29007000000007 -0.032701564615071448 52.127083846939321 19.762500000000003 18.990625000000005 210.00171550000002
decision_type=2 2 2 2 2 2 2 2 2 2 2 2 2 2
left_child=1 -1 4 6 9 10 12 8 -7 11 -4 -2 -3 -5
right_child=2 3 5 13 -6 7 -8 -9 -10 -11 -12 -13 -14 -15
leaf_value=-2.0683088115423085 1.3336875337997132 -0.95197766460870437 2.6873039042654119 0.73168282389507766 2.9867960666897293 3.787434055844908 0.36151243826854823 2.3739989845191731 4.4220802195457436 0.61335890958445116 3.4500722810170537 2.1010058003979428 -0.28579002363003386 1.9328235179185869
leaf_weight=5486 168 189 241 279 300 1140 441 67 426 56 457 736 767 47
leaf_count=5486 168 189 241 279 300 1140 441 67 426 56 457 736 767 47
internal_value=0.00163567 -1.56612 3.1485 0.0331048 2.14736 3.6885 -0.172084 3.8991 3.96279 1.8822 3.19093 1.96004 -0.418352 0.910235
internal_weight=10800 7209 3591 1723 1260 2331 1397 1633 1566 960 698 904 956 326
internal_count=10800 7209 3591 1723 1260 2331 1397 1633 1566 960 698 904 956 326
is_linear=0
shrinkage=0.05


Tree=15
num_leaves=15
num_cat=0
split_feature=65 65 65 0 10 26 36 48 16 17 26 11 31 31
split_gain=1.92418e+07 2.16651e+06 642007 129378 89978.3 86425.8 74246 64183.8 49115.3 32140.8 26717.5 25808.1 31337.4 19511.6
threshold=163.51199100000002 42.523274000000008 231.31079250000002 172.05135050000004 263.43669387500006 21.487500000000004 23.694531250000008 15.875000000000002 271.97065150000009 43.996795706049234 20.012500000000003 217.94672450000004 20.012500000000003 18.275000000000002
decision_type=2 2 2 2 2 2 2 2 2 2 2 2 2 2
left_child=1 -1 4 6 9 13 10 8 -7 11 -3 12 -2 -4
right_child=2 3 5 -5 -6 7 -8 -9 -10 -11 -12 -13 -14 -15
leaf_value=-1.9689981511876002 1.0723009925033595 -0.69684357057103585 2.1515102357575389 1.0652726696368837 2.841938024202983 3.5237886384571215 0.36141982944402284 2.2279376541275577 4.1120080705274615 3.1481332074040953 -0.17555258118857942 2.0970832544214586 1.8686676150250356 3.0234437443562694
leaf_weight=5464 221 406 98 260 299 1281 498 82 569 45 623 356 297 301
leaf_count=5464 221 406 98 260 299 1281 498 82 569 45 623 356 297 301
internal_value=0.00166259 -1.47481 3.01783 0.036479 2.08447 3.50443 -0.139275 3.64525 3.70683 1.8352 -0.381709 1.76408 1.53163 2.8152
internal_weight=10800 7251 3549 1787 1218 2331 1527 1932 1850 919 1029 874 518 399
internal_count=10800 7251 3549 1787 1218 2331 1527 1932 1850 919 1029 874 518 399
is_linear=0
shrinkage=0.05


Tree=16
num_leaves=15
num_cat=0
split_feature=65 65 65 26 10 26 48 31 26 15 48 33 11 48
split_gain=1.7372e+07 1.81851e+06 680919 100309 96298.8 83249.1 55651.3 46422.8 46061.3 33208.1 29690.1 25751.5 24217.9 23101.8
threshold=150.1494825 63.145266500000005 225.72088050000005 22.062500000000004 243.93191812500001 27.012500000000003 15.875000000000002 21.812500000000004 20.962500000000002 186.84601250000003 11.875000000000002 19.003125000000004 282.10083050000009 10.875000000000002
decision_type=2 2 2 2 2 2 2 2 2 2 2 2 2 2
left_child=1 -1 4 11 7 6 8 -2 -4 10 -5 -3 -6 -10
right_child=2 3 5 9 12 -7 -8 -9 13 -11 -12 -13 -14 -15
leaf_value=-1.8668067875880894 1.1904760759858266 -0.79528497499177009 2.6108050966725767 0.80695057259447089 2.2671434616289643 3.7880733796478538 1.8646402072906494 2.0438646957097268 3.5304039441517419 1.2126712779895119 0.075527535200577756 -0.18701008340159525 3.5114317224380822 3.0725123857176673
leaf_weight=5486 473 235 308 196 474 682 89 246 699 114 470 666 46 616
leaf_count=5486 473 235 308 196 474 682 89 246 699 114 470 666 46 616
internal_value=0.00169356 -1.426 2.8178 0.0128282 1.86375 3.31058 3.11826 1.48489 3.18581 0.427657 0.291668 -0.346367 2.38374 3.31841
internal_weight=10800 7167 3633 1681 1239 2394 1712 719 1623 780 666 901 520 1315
internal_count=10800 7167 3633 1681 1239 2394 1712 719 1623 780 666 901 520 1315
is_linear=0
shrinkage=0.05


Tree=17
num_leaves=15
num_cat=0
split_feature=65 65 65 0 10 36 36 48 16 17 16 11 13 0
split_gain=1.56893e+07 1.76249e+06 521185 110245 74909.4 74124.5 58653.2 34360.6 36039 27628.8 26926.6 24356.4 28027.7 23941.1
threshold=163.51199100000002 42.523274000000008 231.31079250000002 154.02411550000002 266.05778837500003 22.340885416666669 22.750520833333336 15.875000000000002 285.75061850000003 43.996795706049234 248.46519700000002 217.94672450000004 34.097678503583971 210.00171550000002
decision_type=2 2 2 2 2 2 2 2 2 2 2 2 2 2
left_child=1 -1 4 6 9 10 -3 8 -7 11 -4 12 -2 -5
right_child=2 3 5 13 -6 7 -8 -9 -10 -11 -12 -13 -14 -15
leaf_value=-1.7772430450634902 1.1053273768521361 -0.48644185263955875 2.5397347635317189 0.63196775463720167 2.6335159980126148 3.3630460843443872 0.15361899234703744 2.086659179903843 4.2996492400649906 2.8921905724898629 3.0971136699120208 1.9129860659034887 1.8863013254344794 1.7398670665288376
leaf_weight=5464 338 711 488 299 264 1183 719 53 128 45 479 391 180 58
leaf_count=5464 338 711 488 299 264 1183 719 53 128 45 479 391 180 58
internal_value=0.00171592 -1.33151 2.72526 0.0316004 1.88428 3.16369 -0.164739 3.40599 3.4577 1.67441 2.81874 1.61101 1.37982 0.81632
internal_weight=10800 7251 3549 1787 1218 2331 1430 1364 1311 954 967 909 518 357
internal_count=10800 7251 3549 1787 1218 2331 1430 1364 1311 954 967 909 518 357
is_linear=0
shrinkage=0.05


Tree=18
num_leaves=15
num_cat=0
split_feature=65 65 65 26 26 36 48 19 0 16 48 16 35 36
split_gain=1.41622e+07 1.59079e+06 470293 100744 68009.8 67011.7 37885.3 36885.3 32175.8 31098.4 28259.8 28442.4 27355 23809.6
threshold=163.51199100000002 42.523274000000008 231.31079250000002 23.012500000000003 27.562500000000004 22.857812500000005 16.875000000000004 163.42054700000003 202.80111400000004 249.26160750000003 15.875000000000002 285.75061850000003 20.042708333333337 20.610677083333339
decision_type=2 2 2 2 2 2 2 2 2 2 2 2 2 2
left_child=1 -1 4 7 6 9 12 13 -5 -4 11 -7 -2 -3
right_child=2 3 5 8 -6 10 -8 -9 -10 -11 -12 -13 -14 -15
leaf_value=-1.6883970780298456 1.29336301073866 -0.7087713111912618 2.43898877014772 0.41634298232491906 2.6154082609358289 3.2351887264439676 1.0882894712743851 0.52780217524085726 1.501742896624499 2.9744360460175407 1.9187244159125147 4.091252858619991 1.9853302654547571 -0.1843226371753961
leaf_weight=5464 205 304 536 517 209 963 259 139 78 665 41 126 545 749
leaf_count=5464 205 304 536 517 209 963 259 139 78 665 41 126 545 749
internal_value=0.00175089 -1.26494 2.58936 0.0300774 1.7905 3.00584 1.61721 -0.235142 0.560912 2.7377 3.28815 3.3379 1.79817 -0.336259
internal_weight=10800 7251 3549 1787 1218 2331 1009 1192 595 1201 1130 1089 750 1053
internal_count=10800 7251 3549 1787 1218 2331 1009 1192 595 1201 1130 1089 750 1053
is_linear=0
shrinkage=0.05


Tree=19
num_leaves=15
num_cat=0
split_feature=65 65 65 0 10 16 36 36 48 0 17 64 48 26
split_gain=1.27835e+07 1.4366e+06 424459 89884.1 62524.5 62296.9 39538.9 33478.4 27593.6 25680 24669.5 23428.2 22399.1 20272
threshold=163.51199100000002 63.145266500000005 231.31079250000002 137.81104500000004 266.05778837500003 270.47923350000002 20.963802083333338 19.556510416666669 15.875000000000002 200.80666850000003 43.996795706049234 201.85957300000004 6.1250000000000009 19.512500000000003
decision_type=2 2 2 2 2 2 2 2 2 2 2 2 2 2
left_child=1 -1 4 6 10 7 -3 -4 -9 -5 13 12 -8 -2
right_child=2 3 5 9 -6 -7 11 8 -10 -11 -12 -13 -14 -15
leaf_value=-1.6008187632831925 0.91250065158005644 -0.64195426384964027 1.9176417910969343 0.43717059407066161 2.3856268408613386 3.2586361927863878 0.70929829232967823 2.793058669208818 1.5463624360514623 1.3830443187691701 2.6583519272182299 0.39213049564291452 -0.26859927722613519 1.556391281919618
leaf_weight=5486 152 346 142 422 264 701 64 1438 50 86 45 254 593 757
leaf_count=5486 152 346 142 422 264 701 64 1438 50 86 45 254 593 757
internal_value=0.00176288 -1.20169 2.4602 0.0390938 1.70126 2.85586 -0.187765 2.68075 2.75223 0.599701 1.50957 -0.0147481 -0.172407 1.44984
internal_weight=10800 7251 3549 1765 1218 2331 1257 1630 1488 508 954 911 657 909
internal_count=10800 7251 3549 1765 1218 2331 1257 1630 1488 508 954 911 657 909
is_linear=0
shrinkage=0.05


Tree=20
num_leaves=15
num_cat=0
split_feature=65 65 65 0 26 36 48 48 26 33 10 48 0 26
split_gain=1.15387e+07 1.29699e+06 383319 85265 61516.1 51099.9 42869.9 37961.3 35026.8 24248.6 23568.6 22205.1 19947.3 18893.5
threshold=163.51199100000002 42.523274000000008 225.72088050000005 117.51320250000002 27.012500000000003 23.063020833333336 15.875000000000002 18.875000000000004 20.087500000000002 18.990625000000005 241.59309900000002 6.1250000000000009 274.61923400000006 26.237500000000004
decision_type=2 2 2 2 2 2 2 2 2 2 2 2 2 2
left_child=1 -1 5 9 6 10 8 -5 -4 -3 -2 -11 -7 -9
right_child=2 3 4 7 -6 12 -8 13 -10 11 -12 -13 -14 -15
leaf_value=-1.52396641709449 1.0535243261992429 -0.83088849217727268 1.9695187145808959 0.6716159115046263 3.1081922627952752 1.7896707519852972 1.4388324792517557 -0.18509233146575643 2.6846938059039771 0.71533474718453371 1.6999483478443507 -0.25723386977027823 2.5841037892849648 0.78538353181764731
leaf_weight=5464 413 173 211 499 682 414 89 281 1412 63 222 711 106 60
leaf_count=5464 413 173 211 499 682 414 89 281 1412 63 222 711 106 60
internal_value=0.00175546 -1.1416 2.33743 0.0277274 2.69871 1.5869 2.53386 0.394198 2.59299 -0.297409 1.28184 -0.17725 1.95626 -0.012537
internal_weight=10800 7251 3549 1787 2394 1155 1712 840 1623 947 635 774 520 341
internal_count=10800 7251 3549 1787 2394 1155 1712 840 1623 947 635 774 520 341
is_linear=0
shrinkage=0.05


Tree=21
num_leaves=15
num_cat=0
split_feature=65 65 65 26 36 26 48 20 48 19 0 35 25 11
split_gain=1.04152e+07 1.17084e+06 346097 75962 54971.6 53724.6 42259.8 36551 32293.7 26513.3 25323 20804.6 19615.5 18945.8
threshold=163.51199100000002 63.145266500000005 231.31079250000002 23.012500000000003 20.920312500000001 27.562500000000004 15.875000000000002 274.29007000000007 16.875000000000004 164.23137800000003 210.00171550000002 20.281250000000004 104.92822605096291 198.84269600000002
decision_type=2 2 2 2 2 2 2 2 2 2 2 2 2 2
left_child=1 -1 5 9 -4 8 7 -6 11 12 -5 -2 -3 -10
right_child=2 3 4 10 6 -7 -8 -9 13 -11 -12 -13 -14 -15
leaf_value=-1.4448514109950956 1.1449591819053044 -0.40472949620646737 2.0387724260004556 0.38625070469793221 2.614273402537481 2.2682289000352225 1.542241706208485 3.1669538654973799 0.32773252114469265 0.46397648408397363 1.4795418884794591 1.7266217522079086 0.10603651712509062 1.218556690938545
leaf_weight=5486 232 791 409 537 1423 209 81 418 95 133 58 518 246 164
leaf_count=5486 232 791 409 537 1423 209 81 418 95 133 58 518 246 164
internal_value=0.00174041 -1.08453 2.22078 0.0356251 2.57806 1.53548 2.6917 2.74141 1.3816 -0.198277 0.495127 1.54846 -0.283579 0.894324
internal_weight=10800 7251 3549 1765 2331 1218 1922 1841 1009 1170 595 750 1037 259
internal_count=10800 7251 3549 1765 2331 1218 1922 1841 1009 1170 595 750 1037 259
is_linear=0
shrinkage=0.05


Tree=22
num_leaves=15
num_cat=0
split_feature=65 65 65 0 36 36 26 48 16 16 5 10 27 48
split_gain=9.40102e+06 1.05747e+06 313016 71052.3 53582.9 42899.7 32455.9 28026.2 26736.6 24152.6 23556.3 23066.7 21160.8 19526
threshold=163.51199100000002 42.523274000000008 225.72088050000005 117.51320250000002 22.925260416666671 23.549088541666666 24.212500000000002 15.875000000000002 288.39755700000006 249.26160750000003 73.648852500000018 241.59309900000002 20.987500000000004 18.875000000000004
decision_type=2 2 2 2 2 2 2 2 2 2 2 2 2 2
left_child=1 -1 5 10 9 11 13 8 -6 -4 12 -2 -3 -5
right_child=2 3 4 6 7 -7 -8 -9 -10 -11 -12 -13 -14 -15
leaf_value=-1.3755526459773311 0.98524711269893273 -0.31826067371872174 1.9499014077237495 0.39570385336678116 2.6572581943233771 1.854153639026789 0.69094245225418049 1.5070211142582715 3.5540466757381668 2.4084026204989244 -0.55011490513515304 1.5588994127430329 0.32215229338661439 -0.26379495110914047
leaf_weight=5464 466 305 561 225 988 398 393 52 101 692 420 291 222 222
leaf_count=5464 466 305 561 225 988 398 393 52 101 692 420 291 222 222
internal_value=0.00173039 -1.0303 2.10997 0.0255525 2.43644 1.43176 0.360088 2.68863 2.74362 2.20484 -0.271251 1.20753 -0.048386 0.0683098
internal_weight=10800 7251 3549 1787 2394 1155 840 1141 1089 1253 947 757 527 447
internal_count=10800 7251 3549 1787 2394 1155 840 1141 1089 1253 947 757 527 447
is_linear=0
shrinkage=0.05


Tree=23
num_leaves=15
num_cat=0
split_feature=65 65 65 26 0 26 36 48 16 17 26 53 1 48
split_gain=8.48639e+06 887840 333532 56758.1 53067.9 49559.6 29653.7 29222.6 30095.8 29089.2 21717.1 20995.6 16924.1 16784.8
threshold=150.1494825 42.523274000000008 225.72088050000005 23.012500000000003 241.54590150000004 23.012500000000003 20.479947916666671 15.875000000000002 288.39755700000006 44.716907642293599 20.087500000000002 -0.032701564615071448 286.66023200000001 18.875000000000004
decision_type=2 2 2 2 2 2 2 2 2 2 2 2 2 2
left_child=1 -1 4 10 6 9 -2 8 -7 -4 -3 -8 -6 -12
right_child=2 3 5 -5 12 7 11 -9 -10 -11 13 -13 -14 -15
leaf_value=-1.3067875745377187 0.42838045068600644 -0.48337634270387692 1.5450467762170417 0.41484514730171551 1.6074837556425132 2.4658293753713263 1.304431479731351 1.5034463057035135 3.3883141721336587 2.1999356603794582 0.19279113606344184 0.35957518334445709 2.5959750175476075 -0.28968157621270874
leaf_weight=5464 158 425 263 556 423 1398 540 78 102 553 384 67 51 338
leaf_count=5464 158 425 263 556 423 1398 540 78 102 553 384 67 51 338
internal_value=0.00171506 -0.996153 1.96999 0.000688356 1.30228 2.31487 1.04212 2.48098 2.53077 1.99101 -0.200258 1.2009 1.71908 -0.0331639
internal_weight=10800 7167 3633 1703 1239 2394 765 1578 1500 816 1147 607 474 722
internal_count=10800 7167 3633 1703 1239 2394 765 1578 1500 816 1147 607 474 722
is_linear=0
shrinkage=0.05


Tree=24
num_leaves=15
num_cat=0
split_feature=65 65 65 0 26 26 36 48 0 48 35 11 17 33
split_gain=7.66261e+06 860854 254513 61978.9 46194.2 43196.3 39044.9 33146 28688.7 26483.5 17038.7 15833.7 14510.5 14446.9
threshold=163.51199100000002 63.145266500000005 231.31079250000002 174.70384700000002 21.487500000000004 27.562500000000004 23.64283854166667 15.875000000000002 278.39930150000004 16.875000000000004 17.664583333333336 198.84269600000002 44.716907642293599 18.990625000000005
decision_type=2 2 2 2 2 2 2 2 2 2 2 2 2 2
left_child=1 -1 5 6 12 9 13 8 -6 10 -2 -11 -4 -3
right_child=2 3 4 -5 7 -7 -8 -9 -10 11 -12 -13 -14 -15
leaf_value=-1.2389962357490121 0.31729096053395334 -0.65339726598817538 1.1785480581797088 0.79214609278173287 2.2871096030488074 1.9739934778213504 0.27033700909458774 1.3040507234722736 2.9572167967756591 0.22202973775565626 1.3870879925001525 1.0351737812793615 1.891899132648301 -0.17261943245234712
leaf_weight=5486 40 192 103 231 1659 209 514 82 191 95 710 164 296 828
leaf_count=5486 40 192 103 231 1659 209 514 82 191 95 710 164 296 828
internal_value=0.00170303 -0.93003 1.90506 0.0304611 2.21144 1.31738 -0.0846799 2.31383 2.35785 1.17955 1.33053 0.738917 1.71116 -0.26367
internal_weight=10800 7251 3549 1765 2331 1218 1534 1932 1850 1009 750 259 399 1020
internal_count=10800 7251 3549 1765 2331 1218 1534 1932 1850 1009 750 259 399 1020
is_linear=0
shrinkage=0.05


Tree=25
num_leaves=15
num_cat=0
split_feature=65 65 65 0 26 36 36 48 26 10 48 21 11 33
split_gain=6.91659e+06 777188 230249 56990.7 44124.2 35203.6 34161 31568.3 28185.4 17254.8 15144.8 17875.2 13484 13248.6
threshold=163.51199100000002 42.523274000000008 225.72088050000005 174.70384700000002 28.362500000000004 23.64283854166667 23.549088541666666 15.875000000000002 20.962500000000002 241.59309900000002 10.875000000000002 88.750014985884562 282.10083050000009 18.778125000000003
decision_type=2 2 2 2 2 2 2 2 2 2 2 2 2 2
left_child=1 -1 6 5 7 13 9 8 -4 -2 -10 -12 -8 -3
right_child=2 3 4 -5 -6 -7 12 -9 10 -11 11 -13 -14 -15
leaf_value=-1.1795216664194734 0.83627058850078828 -0.64636474325940763 1.5833529371997299 0.75270950821196214 2.5643605207628739 0.25001673735678198 1.4951484063726568 1.0811349091430507 2.2983493106069255 1.3322335321609289 2.020178820689519 0.90486595354429111 2.457671334526756 -0.17323440156012626
leaf_weight=5464 466 178 308 231 418 516 355 95 718 291 815 40 43 862
leaf_count=5464 466 178 308 231 418 516 355 95 718 291 815 40 43 862
internal_value=0.00168062 -0.883535 1.81001 0.0216368 2.09002 -0.0873102 1.22834 1.98843 2.03365 1.02843 2.12076 1.96912 1.60504 -0.254756
internal_weight=10800 7251 3549 1787 2394 1556 1155 1976 1881 757 1573 855 398 1040
internal_count=10800 7251 3549 1787 2394 1556 1155 1976 1881 757 1573 855 398 1040
is_linear=0
shrinkage=0.05


Tree=26
num_leaves=15
num_cat=0
split_feature=65 65 65 0 36 36 48 65 26 48 36 53 0 48
split_gain=6.24366e+06 652540 245333 46655.4 40716.8 40699.7 23587.8 21319 21096.5 20843 20289.1 18680.1 17349.6 16794.4
threshold=150.1494825 42.523274000000008 225.72088050000005 111.91807350000002 22.670312500000005 22.925260416666671 18.875000000000004 165.67994850000005 30.012500000000003 11.875000000000002 18.666666666666668 -0.47114434510950048 274.61923400000006 15.875000000000002
decision_type=2 2 2 2 2 2 2 2 2 2 2 2 2 2
left_child=1 -1 4 9 7 10 -5 -2 13 -3 -4 -12 -6 -7
right_child=2 3 5 6 12 8 -8 -9 -10 -11 11 -13 -14 -15
leaf_value=-1.1205563805415231 -0.18981817410141233 -0.045697420072183019 1.0283368890935725 0.50584160796007815 1.2650621185496822 2.1693794242907791 -0.027840349001022294 0.89755545866008912 2.8495073089754683 -0.5414167072154521 1.8826378950794149 0.86929962810348071 1.9666425011374735 1.1405422793782276
leaf_weight=5464 49 499 87 461 561 974 375 520 122 368 1116 50 109 45
leaf_count=5464 49 499 87 461 561 974 375 520 122 368 1116 50 109 45
internal_value=0.00166869 -0.854247 1.68995 0.000351747 1.11728 1.98573 0.266704 0.803746 2.20499 -0.256488 1.78448 1.83997 1.38196 2.12511
internal_weight=10800 7167 3633 1703 1239 2394 836 569 1141 867 1253 1166 670 1019
internal_count=10800 7167 3633 1703 1239 2394 836 569 1141 867 1253 1166 670 1019
is_linear=0
shrinkage=0.05


Tree=27
num_leaves=15
num_cat=0
split_feature=65 65 65 64 26 36 26 0 0 36 48 16 48 7
split_gain=5.63648e+06 633320 187530 50345.2 47196.9 37935.5 24415.4 22946.2 18458.4 17350.8 15934.3 16265.5 15913.9 13746.4
threshold=163.51199100000002 63.145266500000005 236.90132750000004 229.01913550000003 23.012500000000003 20.920312500000001 24.012500000000003 273.04091050000005 210.00171550000002 20.479947916666671 11.875000000000002 140.10094300000003 16.875000000000004 70.579213000000024
decision_type=2 2 2 2 2 2 2 2 2 2 2 2 2 2
left_child=1 -1 3 6 9 -4 12 -7 10 -3 -6 -12 -2 -11
right_child=2 4 5 -5 8 7 -8 -9 -10 13 11 -13 -14 -15
leaf_value=-1.0624750601988966 1.0062809610139756 -0.48449075850766055 1.4612434088266815 1.9152725515291864 0.75907457732204087 1.9297425015629845 1.341682528584009 2.4147942847466166 1.2288317363898633 0.33036819131001444 -0.4932751592157818 0.29618881156435239 0.4792050548635497 -0.14971376875278486
leaf_weight=5486 524 301 389 193 137 1501 426 315 58 190 81 319 201 679
leaf_count=5486 524 301 389 193 137 1501 426 315 58 190 81 319 201 679
internal_value=0.0016438 -0.797468 1.63408 1.16696 0.0263669 1.91815 1.03993 2.01516 0.388566 -0.158003 0.295695 0.135491 0.861015 -0.0444885
internal_weight=10800 7251 3549 1344 1765 2205 1151 1816 595 1170 537 400 725 869
internal_count=10800 7251 3549 1344 1765 2205 1151 1816 595 1170 537 400 725 869
is_linear=0
shrinkage=0.05


Tree=28
num_leaves=15
num_cat=0
split_feature=65 65 65 12 0 26 17 13 26 48 26 53 26 48
split_gain=5.08821e+06 511891 214711 38852.4 37913.6 35499.8 32034.9 24860.9 19179.7 19034.7 18060.8 14985 14004.9 13647.7
threshold=146.46445650000004 42.523274000000008 225.72088050000005 258.48132350000009 111.91807350000002 24.762500000000003 44.716907642293599 42.414427716297986 26.175000000000001 6.1250000000000009 30.012500000000003 -0.032701564615071448 19.212500000000002 18.875000000000004
decision_type=2 2 2 2 2 2 2 2 2 2 2 2 2 2
left_child=1 -1 3 7 9 6 -4 11 13 -3 -7 -2 -8 -6
right_child=2 4 5 -5 8 10 12 -9 -10 -11 -12 -13 -14 -15
leaf_value=-1.0114247987124207 0.74434215652975533 0.51045756390342467 1.2596780093099578 1.33861741040326 0.34223791072829901 1.9148892981083607 1.136657527428639 1.3737221941034845 0.62683939776231545 -0.31397213504365062 2.549837583044301 0.096076349589835727 1.8712073781493785 -0.14383212169821302
leaf_weight=5464 543 76 453 491 271 1038 78 140 226 781 137 107 688 307
leaf_count=5464 543 76 453 491 271 1038 78 140 226 781 137 107 688 307
internal_value=0.00161241 -0.777796 1.51251 0.988762 -0.00910952 1.79223 1.59914 0.769903 0.237368 -0.240351 1.99103 0.637939 1.79799 0.0842632
internal_weight=10800 7125 3675 1281 1661 2394 1219 790 804 857 1175 650 766 578
internal_count=10800 7125 3675 1281 1661 2394 1219 790 804 857 1175 650 766 578
is_linear=0
shrinkage=0.05


Tree=29
num_leaves=15
num_cat=0
split_feature=65 65 65 64 3 26 36 36 48 20 26 48 31 26
split_gain=4.5932e+06 515875 153757 42906.1 40718 33415 26015.1 21657.1 19242.4 20545 16110.1 13283.7 11338.4 11274.3
threshold=163.51199100000002 63.145266500000005 236.90132750000004 225.63727100000003 209.84875250000002 21.387500000000003 23.694531250000008 19.691927083333336 15.875000000000002 297.46106850000007 28.462500000000002 16.875000000000004 18.112500000000004 18.962500000000002
decision_type=2 2 2 2 2 2 2 2 2 2 2 2 2 2
left_child=1 -1 3 7 6 12 13 -2 9 -7 11 -9 -4 -3
right_child=2 4 5 -5 -6 8 -8 10 -10 -11 -12 -13 -14 -15
leaf_value=-0.95896268775494831 0.13417738407482335 -0.56723134478999548 0.80704002490977667 1.7095775425716599 0.62481858207855701 1.8174015171808682 0.23312421509838566 1.034670790042346 0.89236233741815763 2.8494892930084808 1.5482840040810089 0.60815525231666356 1.4554058210938066 -0.13579223658565784
leaf_weight=5486 80 183 96 210 242 1731 478 681 57 52 116 257 269 862
leaf_count=5486 80 183 96 210 242 1731 478 681 57 52 116 257 269 862
internal_value=0.00158871 -0.719786 1.47523 1.05226 0.0237475 1.73244 -0.0721081 0.929134 1.81995 1.84908 0.989288 0.918583 1.28755 -0.211816
internal_weight=10800 7251 3549 1344 1765 2205 1523 1134 1840 1783 1054 938 365 1045
internal_count=10800 7251 3549 1344 1765 2205 1523 1134 1840 1783 1054 938 365 1045
is_linear=0
shrinkage=0.05


Tree=30
num_leaves=15
num_cat=0
split_feature=65 65 65 36 36 26 48 26 0 13 19 11 61 26
split_gain=4.14746e+06 416783 174223 33611.5 32259.9 30938.2 22279.7 19885.9 19709.1 15058.9 13813.8 12949.2 12740.5 11848.9
threshold=146.46445650000004 42.523274000000008 225.72088050000005 23.063020833333336 23.947526041666674 28.362500000000004 15.875000000000002 19.012500000000003 208.79739800000002 29.485595230390256 152.06653700000001 282.10083050000009 -0.9733555533461492 26.937500000000004
decision_type=2 2 2 2 2 2 2 2 2 2 2 2 2 2
left_child=1 -1 3 8 10 6 7 -4 9 -2 12 -5 -3 -6
right_child=2 4 5 11 13 -7 -8 -9 -10 -11 -12 -13 -14 -15
leaf_value=-0.91292349407897566 0.23186523790552949 0.49595602353413898 0.88144311148386734 1.1074318754305501 0.14718914233093749 2.0137770132688462 0.77358625560688488 1.610187812270979 0.95043899045526803 0.93155447986890683 0.29791154693221861 1.9926326345890126 -0.27509231096430148 0.64777242761600573
leaf_weight=5464 284 56 103 518 376 418 95 1778 328 105 141 46 916 172
leaf_count=5464 284 56 103 518 376 418 95 1778 328 105 141 46 916 172
internal_value=0.00156504 -0.702113 1.36566 0.893862 -0.00850288 1.61763 1.53286 1.57077 0.665071 0.422632 -0.163094 1.18303 -0.230206 0.3052
internal_weight=10800 7125 3675 1281 1661 2394 1976 1881 717 389 1113 564 972 548
internal_count=10800 7125 3675 1281 1661 2394 1976 1881 717 389 1113 564 972 548
is_linear=0
shrinkage=0.05


Tree=31
num_leaves=15
num_cat=0
split_feature=65 65 65 64 0 16 36 26 26 5 48 36 0 65
split_gain=3.74461e+06 419653 125339 36278.3 34326.3 29369.6 22209.7 17629.2 17060.1 14823.1 12008.3 11303.1 9652.89 9338.1
threshold=163.51199100000002 63.145266500000005 236.90132750000004 230.67651000000004 174.70384700000002 269.78556100000009 24.062760416666674 24.512500000000003 19.012500000000003 159.867626 16.875000000000004 20.338411458333336 198.92361450000001 24.000000000000004
decision_type=2 2 2 2 2 2 2 2 2 2 2 2 2 2
left_child=1 13 3 7 6 8 11 10 -4 -10 -2 -3 -12 -1
right_child=2 4 5 -5 -6 -7 -8 -9 9 -11 12 -13 -14 -15
leaf_value=-0.89255447420181566 0.82805817173291407 -0.45095179418551512 0.75924924378809733 1.6050734177879666 0.58766417838151341 1.8320124430877129 0.242085597150688 1.1201919853421194 1.6286412332717146 1.2924974037872421 0.0007391784102358717 -0.087614216704873585 0.67579037081904536 -0.70390088871667722
leaf_weight=4696 555 289 91 183 231 712 425 391 773 629 93 820 122 790
leaf_count=4696 555 289 91 183 231 712 425 391 773 629 93 820 122 790
internal_value=0.00153723 -0.649801 1.3321 0.950216 0.020815 1.56433 -0.0648722 0.845703 1.43554 1.47886 0.705048 -0.182619 0.385147 -0.865521
internal_weight=10800 7251 3549 1344 1765 2205 1534 1161 1493 1402 770 1109 215 5486
internal_count=10800 7251 3549 1344 1765 2205 1534 1161 1493 1402 770 1109 215 5486
is_linear=0
shrinkage=0.05


Tree=32
num_leaves=15
num_cat=0
split_feature=65 65 65 36 26 0 65 48 64 8 19 26 31 36
split_gain=3.38044e+06 339289 141205 35128.1 28010.2 27980.5 16846.5 16822.6 15856.1 14900.7 15454.6 14317.9 12199.6 12175
threshold=146.46445650000004 42.523274000000008 236.90132750000004 23.063020833333336 22.487500000000004 111.91807350000002 165.67994850000005 6.1250000000000009 240.98348950000002 242.2425345 149.13466300000002 30.012500000000003 18.112500000000004 18.666666666666668
decision_type=2 2 2 2 2 2 2 2 2 2 2 2 2 2
left_child=1 -1 3 6 12 7 -2 -3 -5 10 -7 -6 -4 -8
right_child=2 5 4 8 11 9 13 -9 -10 -11 -12 -13 -14 -15
leaf_value=-0.82399164993830587 0.0017828497604319923 0.49911772541024474 0.71468185844998333 1.0095882016048605 1.547879647953625 -0.12200943965870659 -0.10011667155406692 -0.275852079479181 1.6705644048420731 0.64611698000316886 0.36682132734901324 2.1160223423048508 1.2985751872016735 0.76534527024939292
leaf_weight=5464 94 76 116 545 1495 357 43 781 112 153 294 128 466 676
leaf_count=5464 94 76 116 545 1495 357 43 781 112 153 294 128 466 676
internal_value=0.00149944 -0.633787 1.23301 0.852421 1.48624 -0.00797192 0.63133 -0.206625 1.12463 0.20377 0.0989769 1.59396 1.18362 0.713519
internal_weight=10800 7125 3675 1470 2205 1661 813 857 657 804 651 1623 582 719
internal_count=10800 7125 3675 1470 2205 1661 813 857 657 804 651 1623 582 719
is_linear=0
shrinkage=0.05


Tree=33
num_leaves=15
num_cat=0
split_feature=65 65 65 24 64 31 0 64 36 26 26 26 48 48
split_gain=3.05141e+06 341840 101983 31263.9 30738.2 25700.8 17577.4 16754.1 16715.6 12593.6 10446.9 10345.1 10236.3 10164.6
threshold=163.51199100000002 42.523274000000008 236.90132750000004 274.28284400000007 225.63727100000003 18.862500000000004 273.04091050000005 133.50209000000004 19.691927083333336 28.462500000000002 18.962500000000002 26.737500000000004 15.875000000000002 16.875000000000004
decision_type=2 2 2 2 2 2 2 2 2 2 2 2 2 2
left_child=1 -1 4 10 8 -4 12 11 -2 13 -3 -5 -7 -10
right_child=2 3 5 7 -6 6 -8 -9 9 -11 -12 -13 -14 -15
leaf_value=-0.78279959997123028 0.05641128685739305 -0.52366460501764189 0.92777671641800041 -0.0523939214577476 1.4142836398140515 1.4262593369746703 1.8225350379943848 0.53038551093947039 0.84588346220662169 1.3002174811642697 -0.094569568311592481 0.60713463005885282 0.63265638238853883 0.4734435833990574
leaf_weight=5464 80 169 250 365 210 1596 315 322 681 116 861 70 44 257
leaf_count=5464 80 169 250 365 210 1596 315 322 681 116 861 70 44 257
internal_value=0.00146759 -0.5865 1.20258 0.013816 0.858104 1.41206 1.47348 0.257579 0.753952 0.806793 -0.165414 0.0548862 1.40537 0.744453
internal_weight=10800 7251 3549 1787 1344 2205 1955 757 1134 1054 1030 435 1640 938
internal_count=10800 7251 3549 1787 1344 2205 1955 757 1134 1054 1030 435 1640 938
is_linear=0
shrinkage=0.05


Tree=34
num_leaves=15
num_cat=0
split_feature=65 65 65 36 0 26 48 53 64 26 48 48 20 0
split_gain=2.75612e+06 275861 114607 29429.2 24730.4 24218.3 16784.7 14694.7 13676 13554.6 13308.5 13229.4 15566.1 12133.1
threshold=146.46445650000004 28.000000000000004 236.90132750000004 23.063020833333336 124.77185700000001 22.487500000000004 11.875000000000002 -0.032701564615071448 266.28212850000006 20.862500000000004 11.875000000000002 15.875000000000002 297.46106850000007 286.66023200000001
decision_type=2 2 2 2 2 2 2 2 2 2 2 2 2 2
left_child=1 -1 3 7 6 -4 9 -2 13 -3 -6 12 -7 -5
right_child=2 4 5 8 10 11 -8 -9 -10 -11 -12 -13 -14 -15
leaf_value=-0.74800920576502761 0.63638951027044044 -0.20869153513192709 1.0604398748893322 0.88607850026616708 0.90499021053314221 1.4354275502181446 -0.36075856402301776 -0.092653933873811323 1.8621555001839347 0.28947677303542924 0.14919734015334105 0.59775674045085914 2.3308201555935844 1.7108519344329836
leaf_weight=5400 737 283 582 563 64 1524 548 76 45 262 568 47 52 49
leaf_count=5400 737 283 582 563 64 1524 548 76 45 262 568 47 52 49
internal_value=0.00143393 -0.572197 1.11343 0.770545 -0.0217119 1.34156 -0.165624 0.568208 1.01968 0.0308864 0.227042 1.44166 1.46643 0.954798
internal_weight=10800 7125 3675 1470 1725 2205 1093 813 657 545 632 1623 1576 612
internal_count=10800 7125 3675 1470 1725 2205 1093 813 657 545 632 1623 1576 612
is_linear=0
shrinkage=0.05


Tree=35
num_leaves=15
num_cat=0
split_feature=65 65 65 36 36 26 53 26 48 19 48 0 15 36
split_gain=2.48784e+06 249230 103609 25378.2 23040.2 22478.8 15004.6 13728.1 16136.6 14562.2 13030.2 14149.7 12137.1 11361.3
threshold=146.46445650000004 63.145266500000005 225.72088050000005 20.479947916666671 22.936588541666669 20.087500000000002 -0.032701564615071448 28.462500000000002 11.875000000000002 147.33754800000003 15.875000000000002 291.57821000000007 272.57572000000005 18.666666666666668
decision_type=2 2 2 2 2 2 2 2 2 2 2 2 2 2
left_child=1 -1 3 -2 13 -3 12 8 -7 -10 11 -6 -5 -4
right_child=2 5 4 6 10 7 -8 -9 9 -11 -12 -13 -14 -15
leaf_value=-0.70519681870448525 0.18015554415281207 -0.32530345067547017 0.54228381730446762 0.80581621093616684 1.408053202761625 0.33003100561896259 0.15099361071059869 0.63404764112857015 -0.22093333327584316 0.25102788747100041 0.62752391167406774 2.2150573495958672 1.656010405222575 1.1437634536459884
leaf_weight=5486 203 405 87 949 1021 354 85 110 536 234 52 60 44 1174
leaf_count=5486 203 405 87 949 1021 354 85 110 536 234 52 60 44 1174
internal_value=0.00141063 -0.543587 1.0579 0.694059 1.25221 -0.00255034 0.790576 0.103555 0.0511212 -0.0773666 1.41747 1.45485 0.845117 1.10273
internal_weight=10800 7125 3675 1281 2394 1639 1078 1234 1124 770 1133 1081 993 1261
internal_count=10800 7125 3675 1281 2394 1639 1078 1234 1124 770 1133 1081 993 1261
is_linear=0
shrinkage=0.05


Tree=36
num_leaves=15
num_cat=0
split_feature=65 65 65 0 64 26 31 36 48 16 26 36 48 65
split_gain=2.2465e+06 251129 75178.8 26021.5 24679.9 21105.8 15561.6 13617.7 13109.8 13986.1 10191.7 9849.18 8669.28 8108.47
threshold=163.51199100000002 28.000000000000004 236.90132750000004 172.05135050000004 225.63727100000003 21.387500000000003 23.612500000000004 19.691927083333336 15.875000000000002 288.39755700000006 28.462500000000002 20.479947916666671 16.875000000000004 87.394937500000012
decision_type=2 2 2 2 2 2 2 2 2 2 2 2 2 2
left_child=1 -1 4 6 7 -4 11 -2 9 -7 12 -3 -9 -8
right_child=2 3 5 -5 -6 8 13 10 -10 -11 -12 -13 -14 -15
leaf_value=-0.67536235576955239 0.013837009456790526 -0.37680382037200144 0.85970477002973122 0.46224046983734718 1.2344033516978765 1.2691060262833476 -0.30083431231323632 0.72822440770233487 0.52239914549321964 1.8865803827257719 1.1341291955648325 -0.065009089706104195 0.38481080094280173 0.4232315589458191
leaf_weight=5400 80 338 365 260 210 1682 47 681 57 101 116 1004 257 202
leaf_count=5400 80 338 365 260 210 1682 47 681 57 101 116 1004 257 202
internal_value=0.00138034 -0.503114 1.03197 -0.000512909 0.736211 1.21183 -0.0763786 0.642946 1.28117 1.30512 0.690638 -0.143761 0.634643 0.285904
internal_weight=10800 7251 3549 1851 1344 2205 1591 1134 1840 1783 1054 1342 938 249
internal_count=10800 7251 3549 1851 1344 2205 1591 1134 1840 1783 1054 1342 938 249
is_linear=0
shrinkage=0.05


Tree=37
num_leaves=15
num_cat=0
split_feature=65 65 64 8 24 31 64 0 65 0 37 65 48 22
split_gain=2.02779e+06 227221 68043.2 28928 21540 16926.5 16100.9 13371.4 12650.2 10454.6 8791.89 8621.59 8458.63 8040.6
threshold=163.51199100000002 80.564241500000009 240.49638400000001 69.10047950000002 268.06765750000005 21.062500000000004 162.68421800000002 210.00171550000002 24.000000000000004 274.61923400000006 80.375000000000014 237.73522350000002 18.875000000000004 77.338464890625005
decision_type=2 2 2 2 2 2 2 2 2 2 2 2 2 2
left_child=1 8 3 5 13 11 -5 12 -1 -4 -7 -2 -6 -3
right_child=2 4 9 6 7 10 -8 -9 -10 -11 -12 -13 -14 -15
leaf_value=-0.66120801734396417 0.57641269708404674 0.42224073740839962 1.1613982811632559 -0.13014568939585897 0.2692097359774685 1.5464877157580128 0.66625373658066578 0.91981765117685677 -0.45946624375367295 1.5332486748695375 0.81895374511679009 1.0207866170414592 -0.035700499587908351 -0.23970753426489774
leaf_weight=4696 184 49 1432 67 550 180 1108 58 944 231 59 288 387 567
leaf_count=4696 184 49 1432 67 550 180 1108 58 944 231 59 288 387 567
internal_value=0.00134604 -0.477962 0.980484 0.774097 0.0457259 1.02626 0.62077 0.18951 -0.627529 1.21394 1.37105 0.849141 0.143372 -0.186454
internal_weight=10800 7251 3549 1886 1611 711 1175 995 5640 1663 239 472 937 616
internal_count=10800 7251 3549 1886 1611 711 1175 995 5640 1663 239 472 937 616
is_linear=0
shrinkage=0.05


Tree=38
num_leaves=15
num_cat=0
split_feature=65 65 65 22 31 0 0 48 48 16 15 27 64 8
split_gain=1.83079e+06 184168 76645.5 23012.9 19414.5 18744.7 14630.2 16650.3 14216.3 12946.9 12028.5 11372.1 10739.9 10687.1
threshold=146.46445650000004 28.000000000000004 236.90132750000004 140.47510308854169 18.725000000000005 129.00010050000003 214.99514700000003 9.3750000000000018 11.875000000000002 269.78556100000009 171.80616150000003 20.987500000000004 263.52627300000006 242.2425345
decision_type=2 2 2 2 2 2 2 2 2 2 2 2 2 2
left_child=1 -1 3 6 -4 8 7 -2 11 -6 -9 -3 -5 -7
right_child=2 5 4 12 9 13 -8 10 -10 -11 -12 -13 -14 -15
leaf_value=-0.60986100874704652 0.60989697691912836 -0.17058813642467216 0.65357298864780566 0.84638445465258827 1.0475212656869481 0.13681075736296835 0.69534357008533498 -0.4783025527929331 -0.30333587074317231 1.3202231514211904 0.25184145374002898 0.27785123989781874 1.6608367919921876 0.7968693767275129
leaf_weight=5400 259 290 229 377 1275 501 502 76 591 701 210 274 46 69
leaf_count=5400 259 290 229 377 1275 501 502 76 591 701 210 274 46 69
internal_value=0.00131304 -0.466209 0.907614 0.627215 1.09418 -0.0164235 0.500611 0.320298 -0.132186 1.14488 0.0568267 0.0473769 0.938662 0.217968
internal_weight=10800 7125 3675 1470 2205 1725 1047 545 1155 1976 286 564 423 570
internal_count=10800 7125 3675 1470 2205 1725 1047 545 1155 1976 286 564 423 570
is_linear=0
shrinkage=0.05


Tree=39
num_leaves=15
num_cat=0
split_feature=65 65 65 25 31 0 53 48 0 48 19 64 21 12
split_gain=1.65271e+06 163017 71443.6 21800.3 17515.2 16743.6 13674.1 13550.7 11834.4 10383.1 9674.07 9505.51 8835.84 8112.6
threshold=144.63881450000002 28.000000000000004 236.90132750000004 104.44557423686149 18.725000000000005 111.91807350000002 -0.032701564615071448 6.1250000000000009 273.04091050000005 11.875000000000002 149.13466300000002 263.52627300000006 39.847037125031754 96.162038500000008
decision_type=2 2 2 2 2 2 2 2 2 2 2 2 2 2
left_child=1 -1 3 6 -4 7 13 -3 12 -7 -11 -5 -6 -2
right_child=2 5 4 11 8 9 -8 -9 -10 10 -12 -13 -14 -15
leaf_value=-0.57937359208642192 0.048892857216216709 0.47118936453602817 0.62103641801878162 0.76524011346497645 0.83921180068651191 0.57517396654700859 -0.17754866982254772 -0.2270700478294983 1.372641351175045 -0.084846428977803756 0.29426593440617405 1.4964131269454957 1.1042929999388578 0.5523639647393872
leaf_weight=5400 90 75 229 535 452 119 82 817 316 408 285 49 1208 735
leaf_count=5400 90 75 229 535 452 119 82 817 316 408 285 49 1208 735
internal_value=0.00127857 -0.444849 0.858659 0.590645 1.03954 -0.0184482 0.436402 -0.167898 1.0877 0.14573 0.0712649 0.829042 1.03266 0.497566
internal_weight=10800 7104 3696 1491 2205 1704 907 892 1976 812 693 584 1660 825
internal_count=10800 7104 3696 1491 2205 1704 907 892 1976 812 693 584 1660 825
is_linear=0
shrinkage=0.05


Tree=40
num_leaves=15
num_cat=0
split_feature=65 65 65 15 26 48 36 48 26 36 34 61 65 61
split_gain=1.49178e+06 147555 64533.2 19058.9 18014.6 17870.7 15217.1 14886.4 14925.1 14261.9 11087.9 11044.1 10058.7 10043
threshold=144.63881450000002 80.564241500000009 217.24452850000003 217.87700700000002 28.087500000000002 10.875000000000002 25.21510416666667 11.875000000000002 24.587500000000002 20.53151041666667 20.876041666666669 -0.44228869021900119 24.000000000000004 -0.9733555533461492
decision_type=2 2 2 2 2 2 2 2 2 2 2 2 2 2
left_child=1 12 3 9 5 10 13 -7 -9 -2 -4 -11 -1 -3
right_child=2 6 4 -5 -6 7 -8 8 -10 11 -12 -13 -14 -15
leaf_value=-0.56870557116223619 -0.04333841526267692 0.48440325053299182 0.85820169474368224 0.81557390371358007 1.2404246235635714 0.044852999450875009 0.42304146672843157 0.5620647254108917 0.96189988023371831 0.62502804765299391 1.2037010893945801 0.19530881379242773 -0.38889244968819353 -0.078404197148883636
leaf_weight=4696 160 84 437 363 473 70 205 399 583 448 537 226 944 1175
leaf_count=4696 160 84 437 363 473 70 205 399 583 448 537 226 944 1175
internal_value=0.00124738 -0.422603 0.815815 0.513242 0.960482 0.894545 0.0246536 0.750009 0.800178 0.380833 1.04973 0.481441 -0.538683 -0.0404993
internal_weight=10800 7104 3696 1197 2499 2026 1464 1052 982 834 974 674 5640 1259
internal_count=10800 7104 3696 1197 2499 2026 1464 1052 982 834 974 674 5640 1259
is_linear=0
shrinkage=0.05


Tree=41
num_leaves=15
num_cat=0
split_feature=65 65 64 8 24 31 64 65 26 15 37 26 65 0
split_gain=1.3472e+06 154970 45374.6 22113.1 20215 13302 11503.4 11111 9300.89 8897.51 6749.51 6635.27 6130.24 6029.42
threshold=165.67994850000005 84.179539500000018 239.74407900000003 69.10047950000002 274.28284400000007 21.062500000000004 162.68421800000002 24.000000000000004 30.012500000000003 210.20160850000005 80.375000000000014 28.987500000000004 204.86584100000002 110.80504650000002
decision_type=2 2 2 2 2 2 2 2 2 2 2 2 2 2
left_child=1 7 3 5 -3 12 -5 -1 -4 -6 -7 -8 -2 -9
right_child=2 4 8 6 9 10 11 13 -10 -11 -12 -13 -14 -15
leaf_value=-0.54027634714673578 0.34855401229713329 -0.098873701261362773 0.96014037251347428 -0.15443921378025643 0.20450011179341959 1.309830594853143 0.49387534679610018 -0.39873704941075122 1.4630700038928612 0.81339369478510393 0.67014187787801538 0.93304015254058559 0.79046661651297789 0.0026889826995985851
leaf_weight=4696 103 887 1578 64 591 180 985 928 101 66 58 95 364 104
leaf_count=4696 103 887 1578 64 591 180 985 928 101 66 58 95 364 104
internal_value=0.00121434 -0.387744 0.802827 0.631288 0.0568036 0.851824 0.494755 -0.507562 0.991247 0.266811 1.1574 0.533333 0.693953 -0.35832
internal_weight=10800 7272 3528 1849 1544 705 1144 5728 1679 657 238 1080 467 1032
internal_count=10800 7272 3528 1849 1544 705 1144 5728 1679 657 238 1080 467 1032
is_linear=0
shrinkage=0.05


Tree=42
num_leaves=15
num_cat=0
split_feature=65 65 65 15 48 53 16 26 13 26 9 65 19 48
split_gain=1.21667e+06 92653.6 76109 21227.5 16593.2 15648.1 14966.3 13037.3 12809.8 11608.7 9148.63 17924.2 8363.38 7860.37
threshold=128.36177500000005 28.000000000000004 217.24452850000003 212.44040550000003 11.625000000000002 -0.47114434510950048 288.39755700000006 18.962500000000002 1.3254992120623699 18.112500000000004 279.94015300000007 262.33844350000004 171.28886800000001 6.1250000000000009
decision_type=2 2 2 2 2 2 2 2 2 2 2 2 2 2
left_child=1 -1 3 4 8 6 9 -3 -2 -4 -11 -12 -6 -9
right_child=2 7 5 -5 12 -7 -8 13 -10 10 11 -13 -14 -15
leaf_value=-0.49706580097245806 0.031189521983775406 -0.47715812618755238 0.12801856803444198 0.70840309545607638 -0.2390971353148702 0.35029382169880768 1.470179687426971 0.60759471368331175 0.58140473701904838 0.92064453217285613 -0.2857816812892755 0.8109520946304466 0.21897664879298723 -0.019860231147224079
leaf_weight=5400 137 156 52 425 158 140 110 51 465 1979 47 171 266 1243
leaf_count=5400 137 156 52 425 158 140 110 51 465 1979 47 171 266 1243
internal_value=0.00118509 -0.401792 0.699944 0.41148 0.287915 0.867204 0.897719 -0.0468815 0.456449 0.869079 0.886553 0.574275 0.0481184 0.00531953
internal_weight=10800 6850 3950 1451 1026 2499 2359 1450 602 2249 2197 218 424 1294
internal_count=10800 6850 3950 1451 1026 2499 2359 1450 602 2249 2197 218 424 1294
is_linear=0
shrinkage=0.05


Tree=43
num_leaves=15
num_cat=0
split_feature=65 65 65 15 26 48 48 13 26 26 19 65 48 34
split_gain=1.09819e+06 79420.5 72521.1 20296.8 15220.1 20774.3 14989.1 11569.8 11502.6 8777.64 7603.19 7342.39 7609.47 11724.7
threshold=126.25790000000002 28.000000000000004 215.26572250000001 211.75611700000002 26.812500000000004 10.875000000000002 11.625000000000002 1.2614912054005061 18.962500000000002 19.212500000000002 171.28886800000001 87.394937500000012 11.875000000000002 27.877083333333335
decision_type=2 2 2 2 2 2 2 2 2 2 2 2 2 2
left_child=1 -1 3 6 5 9 7 -2 -3 -4 -8 -10 -13 -14
right_child=2 8 4 -5 -6 -7 10 -9 11 -11 -12 12 13 -15
leaf_value=-0.47221712537262972 -0.0041053089909837579 -0.45809211019523349 0.43610038335124657 0.67286259515996438 1.006925327315386 0.55354469830975006 -0.23027439123900706 0.53288316031921834 -0.19274683612962845 0.9495765522244668 0.19864558577193878 0.26869611922034459 -0.12883353591953731 0.50114559013953153
leaf_weight=5400 127 153 95 414 771 823 166 476 354 852 270 325 488 86
leaf_count=5400 127 153 95 414 771 823 166 476 354 852 270 325 488 86
internal_value=0.00114577 -0.385077 0.659223 0.37708 0.820347 0.738552 0.258689 0.419967 -0.050303 0.898581 0.0351879 -0.000183513 0.0757722 -0.033739
internal_weight=10800 6806 3994 1453 2541 1770 1039 603 1406 947 436 1253 899 574
internal_count=10800 6806 3994 1453 2541 1770 1039 603 1406 947 436 1253 899 574
is_linear=0
shrinkage=0.05


Tree=44
num_leaves=15
num_cat=0
split_feature=65 65 65 36 36 26 15 48 51 9 26 53 36 61
split_gain=991344 77332.1 60303.3 18068.8 14273 10628.4 10491 8876.15 8558.76 8500.54 7763.38 7894.09 7401.6 7669.88
threshold=129.53476700000002 28.000000000000004 215.26572250000001 20.53151041666667 23.309375000000003 18.962500000000002 219.89405500000004 11.875000000000002 2.5000000000000004 272.25950450000005 18.112500000000004 -0.47114434510950048 25.847656250000004 -0.9733555533461492
decision_type=2 2 2 2 2 2 2 2 2 2 2 2 2 2
left_child=1 -1 3 8 10 -3 7 -5 -2 -6 -4 -12 13 -7
right_child=2 5 4 6 9 12 -8 -9 -10 -11 11 -13 -14 -15
leaf_value=-0.44861066352436008 -0.52556719039566813 -0.42316573532471752 0.097211321789239136 0.49373039801517971 1.0182305260855578 0.5335576008106101 0.69622189926773403 0.16311210068102852 0.15228033377925121 0.68823417608943238 0.73601979645714444 0.2826470260741189 0.41204866248612798 -0.055714908849402736
leaf_weight=5400 63 160 55 491 724 57 315 348 170 281 1376 105 103 1152
leaf_count=5400 63 160 55 491 724 57 315 348 170 281 1376 105 103 1152
internal_value=0.0011053 -0.361053 0.634628 0.369057 0.779387 -0.0397621 0.450085 0.356954 -0.0324631 0.926739 0.682436 0.704089 0.00728112 -0.0275148
internal_weight=10800 6872 3928 1387 2541 1472 1154 839 233 1005 1536 1481 1312 1209
internal_count=10800 6872 3928 1387 2541 1472 1154 839 233 1005 1536 1481 1312 1209
is_linear=0
shrinkage=0.05


Tree=45
num_leaves=15
num_cat=0
split_feature=65 65 65 26 17 26 25 33 26 48 48 48 16 35
split_gain=895043 64593.1 59087.6 21075.6 19544.8 16351.8 15402.8 11291.4 8172.97 7630.16 9920.58 9802.62 6608.07 6586.34
threshold=126.25790000000002 63.145266500000005 194.02319200000002 28.362500000000004 43.996795706049234 23.962500000000002 100.41493076626193 28.506250000000005 18.962500000000002 6.1250000000000009 6.3750000000000009 11.875000000000002 291.91166700000002 20.18385416666667
decision_type=2 2 2 2 2 2 2 2 2 2 2 2 2 2
left_child=1 -1 6 4 5 -4 -2 8 -3 -10 -11 -12 -5 -6
right_child=2 7 3 12 13 -7 -8 -9 9 10 11 -13 -14 -15
leaf_value=-0.42315220484805061 0.0027022172984751788 -0.41888257482661739 0.34247585596106023 0.90064125264405603 0.64506477618885938 0.66481875840972349 0.4161499382592439 0.55004952269582419 0.5804619160294533 -0.65001814599220575 0.21572190270274527 -0.12135423843639795 1.3588543244690268 0.933296396036428
leaf_weight=5486 384 147 643 391 320 1029 544 77 49 64 318 665 105 578
leaf_count=5486 384 147 643 391 320 1029 544 77 49 64 318 665 105 578
internal_value=0.00106773 -0.347607 0.595168 0.700963 0.642848 0.541134 0.245255 -0.0335545 -0.07012 -0.0230034 -0.0517727 -0.0122019 1.00018 0.831418
internal_weight=10800 6806 3994 3066 2570 1672 928 1320 1243 1096 1047 983 496 898
internal_count=10800 6806 3994 3066 2570 1672 928 1320 1243 1096 1047 983 496 898
is_linear=0
shrinkage=0.05


Tree=46
num_leaves=15
num_cat=0
split_feature=65 65 65 15 48 0 48 13 26 36 9 65 65 48
split_gain=807920 63525.4 49482.3 15367.5 13231.1 12411.4 11298 10281.8 9182.85 8250.9 7895.4 11828.8 7803.83 7190.25
threshold=129.53476700000002 84.179539500000018 217.24452850000003 210.20160850000005 11.625000000000002 275.94297850000004 15.875000000000002 1.3254992120623699 19.012500000000003 17.496875000000006 279.94015300000007 277.88047750000004 24.000000000000004 11.875000000000002
decision_type=2 2 2 2 2 2 2 2 2 2 2 2 2 2
left_child=1 12 3 4 7 6 9 -2 -3 -4 -11 -12 -1 -10
right_child=2 8 5 -5 -6 -7 -8 -9 13 10 11 -13 -14 -15
leaf_value=-0.42123560118680309 -0.021348755058716053 -0.32141980537660209 0.16401983532640671 0.5807493141117448 0.0026066039870434169 1.0218425213920732 0.23331583529398159 0.48645982597329662 0.26278806248601211 0.74495746725639012 -0.36147572340034861 0.61863461479189852 -0.26884440006503418 -0.023861128658656833
leaf_weight=4696 127 172 71 447 394 281 142 461 331 1840 40 125 1032 641
leaf_count=4696 127 172 71 447 394 281 142 461 331 1840 40 125 1032 641
internal_value=0.00103747 -0.325904 0.572956 0.337914 0.226899 0.707171 0.666862 0.37693 0.0142543 0.696391 0.715152 0.380286 -0.393831 0.0739227
internal_weight=10800 6872 3928 1429 982 2499 2218 588 1144 2076 2005 165 5728 972
internal_count=10800 6872 3928 1429 982 2499 2218 588 1144 2076 2005 165 5728 972
is_linear=0
shrinkage=0.05


Tree=47
num_leaves=15
num_cat=0
split_feature=65 65 65 36 26 48 15 9 26 51 34 13 26 48
split_gain=729433 53015.7 48361 14700 11778.7 14101.7 8959.61 8396.8 8272.48 7297.67 7002.34 6933.82 5811.93 7823.78
threshold=126.25790000000002 28.000000000000004 215.26572250000001 20.53151041666667 27.512500000000003 10.875000000000002 243.15139550000004 254.29835200000005 19.862500000000004 2.5000000000000004 20.876041666666669 49.640150313509359 28.725000000000005 11.875000000000002
decision_type=2 2 2 2 2 2 2 2 2 2 2 2 2 2
left_child=1 -1 3 9 5 10 11 -7 -3 -2 -4 -5 13 -10
right_child=2 8 4 6 -6 7 -8 -9 12 -11 -12 -13 -14 -15
leaf_value=-0.3849658557119866 -0.50227353389446561 -0.28904731553461821 0.59184515037319885 0.28421509288079583 0.85978806825995646 0.66584643152569023 0.68083187197061157 0.35691231745425217 0.18114654389890528 0.11631525756125261 0.86613342463970189 0.85832854594503127 0.42430853748285191 -0.10804601580506173
leaf_weight=5400 64 269 439 953 618 349 203 608 348 178 527 55 81 708
leaf_count=5400 64 269 439 953 618 349 203 608 348 178 527 55 81 708
internal_value=0.000998092 -0.31377 0.537325 0.306926 0.6689 0.607139 0.377968 0.470152 -0.0402516 -0.0486722 0.742224 0.31636 0.0188127 -0.0126627
internal_weight=10800 6806 3994 1453 2541 1923 1211 957 1406 242 966 1008 1137 1056
internal_count=10800 6806 3994 1453 2541 1923 1211 957 1406 242 966 1008 1137 1056
is_linear=0
shrinkage=0.05


Tree=48
num_leaves=15
num_cat=0
split_feature=65 65 64 24 8 42 64 26 65 26 26 65 22 25
split_gain=659006 77724.1 24379.5 13930.4 12959.7 9147.81 7801.39 6667 6500.12 6112.99 6021.15 5918.05 5339.75 5761.86
threshold=165.67994850000005 84.179539500000018 243.97296700000004 274.28284400000007 69.10047950000002 81.875000000000014 162.68421800000002 30.012500000000003 24.000000000000004 29.212500000000002 24.212500000000002 237.73522350000002 77.338464890625005 87.76708810618652
decision_type=2 2 2 2 2 2 2 2 2 2 2 2 2 2
left_child=1 8 4 12 5 -2 -6 -4 -1 -8 -5 -7 -3 -14
right_child=2 3 7 10 6 11 9 -9 -10 -11 -12 -13 13 -15
leaf_value=-0.38093411037712266 0.99384238405992065 0.41148377306321093 0.68266392270803777 0.074221980206732804 -0.18964153507581125 0.31095239585623724 0.33952546903548808 1.1446954715953155 -0.24186409363105699 0.74811011549859951 0.37739772344342409 0.64756921491961739 -0.43176110814499663 -0.061144863857689982
leaf_weight=4696 130 50 1493 346 64 207 1082 84 1032 100 311 368 122 715
leaf_count=4696 130 50 1493 346 64 207 1082 84 1032 100 311 368 122 715
internal_value=0.000969478 -0.27107 0.561621 0.0437556 0.443014 0.614482 0.34558 0.707984 -0.355925 0.374696 0.21809 0.527137 -0.0854737 -0.115616
internal_weight=10800 7272 3528 1544 1951 705 1246 1577 5728 1182 657 575 887 837
internal_count=10800 7272 3528 1544 1951 705 1246 1577 5728 1182 657 575 887 837
is_linear=0
shrinkage=0.05


Tree=49
num_leaves=15
num_cat=0
split_feature=65 65 0 64 4 22 26 26 31 36 65 0 26 12
split_gain=595279 47015.8 36458.8 15823.4 15124.2 10837.8 8751.61 7472.19 6408.8 6084.56 5865.67 5835.16 5711.56 5144.97
threshold=129.53476700000002 84.179539500000018 186.28586400000003 243.97296700000004 42.523274000000008 105.48478607812503 29.362500000000004 18.962500000000002 21.562500000000004 25.847656250000004 24.000000000000004 100.00974350000001 30.012500000000003 79.065847500000004
decision_type=2 2 2 2 2 2 2 2 2 2 2 2 2 2
left_child=1 10 4 5 13 8 -7 -3 -4 -9 -1 -6 -5 -2
right_child=2 7 3 12 11 6 -8 9 -10 -11 -12 -13 -14 -15
leaf_value=-0.36189145353567809 -0.086886662907070589 -0.3503316021095666 0.53288396856437126 0.65958573955154565 -0.62434675849792443 0.3153133042098914 0.74803258467243239 0.020488941177640538 0.9288345044529116 0.45772099337358585 -0.22978259292066042 0.012079433552444181 1.0881340531040642 0.43513718513862759
leaf_weight=4696 53 125 359 1449 40 958 133 933 147 86 1032 296 84 409
leaf_count=4696 53 125 359 1449 40 958 133 933 147 86 1032 296 84 409
internal_value=0.000941492 -0.279696 0.491861 0.56877 0.189867 0.458027 0.368701 0.0129403 0.649518 0.0578024 -0.338134 -0.0653134 0.683762 0.375193
internal_weight=10800 6872 3928 3130 798 1597 1091 1144 506 1019 5728 336 1533 462
internal_count=10800 6872 3928 3130 798 1597 1091 1144 506 1019 5728 336 1533 462
is_linear=0
shrinkage=0.05


Tree=50
num_leaves=15
num_cat=0
split_feature=65 65 65 26 17 26 25 33 51 16 65 36 61 35
split_gain=537441 39062.4 36230.7 14764 13902.7 12170.2 11133.4 6763.77 5785.6 5326.41 5293.15 5181.13 5116.04 4877.8
threshold=126.25790000000002 84.179539500000018 194.02319200000002 28.362500000000004 43.996795706049234 23.962500000000002 100.41493076626193 18.631250000000005 2.5000000000000004 291.91166700000002 24.000000000000004 25.847656250000004 -0.9733555533461492 19.361458333333335
decision_type=2 2 2 2 2 2 2 2 2 2 2 2 2 2
left_child=1 10 6 4 5 -4 -2 -3 -7 -5 -1 12 -9 -6
right_child=2 7 3 9 13 8 -8 11 -10 -11 -12 -13 -14 -15
leaf_value=-0.34380074241756758 -0.018876817474994423 -0.35563258039886536 0.23860368543949489 0.70579374993091681 0.42708078059391968 0.37208375801451754 0.33257794299786658 0.52256566691905892 0.61526604143288144 1.1146221267446033 -0.21830458564526922 0.43277111555231207 -0.013512178343798507 0.71561886740550718
leaf_weight=4696 384 114 643 391 192 420 544 46 609 105 1032 80 838 706
leaf_count=4696 384 114 643 391 192 420 544 46 609 105 1032 80 838 706
internal_value=0.000910824 -0.269276 0.461276 0.544118 0.495523 0.409815 0.187285 0.00684021 0.516466 0.794409 -0.321232 0.0500294 0.0149422 0.654471
internal_weight=10800 6806 3994 3066 2570 1672 928 1078 1029 496 5728 964 884 898
internal_count=10800 6806 3994 3066 2570 1672 928 1078 1029 496 5728 964 884 898
is_linear=0
shrinkage=0.05


Tree=51
num_leaves=15
num_cat=0
split_feature=65 65 0 0 6 48 9 53 53 36 26 65 51 0
split_gain=485161 38247.4 30069.4 13337 13295 13251.6 9161.08 8366.27 8340.23 6446.11 4836.79 4776.51 4706.01 4656.63
threshold=129.53476700000002 84.179539500000018 186.28586400000003 266.52725100000004 175.40196300000002 10.125000000000002 232.32850950000002 -0.95642797789208678 -0.9733555533461492 24.042447916666671 20.337500000000002 24.000000000000004 2.5000000000000004 294.76548300000007
decision_type=2 2 2 2 2 2 2 2 2 2 2 2 2 2
left_child=1 11 5 4 6 -2 -4 -8 -5 -3 12 -1 -7 -10
right_child=2 9 3 8 -6 10 7 -9 13 -11 -12 -13 -14 -15
leaf_value=-0.3266143511324861 0.34064429065625651 -0.06960462806442283 0.707529320609801 0.24979692597228748 0.28080480140722197 -0.75927107806007077 0.19669576667131872 0.53451084242627667 0.688997408993274 0.1849265821653176 0.06277742834753311 -0.20739992076291236 -0.086512993967958862 1.1001576225087046
leaf_weight=4696 468 780 514 103 780 41 253 680 721 364 220 1032 69 79
leaf_count=4696 468 780 514 103 780 41 253 680 721 364 220 1032 69 79
internal_value=0.000886245 -0.252468 0.444079 0.513924 0.447778 0.169826 0.537528 0.443215 0.67638 0.0114734 -0.0727235 -0.305176 -0.34185 0.730922
internal_weight=10800 6872 3928 3130 2227 798 1447 933 903 1144 330 5728 110 800
internal_count=10800 6872 3928 3130 2227 798 1447 933 903 1144 330 5728 110 800
is_linear=0
shrinkage=0.05


Tree=52
num_leaves=15
num_cat=0
split_feature=65 65 65 0 25 64 8 0 48 48 16 13 48 5
split_gain=438006 32071.6 29460.8 12544.6 9483.06 9386.19 8078.6 6478.94 8283.43 6174.31 5236.24 5631.38 4873.45 5561.54
threshold=126.25790000000002 28.000000000000004 194.02319200000002 274.61923400000006 100.41493076626193 243.97296700000004 69.10047950000002 105.86520100000001 6.1250000000000009 11.875000000000002 140.10094300000003 21.72925436017967 6.3750000000000009 81.513918500000003
decision_type=2 2 2 2 2 2 2 2 2 2 2 2 2 2
left_child=1 -1 4 5 -2 6 -4 8 -3 -9 -11 -12 -10 -14
right_child=2 7 3 -5 -6 -7 -8 9 12 10 11 -13 13 -15
leaf_value=-0.29843441741242716 -0.02087499079282408 0.4270709074514567 0.51134254891099773 0.75578843979442667 0.30347920058585637 0.54492965915074465 0.25738358538825173 0.45638318504942088 -0.54824599545449026 -0.43831365638013398 0.19312503831265299 -0.15220300759356775 0.030784544873704269 -0.27315167174216076
leaf_weight=5400 384 60 516 392 544 1352 806 94 79 55 332 182 280 324
leaf_count=5400 384 60 516 392 544 1352 806 94 79 55 332 182 280 324
internal_value=0.000855335 -0.24306 0.416457 0.49116 0.169386 0.452098 0.35682 -0.0303226 -0.131629 0.0832354 0.0208981 0.0707912 -0.181262 -0.132436
internal_weight=10800 6806 3994 3066 928 2674 1322 1406 743 663 569 514 683 604
internal_count=10800 6806 3994 3066 928 2674 1322 1406 743 663 569 514 683 604
is_linear=0
shrinkage=0.05


Tree=53
num_leaves=15
num_cat=0
split_feature=65 65 0 48 0 6 9 53 53 26 48 35 48 48
split_gain=395387 31205.2 25005.5 11599.3 11220.1 11389.7 8013.07 7201.05 7145.52 6165.66 5597.78 6016.12 4743.8 6236.29
threshold=129.53476700000002 28.000000000000004 186.28586400000003 10.125000000000002 266.52725100000004 175.40196300000002 232.32850950000002 -0.9733555533461492 -0.95642797789208678 23.012500000000003 11.875000000000002 27.367708333333336 6.1250000000000009 6.3750000000000009
decision_type=2 2 2 2 2 2 2 2 2 2 2 2 2 2
left_child=1 -1 3 -2 5 6 -4 -6 -8 12 -11 -12 -3 -14
right_child=2 9 4 -5 7 -7 8 -9 -10 10 11 -13 13 -15
leaf_value=-0.28351544657585204 0.31064362369223575 0.3205598919885233 0.64595049786625558 -0.07608004111439283 0.21743279709838906 0.24942674560450906 0.17108721224605805 0.66426949020348414 0.4832099717274505 0.45280618744321394 -0.17002179085172434 0.22262168930097045 -0.55261804041190021 -0.085101864931862739
leaf_weight=5400 468 63 514 330 103 780 253 800 680 100 186 203 77 843
leaf_count=5400 468 63 514 330 103 780 253 800 680 100 186 203 77 843
internal_value=0.000820672 -0.227896 0.400914 0.150825 0.464606 0.403945 0.487007 0.613598 0.398846 -0.0238019 0.121131 0.034925 -0.0959495 -0.124788
internal_weight=10800 6872 3928 798 3130 2227 1447 903 933 1472 489 389 983 920
internal_count=10800 6872 3928 798 3130 2227 1447 903 933 1472 489 389 983 920
is_linear=0
shrinkage=0.05


Tree=54
num_leaves=15
num_cat=0
split_feature=0 65 48 48 12 26 18 48 26 0 46 35 33 11
split_gain=357019 44823.1 19663.1 12951.7 10869.2 9962.42 8535.22 8363.05 11352.5 5812.25 5068.04 4587.69 4502.41 4419.48
threshold=169.72636300000002 84.179539500000018 11.875000000000002 16.875000000000004 95.430012500000018 30.012500000000003 97.342647708333345 10.875000000000002 25.012500000000003 262.99180150000007 49.260416666666679 27.298437500000002 20.971875000000004 246.12940200000003
decision_type=2 2 2 2 2 2 2 2 2 2 2 2 2 2
left_child=1 -1 4 5 12 7 -4 9 -9 -2 -5 -8 -3 -10
right_child=3 2 6 10 -6 -7 11 8 13 -11 -12 -13 -14 -15
leaf_value=-0.26172610731392121 0.50355880199486669 -0.079281950410350369 -0.76962303140988719 0.53641095149532425 0.36693489252698608 0.82947055168744532 -0.1630359828930647 0.21377775963943024 0.61406489151903965 0.83775927087292068 0.14017867373426124 0.17646426044326899 0.29819400071033408 0.39962734988535931
leaf_weight=5727 784 318 51 96 452 176 585 673 380 159 489 119 104 687
leaf_count=5727 784 318 51 96 452 176 585 673 380 159 489 119 104 687
internal_value=0.000791539 -0.19591 0.0354952 0.420859 0.196847 0.464734 -0.151301 0.440508 0.375065 0.560736 0.206006 -0.10548 0.0142303 0.4765
internal_weight=10800 7356 1629 3444 874 2859 755 2683 1740 943 585 704 422 1067
internal_count=10800 7356 1629 3444 874 2859 755 2683 1740 943 585 704 422 1067
is_linear=0
shrinkage=0.05


Tree=55
num_leaves=15
num_cat=0
split_feature=0 65 48 0 6 13 18 53 31 65 12 9 35 45
split_gain=322278 40452 17754.9 11828.8 11829.7 10106 7721.15 6224.27 6027.31 5432.35 4682.63 4220.27 4142.64 4104.2
threshold=169.72636300000002 84.179539500000018 11.875000000000002 266.52725100000004 175.40196300000002 1.3507304316855901 97.342647708333345 -0.9733555533461492 20.087500000000002 215.26572250000001 129.60656000000003 272.25950450000005 27.298437500000002 54.520833333333336
decision_type=2 2 2 2 2 2 2 2 2 2 2 2 2 2
left_child=1 -1 5 4 9 8 -4 -5 -3 -2 -7 -9 -8 -6
right_child=3 2 6 7 13 10 12 11 -10 -11 -12 -13 -14 -15
leaf_value=-0.24864209466553266 0.13755860877191198 -0.42481952729821204 -0.73188189050325991 0.18741255882554331 0.42857599855416412 0.23759547784396162 -0.15489809437704183 0.68220326659160069 0.084203656785132586 0.4612493925741209 0.58493107280228285 0.43248097659774531 0.16771457204595208 0.16260934962472628
leaf_weight=5727 144 74 51 103 176 415 585 543 258 1399 127 257 119 822
leaf_count=5727 144 74 51 103 176 415 585 543 258 1399 127 257 119 822
internal_value=0.000768821 -0.186117 0.0337152 0.399875 0.344367 0.187038 -0.143786 0.555519 -0.0301883 0.43115 0.31991 0.60262 -0.100205 0.209895
internal_weight=10800 7356 1629 3444 2541 874 755 903 332 1543 542 800 704 998
internal_count=10800 7356 1629 3444 2541 874 755 903 332 1543 542 800 704 998
is_linear=0
shrinkage=0.05


Tree=56
num_leaves=15
num_cat=0
split_feature=0 65 48 26 48 26 26 18 17 51 0 0 65 35
split_gain=290897 36506.6 16031.5 11051.3 15930.9 9198.84 8584.11 6984.73 6844.61 5948.93 4760.94 4249.35 3948.5 3740.76
threshold=169.72636300000002 84.179539500000018 11.875000000000002 28.362500000000004 10.875000000000002 20.912500000000005 24.312500000000004 97.342647708333345 19.000867638863912 2.5000000000000004 262.99180150000007 294.76548300000007 24.000000000000004 27.298437500000002
decision_type=2 2 2 2 2 2 2 2 2 2 2 2 2 2
left_child=1 12 5 4 10 8 -6 -4 -3 -8 -2 -5 -1 -9
right_child=3 2 7 11 6 -7 9 13 -10 -11 -12 -13 -14 -15
leaf_value=-0.25568285774164362 0.45540046246568111 -0.18844654722157064 -0.69599153665969016 0.51935826767743987 0.13652333077250742 0.34761699498854398 0.20668389023909028 -0.14716640726914282 0.19891795467926687 0.45011153448994973 0.76106287496976366 0.91011229460857013 -0.14736521935826816 0.15939872642358144
leaf_weight=4696 784 208 51 527 852 416 428 585 250 616 155 82 1031 119
leaf_count=4696 784 208 51 527 852 416 428 585 250 616 155 82 1031 119
internal_value=0.000739664 -0.176815 0.0320222 0.379918 0.338172 0.177714 0.254529 -0.136644 0.0229697 0.350609 0.506612 0.573378 -0.236212 -0.0951939
internal_weight=10800 7356 1629 3444 2835 874 1896 755 458 1044 939 609 5727 704
internal_count=10800 7356 1629 3444 2835 874 1896 755 458 1044 939 609 5727 704
is_linear=0
shrinkage=0.05


Tree=57
num_leaves=15
num_cat=0
split_feature=0 65 48 12 48 26 9 65 26 6 48 48 35 46
split_gain=262589 33048.3 11839.2 13076 10042 7886.48 6770.85 10127 5970.7 5162.79 5029.13 6220.27 4828.15 3993.39
threshold=169.72636300000002 28.000000000000004 11.875000000000002 95.430012500000018 16.875000000000004 30.012500000000003 279.94015300000007 262.33844350000004 20.087500000000002 239.33377250000004 6.1250000000000009 6.3750000000000009 27.001041666666669 49.260416666666679
decision_type=2 2 2 2 2 2 2 2 2 2 2 2 2 2
left_child=1 -1 3 10 5 6 8 9 -2 -8 -3 -12 -4 -6
right_child=4 2 12 -5 13 -7 7 -9 -10 -11 11 -13 -14 -15
leaf_value=-0.2317527860695511 0.14575856009831176 0.31973162224379981 -0.17352517707427573 0.32207500045887261 0.46506722721549654 0.7240328920342155 -0.70943092309256528 0.35879122296165183 0.42807951250128479 0.050025805850513284 -0.49991276489525305 -0.018534888825416967 0.10583892860497857 0.11341278407399601
leaf_weight=5400 206 81 766 465 96 176 40 172 2216 49 81 370 193 489
leaf_count=5400 206 81 766 465 96 176 40 172 2216 49 81 370 193 489
internal_value=0.000715231 -0.167979 0.0081117 0.128693 0.360972 0.399603 0.378059 0.135441 0.404137 -0.295393 -0.0406216 -0.105906 -0.117251 0.171815
internal_weight=10800 7356 1956 997 3444 2859 2683 261 2422 89 532 451 959 585
internal_count=10800 7356 1956 997 3444 2859 2683 261 2422 89 532 451 959 585
is_linear=0
shrinkage=0.05


Tree=58
num_leaves=15
num_cat=0
split_feature=0 65 48 13 26 48 26 51 48 20 48 48 0 0
split_gain=237009 29827 10685.7 12148.2 9327.99 13915.2 7427.41 5703.47 5599.36 4460.97 4378.89 5866.02 4672.89 4248.83
threshold=169.72636300000002 28.000000000000004 11.875000000000002 1.3507304316855901 28.362500000000004 10.875000000000002 23.962500000000002 2.5000000000000004 6.1250000000000009 112.48988950000002 6.3750000000000009 7.1250000000000009 94.447084000000018 262.99180150000007
decision_type=2 2 2 2 2 2 2 2 2 2 2 2 2 2
left_child=1 -1 3 8 5 13 -7 -8 -3 -4 -10 -12 -13 -2
right_child=4 2 9 -5 -6 6 7 -9 10 -11 11 12 -14 -15
leaf_value=-0.22016728946266959 0.41368320001823133 0.30393999971423824 -0.50819699782313721 0.28035743944924735 0.52066895843804128 0.099910065197641257 0.16990236363791522 0.39481842246013032 -0.47522195435878711 -0.082006020333680374 0.1165169760917818 -0.58976861828229799 0.084056448927376334 0.70223117585365591
leaf_weight=5400 784 81 65 547 609 721 476 699 81 894 178 70 40 155
leaf_count=5400 784 81 65 547 609 721 476 699 81 894 178 70 40 155
internal_value=0.00068595 -0.159581 0.00770754 0.122265 0.342946 0.304598 0.226437 0.303925 -0.0701016 -0.111392 -0.152808 -0.0607983 -0.346192 0.46201
internal_weight=10800 7356 1956 997 3444 2835 1896 1175 450 959 369 288 110 939
internal_count=10800 7356 1956 997 3444 2835 1896 1175 450 959 369 288 110 939
is_linear=0
shrinkage=0.05


Tree=59
num_leaves=15
num_cat=0
split_feature=0 65 48 48 13 9 16 65 35 25 27 22 49 24
split_gain=213991 26048.2 9756.54 9468.16 10666.4 7193.67 8788.8 8014.99 5562.83 5362.06 5065.63 4905.67 4354.5 4166.32
threshold=165.96690300000003 28.000000000000004 16.875000000000004 11.875000000000002 1.3507304316855901 272.25950450000005 287.24088100000006 262.33844350000004 20.219270833333336 100.06263975429293 20.987500000000004 126.42198556250001 4.5000000000000009 268.17190050000005
decision_type=2 2 2 2 2 2 2 2 2 2 2 2 2 2
left_child=1 -1 5 4 10 6 8 9 -2 -7 12 -12 -3 -5
right_child=2 3 -4 13 -6 7 -8 -9 -10 -11 11 -13 -14 -15
leaf_value=-0.20916096811448176 0.22106448424325051 -0.10708146875953717 0.14265205220210428 -0.22737405721586346 0.26282610083093733 -0.50719853473485121 0.79468629858560036 0.3371527338314515 0.41900642997984133 0.094333165443784228 0.56707113088729488 -0.017510137107822447 -0.61892972843578231 -0.014031945424041846
leaf_weight=5400 454 210 619 413 539 48 134 389 1691 151 47 142 51 512
leaf_count=5400 454 210 619 413 539 48 134 389 1691 151 47 142 51 512
internal_value=0.000657255 -0.152993 0.322984 0.00549962 0.112993 0.361855 0.402117 0.205391 0.377234 -0.0525704 -0.0666587 0.130081 -0.209078 -0.109429
internal_weight=10800 7314 3486 1914 989 2867 2279 588 2145 199 450 189 261 925
internal_count=10800 7314 3486 1914 989 2867 2279 588 2145 199 450 189 261 925
is_linear=0
shrinkage=0.05


Tree=60
num_leaves=15
num_cat=0
split_feature=0 65 48 12 26 48 26 35 48 48 16 51 8 26
split_gain=193151 24272 8737.83 9976.35 8131.47 10480.7 9002.2 4116.4 4071.25 5094.99 3995.09 3426.21 2966.99 3074.03
threshold=169.72636300000002 28.000000000000004 11.875000000000002 97.025382500000021 29.475000000000005 10.875000000000002 25.012500000000003 27.001041666666669 6.1250000000000009 6.3750000000000009 263.07389600000005 2.5000000000000004 24.000000000000004 19.212500000000002
decision_type=2 2 2 2 2 2 2 2 2 2 2 2 2 2
left_child=1 -1 3 8 5 10 -7 -4 -3 -10 12 -8 -2 -14
right_child=4 2 7 -5 -6 6 11 -9 9 -11 -12 -13 13 -15
leaf_value=-0.1987048419090007 0.74046108154755719 0.28991959339189455 -0.15280542732392485 0.28245386886909701 0.54335113281621783 0.11648897201664291 0.22306277938334371 0.1051271380064529 -0.44982798942705488 -0.015108309720985983 0.65349319153611773 0.39894371990909339 -0.0031714133147535658 0.37910476030122925
leaf_weight=5400 52 81 766 456 336 1033 505 193 81 379 158 627 57 676
leaf_count=5400 52 81 766 456 336 1033 505 193 81 379 158 627 57 676
internal_value=0.000629665 -0.144051 0.00685778 0.110449 0.309604 0.284167 0.223387 -0.100841 -0.0347853 -0.0924665 0.423326 0.320747 0.376227 0.349414
internal_weight=10800 7356 1956 997 3444 3108 2165 959 541 460 943 1132 785 733
internal_count=10800 7356 1956 997 3444 3108 2165 959 541 460 943 1132 785 733
is_linear=0
shrinkage=0.05


Tree=61
num_leaves=15
num_cat=0
split_feature=0 65 48 48 12 9 16 65 26 25 26 48 48 20
split_gain=174478 19126.7 11090.8 6978.17 7727.48 6381.32 7712.98 7071.07 5485.74 4741.11 4533.69 3752.33 4511.5 3675.14
threshold=149.18104250000002 28.000000000000004 16.875000000000004 11.875000000000002 95.430012500000018 272.25950450000005 291.91166700000002 262.33844350000004 20.162500000000005 99.971251996581813 26.937500000000004 6.1250000000000009 6.3750000000000009 112.48988950000002
decision_type=2 2 2 2 2 2 2 2 2 2 2 2 2 2
left_child=1 -1 5 4 11 6 8 9 -2 -7 -4 -3 -13 -5
right_child=2 3 10 13 -6 7 -8 -9 -10 -11 -12 12 -14 -15
leaf_value=-0.18877144544969068 0.11265050901656415 0.27560039431583594 0.030940369783211075 -0.46445119184526534 0.24948568869390828 -0.50206488895606494 0.78651449520570738 0.30326500803232198 0.37117325929641709 0.071748111140611887 0.32194052847309251 -0.42761087892804206 -0.017644184967879499 -0.07532161074379369
leaf_weight=5400 230 81 523 65 428 46 103 389 1989 153 179 81 370 763
leaf_count=5400 230 81 523 65 428 46 103 389 1989 153 179 81 370 763
internal_value=0.000611662 -0.141847 0.284069 -0.000101163 0.0915905 0.327097 0.36438 0.1795 0.34444 -0.0627392 0.105494 -0.0356676 -0.0920577 -0.106393
internal_weight=10800 7188 3612 1788 960 2910 2322 588 2219 199 702 532 451 828
internal_count=10800 7188 3612 1788 960 2910 2322 588 2219 199 702 532 451 828
is_linear=0
shrinkage=0.05


Tree=62
num_leaves=15
num_cat=0
split_feature=0 65 36 48 13 9 16 65 35 9 0 25 0 65
split_gain=157532 19093 7523.76 7405.57 6053.44 5803.84 6984.39 6387.03 4511.1 4301.84 5326.89 4294.16 3158.15 2904.35
threshold=165.96690300000003 28.000000000000004 26.159505208333339 16.875000000000004 43.237506815817959 272.25950450000005 287.24088100000006 262.33844350000004 20.219270833333336 113.77359350000002 103.132017 100.06263975429293 214.99514700000003 216.36840450000003
decision_type=2 2 2 2 2 2 2 2 2 2 2 2 2 2
left_child=1 -1 4 5 9 6 8 11 -2 10 -3 -7 -5 -10
right_child=3 2 -4 12 -6 7 -8 -9 13 -11 -12 -13 -14 -15
leaf_value=-0.17933461869608316 0.18442449355614374 -0.049746057465441584 0.4311944242718877 0.046050095635027377 0.3088738768212213 -0.46651794153968895 0.69704649675775465 0.28814063646281379 0.22336350029322488 -0.14078634804115384 0.20664802487488851 0.071825098167908816 0.29244179465076936 0.39379239836704344
leaf_weight=5400 454 725 97 434 130 48 134 389 311 682 280 151 185 1380
leaf_count=5400 454 725 97 434 130 48 134 389 311 682 280 151 185 1380
internal_value=0.000585003 -0.131247 0.00444643 0.277141 -0.01856 0.311006 0.347163 0.170514 0.324991 -0.0439601 0.0218215 -0.0597098 0.120042 0.362599
internal_weight=10800 7314 1914 3486 1817 2867 2279 588 2145 1687 1005 199 619 1691
internal_count=10800 7314 1914 3486 1817 2867 2279 588 2145 1687 1005 199 619 1691
is_linear=0
shrinkage=0.05


Tree=63
num_leaves=15
num_cat=0
split_feature=0 65 48 48 13 9 16 65 33 22 65 21 26 48
split_gain=142250 15546.3 9034.98 6102.63 6783.72 5302.63 6371.09 5416.81 4656.42 4698.9 4434.34 7269.45 3877.91 3824.94
threshold=149.18104250000002 28.000000000000004 16.875000000000004 11.875000000000002 1.2278128895604621 268.97275250000001 291.91166700000002 263.38003000000009 20.971875000000004 129.62237654687502 233.25313400000002 22.918790010670381 26.937500000000004 7.1250000000000009
decision_type=2 2 2 2 2 2 2 2 2 2 2 2 2 2
left_child=1 -1 5 4 8 6 -2 10 13 -10 -7 -12 -4 -3
right_child=2 3 12 -5 -6 7 -8 -9 9 -11 11 -13 -14 -15
leaf_value=-0.1703695468694231 0.31954847271849363 -0.099287559039873519 0.026385913629312325 -0.09967212136683197 0.20782467074942992 0.17380205969308404 0.77882542806335653 0.27765042691012731 0.60157062524840954 -0.0034439864000356522 0.070546038104738626 -0.75843812681379774 0.29551243817330236 -0.58551395210251211
leaf_weight=5400 2034 215 523 828 519 156 78 530 41 136 71 41 179 49
leaf_count=5400 2034 215 523 828 519 156 78 530 41 136 71 41 179 49
internal_value=0.000566435 -0.128064 0.25651 -0.000272236 0.0854747 0.295346 0.336871 0.185162 -0.0586599 0.139293 0.00190274 -0.236948 0.0953321 -0.191403
internal_weight=10800 7188 3612 1788 960 2910 2112 798 441 177 268 112 702 264
internal_count=10800 7188 3612 1788 960 2910 2112 798 441 177 268 112 702 264
is_linear=0
shrinkage=0.05


Tree=64
num_leaves=15
num_cat=0
split_feature=0 65 48 33 26 48 26 18 17 22 16 26 65 48
split_gain=128647 18051.5 8015.14 6500.52 5646.56 7563.43 6071.74 5626.39 4496.32 4290.17 3276.51 3026.09 2984.15 2968
threshold=180.45327350000005 87.394937500000012 11.875000000000002 20.971875000000004 29.475000000000005 10.875000000000002 25.012500000000003 101.06491489583333 19.000867638863912 95.524938406250001 263.07389600000005 20.987500000000004 24.000000000000004 6.8750000000000009
decision_type=2 2 2 2 2 2 2 2 2 2 2 2 2 2
left_child=1 12 3 8 5 10 11 -4 13 -5 -2 -7 -1 -3
right_child=4 2 7 9 -6 6 -8 -9 -10 -11 -12 -13 -14 -15
leaf_value=-0.1730032395169358 0.31561199324886824 -0.044181281848241827 -0.56698450669646261 0.77324351304914896 0.45691627627155235 -0.15204873422792714 0.26527815392576493 -0.048068840708000035 0.13710177609965229 0.22980741143407221 0.56760845139341531 0.12516417216450593 -0.081296936571445377 -0.46393727612192354
leaf_weight=4696 744 148 55 40 334 111 1109 782 308 340 158 820 1097 58
leaf_count=4696 744 148 55 40 334 111 1109 782 308 340 158 820 1097 58
internal_value=0.000542901 -0.113325 0.0283415 0.132376 0.262019 0.239745 0.186276 -0.0828031 0.0163284 0.288891 0.360333 0.0919853 -0.155654 -0.164035
internal_weight=10800 7524 1731 894 3276 2942 2040 837 514 380 902 931 5793 206
internal_count=10800 7524 1731 894 3276 2942 2040 837 514 380 902 931 5793 206
is_linear=0
shrinkage=0.05


Tree=65
num_leaves=15
num_cat=0
split_feature=0 48 65 22 26 9 16 65 9 22 32 26 65 25
split_gain=116530 11163.3 9924.46 5579.21 5390.03 5228.36 5404.8 5144.86 4278.71 4185.36 3933.33 3852.29 3703.78 3687.22
threshold=130.14004500000001 16.875000000000004 24.000000000000004 144.81875300520838 18.112500000000004 272.25950450000005 291.91166700000002 262.33844350000004 146.08976850000002 27.444602249999999 20.212500000000002 26.937500000000004 139.66256200000004 99.460662613930012
decision_type=2 2 2 2 2 2 2 2 2 2 2 2 2 2
left_child=2 4 -1 8 -2 6 -6 13 9 10 -4 -3 -11 -7
right_child=1 11 3 -5 5 7 -8 -9 -10 12 -12 -13 -14 -15
leaf_value=-0.16435478976892881 -0.20203449062499235 0.0048686015170396257 -0.013524306355975568 0.24953113278731376 0.29078702930153344 -0.47663453371415648 0.66068748811689715 0.2457877212120459 -0.423607110374837 -0.088637082726870264 0.57693951299377522 0.25036282382446506 0.1214263814752651 0.045710993538127298
leaf_weight=4680 60 679 63 158 2268 42 103 389 76 1627 50 208 240 157
leaf_count=4680 60 679 63 158 2268 42 103 389 76 1627 50 208 240 157
internal_value=0.000521969 0.218685 -0.123099 -0.0358561 0.264493 0.274017 0.307128 0.140211 -0.0578983 -0.0436542 0.250512 0.0626537 -0.0615832 -0.0663647
internal_weight=10800 3906 6894 2214 3019 2959 2371 588 2056 1980 113 887 1867 199
internal_count=10800 3906 6894 2214 3019 2959 2371 588 2056 1980 113 887 1867 199
is_linear=0
shrinkage=0.05


Tree=66
num_leaves=15
num_cat=0
split_feature=0 48 17 15 65 26 0 9 5 48 48 48 16 8
split_gain=105631 13450.1 5761.32 6076.4 4927.36 4123.5 4075.31 3827.74 3767.24 3153.6 4073.08 2926.97 4301.82 2799.39
threshold=108.34217550000001 16.875000000000004 19.333335973937228 217.18543900000003 24.000000000000004 18.112500000000004 204.79491400000003 139.175487 209.22877650000001 6.1250000000000009 6.3750000000000009 11.875000000000002 74.836544500000016 24.000000000000004
decision_type=2 2 2 2 2 2 2 2 2 2 2 2 2 2
left_child=4 2 8 5 -1 -4 -3 9 -2 -6 -11 12 -12 -7
right_child=1 6 3 -5 7 13 -8 -9 -10 10 11 -13 -14 -15
leaf_value=-0.15613835011534283 0.010854090849755619 -0.014270673329856265 -0.18800377484922315 0.56470781582381047 0.25736140597884249 0.52133294698560528 0.20910522668279682 -0.46544270395700427 0.22159847199799226 -0.40392995498529294 -0.058439801234399548 -0.11010063107072746 0.18772502459740889 0.25537907963028494
leaf_weight=4617 377 847 50 174 81 104 268 55 484 81 517 794 269 2082
leaf_count=4617 377 847 50 174 81 104 268 55 484 81 517 794 269 2082
internal_value=0.000500858 0.189573 0.240681 0.280353 -0.128799 0.257982 0.0395589 -0.0585092 0.129441 -0.0454014 -0.0603119 -0.0424517 0.0259389 0.268265
internal_weight=10800 4386 3271 2410 6414 2236 1115 1797 861 1742 1661 1580 786 2186
internal_count=10800 4386 3271 2410 6414 2236 1115 1797 861 1742 1661 1580 786 2186
is_linear=0
shrinkage=0.05


Tree=67
num_leaves=15
num_cat=0
split_feature=0 48 17 15 65 26 26 5 22 9 51 65 48 5
split_gain=95352.6 12453.3 5228.85 5547.98 3988.39 3899.58 3699.2 3447.49 3335.74 3067.69 2893.03 2686.09 2468.82 2989.43
threshold=105.86520100000001 16.875000000000004 19.333335973937228 217.18543900000003 24.000000000000004 26.937500000000004 18.112500000000004 209.22877650000001 23.700781744791673 139.175487 2.5000000000000004 139.66256200000004 10.875000000000002 226.13273600000002
decision_type=2 2 2 2 2 2 2 2 2 2 2 2 2 2
left_child=4 2 7 6 -1 10 -4 -2 -6 11 -3 -10 -8 -14
right_child=1 5 3 -5 8 -7 12 -9 9 -11 -12 -13 13 -15
leaf_value=-0.1483330338753171 0.010266570613637702 -0.10667891487732387 -0.17878789789244243 0.53663377227102005 0.29205376417877588 0.23150728166851986 0.30392038455999049 0.21054139430913113 -0.085414869897951717 -0.44751308472510787 0.069815072349860882 0.1066084238419835 0.074740483505228272 0.25544303288272263
leaf_weight=4603 386 411 50 174 64 208 1155 484 1421 52 531 208 338 715
leaf_count=4603 386 411 50 174 64 208 1155 484 1421 52 531 208 338 715
internal_value=0.000479661 0.177862 0.227201 0.264841 -0.123931 0.0361207 0.243669 0.121798 -0.0595152 -0.073066 -0.00722173 -0.0608459 0.253312 0.197566
internal_weight=10800 4452 3302 2432 6348 1150 2258 870 1745 1681 942 1629 2208 1053
internal_count=10800 4452 3302 2432 6348 1150 2258 870 1745 1681 942 1629 2208 1053
is_linear=0
shrinkage=0.05


Tree=68
num_leaves=15
num_cat=0
split_feature=0 48 65 22 9 53 35 0 9 22 36 24 16 51
split_gain=86363.3 8215.56 7210.99 4770.5 4303.75 6155.99 4810.49 3617.45 3568.64 3334.21 3484.23 3280.93 3097.87 3022.29
threshold=130.14004500000001 16.875000000000004 24.000000000000004 144.81875300520838 279.94015300000007 -0.95642797789208678 20.219270833333336 302.79461750000002 146.08976850000002 27.444602249999999 22.889062500000005 238.41033300000004 246.33230850000004 2.5000000000000004
decision_type=2 2 2 2 2 2 2 2 2 2 2 2 2 2
left_child=2 4 -1 8 6 -6 12 11 9 10 -4 -8 -2 -5
right_child=1 -3 3 13 5 -7 7 -9 -10 -11 -12 -13 -14 -15
leaf_value=-0.14112928595407426 0.04995659604951104 0.054418522214175091 0.0083494372458921533 0.06192125974036753 -0.52724032528789311 0.13697045716321751 0.67126850637421009 0.73970740025951753 -0.38596511837336922 -0.054973397319847267 0.57878133523776087 0.25973416035417296 0.3648792595951818 0.5123834624886513
leaf_weight=4680 421 887 71 99 40 233 49 41 76 1867 42 2140 95 59
leaf_count=4680 421 887 71 99 40 233 49 41 76 1867 42 2140 95 59
internal_value=0.000460886 0.188275 -0.105963 -0.0315963 0.227572 0.0380811 0.24639 0.278226 -0.051979 -0.038971 0.223586 0.269249 0.10853 0.232296
internal_weight=10800 3906 6894 2214 3019 273 2746 2230 2056 1980 113 2189 516 158
internal_count=10800 3906 6894 2214 3019 273 2746 2230 2056 1980 113 2189 516 158
is_linear=0
shrinkage=0.05


Tree=69
num_leaves=15
num_cat=0
split_feature=0 65 48 33 18 26 48 26 17 25 0 43 26 41
split_gain=78231.2 10831.3 5824.38 5153.52 4878.62 4222.9 5008.86 5174.47 3488.57 3196.15 2949.65 2633.73 2522.09 2498.77
threshold=180.45327350000005 87.394937500000012 11.875000000000002 20.971875000000004 106.57567679166668 30.012500000000003 10.875000000000002 25.012500000000003 19.000867638863912 81.838085584128692 260.07892350000003 82.375000000000014 20.987500000000004 46.125000000000007
decision_type=2 2 2 2 2 2 2 2 2 2 2 2 2 2
left_child=1 -1 3 8 -4 6 10 12 11 -5 -2 -3 -8 -6
right_child=5 2 4 9 13 -7 7 -9 -10 -11 -12 -13 -14 -15
leaf_value=-0.12113572306561962 0.23498058300572594 -0.4414498654896753 -0.48598210956111104 0.65643875335538115 0.23041362919104405 0.42274565231950528 -0.16365639569038259 0.21517887740797256 0.11315911006826014 0.19707045635293652 0.44321900903211014 -0.041855318474256442 0.089349434053469748 -0.068057283455701334
leaf_weight=5793 672 56 65 42 77 207 111 1236 308 338 230 150 820 695
leaf_count=5793 672 56 65 42 77 207 111 1236 308 338 230 150 820 695
internal_value=0.000448623 -0.0883473 0.0213895 0.110075 -0.0733537 0.204351 0.189488 0.148156 0.00676382 0.249432 0.288511 -0.152091 0.0590412 -0.038028
internal_weight=10800 7524 1731 894 837 3276 3069 2167 514 380 902 206 931 772
internal_count=10800 7524 1731 894 837 3276 3069 2167 514 380 902 206 931 772
is_linear=0
shrinkage=0.05


Tree=70
num_leaves=15
num_cat=0
split_feature=0 0 48 4 16 65 9 21 2 52 51 61 49 35
split_gain=70993.8 9786.77 6350.31 5252.12 5605.08 3356.29 4806.55 3414.99 2901.23 2791.47 2639.67 2430.76 3943.67 2690.28
threshold=103.132017 198.92361450000001 11.875000000000002 69.10047950000002 249.26160750000003 259.06076850000005 279.94015300000007 25.015453495174743 289.58042400000005 0.99892946161930185 3.5000000000000004 -0.32143946530316164 4.5000000000000009 17.664583333333336
decision_type=2 2 2 2 2 2 2 2 2 2 2 2 2 2
left_child=9 2 -2 -3 -5 6 10 -7 -9 11 -6 12 13 -1
right_child=1 3 -4 4 5 7 -8 8 -10 -11 -12 -13 -14 -15
leaf_value=-0.28153401070407463 0.19569359434878125 0.56881300911460952 -0.015567242389302446 0.032431584871755258 0.15860423464014095 0.12646683263334821 -0.22486416505028806 0.32140698727320222 0.75230112019039341 0.13711092361951607 0.33631055950134431 -0.12871061128130776 -0.10471350076051185 0.14583564986234274
leaf_weight=41 526 96 1094 451 1015 234 71 726 41 113 264 4907 920 301
leaf_count=41 526 96 1094 451 1015 234 71 726 41 113 264 4907 920 301
internal_value=0.000432119 0.151576 0.0531057 0.206584 0.193975 0.224938 0.17326 0.29439 0.34539 -0.108277 0.195519 -0.112793 -0.0508497 0.0939298
internal_weight=10800 4518 1620 2898 2802 2351 1350 1001 767 6282 1279 6169 1262 342
internal_count=10800 4518 1620 2898 2802 2351 1350 1001 767 6282 1279 6169 1262 342
is_linear=0
shrinkage=0.05


Tree=71
num_leaves=15
num_cat=0
split_feature=0 48 20 48 5 9 26 46 35 52 51 0 8 5
split_gain=64157.6 9508.62 4317.54 5540.54 3294.28 4725.35 3217.29 3130.11 2979.44 2560.24 2436.34 2334.98 2278.12 2135.18
threshold=100.00974350000001 16.875000000000004 269.61846750000007 10.875000000000002 221.97936600000003 282.33339050000006 26.937500000000004 90.546875000000014 17.664583333333336 0.99892946161930185 2.5000000000000004 302.79461750000002 191.78700500000002 178.14263300000002
decision_type=2 2 2 2 2 2 2 2 2 2 2 2 2 2
left_child=9 2 3 7 5 -5 10 8 -2 -1 -3 13 -6 -4
right_child=1 6 11 4 12 -7 -8 -9 -10 -11 -12 -13 -14 -15
leaf_value=-0.10904989095749436 -0.21307518053345564 -0.10082214888599184 0.52287447060857495 0.029064519983284805 0.30261787381443028 -0.5091006193648685 0.20159083043467968 0.58773229822777873 0.22242078697626641 0.13031551503952135 0.054452845603130608 0.63455070673033254 0.090322761982229452 0.23437377941794435
leaf_weight=6081 40 449 69 558 182 43 208 56 1078 113 575 42 413 893
leaf_count=6081 40 449 69 558 182 43 208 56 1078 113 575 42 413 893
internal_value=0.000419865 0.141724 0.185124 0.148197 0.0723637 -0.0102215 0.0228121 0.225325 0.206663 -0.104663 -0.0136635 0.272057 0.155659 0.255588
internal_weight=10800 4606 3374 2370 1196 601 1232 1174 1118 6194 1024 1004 595 962
internal_count=10800 4606 3374 2370 1196 601 1232 1174 1118 6194 1024 1004 595 962
is_linear=0
shrinkage=0.05


Tree=72
num_leaves=15
num_cat=0
split_feature=12 52 65 0 9 11 9 65 9 48 16 48 48 35
split_gain=58259.4 7684.46 4711.91 4368.71 3626.78 3534.2 3753.78 3919.42 4459.11 2741.06 4742.76 2830.04 3050.97 2621.38
threshold=140.69577750000002 -0.8814490726585632 24.000000000000004 203.60231050000002 146.08976850000002 287.15068750000006 260.54473700000011 258.63541800000007 279.94015300000007 11.875000000000002 74.836544500000016 6.1250000000000009 6.3750000000000009 20.147395833333338
decision_type=2 2 2 2 2 2 2 2 2 2 2 2 2 2
left_child=2 3 -1 -2 9 6 13 8 -8 10 11 -4 -13 -3
right_child=1 5 4 -5 -6 -7 7 -9 -10 -11 -12 12 -14 -15
leaf_value=-0.11667319563209502 -0.045926149877042126 0.10849168197795128 0.22729633557723791 0.1500318275171271 -0.42026687803139029 0.57297422364354134 0.043478470857502248 0.17176006065057636 -0.48824768859021211 -0.079984213884524785 0.15904632516908193 -0.36932851083394963 -0.040929111426796866 0.2651238850676057
leaf_weight=4679 630 335 81 517 56 60 244 811 46 923 463 81 517 1357
leaf_count=4679 630 335 81 517 56 60 244 811 46 923 463 81 517 1357
internal_value=0.00040849 0.1518 -0.0886548 0.0424539 -0.0268195 0.195731 0.187425 0.115403 -0.0422523 -0.0159515 0.0358264 -0.0483058 -0.0859536 0.234195
internal_weight=10800 4000 6800 1147 2121 2853 2793 1101 290 2065 1142 679 598 1692
internal_count=10800 4000 6800 1147 2121 2853 2793 1101 290 2065 1142 679 598 1692
is_linear=0
shrinkage=0.05


Tree=73
num_leaves=15
num_cat=0
split_feature=12 48 26 9 16 65 65 21 65 9 22 40 22 32
split_gain=52706.1 7490.54 3397 3852.86 3668.22 3414.29 3303.16 5823.31 3251.52 3276.36 2631.04 2571.07 2284.06 2975.6
threshold=129.60656000000003 16.875000000000004 18.112500000000004 270.16084450000011 291.91166700000002 263.38003000000009 233.25313400000002 22.634540718149587 24.000000000000004 146.08976850000002 38.005665614583343 49.875000000000007 27.444602249999999 20.212500000000002
decision_type=2 2 2 2 2 2 2 2 2 2 2 2 2 2
left_child=8 2 -2 4 10 6 -5 -8 -1 12 -4 -3 13 -10
right_child=1 11 3 5 -6 -7 7 -9 9 -11 -12 -13 -14 -15
leaf_value=-0.11069451606091907 -0.19154591557920958 0.17579891127950334 0.47343594188039956 0.097942637607677671 0.53471837200393735 0.16227060153663853 0.027450378470574369 -0.71702473393895416 -0.019049280183389784 -0.45986636467278008 0.19358538114052415 -0.0098525557598378305 -0.036882504936437938 0.51652290927225042
leaf_weight=4656 60 234 87 133 87 473 65 43 63 43 2138 903 1772 43
leaf_count=4656 60 234 87 133 87 473 65 43 63 43 2138 903 1772 43
internal_value=0.0003887 0.138215 0.178625 0.186026 0.217379 0.0843402 -0.068649 -0.27282 -0.0881154 -0.0333605 0.204736 0.0284763 -0.0233554 0.201008
internal_weight=10800 4223 3086 3026 2312 714 241 108 6577 1921 2225 1137 1878 106
internal_count=10800 4223 3086 3026 2312 714 241 108 6577 1921 2225 1137 1878 106
is_linear=0
shrinkage=0.05


Tree=74
num_leaves=15
num_cat=0
split_feature=0 0 48 4 16 9 11 65 51 9 65 65 18 35
split_gain=47723.8 7411.3 5039.5 4426.48 4691.43 2667.03 2900.16 2374.85 2986.43 2198.13 2143.38 2051.39 4101.08 2589.8
threshold=98.602626500000014 198.92361450000001 11.875000000000002 69.10047950000002 249.26160750000003 272.25950450000005 284.67372100000006 221.97237050000004 2.5000000000000004 139.175487 264.87820500000004 99.208772000000025 71.962835791666677 17.664583333333336
decision_type=2 2 2 2 2 2 2 2 2 2 2 2 2 2
left_child=9 2 -2 -3 -5 6 7 -6 -9 11 -7 -1 13 -13
right_child=1 3 -4 4 5 10 -8 8 -10 -11 -12 12 -14 -15
leaf_value=-0.096956989035271168 0.16375518076595785 0.50274486983214151 -0.018051511647415284 0.010990565440378491 0.12308287168860424 -0.052416492004336401 0.51425706948607397 0.16386288956698516 0.32622562114254455 -0.43188666794151864 0.16157282557972569 -0.29715874988053526 -0.3065336254940314 0.11744692300588055
leaf_weight=5612 559 96 1193 451 625 181 77 574 566 46 328 41 84 367
leaf_count=5612 559 96 1193 451 625 181 77 574 566 46 328 41 84 367
internal_value=0.000372211 0.121233 0.0400168 0.170302 0.158737 0.187062 0.215059 0.201722 0.24469 -0.0910151 0.0855248 -0.0883759 0.00950191 0.0751584
internal_weight=10800 4650 1752 2898 2802 2351 1842 1765 1140 6150 509 6104 492 408
internal_count=10800 4650 1752 2898 2802 2351 1842 1765 1140 6150 509 6104 492 408
is_linear=0
shrinkage=0.05


Tree=75
num_leaves=15
num_cat=0
split_feature=12 48 26 9 16 65 65 9 65 21 8 46 51 22
split_gain=43188.2 6089.15 2989.69 3259.89 3093.52 2876.12 2710.01 2886.78 2597.93 6195.47 2373.51 2312.4 2113.24 2033.81
threshold=129.60656000000003 16.875000000000004 18.112500000000004 270.16084450000011 291.91166700000002 266.11977550000006 24.000000000000004 146.08976850000002 229.58777250000003 22.918790010670381 24.000000000000004 49.260416666666679 2.5000000000000004 27.444602249999999
decision_type=2 2 2 2 2 2 2 2 2 2 2 2 2 2
left_child=6 2 -2 4 10 8 -1 13 -5 -10 -4 -3 -13 -8
right_child=1 11 3 5 -6 -7 7 -9 9 -11 -12 12 -14 -15
leaf_value=-0.10037096737919382 -0.18566800837145478 0.2408384250542891 0.37897224305760147 0.11268272075491648 0.48874382803385913 0.15033648064241825 0.19133398080262068 -0.43011474047194831 0.039213277018912467 -0.65774326324462895 0.17178288574735667 -0.073165189216982715 0.070487126059956717 -0.033145004244877402
leaf_weight=4656 60 112 148 119 87 456 106 43 91 48 2077 485 540 1772
leaf_count=4656 60 112 148 119 87 456 106 43 91 48 2077 485 540 1772
internal_value=0.00035768 0.125121 0.161555 0.168499 0.197337 0.0749705 -0.0797577 -0.0297702 -0.0583007 -0.204441 0.185729 0.0261775 0.00250999 -0.0203796
internal_weight=10800 4223 3086 3026 2312 714 6577 1921 258 139 2225 1137 1025 1878
internal_count=10800 4223 3086 3026 2312 714 6577 1921 258 139 2225 1137 1025 1878
is_linear=0
shrinkage=0.05


Tree=76
num_leaves=15
num_cat=0
split_feature=0 0 48 4 16 29 26 51 26 5 54 9 9 52
split_gain=39183.3 6108.15 4349.12 3909.52 4181.19 2587.32 2389.49 2148.68 2008.37 2209.19 2310.66 1987.94 1927.11 1837.13
threshold=98.602626500000014 198.92361450000001 11.875000000000002 69.10047950000002 249.26160750000003 19.512500000000003 30.012500000000003 2.5000000000000004 28.137500000000003 179.02486950000002 0.87837969732492682 94.828613500000003 139.175487 0.99892946161930185
decision_type=2 2 2 2 2 2 2 2 2 2 2 2 2 2
left_child=12 2 11 -3 -5 -6 7 8 9 -7 -11 -2 13 -1
right_child=1 3 -4 4 5 6 -8 -9 -10 10 -12 -13 -14 -15
leaf_value=-0.083767817387764898 0.36380408673051179 0.4668030048768545 -0.017819257812274985 0.0040698606534284101 0.4702995763293335 0.17780487615662288 0.32285101135583738 0.19440593012833751 0.21295486430875787 0.039383361789192113 -0.24829226928168394 0.10902373955092592 -0.40161759777272005 0.11899233864979786
leaf_weight=5991 91 96 1193 451 69 236 207 1062 257 438 82 468 46 113
leaf_count=5991 91 96 1193 451 69 236 207 1062 257 438 82 468 46 113
internal_value=0.000341483 0.109855 0.0361243 0.154402 0.143536 0.170277 0.161003 0.144709 0.0924686 0.0512824 -0.00637037 0.151075 -0.0824659 -0.0799954
internal_weight=10800 4650 1752 2898 2802 2351 2282 2075 1013 756 520 559 6150 6104
internal_count=10800 4650 1752 2898 2802 2351 2282 2075 1013 756 520 559 6150 6104
is_linear=0
shrinkage=0.05


Tree=77
num_leaves=15
num_cat=0
split_feature=12 52 4 65 9 11 9 0 0 53 9 3 12 48
split_gain=35441.1 5034.31 3268.04 3003.62 2590.43 2575.38 3018.3 3554.35 3553.32 3076.62 2941.21 3139.1 2483.41 2026.02
threshold=140.69577750000002 -0.8814490726585632 267.1966680000001 24.000000000000004 146.08976850000002 290.64673500000009 232.32850950000002 262.99180150000007 204.79491400000003 -0.9733555533461492 173.42658550000002 135.17292250000006 260.96122350000007 11.875000000000002
decision_type=2 2 2 2 2 2 2 2 2 2 2 2 2 2
left_child=3 2 -2 -1 13 6 8 -8 10 -9 11 -3 -10 -5
right_child=1 5 -4 4 -6 -7 7 9 12 -11 -12 -13 -14 -15
leaf_value=-0.091503036774885971 -0.037406556385150051 0.57811099690784296 0.1355652170834992 0.033932283341033959 -0.35227828337239075 0.51393830192332368 0.049790781293681953 -0.038629664582285013 0.55763822945633101 0.22301780768822171 0.07004457349209367 0.17281218341145763 0.24553605316517257 -0.065632908037577417
leaf_weight=4679 701 69 446 1142 56 48 1038 131 111 777 369 155 155 923
leaf_count=4679 701 69 446 1142 56 48 1038 131 111 777 369 155 155 923
internal_value=0.000332411 0.118412 0.0299114 -0.0691331 -0.0197644 0.153969 0.147628 0.113067 0.2257 0.185268 0.157143 0.299673 0.377375 -0.0105809
internal_weight=10800 4000 1147 6800 2121 2853 2805 1946 859 908 593 224 266 2065
internal_count=10800 4000 1147 6800 2121 2853 2805 1946 859 908 593 224 266 2065
is_linear=0
shrinkage=0.05


Tree=78
num_leaves=15
num_cat=0
split_feature=0 0 9 26 12 48 9 0 65 25 51 33 9 65
split_gain=32242.4 4969.94 3751.97 3547.59 3430.95 3005.16 2308.19 2826.44 2520.77 2784.8 1954.55 1691.05 1682.69 1628.73
threshold=98.602626500000014 198.92361450000001 77.844594000000015 20.087500000000002 232.39856250000003 11.875000000000002 272.25950450000005 264.87820500000004 262.33844350000004 99.971251996581813 1.5000000000000002 21.909375000000004 139.175487 260.93065350000006
decision_type=2 2 2 2 2 2 2 2 2 2 2 2 2 2
left_child=12 2 -2 -3 11 -4 7 -6 9 -8 -9 -5 -1 -12
right_child=1 3 5 4 6 -7 8 10 -10 -11 13 -13 -14 -15
leaf_value=-0.072482855926793349 0.46913262431820235 -0.10694032092344204 0.11825868947110391 0.62916474785746601 0.11736198734420607 -0.024329948175129821 -0.44859829518986355 0.083295468873525624 0.12170630781947411 0.0027491760246649193 0.2296910441588631 0.27143142773598739 -0.37300558286778474 0.42238731252167511
leaf_weight=6104 47 138 540 40 1273 1165 43 148 386 153 361 195 46 161
leaf_count=6104 47 138 540 40 1273 1165 43 148 386 153 361 195 46 161
internal_value=0.000325025 0.0996667 0.0331589 0.139849 0.152223 0.0208729 0.135111 0.161268 0.0476593 -0.0980454 0.24439 0.33473 -0.0747909 0.289818
internal_weight=10800 4650 1752 2898 2760 1705 2525 1943 582 196 670 235 6150 522
internal_count=10800 4650 1752 2898 2760 1705 2525 1943 582 196 670 235 6150 522
is_linear=0
shrinkage=0.05


Tree=79
num_leaves=15
num_cat=0
split_feature=12 48 26 65 26 51 34 5 25 12 65 9 49 33
split_gain=29190.6 4357.28 6062.35 4118.1 3145.47 2929.79 3427.89 2622.93 2724.16 2025.14 1976.01 2270.39 1936.7 1887.62
threshold=129.60656000000003 10.875000000000002 26.262500000000003 231.31079250000002 23.412500000000005 2.5000000000000004 20.434375000000006 216.36840450000003 107.51092097108513 144.73887100000005 24.000000000000004 146.08976850000002 3.5000000000000004 17.003125000000004
decision_type=2 2 2 2 2 2 2 2 2 2 2 2 2 2
left_child=10 3 5 9 12 -3 -7 8 -4 -2 -1 13 -5 -12
right_child=1 2 7 4 -6 6 -8 -9 -10 -11 11 -13 -14 -15
leaf_value=-0.083151137083928836 0.28362059160493891 -0.061362414883527283 0.086000504656646493 0.13811236459874857 0.28625721043262348 -0.14535877003857614 0.10393371539340626 0.19497333742371867 -0.34954639427000433 0.75588090216571635 -0.29787717208004832 -0.37790390563155102 -0.080261620323313035 -0.0056739278202564821
leaf_weight=4656 51 749 288 510 324 161 929 1002 40 43 56 43 126 1822
leaf_count=4656 51 749 288 510 324 161 929 1002 40 43 56 43 126 1822
internal_value=0.000315439 0.102886 0.073555 0.190922 0.159642 0.014722 0.0670121 0.154832 0.031984 0.505337 -0.0655496 -0.022867 0.0947915 -0.014541
internal_weight=10800 4223 3169 1054 960 1839 1090 1330 328 94 6577 1921 636 1878
internal_count=10800 4223 3169 1054 960 1839 1090 1330 328 94 6577 1921 636 1878
is_linear=0
shrinkage=0.05


Tree=80
num_leaves=15
num_cat=0
split_feature=0 65 22 26 43 22 35 13 48 65 48 48 65 26
split_gain=26484.7 3987.89 3016.08 2628.43 2350.6 2325.24 3939.05 2323.24 2749.16 2707.08 2149.42 4185.67 3764.95 2568.05
threshold=180.45327350000005 24.000000000000004 144.81875300520838 18.912500000000005 84.125000000000014 28.658252109375002 21.276562500000004 1.3020716109354509 11.875000000000002 150.1494825 10.875000000000002 11.875000000000002 221.97237050000004 26.762500000000003
decision_type=2 2 2 2 2 2 2 2 2 2 2 2 2 2
left_child=1 -1 5 -2 -4 6 -3 9 -9 -7 -5 12 -12 -13
right_child=3 2 4 10 -6 7 -8 8 -10 -11 11 13 -14 -15
leaf_value=-0.079607196163313937 -0.23072368334627377 0.0072973981641587769 0.07838769164500814 0.19155568537516543 0.45679153698411856 -0.068763237057294632 0.57631809817150581 0.10603395501386846 -0.041002215837345347 -0.46087632989308436 1.0422367950995191e-05 0.073271623095896327 -0.49788248370909555 0.18608544892250767
leaf_weight=4696 52 104 164 875 54 1046 42 498 875 45 277 1079 43 950
leaf_count=4696 52 104 164 875 54 1046 42 498 875 45 277 1079 43 950
internal_value=0.00030174 -0.0513637 -0.00445281 0.118941 0.173779 -0.0194004 0.173795 -0.0309138 0.0123675 -0.0853438 0.124651 0.0996582 -0.0682365 0.126158
internal_weight=10800 7524 2828 3276 218 2610 146 2464 1373 1091 3224 2349 320 2029
internal_count=10800 7524 2828 3276 218 2610 146 2464 1373 1091 3224 2349 320 2029
is_linear=0
shrinkage=0.05


Tree=81
num_leaves=15
num_cat=0
split_feature=0 0 45 9 0 15 9 60 17 7 5 45 36 9
split_gain=24037.3 3846.82 4144.37 3318.5 3713.56 3072.03 2474.69 2020.38 1956.02 2201.4 1923.6 1880.36 1719.79 1629.29
threshold=98.602626500000014 204.79491400000003 90.885416666666671 232.32850950000002 262.99180150000007 206.75052800000003 292.35207400000007 -0.72947329433276231 6.6703789095446808 241.99742600000002 178.14263300000002 69.885416666666671 26.213020833333339 214.41369250000002
decision_type=2 2 2 2 2 2 2 2 2 2 2 2 2 2
left_child=-1 2 7 5 -5 -3 10 13 -9 12 -6 -12 -10 -2
right_child=1 3 -4 4 6 -7 -8 8 9 -11 11 -13 -14 -15
leaf_value=-0.064569596773321747 -0.013313950306801417 0.46305227418657113 0.5285579099887755 0.037301954219236426 0.34404137617199676 0.17046551661258763 -0.14987708390769314 -0.25656409085444781 0.085252161262359849 -0.11483438656185613 0.17849672034731612 -0.069952156228177687 0.35805600898400436 -0.2250016337506614
leaf_weight=6150 639 118 40 1190 158 375 58 45 878 131 768 84 61 105
leaf_count=6150 639 118 40 1190 158 375 58 45 878 131 768 84 61 105
internal_value=0.000288027 0.0860629 0.0313031 0.123838 0.0980985 0.241292 0.165742 0.0203252 0.0628818 0.0765434 0.183997 0.153948 0.103336 -0.0434511
internal_weight=10800 4650 1899 2751 2258 493 1068 1859 1115 1070 1010 852 939 744
internal_count=10800 4650 1899 2751 2258 493 1068 1859 1115 1070 1010 852 939 744
is_linear=0
shrinkage=0.05


Tree=82
num_leaves=15
num_cat=0
split_feature=0 65 22 31 51 26 22 5 34 22 18 43 49 35
split_gain=21743.9 2699.83 2925.01 2551.14 2439.58 5058.16 2817.28 2209.43 2186.84 2804.91 2126.93 1984.69 1831.15 2518.83
threshold=149.18104250000002 24.000000000000004 144.81875300520838 16.862500000000004 2.5000000000000004 28.362500000000004 147.13377104166668 178.14263300000002 17.001041666666669 24.201563489583339 152.80239556250004 84.125000000000014 3.5000000000000004 21.096354166666671
decision_type=2 2 2 2 2 2 2 2 2 2 2 2 2 2
left_child=1 -1 8 -2 5 7 12 -5 -3 -10 -8 -4 -6 -14
right_child=3 2 11 4 6 -7 10 -9 9 -11 -12 -13 13 -15
leaf_value=-0.072329799824885826 -0.17057781517943915 -0.35047055853903297 0.084571716444832939 0.10104756058629594 0.15524724910424181 0.2101121055772123 0.66858691754864497 -0.036901651913390059 0.3075613249322543 -0.025729624724169117 0.23303000293866113 0.45552393289244908 -0.13574688437617791 0.13907504280900013
leaf_weight=4696 84 49 139 452 1356 436 40 807 64 2192 95 48 141 201
leaf_count=4696 84 49 139 452 1356 436 40 807 64 2192 95 48 141 201
internal_value=0.00027951 -0.0500111 -0.00794079 0.100346 0.106843 0.0635478 0.146821 0.0126651 -0.0233986 -0.0161425 0.366051 0.181706 0.129186 0.0257058
internal_weight=10800 7188 2492 3612 3528 1695 1833 1259 2305 2256 135 187 1698 342
internal_count=10800 7188 2492 3612 3528 1695 1833 1259 2305 2256 135 187 1698 342
is_linear=0
shrinkage=0.05


Tree=83
num_leaves=15
num_cat=0
split_feature=0 48 45 34 17 15 44 21 8 51 32 33 52 13
split_gain=19752.1 3270.8 2832.35 2650.55 2233.72 2866.46 2334.02 2241.46 1840.53 1694.35 1500.53 1539.28 1496.42 1457.99
threshold=98.602626500000014 16.875000000000004 91.947916666666671 17.311458333333334 9.9793352146722292 217.18543900000003 68.781250000000014 24.84785933447807 238.50712750000002 2.5000000000000004 26.062500000000004 20.940625000000004 0.99892946161930185 22.073963686381276
decision_type=2 2 2 2 2 2 2 2 2 2 2 2 2 2
left_child=12 2 3 -2 7 9 -7 -5 13 -6 11 -11 -1 -3
right_child=1 8 -4 4 5 6 -8 -9 -10 10 -12 -13 -14 -15
leaf_value=-0.061900518743163047 -0.30164823692019394 0.034941003346884207 0.49354939998491948 0.083817012641212038 0.063566840503594416 0.35512083556207985 -0.061525893938250656 -0.12851980355366197 0.3388292721131953 0.069523444452111532 0.051179596113989936 0.21394936970064113 0.12103778291166874 -0.082917869214171408
leaf_weight=6037 40 842 45 362 1228 201 40 188 40 250 317 717 113 380
leaf_count=6037 40 842 45 362 1228 201 40 188 40 250 317 717 113 380
internal_value=0.000272771 0.0780269 0.103614 0.098219 0.103151 0.121524 0.285999 0.0111349 0.00930765 0.105637 0.145791 0.176721 -0.0585201 -0.00174689
internal_weight=10800 4650 3388 3343 3303 2753 241 550 1262 2512 1284 967 6150 1222
internal_count=10800 4650 3388 3343 3303 2753 241 550 1262 2512 1284 967 6150 1222
is_linear=0
shrinkage=0.05


Tree=84
num_leaves=15
num_cat=0
split_feature=12 48 26 51 65 34 26 0 37 42 31 49 9 65
split_gain=17897 3045.5 4222.94 4590.18 3647.51 3373.18 2626.72 1806.61 1689.35 2620.23 2422.74 1640.93 1575.44 1968.78
threshold=129.60656000000003 10.875000000000002 28.362500000000004 2.5000000000000004 231.31079250000002 20.556250000000002 23.612500000000004 135.40775700000003 55.625000000000007 74.875000000000014 21.162500000000005 3.5000000000000004 146.08976850000002 137.69593700000004
decision_type=2 2 2 2 2 2 2 2 2 2 2 2 2 2
left_child=12 4 3 -3 7 -5 11 -2 -4 -10 -11 -6 13 -1
right_child=1 2 8 5 6 -7 -8 -9 9 10 -12 -13 -14 -15
leaf_value=-0.05544971902615508 0.24979322265695642 -0.054652439168911306 0.11278415183809683 -0.12511336777445883 0.10901507973443114 0.11070701282192563 0.24994483325851299 0.69662328518572314 0.51225340471992009 -0.1309353542327881 0.30660367605715311 -0.086687402791559093 -0.3462312479482757 0.072516175702507499
leaf_weight=6218 53 1033 463 171 536 1289 291 41 78 49 86 133 44 315
leaf_count=6218 53 1033 463 171 536 1289 291 41 78 49 86 133 44 315
internal_value=0.000264636 0.0805789 0.0560598 0.0259751 0.154176 0.0830202 0.124775 0.449969 0.166806 0.283158 0.147998 0.0700373 -0.0513085 -0.0492695
internal_weight=10800 4223 3169 2493 1054 1460 960 94 676 213 135 669 6577 6533
internal_count=10800 4223 3169 2493 1054 1460 960 94 676 213 135 669 6577 6533
is_linear=0
shrinkage=0.05


Tree=85
num_leaves=15
num_cat=0
split_feature=0 65 22 26 9 47 36 65 9 5 33 22 13 65
split_gain=16319.6 2590.72 2212.64 1991.48 1908.33 1950.75 1873.05 2232.06 1838.47 3097.97 1747.76 1726.05 1806.61 2806.31
threshold=180.45327350000005 24.000000000000004 144.81875300520838 18.912500000000005 102.93903650000001 67.998697916666671 25.847656250000004 28.000000000000004 283.32550850000001 209.22877650000001 17.003125000000004 24.201563489583339 1.3507304316855901 150.1494825
decision_type=2 2 2 2 2 2 2 2 2 2 2 2 2 2
left_child=1 -1 6 -2 5 -4 10 -8 -5 -10 -3 -12 13 -13
right_child=3 2 4 8 -6 -7 7 -9 9 -11 11 12 -14 -15
leaf_value=-0.063061784295222842 -0.21091077994063215 -0.26117512252926828 0.052910282310525275 0.10832575865904029 -0.075985132123936316 0.4107546683625285 -0.016885216920994796 0.47501113627638136 -0.34505137435359057 0.077206816506766363 0.26888694502413274 -0.054412497853398828 0.015657842325081633 -0.45825848476961256
leaf_weight=4696 52 74 71 3014 65 82 51 41 60 150 51 992 1357 44
leaf_count=4696 52 74 71 3014 65 82 51 41 60 150 51 992 1357 44
internal_value=0.000258909 -0.0402973 -0.00248721 0.0933885 0.15017 0.246118 -0.0152905 0.20508 0.0983604 -0.0445019 -0.0234204 -0.0161177 -0.0223015 -0.0719896
internal_weight=10800 7524 2828 3276 218 153 2610 92 3224 210 2518 2444 2393 1036
internal_count=10800 7524 2828 3276 218 153 2610 92 3224 210 2518 2444 2393 1036
is_linear=0
shrinkage=0.05


Tree=86
num_leaves=15
num_cat=0
split_feature=0 65 22 46 26 9 0 65 65 21 22 38 65 51
split_gain=14748.5 2443.14 1933.11 1826.48 1816.25 1825.61 2054.35 1817.88 2901.85 5077.76 1787.38 3457.11 1770.88 2018.43
threshold=186.28586400000003 24.000000000000004 144.81875300520838 77.317708333333357 18.912500000000005 270.16084450000011 291.57821000000007 262.33844350000004 229.58777250000003 22.918790010670381 28.658252109375002 83.125000000000014 213.77518400000002 2.5000000000000004
decision_type=2 2 2 2 2 2 2 2 2 2 2 2 2 2
left_child=1 -1 10 -4 -2 6 12 8 -7 -10 11 -3 -6 -14
right_child=4 2 3 -5 5 7 -8 -9 9 -11 -12 -13 13 -15
leaf_value=-0.059909369464593291 -0.20584995244063584 0.42138158958127248 0.037483468502004812 0.34101051403085392 0.041830358359581293 0.084449795186519627 0.37926492054636279 0.080721805222177256 -0.023434639690585991 -0.71415709046328946 -0.023130239523409306 -0.063436758562513615 0.077024307441897699 0.18816583861655023
leaf_weight=4696 50 66 147 74 712 119 71 479 76 40 2544 81 769 876
leaf_count=4696 50 66 147 74 712 119 71 479 76 40 2544 81 769 876
internal_value=0.000245606 -0.0376011 -0.0016177 0.140195 0.0904352 0.0952141 0.115876 0.0248889 -0.0887751 -0.265683 -0.0133119 0.155613 0.107784 0.136288
internal_weight=10800 7608 2912 221 3192 3142 2428 714 235 116 2691 147 2357 1645
internal_count=10800 7608 2912 221 3192 3142 2428 714 235 116 2691 147 2357 1645
is_linear=0
shrinkage=0.05


Tree=87
num_leaves=15
num_cat=0
split_feature=0 45 0 9 0 14 17 9 53 17 9 9 52 34
split_gain=13383.7 2834.7 2912.87 2684.32 2869.71 2471.6 2224.33 1712.12 1655.89 1540.04 1450.18 1366.63 1216.34 1308.21
threshold=98.602626500000014 91.947916666666671 204.79491400000003 232.32850950000002 262.99180150000007 245.07228858333335 1.5755710845560853 217.24452850000003 -0.9733555533461492 5.8667256286578766 131.90194550000004 77.844594000000015 0.99892946161930185 19.998958333333338
decision_type=2 2 2 2 2 2 2 2 2 2 2 2 2 2
left_child=10 2 7 5 -5 -4 -6 9 -8 -2 12 -11 -1 -14
right_child=1 -3 3 4 6 -7 8 -9 -10 11 -12 -13 13 -15
leaf_value=-0.048593831772257214 -0.26702863482589073 0.4548983469605446 0.41180285311121251 0.016109937387163421 -0.2237155993577353 0.13943392499001067 -0.022710048811126302 -0.16510835905948024 0.16807014945474924 0.31430239223298573 -0.2713017611311645 0.025451565081353135 -0.0843227418139577 0.25835685445301571
leaf_weight=5966 43 45 106 1179 42 386 130 126 896 41 71 1656 47 66
leaf_count=5966 43 45 106 1179 42 386 130 126 896 41 71 1656 47 66
internal_value=0.000235926 0.0642397 0.0603243 0.0931378 0.0699172 0.198831 0.129246 0.0121349 0.143899 0.0250573 -0.0481598 0.0326113 -0.0455094 0.116337
internal_weight=10800 4650 4605 2739 2247 492 1068 1866 1026 1740 6150 1697 6079 113
internal_count=10800 4650 4605 2739 2247 492 1068 1866 1026 1740 6150 1697 6079 113
is_linear=0
shrinkage=0.05


Tree=88
num_leaves=15
num_cat=0
split_feature=0 65 9 0 9 65 48 0 12 48 48 48 51 22
split_gain=12120.7 1756.89 2905.15 2188.51 3117.95 2009.05 1876.94 1717.01 1676.99 1659.5 3201.52 1643.44 1622.65 2624.12
threshold=165.96690300000003 24.000000000000004 131.90194550000004 82.871596000000025 79.608916500000007 152.62868950000004 11.875000000000002 302.79461750000002 134.61723400000002 6.1250000000000009 6.3750000000000009 6.6250000000000009 2.5000000000000004 147.13377104166668
decision_type=2 2 2 2 2 2 2 2 2 2 2 2 2 2
left_child=1 -1 3 9 -5 -4 8 12 -6 -3 -11 -12 -2 -14
right_child=7 2 5 4 6 -7 -8 -9 -10 10 11 -13 13 -15
leaf_value=-0.054634612725485712 0.03618214251721763 0.19463664692167829 -0.072008591362774918 0.40363764648928363 0.090806826448607381 -0.35477932505906584 -0.012905141236298781 0.39113283219725586 0.38610836290999462 -0.33946172924848594 0.19972292727268326 -0.032717529090053848 0.088641993164732438 0.32352536981470625
leaf_weight=4696 1603 81 327 67 315 77 486 42 56 81 81 1047 1714 127
leaf_count=4696 1603 81 327 67 315 77 486 42 56 81 81 1047 1714 127
internal_value=0.000227395 -0.0363405 -0.00351747 0.0189974 0.0776926 -0.126646 0.0517696 0.0769392 0.136299 -0.0230723 -0.0378071 -0.0158642 0.0729952 0.105012
internal_weight=10800 7314 2618 2214 924 404 857 3486 371 1290 1209 1128 3444 1841
internal_count=10800 7314 2618 2214 924 404 857 3486 371 1290 1209 1128 3444 1841
is_linear=0
shrinkage=0.05


Tree=89
num_leaves=15
num_cat=0
split_feature=0 26 43 48 5 24 9 40 8 65 12 42 15 5
split_gain=11008.6 2252.35 2330.42 2288.75 1899.78 2655.16 1698.77 1669.34 1642.52 1635.53 2185.69 1322.93 1239.99 1539.77
threshold=124.77185700000001 23.962500000000002 68.875000000000014 10.875000000000002 215.25594400000003 300.20324800000009 147.76123150000004 91.125000000000014 159.78292150000001 137.69593700000004 76.527347500000005 87.875000000000014 202.67825250000001 242.89897650000003
decision_type=2 2 2 2 2 2 2 2 2 2 2 2 2 2
left_child=6 2 8 -3 5 -5 9 -4 -2 -1 -11 -9 13 -6
right_child=1 3 7 4 12 -7 -8 11 -10 10 -12 -13 -14 -15
leaf_value=-0.042082401372686269 0.1007310775728093 0.23147732342099836 0.042722700480028554 0.030569005821813346 0.20316705377399924 -0.38024591103542682 -0.32331644538789989 0.46679306543150612 -0.1199071110452215 -0.27297049008491564 0.11618599103711447 0.082804390561899976 0.13574561208465993 -0.022951740346882125
leaf_weight=6395 108 283 1166 460 99 42 51 42 374 40 302 48 1086 304
leaf_count=6395 108 283 1166 460 99 42 51 42 374 40 302 48 1086 304
internal_value=0.000221804 0.0658746 0.0230025 0.0986168 0.0796253 -0.00448959 -0.0385858 0.0588599 -0.0703633 -0.0363827 0.0700075 0.26516 0.107968 0.0329614
internal_weight=10800 4012 1738 2274 1991 502 6788 1256 482 6737 342 90 1489 403
internal_count=10800 4012 1738 2274 1991 502 6788 1256 482 6737 342 90 1489 403
is_linear=0
shrinkage=0.05


Tree=90
num_leaves=15
num_cat=0
split_feature=0 31 24 9 65 9 32 37 6 14 11 51 34 7
split_gain=9976.46 1770.44 1808.29 2136.88 1839.03 3446.19 2105.6 1517.77 2180.3 1492.38 1462.36 1400.23 1884.15 1576.37
threshold=149.18104250000002 16.862500000000004 235.28737700000002 201.20144250000001 261.92029800000006 284.32638350000008 29.737500000000004 75.875000000000014 72.044323500000019 257.39521454166669 287.15068750000006 2.5000000000000004 28.922916666666669 113.38361250000001
decision_type=2 2 2 2 2 2 2 2 2 2 2 2 2 2
left_child=-1 -2 3 -3 5 6 11 10 -9 -8 -6 -4 13 -13
right_child=1 2 4 -5 7 -7 9 8 -10 -11 -12 12 -14 -15
leaf_value=-0.033852967031354868 -0.15763695183264859 0.51457348680496218 -0.010723011352055455 0.063553890955160591 0.129731470685016 -0.32054833516012882 0.017608576430231209 0.089462253705908865 -0.31866230010986329 0.29671409936887877 0.43568072687016762 0.074501180386432109 -0.20711872784192101 0.36238209535181526
leaf_weight=7188 84 49 897 56 932 63 73 119 44 139 40 1011 56 49
leaf_count=7188 84 49 897 56 932 63 73 119 44 139 40 1011 56 49
internal_value=0.000211864 0.0679926 0.0734079 0.276899 0.0670868 0.0412439 0.0516273 0.1191 -0.0219776 0.201141 0.142757 0.0357891 0.07315 0.0881379
internal_weight=10800 3612 3528 105 3423 2288 2225 1135 163 212 972 2013 1116 1060
internal_count=10800 3612 3528 105 3423 2288 2225 1135 163 212 972 2013 1116 1060
is_linear=0
shrinkage=0.05


Tree=91
num_leaves=15
num_cat=0
split_feature=0 45 65 9 21 21 16 19 32 22 22 44 51 26
split_gain=9170.76 2365.53 2121.95 2212.44 1965.74 1815.63 2055.28 1660.77 1604.14 1644.17 1521.62 1395.23 1376.73 1643.56
threshold=98.602626500000014 91.947916666666671 257.87228250000004 279.94015300000007 23.162086312767968 25.015453495174743 261.28771000000006 214.08212300000002 29.887500000000003 143.21142522395834 38.005665614583343 73.718750000000014 2.5000000000000004 28.462500000000002
decision_type=2 2 2 2 2 2 2 2 2 2 2 2 2 2
left_child=-1 2 3 7 -5 11 -7 10 9 -9 -2 -4 13 -12
right_child=1 -3 5 4 -6 6 -8 8 -10 -11 12 -13 -14 -15
leaf_value=-0.039855329947330514 0.23704031942037457 0.41003766076072401 0.033113423230347737 0.00019173876692851386 -0.47353705545751068 0.062326472430507651 0.19670916339911879 0.21964473560044212 0.39293875421086949 -0.16485927826828428 -0.044565065312532827 -0.28064041461159545 0.051349235379389971 0.10073465388818381
leaf_weight=6150 81 45 260 47 40 578 562 72 59 44 1088 40 1498 236
leaf_count=6150 81 45 260 47 40 578 562 72 59 44 1088 40 1498 236
internal_value=0.000205602 0.0531866 0.0496112 0.026702 -0.220521 0.0999102 0.128689 0.0337591 0.182908 0.0736359 0.0247082 -0.0095138 0.0185318 -0.0186092
internal_weight=10800 4650 4605 3165 87 1440 1140 3078 175 116 2903 300 2822 1324
internal_count=10800 4650 4605 3165 87 1440 1140 3078 175 116 2903 300 2822 1324
is_linear=0
shrinkage=0.05


Tree=92
num_leaves=15
num_cat=0
split_feature=0 4 16 29 65 34 22 51 24 36 47 9 0 28
split_gain=8305.95 2264.19 1905.45 1859.14 1826.52 1770.09 1925.89 1895.74 2257.43 1465.69 1375.08 1305.09 1583.82 1259.3
threshold=198.92361450000001 69.10047950000002 247.30673200000004 19.512500000000003 24.000000000000004 16.997916666666672 24.201563489583339 2.5000000000000004 296.45735250000007 26.432291666666668 80.757812500000014 270.73891950000007 291.57821000000007 28.987500000000004
decision_type=2 2 2 2 2 2 2 2 2 2 2 2 2 2
left_child=4 -2 -3 -4 -1 -6 -7 9 10 13 -9 12 -5 -8
right_child=1 2 3 11 5 6 7 8 -10 -11 -12 -13 -14 -15
leaf_value=-0.046215139137180866 0.3101690980769003 -0.041442456433071283 0.30482716937915666 0.082970510895643113 -0.315905184246773 0.27228382864216372 -0.068601913429218328 0.063669913032471034 0.36844950170814994 0.16713063939940187 -0.031011056919757092 0.0069841166827444958 0.31228724531357804 0.09746047627727783
leaf_weight=4696 96 369 88 1684 42 66 1226 997 49 79 622 583 78 125
leaf_count=4696 96 369 88 1684 42 66 1226 997 49 79 622 583 78 125
internal_value=0.000198566 0.0725895 0.064342 0.0803962 -0.0263561 0.00273782 0.00706607 0.00132981 0.0375345 -0.0408973 0.027298 0.0718477 0.0932933 -0.0531764
internal_weight=10800 2898 2802 2433 7902 3206 3164 3098 1668 1430 1619 2345 1762 1351
internal_count=10800 2898 2802 2433 7902 3206 3164 3098 1668 1430 1619 2345 1762 1351
is_linear=0
shrinkage=0.05


Tree=93
num_leaves=15
num_cat=0
split_feature=0 45 65 9 18 21 16 19 32 22 22 44 9 51
split_gain=7542.08 2137.77 1876.97 1968.94 1836.98 1596.7 1829.08 1424.54 1406.73 1481.2 1383.11 1257.02 1237.87 1177.27
threshold=98.602626500000014 91.947916666666671 257.87228250000004 279.94015300000007 243.04352339583338 25.015453495174743 261.28771000000006 214.08212300000002 29.887500000000003 143.21142522395834 38.005665614583343 73.718750000000014 131.90194550000004 2.5000000000000004
decision_type=2 2 2 2 2 2 2 2 2 2 2 2 2 2
left_child=12 2 3 7 -5 11 -7 10 9 -9 -2 -4 -1 -12
right_child=1 -3 5 4 -6 6 -8 8 -10 -11 13 -13 -14 -15
leaf_value=-0.03368729465590533 0.22400976690213856 0.38747278152276643 0.030005570076819921 -0.44362186512281732 0.013103306747001151 0.056539297876284422 0.18330395889284876 0.2044033935165977 0.36476131654654942 -0.16051962047815324 -0.018657938428150649 -0.26780528864119113 -0.24227507650438282 0.046033903687811517
leaf_weight=6079 81 45 260 42 45 578 562 72 59 44 1324 40 71 1498
leaf_count=6079 81 45 260 42 45 578 562 72 59 44 1324 40 71 1498
internal_value=0.000195502 0.0482421 0.0448438 0.0232984 -0.20992 0.0921498 0.119138 0.0299563 0.168089 0.0657954 0.0215743 -0.0104603 -0.0361344 0.0156865
internal_weight=10800 4650 4605 3165 87 1440 1140 3078 175 116 2903 300 6150 2822
internal_count=10800 4650 4605 3165 87 1440 1140 3078 175 116 2903 300 6150 2822
is_linear=0
shrinkage=0.05


Tree=94
num_leaves=15
num_cat=0
split_feature=0 4 26 13 48 65 0 65 65 52 9 22 24 51
split_gain=6876.71 2035.27 1726.99 1592.33 3039.13 1641.18 2437.9 1545.66 3803.96 1499.16 1341.09 1378.65 1345.67 1196.23
threshold=198.92361450000001 69.10047950000002 20.912500000000005 1.7041383089792135 11.875000000000002 229.58777250000003 133.2643285 150.1494825 192.15442600000003 0.99892946161930185 272.25950450000005 67.757860947916683 300.54248650000005 1.5000000000000002
decision_type=2 2 2 2 2 2 2 2 2 2 2 2 2 2
left_child=3 -2 -3 7 5 6 -5 9 -9 -1 13 -12 -13 -4
right_child=1 2 10 4 -6 -7 -8 8 -10 -11 11 12 -14 -15
leaf_value=-0.037723929627223492 0.29129836545085785 -0.08738672792825751 0.018289064296693434 0.11106647862253954 -0.028370536561346072 -0.030859767987591321 0.50905598309778033 -0.59102707069562099 0.0063913663257320064 0.14872200920500539 -0.2784896085175072 0.05274178692045145 -0.18702086899707568 0.10875153987164064
leaf_weight=5514 96 189 477 477 1467 182 41 42 70 109 40 462 66 1568
leaf_count=5514 96 189 477 477 1467 182 41 42 70 109 40 462 66 1568
internal_value=0.000187315 0.0660561 0.0582379 -0.0239749 0.0125345 0.098178 0.143488 -0.0377699 -0.220888 -0.0340839 0.0688004 0.000827724 0.0224746 0.0876703
internal_weight=10800 2898 2802 7902 2167 700 518 5735 112 5623 2613 568 528 2045
internal_count=10800 2898 2802 7902 2167 700 518 5735 112 5623 2613 568 528 2045
is_linear=0
shrinkage=0.05


Tree=95
num_leaves=15
num_cat=0
split_feature=0 9 65 9 0 21 20 29 32 13 48 65 65 0
split_gain=6244.31 1394.12 2008.93 2106.08 1772.44 1694.04 1496.01 1452.32 1428.69 1307.67 2961.44 2775.88 1612.77 2207.14
threshold=187.42767950000004 197.23703800000001 258.63541800000007 284.32638350000008 255.09913100000003 25.015453495174743 274.29007000000007 20.212500000000002 29.762500000000003 1.7041383089792135 11.875000000000002 150.1494825 229.58777250000003 133.2643285
decision_type=2 2 2 2 2 2 2 2 2 2 2 2 2 2
left_child=9 -2 3 4 -3 -4 -7 -6 -9 11 12 -1 13 -11
right_child=1 2 5 -5 7 6 -8 8 -10 10 -12 -13 -14 -15
leaf_value=-0.032548098135713056 0.15210134349028481 -0.043251856581400933 -0.014256390265773161 -0.28560769158904836 0.31949299829149691 0.091556166939918651 0.24170039625605569 0.016857436350698623 0.19385074668478036 0.10552477343962625 -0.030614552842716455 -0.35165542418110202 -0.092123657735166967 0.48420920288633734
leaf_weight=5620 357 630 294 58 53 835 207 597 140 477 1333 68 90 41
leaf_count=5620 357 630 294 58 53 835 207 597 140 477 1333 68 90 41
internal_value=0.000177975 0.0591377 0.047294 0.00711531 0.0192642 0.0917046 0.121586 0.0691104 0.0506961 -0.0243332 0.0110992 -0.0364242 0.102454 0.136373
internal_weight=10800 3171 2814 1478 1420 1336 1042 790 737 7629 1941 5688 608 518
internal_count=10800 3171 2814 1478 1420 1336 1042 790 737 7629 1941 5688 608 518
is_linear=0
shrinkage=0.05


Tree=96
num_leaves=15
num_cat=0
split_feature=12 48 65 26 51 34 26 45 24 20 49 54 12 9
split_gain=5740.83 1686.02 2864.45 2205.91 3043.64 2085.19 1823.99 1509.56 1926.24 1564.31 1352.73 1335.44 1312.61 1203.35
threshold=130.78666850000002 10.875000000000002 231.31079250000002 28.362500000000004 2.5000000000000004 20.521875000000005 23.412500000000005 62.739583333333336 318.1844445000001 299.02505250000007 3.5000000000000004 0.87837969732492682 144.73887100000005 146.08976850000002
decision_type=2 2 2 2 2 2 2 2 2 2 2 2 2 2
left_child=13 2 12 4 11 -6 10 8 9 -5 -4 -3 -2 -1
right_child=1 3 6 7 5 -7 -8 -9 -10 -11 -12 -13 -14 -15
leaf_value=-0.027138614508041677 0.18040715638077626 -0.035110598320558704 0.06217011732528617 0.084532907538590607 -0.11161268731655434 0.074359418926144297 0.1715665480182148 0.32758630309786119 -0.21894261159610992 0.40580075372283053 -0.12018434679113682 -0.19040082027740551 0.56616573872214015 -0.28661924805906086
leaf_weight=6555 47 865 510 519 170 1276 324 69 48 40 126 164 43 44
leaf_count=6555 47 865 510 519 170 1276 324 69 48 40 126 164 43 44
internal_value=0.000172572 0.045855 0.1007 0.027553 0.00567419 0.0524335 0.0751973 0.10753 0.0820177 0.108205 0.0259113 -0.0600213 0.36891 -0.0289119
internal_weight=10800 4201 1050 3151 2475 1446 960 676 607 559 636 1029 90 6599
internal_count=10800 4201 1050 3151 2475 1446 960 676 607 559 636 1029 90 6599
is_linear=0
shrinkage=0.05


Tree=97
num_leaves=15
num_cat=0
split_feature=0 9 65 51 46 9 22 64 46 21 20 36 47 47
split_gain=5229.78 1952.48 1540.7 1658.38 2126.3 2320.58 1414.59 2204.83 1381.19 1280.13 1445.49 1278.79 1150.61 1228.79
threshold=98.602626500000014 77.844594000000015 257.87228250000004 2.5000000000000004 54.979166666666679 279.94015300000007 147.13377104166668 261.65772150000004 61.302083333333336 25.015453495174743 274.29007000000007 17.496875000000006 76.425781250000014 71.028645833333343
decision_type=2 2 2 2 2 2 2 2 2 2 2 2 2 2
left_child=-1 -2 3 4 -3 8 11 -8 -6 12 -11 -5 13 -4
right_child=1 2 9 6 5 -7 7 -9 -10 10 -12 -13 -14 -15
leaf_value=-0.030084388000982537 0.35746316698690261 0.11119359486185117 -0.090197515930430822 -0.20737811726810157 -0.14874491108636964 -0.40480635608123106 0.049615025996334022 0.50409306980842772 -0.0095049913616803219 0.076763264091012973 0.2215261610773972 0.047254679976562665 -0.11062710861861708 0.19953509073744974
leaf_weight=6150 47 251 60 50 217 43 71 42 974 938 211 1506 149 91
leaf_count=6150 47 251 60 50 217 43 71 42 974 938 211 1506 149 91
internal_value=0.000168029 0.0401772 0.0368605 0.0172426 -0.0211874 -0.0481824 0.051428 0.221476 -0.034978 0.0795209 0.103517 0.0389445 -0.0124215 0.0845736
internal_weight=10800 4650 4603 3154 1485 1234 1669 113 1191 1449 1149 1556 300 151
internal_count=10800 4650 4603 3154 1485 1234 1669 113 1191 1449 1149 1556 300 151
is_linear=0
shrinkage=0.05


Tree=98
num_leaves=15
num_cat=0
split_feature=65 33 48 12 29 5 52 9 43 47 22 49 28 13
split_gain=4795.86 3121.58 2129.17 4195.41 2572.87 1938 2088.35 1902.65 1830.85 1569.68 3489.91 1826.88 1426.01 1327.66
threshold=87.394937500000012 17.003125000000004 10.875000000000002 95.430012500000018 23.212500000000002 215.25594400000003 -0.8814490726585632 283.32550850000001 75.875000000000014 70.126302083333357 147.37491395312503 3.5000000000000004 20.762500000000003 0.55828255976021024
decision_type=2 2 2 2 2 2 2 2 2 2 2 2 2 2
left_child=-1 -2 4 -4 9 7 -7 -5 -8 12 11 -11 -3 -13
right_child=1 2 3 5 -6 6 8 -9 -10 10 -12 13 -14 -15
leaf_value=-0.030805773939908729 -0.29558246347720601 -0.28032178233067195 -0.40443979091942311 -0.017842381278241084 0.46819775972601979 -0.00096927874979378279 0.071564757296629353 -0.29355925646994047 0.26516511942381443 0.1214837116771767 0.48431844977302507 -0.19558828707593376 0.020955462753810411 0.03890661477505436
leaf_weight=5794 69 44 57 786 42 1123 1078 67 137 896 56 77 308 266
leaf_count=5794 69 44 57 786 42 1123 1078 67 137 896 56 77 308 266
internal_value=0.000162249 0.036004 0.0406972 0.0170084 0.0862145 0.0246609 0.0481923 -0.0398173 0.0935947 0.0761954 0.101627 0.0839541 -0.0173916 -0.0141506
internal_weight=10800 5006 4937 3248 1689 3191 2338 853 1215 1647 1295 1239 352 343
internal_count=10800 5006 4937 3248 1689 3191 2338 853 1215 1647 1295 1239 352 343
is_linear=0
shrinkage=0.05


Tree=99
num_leaves=15
num_cat=0
split_feature=0 9 15 0 17 61 33 49 22 61 65 9 17 16
split_gain=4418.52 1849.34 2104.25 1655.72 1658.57 1261.48 1766.1 2183.77 2111.69 1430.52 2386.93 1304.15 1788.78 1650.77
threshold=204.79491400000003 232.32850950000002 206.75052800000003 262.68540950000005 1.5755710845560853 -0.3520614488341256 17.003125000000004 2.5000000000000004 146.95078990625004 -0.29012925520284105 79.608916500000007 134.70846200000003 14.497234743019471 140.87699600000005
decision_type=2 2 2 2 2 2 2 2 2 2 2 2 2 2
left_child=5 2 -2 -3 -5 6 -1 -8 11 10 -7 13 -13 -9
right_child=1 3 -4 4 -6 9 7 8 -10 -11 -12 12 -14 -15
leaf_value=-0.23380306127710618 0.32580050348985101 -0.0056363041837159686 0.084093611154318584 -0.22462455311486887 0.092461872767499606 -0.051519228398655227 0.11455544525130293 -0.014244384377148776 0.2599850381108027 -0.026356323940830307 -0.49271859817460861 -0.38824145882748645 -0.051277331809414496 0.22628898651976337
leaf_weight=68 118 1170 375 42 1046 102 495 1160 70 5821 43 51 164 75
leaf_count=68 118 1170 375 42 1046 102 495 1160 70 5821 43 51 164 75
internal_value=0.000153912 0.0548467 0.142489 0.0356568 0.0800264 -0.0185436 0.0149505 0.023457 -0.00626571 -0.0302384 -0.184836 -0.0192895 -0.132636 0.000534169
internal_weight=10800 2751 493 2258 1088 8049 2083 2015 1520 5966 145 1450 215 1235
internal_count=10800 2751 493 2258 1088 8049 2083 2015 1520 5966 145 1450 215 1235
is_linear=0
shrinkage=0.05


Tree=100
num_leaves=15
num_cat=0
split_feature=0 9 14 53 0 29 64 42 0 40 15 46 9 61
split_gain=3988.75 1670.5 1926.88 1536.92 1654.06 1226.35 1306.06 1451.1 1237.17 1274.6 1413.87 1267.07 1163.1 1138.63
threshold=204.79491400000003 232.32850950000002 245.07228858333335 -0.9733555533461492 244.96119200000001 19.512500000000003 201.29493450000004 80.875000000000014 266.52725100000004 57.875000000000007 217.50623400000003 57.447916666666679 276.57951800000006 -0.3520614488341256
decision_type=2 2 2 2 2 2 2 2 2 2 2 2 2 2
left_child=13 2 -2 12 -5 -6 7 -7 -8 11 -11 -10 -3 -1
right_child=1 3 -4 4 5 6 8 -9 9 10 -12 -13 -14 -15
leaf_value=0.014200940405799795 0.32222700376339536 -0.03492025531258295 0.082919799984861126 -0.045140277709889945 0.2578524605797447 0.41375314972466892 -0.014378065208738525 0.10675905854005714 0.071732292175087156 0.091557965485680223 0.32479363997192945 -0.17267837925752005 -0.32595820501446726 -0.028731274141496774
leaf_weight=2083 107 213 386 381 82 44 601 277 180 282 84 74 40 5966
leaf_count=2083 107 213 386 381 82 44 601 277 180 282 84 74 40 5966
internal_value=0.000144433 0.0521093 0.135406 0.0338709 0.0485302 0.0705201 0.0603975 0.149994 0.0367393 0.0862335 0.145827 0.000128104 -0.0820363 -0.0176205
internal_weight=10800 2751 493 2258 2005 1624 1542 321 1221 620 366 254 253 8049
internal_count=10800 2751 493 2258 2005 1624 1542 321 1221 620 366 254 253 8049
is_linear=0
shrinkage=0.05


Tree=101
num_leaves=15
num_cat=0
split_feature=65 33 48 12 29 5 9 52 43 47 22 49 33 13
split_gain=3635.06 2650.37 1894.87 3790.81 2321.9 1708.72 1684.84 1665.06 1715.06 1412.24 3007.99 1525.56 1245.17 1190.64
threshold=87.394937500000012 16.993750000000002 10.875000000000002 95.430012500000018 23.212500000000002 215.25594400000003 284.32638350000008 -0.8814490726585632 75.875000000000014 70.126302083333357 147.37491395312503 3.5000000000000004 20.878125000000004 0.55828255976021024
decision_type=2 2 2 2 2 2 2 2 2 2 2 2 2 2
left_child=-1 -2 4 -4 9 6 -5 -7 -9 12 11 -11 -3 -13
right_child=1 2 3 5 -6 7 -8 8 -10 10 -12 13 -14 -15
leaf_value=-0.026818858695005943 -0.36904552985982197 -0.27635635236677314 -0.37173057922295166 -0.020637742510309795 0.44035714799321674 -0.0017442366373236374 -0.2911519008057733 0.061381272718645255 0.2487296833238308 0.10969919748143005 0.44732305282040646 -0.18589168649453383 0.013654723476457338 0.036174291309513405
leaf_weight=5794 40 41 62 807 42 1123 61 1078 137 905 56 77 311 266
leaf_count=5794 40 41 62 807 42 1123 61 1078 137 905 56 77 311 266
internal_value=0.000142136 0.0313462 0.0346449 0.0123735 0.0774765 0.0199151 -0.0399617 0.0421524 0.0826933 0.0680128 0.0919876 0.0756977 -0.0208122 -0.0140727
internal_weight=10800 5006 4966 3268 1698 3206 868 2338 1215 1656 1304 1248 352 343
internal_count=10800 5006 4966 3268 1698 3206 868 2338 1215 1656 1304 1248 352 343
is_linear=0
shrinkage=0.05


Tree=102
num_leaves=15
num_cat=0
split_feature=0 9 15 0 17 0 64 32 9 65 34 22 51 24
split_gain=3330.02 1494.91 1690.94 1368.69 1472.72 1166.1 1101.75 1281.77 1037.27 1229.64 1303.82 1667.31 1450.29 3219.43
threshold=204.79491400000003 232.32850950000002 206.75052800000003 262.68540950000005 1.5755710845560853 210.00171550000002 24.000000000000004 23.062500000000004 221.97237050000004 24.000000000000004 16.997916666666672 24.201563489583339 2.5000000000000004 296.45735250000007
decision_type=2 2 2 2 2 2 2 2 2 2 2 2 2 2
left_child=8 2 5 6 -5 -2 -3 -8 9 -1 -11 -12 -13 -14
right_child=1 3 -4 4 -6 -7 7 -9 -10 10 11 12 13 -15
leaf_value=-0.030532217764311306 0.14531239747249691 0.14656318704474647 0.074068491066313122 -0.21634082359283471 0.082424679072268026 0.46308418163270865 0.04544987685291535 -0.066683354466764655 -0.18212050428834334 -0.26408071576855907 0.25989833409661678 -0.028766856243184088 0.026618825772623114 0.41554317745295438
leaf_weight=4696 65 105 375 42 1046 53 420 645 92 42 66 1456 1643 54
leaf_count=4696 65 105 375 42 1046 53 420 645 92 42 66 1456 1643 54
internal_value=0.000134168 0.0476147 0.126411 0.0303624 0.0707034 0.290732 -0.00717963 -0.0224606 -0.0160977 -0.0141555 0.00942999 0.0130795 0.00783225 0.0392322
internal_weight=10800 2751 493 2258 1088 118 1170 1065 8049 7957 3261 3219 3153 1697
internal_count=10800 2751 493 2258 1088 118 1170 1065 8049 7957 3261 3219 3153 1697
is_linear=0
shrinkage=0.05


Tree=103
num_leaves=15
num_cat=0
split_feature=0 9 47 65 9 21 21 4 47 2 31 9 65 36
split_gain=3008.87 1422 1710.98 1109.59 1638.2 1591.76 1146.65 1193.18 1128.47 1060.21 1059.2 977.863 1001.23 1220.53
threshold=198.92361450000001 197.23703800000001 77.423177083333357 258.63541800000007 284.32638350000008 22.120181657135429 25.015453495174743 272.06304300000005 76.425781250000014 289.58042400000005 21.212500000000002 221.97237050000004 24.000000000000004 25.941927083333336
decision_type=2 2 2 2 2 2 2 2 2 2 2 2 2 2
left_child=11 2 10 4 5 -3 7 8 -5 -8 -2 12 -1 -14
right_child=1 3 -4 6 -6 -7 9 -9 -10 -11 -12 -13 13 -15
leaf_value=-0.029005931149981797 -0.10814675797215278 0.15073406724278138 0.40101370518667656 0.1307692015363324 -0.25472840568903143 -0.0070124378301150469 0.082950131292607421 -0.26196408542956034 -0.080089027989082615 0.34028742469492412 0.16355350027929566 -0.22595282138748601 -7.4947488065851202e-05 0.13653283579371914
leaf_weight=4696 50 184 56 123 58 1179 915 42 129 41 121 54 2980 172
leaf_count=4696 50 184 56 123 58 1179 915 42 129 41 121 54 2980 172
internal_value=0.000131489 0.0437019 0.163578 0.0334565 0.00322233 0.0143777 0.0677968 -0.0185107 0.02294 0.0943306 0.0839421 -0.0158511 -0.0143769 0.00742048
internal_weight=10800 2898 227 2671 1421 1363 1250 294 252 956 171 7902 7848 3152
internal_count=10800 2898 227 2671 1421 1363 1250 294 252 956 171 7902 7848 3152
is_linear=0
shrinkage=0.05


Tree=104
num_leaves=15
num_cat=0
split_feature=0 9 15 53 0 29 64 42 12 0 40 46 9 65
split_gain=2750.43 1310.15 2230.28 1225.3 1299.64 1148.49 1149.01 1287.59 1082.43 1079.87 1121.79 1619.85 1012.73 992.712
threshold=207.47661800000003 232.32850950000002 206.75052800000003 -0.9733555533461492 242.98436500000005 19.512500000000003 201.29493450000004 80.875000000000014 279.75933850000007 271.04897450000004 57.875000000000007 57.447916666666679 250.58438100000004 221.97237050000004
decision_type=2 2 2 2 2 2 2 2 2 2 2 2 2 2
left_child=12 2 -2 13 -5 -6 7 -7 -9 -8 11 -11 -1 -3
right_child=1 3 -4 4 5 6 9 8 -10 10 -12 -13 -14 -15
leaf_value=-0.013020005864609411 0.37775379686305921 -0.031490632138761264 0.072983604600927121 -0.048433504623358138 0.23784933386283905 0.38196144244737096 -0.0044949236960355283 0.13347005027624947 -0.14178085671405175 0.095826860517263412 0.16827893750466361 -0.23777643504972554 -0.25355864611708306 -0.30099312504980624
leaf_weight=8090 71 207 366 332 85 44 835 243 41 126 227 50 43 40
leaf_count=8090 71 207 366 332 85 44 835 243 41 126 227 50 43 40
internal_value=0.000126946 0.0441801 0.123249 0.0286371 0.0417238 0.0598719 0.050066 0.133131 0.0933751 0.0279687 0.0950768 0.000245272 -0.0143228 -0.0761725
internal_weight=10800 2667 437 2230 1983 1651 1566 328 284 1238 403 176 8133 247
internal_count=10800 2667 437 2230 1983 1651 1566 328 284 1238 403 176 8133 247
is_linear=0
shrinkage=0.05


Tree=105
num_leaves=15
num_cat=0
split_feature=65 33 31 45 49 26 17 24 61 65 9 36 47 36
split_gain=2582.36 2186.42 1650.26 1464.38 1639.09 2340.4 2605.3 1780.4 1715.63 1596.18 1274.49 1138.72 1860.82 1480.94
threshold=87.394937500000012 17.003125000000004 27.762500000000003 92.729166666666671 3.5000000000000004 20.987500000000004 15.81890326318881 322.54412650000006 -0.5 152.62868950000004 99.957571500000014 24.062760416666674 71.131510416666671 25.615625000000001
decision_type=2 2 2 2 2 2 2 2 2 2 2 2 2 2
left_child=-1 -2 3 4 7 6 8 -3 -6 -8 -7 12 -12 -13
right_child=1 2 -4 -5 5 10 9 -9 -10 -11 11 13 -14 -15
leaf_value=-0.022601602247950714 -0.25107923292687961 0.045654579722547578 0.26633905394573709 0.27440796220927671 -0.5434010299267592 0.1615455391720706 0.13156131801774681 -0.22908669475776455 -0.13940652454340902 -0.15470530429699769 0.33399661457085095 -0.20237753927811153 0.0024669292800434516 0.049175295064395129
leaf_weight=5794 69 3501 72 58 53 125 81 59 53 119 45 143 530 98
leaf_count=5794 69 3501 72 58 53 125 81 59 53 119 45 143 530 98
internal_value=0.00012262 0.0264231 0.0303516 0.0268051 0.0237611 -0.0255559 -0.145434 0.0410382 -0.344594 -0.0386896 0.0135398 -0.0093026 0.0289475 -0.100306
internal_weight=10800 5006 4937 4865 4807 1247 306 3560 106 200 941 816 575 241
internal_count=10800 5006 4937 4865 4807 1247 306 3560 106 200 941 816 575 241
is_linear=0
shrinkage=0.05


Tree=106
num_leaves=15
num_cat=0
split_feature=65 33 48 12 35 47 22 5 24 60 26 41 22 49
split_gain=2330.35 2025.4 1625.85 3087.61 2047.03 1588.39 2510.5 1344.52 1579.64 1346.17 1563.88 1393.94 1213.78 1149.22
threshold=87.394937500000012 16.993750000000002 10.875000000000002 95.430012500000018 23.748958333333338 70.126302083333357 146.95078990625004 215.25594400000003 300.20324800000009 -0.72947329433276231 29.475000000000005 46.375000000000007 85.380344484375016 3.5000000000000004
decision_type=2 2 2 2 2 2 2 2 2 2 2 2 2 2
left_child=-1 -2 4 -4 5 -3 13 8 12 10 -9 -11 -5 -7
right_child=1 2 3 7 -6 6 -8 9 -10 11 -12 -13 -14 -15
leaf_value=-0.021471717064819325 -0.32491163807671247 -0.036119429315168393 -0.33929488684331616 -0.2159977383704649 0.39314672908884418 0.096402131798950297 0.36875491633194768 -0.015030712956832271 -0.28008341328019187 0.369799055776945 0.12858646395395987 0.070400040223837251 -0.00088298393289416876 -0.012012167209179005
leaf_weight=5794 40 350 62 71 46 894 72 1296 62 40 221 781 735 336
leaf_count=5794 40 350 62 71 46 894 72 1296 62 40 221 781 735 336
internal_value=0.000115204 0.0250994 0.0279836 0.00735497 0.067658 0.0583624 0.0837689 0.0141625 -0.0389493 0.0338888 0.00596269 0.0854192 -0.0200765 0.0668008
internal_weight=10800 5006 4966 3268 1698 1652 1302 3206 868 2338 1517 821 806 1230
internal_count=10800 5006 4966 3268 1698 1652 1302 3206 868 2338 1517 821 806 1230
is_linear=0
shrinkage=0.05


Tree=107
num_leaves=15
num_cat=0
split_feature=65 33 31 45 49 36 33 17 24 9 61 31 19 17
split_gain=2103.35 1832.31 1481.93 1111 1333.25 2194.15 2512.28 1654.42 1554.88 1330.68 1322.23 1126.53 1073.13 1205.33
threshold=87.394937500000012 16.993750000000002 27.762500000000003 92.729166666666671 3.5000000000000004 18.951302083333335 20.878125000000004 15.81890326318881 322.54412650000006 95.335915500000013 -0.5 17.525000000000002 210.81567200000003 4.1923688073308245
decision_type=2 2 2 2 2 2 2 2 2 2 2 2 2 2
left_child=-1 -2 3 4 8 -6 7 10 11 -8 -7 -3 13 -11
right_child=1 2 -4 -5 5 6 9 -9 -10 12 -12 -13 -14 -15
leaf_value=-0.020398316981336803 -0.3090622889014279 -0.073563383850666533 0.25022411353324786 0.22547148945671858 0.33568387480407225 -0.49969369683344411 0.18505812001050168 -0.076576715906045034 -0.2165030210961898 -0.27198298155349127 -0.1355860245451331 0.047246798834020998 0.17956362920311783 -0.015551812904651125
leaf_weight=5794 40 204 72 66 40 52 91 193 59 48 49 3318 64 710
leaf_count=5794 40 204 72 66 40 52 91 193 59 48 49 3318 64 710
internal_value=0.000110283 0.0238465 0.0265897 0.0232492 0.0204386 -0.0240733 -0.0362636 -0.163115 0.0359412 0.00471825 -0.326109 0.0402304 -0.015447 -0.0321271
internal_weight=10800 5006 4966 4894 4828 1247 1207 294 3581 913 101 3522 822 758
internal_count=10800 5006 4966 4894 4828 1247 1207 294 3581 913 101 3522 822 758
is_linear=0
shrinkage=0.05


Tree=108
num_leaves=15
num_cat=0
split_feature=0 9 29 31 0 17 61 0 64 32 5 44 9 65
split_gain=1945.14 1094.08 1379.76 1384.39 1050.97 1239.59 992.051 1004.55 959.008 1101.77 888.586 1856.06 829.613 788.733
threshold=204.79491400000003 232.32850950000002 27.987500000000004 21.212500000000002 262.68540950000005 1.5755710845560853 -0.91037613702198728 219.21948700000004 24.000000000000004 23.062500000000004 179.02486950000002 72.031250000000014 221.97237050000004 24.000000000000004
decision_type=2 2 2 2 2 2 2 2 2 2 2 2 2 2
left_child=12 2 6 -4 8 -6 -2 -8 -3 -10 -7 -12 13 -1
right_child=1 4 3 -5 5 10 7 -9 9 -11 11 -13 -14 -15
leaf_value=-0.023682186789975728 0.061394679283337861 0.13218535785607219 -0.18044317373488514 0.11520218443633481 -0.20631332260578181 0.17316044366231101 0.14340634082733583 0.38057972211390734 0.037456662542888486 -0.066509560329317693 0.064132036067383519 -0.26911868319254029 -0.1607782282475983 0.0083232882465151658
leaf_weight=4696 144 105 71 87 42 167 118 73 420 645 836 43 92 3261
leaf_count=4696 144 105 71 87 42 167 118 73 420 645 836 43 92 3261
internal_value=0.000102937 0.0363913 0.103798 -0.0179504 0.0216346 0.0569851 0.161103 0.235564 -0.011259 -0.0255121 0.0677443 0.0475424 -0.0123027 -0.0105661
internal_weight=10800 2751 493 158 2258 1088 335 191 1170 1065 1046 879 8049 7957
internal_count=10800 2751 493 158 2258 1088 335 191 1170 1065 1046 879 8049 7957
is_linear=0
shrinkage=0.05


Tree=109
num_leaves=15
num_cat=0
split_feature=65 26 9 65 65 65 9 26 45 8 51 51 6 12
split_gain=1776.79 1033.56 1022.64 1195.19 5681.47 1052.21 1110.92 950.288 1416.7 844.684 927.034 1104.22 1382.57 1005.74
threshold=193.02991150000005 17.525000000000002 248.16158650000003 229.58777250000003 214.46155000000002 258.63541800000007 284.32638350000008 24.012500000000003 73.989583333333357 261.65772150000004 1.5000000000000002 3.5000000000000004 141.67352400000001 250.55541450000001
decision_type=2 2 2 2 2 2 2 2 2 2 2 2 2 2
left_child=-1 -2 3 4 -3 6 -4 -5 -9 10 -7 13 -13 -12
right_child=1 2 5 7 -6 9 -8 8 -10 -11 11 12 -14 -15
leaf_value=-0.012731482157240152 -0.20578118688530395 0.068483432800210312 -0.014626098455134016 -0.0068140707402223714 0.68253229463642295 -0.056270266612319597 -0.24022704664680919 0.065929904259540192 0.37199262487036844 -0.0049950468484708608 0.031739501172255373 0.11259673720569877 -0.20995563692771474 0.21835255636229611
leaf_weight=7713 44 264 729 471 43 96 58 388 41 469 104 91 51 238
leaf_count=7713 44 264 729 471 43 96 58 388 41 469 104 91 51 238
internal_value=9.8758e-05 0.0321494 0.0356562 0.0713855 0.156427 0.0121414 -0.0315361 0.0422355 0.0959777 0.0449088 0.0852012 0.11332 -0.00390765 0.161863
internal_weight=10800 3087 3043 1207 307 1836 787 900 429 1049 580 484 142 342
internal_count=10800 3087 3043 1207 307 1836 787 900 429 1049 580 484 142 342
is_linear=0
shrinkage=0.05


Tree=110
num_leaves=15
num_cat=0
split_feature=0 4 41 30 16 24 22 25 35 45 42 47 32 9
split_gain=1625.15 1029.97 926.622 891.011 1235.5 783.483 875.098 1546.51 1067.54 1072.56 1030.87 885.741 1043.2 868.335
threshold=207.47661800000003 70.579213000000024 51.625000000000007 27.187500000000004 303.53637200000009 300.20324800000009 141.89512231770837 105.14883836263762 27.450520833333336 47.072916666666679 82.125000000000014 65.746093750000014 29.887500000000003 232.32850950000002
decision_type=2 2 2 2 2 2 2 2 2 2 2 2 2 2
left_child=-1 -2 -3 4 5 6 8 -8 10 -10 -4 -9 -13 -12
right_child=1 2 3 -5 -6 -7 7 11 9 -11 13 12 -14 -15
leaf_value=-0.011009699592905183 0.27965117558127356 0.21085176806950914 0.098816672503675276 -0.15483844275794811 0.29258812882683499 -0.073159447424661586 0.3703472834404396 -0.022084427901645963 0.016624833011467541 -0.30141245494870583 0.14554875381064866 0.075042373032207788 0.34082248314567237 -0.0056570293329686787
leaf_weight=8133 41 68 388 66 43 186 45 172 55 50 102 192 45 1214
leaf_count=8133 41 68 388 66 43 186 45 172 55 50 102 192 45 1214
internal_value=9.75246e-05 0.0339604 0.0300194 0.0251317 0.0299584 0.0252296 0.0333451 0.0953327 0.0177441 -0.136236 0.0273067 0.0642449 0.126727 0.00616418
internal_weight=10800 2667 2626 2558 2492 2449 2263 454 1809 105 1704 409 237 1316
internal_count=10800 2667 2626 2558 2492 2449 2263 454 1809 105 1704 409 237 1316
is_linear=0
shrinkage=0.05


Tree=111
num_leaves=15
num_cat=0
split_feature=61 61 25 17 43 22 15 34 40 65 61 7 9 26
split_gain=1535.32 1888.39 1846.5 1517.28 1281.19 2008.29 1341.3 1311.59 1159.34 1091.67 1021.77 1523.77 1252.84 1854.49
threshold=-0.32143946530316164 -0.29012925520284105 100.05873108459177 19.333335973937228 79.375000000000014 146.20216796354171 217.50623400000003 22.996875000000006 47.125000000000007 101.43038050000003 -0.44228869021900119 89.788350500000021 113.77359350000002 20.162500000000005
decision_type=2 2 2 2 2 2 2 2 2 2 2 2 2 2
left_child=3 2 -2 10 6 7 9 -6 -3 -5 11 12 -1 -14
right_child=1 8 -4 4 5 -7 -8 -9 -10 -11 -12 -13 13 -15
leaf_value=0.014438284321815296 -0.018823159018815577 0.085410646770979426 -0.42168515872742446 0.27055971538136919 0.061043075624186677 0.43851115585759626 0.16655928635056008 0.32420862311712256 -0.016238788743375501 0.0097136433998799357 0.04918511878435225 -0.25657289375207926 -0.38576081328246059 -0.055373182349815323
leaf_weight=702 58 293 55 40 541 42 158 51 6116 1856 442 75 48 323
leaf_count=702 58 293 55 40 541 42 158 51 6116 1856 442 75 48 323
internal_value=9.84909e-05 -0.0151689 -0.216885 0.0233724 0.0462679 0.108347 0.0270628 0.0842229 -0.0115791 0.0153564 -0.0153385 -0.0402025 -0.0248539 -0.0990408
internal_weight=10800 6522 113 4278 2688 634 2054 592 6409 1896 1590 1148 1073 371
internal_count=10800 6522 113 4278 2688 634 2054 592 6409 1896 1590 1148 1073 371
is_linear=0
shrinkage=0.05


Tree=112
num_leaves=15
num_cat=0
split_feature=65 33 51 26 22 33 55 21 20 26 43 39 24 36
split_gain=1425.19 1469.29 1433.73 2120.62 2005.49 2142.16 1825.95 1410.52 1261.25 1269.56 1234.34 1127.47 1607.03 1097.37
threshold=24.000000000000004 16.993750000000002 2.5000000000000004 28.362500000000004 146.95078990625004 22.306250000000002 1.0000000180025095e-35 7.7342191599619094e-06 284.15934500000009 21.762500000000003 67.875000000000014 64.375000000000014 318.1844445000001 26.159505208333339
decision_type=2 2 2 2 2 2 2 2 2 2 2 2 2 2
left_child=-1 -2 3 6 13 -6 8 -8 9 10 -3 12 -5 -4
right_child=1 2 4 11 5 -7 7 -9 -10 -11 -12 -13 -14 -15
leaf_value=-0.020610767292889454 -0.27870173658066916 -0.36864670571137936 0.027079545153473546 0.085222244944180486 0.48841230574762451 0.099178399222707242 0.28990706445611253 0.013435636247176622 -0.2433697214820883 -0.020755028726384503 -0.094298855484977587 0.30925017972381746 -0.23120289427990262 0.25454317234732488
leaf_weight=4696 41 46 2990 459 47 137 48 791 90 977 334 48 43 53
leaf_count=4696 41 46 2990 459 47 137 48 791 90 977 334 48 43 53
internal_value=9.47943e-05 0.016025 0.0180637 -0.00787189 0.0408521 0.200705 -0.029084 0.0295791 -0.063095 -0.0509683 -0.12839 0.0801861 0.0577123 0.0311236
internal_weight=10800 6104 6063 2836 3227 184 2286 839 1447 1357 380 550 502 3043
internal_count=10800 6104 6063 2836 3227 184 2286 839 1447 1357 380 550 502 3043
is_linear=0
shrinkage=0.05


Tree=113
num_leaves=15
num_cat=0
split_feature=65 40 9 35 19 13 8 37 45 40 0 18 52 33
split_gain=1318.94 885.865 1111.46 1007.57 990.77 841.017 767.762 1040.61 1539.3 701.743 673.601 668.421 641.633 1043.93
threshold=257.87228250000004 47.125000000000007 284.32638350000008 30.063020833333336 214.08212300000002 45.068500953414578 261.65772150000004 74.875000000000014 80.093750000000014 56.625000000000007 267.1966680000001 243.04352339583338 0.99892946161930185 20.971875000000004
decision_type=2 2 2 2 2 2 2 2 2 2 2 2 2 2
left_child=1 -1 3 4 5 12 7 -2 -9 -6 11 -8 -3 -14
right_child=6 2 -4 -5 9 -7 10 8 -10 -11 -12 -13 13 -15
leaf_value=0.074837466051099921 0.10124522515813286 -0.013401037344950316 -0.24717709776394223 -0.25271860261758172 0.010017078969536759 0.07189648305660172 -0.028189184000705653 -0.29683575650631655 0.036632491883335151 0.2981034522255262 0.049278721172548834 -0.24712995256102366 -0.015941119074289287 0.29339080075422924
leaf_weight=320 711 8435 48 41 40 310 186 40 221 44 249 42 69 44
leaf_count=320 711 8435 48 41 40 310 186 40 221 44 249 42 69 44
internal_value=9.14868e-05 -0.0067881 -0.00968835 -0.00839197 -0.00724357 -0.00887286 0.0444624 0.069937 -0.0154117 0.162651 -0.00748595 -0.0694234 -0.0118101 0.106024
internal_weight=10800 9351 9031 8983 8942 8858 1449 972 261 84 477 228 8548 113
internal_count=10800 9351 9031 8983 8942 8858 1449 972 261 84 477 228 8548 113
is_linear=0
shrinkage=0.05


Tree=114
num_leaves=15
num_cat=0
split_feature=61 61 65 17 43 22 15 65 14 48 40 35 8 26
split_gain=1216.43 1731.13 1773.96 1288.57 1259.45 1703.53 1305.73 1125.64 1114.8 1038.02 899.631 865.569 779.361 753.888
threshold=-0.32143946530316164 -0.29012925520284105 79.608916500000007 15.43960420748471 79.375000000000014 146.20216796354171 217.18543900000003 104.69442850000001 221.31039920833334 6.6250000000000009 47.125000000000007 30.063020833333336 24.000000000000004 19.762500000000003
decision_type=2 2 2 2 2 2 2 2 2 2 2 2 2 2
left_child=3 2 -2 9 6 8 7 -5 -6 -1 -3 -12 -9 -11
right_child=1 10 -4 4 5 -7 -8 12 -10 13 11 -13 -14 -15
leaf_value=0.12501217268587075 -0.049511312514963289 0.075371750141385085 -0.45548535251820632 0.21997692006970607 0.055585953518427725 0.40483614286884323 0.14581376797682846 0.15861515451270419 0.27325930967785872 -0.12403814300543664 -0.012605322766268693 -0.2403835266828537 -0.0025933807224608786 -0.016061339638599747
leaf_weight=113 70 293 43 61 551 42 193 77 65 190 6075 41 1931 1055
leaf_count=113 70 293 43 61 551 42 193 77 65 190 6075 41 1931 1055
internal_value=8.61439e-05 -0.0135035 -0.206637 0.0208025 0.039512 0.100344 0.0217799 0.010145 0.0789604 -0.0194265 -0.0100666 -0.0141713 0.0036643 -0.0326261
internal_weight=10800 6522 113 4278 2920 658 2262 2069 616 1358 6409 6116 2008 1245
internal_count=10800 6522 113 4278 2920 658 2262 2069 616 1358 6409 6116 2008 1245
is_linear=0
shrinkage=0.05


Tree=115
num_leaves=15
num_cat=0
split_feature=65 33 22 51 26 22 33 40 33 45 47 39 46 35
split_gain=1137.07 1310.79 1311.26 1367.32 1982.41 1744.67 1917.72 1403.34 1064.67 1044.04 2813 1570.42 1031.67 958.713
threshold=24.000000000000004 16.993750000000002 24.201563489583339 2.5000000000000004 28.362500000000004 146.95078990625004 22.306250000000002 65.125000000000014 22.021875000000005 56.562500000000007 70.757812500000014 54.125000000000007 79.505208333333357 28.749479166666671
decision_type=2 2 2 2 2 2 2 2 2 2 2 2 2 2
left_child=-1 -2 -3 4 7 13 -7 -4 12 11 -11 -6 -9 -5
right_child=1 2 3 5 9 6 -8 8 -10 10 -12 -13 -14 -15
leaf_value=-0.018410169141918696 -0.26406112648546698 0.23621601232174619 -0.10032889182157226 0.030796652591737157 0.069432291006709432 0.45740606151787988 0.089193325872580276 -0.13795788423444791 0.019972692493604168 0.32844462704778254 -0.13809127477889366 -0.22270933597717646 -0.0057986855414579284 -0.18182973783825421
leaf_weight=4696 41 66 568 2953 348 47 137 259 1088 104 46 52 342 53
leaf_count=4696 41 66 568 2953 348 47 137 259 1088 104 46 52 342 53
internal_value=8.44191e-05 0.0143136 0.0162393 0.0137793 -0.0116703 0.0361701 0.185212 -0.0324158 -0.00953121 0.073366 0.185407 0.0309932 -0.062887 0.0269885
internal_weight=10800 6104 6063 5997 2807 3190 184 2257 1689 550 150 400 601 3006
internal_count=10800 6104 6063 5997 2807 3190 184 2257 1689 550 150 400 601 3006
is_linear=0
shrinkage=0.05


Tree=116
num_leaves=15
num_cat=0
split_feature=65 9 8 37 45 32 15 8 40 35 13 36 29 52
split_gain=1052.94 781.984 698.45 932.074 1375.34 686.605 1307.3 1227.93 746.352 857.752 661.601 589.683 574.013 670.53
threshold=257.87228250000004 284.32638350000008 261.65772150000004 74.875000000000014 80.093750000000014 29.737500000000004 217.18543900000003 284.01228000000009 45.375000000000007 30.063020833333336 45.068500953414578 25.257291666666671 16.025000000000002 0.99892946161930185
decision_type=2 2 2 2 2 2 2 2 2 2 2 2 2 2
left_child=1 5 3 -2 -5 7 -7 8 -1 10 12 -8 -10 -14
right_child=2 -3 -4 4 -6 6 11 -9 9 -11 -12 -13 13 -15
leaf_value=0.093750157440335713 0.093654649038740254 -0.19069775649343348 -0.0098171687994257524 -0.28275290309655959 0.032458742505761688 -0.02008445100265675 0.30178685023098212 -0.27717916582755392 -0.13985548715683677 -0.22848506739193741 0.064693552371367674 0.088014279109322358 -0.010136363467342084 0.11358354145342164
leaf_weight=182 711 56 477 40 221 178 60 41 83 43 308 71 8219 110
leaf_count=182 711 56 477 40 221 178 60 41 83 43 308 71 8219 110
internal_value=8.09495e-05 -0.00606588 0.0397258 0.0640237 -0.0167444 -0.00493313 0.0682287 -0.00745625 -0.00618911 -0.00827522 -0.00716325 0.18747 -0.00980162 -0.00848897
internal_weight=10800 9351 1449 972 261 9295 309 8986 8945 8763 8720 131 8412 8329
internal_count=10800 9351 1449 972 261 9295 309 8986 8945 8763 8720 131 8412 8329
is_linear=0
shrinkage=0.05


Tree=117
num_leaves=15
num_cat=0
split_feature=13 48 26 35 51 10 18 4 22 36 25 64 8 53
split_gain=982.989 1523.25 1338.92 1185.25 1084.08 1225.49 1008.14 1304.13 1193.27 968.465 1222.61 917.897 1940.73 1363.79
threshold=1.2789603153914209 11.625000000000002 29.475000000000005 23.785937499999999 2.5000000000000004 271.13115450000004 210.52185520833336 258.94589250000007 119.04531683333335 26.521093750000002 106.96841639146548 177.06424450000003 114.93216250000002 -0.95642797789208678
decision_type=2 2 2 2 2 2 2 2 2 2 2 2 2 2
left_child=6 3 4 -2 5 -3 7 11 -8 10 -4 -1 -13 -14
right_child=1 2 9 -5 -6 -7 8 -9 -10 -11 -12 12 13 -15
leaf_value=-0.010509204675506626 0.052370801711303774 -0.035204524287715443 0.048397390972634124 0.30041712598502635 0.015720438678641351 -0.24795691037240128 0.18708032966260948 -0.28120901137590409 0.013385938544263494 -0.11328748491075305 0.27751408233163283 -0.39835462339053102 -0.20638009884429201 -0.0035900183682793015
leaf_weight=5234 1354 1143 147 49 1497 71 123 46 489 44 96 43 107 357
leaf_count=5234 1354 1143 147 49 1497 71 123 46 489 44 96 43 107 357
internal_value=7.51837e-05 0.018262 -0.00186526 0.0612417 -0.0127499 -0.047841 -0.012434 -0.0188898 0.0485433 0.100638 0.139679 -0.0167394 -0.0809092 -0.0506974
internal_weight=10800 4401 2998 1403 2711 1214 6399 5787 612 287 243 5741 507 464
internal_count=10800 4401 2998 1403 2711 1214 6399 5787 612 287 243 5741 507 464
is_linear=0
shrinkage=0.05


Tree=118
num_leaves=15
num_cat=0
split_feature=26 29 24 43 19 35 8 45 65 31 53 53 65 33
split_gain=948.457 1443.73 1037.63 969.911 795.604 981.671 772.696 720.511 976.824 1158.95 744.513 1447.42 1655.96 961.487
threshold=23.962500000000002 20.212500000000002 258.25111550000003 64.125000000000014 171.28886800000001 21.92604166666667 159.78292150000001 68.385416666666671 68.269408500000011 20.212500000000002 -0.097964660725097366 -0.065403129230142923 79.608916500000007 17.003125000000004
decision_type=2 2 2 2 2 2 2 2 2 2 2 2 2 2
left_child=3 2 -2 6 7 -6 -1 8 -5 -10 13 12 -12 -9
right_child=1 -3 -4 4 5 -7 -8 10 9 -11 11 -13 -14 -15
leaf_value=0.010288077762070434 0.045654055949013971 0.016616816058083246 0.36409173948833579 -0.008051346598641717 0.29705928476845345 0.037371346437142981 -0.1284981680227377 -0.16802151122345377 -0.060359337446945049 -0.40595725197345023 -0.038938041830408401 -0.012239791031259974 -0.43324598841877143 0.027772618959516101
leaf_weight=152 51 3148 51 136 40 328 293 64 55 43 68 4546 43 1782
leaf_count=152 51 3148 51 136 40 328 293 64 55 43 68 4546 43 1782
internal_value=6.95658e-05 0.0226494 0.206862 -0.00965193 -0.00516146 0.0663268 -0.0811758 -0.00907569 -0.0950863 -0.214568 -0.00596659 -0.0166174 -0.194192 0.0208972
internal_weight=10800 3250 102 7550 7105 368 445 6737 234 98 6503 4657 111 1846
internal_count=10800 3250 102 7550 7105 368 445 6737 234 98 6503 4657 111 1846
is_linear=0
shrinkage=0.05


Tree=119
num_leaves=15
num_cat=0
split_feature=65 9 64 51 36 17 40 35 37 18 8 14 37 47
split_gain=872.684 1164.91 698.641 1097.45 1511.41 963.877 667.994 713.619 637.403 1185.17 707.478 607.494 911.026 959.384
threshold=261.92029800000006 290.2148160000001 265.84829400000007 3.5000000000000004 23.614322916666669 9.3387800668534897 47.125000000000007 30.063020833333336 75.875000000000014 200.97883706250005 262.36879000000005 201.67837679166669 53.625000000000007 71.799479166666671
decision_type=2 2 2 2 2 2 2 2 2 2 2 2 2 2
left_child=1 2 6 5 -5 -4 -1 -8 10 -10 11 -2 -13 -14
right_child=8 -3 3 4 -6 -7 7 -9 9 -11 -12 12 13 -15
leaf_value=0.066740588738501777 -0.022341562167387637 -0.25601617582142355 -0.17615636529193984 0.012001033025709066 0.43659013487943793 0.051448952277479254 -0.0083910404336406397 -0.21499157729336904 0.021222237269366867 -0.26982457678426397 0.0016943498242956896 -0.0078760987228994796 0.33911154814330596 0.11531270717578908
leaf_weight=297 103 45 53 43 40 335 8728 41 170 43 371 125 55 351
leaf_count=297 103 45 53 43 40 335 8728 41 170 43 371 125 55 351
internal_value=6.39743e-05 -0.00500474 -0.00379364 0.0555141 0.219384 0.0199856 -0.00688059 -0.00938142 0.0399109 -0.03852 0.0565554 0.0886054 0.110128 0.146389
internal_weight=10800 9582 9537 471 83 388 9066 8769 1218 213 1005 634 531 406
internal_count=10800 9582 9537 471 83 388 9066 8769 1218 213 1005 634 531 406
is_linear=0
shrinkage=0.05


Tree=120
num_leaves=15
num_cat=0
split_feature=65 33 22 51 26 22 33 40 38 24 18 28 41 47
split_gain=829.623 1103.85 1835.1 1217.05 1649.95 1469.74 1741.82 1139.51 978.004 1498.63 981.151 970.169 1141.66 1069.29
threshold=24.000000000000004 17.003125000000004 24.201563489583339 2.5000000000000004 28.362500000000004 146.95078990625004 22.306250000000002 65.125000000000014 66.125000000000014 318.1844445000001 258.46915160416671 29.137500000000003 70.625000000000014 78.959635416666671
decision_type=2 2 2 2 2 2 2 2 2 2 2 2 2 2
left_child=-1 -2 -3 4 7 11 -7 -4 9 10 -6 13 -13 -5
right_child=1 2 3 5 8 6 -8 -9 -10 -11 -12 12 -14 -15
leaf_value=-0.015736409792728518 -0.15967481457932003 0.2997357051819563 -0.091901305386459423 0.059252810550039753 0.023311277283655337 0.42961086717744668 0.078777999460926632 -0.010081235854748703 0.27446173647710798 -0.24163778308512912 0.18376532221299219 -0.30326067762604603 0.054864807391450526 -0.001726671010208709
leaf_weight=4696 91 55 568 1496 325 47 137 1689 50 41 134 47 41 1383
leaf_count=4696 91 55 568 1496 325 47 137 1689 50 41 134 47 41 1383
internal_value=6.11855e-05 0.0122154 0.0148428 0.0121631 -0.011778 0.0334874 0.170231 -0.0307038 0.0658014 0.0444292 0.0704517 0.0249527 -0.137665 0.0299694
internal_weight=10800 6104 6013 5958 2807 3151 184 2257 550 500 459 2967 88 2879
internal_count=10800 6104 6013 5958 2807 3151 184 2257 550 500 459 2967 88 2879
is_linear=0
shrinkage=0.05


Tree=121
num_leaves=15
num_cat=0
split_feature=65 9 32 15 8 46 5 28 37 5 8 14 37 42
split_gain=765.206 1061.42 609.745 1143.82 1021.72 605.808 576.266 665.357 565.802 1086.31 636.388 545.075 823.291 852.53
threshold=261.92029800000006 284.32638350000008 29.737500000000004 218.84893750000001 284.01228000000009 52.619791666666671 299.02505250000007 30.762500000000003 75.875000000000014 210.30873300000002 262.36879000000005 201.67837679166669 53.625000000000007 80.375000000000014
decision_type=2 2 2 2 2 2 2 2 2 2 2 2 2 2
left_child=1 2 4 -4 6 -5 7 -1 10 -10 11 -2 -13 -14
right_child=8 -3 3 5 -6 -7 -8 -9 9 -11 -12 12 13 -15
leaf_value=-0.0046496029757538762 -0.021636433748958205 -0.20762674610596152 -0.012539031660678435 0.077632648015106234 -0.24606375001709568 0.29569138822456204 -0.16590206506577407 0.16524262235596265 0.021487672654364041 -0.25485090484221778 0.0010251148731537884 -0.0083322471805981225 0.27742290327261232 0.10017610235238372
leaf_weight=9041 103 63 195 70 43 59 54 57 169 44 371 125 86 320
leaf_count=9041 103 63 195 70 43 59 54 57 169 44 371 125 86 320
internal_value=6.081e-05 -0.00468553 -0.00332073 0.0639869 -0.00569911 0.178872 -0.00454302 -0.00356717 0.0373734 -0.0365205 0.0530553 0.0834524 0.103839 0.13831
internal_weight=10800 9582 9519 324 9195 129 9152 9098 1218 213 1005 634 531 406
internal_count=10800 9582 9519 324 9195 129 9152 9098 1218 213 1005 634 531 406
is_linear=0
shrinkage=0.05


Tree=122
num_leaves=15
num_cat=0
split_feature=13 48 35 26 51 10 5 48 47 31 33 18 4 22
split_gain=735.745 1307.63 1052.92 1029.96 913.583 1037.22 872.767 835.348 832.193 1540.3 932.941 820.852 1155.95 1032.75
threshold=1.2789603153914209 11.625000000000002 23.785937499999999 29.012500000000003 2.5000000000000004 272.80242187500005 216.36840450000003 19.875000000000004 75.628906250000014 22.812500000000004 22.165625000000006 210.52185520833336 238.59598200000002 119.04531683333335
decision_type=2 2 2 2 2 2 2 2 2 2 2 2 2 2
left_child=11 2 8 4 5 -3 -6 -8 10 -10 -2 12 -1 -13
right_child=1 3 -4 -5 6 -7 7 -9 9 -11 -12 13 -14 -15
leaf_value=-0.013448601375659281 -0.073326237954452186 -0.035361897945281079 0.28103379897773267 0.081633325617887692 -0.034512248883963141 -0.25777711424637928 0.030122546258139111 0.21242442059823696 0.0629714296837664 0.35566065569097799 0.055116717386289572 0.17314004035846842 -0.17566426192809428 0.011552408150568301
leaf_weight=5676 240 1135 49 321 584 54 837 67 726 47 341 123 111 489
leaf_count=5676 240 1135 49 321 584 54 837 67 726 47 341 123 111 489
internal_value=5.78488e-05 0.0157921 0.0556139 -0.00285596 -0.0130138 -0.0456713 0.0130946 0.0438537 0.0472548 0.0812041 0.00202456 -0.0107644 -0.0165899 0.0442578
internal_weight=10800 4401 1403 2998 2677 1189 1488 904 1354 773 581 6399 5787 612
internal_count=10800 4401 1403 2998 2677 1189 1488 904 1354 773 581 6399 5787 612
is_linear=0
shrinkage=0.05


Tree=123
num_leaves=15
num_cat=0
split_feature=26 29 24 43 19 35 8 45 65 31 47 28 34 22
split_gain=679.143 1247.57 893.939 858.424 722.019 828.672 671.906 634.203 888.854 1009.23 621.962 734.405 602.347 608.34
threshold=23.962500000000002 20.212500000000002 258.48548100000011 64.125000000000014 171.28886800000001 21.92604166666667 159.78292150000001 68.385416666666671 68.269408500000011 20.212500000000002 81.476562500000014 25.062500000000004 20.355208333333337 124.53395978125
decision_type=2 2 2 2 2 2 2 2 2 2 2 2 2 2
left_child=3 2 -2 6 7 -6 -1 8 -5 -10 -3 -12 -8 -14
right_child=1 10 -4 4 5 -7 12 -9 9 -11 11 -13 13 -15
leaf_value=0.0098329825802353152 0.043625528414575565 0.0084477278094583167 0.3392080095797485 -0.0053616615433762548 0.27616058689791984 0.037543204337313188 -0.23108432797151945 -0.0047559969015240986 -0.058393571658858237 -0.38094931216910483 0.01393569518257393 0.23111385747790339 0.075816859892354566 -0.1216896059486685
leaf_weight=152 52 2991 50 136 40 328 85 6503 55 43 88 69 51 157
leaf_count=152 52 2991 50 136 40 328 85 6503 55 43 88 69 51 157
internal_value=5.80743e-05 0.0191651 0.190405 -0.00816824 -0.00394386 0.064158 -0.0754558 -0.00767281 -0.0883675 -0.202342 0.0135579 0.110242 -0.119584 -0.0731315
internal_weight=10800 3250 102 7550 7105 368 445 6737 234 98 3148 157 293 208
internal_count=10800 3250 102 7550 7105 368 445 6737 234 98 3148 157 293 208
is_linear=0
shrinkage=0.05


Tree=124
num_leaves=15
num_cat=0
split_feature=13 48 35 26 51 10 47 31 33 13 5 42 18 4
split_gain=653.127 1183.87 1135.68 1001.57 877.368 1036.92 855.918 1490.08 746.751 725.162 708.785 825.553 704.224 1082.48
threshold=1.2789603153914209 11.375000000000002 23.623437500000005 29.012500000000003 2.5000000000000004 271.13115450000004 75.628906250000014 22.812500000000004 22.165625000000006 9.1330703872102088 216.36840450000003 77.625000000000014 210.52185520833336 258.94589250000007
decision_type=2 2 2 2 2 2 2 2 2 2 2 2 2 2
left_child=12 2 6 4 5 -3 8 -8 -2 -5 -6 -12 13 -1
right_child=1 3 -4 9 10 -7 7 -9 -10 -11 11 -13 -14 -15
leaf_value=-0.013577143299986081 -0.068439051504974494 -0.032275359045627776 0.29286866385179261 0.14124332339959031 -0.028359444968731159 -0.22798101660898992 0.061872740091575451 0.35591494366526605 0.048470677796983358 -0.010629229270147556 0.23275158519171321 0.0292945226905529 0.04082353241324993 -0.25452320519042143
leaf_weight=5741 239 1142 47 195 613 71 698 45 316 131 52 852 612 46
leaf_count=5741 239 1142 47 195 613 71 698 45 316 131 52 852 612 46
internal_value=5.62509e-05 0.0148808 0.0539515 -0.00232691 -0.0122278 -0.0439089 0.0450816 0.0801359 -0.00190678 0.0803689 0.0131168 0.0412421 -0.0101403 -0.015536
internal_weight=10800 4401 1345 3056 2730 1213 1298 743 555 326 1517 904 6399 5787
internal_count=10800 4401 1345 3056 2730 1213 1298 743 555 326 1517 904 6399 5787
is_linear=0
shrinkage=0.05


Tree=125
num_leaves=15
num_cat=0
split_feature=65 9 64 33 17 26 57 36 36 65 21 36 24 20
split_gain=594.486 970.534 527.638 978.551 683.121 607.608 530.943 1483.38 880.821 638.771 861.214 627.155 1131.22 878.758
threshold=261.92029800000006 290.2148160000001 265.84829400000007 21.871875000000003 8.5214274708877777 23.512500000000003 1.5000000000000002 26.159505208333339 17.496875000000006 73.362583000000015 1.0000000180025095e-35 21.941145833333337 253.49028900000005 276.69339350000001
decision_type=2 2 2 2 2 2 2 2 2 2 2 2 2 2
left_child=1 2 6 -4 -5 -6 7 8 -1 -10 -11 12 -12 -13
right_child=-2 -3 3 4 5 -7 -8 -9 9 10 11 13 -14 -15
leaf_value=-0.13693255183100703 0.032944080622451168 -0.2332418236638541 0.28197144932318025 -0.13196155838036941 -0.10955368761046261 0.076274778220779549 -0.013215984228186761 0.28908412243860465 -0.012666268086111935 0.22572123399320043 -0.001009314289331087 -0.04792730035077708 0.14102632522474243 0.075687409165055231
leaf_weight=99 1218 45 40 58 50 323 6544 47 1130 58 287 407 273 221
leaf_count=99 1218 45 40 58 50 323 6544 47 1130 58 287 407 273 221
internal_value=5.60656e-05 -0.00412744 -0.00302203 0.0485188 0.0262501 0.0511385 -0.00570476 0.0137826 0.00844004 0.0145523 0.0392272 0.0299401 0.068361 -0.00437478
internal_weight=10800 9582 9537 471 431 373 9066 2522 2475 2376 1246 1188 560 628
internal_count=10800 9582 9537 471 431 373 9066 2522 2475 2376 1246 1188 560 628
is_linear=0
shrinkage=0.05


Tree=126
num_leaves=15
num_cat=0
split_feature=13 48 35 26 51 10 47 31 36 5 53 9 5 33
split_gain=550.12 1078.7 989.545 893.851 782.747 944.963 760.325 1329.87 704.105 934.081 657.262 1078.53 1475.92 615.696
threshold=1.2789603153914209 11.375000000000002 23.623437500000005 29.012500000000003 2.5000000000000004 271.13115450000004 75.686197916666671 22.812500000000004 26.521093750000002 278.39930150000004 -0.95642797789208678 115.95147100000001 212.05684700000003 22.165625000000006
decision_type=2 2 2 2 2 2 2 2 2 2 2 2 2 2
left_child=10 2 6 4 5 -3 13 -8 9 -5 11 -1 -13 -2
right_child=1 3 -4 8 -6 -7 7 -9 -10 -11 -12 12 -14 -15
leaf_value=0.023888466438385332 -0.06070933901030115 -0.030935998098355007 0.27397454727906734 0.064912622166090075 0.011821400579580442 -0.2177625260108875 0.058684325937549658 0.33657087118810286 -0.099958556601587617 0.31196589217237802 -0.0053899229981237678 -0.21717400839836226 0.11925133583476631 0.044612783474804019
leaf_weight=156 244 1142 47 233 1517 71 690 45 48 45 6040 163 40 319
leaf_count=156 244 1142 47 233 1517 71 690 45 48 45 6040 163 40 319
internal_value=5.52815e-05 0.0136607 0.0509556 -0.00276475 -0.0121179 -0.0420418 0.0426755 0.076132 0.0753578 0.105878 -0.0093027 -0.0749354 -0.150624 -0.00105975
internal_weight=10800 4401 1345 3056 2730 1213 1298 735 326 278 6399 359 203 563
internal_count=10800 4401 1345 3056 2730 1213 1298 735 326 278 6399 359 203 563
is_linear=0
shrinkage=0.05


Tree=127
num_leaves=15
num_cat=0
split_feature=26 29 24 43 19 8 47 28 47 64 30 35 64 31
split_gain=523.356 1097.35 782.753 760.399 629.527 612.634 563.188 657.795 555.083 1333.43 934.312 1124.58 648.988 1606.53
threshold=23.962500000000002 20.212500000000002 258.48548100000011 64.125000000000014 205.72067600000003 159.78292150000001 81.476562500000014 25.187500000000004 70.126302083333357 70.787265500000018 25.937500000000004 23.129687500000003 105.70697350000002 22.812500000000004
decision_type=2 2 2 2 2 2 2 2 2 2 2 2 2 2
left_child=3 2 -2 5 8 -1 -3 -8 9 -5 11 -11 -10 -14
right_child=1 6 -4 4 -6 -7 7 -9 12 10 -12 -13 13 -15
leaf_value=0.010935488426631768 0.040094592330871891 0.0067077319081441204 0.3166666866225355 0.0014246063996897261 0.1791951190283958 -0.11263276832685076 0.013585261553525924 0.21944485541190142 -0.0084973599886419404 -0.1286000161972127 -0.32756272854006041 0.14387359705236222 0.012169851027802148 0.18106411045464951
leaf_weight=152 52 2991 50 682 46 293 89 68 4443 242 46 44 1447 155
leaf_count=152 52 2991 50 682 46 293 89 68 4443 242 46 44 1447 155
internal_value=5.53585e-05 0.0168283 0.177427 -0.00716607 -0.00319027 -0.0704953 0.01157 0.103572 -0.004404 -0.0386187 -0.120633 -0.0863258 0.00134067 0.0286138
internal_weight=10800 3250 102 7550 7105 445 3148 157 7059 1014 332 286 6045 1602
internal_count=10800 3250 102 7550 7105 445 3148 157 7059 1014 332 286 6045 1602
is_linear=0
shrinkage=0.05


Tree=128
num_leaves=15
num_cat=0
split_feature=65 9 53 64 16 24 26 3 40 32 14 8 40 35
split_gain=501.784 888.992 497.718 828.422 710.241 569.59 902.541 812.49 502.873 487.521 993.549 897.201 490.192 717.498
threshold=261.92029800000006 284.32638350000008 -0.88144907265856332 253.92506400000002 261.28771000000006 318.1844445000001 29.737500000000004 273.04091050000005 59.625000000000007 29.737500000000004 257.39521454166669 284.01228000000009 45.375000000000007 30.063020833333336
decision_type=2 2 2 2 2 2 2 2 2 2 2 2 2 2
left_child=1 9 3 -2 -5 6 7 8 -4 11 -11 12 -1 -14
right_child=2 -3 5 4 -6 -7 -8 -9 -10 10 -12 -13 13 -15
leaf_value=0.07720373599769792 0.14213676475832335 -0.18951516941888258 0.15913309279490603 -0.10054404705049509 0.058171800940779721 -0.17406142110174352 0.20725877496793316 -0.16225977271591149 -0.0018723859122009392 -0.018311179138880262 0.15814726068239127 -0.22990764919668438 -0.0042462943925917467 -0.20665310580622065
leaf_weight=183 212 63 54 93 281 43 53 72 410 185 139 43 8926 43
leaf_count=183 212 63 54 93 281 43 53 72 410 185 139 43 8926 43
internal_value=5.5127e-05 -0.00378838 0.0302703 0.0634215 0.0185422 -0.000519625 0.0124234 -0.00719217 0.0171672 -0.0025394 0.0576453 -0.00466614 -0.00358286 -0.00523962
internal_weight=10800 9582 1218 586 374 632 589 536 464 9519 324 9195 9152 8969
internal_count=10800 9582 1218 586 374 632 589 536 464 9519 324 9195 9152 8969
is_linear=0
shrinkage=0.05


end of trees

feature_importances:
consumo_alvo_semana_anterior=280
consumo_atual_kw=173
origem_hora=171
temperatura_externa_c_atual=161
consumo_lag_10080m=93
temperatura_externa_c_media_1440m=83
consumo_mean_1440m=49
consumo_max_180m=42
temperatura_externa_c_media_60m=39
origem_mes=39
temperatura_externa_c_media_360m=35
origem_hora_cos=35
temperatura_externa_c_lag_720m=34
consumo_alvo_dia_anterior=33
consumo_max_60m=32
consumo_std_180m=32
consumo_std_60m=28
consumo_min_180m=26
consumo_lag_180m=25
consumo_lag_1440m=25
consumo_max_1440m=23
umidade_relativa_pct_media_1440m=20
consumo_std_360m=17
umidade_relativa_pct_media_180m=17
alvo_hora_cos=17
consumo_max_360m=16
consumo_std_1440m=16
consumo_lag_120m=15
consumo_min_60m=15
consumo_min_360m=15
consumo_mean_60m=14
consumo_mean_360m=14
temperatura_externa_c_media_180m=14
umidade_relativa_pct_lag_180m=14
temperatura_externa_c_lag_1440m=13
temperatura_externa_c_lag_180m=12
umidade_relativa_pct_lag_1440m=12
origem_dia_semana=12
origem_hora_sin=12
umidade_relativa_pct_media_360m=11
umidade_relativa_pct_atual=10
umidade_relativa_pct_lag_720m=8
consumo_mean_180m=7
consumo_lag_360m=6
temperatura_externa_c_lag_60m=6
consumo_lag_720m=4
temperatura_externa_c_lag_15m=4
umidade_relativa_pct_lag_360m=4
umidade_relativa_pct_media_60m=4
consumo_lag_60m=3
temperatura_externa_c_lag_360m=3
consumo_lag_30m=2
umidade_relativa_pct_lag_15m=2
umidade_relativa_pct_lag_60m=2
origem_semana_sin=2
alvo_hora_sin=2
consumo_lag_15m=1
origem_semana_cos=1
alvo_dia_semana=1

parameters:
[boosting: gbdt]
[objective: regression]
[metric: l1]
[tree_learner: serial]
[device_type: cpu]
[data_sample_strategy: bagging]
[data: ]
[valid: ]
[num_iterations: 400]
[learning_rate: 0.05]
[num_leaves: 15]
[num_threads: 2]
[seed: 20260905]
[deterministic: 1]
[force_col_wise: 1]
[force_row_wise: 0]
[histogram_pool_size: -1]
[max_depth: -1]
[min_data_in_leaf: 40]
[min_sum_hessian_in_leaf: 0.001]
[bagging_fraction: 1]
[pos_bagging_fraction: 1]
[neg_bagging_fraction: 1]
[bagging_freq: 0]
[bagging_seed: 23218]
[bagging_by_query: 0]
[feature_fraction: 1]
[feature_fraction_bynode: 1]
[feature_fraction_seed: 28090]
[extra_trees: 0]
[extra_seed: 14360]
[early_stopping_round: 0]
[early_stopping_min_delta: 0]
[first_metric_only: 0]
[max_delta_step: 0]
[lambda_l1: 0]
[lambda_l2: 1]
[linear_lambda: 0]
[min_gain_to_split: 0]
[drop_rate: 0.1]
[max_drop: 50]
[skip_drop: 0.5]
[xgboost_dart_mode: 0]
[uniform_drop: 0]
[drop_seed: 16970]
[top_rate: 0.2]
[other_rate: 0.1]
[min_data_per_group: 100]
[max_cat_threshold: 32]
[cat_l2: 10]
[cat_smooth: 10]
[max_cat_to_onehot: 4]
[top_k: 20]
[monotone_constraints: ]
[monotone_constraints_method: basic]
[monotone_penalty: 0]
[feature_contri: ]
[forcedsplits_filename: ]
[refit_decay_rate: 0.9]
[cegb_tradeoff: 1]
[cegb_penalty_split: 0]
[cegb_penalty_feature_lazy: ]
[cegb_penalty_feature_coupled: ]
[path_smooth: 0]
[interaction_constraints: ]
[verbosity: -1]
[saved_feature_importance_type: 0]
[use_quantized_grad: 0]
[num_grad_quant_bins: 4]
[quant_train_renew_leaf: 0]
[stochastic_rounding: 1]
[linear_tree: 0]
[max_bin: 255]
[max_bin_by_feature: ]
[min_data_in_bin: 3]
[bin_construct_sample_cnt: 200000]
[data_random_seed: 5037]
[is_enable_sparse: 1]
[enable_bundle: 1]
[use_missing: 1]
[zero_as_missing: 0]
[feature_pre_filter: 1]
[pre_partition: 0]
[two_round: 0]
[header: 0]
[label_column: ]
[weight_column: ]
[group_column: ]
[ignore_column: ]
[categorical_feature: ]
[forcedbins_filename: ]
[precise_float_parser: 0]
[parser_config_file: ]
[objective_seed: 15411]
[num_class: 1]
[is_unbalance: 0]
[scale_pos_weight: 1]
[sigmoid: 1]
[boost_from_average: 1]
[reg_sqrt: 0]
[alpha: 0.9]
[fair_c: 1]
[poisson_max_delta_step: 0.7]
[tweedie_variance_power: 1.5]
[lambdarank_truncation_level: 30]
[lambdarank_norm: 1]
[label_gain: ]
[lambdarank_position_bias_regularization: 0]
[eval_at: ]
[multi_error_top_k: 1]
[auc_mu_weights: ]
[num_machines: 1]
[local_listen_port: 12400]
[time_out: 120]
[machine_list_filename: ]
[machines: ]
[gpu_platform_id: -1]
[gpu_device_id: -1]
[gpu_device_id_list: ]
[gpu_use_dp: 0]
[num_gpu: 1]

end of parameters

pandas_categorical:[]
