tree
version=v4
num_class=1
num_tree_per_iteration=1
label_index=0
max_feature_idx=65
objective=regression
feature_names=consumo_atual_kw consumo_lag_15m consumo_lag_30m consumo_lag_60m consumo_lag_120m consumo_lag_180m consumo_lag_360m consumo_lag_720m consumo_lag_1440m consumo_lag_10080m consumo_mean_60m consumo_min_60m consumo_max_60m consumo_std_60m consumo_mean_180m consumo_min_180m consumo_max_180m consumo_std_180m consumo_mean_360m consumo_min_360m consumo_max_360m consumo_std_360m consumo_mean_1440m consumo_min_1440m consumo_max_1440m consumo_std_1440m temperatura_externa_c_atual temperatura_externa_c_lag_15m temperatura_externa_c_lag_60m temperatura_externa_c_lag_180m temperatura_externa_c_lag_360m temperatura_externa_c_lag_720m temperatura_externa_c_lag_1440m temperatura_externa_c_media_60m temperatura_externa_c_media_180m temperatura_externa_c_media_360m temperatura_externa_c_media_1440m umidade_relativa_pct_atual umidade_relativa_pct_lag_15m umidade_relativa_pct_lag_60m umidade_relativa_pct_lag_180m umidade_relativa_pct_lag_360m umidade_relativa_pct_lag_720m umidade_relativa_pct_lag_1440m umidade_relativa_pct_media_60m umidade_relativa_pct_media_180m umidade_relativa_pct_media_360m umidade_relativa_pct_media_1440m origem_hora origem_dia_semana origem_fim_de_semana origem_mes origem_hora_sin origem_hora_cos origem_semana_sin origem_semana_cos alvo_hora alvo_dia_semana alvo_fim_de_semana alvo_mes alvo_hora_sin alvo_hora_cos alvo_semana_sin alvo_semana_cos consumo_alvo_dia_anterior consumo_alvo_semana_anterior
feature_infos=[22.399999999999999:324.71375799999998] [22.399999999999999:324.71375799999998] [22.399999999999999:324.71375799999998] [22.399999999999999:324.71375799999998] [22.399999999999999:324.71375799999998] [22.399999999999999:324.71375799999998] [22.399999999999999:324.71375799999998] [22.399999999999999:324.71375799999998] [22.399999999999999:324.71375799999998] [22.399999999999999:324.71375799999998] [22.399999999999999:321.24876725000001] [22.399999999999999:318.278571] [22.399999999999999:324.71375799999998] [0:82.540869055199337] [22.399999999999999:313.28577408333337] [22.399999999999999:302.53573799999998] [22.399999999999999:324.71375799999998] [0:92.970139865692389] [22.399999999999999:295.13563500000004] [22.399999999999999:249.29458700000001] [22.399999999999999:324.71375799999998] [0:116.53386463160022] [23.200000000000003:159.49963871874999] none [25.600000000000001:324.71375799999998] [1.3929144002343703:128.71471884334804] [15:33.700000000000003] [15:33.700000000000003] [15:33.700000000000003] [15:33.700000000000003] [15:33.700000000000003] [15:33.700000000000003] [15:33.700000000000003] [15:33.4375] [15:32.71875] [15.333333333333334:31.620833333333334] [16.439843749999998:27.283072916666669] [31:98] [31:98] [31:98] [31:98] [31:98] [31:98] [31:98] [32.5:95.625] [33.666666666666664:95.083333333333329] [37.041666666666664:94] [59.309895833333336:91.638020833333329] [0:23.75] [0:6] [0:1] [1:4] [-1:1] [-1:1] [-0.97492791218182362:0.97492791218182362] [-0.90096886790241903:1] [0:23.75] [0:6] [0:1] [1:4] [-1:1] [-1:1] [-0.97492791218182362:0.97492791218182362] [-0.90096886790241903:1] [22.399999999999999:324.71375799999998] [22.399999999999999:324.71375799999998]
tree_sizes=1386 1411 1414 1408 1420 1415 1416 1417 1417 1405 1420 1413 1421 1411 1418 1407 1412 1419 1413 1408 1409 1416 1420 1406 1417 1411 1422 1413 1419 1410 1409 1407 1428 1420 1424 1415 1424 1420 1423 1427 1427 1428 1439 1442 1418 1426 1424 1428 1423 1418 1437 1427 1428 1423 1446 1432 1426 1419 1423 1434 1431 1433 1418 1421 1418 1431 1423 1423 1440 1429 1432 1428 1437 1441 1442 1430 1433 1440 1434 1434 1430 1437 1431 1429 1439 1431 1432 1436 1442 1438 1423 1439 1437 1425 1437 1429 1453 1421 1449 1429 1424 1428 1436 1420 1438 1426 1438 1435 1430 1436 1438 1447 1442 1435 1452 1445 1437 1452 1414 1433 1433 1438 1429 1446 1439 1446 1436 1429 1445 1450 1434

Tree=0
num_leaves=15
num_cat=0
split_feature=65 65 65 52 60 15 34 36 36 52 18 36 12 27
split_gain=8.95874e+07 9.48526e+06 3.46396e+06 302466 286115 222991 224768 220351 143643 100093 67510.7 39516.8 38770.7 37553.2
threshold=151.93998750000003 42.523274000000008 229.01913550000003 0.13052619222005182 -0.8814490726585632 69.939157000000009 19.038541666666671 21.784895833333337 20.71901041666667 0.35206144883412582 47.692005979166673 24.679427083333334 256.18699950000007 16.862500000000004
decision_type=2 2 2 2 2 2 2 2 2 2 2 2 2 2
left_child=1 -1 3 -2 12 6 13 -6 -5 -10 -9 -12 -3 -4
right_child=2 4 5 8 7 -7 -8 10 9 -11 11 -13 -14 -15
leaf_value=104.08793789429514 109.55094535953326 108.79269572949283 113.63728407999098 111.65576016915917 107.20155777316396 113.44124644816364 116.23094114756901 109.12879238713013 112.52668479763605 113.58796141231501 108.00514490260548 108.87049512967833 110.23649630243028 115.14807200270825
leaf_weight=5440 76 62 70 226 478 99 1818 303 458 511 501 178 194 386
leaf_count=5440 76 62 70 226 478 99 1818 303 458 511 501 178 194 386
internal_value=108.36 105.11 114.74 112.628 108.351 115.869 115.973 108.081 112.823 113.091 108.509 108.232 109.89 114.928
internal_weight=10800 7156 3644 1271 1716 2373 2274 1460 1195 969 982 679 256 456
internal_count=10800 7156 3644 1271 1716 2373 2274 1460 1195 969 982 679 256 456
is_linear=0
shrinkage=1


Tree=1
num_leaves=15
num_cat=0
split_feature=65 65 65 52 60 15 34 36 36 18 17 36 65 36
split_gain=8.08623e+07 8.56087e+06 3.12618e+06 272930 258356 200859 202451 198921 131818 60944.8 55566.6 51534.4 44289.1 36165.4
threshold=151.93998750000003 42.523274000000008 229.01913550000003 0.13052619222005182 -0.8814490726585632 69.939157000000009 19.038541666666671 21.784895833333337 22.925260416666671 47.692005979166673 36.316471856346148 18.666666666666668 190.22173450000003 23.063020833333336
decision_type=2 2 2 2 2 2 2 2 2 2 2 2 2 2
left_child=1 -1 3 -2 13 6 -4 -6 11 -9 -10 -5 -13 -3
right_child=2 4 5 8 7 -7 -8 9 10 -11 -12 12 -14 -15
leaf_value=-4.0582389989992071 1.132430851923955 0.84495492605492473 6.2413774619738964 2.1235268482795129 -1.1003817579932589 4.8299840850830087 7.477869602348072 0.73073850843173105 4.5206626141455866 -0.12093579920844232 5.8409931676141156 3.1946979625937866 4.1865440312403459 2.0426609219381446
leaf_weight=5440 76 127 456 51 478 99 1818 303 464 679 115 193 372 129
leaf_count=5440 76 127 456 51 478 99 1818 303 464 679 115 193 372 129
internal_value=0.000169984 -3.0871 6.06205 4.05553 -0.00784773 7.13461 7.23277 -0.265007 4.24033 0.142328 4.79252 3.71439 3.85398 1.45409
internal_weight=10800 7156 3644 1271 1716 2373 2274 1460 1195 982 579 616 565 256
internal_count=10800 7156 3644 1271 1716 2373 2274 1460 1195 982 579 616 565 256
is_linear=0
shrinkage=0.05


Tree=2
num_leaves=15
num_cat=0
split_feature=65 65 65 52 60 30 36 11 36 52 61 33 65 12
split_gain=7.29875e+07 7.72662e+06 2.82054e+06 246333 233332 184001 180976 145473 120045 86476.4 49169.2 35365.5 33381 33281.1
threshold=151.93998750000003 42.523274000000008 229.01913550000003 0.13052619222005182 -0.8814490726585632 19.762500000000003 22.238281250000004 244.79922150000002 20.71901041666667 0.35206144883412582 -0.68322629814330815 22.065625000000004 204.87737250000004 259.31753250000003
decision_type=2 2 2 2 2 2 2 2 2 2 2 2 2 2
left_child=1 -1 3 -2 13 -4 -6 -7 12 -10 -8 -11 -5 -3
right_child=2 4 5 8 6 7 10 -9 9 11 -12 -13 -14 -15
leaf_value=-3.8553644843190016 1.0765446452351359 0.45346725193990606 5.8770819967792889 2.3728876876831055 -0.9347219855538178 7.1056538042860842 0.84870471572334116 4.7412422304029596 3.7511011717885667 4.3329190901689314 -0.01456457783115294 5.2754003756514223 3.6506363803900563 1.7339240804795297
leaf_weight=5440 76 71 495 124 582 1802 219 76 458 298 659 213 102 185
leaf_count=5440 76 71 495 124 582 1802 219 76 458 298 659 213 102 185
internal_value=0.000336762 -2.93275 5.75949 3.85358 -0.00738554 6.77827 -0.251773 7.01254 4.02915 4.27447 0.201482 4.73531 2.96311 1.38194
internal_weight=10800 7156 3644 1271 1716 2373 1460 1878 1195 969 878 511 226 256
internal_count=10800 7156 3644 1271 1716 2373 1460 1878 1195 969 878 511 226 256
is_linear=0
shrinkage=0.05


Tree=3
num_leaves=15
num_cat=0
split_feature=65 65 65 52 60 29 36 11 36 36 17 36 65 27
split_gain=6.58798e+07 6.97364e+06 2.54474e+06 222332 210698 167217 164492 143056 112144 53005.4 46228.2 43952.1 36769.4 33194.7
threshold=151.93998750000003 42.523274000000008 229.01913550000003 0.13052619222005182 -0.8814490726585632 19.012500000000003 21.784895833333337 238.72583750000004 22.925260416666671 23.992578124999998 36.316471856346148 18.666666666666668 190.22173450000003 16.862500000000004
decision_type=2 2 2 2 2 2 2 2 2 2 2 2 2 2
left_child=1 -1 3 -2 -3 13 -6 -7 11 -8 -10 -5 -13 -4
right_child=2 4 5 8 6 7 9 -9 10 -11 -12 12 -14 -15
leaf_value=-3.6626318161944611 1.023416468384978 1.3132720485503571 4.4200067332093154 1.8784575388981748 -0.99883903142119257 6.7654877853608717 -0.20511930407277335 4.4455240787603918 4.0896902022823216 0.53169089947289938 5.2926533057771881 2.872839908009952 3.7753944678217097 5.7848952090085213
leaf_weight=5440 76 256 70 51 478 1772 534 77 464 448 115 193 372 454
leaf_count=5440 76 256 70 51 478 1772 534 77 464 448 115 193 372 454
internal_value=0.000488462 -2.78613 5.47204 3.66171 -0.0069555 6.43973 -0.239188 6.67133 3.8285 0.131221 4.33733 3.34398 3.47271 5.61133
internal_weight=10800 7156 3644 1271 1716 2373 1460 1849 1195 982 579 616 565 524
internal_count=10800 7156 3644 1271 1716 2373 1460 1849 1195 982 579 616 565 524
is_linear=0
shrinkage=0.05


Tree=4
num_leaves=15
num_cat=0
split_feature=65 65 65 52 60 15 36 36 30 17 18 17 36 37
split_gain=5.94652e+07 6.2939e+06 2.29611e+06 200665 190227 153280 156147 148487 101904 59113.6 50385.8 47067.5 43953.4 34404.9
threshold=151.93998750000003 42.523274000000008 229.01913550000003 0.13052619222005182 -0.8814490726585632 69.939157000000009 20.610677083333339 21.784895833333337 20.162500000000005 46.226624869382128 47.692005979166673 36.316471856346148 23.024739583333339 47.125000000000007
decision_type=2 2 2 2 2 2 2 2 2 2 2 2 2 2
left_child=1 -1 3 -2 -3 6 -4 -6 9 -5 -9 -10 -8 -12
right_child=2 4 5 8 7 -7 12 10 11 -11 13 -13 -14 -15
leaf_value=-3.4795337331358556 0.97291022059205301 1.2478639219753473 5.1862922169945458 2.6489462249072986 -0.9490013361786005 4.1083595886230473 6.0734571626892802 0.65969428926902385 3.8103470493370382 3.9955726429567502 0.67397298584165788 4.9685573965816179 6.6359150461382059 -0.27472927156941107
leaf_weight=5440 76 256 351 323 478 99 863 303 638 117 114 117 1060 565
leaf_count=5440 76 256 351 323 478 99 863 303 638 117 114 117 1060 565
internal_value=0.000636884 -2.64684 5.19899 3.47936 -0.00658906 6.11819 6.20385 -0.227252 3.63782 3.01527 0.124677 3.99617 6.38678 -0.114691
internal_weight=10800 7156 3644 1271 1716 2373 2274 1460 1195 440 982 755 1923 679
internal_count=10800 7156 3644 1271 1716 2373 2274 1460 1195 440 982 755 1923 679
is_linear=0
shrinkage=0.05


Tree=5
num_leaves=15
num_cat=0
split_feature=65 65 65 52 36 30 11 36 60 21 36 17 36 26
split_gain=5.36752e+07 5.68049e+06 2.07194e+06 181101 176987 138147 105493 94699.9 85169.5 73289.4 39774.1 39062.1 37274.9 32677.3
threshold=151.93998750000003 42.523274000000008 229.01913550000003 0.13052619222005182 23.063020833333336 19.812500000000004 244.79922150000002 22.733854166666671 -0.8814490726585632 62.23442775182194 21.355208333333337 36.316471856346148 18.666666666666668 21.012500000000003
decision_type=2 2 2 2 2 2 2 2 2 2 2 2 2 2
left_child=1 -1 3 -2 9 -4 13 12 -6 10 -3 -9 -5 -7
right_child=2 4 5 7 8 6 -8 11 -10 -11 -12 -13 -14 -15
leaf_value=-3.3055891399106607 0.92489643031126489 -1.019928037124471 5.0365756862640385 1.6434922915238603 1.7321522835584788 5.8408943140948262 4.0807707526467061 3.6806152351456465 0.32447935186088084 0.64549808010349197 -0.32264478833290045 4.7614126062393192 3.1115249264509157 6.3548831260663858
leaf_weight=5440 76 363 499 51 129 917 76 494 624 130 470 119 531 881
leaf_count=5440 76 363 499 51 129 917 76 494 624 130 470 119 531 881
internal_value=0.000772952 -2.51452 4.93957 3.30604 -0.00622007 5.81274 6.01662 3.45658 0.567612 -0.455041 -0.627362 3.89784 2.98592 6.09614
internal_weight=10800 7156 3644 1271 1716 2373 1874 1195 753 963 833 613 582 1798
internal_count=10800 7156 3644 1271 1716 2373 1874 1195 753 963 833 613 582 1798
is_linear=0
shrinkage=0.05


Tree=6
num_leaves=15
num_cat=0
split_feature=65 65 65 52 36 15 33 36 60 52 21 36 26 36
split_gain=4.84487e+07 5.12687e+06 1.86975e+06 163435 159788 127379 129871 87264.1 76939.2 71489.6 66179.4 35907.6 32441.9 29931.1
threshold=151.93998750000003 42.523274000000008 229.01913550000003 0.13052619222005182 23.063020833333336 69.939157000000009 19.003125000000004 20.649218750000006 -0.8814490726585632 0.35206144883412582 62.23442775182194 21.355208333333337 16.862500000000004 23.024739583333339
decision_type=2 2 2 2 2 2 2 2 2 2 2 2 2 2
left_child=1 -1 3 -2 10 6 12 -5 -6 -9 11 -3 -4 -8
right_child=2 4 5 7 8 -7 13 9 -10 -11 -12 -13 -14 -15
leaf_value=-3.14033996436202 0.87925219926257414 -0.96907170433064937 3.6790481484454611 2.3442504374780389 1.6462109037546011 3.6920060358047486 5.5094597773690346 3.0158330699493145 0.30828133690878751 3.8980911005460301 0.61346954346158133 -0.30654679757360997 5.0094218821584446 6.0062206392306443
leaf_weight=5440 76 363 68 213 129 99 757 463 624 519 130 470 404 1045
leaf_count=5440 76 363 68 213 129 99 757 463 624 519 130 470 404 1045
internal_value=0.000889398 -2.3888 4.69308 3.14129 -0.00586947 5.52256 5.60059 3.2843 0.539368 3.48561 -0.432325 -0.596074 4.82594 5.80071
internal_weight=10800 7156 3644 1271 1716 2373 2274 1195 753 982 963 833 472 1802
internal_count=10800 7156 3644 1271 1716 2373 2274 1195 753 982 963 833 472 1802
is_linear=0
shrinkage=0.05


Tree=7
num_leaves=15
num_cat=0
split_feature=65 65 65 52 36 29 11 36 60 21 52 17 36 18
split_gain=4.37312e+07 4.62721e+06 1.68761e+06 147475 144259 114999 93688 82156.7 69504.1 59759.3 34631.8 33893.5 32417 27867.6
threshold=151.93998750000003 42.523274000000008 229.01913550000003 0.13052619222005182 23.063020833333336 19.012500000000003 238.72583750000004 22.962760416666672 -0.8814490726585632 62.23442775182194 0.35206144883412582 36.316471856346148 21.355208333333337 51.652780479166672
decision_type=2 2 2 2 2 2 2 2 2 2 2 2 2 2
left_child=1 -1 3 -2 9 -4 -7 10 -6 12 -5 -9 -3 -10
right_child=2 4 5 7 8 6 -8 11 13 -11 -12 -13 -14 -15
leaf_value=-2.983351877580954 0.8358605632534275 -0.92075127280511693 4.5610622565859842 2.2954189377026348 1.5645335245132448 5.5149753202641678 3.6359807112278086 3.3507735994127064 0.80194003799028624 0.58303021583848336 3.0711733972241064 4.387172128457939 -0.29125199406674712 0.073727701669431309
leaf_weight=5440 76 363 524 292 129 1772 77 458 187 130 333 112 470 437
leaf_count=5440 76 363 524 292 129 1772 77 458 187 130 333 112 470 437
internal_value=0.000993884 -2.26938 4.45889 2.98463 -0.00553837 5.24693 5.43873 3.12047 0.512529 -0.410743 2.71299 3.56174 -0.566347 0.292892
internal_weight=10800 7156 3644 1271 1716 2373 1849 1195 753 963 625 570 833 624
internal_count=10800 7156 3644 1271 1716 2373 1849 1195 753 963 625 570 833 624
is_linear=0
shrinkage=0.05


Tree=8
num_leaves=15
num_cat=0
split_feature=65 65 65 52 36 36 11 30 60 21 17 18 52 26
split_gain=3.94722e+07 4.17629e+06 1.5227e+06 133095 130274 106682 98832.2 76073.2 71203.8 52483.1 49353.3 36001.9 35546.9 33055.4
threshold=151.93998750000003 42.523274000000008 229.01913550000003 0.13052619222005182 22.654296875000004 20.610677083333339 238.72583750000004 20.162500000000005 -0.8814490726585632 62.23442775182194 46.226624869382128 49.270529291666669 0.41248606129204562 21.012500000000003
decision_type=2 2 2 2 2 2 2 2 2 2 2 2 2 2
left_child=1 -1 3 -2 9 -4 13 10 -6 -3 -5 -10 -9 -7
right_child=2 4 5 7 8 6 -8 12 11 -11 -12 -13 -14 -15
leaf_value=-2.8342116600054852 0.79461028761677932 -0.64221266982089376 4.1552210741756364 2.0968521090201389 1.4068940968537818 4.9836166101561146 3.4348487833044032 2.9617443656921392 0.69554643036401653 0.51817498458385991 3.3193388114541267 -0.029288628567504988 3.6968662967441213 5.4623885152590628
leaf_weight=5440 76 678 360 323 146 1030 90 439 253 113 117 526 316 893
leaf_count=5440 76 678 360 323 146 1030 90 439 253 113 117 526 316 893
internal_value=0.00106678 -2.15592 4.23633 2.83594 -0.0052087 4.98487 5.13111 2.965 0.397459 -0.475998 2.42871 0.20671 3.27391 5.20867
internal_weight=10800 7156 3644 1271 1716 2373 2013 1195 925 791 440 779 755 1923
internal_count=10800 7156 3644 1271 1716 2373 2013 1195 925 791 440 779 755 1923
is_linear=0
shrinkage=0.05


Tree=9
num_leaves=15
num_cat=0
split_feature=65 65 65 36 52 15 33 60 48 21 33 35 61 26
split_gain=3.56289e+07 3.84181e+06 1.3186e+06 127296 101555 96360.4 98084.1 66169.6 56351.6 50542 50037.2 40600.8 29197.4 29165.8
threshold=157.60646400000005 42.523274000000008 229.01913550000003 23.063020833333336 0.35206144883412582 69.939157000000009 19.003125000000004 -0.8814490726585632 11.625000000000002 62.23442775182194 20.756250000000005 19.99635416666667 -0.9733555533461492 16.512500000000003
decision_type=2 2 2 2 2 2 2 2 2 2 2 2 2 2
left_child=1 -1 4 9 8 6 13 -5 11 12 -6 -2 -3 -4
right_child=2 3 5 7 10 -7 -8 -9 -10 -11 -12 -13 -14 -15
leaf_value=-2.6925270421302092 1.5490561294555665 0.5021637550225625 3.0490406406459525 1.4872080663912488 2.6186584935206154 3.1458280067443849 4.9775638406830769 0.27334794931617257 0.78206445594302954 0.50278032126010097 3.5489113271870516 2.6352604539366977 -0.60327771396733287 4.2994378645238482
leaf_weight=5440 114 64 66 136 266 99 1802 626 60 141 375 434 771 406
leaf_count=5440 114 64 66 136 266 99 1802 626 60 141 375 434 771 406
internal_value=0.00115245 -2.03881 4.04335 0.00772957 2.72461 4.73601 4.80383 0.49166 2.25318 -0.37021 3.16756 2.41253 -0.51805 4.13141
internal_weight=10800 7178 3622 1738 1249 2373 2274 762 608 976 641 548 835 472
internal_count=10800 7178 3622 1738 1249 2373 2274 762 608 976 641 548 835 472
is_linear=0
shrinkage=0.05


Tree=10
num_leaves=15
num_cat=0
split_feature=65 65 65 36 52 36 36 60 11 52 36 21 61 52
split_gain=3.21602e+07 3.40164e+06 1.23967e+06 108736 108454 90347.4 66222.3 65206 55105.8 50667 40475 38036.3 35304.1 32975.9
threshold=151.93998750000003 42.523274000000008 229.01913550000003 22.238281250000004 0.13052619222005182 22.72096354166667 20.649218750000006 -0.8814490726585632 244.79922150000002 0.35206144883412582 18.395963541666671 67.310520107035174 -0.68322629814330815 0.58216583101416164
decision_type=2 2 2 2 2 2 2 2 2 2 2 2 2 2
left_child=1 -1 4 11 -2 10 -6 -5 -7 -8 -4 -3 -9 -12
right_child=2 3 5 7 6 8 9 12 -10 -11 13 -13 -14 -15
leaf_value=-2.5579255872297715 0.71786329192774634 -0.64436755248719235 3.0287991024727048 1.2493685838936262 1.8607083997993827 4.8759540644340618 2.4573540391593145 0.69713903000747623 3.062471872217515 3.1987859856537906 3.5133835882510782 0.44022851681455655 -0.034328655865233898 4.3763688285476565
leaf_weight=5440 76 587 85 158 213 1190 463 219 50 519 158 93 659 890
leaf_count=5440 76 587 85 158 213 1190 463 219 50 519 158 93 659 890
internal_value=0.00121547 -1.94576 3.82413 -0.00474278 2.56057 4.49954 2.67707 0.317612 4.80536 2.85207 4.16089 -0.495604 0.148707 4.24974
internal_weight=10800 7156 3644 1716 1271 2373 1195 1036 1240 982 1133 680 878 1048
internal_count=10800 7156 3644 1716 1271 2373 1195 1036 1240 982 1133 680 878 1048
is_linear=0
shrinkage=0.05


Tree=11
num_leaves=15
num_cat=0
split_feature=65 65 65 36 52 36 11 60 48 33 21 30 36 22
split_gain=2.90289e+07 3.12918e+06 1.0737e+06 106750 84034.9 82748.4 72757.1 54165.9 45559.5 44082.5 41221.9 35953.5 30751.6 25961
threshold=157.60646400000005 42.523274000000008 229.01913550000003 23.063020833333336 0.35206144883412582 20.610677083333339 238.72583750000004 -0.8814490726585632 11.625000000000002 22.021875000000005 62.23442775182194 20.212500000000002 25.138281250000002 133.10878778125002
decision_type=2 2 2 2 2 2 2 2 2 2 2 2 2 2
left_child=1 -1 4 10 8 -4 12 -5 11 -6 13 -2 -7 -3
right_child=2 3 5 7 9 6 -8 -9 -10 -11 -12 -13 -14 -15
leaf_value=-2.4300527843607851 1.6366561720912582 -0.67521969308834906 3.5459298559172994 1.3508312945213359 2.5520868105367875 4.3664556120394762 2.948079573453128 0.25255990271906609 0.7082975212484599 3.459545359633486 0.44924982838122784 2.4927134536098112 4.9644981793830736 -0.089019505368738344
leaf_weight=5440 206 546 360 136 425 1598 90 626 60 216 141 342 325 289
leaf_count=5440 206 546 360 136 425 1598 90 626 60 216 141 342 325 289
internal_value=0.0012762 -1.84007 3.64992 0.00693019 2.45992 4.27496 4.40351 0.45009 2.03119 2.86279 -0.339168 2.17448 4.47006 -0.47268
internal_weight=10800 7178 3622 1738 1249 2373 2013 762 608 641 976 548 1923 835
internal_count=10800 7178 3622 1738 1249 2373 2013 762 608 641 976 548 1923 835
is_linear=0
shrinkage=0.05


Tree=12
num_leaves=15
num_cat=0
split_feature=65 65 65 27 52 36 17 36 11 36 37 36 52 48
split_gain=2.62034e+07 2.77053e+06 1.00941e+06 90137.1 88365.4 76348.7 71132.4 59821.5 44964.9 34909.1 30882.6 30262.1 28739.3 25542.9
threshold=151.93998750000003 42.523274000000008 229.01913550000003 20.012500000000003 0.13052619222005182 22.72096354166667 24.6351276810062 23.192187500000003 244.79922150000002 18.395963541666671 49.875000000000007 18.666666666666668 0.58216583101416164 1.6250000000000002
decision_type=2 2 2 2 2 2 2 2 2 2 2 2 2 2
left_child=1 -1 4 -3 -2 9 13 11 -7 -4 -8 -6 -11 -5
right_child=2 3 5 6 7 8 10 -9 -10 12 -12 -13 -14 -15
leaf_value=-2.3085724297614467 0.64856112585342551 -0.72296177994930888 2.7038851183514261 -0.14066200263481191 0.90165164940632314 4.4060619221326185 0.43525868295788928 2.8226618908246359 2.767837013917811 3.1497738808206042 -0.28995991022634254 2.1932437740086357 3.9505850090322272 0.76601921475611101
leaf_weight=5440 76 347 85 93 51 1190 191 524 50 158 623 620 890 462
leaf_count=5440 76 347 85 93 51 1190 191 524 50 158 623 620 890 462
internal_value=0.00133061 -1.75611 3.45208 -0.00437469 2.31189 4.06154 0.17816 2.41705 4.34229 3.75072 -0.119467 2.09656 3.83297 0.614109
internal_weight=10800 7156 3644 1716 1271 2373 1369 1195 1240 1133 814 671 1048 555
internal_count=10800 7156 3644 1716 1271 2373 1369 1195 1240 1133 814 671 1048 555
is_linear=0
shrinkage=0.05


Tree=13
num_leaves=15
num_cat=0
split_feature=65 65 65 21 36 52 30 52 33 30 36 12 45 7
split_gain=2.36561e+07 2.64425e+06 800412 96978.7 74490.3 70653.1 70059.8 49988 38630.2 37004.9 28455 26745 24605.4 20309.9
threshold=163.10669200000004 63.145266500000005 229.01913550000003 68.463790569458396 24.011067708333339 0.35206144883412582 19.812500000000004 0.58216583101416164 20.756250000000005 20.212500000000002 21.355208333333337 259.31753250000003 81.552083333333357 91.930868000000018
decision_type=2 2 2 2 2 2 2 2 2 2 2 2 2 2
left_child=1 -1 5 4 10 9 -4 -8 -7 -2 -3 -5 13 -9
right_child=2 3 6 11 -6 8 7 12 -10 -11 -12 -13 -14 -15
leaf_value=-2.1887107539521717 1.3573943660639261 -0.71240284724131309 3.3094255375862121 0.15440143336697174 0.42057529888159551 2.1584362836154005 3.3507231176531356 5.2272520597590955 2.9772816433777685 2.1924361279390863 -0.16431902927776704 1.1403398209754507 3.9410488240774182 4.2524172201119796
leaf_weight=5462 228 375 499 101 425 264 282 85 369 344 642 217 990 517
leaf_count=5462 228 375 499 101 425 264 282 85 369 344 642 217 990 517
internal_value=0.00136254 -1.64571 3.32541 0.039743 -0.134689 2.27265 3.85882 4.00327 2.63972 1.86254 -0.366916 0.828662 4.11668 4.3985
internal_weight=10800 7222 3578 1760 1442 1205 2373 1874 633 572 1017 318 1592 602
internal_count=10800 7222 3578 1760 1442 1205 2373 1874 633 572 1017 318 1592 602
is_linear=0
shrinkage=0.05


Tree=14
num_leaves=15
num_cat=0
split_feature=65 65 65 21 36 52 15 26 35 28 29 6 35 12
split_gain=2.13534e+07 2.38829e+06 722431 90269 67859.3 64904.2 64892.9 66051.6 35500.9 29035.7 25625.7 24189.3 28960.1 24146.9
threshold=163.10669200000004 42.523274000000008 229.01913550000003 68.463790569458396 23.947526041666674 0.41248606129204562 69.939157000000009 19.012500000000003 20.478125000000002 20.762500000000003 19.962500000000002 82.934400000000025 22.584375000000005 259.31753250000003
decision_type=2 2 2 2 2 2 2 2 2 2 2 2 2 2
left_child=1 -1 5 4 10 8 7 -4 -2 -7 -3 12 -9 -5
right_child=2 3 6 13 -6 9 -8 11 -10 -11 -12 -13 -14 -15
leaf_value=-2.0837495607173833 1.2730983722180422 -0.78083175005736183 3.1819761168809588 0.14675704777679022 0.38140194758696128 2.1611484030706691 2.3675635466575624 3.8688906257450046 2.0709678413116772 2.9642859946356879 -0.21317972196462126 3.5195907564305551 4.5664825193343628 1.0835843935643041
leaf_weight=5440 201 269 485 101 436 225 99 1105 510 269 759 468 216 217
leaf_count=5440 201 269 485 101 436 225 99 1105 510 269 759 468 216 217
internal_value=0.0014214 -1.56343 3.15955 0.0252508 -0.140729 2.15938 3.6663 3.72178 1.84751 2.60359 -0.362333 3.86626 3.98632 0.787431
internal_weight=10800 7222 3578 1782 1464 1205 2373 2274 711 494 1028 1789 1321 318
internal_count=10800 7222 3578 1782 1464 1205 2373 2274 711 494 1028 1789 1321 318
is_linear=0
shrinkage=0.05


Tree=15
num_leaves=15
num_cat=0
split_feature=65 65 65 24 52 36 36 6 11 14 36 36 52 17
split_gain=1.92747e+07 2.03738e+06 741401 73020.5 70854.6 60094.6 48097.6 43267.7 34762.7 31804.2 29903 25207.9 23402.3 23054.8
threshold=151.93998750000003 42.523274000000008 229.01913550000003 274.65417650000006 0.13052619222005182 22.72096354166667 22.962760416666672 69.10047950000002 244.79922150000002 246.16285604166669 18.395963541666671 18.395963541666671 0.58216583101416164 34.075112318902605
decision_type=2 2 2 2 2 2 2 2 2 2 2 2 2 2
left_child=1 -1 4 9 -2 10 11 -5 -7 -3 -4 -6 -12 -8
right_child=2 3 5 7 6 8 13 -9 -10 -11 12 -13 -14 -15
leaf_value=-1.979581316103284 0.49592761765052745 -0.39516996479944516 2.2495410364727642 0.8465281398176101 0.63732534364486737 3.7877837638710852 2.2418128082888167 0.070701036728597941 2.3519719918568929 0.56539956894703214 2.6727256780900297 1.8588714777496813 3.3892981084375138 3.0701687303082696
leaf_weight=5440 76 850 85 284 47 1190 455 487 50 95 158 578 890 115
leaf_count=5440 76 850 85 284 47 1190 455 487 50 95 158 578 890 115
internal_value=0.00146374 -1.50582 2.96103 -0.00363929 1.98386 3.48336 2.078 0.357205 3.73183 -0.298109 3.20837 1.76818 3.28392 2.41402
internal_weight=10800 7156 3644 1716 1271 2373 1195 771 1240 945 1133 625 1048 570
internal_count=10800 7156 3644 1716 1271 2373 1195 771 1240 945 1133 625 1048 570
is_linear=0
shrinkage=0.05


Tree=16
num_leaves=15
num_cat=0
split_feature=65 65 65 21 52 36 35 52 30 27 36 11 26 36
split_gain=1.74036e+07 1.94395e+06 587961 73470.6 61308.1 57400.3 55673.5 39319.7 30482.5 28029.7 23108.5 20701.2 20686.3 18715.6
threshold=163.10669200000004 63.145266500000005 230.94556050000003 68.463790569458396 0.41248606129204562 24.011067708333339 19.947395833333335 0.58216583101416164 18.812500000000004 20.487500000000004 21.355208333333337 211.75611700000002 16.512500000000003 25.138281250000002
decision_type=2 2 2 2 2 2 2 2 2 2 2 2 2 2
left_child=1 -1 4 5 8 10 12 -8 -2 -6 -3 -5 -4 -10
right_child=2 3 6 11 9 -7 7 -9 13 -11 -12 -13 -14 -15
leaf_value=-1.876820887047228 0.81165989368843539 -0.63312331731332117 2.0113335652137869 0.293414826426459 1.9263901500091998 0.36949069439061866 2.8771597810117919 3.5824280805365989 1.6643858041846684 2.7051526837700965 -0.13923100319446222 1.1027477393192906 3.0101881556298826 2.4592585368822983
leaf_weight=5462 95 375 66 151 214 425 262 1418 528 297 642 167 606 92
leaf_count=5462 95 375 66 151 214 425 262 1418 528 297 642 167 606 92
internal_value=0.00149182 -1.41124 2.85261 0.033892 1.96202 -0.117933 3.31581 3.47422 1.65795 2.38342 -0.321788 0.720566 2.91522 1.7861
internal_weight=10800 7222 3578 1760 1226 1442 2352 1680 715 511 1017 318 672 620
internal_count=10800 7222 3578 1760 1226 1442 2352 1680 715 511 1017 318 672 620
is_linear=0
shrinkage=0.05


Tree=17
num_leaves=15
num_cat=0
split_feature=65 65 65 21 52 36 36 11 64 33 30 37 36 12
split_gain=1.57091e+07 1.75564e+06 530513 68468.8 55973.9 52049.9 50551.3 43710.1 29226.8 28785.1 28683.8 24501.7 23227.1 21466
threshold=163.10669200000004 42.523274000000008 230.94556050000003 67.310520107035174 0.35206144883412582 21.733854166666671 20.610677083333339 238.72583750000004 201.68129500000001 20.459375000000005 21.662500000000005 47.125000000000007 25.307031250000005 269.11869150000007
decision_type=2 2 2 2 2 2 2 2 2 2 2 2 2 2
left_child=1 -1 4 5 10 -3 -4 12 11 -6 -2 -7 -8 -5
right_child=2 3 6 13 9 8 7 -9 -10 -11 -12 -13 -14 -15
leaf_value=-1.7867965869311133 1.2036639776823752 -0.56825269299208281 2.5798151598591099 0.32912755753539169 1.7537066510171859 0.55601322149922117 3.219322791389319 2.0942770874777508 0.48121065043355871 2.4546268406824852 1.9362287500539723 -0.24161101684969646 3.7502416676945161 1.1422756703219552
leaf_weight=5440 345 458 356 200 256 115 1624 85 306 397 228 566 287 137
leaf_count=5440 345 458 356 200 256 115 1624 85 306 397 228 566 287 137
internal_value=0.00151055 -1.34068 2.71028 0.0214226 1.86431 -0.128349 3.15026 3.25066 0.0761496 2.18294 1.49802 -0.106299 3.30098 0.662097
internal_weight=10800 7222 3578 1782 1226 1445 2352 1996 987 653 573 681 1911 337
internal_count=10800 7222 3578 1782 1226 1445 2352 1996 987 653 573 681 1911 337
is_linear=0
shrinkage=0.05


Tree=18
num_leaves=15
num_cat=0
split_feature=65 65 65 25 52 15 26 21 64 30 48 28 41 61
split_gain=1.41794e+07 1.58459e+06 478917 63270.1 47756.9 47610.4 46835.4 32193 31879.5 27466.5 22086.9 21738.8 21308.8 18239.8
threshold=163.10669200000004 63.145266500000005 229.01913550000003 104.19667212036495 0.41248606129204562 69.939157000000009 19.012500000000003 66.479949336231599 145.66790250000003 20.087500000000002 5.6250000000000009 18.962500000000002 82.875000000000014 -0.9733555533461492
decision_type=2 2 2 2 2 2 2 2 2 2 2 2 2 2
left_child=1 -1 4 7 9 6 -4 13 -5 -2 -8 -6 -12 -3
right_child=2 3 5 8 11 -7 10 -9 -10 -11 12 -13 -14 -15
leaf_value=-1.6940005149080624 1.0888071444387311 0.42765947475626664 2.5816221222465425 0.12163534205359144 1.399908682134714 1.8793025943040851 2.9340173989923444 0.39468413609872827 0.82239835359636815 1.7384186322737603 3.6346827424302393 2.2981450325733905 3.1195403930892702 -0.39232914418832565
leaf_weight=5462 270 73 485 389 88 99 765 186 278 441 391 406 633 834
leaf_count=5462 270 73 485 389 88 99 765 186 278 441 391 406 633 834
internal_value=0.00152253 -1.27365 2.57503 0.0310873 1.76068 2.98763 3.03504 -0.203055 0.414501 1.49361 3.15645 2.14129 3.31959 -0.325934
internal_weight=10800 7222 3578 1760 1205 2373 2274 1093 667 711 1789 494 1024 907
internal_count=10800 7222 3578 1760 1205 2373 2274 1093 667 711 1789 494 1024 907
is_linear=0
shrinkage=0.05


Tree=19
num_leaves=15
num_cat=0
split_feature=65 65 65 26 52 17 30 52 30 34 27 14 61 17
split_gain=1.2799e+07 1.43142e+06 432321 58179.3 46452 43979.9 43668.7 33133 25235.1 24372.1 21910.7 18035.5 16675 16441.5
threshold=163.10669200000004 42.523274000000008 230.94556050000003 20.012500000000003 0.41248606129204562 26.946475359028444 18.725000000000005 0.58216583101416164 18.812500000000004 22.296875000000004 20.487500000000004 250.38538158333338 -0.9733555533461492 34.075112318902605
decision_type=2 2 2 2 2 2 2 2 2 2 2 2 2 2
left_child=1 -1 4 -3 8 11 -4 -8 -2 -9 -6 12 -5 -10
right_child=2 3 6 5 10 -7 7 9 13 -11 -12 -13 -14 -15
leaf_value=-1.6127887329707313 0.64999292136247577 -0.55496062261049794 2.162676054317358 0.98513509088487783 1.6464320188344912 -0.14577432485914577 2.4079947851524981 2.9090873724289157 1.4467838754106586 3.4310974121093754 2.3335710691925664 0.75975153722134037 0.14159630429694209 2.3488485231237894
leaf_weight=5440 95 352 228 66 214 641 304 1512 562 308 297 252 471 58
leaf_count=5440 95 352 228 66 214 641 304 1512 562 308 297 252 471 58
internal_value=0.00154062 -1.20997 2.44657 0.0199475 1.68289 0.161752 2.84375 2.91581 1.41833 2.99926 2.04958 0.411462 0.24691 1.53482
internal_weight=10800 7222 3578 1782 1226 1430 2352 2124 715 1820 511 789 537 620
internal_count=10800 7222 3578 1782 1226 1430 2352 2124 715 1820 511 789 537 620
is_linear=0
shrinkage=0.05


Tree=20
num_leaves=15
num_cat=0
split_feature=65 65 65 52 24 36 36 6 11 36 64 14 17 7
split_gain=1.15532e+07 1.22102e+06 443747 50603.8 49079.2 42147.6 36343.7 29277.6 23091.9 22236.9 22165.1 21643.3 19454.9 18322.5
threshold=151.93998750000003 42.523274000000008 229.01913550000003 0.13052619222005182 274.65417650000006 22.72096354166667 23.823046875000003 69.10047950000002 244.79922150000002 18.395963541666671 239.99924150000004 246.16285604166669 34.075112318902605 193.77464550000005
decision_type=2 2 2 2 2 2 2 2 2 2 2 2 2 2
left_child=1 -1 3 -2 11 10 9 -6 13 -5 -4 -3 -11 -7
right_child=2 4 5 6 7 8 -8 -9 -10 12 -12 -13 -14 -15
leaf_value=-1.5321640959734253 0.28172744129385269 -0.32397264768965939 2.2006837088297977 0.35623619994148614 0.69586143525023214 3.1408925147596118 2.0162673482275983 0.057671051809839051 1.7863641675050355 1.3529891697446672 2.6701859707765387 0.46842846608099836 1.9949001130750101 2.7112085039370788
leaf_weight=5440 76 850 493 47 284 653 390 487 50 604 640 95 154 537
leaf_count=5440 76 850 493 47 284 653 390 487 50 604 640 95 154 537
internal_value=0.00155113 -1.1654 2.29287 1.53689 -0.0024855 2.69697 1.61641 0.293347 2.90401 1.42043 2.46801 -0.243902 1.48586 2.94943
internal_weight=10800 7156 3644 1271 1716 2373 1195 771 1240 805 1133 945 758 1190
internal_count=10800 7156 3644 1271 1716 2373 1195 771 1240 805 1133 945 758 1190
is_linear=0
shrinkage=0.05


Tree=21
num_leaves=15
num_cat=0
split_feature=65 65 65 36 52 35 21 52 35 65 31 52 36 26
split_gain=1.04315e+07 1.16513e+06 351664 51149.9 40523.5 37793.9 32636.3 26332.6 22015.4 20233.7 18470.4 19498.6 16791.9 16668.9
threshold=163.10669200000004 63.145266500000005 230.94556050000003 23.992578124999998 0.41248606129204562 19.947395833333335 65.891944110228209 0.58216583101416164 20.478125000000002 116.70769100000001 21.962500000000002 0.93540483100319638 21.355208333333337 16.512500000000003
decision_type=2 2 2 2 2 2 2 2 2 2 2 2 2 2
left_child=1 -1 4 6 8 13 12 -7 -2 -5 -6 -12 -3 -4
right_child=2 3 5 9 10 7 -8 -9 -10 -11 11 -13 -14 -15
leaf_value=-1.4526256375752613 0.8241709814539977 -0.54410263403681713 1.443136146887025 0.19660473982404386 1.4301900398007221 2.2112913083894172 0.40282574717162389 2.7852853756017297 1.4481334807517927 0.82817300967872143 2.7726141406829101 1.8514862576807578 -0.11850221814953169 2.3226540983017823
leaf_weight=5462 202 366 66 349 176 262 215 1418 513 199 82 253 631 606
leaf_count=5462 202 366 66 349 176 262 215 1418 513 199 82 253 631 606
internal_value=0.00155632 -1.09218 2.20889 0.0266198 1.52013 2.56712 -0.154632 2.69714 1.27325 0.427042 1.8624 2.08454 -0.275129 2.23855
internal_weight=10800 7222 3578 1760 1226 2352 1212 1680 715 548 511 335 997 672
internal_count=10800 7222 3578 1760 1226 2352 1212 1680 715 548 511 335 997 672
is_linear=0
shrinkage=0.05


Tree=22
num_leaves=15
num_cat=0
split_feature=65 65 65 52 15 36 35 26 29 17 28 17 48 6
split_gain=9.41739e+06 955914 390742 57527 44427.9 43275.3 40169.6 36717.4 25148.7 27338.7 22680.8 19801.8 19761.4 15095.1
threshold=147.25452700000002 42.523274000000008 225.63727100000003 0.13052619222005182 69.939157000000009 24.648697916666666 19.621875000000003 21.012500000000003 19.962500000000002 27.056946914412602 16.862500000000004 34.075112318902605 5.6250000000000009 122.41463100000001
decision_type=2 2 2 2 2 2 2 2 2 2 2 2 2 2
left_child=1 -1 3 -2 7 8 -5 10 -3 13 -4 -8 -12 -10
right_child=2 5 4 6 -6 -7 11 -9 9 -11 12 -13 -14 -15
leaf_value=-1.3829520799201809 0.21179379390818731 -0.54687839161541507 1.4221952997843426 0.86619573949222883 1.4620414619706572 0.51204406610852671 1.4779315707225675 2.7318407051265243 0.34413257126675711 -0.29653036409966471 2.1373824716432801 2.0888643529680038 2.5450346375854926 -0.28531917189517297
leaf_weight=5440 104 294 74 245 119 314 754 895 449 495 618 170 709 120
leaf_count=5440 104 294 74 245 119 314 754 895 449 495 618 170 709 120
internal_value=0.00155442 -1.06164 2.05156 1.34094 2.42544 -0.0160061 1.44113 2.47471 -0.13839 -0.0251108 2.30862 1.59247 2.35694 0.211116
internal_weight=10800 7112 3688 1273 2415 1672 1169 2296 1358 1064 1401 924 1327 569
internal_count=10800 7112 3688 1273 2415 1672 1169 2296 1358 1064 1401 924 1327 569
is_linear=0
shrinkage=0.05


Tree=23
num_leaves=15
num_cat=0
split_feature=65 65 65 64 35 6 35 31 7 17 8 6 45 25
split_gain=8.50134e+06 948933 286296 46768.3 43254.6 38829.5 31946.8 24726.1 22132.9 20746.7 19877.8 24808.6 19352.8 20860.4
threshold=163.10669200000004 42.523274000000008 234.11312400000003 228.38420300000004 20.589583333333337 69.10047950000002 19.947395833333335 21.012500000000003 271.31806950000004 32.089303523637739 257.45480050000009 82.934400000000025 81.927083333333357 105.41375802674405
decision_type=2 2 2 2 2 2 2 2 2 2 2 2 2 2
left_child=1 -1 3 7 -3 -6 -4 9 -7 -2 11 12 13 -8
right_child=2 4 6 -5 5 8 10 -9 -10 -11 -12 -13 -14 -15
leaf_value=-1.3138171063650841 0.66011493678298638 -0.43020636556710273 2.0245589576979603 2.2416899322652495 0.49217190780642811 -0.13961409172830408 3.2044760883771461 1.4473256009198161 0.72935793032340801 1.4502780676798057 1.7189242944425467 2.1693021786895619 2.4388414464070927 2.4630788173975122
leaf_weight=5440 237 416 655 146 518 768 259 776 80 130 97 453 635 190
leaf_count=5440 237 416 655 146 518 768 259 776 80 130 97 453 635 190
internal_value=0.00153825 -0.98584 1.99423 1.39627 0.015567 0.151538 2.33019 1.28642 -0.0568731 0.94319 2.4514 2.49647 2.63107 2.89692
internal_weight=10800 7222 3578 1289 1782 1366 2289 1143 848 367 1634 1537 1084 449
internal_count=10800 7222 3578 1289 1782 1366 2289 1143 848 367 1634 1537 1084 449
is_linear=0
shrinkage=0.05


Tree=24
num_leaves=15
num_cat=0
split_feature=65 65 65 52 15 36 35 26 14 61 29 48 35 17
split_gain=7.67638e+06 777551 317685 48485.8 38616.7 37290.1 34688.4 31184 22828.2 26939.3 20209.7 17799.6 17677.8 16739.9
threshold=147.25452700000002 42.523274000000008 225.63727100000003 0.13052619222005182 69.939157000000009 24.648697916666666 19.621875000000003 21.012500000000003 251.2378196666667 -0.9733555533461492 16.862500000000004 5.6250000000000009 19.413020833333338 34.075112318902605
decision_type=2 2 2 2 2 2 2 2 2 2 2 2 2 2
left_child=1 -1 3 -2 7 8 -5 10 9 -3 -4 -12 -11 -8
right_child=2 5 4 6 -6 -7 13 -9 -10 12 11 -13 -14 -15
leaf_value=-1.2481383761332505 0.17521979933693296 0.66976108513300936 1.2489821103413901 0.7696493588524258 1.2927625434845686 0.47487723315459873 1.3389767290424828 2.4720915998199158 0.32531428317660871 -0.73038940319731349 1.9232190633124333 2.3079569449112287 -0.19269046980024004 1.9003221272376547
leaf_weight=5440 104 78 74 245 119 314 754 895 229 185 626 701 866 170
leaf_count=5440 104 78 74 245 119 314 754 895 229 185 626 701 866 170
internal_value=0.00154999 -0.958346 1.85239 1.21163 2.1895 -0.0152991 1.3036 2.2354 -0.128905 -0.221242 2.08254 2.12805 -0.287942 1.4442
internal_weight=10800 7112 3688 1273 2415 1672 1169 2296 1358 1129 1401 1327 1051 924
internal_count=10800 7112 3688 1273 2415 1672 1169 2296 1358 1129 1401 1327 1051 924
is_linear=0
shrinkage=0.05


Tree=25
num_leaves=15
num_cat=0
split_feature=65 65 52 65 60 7 30 37 21 36 25 36 8 48
split_gain=6.93062e+06 785996 233476 47895.4 45886.6 33427.8 28604.2 21956.6 20698.4 18885.4 24801.3 17967.5 17772.2 15303.6
threshold=165.21005450000004 63.145266500000005 0.41248606129204562 236.71232250000003 -0.8814490726585632 255.38256250000003 18.725000000000005 47.125000000000007 95.718381665912645 25.307031250000005 104.10919296887657 25.138281250000002 257.45480050000009 3.6250000000000004
decision_type=2 2 2 2 2 2 2 2 2 2 2 2 2 2
left_child=1 -1 11 -4 8 7 -5 -6 -3 12 -11 -2 13 -8
right_child=2 4 3 6 5 -7 9 -9 -10 10 -12 -13 -14 -15
leaf_value=-1.1833233644494028 0.90533095308298628 0.38383185146754517 1.6197833720016481 1.5635808093634915 0.432703962487968 0.49357961224248775 1.8990897999162304 -0.26101098080457391 1.4591224418746103 3.6342024726867681 2.3439629307199032 1.6581315638637673 1.2584525398910047 2.2525594482733751
leaf_weight=5462 629 270 624 218 126 207 486 1126 53 49 234 92 63 1161
leaf_count=5462 629 270 624 218 126 207 486 1126 53 49 234 92 63 1161
internal_value=0.00153142 -0.885883 1.80904 2.01347 0.0259504 -0.0935215 2.1238 -0.190907 0.564232 2.18426 2.57937 1.00355 2.1174 2.14947
internal_weight=10800 7244 3556 2835 1782 1459 2211 1252 323 1993 283 721 1710 1647
internal_count=10800 7244 3556 2835 1782 1459 2211 1252 323 1993 283 721 1710 1647
is_linear=0
shrinkage=0.05


Tree=26
num_leaves=15
num_cat=0
split_feature=65 65 52 65 60 36 35 48 30 53 48 26 22 30
split_gain=6.25602e+06 709991 210747 43255.6 42426.4 29774.8 25976.2 22149.3 19489.6 18060.3 17587.8 17223.2 16915.9 16810
threshold=165.21005450000004 42.523274000000008 0.41248606129204562 236.71232250000003 -0.8814490726585632 21.624739583333341 21.242708333333336 1.0000000180025095e-35 21.212500000000002 0.13052619222005152 1.6250000000000002 16.512500000000003 43.916644041666679 18.812500000000004
decision_type=2 2 2 2 2 2 2 2 2 2 2 2 2 2
left_child=1 -1 13 -4 8 -6 11 -7 -3 -9 -11 -5 -8 -2
right_child=2 4 3 6 5 7 12 9 -10 10 -12 -13 -14 -15
leaf_value=-1.1265876527438159 0.33683905130138203 0.30355017742452528 1.5389237889385223 1.0576625083809468 -0.44701146054664787 -0.89392731886799059 2.7511871025480072 -0.070595748971087335 1.1871834878009908 -0.029452686136711145 0.64386418782506349 1.9133031875622273 2.1277272209228273 1.0487271132421494
leaf_weight=5440 97 239 624 66 427 58 144 598 84 166 232 1249 752 624
leaf_count=5440 97 239 624 66 427 58 144 598 84 166 232 1249 752 624
internal_value=0.00154029 -0.84158 1.71883 1.91305 0.0180138 -0.0953088 2.0179 0.0474627 0.536304 0.103124 0.363664 1.87119 2.23088 0.953552
internal_weight=10800 7244 3556 2835 1804 1481 2211 1054 323 996 398 1315 896 721
internal_count=10800 7244 3556 2835 1804 1481 2211 1054 323 996 398 1315 896 721
is_linear=0
shrinkage=0.05


Tree=27
num_leaves=15
num_cat=0
split_feature=65 65 52 21 64 22 46 29 17 36 48 35 12 48
split_gain=5.64677e+06 640802 190228 39831.1 39493 39809.4 42411.6 32731.1 24209.6 16057.7 15501.9 14463.5 14318 15559.1
threshold=165.21005450000004 42.523274000000008 0.41248606129204562 95.718381665912645 240.69470000000004 105.48478607812503 80.692708333333357 19.962500000000002 27.056946914412602 25.138281250000002 1.0000000180025095e-35 17.283333333333335 267.01345100000009 10.625000000000002
decision_type=2 2 2 2 2 2 2 2 2 2 2 2 2 2
left_child=1 -1 9 7 5 6 -4 -3 -9 12 -10 -7 13 -2
right_child=2 3 4 -5 -6 11 -8 8 10 -11 -12 -13 -14 -15
leaf_value=-1.0702685655686068 0.92684234187458514 -0.48481704397716485 3.0099845390319828 1.3546209809956729 1.9767323844759059 0.38980460354062019 1.7167455186254732 0.25859342421677084 -0.96501173134203322 1.5242439521096087 -0.078888844999333255 1.3641013834434093 1.3937648716180222 0.37272233700224511
leaf_weight=5440 329 315 74 53 1658 42 517 806 53 92 577 544 91 209
leaf_count=5440 329 315 74 53 1658 42 517 806 53 92 577 544 91 209
internal_value=0.00151118 -0.799504 1.63304 0.0171323 1.81757 1.59187 1.88348 -0.0241014 0.0772279 0.905971 -0.154847 1.29505 0.813264 0.712671
internal_weight=10800 7244 3556 1804 2835 1177 591 1751 1436 721 630 586 629 538
internal_count=10800 7244 3556 1804 2835 1177 591 1751 1436 721 630 586 629 538
is_linear=0
shrinkage=0.05


Tree=28
num_leaves=15
num_cat=0
split_feature=65 65 52 65 21 36 35 25 36 31 64 34 29 48
split_gain=5.09703e+06 578564 171624 36569.5 35664.9 30136.6 22975 15758.2 16847.7 15680.4 15362.9 15125.4 14701.8 13936.4
threshold=165.21005450000004 63.145266500000005 0.41248606129204562 238.36019300000004 95.718381665912645 23.839973958333342 21.242708333333336 104.14334355566672 25.307031250000005 17.225000000000005 228.38420300000004 21.542708333333341 16.025000000000002 1.0000000180025095e-35
decision_type=2 2 2 2 2 2 2 2 2 2 2 2 2 2
left_child=1 -1 11 10 5 9 12 8 -8 -3 -4 -2 -5 -11
right_child=2 4 3 6 -6 -7 7 -9 -10 13 -12 -13 -14 -15
leaf_value=-1.0147263510026885 0.57760410587335453 -0.97122011801652741 1.2308864366505055 0.91430449296557714 1.2881441925962767 0.28219725217167585 2.1488874123376962 1.8581994323902302 3.2092435264587404 -0.88922173316989628 1.7648953729692629 1.0487548957365636 1.7271368899271136 -0.079578269512484576
leaf_weight=5462 289 56 461 62 53 566 271 554 49 55 203 432 1235 1052
leaf_count=5462 289 56 461 62 53 566 271 554 49 55 203 432 1235 1052
internal_value=0.00148973 -0.759536 1.55157 1.72684 0.0227783 -0.0167318 1.82717 2.03001 2.32075 -0.16233 1.39655 0.860964 1.68902 -0.120571
internal_weight=10800 7244 3556 2835 1782 1729 2171 874 320 1163 664 721 1297 1107
internal_count=10800 7244 3556 2835 1782 1729 2171 874 320 1163 664 721 1297 1107
is_linear=0
shrinkage=0.05


Tree=29
num_leaves=15
num_cat=0
split_feature=65 65 52 21 30 64 7 36 61 45 36 64 21 30
split_gain=4.60096e+06 522384 154933 34746.4 33745.7 27987.1 26446.7 23548.1 16663.8 16059.7 14098.1 13768.9 13214.8 12613.4
threshold=165.21005450000004 42.523274000000008 0.41248606129204562 67.310520107035174 21.312500000000004 239.99924150000004 199.64899450000004 21.624739583333341 -0.9733555533461492 57.895833333333336 25.138281250000002 241.68442550000003 95.718381665912645 16.025000000000002
decision_type=2 2 2 2 2 2 2 2 2 2 2 2 2 2
left_child=1 -1 10 7 5 13 -6 -3 -9 -5 -2 -8 -11 -4
right_child=2 3 4 9 6 -7 11 8 -10 12 -12 -13 -14 -15
leaf_value=-0.96603796211723647 0.73126616174207326 -0.40092578524646405 0.49424547722526624 1.3325277154860291 2.0856066226959231 1.7040762794735547 1.1330048812925815 0.74119411661074719 -0.019293652696341215 0.19098001367440731 1.3969773687342162 1.727560655968972 1.1108084436344063 1.3269518710304207
leaf_weight=5440 629 433 50 45 588 763 129 77 941 263 92 538 45 767
leaf_count=5440 629 433 50 45 588 763 129 77 941 263 92 538 45 767
internal_value=0.00147587 -0.721568 1.47419 0.0157612 1.64072 1.48401 1.83668 -0.0925367 0.0388994 0.459921 0.818029 1.61444 0.32853 1.27666
internal_weight=10800 7244 3556 1804 2835 1580 1255 1451 1018 353 721 667 308 817
internal_count=10800 7244 3556 1804 2835 1580 1255 1451 1018 353 721 667 308 817
is_linear=0
shrinkage=0.05


Tree=30
num_leaves=15
num_cat=0
split_feature=65 65 52 65 25 30 64 21 36 25 8 64 0 48
split_gain=4.1529e+06 471670 139828 31037 30943.7 19611.5 17344.5 16014.2 15196.8 17295.7 15688.3 14179.6 13800.3 14837.4
threshold=165.21005450000004 63.145266500000005 0.41248606129204562 238.36019300000004 104.19667212036495 18.112500000000004 145.66790250000003 60.101665002494805 25.387500000000006 104.26753963852599 257.45480050000009 266.28212850000006 265.71171600000008 10.625000000000002
decision_type=2 2 2 2 2 2 2 2 2 2 2 2 2 2
left_child=1 -1 12 11 7 -5 -6 -3 10 -10 -7 -4 13 -2
right_child=2 4 3 5 6 8 -8 -9 9 -11 -12 -13 -14 -15
leaf_value=-0.91588991208869031 0.86340320156763672 -0.23504414551235395 1.1821405390737831 1.1430560089971709 0.071880244030497781 1.6701999805805361 0.58657517976295404 0.24132210732056675 2.9822779655456544 1.8607278240800469 0.82631249686733621 2.0387047056718308 1.2490327971619228 0.34203633060337069
leaf_weight=5462 376 892 610 183 389 1673 282 219 45 210 60 54 128 217
leaf_count=5462 376 892 610 183 389 1673 282 219 45 210 60 54 128 217
internal_value=0.00146035 -0.685476 1.40063 1.55884 0.0208808 1.65122 0.288741 -0.14101 1.69739 2.06952 1.64148 1.25476 0.777274 0.673513
internal_weight=10800 7244 3556 2835 1782 2171 671 1111 1988 255 1733 664 721 593
internal_count=10800 7244 3556 2835 1782 2171 671 1111 1988 255 1733 664 721 593
is_linear=0
shrinkage=0.05


Tree=31
num_leaves=15
num_cat=0
split_feature=65 65 65 36 36 24 52 64 36 61 15 65 46 25
split_gain=3.74961e+06 379818 157345 31985 24749.6 21629.5 19361 19123.4 18699 17329.9 19419.9 16482 14066.7 19714
threshold=147.25452700000002 42.523274000000008 236.71232250000003 23.047786458333338 24.648697916666666 318.1844445000001 0.72947329433276253 233.95246100000003 18.395963541666671 -0.9733555533461492 211.75611700000002 190.22173450000003 80.572916666666671 105.41375802674405
decision_type=2 2 2 2 2 2 2 2 2 2 2 2 2 2
left_child=1 -1 3 8 9 7 -4 -5 -2 -3 -11 -10 13 -8
right_child=2 4 6 5 -6 -7 12 -9 11 10 -12 -13 -14 -15
leaf_value=-0.87195888772385022 -0.21851456532424149 0.61601907001643241 1.3438648728509339 1.1027951478250702 0.38902424757442777 0.24637305606757443 2.3281333550394581 1.8459975426350166 0.43773263491716491 -0.23656606536817654 0.27602013518324903 0.92510047815037599 1.5719306600732463 1.5752060851272274
leaf_weight=5440 54 78 734 494 314 61 178 108 282 1057 223 463 1119 195
leaf_count=5440 54 78 734 494 314 61 178 108 282 1057 223 463 1119 195
internal_value=0.0014517 -0.669419 1.295 0.890963 -0.010311 1.14815 1.55985 1.23897 0.676383 -0.102865 -0.147118 0.741454 1.66513 1.93978
internal_weight=10800 7112 3688 1462 1672 663 2226 602 799 1358 1280 745 1492 373
internal_count=10800 7112 3688 1462 1672 663 2226 602 799 1358 1280 745 1492 373
is_linear=0
shrinkage=0.05


Tree=32
num_leaves=15
num_cat=0
split_feature=65 65 52 60 30 7 7 64 37 30 28 13 48 29
split_gain=3.38654e+06 383538 115837 27909.9 27842.5 22760.5 22130.2 22103 15950.8 14028.7 12417.8 11937.5 11560.9 11495.3
threshold=165.21005450000004 42.523274000000008 0.41248606129204562 -0.8814490726585632 21.312500000000004 199.64899450000004 268.48821400000003 240.69470000000004 47.125000000000007 21.212500000000002 18.962500000000002 2.0969495436930639 1.0000000180025095e-35 19.962500000000002
decision_type=2 2 2 2 2 2 2 2 2 2 2 2 2 2
left_child=1 -1 10 9 7 -6 8 11 -5 -3 -2 -4 -10 -14
right_child=2 3 4 6 5 -7 -8 -9 12 -11 -12 -13 13 -15
leaf_value=-0.82836899816102572 -0.13383331915910551 0.23591689771041274 0.97730244805321753 0.39373426906412512 1.8169177430898509 1.3812289204515382 0.53390899189372565 1.4654577122626706 -0.76881224832883699 0.98539716419051671 0.74913646752240748 1.4323281044710656 -0.4589222067760097 -0.071212355409748851
leaf_weight=5440 42 239 635 126 588 667 133 750 81 84 679 195 242 899
leaf_count=5440 42 239 635 126 588 667 133 750 81 84 679 195 242 899
internal_value=0.00143155 -0.618893 1.26493 0.0128948 1.40892 1.58664 -0.0790174 1.26683 -0.139843 0.433268 0.697587 1.0858 -0.195136 -0.153773
internal_weight=10800 7244 3556 1804 2835 1255 1481 1580 1348 323 721 830 1222 1141
internal_count=10800 7244 3556 1804 2835 1255 1481 1580 1348 323 721 830 1222 1141
is_linear=0
shrinkage=0.05


Tree=33
num_leaves=15
num_cat=0
split_feature=65 65 52 21 30 29 7 64 17 48 0 48 30 13
split_gain=3.05672e+06 346170 104568 26122.9 25128.6 22469.8 20546.5 19942.4 17467.5 12170.2 11845.7 13043.9 10910.8 14500.6
threshold=165.21005450000004 42.523274000000008 0.41248606129204562 95.718381665912645 21.312500000000004 19.962500000000002 199.64899450000004 240.69470000000004 27.056946914412602 1.0000000180025095e-35 265.35616800000008 10.625000000000002 16.025000000000002 2.5740589603545345
decision_type=2 2 2 2 2 2 2 2 2 2 2 2 2 2
left_child=1 -1 10 5 7 -3 -6 12 -7 -10 11 -2 -4 -14
right_child=2 3 4 -5 6 8 -8 -9 9 -11 -12 -13 13 -15
leaf_value=-0.7869581601479938 0.74334241555563974 -0.40284447184280509 0.30818007716945578 1.0954275155508959 1.7262260901452327 0.21689539047796511 1.3122708576619848 1.3922823856538846 -0.85212709903717043 -0.066989882088952721 1.0952438081493816 0.25365187395795213 0.96613945281133062 1.5108728572726251
leaf_weight=5440 376 315 50 53 588 806 667 750 53 577 130 215 623 157
leaf_count=5440 376 315 50 53 588 806 667 750 53 577 130 215 623 157
internal_value=0.00139566 -0.587948 1.20179 0.0122736 1.33859 -0.0211183 1.50744 1.20361 0.0628389 -0.134287 0.66275 0.565927 1.03166 1.07758
internal_weight=10800 7244 3556 1804 2835 1751 1255 1580 1436 630 721 591 830 780
internal_count=10800 7244 3556 1804 2835 1751 1255 1580 1436 630 721 591 830 780
is_linear=0
shrinkage=0.05


Tree=34
num_leaves=15
num_cat=0
split_feature=65 65 65 64 21 29 15 26 17 36 48 48 45 7
split_gain=2.75914e+06 312535 94369.7 24625.9 23413.3 19650.3 17592.5 16428.7 16215.4 15249.7 13654.3 12058.1 11446.8 12049.1
threshold=165.21005450000004 63.145266500000005 236.71232250000003 228.38420300000004 95.718381665912645 19.962500000000002 71.256334500000023 22.762500000000003 27.056946914412602 18.395963541666671 3.6250000000000004 10.875000000000002 51.656250000000007 245.71494050000004
decision_type=2 2 2 2 2 2 2 2 2 2 2 2 2 2
left_child=1 -1 3 9 5 -3 7 10 -7 -2 -4 -11 -10 -14
right_child=2 4 6 -5 -6 8 -8 -9 12 11 -12 -13 13 -15
leaf_value=-0.74611572250055569 -0.15115868098349597 -0.38202954853163257 1.0865637909472554 1.333524078844736 1.0416704285751892 0.21145954226890817 0.52011787674643783 1.7140148701576561 0.43570808975756931 0.84549854739952623 1.3946061065495909 0.44232909733145942 -0.28807953642681244 0.46837646567215352
leaf_weight=5462 48 301 526 191 53 798 65 302 78 849 1333 242 494 58
leaf_count=5462 48 301 526 191 53 798 65 302 78 849 1333 242 494 58
internal_value=0.0013653 -0.558556 1.14183 0.807505 0.0164269 -0.0155844 1.34113 1.36557 0.0618698 0.718204 1.30808 0.756557 -0.127645 -0.207894
internal_weight=10800 7244 3556 1330 1782 1729 2226 2161 1428 1139 1859 1091 630 552
internal_count=10800 7244 3556 1330 1782 1729 2226 2161 1428 1139 1859 1091 630 552
is_linear=0
shrinkage=0.05


Tree=35
num_leaves=15
num_cat=0
split_feature=65 65 52 21 30 7 13 7 37 45 43 42 34 8
split_gain=2.49042e+06 282888 86066 23657.1 21875.1 17806.7 16714.2 16358.3 13688.8 12947 12477.9 11656.8 11483.1 10779.6
threshold=165.21005450000004 28.000000000000004 0.41248606129204562 67.310520107035174 21.312500000000004 199.64899450000004 2.0969495436930639 268.48821400000003 47.125000000000007 57.895833333333336 76.375000000000014 81.875000000000014 21.542708333333341 262.36879000000005
decision_type=2 2 2 2 2 2 2 2 2 2 2 2 2 2
left_child=1 -1 12 7 6 13 10 8 -3 -5 -4 -8 -2 -6
right_child=2 3 4 9 5 -7 11 -9 -10 -11 -12 -13 -14 -15
leaf_value=-0.71477552956312773 0.35001449888218839 0.3623243277644857 0.53420290728240283 1.1506724133439687 1.6351211678802415 1.184901415806509 1.6617877989484553 0.46883002518080785 -0.18421811552168288 0.24969935946853705 1.0353878881448131 1.1460314428438936 0.75907753504356734 0.83347035038471218
leaf_weight=5376 289 125 148 45 539 667 170 121 1269 308 902 360 432 49
leaf_count=5376 289 125 148 45 539 667 170 121 1269 308 902 360 432 49
internal_value=0.00133373 -0.530623 1.08484 -0.000545129 1.20895 1.36636 1.08313 -0.0864821 -0.134985 0.36748 0.96532 1.31428 0.595824 1.56985
internal_weight=10800 7244 3556 1868 2835 1255 1580 1515 1394 353 1050 530 721 588
internal_count=10800 7244 3556 1868 2835 1255 1580 1515 1394 353 1050 530 721 588
is_linear=0
shrinkage=0.05


Tree=36
num_leaves=15
num_cat=0
split_feature=65 65 65 21 64 29 30 36 48 6 8 39 24 49
split_gain=2.24795e+06 255353 78311.5 21401 21025 16840.2 15889.8 13470.9 13370 11538.7 13932.4 15623.3 15420.8 12617.8
threshold=165.21005450000004 28.000000000000004 236.71232250000003 80.571152020363357 228.38420300000004 19.962500000000002 18.725000000000005 18.395963541666671 1.0000000180025095e-35 69.10047950000002 257.45480050000009 82.875000000000014 290.03840000000008 3.5000000000000004
decision_type=2 2 2 2 2 2 2 2 2 2 2 2 2 2
left_child=1 -1 4 5 7 -3 -4 -2 -7 10 11 12 -8 -13
right_child=2 3 6 -5 -6 8 9 -9 -10 -11 -12 13 -14 -15
leaf_value=-0.67904342188807654 -0.17285535721754541 -0.38358300856736882 0.80196463111029503 0.49106917010639056 1.2121113057403514 -0.68085389887484227 1.7628784295621811 0.67976412341892445 0.054135195455814113 1.0452599123668145 0.72650964117363881 1.3204334042861108 1.0387135231494904 0.77523939908056183
leaf_weight=5376 48 321 220 197 191 64 363 1091 1286 509 94 813 99 128
leaf_count=5376 48 321 220 197 191 64 363 1091 1286 509 94 813 99 128
internal_value=0.00131551 -0.504083 1.03073 -0.000463103 0.726189 -0.0586706 1.21227 0.643713 0.0188131 1.25685 1.32805 1.3678 1.61028 1.24717
internal_weight=10800 7244 3556 1868 1330 1671 2226 1139 1350 2006 1497 1403 462 941
internal_count=10800 7244 3556 1868 1330 1671 2226 1139 1350 2006 1497 1403 462 941
is_linear=0
shrinkage=0.05


Tree=37
num_leaves=15
num_cat=0
split_feature=65 65 52 35 21 64 22 46 36 36 22 36 44 36
split_gain=2.02916e+06 230815 71819.5 19366.7 18869.7 17394.5 16815 16549.8 16243.6 12211.5 11124.1 14854.3 13355.4 10729.7
threshold=165.21005450000004 73.362583000000015 0.41248606129204562 22.584375000000005 95.718381665912645 240.69470000000004 105.48478607812503 81.276041666666671 24.627343750000005 18.790104166666669 145.83517119791671 26.654427083333335 57.281250000000007 25.21510416666667
decision_type=2 2 2 2 2 2 2 2 2 2 2 2 2 2
left_child=1 -1 13 5 8 6 7 -4 9 -3 12 -12 -10 -2
right_child=2 4 3 -5 -6 -7 -8 -9 10 -11 11 -13 -14 -15
leaf_value=-0.63611089212560201 0.46028569038315248 -0.82238169278738649 2.0465818700336276 1.3956667958308531 0.9475250054012847 1.1557550750168002 0.68040716876232166 0.99698934165760889 1.0946907515649673 -0.047938108068621282 -0.16409312986687527 0.89089991602786756 0.067732536999339413 1.0554357762823159
leaf_weight=5528 635 52 41 452 53 1331 532 479 76 1291 148 42 54 86
leaf_count=5528 635 52 41 452 53 1331 532 479 76 1291 148 42 54 86
internal_value=0.00128674 -0.478887 0.979318 1.09269 0.0276758 1.03466 0.880502 1.08352 -0.00219169 -0.0785136 0.317369 0.0725593 0.671882 0.532638
internal_weight=10800 7244 3556 2835 1716 2383 1052 520 1663 1343 320 190 130 721
internal_count=10800 7244 3556 2835 1716 2383 1052 520 1663 1343 320 190 130 721
is_linear=0
shrinkage=0.05


Tree=38
num_leaves=15
num_cat=0
split_feature=65 65 65 36 61 15 25 52 7 64 36 34 65 27
split_gain=1.83159e+06 187036 80920.8 20845.6 19645.1 18373.6 18247.9 14526.1 14328.1 12408.8 12315.9 11509.2 9623.09 8923.03
threshold=147.25452700000002 28.000000000000004 236.71232250000003 23.047786458333338 -0.9733555533461492 210.49128250000004 110.83558801624868 0.68322629814330837 268.75405100000006 235.04051500000003 18.395963541666671 22.328125000000004 190.22173450000003 16.025000000000002
decision_type=2 2 2 2 2 2 2 2 2 2 2 2 2 2
left_child=1 -1 3 10 -3 8 9 -4 -6 -5 -2 13 -12 -9
right_child=2 4 7 6 5 -7 -8 11 -10 -11 12 -13 -14 -15
leaf_value=-0.61329789987301242 -0.28221446947617962 0.68664788638657714 0.87629183545298306 0.81918693110064289 -0.19495545008950582 0.25975701431419523 0.1591436035521738 0.42744236141443254 0.4094766225770255 1.4479553049372644 0.26392171904016876 1.5077956438064577 0.63574599016433719 1.1400951880972519
leaf_weight=5376 54 93 580 477 1179 358 90 47 106 96 282 228 463 1371
leaf_count=5376 54 93 580 477 1179 358 90 47 106 96 282 228 463 1371
internal_value=0.00126463 -0.467614 0.90534 0.615625 -0.0163706 -0.0565576 0.82305 1.09526 -0.144816 0.926869 0.442693 1.17184 0.495544 1.11679
internal_weight=10800 7112 3688 1462 1736 1643 663 2226 1285 573 799 1646 745 1418
internal_count=10800 7112 3688 1462 1736 1643 663 2226 1285 573 799 1646 745 1418
is_linear=0
shrinkage=0.05


Tree=39
num_leaves=15
num_cat=0
split_feature=65 65 52 21 29 13 41 22 65 36 45 18 37 12
split_gain=1.65435e+06 188469 59471.6 18182.5 17342.8 16759.3 13746.4 14411.5 12430.7 12003.1 11166.3 10102.8 11244.7 9954.58
threshold=165.21005450000004 28.000000000000004 0.41248606129204562 62.919316966798085 16.025000000000002 2.0132011387474962 82.875000000000014 135.76219061979171 260.86295650000005 21.355208333333337 57.895833333333336 36.043433770833339 47.125000000000007 267.01345100000009
decision_type=2 2 2 2 2 2 2 2 2 2 2 2 2 2
left_child=1 -1 13 9 -4 8 7 -7 -6 -3 -5 -11 -13 -2
right_child=2 3 4 10 5 6 -8 -9 -10 11 -12 12 -14 -15
leaf_value=-0.58263872972048192 0.39324654516533092 -0.31651085008465407 0.25798657093611033 1.0362448719532595 0.82313995807681895 2.0597211279520176 1.0504859302579705 1.2451043225901643 1.0862585938809262 0.23940662595629694 0.20555034606677036 0.35564787683503357 -0.1751750686968831 0.89088540740433297
leaf_weight=5376 600 392 80 45 1175 81 548 193 758 324 344 117 646 121
leaf_count=5376 600 392 80 45 1175 81 548 193 758 324 344 117 646 121
internal_value=0.00123631 -0.432328 0.884333 0.000336385 0.987498 1.00858 1.19947 1.49254 0.926827 -0.0796983 0.304057 0.00591483 -0.0934186 0.47788
internal_weight=10800 7244 3556 1868 2835 2755 822 274 1933 1479 389 1087 763 721
internal_count=10800 7244 3556 1868 2835 2755 822 274 1933 1479 389 1087 763 721
is_linear=0
shrinkage=0.05


Tree=40
num_leaves=15
num_cat=0
split_feature=65 65 52 35 21 7 37 48 48 8 30 65 7 22
split_gain=1.4933e+06 170427 54055.6 15690.1 15684.5 14095.9 16213.3 13857 14920.1 14146.3 11280.8 10998.7 10119.4 8862.5
threshold=165.21005450000004 77.844594000000015 0.47114434510950087 22.584375000000005 96.837753384123275 255.38256250000003 54.375000000000007 5.6250000000000009 4.6250000000000009 197.46853500000003 18.762500000000003 24.000000000000004 227.77729800000003 145.98387160937503
decision_type=2 2 2 2 2 2 2 2 2 2 2 2 2 2
left_child=1 11 10 7 5 6 13 8 -4 -9 -2 -1 -5 -3
right_child=2 4 3 12 -6 -7 -8 9 -10 -11 -12 -13 -14 -15
leaf_value=-0.57444460162916455 0.042454956162531504 0.37400176785203998 0.87960092337669016 1.5024741056909416 0.94249630395485018 0.40395894461615511 -0.13766536695795967 1.1113575569772594 0.44500435310783815 0.73350372624787852 0.5699138915542673 -0.38262856496925923 0.99442979888482519 -0.38452711953057184
leaf_weight=4672 117 272 699 196 45 195 1116 929 280 350 766 900 219 44
leaf_count=4672 117 272 699 196 45 195 1116 929 280 350 766 900 219 44
internal_value=0.00121416 -0.410707 0.840226 0.952338 0.0320127 0.00626689 -0.0481322 0.89942 0.755885 1.00861 0.500151 -0.543536 1.23741 0.267504
internal_weight=10800 7244 3556 2673 1672 1627 1432 2258 979 1279 883 5572 415 316
internal_count=10800 7244 3556 2673 1672 1627 1432 2258 979 1279 883 5572 415 316
is_linear=0
shrinkage=0.05


Tree=41
num_leaves=15
num_cat=0
split_feature=65 65 52 30 25 13 65 31 55 47 41 22 43 36
split_gain=1.3479e+06 154021 49057.4 16342.5 16081.6 12997.7 11904.9 10897.7 11607.6 9962.65 9603.46 14384.7 9246.91 9055.03
threshold=165.21005450000004 28.000000000000004 0.41248606129204562 18.725000000000005 104.19667212036495 2.0132011387474962 90.634957500000013 17.225000000000005 -0.22252093395631442 75.976562500000014 82.875000000000014 135.76219061979171 72.125000000000014 25.21510416666667
decision_type=2 2 2 2 2 2 2 2 2 2 2 2 2 2
left_child=1 -1 13 9 7 12 -6 -3 -9 -4 11 -7 -5 -2
right_child=2 4 3 5 6 10 -8 8 -10 -11 -12 -13 -14 -15
leaf_value=-0.52605102039611717 0.36285768051517531 -0.78740553374875899 -0.09732554867290534 0.53175514103195665 -0.15558745570128432 1.9842044435228621 0.31160137153797268 -0.22708760266596709 0.097440984387755836 0.66904577463371107 0.97248131224132595 1.1269431317820378 0.89955330131678246 0.90893375084831796
leaf_weight=5376 635 56 51 197 184 69 520 600 508 244 469 193 1612 86
leaf_count=5376 635 56 51 197 184 69 520 600 508 244 469 193 1612 86
internal_value=0.00118364 -0.39017 0.798303 0.891999 0.000961119 0.93304 0.189448 -0.113102 -0.0783428 0.536673 1.11282 1.3594 0.859816 0.429162
internal_weight=10800 7244 3556 2835 1868 2540 704 1164 1108 295 731 262 1809 721
internal_count=10800 7244 3556 2835 1868 2540 704 1164 1108 295 731 262 1809 721
is_linear=0
shrinkage=0.05


Tree=42
num_leaves=15
num_cat=0
split_feature=65 65 65 28 52 61 14 15 47 34 7 12 15 48
split_gain=1.21709e+06 124149 54953.2 18957.4 18661.6 17381.9 14240.3 12136.7 11819.6 11277.8 11139.6 10205.5 11374.5 9814.05
threshold=147.25452700000002 28.000000000000004 236.71232250000003 18.962500000000002 0.13052619222005182 -0.9733555533461492 251.2378196666667 71.256334500000023 78.559895833333357 22.328125000000004 268.75405100000006 267.01345100000009 166.41085900000004 3.3750000000000004
decision_type=2 2 2 2 2 2 2 2 2 2 2 2 2 2
left_child=1 -1 3 8 -5 -3 10 9 -2 13 -7 12 -6 -4
right_child=2 5 7 4 11 6 -8 -9 -10 -11 -12 -13 -14 -15
leaf_value=-0.49975338056669688 -0.56513140597304357 0.64785809418622486 0.64288776823032057 -0.08652719442271492 0.63491594407707996 -0.1689574774318244 0.2397260228508333 0.21756536418741401 0.31967988498885225 1.1781334660180978 0.36354885001048864 0.99253073055414287 0.19761110560374928 0.92637140140561369
leaf_weight=5376 60 93 404 102 863 1203 334 65 98 349 106 158 181 1408
leaf_count=5376 60 93 404 102 863 1203 334 65 98 349 106 158 181 1408
internal_value=0.00115255 -0.381062 0.738124 0.49939 0.562017 -0.0134244 -0.0512268 0.894626 -0.0177655 0.914881 -0.125592 0.617078 0.559361 0.863556
internal_weight=10800 7112 3688 1462 1304 1736 1643 2226 158 2161 1309 1202 1044 1812
internal_count=10800 7112 3688 1462 1304 1736 1643 2226 158 2161 1309 1202 1044 1812
is_linear=0
shrinkage=0.05


Tree=43
num_leaves=15
num_cat=0
split_feature=65 65 65 28 52 36 61 52 65 47 35 64 12 22
split_gain=1.09854e+06 112249 49599.3 17118 16848.1 15404.7 11874.4 11173.5 10826.1 10713.2 10260.2 9625.57 9369.04 8698.39
threshold=147.25452700000002 82.382441500000013 236.71232250000003 18.962500000000002 0.13052619222005182 24.679427083333334 -0.9733555533461492 0.72947329433276253 24.000000000000004 78.173177083333357 19.577083333333338 266.28212850000006 267.01345100000009 145.83517119791671
decision_type=2 2 2 2 2 2 2 2 2 2 2 2 2 2
left_child=1 8 3 9 -5 6 -3 -4 -1 -2 -8 12 -6 -7
right_child=2 5 7 4 11 13 10 -9 -10 -11 -12 -13 -14 -15
leaf_value=-0.49444925939656675 -0.5668374549924281 0.54392960967519621 0.68794478192013142 -0.082242838184358291 0.50068574957106193 0.73106176387699495 -0.48264510837094543 0.9291527615883185 -0.31163696125225065 0.28751446467290803 -0.03126947165370602 1.3083880996704103 0.91881349125200773 0.14826730074967409
leaf_weight=4672 56 78 734 102 1002 102 144 1492 988 102 957 44 156 171
leaf_count=4672 56 78 734 102 1002 102 144 1492 988 102 957 44 156 171
internal_value=0.00111827 -0.362005 0.701279 0.474472 0.533983 0.0301666 -0.048279 0.849962 -0.462599 -0.0169544 -0.0906894 0.5863 0.557758 0.367888
internal_weight=10800 7112 3688 1462 1304 1452 1179 2226 5660 158 1101 1202 1158 273
internal_count=10800 7112 3688 1462 1304 1452 1179 2226 5660 158 1101 1202 1158 273
is_linear=0
shrinkage=0.05


Tree=44
num_leaves=15
num_cat=0
split_feature=65 65 65 30 9 38 61 36 56 48 48 41 25 32
split_gain=992206 74176.8 67272 20892.8 14266.7 13726.2 13397.8 11187.2 10150.2 10021.3 16732.7 13014.4 19360.5 13553.2
threshold=127.48151350000002 28.000000000000004 217.19465950000003 21.112500000000004 272.94655100000006 54.375000000000007 -0.9733555533461492 18.666666666666668 18.875000000000004 5.6250000000000009 4.6250000000000009 82.875000000000014 109.63913789192482 22.012500000000003
decision_type=2 2 2 2 2 2 2 2 2 2 2 2 2 2
left_child=1 -1 3 -2 7 -5 -3 -4 -7 10 -9 12 -11 -13
right_child=2 6 4 5 -6 8 -8 9 -10 11 -12 13 -14 -15
leaf_value=-0.45124925695344464 0.19857178914048462 0.70537475661227589 0.30074673571683674 1.3294726185500623 0.021232788093754507 0.56738244918005376 -0.076966770297901277 0.75857837363231095 -0.21161350730158715 1.2819850064949909 -0.0476570158132485 0.91302037864177299 0.45285000743742065 0.45784743361158359
leaf_weight=5376 861 56 108 55 60 515 1372 932 45 383 69 658 88 222
leaf_count=5376 861 56 108 55 60 515 1372 932 45 383 69 658 88 222
internal_value=0.00108126 -0.366177 0.626349 0.357924 0.783364 0.580334 -0.0458146 0.801936 0.504519 0.824813 0.703012 0.914472 1.12836 0.798843
internal_weight=10800 6804 3996 1476 2520 615 1428 2460 560 2352 1001 1351 471 880
internal_count=10800 6804 3996 1476 2520 615 1428 2460 560 2352 1001 1351 471 880
is_linear=0
shrinkage=0.05


Tree=45
num_leaves=15
num_cat=0
split_feature=65 65 52 35 35 19 37 30 48 8 48 65 28 25
split_gain=897134 102812 35709.4 14100.7 12584.9 11041.4 10555.7 10465.9 10278.9 11438.1 9272.29 9174.85 8607.54 8545.54
threshold=165.21005450000004 82.382441500000013 0.47114434510950087 19.967187500000005 22.584375000000005 70.351309500000013 51.125000000000007 16.862500000000004 5.6250000000000009 197.46853500000003 1.6250000000000002 24.000000000000004 18.912500000000005 104.26753963852599
decision_type=2 2 2 2 2 2 2 2 2 2 2 2 2 2
left_child=1 11 12 -3 7 10 -7 -4 -9 -10 -5 -1 -2 -6
right_child=2 3 4 5 13 6 -8 8 9 -11 -12 -13 -14 -15
leaf_value=-0.44717444124554451 -0.23908215290694326 -0.29431250059199904 0.063936594747580011 -0.09300235882983543 1.3486229442358018 0.25133172942925308 -0.21757854652458719 0.58981453677855777 0.9045174302085357 0.56017459647462342 0.32041570902794253 -0.27890513171658443 0.41449521545065227 0.8432452604047036
leaf_weight=4672 53 265 64 175 124 176 372 963 891 340 596 988 830 291
leaf_count=4672 53 265 64 175 124 176 372 963 891 340 596 988 830 291
internal_value=0.00105592 -0.318222 0.651371 0.0378306 0.74248 0.104734 -0.0667961 0.695257 0.713636 0.809942 0.22658 -0.417856 0.37504 0.997129
internal_weight=10800 7244 3556 1584 2673 1319 548 2258 2194 1231 771 5660 883 415
internal_count=10800 7244 3556 1584 2673 1319 548 2258 2194 1231 771 5660 883 415
is_linear=0
shrinkage=0.05


Tree=46
num_leaves=15
num_cat=0
split_feature=65 65 52 35 35 19 49 51 29 13 37 65 17 45
split_gain=809784 92866 32653.7 15177.4 13203.4 11484.1 9669.32 12600.8 12706 9081.55 8996.23 8963.43 8650.16 8153.63
threshold=165.21005450000004 84.179539500000018 0.41248606129204562 19.967187500000005 19.947395833333335 70.351309500000013 3.5000000000000004 2.5000000000000004 16.025000000000002 2.0132011387474962 51.125000000000007 24.000000000000004 33.728676390268724 57.895833333333336
decision_type=2 2 2 2 2 2 2 2 2 2 2 2 2 2
left_child=1 11 12 -3 6 13 7 -4 -9 -6 -7 -1 -2 -5
right_child=2 3 4 5 9 10 -8 8 -10 -11 -12 -13 -14 -15
leaf_value=-0.42482052228957407 0.25156506790803113 -0.31190585215583355 0.074095351197341883 0.8830562297092831 0.69764244425136035 0.23674923357162517 0.10290960871567162 0.092685989097312654 0.77045839620711476 0.93797568552650823 -0.20396934800829394 -0.26150260329866803 0.77418051172088798 0.19517127460959713
leaf_weight=4672 631 252 100 45 1459 168 117 80 523 556 367 1032 90 708
leaf_count=4672 631 252 100 45 1459 168 117 80 523 556 367 1032 90 708
internal_value=0.00102036 -0.302317 0.618866 0.0422029 0.695298 0.111673 0.524793 0.594761 0.680841 0.76439 -0.065392 -0.395323 0.317783 0.237397
internal_weight=10800 7244 3556 1540 2835 1288 820 703 603 2015 535 5704 721 753
internal_count=10800 7244 3556 1540 2835 1288 820 703 603 2015 535 5704 721 753
is_linear=0
shrinkage=0.05


Tree=47
num_leaves=15
num_cat=0
split_feature=65 65 52 35 36 25 19 36 30 43 47 37 65 17
split_gain=730915 83824.5 29466 13704.8 12358.1 16843.2 10369.3 9891.63 11571.5 9005.65 12494.2 8122.89 8088.64 7819.57
threshold=165.21005450000004 84.179539500000018 0.41248606129204562 19.967187500000005 25.138281250000002 104.10919296887657 70.351309500000013 24.483854166666671 21.262500000000003 71.375000000000014 72.183593750000014 51.125000000000007 24.000000000000004 33.728676390268724
decision_type=2 2 2 2 2 2 2 2 2 2 2 2 2 2
left_child=1 12 13 -3 7 -6 -5 8 9 -4 -11 -8 -1 -2
right_child=2 3 4 6 5 -7 11 -9 -10 10 -12 -13 -14 -15
leaf_value=-0.40358402277503408 0.23900671913318008 -0.29637220280848647 0.17054921101246562 0.22559825135706815 1.639599913008073 0.76990232076929066 0.22498181847161092 0.24265694760990716 0.81258132471375066 1.3537571076993589 0.57380974482564939 -0.19379859482009046 -0.24844012563887691 0.73589686512771824
leaf_weight=4672 631 252 132 753 67 343 168 166 709 53 1365 367 1032 90
leaf_count=4672 631 252 132 753 67 343 168 166 709 53 1365 367 1032 90
internal_value=0.000987012 -0.2872 0.587974 0.0401187 0.66058 0.915667 0.106133 0.617093 0.644488 0.567124 0.603895 -0.0621193 -0.375563 0.301965
internal_weight=10800 7244 3556 1540 2835 410 1288 2425 2259 1550 1418 535 5704 721
internal_count=10800 7244 3556 1540 2835 410 1288 2425 2259 1550 1418 535 5704 721
is_linear=0
shrinkage=0.05


Tree=48
num_leaves=15
num_cat=0
split_feature=65 65 65 30 38 9 61 35 24 32 22 15 41 29
split_gain=660003 49567.3 45775.3 17206.7 12341.8 11895.4 11657 8995.39 10381.9 8748.04 8688.99 8522.43 8435.54 7437.56
threshold=127.48151350000002 28.000000000000004 217.19465950000003 21.112500000000004 54.375000000000007 272.94655100000006 -0.9733555533461492 21.203125000000004 297.26105400000006 22.387500000000003 65.559357250000019 211.75611700000002 82.375000000000014 16.025000000000002
decision_type=2 2 2 2 2 2 2 2 2 2 2 2 2 2
left_child=1 -1 3 -2 -5 7 -3 9 -9 13 -6 -8 -11 -4
right_child=2 6 5 4 10 -7 11 8 -10 12 -12 -13 -14 -15
leaf_value=-0.36811022567819968 0.14495831463559425 0.6639919306102553 0.12071509140897806 1.2010748973914556 0.942175872097058 -0.054273227394604301 -0.12168714554564031 0.85565572570903337 0.45904450213937004 0.88685496845623346 0.34439628666036809 0.2113250434721187 0.073956751114089198 0.65292090812768144
leaf_weight=5376 861 56 70 55 69 60 1142 798 213 40 491 230 145 1194
leaf_count=5376 861 56 70 55 69 60 1142 798 213 40 491 230 145 1194
internal_value=0.000964712 -0.298568 0.510927 0.289512 0.491324 0.640446 -0.0366863 0.657405 0.772633 0.576531 0.419599 -0.0657482 0.253542 0.623566
internal_weight=10800 6804 3996 1476 615 2520 1428 2460 1011 1449 560 1372 185 1264
internal_count=10800 6804 3996 1476 615 2520 1428 2460 1011 1449 560 1372 185 1264
is_linear=0
shrinkage=0.05


Tree=49
num_leaves=15
num_cat=0
split_feature=65 65 52 35 36 48 41 25 61 19 30 25 48 65
split_gain=597562 67996.5 24893 12283.3 12721.8 10708.2 10984.3 15176 10021.3 9431.15 9323.03 8866.37 8388.15 11439.6
threshold=165.21005450000004 84.179539500000018 0.5277851165098012 19.712500000000002 20.237630208333339 5.6250000000000009 81.875000000000014 105.3195466553865 -0.68322629814330815 70.351309500000013 18.762500000000003 103.46998804815223 4.6250000000000009 221.91032300000003
decision_type=2 2 2 2 2 2 2 2 2 2 2 2 2 2
left_child=1 -1 10 4 8 12 7 11 -3 -5 -2 -7 -4 -14
right_child=2 3 5 9 -6 6 -8 -9 -10 -11 -12 -13 13 -15
leaf_value=-0.3392149157351329 -0.05639292505576457 0.38670000763081797 0.58838183498274166 0.20095808527201903 -0.92196119636777907 0.98820376716195113 0.6152754499840144 0.59204878740967848 -0.43766663472463452 -0.069776816490257507 0.38432347920181187 1.6875260570470028 0.40222957997932929 -0.46583335499533202
leaf_weight=5704 138 66 810 791 61 165 951 194 81 541 907 67 281 43
leaf_count=5704 138 66 810 791 61 165 951 194 81 541 907 67 281 43
internal_value=0.000944311 -0.25963 0.53169 0.0351709 -0.321251 0.617076 0.711165 0.923286 -0.0674308 0.0910276 0.326125 1.19654 0.502299 0.285945
internal_weight=10800 7244 3556 1540 208 2511 1377 426 147 1332 1045 232 1134 324
internal_count=10800 7244 3556 1540 208 2511 1377 426 147 1332 1045 232 1134 324
is_linear=0
shrinkage=0.05


Tree=50
num_leaves=15
num_cat=0
split_feature=65 65 52 36 25 21 31 48 13 17 36 21 42 31
split_gain=539407 61830.4 22769.2 11761.2 16885.2 10846.2 9971.89 10566.7 9484.16 9130.8 7647.94 7476.02 7456.9 6919.93
threshold=165.21005450000004 28.000000000000004 0.35206144883412582 25.307031250000005 103.98276118801375 96.837753384123275 17.225000000000005 1.0000000180025095e-35 2.0969495436930639 2.2746480028614838e-05 26.654427083333335 56.589642524118084 65.125000000000014 24.962500000000002
decision_type=2 2 2 2 2 2 2 2 2 2 2 2 2 2
left_child=1 -1 13 8 -5 6 -3 -8 9 -4 11 -9 -11 -2
right_child=2 5 3 4 -6 -7 7 10 -10 12 -12 -13 -14 -15
leaf_value=-0.33275055079205629 0.071273639616244208 -0.66888246661738349 0.5205328914893651 1.5794721172701929 0.67102631442829086 0.75942538455938524 -0.55482228335774975 -0.054216199709575134 0.67192144337893334 -0.23036198518169462 0.58903134051015826 0.18928781057968605 0.34549619772834106 0.43150563730973091
leaf_weight=5376 342 56 1440 61 320 45 80 1203 753 66 58 426 356 218
leaf_count=5376 342 56 1440 61 320 45 80 1203 753 66 58 426 356 218
internal_value=0.00091355 -0.246657 0.505172 0.559877 0.820227 0.00116057 -0.017963 0.00303271 0.521645 0.460545 0.0298 0.00953963 0.255101 0.212026
internal_weight=10800 7244 3556 2996 381 1868 1823 1767 2615 1862 1687 1629 422 560
internal_count=10800 7244 3556 2996 381 1868 1823 1767 2615 1862 1687 1629 422 560
is_linear=0
shrinkage=0.05


Tree=51
num_leaves=15
num_cat=0
split_feature=65 65 52 16 34 7 48 36 48 19 43 46 22 65
split_gain=486893 55805.4 20594.3 10046.2 9348.83 9047.38 8611.88 8262.3 7906.3 7832.6 7706.82 9340.78 15221.1 7613.83
threshold=165.21005450000004 28.000000000000004 0.5277851165098012 272.70666550000004 22.296875000000004 268.48821400000003 5.6250000000000009 25.21510416666667 4.6250000000000009 114.51413750000002 82.375000000000014 82.442708333333357 135.9634828697917 220.08628400000001
decision_type=2 2 2 2 2 2 2 2 2 2 2 2 2 2
left_child=1 -1 7 5 6 -3 8 -2 -4 -5 11 12 -8 -10
right_child=2 3 4 9 -6 -7 10 -9 13 -11 -12 -13 -14 -15
leaf_value=-0.31611610825495895 0.23996109608073835 -0.091134444846316331 0.49718242534888724 0.47321173385199577 0.78390921398997315 0.33899178040672595 1.4281760213065096 0.66819142593258585 0.29818149645539455 -0.0075438177748149418 0.72403203223852264 0.28728103566481122 0.46630612562404822 -0.38707959959853672
leaf_weight=5376 917 1396 668 179 389 133 55 128 236 160 641 312 162 48
leaf_count=5376 917 1396 668 179 389 133 55 128 236 160 641 312 162 48
internal_value=0.000886338 -0.234325 0.479971 0.00110949 0.557633 -0.0535228 0.515803 0.293003 0.403271 0.246952 0.606946 0.463971 0.715531 0.181411
internal_weight=10800 7244 3556 1868 2511 1529 2122 1045 952 339 1170 529 217 284
internal_count=10800 7244 3556 1868 2511 1529 2122 1045 952 339 1170 529 217 284
is_linear=0
shrinkage=0.05


Tree=52
num_leaves=15
num_cat=0
split_feature=65 65 52 35 35 49 51 36 7 41 22 44 9 19
split_gain=439509 50469.9 19180.2 10583.8 10313.9 9581.66 11260.5 10700.6 9437.89 12590.4 15861.2 12180.2 7728.99 7568.21
threshold=165.21005450000004 84.179539500000018 0.35206144883412582 19.947395833333335 19.967187500000005 3.5000000000000004 2.5000000000000004 18.666666666666668 199.64899450000004 82.875000000000014 135.68018348958336 82.718750000000014 248.16158650000003 70.351309500000013
decision_type=2 2 2 2 2 2 2 2 2 2 2 2 2 2
left_child=1 -1 -2 5 -3 6 -4 -8 9 10 11 -5 -11 -6
right_child=2 4 3 8 13 -7 7 -9 -10 12 -12 -13 -14 -15
leaf_value=-0.29117056476577502 0.18701201753438501 -0.26053180554697636 -0.053542802370381809 1.5872063318888348 0.19070788499373026 -0.051059876832990882 0.088218529484793543 0.60727780598543379 0.44957602265301466 0.62525746289003548 0.65024488822488158 0.65584870440918108 0.24588908794562561 -0.055093019593653869
leaf_weight=5704 560 252 105 104 753 123 124 505 970 515 310 56 184 535
leaf_count=5704 560 252 105 104 753 123 124 505 970 515 310 56 184 535
internal_value=0.000867029 -0.222606 0.456043 0.50625 0.0313753 0.356996 0.425353 0.505254 0.565854 0.661871 0.862561 1.26733 0.525889 0.0886454
internal_weight=10800 7244 3556 2996 1540 857 734 629 2139 1169 470 160 699 1288
internal_count=10800 7244 3556 2996 1540 857 734 629 2139 1169 470 160 699 1288
is_linear=0
shrinkage=0.05


Tree=53
num_leaves=15
num_cat=0
split_feature=65 65 65 30 38 61 43 24 49 51 24 51 22 31
split_gain=396897 30245.9 28274 13055.3 11300.6 10090.9 9699.34 9350.37 18960.9 12087.6 9043.4 12214.1 7537.16 6968.01
threshold=127.48151350000002 28.000000000000004 217.19465950000003 21.112500000000004 54.375000000000007 -0.9733555533461492 64.875000000000014 277.75656700000008 3.5000000000000004 3.5000000000000004 288.22990800000008 3.5000000000000004 65.559357250000019 17.925000000000001
decision_type=2 2 2 2 2 2 2 2 2 2 2 2 2 2
left_child=1 -1 3 -2 -5 -3 -4 8 -8 -10 -9 -12 -6 -7
right_child=2 5 6 4 12 13 7 10 9 -11 11 -13 -14 -15
leaf_value=-0.28575743110689372 0.096432305291984363 0.62503830497724966 0.0051242253887131047 1.0765946375738298 0.81588083540222467 -0.6274095787721522 0.51282774440228074 0.80476440730373988 0.24524927163266974 -0.59282838809685623 0.33270270522255957 1.1289843978552982 0.2597756949874262 -0.031762406941945369
leaf_weight=5376 861 56 96 55 69 50 1412 455 145 60 295 57 491 1322
leaf_count=5376 861 56 96 55 69 50 1412 455 145 60 295 57 491 1322
internal_value=0.000844862 -0.231434 0.396306 0.222299 0.398069 -0.0268666 0.498096 0.51761 0.447633 -0.00172883 0.657096 0.464479 0.329628 -0.0539108
internal_weight=10800 6804 3996 1476 615 1428 2520 2424 1617 205 807 352 560 1372
internal_count=10800 6804 3996 1476 615 1428 2520 2424 1617 205 807 352 560 1372
is_linear=0
shrinkage=0.05


Tree=54
num_leaves=15
num_cat=0
split_feature=65 65 48 26 52 21 22 48 30 42 55 7 12 20
split_gain=359290 41159.1 16503 11246.1 10760.6 9055.15 8920.9 8452.32 8777.06 9345.37 8359.37 8892.02 7360.96 7310.88
threshold=165.21005450000004 28.000000000000004 10.625000000000002 21.487500000000004 0.63405362205439497 96.837753384123275 41.172908354166672 1.0000000180025095e-35 21.062500000000004 84.125000000000014 1.0000000180025095e-35 179.50269900000004 267.18396650000005 262.36879000000005
decision_type=2 2 2 2 2 2 2 2 2 2 2 2 2 2
left_child=1 -1 3 4 -2 7 -5 -3 -9 10 11 -10 -4 -8
right_child=2 5 12 6 -6 -7 13 8 9 -11 -12 -13 -14 -15
leaf_value=-0.27147221124502546 0.1599570883158794 -0.51260374831717193 -0.092134766762747497 0.93109419958232209 0.43607487368112774 0.69379820940287218 0.46793371189166255 -0.095475707677982469 -0.25452289322079891 0.66092330320676174 0.37020522987857163 0.15423740903129346 0.41804834208809416 0.87162999555002907
leaf_weight=5376 466 81 220 145 1473 45 1022 951 235 74 178 304 103 127
leaf_count=5376 466 81 220 145 1473 45 1022 951 235 74 178 304 103 127
internal_value=0.000822831 -0.201229 0.412368 0.446407 0.369832 0.000962722 0.560776 -0.0165106 0.0068377 0.129812 0.0741528 -0.0241204 0.0713433 0.513274
internal_weight=10800 7244 3556 3233 1939 1868 1294 1823 1742 791 717 539 323 1149
internal_count=10800 7244 3556 3233 1939 1868 1294 1823 1742 791 717 539 323 1149
is_linear=0
shrinkage=0.05


Tree=55
num_leaves=15
num_cat=0
split_feature=65 65 52 48 16 30 31 41 25 32 24 47 31 48
split_gain=324304 37154.6 15063.9 8714.86 8400.33 8326.62 7423.96 7208.41 11804.9 7430.18 6834.45 7575.22 6521.84 6399.71
threshold=165.21005450000004 28.000000000000004 0.58216583101416164 5.6250000000000009 272.70666550000004 18.762500000000003 30.087500000000002 81.875000000000014 105.3195466553865 20.987500000000004 297.26105400000006 70.757812500000014 17.225000000000005 4.6250000000000009
decision_type=2 2 2 2 2 2 2 2 2 2 2 2 2 2
left_child=1 -1 5 13 6 -2 12 8 9 -5 11 -6 -3 -4
right_child=2 4 3 7 10 -7 -8 -9 -10 -11 -12 -13 -14 -15
leaf_value=-0.25790111448810471 -0.088786786957643929 -0.59244108639265369 0.4402383856102825 0.73621381943603215 0.82296823584092937 0.29901456237300961 0.59113103286786517 0.4717335534651157 0.42768459405045256 1.3423002349775892 -0.25520674754850198 0.19145394559780304 -0.046983755367020881 0.17244186393687358
leaf_weight=5376 159 56 729 138 60 1048 43 889 184 85 60 219 1430 324
leaf_count=5376 159 56 729 138 60 1048 43 889 184 85 60 219 1430 324
internal_value=0.000799923 -0.191163 0.391795 0.465597 0.000941781 0.247898 -0.0490151 0.552611 0.727679 0.972194 0.225745 0.329718 -0.0679239 0.358081
internal_weight=10800 7244 3556 2349 1868 1207 1529 1296 407 223 339 279 1486 1053
internal_count=10800 7244 3556 2349 1868 1207 1529 1296 407 223 339 279 1486 1053
is_linear=0
shrinkage=0.05


Tree=56
num_leaves=15
num_cat=0
split_feature=65 65 65 24 57 24 36 15 26 4 7 48 17 49
split_gain=292888 22603.6 21337.8 11349.1 16956.9 14613.7 9187.18 7732.67 6665.65 6331.22 6407.96 14871.3 6038.5 5546.25
threshold=127.48151350000002 24.000000000000004 238.36019300000004 277.75656700000008 3.5000000000000004 302.68069650000001 18.395963541666671 71.256334500000023 22.762500000000003 266.95445250000006 217.43507000000002 1.6250000000000002 42.95197819662576 3.5000000000000004
decision_type=2 2 2 2 2 2 2 2 2 2 2 2 2 2
left_child=1 -1 3 4 6 12 -2 8 13 10 -3 -12 -5 -4
right_child=2 9 7 5 -6 -7 -8 -9 -10 -11 11 -13 -14 -15
leaf_value=-0.26031086564752803 -0.3796325265628393 -0.12536633284354876 0.46557025988879019 0.39546142243520921 -0.26738407243691065 -0.12839818964401881 0.25647749475609871 -0.121987097091594 0.68305416118669315 0.24835650230764061 -0.41671033139978902 0.35412324847062054 0.80182443734927067 0.2358234864999843
leaf_weight=4672 60 1684 1510 448 229 119 840 58 294 150 88 210 116 322
leaf_count=4672 60 1684 1510 448 229 119 840 58 294 150 88 210 116 322
internal_value=0.00077961 -0.198757 0.340496 0.213464 0.115966 0.374222 0.213696 0.445744 0.461283 -0.0638104 -0.0875489 0.125862 0.480311 0.42534
internal_weight=10800 6804 3996 1812 1129 683 900 2184 2126 2132 1982 298 564 1832
internal_count=10800 6804 3996 1812 1129 683 900 2184 2126 2132 1982 298 564 1832
is_linear=0
shrinkage=0.05


Tree=57
num_leaves=15
num_cat=0
split_feature=65 65 48 33 35 13 41 22 36 47 61 51 21 34
split_gain=264491 30623 13400 9727.03 8758.75 8410.13 8085.27 13012.8 7551.08 11066.9 7668.48 7445.17 7421.54 8595.85
threshold=165.21005450000004 86.418312 10.625000000000002 17.003125000000004 20.065104166666671 1.3020716109354509 82.875000000000014 135.76219061979171 20.237630208333339 76.794270833333357 -0.72947329433276253 2.5000000000000004 1.4402954876835646e-05 22.451041666666672
decision_type=2 2 2 2 2 2 2 2 2 2 2 2 2 2
left_child=1 -1 3 -2 8 12 7 -7 10 -10 -3 -8 13 -5
right_child=2 4 -4 5 -6 6 11 -9 9 -11 -12 -13 -14 -15
leaf_value=-0.22504825981910237 -0.011367813125252724 0.43195881622533006 0.04661856913870132 0.38699943851204888 0.083886533848229139 1.2427185052488983 0.1906959144710397 0.52734814361990701 0.049652646100148558 -0.98268966864025797 -0.29461135075468087 0.55150159305991531 0.25177682903667187 0.82013957745871924
leaf_weight=5748 148 59 323 980 1240 90 223 222 44 62 91 405 1035 130
leaf_count=5748 148 59 323 980 1240 90 223 222 44 62 91 405 1035 130
internal_value=0.000748694 -0.17261 0.353851 0.384522 0.0288854 0.403512 0.528493 0.737016 -0.236816 -0.557711 -0.00785904 0.423888 0.348521 0.43842
internal_weight=10800 7244 3556 3233 1496 3085 940 312 256 106 150 628 2145 1110
internal_count=10800 7244 3556 3233 1496 3085 940 312 256 106 150 628 2145 1110
is_linear=0
shrinkage=0.05


Tree=58
num_leaves=15
num_cat=0
split_feature=65 65 65 24 57 24 36 15 6 46 24 49 51 45
split_gain=239406 18958.5 17649.5 9981.63 14668.4 12988.3 7991.5 6875.77 5961.8 7651.36 11470.5 8804.6 10603.2 5924.47
threshold=127.48151350000002 24.000000000000004 238.36019300000004 277.75656700000008 3.5000000000000004 302.68069650000001 18.666666666666668 71.256334500000023 66.72361100000002 81.692708333333357 290.03840000000008 3.5000000000000004 3.5000000000000004 88.010416666666671
decision_type=2 2 2 2 2 2 2 2 2 2 2 2 2 2
left_child=1 -1 3 4 6 -5 -2 8 9 10 -4 13 -13 -11
right_child=2 -3 7 5 -6 -7 -8 -9 -10 11 -12 12 -14 -15
leaf_value=-0.23604809928190368 -0.33857025233182042 -0.056089468802582171 0.76804908109533665 0.44310908104169422 -0.25562401987085853 -0.13069250617176295 0.23344981030089801 -0.13154820917268931 0.27113313396990713 0.38081046149547526 0.16881630973377748 0.29473884244050302 -0.63686093858310155 0.67142042687538483
leaf_weight=4672 65 2132 365 564 229 119 835 58 525 749 103 111 41 232
leaf_count=4672 65 2132 365 564 229 119 835 58 525 749 103 111 41 232
internal_value=0.000725465 -0.179675 0.307863 0.192332 0.100907 0.34309 0.191807 0.403583 0.418237 0.466276 0.636808 0.395336 0.040932 0.450152
internal_weight=10800 6804 3996 1812 1129 683 900 2184 2126 1601 468 1133 152 981
internal_count=10800 6804 3996 1812 1129 683 900 2184 2126 1601 468 1133 152 981
is_linear=0
shrinkage=0.05


Tree=59
num_leaves=15
num_cat=0
split_feature=65 65 52 35 49 36 38 51 36 25 24 49 8 46
split_gain=216177 19621.5 14081.2 12297.6 13166.6 10250.4 9372.45 8902.2 10972.5 8591.09 10808.3 15592.6 9019.71 6762.14
threshold=135.39313900000005 24.000000000000004 0.16280825711809011 19.947395833333335 3.5000000000000004 20.237630208333339 54.875000000000007 2.5000000000000004 18.666666666666668 110.83558801624868 277.75656700000008 3.5000000000000004 258.40172800000011 90.885416666666671
decision_type=2 2 2 2 2 2 2 2 2 2 2 2 2 2
left_child=1 -1 6 4 7 -6 -2 -4 13 10 11 12 -5 -9
right_child=2 -3 3 9 5 -7 -8 8 -10 -11 -12 -13 -14 -15
leaf_value=-0.22424821386290344 0.66451737409906197 -0.045463161668290487 -0.13740294586334909 0.43897793614773867 0.11416383519147832 -0.65652802848815917 -0.15180963577461326 -0.26637284675929346 0.43229021126513478 0.088946270894242507 0.54196611677826401 -0.058666766779996195 -0.084330526027414532 0.48987763369592224
leaf_weight=4672 40 2286 118 1053 101 74 246 105 554 222 977 223 89 40
leaf_count=4672 40 2286 118 1053 101 74 246 105 554 222 977 223 89 40
internal_value=0.000695888 -0.165525 0.301692 0.328832 0.179078 -0.213607 -0.0357204 0.263349 0.331101 0.386678 0.41485 0.323537 0.398157 -0.0558256
internal_weight=10800 6958 3842 3556 992 175 286 817 699 2564 2342 1365 1142 145
internal_count=10800 6958 3842 3556 992 175 286 817 699 2564 2342 1365 1142 145
is_linear=0
shrinkage=0.05


Tree=60
num_leaves=15
num_cat=0
split_feature=65 65 65 17 30 0 44 15 15 7 48 6 46 22
split_gain=195329 15367.9 15021.6 9423.34 10412.8 8521.35 7079.31 6023.47 5618.83 5850.05 13153.3 5481.85 6679.44 10409.7
threshold=127.48151350000002 24.000000000000004 238.36019300000004 30.31748869516078 22.937500000000004 262.99180150000007 53.343750000000007 71.256334500000023 211.75611700000002 217.43507000000002 1.6250000000000002 66.72361100000002 81.276041666666671 135.9634828697917
decision_type=2 2 2 2 2 2 2 2 2 2 2 2 2 2
left_child=1 -1 3 4 6 -5 -2 11 9 -3 -11 12 13 -4
right_child=2 8 7 5 -6 -7 -8 -9 -10 10 -12 -13 -14 -15
leaf_value=-0.2130381928045337 0.63570026776337252 -0.11705467802057526 0.99412476635780667 0.24833617930180663 0.35791210976023619 0.77468761189285529 0.0082816252006234006 -0.13432527861352694 0.18189879133571665 -0.3864185072774633 0.33854053479517809 0.23914966075256211 0.36327223469884368 0.44198609808642031
leaf_weight=4672 46 1604 118 302 325 103 1036 58 230 88 210 525 1167 316
leaf_count=4672 46 1604 118 302 325 103 1036 58 230 88 210 525 1167 316
internal_value=0.000666403 -0.162284 0.278093 0.171516 0.110188 0.383777 0.035518 0.366398 -0.0510142 -0.0792601 0.123882 0.380115 0.426163 0.594047
internal_weight=10800 6804 3996 1812 1407 405 1082 2184 2132 1902 298 2126 1601 434
internal_count=10800 6804 3996 1812 1407 405 1082 2184 2132 1902 298 2126 1601 434
is_linear=0
shrinkage=0.05


Tree=61
num_leaves=15
num_cat=0
split_feature=65 65 52 35 49 61 36 38 51 36 25 24 25 49
split_gain=176413 16246 11913.2 10712.5 11720.4 9925.8 9290.71 8039.47 8036.56 9954.38 7739.74 9565.19 14122.5 7455.62
threshold=135.39313900000005 28.000000000000004 0.16280825711809011 19.947395833333335 3.5000000000000004 -0.9733555533461492 20.237630208333339 54.875000000000007 2.5000000000000004 18.666666666666668 110.83558801624868 277.75656700000008 99.107873749544453 3.5000000000000004
decision_type=2 2 2 2 2 2 2 2 2 2 2 2 2 2
left_child=1 -1 7 4 8 -3 -6 -2 -4 -10 11 12 -5 -14
right_child=2 5 3 10 6 -7 -8 -9 9 -11 -12 -13 13 -15
leaf_value=-0.19094478897341616 0.61077618119193289 0.5527702880079548 -0.14341028154898092 0.46669701218848253 0.099439838784290302 -0.03655579714795773 -0.63434793472290041 -0.14528131806385902 -0.066794424852649747 0.39804688256290566 0.068999676718355704 0.49781067657664402 0.23299666582192444 -0.13853009687422702
leaf_weight=5376 40 74 118 627 101 1508 74 246 145 554 222 977 561 177
leaf_count=5376 40 74 118 627 101 1508 74 246 145 554 222 977 561 177
internal_value=0.000650359 -0.149506 0.272558 0.297521 0.157769 -0.00865757 -0.212689 -0.0377793 0.237284 0.301663 0.351508 0.378246 0.292366 0.143824
internal_weight=10800 6958 3842 3556 992 1582 175 286 817 699 2564 2342 1365 738
internal_count=10800 6958 3842 3556 992 1582 175 286 817 699 2564 2342 1365 738
is_linear=0
shrinkage=0.05


Tree=62
num_leaves=15
num_cat=0
split_feature=65 9 36 65 22 33 65 40 33 0 8 48 48 65
split_gain=159387 16699.5 14506.5 14835 14185.8 12623.2 9676.08 7000.93 5925.47 5899.69 5366.19 5357.49 6383.2 7004.97
threshold=116.70769100000001 267.44138750000008 25.307031250000005 213.72926950000002 145.83517119791671 19.940625000000004 24.000000000000004 73.375000000000014 22.190625000000004 263.81563600000004 257.88623600000005 5.6250000000000009 4.6250000000000009 221.91032300000003
decision_type=2 2 2 2 2 2 2 2 2 2 2 2 2 2
left_child=6 2 3 5 -4 -2 -1 -6 -9 -7 11 12 -5 -14
right_child=1 -3 4 10 7 9 -8 8 -10 -11 -12 -13 13 -15
leaf_value=-0.19284337143966379 -0.20532703641059716 -0.10333682628517803 0.90378935296385576 0.2814243690167299 0.050796724252625193 0.13575820626467469 -0.058168580284598294 0.092981478828808362 0.7020928262267262 0.53978374140097374 -0.084215940694723823 0.39886641828392549 0.21205511865663831 -0.63327585281915078
leaf_weight=4672 275 329 162 880 133 874 1868 57 135 100 83 1133 58 41
leaf_count=4672 275 329 162 880 133 874 1868 57 135 100 83 1133 58 41
internal_value=0.000625119 0.238589 0.267225 0.23098 0.522545 0.0933091 -0.154391 0.33032 0.522682 0.17775 0.309239 0.324734 0.238621 -0.140863
internal_weight=10800 4260 3931 3444 487 1249 6540 325 192 974 2195 2112 979 99
internal_count=10800 4260 3931 3444 487 1249 6540 325 192 974 2195 2112 979 99
is_linear=0
shrinkage=0.05


Tree=63
num_leaves=15
num_cat=0
split_feature=65 65 36 36 35 36 51 51 9 0 43 9 45 22
split_gain=144035 13555.3 10475 9692.43 10238.1 8626.63 8020.82 8056.45 7882.74 8136.45 8392.98 8050.52 7404.96 7244.51
threshold=135.39313900000005 86.418312 20.649218750000006 21.214843750000004 19.91822916666667 24.679427083333334 2.5000000000000004 3.5000000000000004 267.14005600000007 263.35991450000006 71.375000000000014 246.03980000000004 88.343750000000014 145.83517119791671
decision_type=2 2 2 2 2 2 2 2 2 2 2 2 2 2
left_child=1 -1 6 -4 -5 -3 -2 -8 9 10 -6 -11 -9 -7
right_child=2 5 3 4 8 13 7 12 -10 11 -12 -13 -14 -15
leaf_value=-0.16709077250538695 -0.28991730544109678 -0.048244655164845059 0.55248261160878964 -0.047158353781560441 0.076093997588312187 0.64811559559946719 0.45414576383138244 -0.13601798299639448 -0.017194596585146944 1.2489694197003436 0.32794295911166571 0.44897702646498783 0.33534631021912142 0.073194606683286687
leaf_weight=5748 128 977 303 255 404 87 153 245 200 40 1843 146 125 146
leaf_count=5748 128 977 303 255 404 87 153 245 200 40 1843 146 125 146
internal_value=0.000603305 -0.135076 0.246295 0.283577 0.255183 0.0170194 0.0633931 0.150251 0.284471 0.309266 0.282716 0.626777 0.0237014 0.289717
internal_weight=10800 6958 3842 3191 2888 1210 651 523 2633 2433 2247 186 370 233
internal_count=10800 6958 3842 3191 2888 1210 651 523 2633 2433 2247 186 370 233
is_linear=0
shrinkage=0.05


Tree=64
num_leaves=15
num_cat=0
split_feature=65 65 30 8 24 49 51 17 36 42 25 46 44 36
split_gain=130398 18049.4 9162 8230 9113.52 17607.9 10662.2 8804.87 8155.7 6813.25 6036.53 5876.3 5696.24 6143.09
threshold=178.76342250000002 86.418312 21.062500000000004 264.65405750000008 277.75656700000008 3.5000000000000004 3.5000000000000004 1.1809109315730381e-05 18.666666666666668 84.375000000000014 110.83558801624868 90.885416666666671 78.156250000000014 20.237630208333339
decision_type=2 2 2 2 2 2 2 2 2 2 2 2 2 2
left_child=1 -1 12 4 5 8 -7 -6 11 -4 -9 -2 -3 -14
right_child=3 2 9 -5 7 6 -8 10 -10 -11 -12 -13 13 -15
leaf_value=-0.15873768294181831 -0.27583184827358348 0.0045626948807928483 0.10837986580164399 -0.091607920633432288 0.27291892734042728 0.042947418096391909 -0.63683020965552628 0.63379082933504016 0.30163726750309988 0.61436094085912452 0.043973408469930295 0.42653999568485634 0.001387235365535428 -0.47091901867909808
leaf_weight=5748 108 651 668 160 608 200 80 388 1748 73 49 40 122 157
leaf_count=5748 108 651 668 160 608 200 80 388 1748 73 49 40 122 157
internal_value=0.000589158 -0.116695 0.0279361 0.257906 0.275291 0.216828 -0.15285 0.396703 0.271474 0.158988 0.567907 -0.084413 -0.076541 -0.265123
internal_weight=10800 7419 1671 3381 3221 2176 280 1045 1896 741 437 148 930 279
internal_count=10800 7419 1671 3381 3221 2176 280 1045 1896 741 437 148 930 279
is_linear=0
shrinkage=0.05


Tree=65
num_leaves=15
num_cat=0
split_feature=65 36 65 25 34 8 65 56 10 3 36 24 49 51
split_gain=117877 14187.2 14612.9 10332.6 8666.21 8136.23 7640.17 5819 6730.28 5312.9 4770.22 4954.28 8420.72 6008.6
threshold=116.70769100000001 25.138281250000002 213.72926950000002 103.98276118801375 19.038541666666671 257.88623600000005 24.000000000000004 18.875000000000004 263.02920100000006 265.35616800000008 24.483854166666671 277.29195150000004 3.5000000000000004 3.5000000000000004
decision_type=2 2 2 2 2 2 2 2 2 2 2 2 2 2
left_child=6 2 4 -3 -2 10 -1 8 -6 -9 11 12 -4 -14
right_child=1 3 5 -5 7 -7 -8 9 -10 -11 -12 -13 13 -15
leaf_value=-0.16691533355419014 -0.27242307173350749 0.94607126544503606 0.29303985327897702 0.34697776931648772 0.11015114950850624 -0.14437866832017898 -0.047248281948736814 -0.19180146687583866 0.53691084969611402 0.24035514113637282 -0.016217116491102121 0.44035985555638962 0.083846238448986019 -0.59552716394750094
leaf_weight=4672 187 84 1363 492 778 124 1868 266 104 96 135 434 157 40
leaf_count=4672 187 84 1363 492 778 124 1868 266 104 96 135 434 157 40
internal_value=0.000563479 0.205207 0.16904 0.435834 0.0440442 0.248377 -0.132748 0.0917967 0.161023 -0.07685 0.271309 0.290774 0.248903 -0.0564086
internal_weight=10800 4260 3684 576 1431 2253 6540 1244 882 362 2129 1994 1560 197
internal_count=10800 4260 3684 576 1431 2253 6540 1244 882 362 2129 1994 1560 197
is_linear=0
shrinkage=0.05


Tree=66
num_leaves=15
num_cat=0
split_feature=65 9 36 22 65 34 64 48 40 33 37 41 0 24
split_gain=106399 13014.8 11294.1 11390.5 10641.3 9674.66 7090.73 6649.65 6295.92 5579.97 4919.16 4914.67 4809.75 4745.07
threshold=116.70769100000001 267.14005600000007 25.307031250000005 145.83517119791671 213.72926950000002 19.038541666666671 205.60313450000004 5.6250000000000009 73.375000000000014 22.190625000000004 56.375000000000007 80.875000000000014 263.81563600000004 247.84788000000003
decision_type=2 2 2 2 2 2 2 2 2 2 2 2 2 2
left_child=6 2 4 11 5 13 -1 -8 -5 -10 -3 -4 -7 -2
right_child=1 10 3 8 -6 12 7 -9 9 -11 -12 -13 -14 -15
leaf_value=-0.13845543006356312 -0.055972616568855618 0.40405077763966157 0.98736513787967584 0.0090073836348784058 0.25486111656851945 0.096054048335342507 0.42829230499382204 -0.04872309269489554 0.041079235308129215 0.63180923450324267 -0.17430999569519601 0.39833529842527293 0.46233239502015744 -0.57069636337660457
leaf_weight=6192 114 41 106 133 2192 960 103 245 57 134 296 56 98 73
leaf_count=6192 114 41 106 133 2192 960 103 245 57 134 296 56 98 73
internal_value=0.000542544 0.194968 0.220581 0.446072 0.188575 0.071758 -0.126112 0.0932852 0.273489 0.45665 -0.102958 0.787443 0.130386 -0.258874
internal_weight=10800 4260 3923 486 3437 1245 6540 348 324 191 337 162 1058 187
internal_count=10800 4260 3923 486 3437 1245 6540 348 324 191 337 162 1058 187
is_linear=0
shrinkage=0.05


Tree=67
num_leaves=15
num_cat=0
split_feature=65 65 37 8 30 9 47 48 41 22 36 36 46 26
split_gain=96381.4 13676.1 8067.25 6832.99 7594.69 6754.51 5993.5 5809.33 8373.98 11260.4 9513.52 8052.02 6414.33 5682.88
threshold=178.76342250000002 86.418312 53.375000000000007 264.65405750000008 18.762500000000003 264.87820500000004 76.196614583333357 5.6250000000000009 82.875000000000014 135.68018348958336 21.214843750000004 23.614322916666669 81.901041666666671 20.487500000000004
decision_type=2 2 2 2 2 2 2 2 2 2 2 2 2 2
left_child=1 -1 -3 4 6 13 -2 -6 9 12 -10 -12 -9 -4
right_child=3 2 5 -5 7 -7 -8 8 10 -11 11 -13 -14 -15
leaf_value=-0.13690117129451448 -0.34676010872991314 0.27531125941605916 -0.15746617583542177 -0.096660112578028479 0.19471487592924089 -0.24588565608902729 0.13269601475805565 1.0956449823509349 0.57153516221423073 0.35067714165864339 0.043794521327598375 0.38998908119354669 0.34295504566814222 0.097795864356861065
leaf_weight=5748 83 270 294 160 1444 272 290 100 181 350 472 260 41 835
leaf_count=5748 83 270 294 160 1444 272 290 100 181 350 472 260 41 835
internal_value=0.00052803 -0.100304 0.0255905 0.221751 0.237592 -0.0226975 0.0253655 0.265369 0.337846 0.504374 0.247835 0.167124 0.880734 0.0312432
internal_weight=10800 7419 1671 3381 3221 1401 373 2848 1404 491 913 732 141 1129
internal_count=10800 7419 1671 3381 3221 1401 373 2848 1404 491 913 732 141 1129
is_linear=0
shrinkage=0.05


Tree=68
num_leaves=15
num_cat=0
split_feature=65 65 16 24 48 20 19 8 48 17 25 24 30 51
split_gain=87007.4 12379.3 7719.58 7282.89 6467.75 6205.84 5902.71 5172 5533.58 5513.58 5113.15 7183.04 4645.86 4487.54
threshold=178.76342250000002 24.000000000000004 272.70666550000004 297.26105400000006 10.625000000000002 262.36879000000005 118.51615400000001 257.88623600000005 5.6250000000000009 2.2746480028614838e-05 106.11089252990644 307.27302800000007 21.212500000000002 2.5000000000000004
decision_type=2 2 2 2 2 2 2 2 2 2 2 2 2 2
left_child=1 -1 10 6 5 7 12 8 9 -2 -3 13 -4 -12
right_child=4 2 3 -5 -6 -7 -8 -9 -10 -11 11 -13 -14 -15
leaf_value=-0.14480646836688782 0.19086071984371589 -0.073552020973788462 0.25259650474569451 -0.27749658272816585 -0.062647861574648647 0.55659723384305837 0.04236002523303032 -0.076700933733764964 0.30260307682681764 -0.16088124236201654 0.5102215182732629 -0.21799782188885874 0.77209663107807258 0.075873305067420016
leaf_weight=4672 1440 2046 95 64 203 137 124 146 1335 120 114 100 80 124
leaf_count=4672 1440 2046 95 64 203 137 124 146 1335 120 114 100 80 124
internal_value=0.000513254 -0.0952902 -0.0110525 0.203425 0.210703 0.228178 0.306947 0.213204 0.227846 0.163718 -0.0437816 0.136112 0.49312 0.285187
internal_weight=10800 7419 2747 363 3381 3178 299 3041 2895 1560 2384 338 175 238
internal_count=10800 7419 2747 363 3381 3178 299 3041 2895 1560 2384 338 175 238
is_linear=0
shrinkage=0.05


Tree=69
num_leaves=15
num_cat=0
split_feature=65 36 65 22 34 32 25 64 48 30 36 56 10 41
split_gain=78699.2 10942.4 9968.1 8439.73 6774.12 6408.46 6338.82 5936.07 5963.75 5310.91 4962.42 4659.39 5470.38 4507.68
threshold=116.70769100000001 25.138281250000002 213.72926950000002 144.14977325520837 19.001041666666669 22.387500000000003 106.38974418390383 205.60313450000004 5.6250000000000009 19.712500000000002 25.415885416666672 18.875000000000004 263.02920100000006 82.625000000000014
decision_type=2 2 2 2 2 2 2 2 2 2 2 2 2 2
left_child=7 2 4 10 9 -4 -5 -1 -9 -2 -3 12 -6 -7
right_child=1 3 5 6 11 13 -8 8 -10 -11 -12 -13 -14 -15
leaf_value=-0.11972632051131094 -0.094252692408583791 0.33211166045245005 0.24211700437982564 -0.21324019616664347 0.089962574548257845 0.25539875063341816 0.32396827339164674 0.40955256810411811 -0.04220266023696196 -0.71783775382715731 0.84114132384311857 -0.077193401085300067 0.47443895595414304 -0.088829740228682341
leaf_weight=6192 134 84 1828 66 786 142 309 103 245 45 117 362 104 283
leaf_count=6192 134 84 1828 66 786 142 309 103 245 45 117 362 104 283
internal_value=0.000495408 0.167708 0.13595 0.370238 0.032717 0.201476 0.229104 -0.108432 0.0922969 -0.254137 0.63111 0.073899 0.135372 0.0265126
internal_weight=10800 4260 3684 576 1431 2253 375 6540 348 179 201 1252 890 425
internal_count=10800 4260 3684 576 1431 2253 375 6540 348 179 201 1252 890 425
is_linear=0
shrinkage=0.05


Tree=70
num_leaves=15
num_cat=0
split_feature=65 9 36 25 65 33 64 48 37 36 12 8 24 25
split_gain=71033.7 10083.9 8853.33 8372.6 7356.49 7533.31 5360.15 5387.44 4704.09 4251.2 6469.48 5891.09 3904.2 5641.74
threshold=116.70769100000001 269.54124250000001 25.257291666666671 103.98276118801375 213.72926950000002 19.940625000000004 205.60313450000004 5.6250000000000009 56.875000000000007 24.447916666666675 260.14684100000005 257.88623600000005 278.11863750000003 103.78186874622266
decision_type=2 2 2 2 2 2 2 2 2 2 2 2 2 2
left_child=6 2 4 -4 5 -2 -1 -8 -3 10 11 12 13 -6
right_child=1 8 3 -5 9 -7 7 -9 -10 -11 -12 -13 -14 -15
leaf_value=-0.11374096753713044 -0.17587212544445799 0.35511584665094104 0.84818108421337757 0.28658894829895115 0.22636008390108153 0.11903761447533211 0.38927184113552077 -0.040101106791961487 -0.21981394241781949 -0.0156950350198422 0.79061881992220884 -0.29732548242265527 0.36255382637957873 -0.071334124862595091
leaf_weight=6192 275 41 78 432 1293 1005 103 245 234 196 49 54 422 181
leaf_count=6192 275 41 78 432 1293 1005 103 245 234 196 49 54 422 181
internal_value=0.000478118 0.159339 0.179549 0.373971 0.150916 0.0555903 -0.103008 0.0877347 -0.133121 0.206454 0.228233 0.213703 0.228407 0.189781
internal_weight=10800 4260 3985 510 3475 1280 6540 348 275 2195 1999 1950 1896 1474
internal_count=10800 4260 3985 510 3475 1280 6540 348 275 2195 1999 1950 1896 1474
is_linear=0
shrinkage=0.05


Tree=71
num_leaves=15
num_cat=0
split_feature=65 9 36 36 24 57 51 22 36 45 25 46 65 37
split_gain=64120.3 9100.83 8026.95 6697.03 7749.96 16351.4 10324.3 8838.22 7513.4 7253.11 6536.55 5246.35 5146.02 4276.48
threshold=116.70769100000001 269.54124250000001 25.138281250000002 24.483854166666671 283.32550850000001 3.5000000000000004 3.5000000000000004 135.55575201041668 18.666666666666668 90.010416666666671 103.98276118801375 90.885416666666671 24.000000000000004 57.375000000000007
decision_type=2 2 2 2 2 2 2 2 2 2 2 2 2 2
left_child=12 2 3 4 5 8 7 -6 11 -7 -4 -2 -1 -3
right_child=1 13 10 -5 6 9 -8 -9 -10 -11 -12 -13 -14 -15
leaf_value=-0.12589682953122491 -0.30989788321778183 0.30893821006125594 0.75116495870930311 -0.098739036471907349 0.90312321276926422 -0.054216641234123369 0.71638531565332597 0.12725069554749596 0.21317193390453715 -0.60080053101123232 0.27326307883270023 0.33989350228082565 -0.02769494073235252 -0.21485943794412457
leaf_weight=4672 119 46 84 266 40 420 133 356 1983 70 473 41 1868 229
leaf_count=4672 119 46 84 266 40 420 133 356 1983 70 473 41 1868 229
internal_value=0.000465525 0.151398 0.170598 0.141915 0.162185 0.127008 0.336702 0.207699 0.186577 -0.133365 0.346551 -0.142312 -0.0978562 -0.12644
internal_weight=10800 4260 3985 3428 3162 2633 529 396 2143 490 557 160 6540 275
internal_count=10800 4260 3985 3428 3162 2633 529 396 2143 490 557 160 6540 275
is_linear=0
shrinkage=0.05


Tree=72
num_leaves=15
num_cat=0
split_feature=65 65 16 24 47 30 8 13 41 22 51 21 48 25
split_gain=58394.6 8725.01 6609.07 6551.81 5444.32 5395.86 5438.71 5153.09 5753 9794.4 7608.6 5081.31 4905.02 5013.33
threshold=178.76342250000002 24.000000000000004 272.70666550000004 297.26105400000006 70.757812500000014 16.025000000000002 264.65405750000008 1.2614912054005061 82.875000000000014 135.76219061979171 2.5000000000000004 1.4088495625161608e-05 1.0000000180025095e-35 104.19667212036495
decision_type=2 2 2 2 2 2 2 2 2 2 2 2 2 2
left_child=1 -1 12 4 -4 -2 7 11 9 -9 -10 -7 -3 -14
right_child=5 2 3 -5 -6 6 -8 8 10 -11 -12 -13 13 -15
leaf_value=-0.11960333006401887 -0.27556029239838775 -0.41760999689378392 0.69479592470022355 -0.26499427347229076 0.17642654548478076 0.22826715824185834 -0.10235285042143016 0.8704411315713444 -0.026436145166340082 0.27508120105178518 0.33038981697763076 0.0754740232246668 -0.065328174626767807 0.10767693900892682
leaf_weight=4672 65 81 64 64 235 1105 160 101 229 219 428 1074 1754 549
leaf_count=4672 65 81 64 64 235 1105 160 101 229 219 428 1074 1754 549
internal_value=0.00045244 -0.0780331 -0.007314 0.191137 0.289328 0.172647 0.181513 0.195932 0.29137 0.465118 0.206166 0.153027 -0.0375986 -0.0240576
internal_weight=10800 7419 2747 363 299 3381 3316 3156 977 320 657 2179 2384 2303
internal_count=10800 7419 2747 363 299 3381 3316 3156 977 320 657 2179 2384 2303
is_linear=0
shrinkage=0.05


Tree=73
num_leaves=15
num_cat=0
split_feature=65 65 37 36 9 8 24 49 51 17 36 51 42 47
split_gain=52905.8 9026.96 6988.02 6201.84 5057.53 4725.53 5161.33 12371.9 8311.53 5418.11 4973.62 4991.3 7588.09 4927.05
threshold=191.01635350000001 87.394937500000012 51.875000000000007 26.283333333333335 268.69404500000007 268.29391150000009 277.75656700000008 3.5000000000000004 3.5000000000000004 1.1809109315730381e-05 22.838802083333338 1.5000000000000002 78.625000000000014 85.121093750000014
decision_type=2 2 2 2 2 2 2 2 2 2 2 2 2 2
left_child=1 -1 -3 4 -4 6 7 10 -9 -8 13 -12 -13 -2
right_child=5 2 3 -5 -6 -7 9 8 -10 -11 11 12 -14 -15
leaf_value=-0.10157433666567717 0.10373802067351286 0.2771717596004199 0.0077045709666729023 0.54188256376251887 -0.24393206110709689 -0.17875112436150994 0.17573320151027616 0.0043199719217150139 -0.60199503618993877 0.41144028635732027 0.095063348600233452 0.2866508422540906 0.83762687595411289 0.43274289118052123
leaf_weight=5770 1192 238 1361 48 233 92 573 187 80 427 159 229 86 125
leaf_count=5770 1192 238 1361 48 233 92 573 187 80 427 159 229 86 125
internal_value=0.000436696 -0.0705758 0.0245666 -0.0121937 -0.0292078 0.172863 0.183497 0.138101 -0.178916 0.276691 0.185434 0.324239 0.439251 0.135269
internal_weight=10800 7650 1880 1642 1594 3150 3058 2058 267 1000 1791 474 315 1317
internal_count=10800 7650 1880 1642 1594 3150 3058 2058 267 1000 1791 474 315 1317
is_linear=0
shrinkage=0.05


Tree=74
num_leaves=15
num_cat=0
split_feature=65 65 16 24 55 43 22 47 26 30 9 48 32 35
split_gain=47756.5 8271.93 6177.59 5343.1 5338.75 7077.54 5421.06 5222.83 5170.05 4393.05 4554.51 4603.59 4593.6 7328.23
threshold=191.01635350000001 24.000000000000004 272.70666550000004 297.26105400000006 -0.56174490092936669 71.125000000000014 136.48103394270836 70.757812500000014 23.962500000000002 16.025000000000002 272.25950450000005 5.6250000000000009 19.962500000000002 20.281250000000004
decision_type=2 2 2 2 2 2 2 2 2 2 2 2 2 2
left_child=1 -1 4 7 5 -3 -6 -4 -7 -2 11 -11 -13 -14
right_child=9 2 3 -5 6 8 -8 -9 -10 10 -12 12 13 -15
leaf_value=-0.10854681771341851 -0.25651149485932023 -0.31503221487822353 0.65002620048086412 -0.21712569936233411 -0.033287055372035378 -0.076824251924847778 0.16968757640615723 0.16162199861313009 0.51203030634981894 0.11943880171774707 -0.14098755947696712 0.40245385135623951 -0.0036048477153319113 0.27328189876044545
leaf_weight=4672 60 327 70 67 1647 166 410 244 47 1431 111 353 330 865
leaf_count=4672 60 327 70 67 1647 166 410 244 47 1431 111 353 330 865
internal_value=0.000424343 -0.0670439 -0.00191794 0.185824 -0.029522 -0.169284 0.00723252 0.27222 0.0548963 0.164245 0.172495 0.184219 0.243988 0.19688
internal_weight=10800 7650 2978 381 2597 540 2057 314 213 3150 3090 2979 1548 1195
internal_count=10800 7650 2978 381 2597 540 2057 314 213 3150 3090 2979 1548 1195
is_linear=0
shrinkage=0.05


Tree=75
num_leaves=15
num_cat=0
split_feature=65 36 25 24 57 46 36 22 25 36 35 51 51 42
split_gain=43232.8 7272.39 7472.28 7398.74 17165.9 7367.36 6642.71 6558.67 5535.36 5441.55 10456.3 5673.5 5158.44 11053.2
threshold=116.02311600000002 25.138281250000002 110.83558801624868 278.11863750000003 3.5000000000000004 84.505208333333357 18.666666666666668 144.14977325520837 106.38974418390383 19.924479166666668 19.621875000000003 3.5000000000000004 1.5000000000000002 79.875000000000014
decision_type=2 2 2 2 2 2 2 2 2 2 2 2 2 2
left_child=-1 2 3 4 6 -5 -2 -3 -9 -6 -11 -12 13 -8
right_child=1 7 -4 5 9 -7 12 8 -10 10 11 -13 -14 -15
leaf_value=-0.080670570712127992 -0.16502022848308431 0.51885321331348755 -0.23959999182172551 0.15448381049614079 0.24012833431479522 0.49062253620475532 0.18822236301339404 -0.24823741899358473 0.25343401530817633 -0.73139004191527013 -0.035939834955886367 -0.56690856394220579 0.19120564405413226 -0.44752201307387579
leaf_weight=6518 172 201 156 636 63 219 195 66 309 90 288 60 1723 104
leaf_count=6518 172 201 156 636 63 219 195 66 309 90 288 60 1723 104
internal_value=0.000408385 0.123816 0.0980743 0.112976 0.0722684 0.241055 0.13257 0.288979 0.164714 -0.191546 -0.254042 -0.128848 0.157954 -0.0336608
internal_weight=10800 4282 3706 3550 2695 855 2194 576 375 501 438 348 2022 299
internal_count=10800 4282 3706 3550 2695 855 2194 576 375 501 438 348 2022 299
is_linear=0
shrinkage=0.05


Tree=76
num_leaves=15
num_cat=0
split_feature=65 65 16 55 43 24 22 47 8 30 47 51 26 37
split_gain=39394.1 6930.96 5499.32 5095.09 6462.58 4841.79 4726.01 4616.45 4287.03 4630.2 4718.43 4269.8 4120.41 4071.09
threshold=190.22173450000003 24.000000000000004 272.70666550000004 -0.56174490092936669 71.875000000000014 297.26105400000006 136.48103394270836 70.757812500000014 268.29391150000009 18.912500000000005 76.196614583333357 1.5000000000000002 23.962500000000002 60.875000000000007
decision_type=2 2 2 2 2 2 2 2 2 2 2 2 2 2
left_child=1 -1 3 4 -3 7 -5 -4 9 10 -2 -9 -6 -11
right_child=8 2 5 6 12 -7 -8 11 -10 13 -12 -13 -14 -15
leaf_value=-0.099087969883845911 -0.34025366358369236 -0.30441595320288956 0.61356368631544256 -0.029583789511677363 -0.06540713945826504 -0.20742958663579297 0.16040704397343483 -0.24420685430742661 -0.18272525318359076 0.56365740486585048 0.088471161821271321 0.26330858233171361 0.47051179198467213 0.17121374998630448
leaf_weight=4672 82 324 70 1638 162 67 408 52 94 67 282 191 45 2646
leaf_count=4672 82 324 70 1638 162 67 408 52 94 67 282 191 45 2646
internal_value=0.000385755 -0.0611799 -0.00127257 -0.0274765 -0.165325 0.176037 0.0083628 0.25852 0.148477 0.158651 -0.0087773 0.154149 0.0527989 0.18111
internal_weight=10800 7629 2957 2577 531 380 2046 313 3171 3077 364 243 207 2713
internal_count=10800 7629 2957 2577 531 380 2046 313 3171 3077 364 243 207 2713
is_linear=0
shrinkage=0.05


Tree=77
num_leaves=15
num_cat=0
split_feature=65 21 65 48 31 57 36 6 4 9 42 44 42 8
split_gain=35553.6 6762.18 4362.31 4796.5 4436.27 4475.65 5661.02 4536.57 3910.01 5530.27 5124.42 5137.24 4480.25 3871.53
threshold=190.22173450000003 99.178332686540372 24.000000000000004 1.0000000180025095e-35 17.225000000000005 1.5000000000000002 24.776822916666671 203.11243250000004 265.35616800000008 209.80644200000003 83.375000000000014 69.031250000000014 79.125000000000014 268.29391150000009
decision_type=2 2 2 2 2 2 2 2 2 2 2 2 2 2
left_child=1 2 -1 -4 -5 6 -6 8 9 -7 -11 -12 -10 -2
right_child=13 -3 3 4 5 7 -8 -9 12 10 11 -13 -14 -15
leaf_value=-0.094134632423249043 0.15072629980905111 0.28875047054843628 -0.39218938127160075 -0.3913844121128528 0.080252941554124824 -0.016746959785132187 0.6195205139893073 0.3500717906314047 -0.076068699170890097 -0.38507302639049457 0.18869112034754776 -0.40238918345421554 0.49297076179318022 -0.17368515734413736
leaf_weight=4672 3077 137 81 71 498 1522 53 76 67 221 106 55 70 94
leaf_count=4672 3077 137 81 71 498 1522 53 76 67 221 106 55 70 94
internal_value=0.000370439 -0.0581172 -0.0644978 -0.0153813 -0.004099 0.0063501 0.133153 -0.0267006 -0.0408949 -0.0594938 -0.229321 -0.0144682 0.216147 0.141058
internal_weight=10800 7629 7492 2820 2739 2668 551 2117 2041 1904 382 161 137 3171
internal_count=10800 7629 7492 2820 2739 2668 551 2117 2041 1904 382 161 137 3171
is_linear=0
shrinkage=0.05


Tree=78
num_leaves=15
num_cat=0
split_feature=65 9 28 49 36 24 24 57 51 51 24 42 22 47
split_gain=32126.3 6447.38 6698.43 5281.28 10200.4 4896.77 6494.07 9238.68 5640.9 4686.1 5042.33 4921.32 4497.82 6196.72
threshold=116.02311600000002 267.14005600000007 19.012500000000003 3.5000000000000004 20.237630208333339 300.20324800000009 277.75656700000008 3.5000000000000004 3.5000000000000004 3.5000000000000004 286.87046450000008 59.875000000000007 125.64656252604168 77.855468750000014
decision_type=2 2 2 2 2 2 2 2 2 2 2 2 2 2
left_child=-1 2 3 12 -5 6 7 -4 -9 10 11 -8 13 -2
right_child=1 -3 5 4 -6 -7 9 8 -10 -11 -12 -13 -14 -15
leaf_value=-0.069539708597449831 -0.28482641322991337 -0.10128273907831652 0.17312459782788475 0.074947382180036701 -0.66368992092553525 -0.033632505057527629 0.095253774178258727 -0.0187473467172822 -0.54385180883109574 0.50098274804807774 0.01768828301835771 0.38995333096577545 0.26725926212438372 0.11493695695765212
leaf_weight=6518 147 342 1450 112 79 301 209 255 63 190 217 444 193 280
leaf_count=6518 147 342 1450 112 79 301 209 255 63 190 217 444 193 280
internal_value=0.000353024 0.106734 0.124812 -0.00324491 -0.232428 0.157993 0.178393 0.119614 -0.124156 0.276226 0.226623 0.295921 0.0676188 -0.0230304
internal_weight=10800 4282 3940 811 191 3129 2828 1768 318 1060 870 653 620 427
internal_count=10800 4282 3940 811 191 3129 2828 1768 318 1060 870 653 620 427
is_linear=0
shrinkage=0.05


Tree=79
num_leaves=15
num_cat=0
split_feature=65 21 64 48 65 13 30 42 24 65 45 47 30 42
split_gain=29306.9 5975 4030.35 4431.24 3580.62 4742.63 4580.91 3516.49 4043.5 3498.11 3481.34 3377.43 4308.25 3592.48
threshold=191.01635350000001 99.178332686540372 194.41475600000004 5.6250000000000009 262.22140250000007 1.3907884931706322 18.112500000000004 82.625000000000014 284.71608000000009 95.909264000000022 78.145833333333357 85.757812500000014 17.775000000000002 87.875000000000014
decision_type=2 2 2 2 2 2 2 2 2 2 2 2 2 2
left_child=1 2 -1 -4 5 6 -2 8 -7 -5 -11 12 -6 -14
right_child=4 -3 3 9 11 7 -8 -9 -10 10 -12 -13 13 -15
leaf_value=-0.070197606345036939 -0.26504831264306489 0.26542584047106832 0.18178959490256358 0.054393022849065498 -0.32528979247663081 0.48423097701633683 0.066545948350874726 0.10115560954776559 -0.043289673455218058 0.09077662583007369 -0.46376242774374349 0.61686762843442999 0.22579757508695858 -0.079282524112925357
leaf_weight=6828 112 144 348 204 40 169 1332 273 46 42 84 45 1027 106
leaf_count=6828 112 144 348 204 40 169 1332 273 46 42 84 45 1027 106
internal_value=0.000334997 -0.0525178 -0.058652 0.0575534 0.128668 0.0862683 0.0406611 0.220862 0.371688 -0.0736128 -0.279657 0.195796 0.179131 0.19721
internal_weight=10800 7650 7506 678 3150 1932 1444 488 215 330 126 1218 1173 1133
internal_count=10800 7650 7506 678 3150 1932 1444 488 215 330 126 1218 1173 1133
is_linear=0
shrinkage=0.05


Tree=80
num_leaves=15
num_cat=0
split_feature=65 65 36 17 37 43 36 36 42 31 47 51 37 33
split_gain=26579 6698.78 7339.5 5229.25 4371.04 6822.54 4387.86 7924.67 4340.53 4284.85 4568.87 3628.12 6748.48 3520.84
threshold=87.394937500000012 261.5324245000001 18.395963541666671 33.496613163840465 51.875000000000007 69.625000000000014 25.941927083333336 24.627343750000005 83.375000000000014 21.962500000000002 79.623697916666671 2.5000000000000004 68.375000000000014 21.518750000000001
decision_type=2 2 2 2 2 2 2 2 2 2 2 2 2 2
left_child=-1 2 -2 4 6 11 7 -4 -5 10 -10 -6 -13 -7
right_child=1 -3 3 8 5 13 -8 -9 9 -11 -12 12 -14 -15
leaf_value=-0.072907804434176493 -0.33059181751164257 0.18409037230514924 0.099292903561145063 0.29809618327757081 -0.22683067377082777 0.013063806267333174 -0.17819684123992921 0.76776925098728133 -0.3046388674488239 0.37129982857846877 0.17060523324180396 0.13365109969446723 -0.32174603856550771 0.1488957126706493
leaf_weight=5770 121 1260 119 388 356 1239 49 70 106 70 95 266 116 775
leaf_count=5770 121 1260 119 388 356 1239 49 70 106 70 95 266 116 775
internal_value=0.000322136 0.0843233 0.0509394 0.063678 0.035547 0.0177276 0.240657 0.349615 0.191066 0.0372942 -0.0802884 -0.11223 -0.00511604 0.0653807
internal_weight=10800 5030 3770 3649 2990 2752 238 189 659 271 201 738 382 2014
internal_count=10800 5030 3770 3649 2990 2752 238 189 659 271 201 738 382 2014
is_linear=0
shrinkage=0.05


Tree=81
num_leaves=15
num_cat=0
split_feature=65 21 64 48 65 37 47 34 8 26 32 27 43 46
split_gain=24087.6 5228.91 3407.74 3893.75 3306.44 3271.24 3238.55 5429.74 3235.38 3851.35 4082.02 5251.47 4075.56 3874.24
threshold=191.01635350000001 99.178332686540372 194.41475600000004 5.6250000000000009 95.909264000000022 73.875000000000014 85.121093750000014 17.001041666666669 263.09138400000006 22.812500000000004 19.962500000000002 19.012500000000003 89.375000000000014 89.380208333333357
decision_type=2 2 2 2 2 2 2 2 2 2 2 2 2 2
left_child=1 2 -1 5 -5 -4 7 -2 9 10 12 -12 13 -9
right_child=6 -3 3 4 -6 -7 -8 8 -10 -11 11 -13 -14 -15
leaf_value=-0.063961531616425524 -0.27429967150910872 0.24982309754552512 -0.18903220382829508 0.054995523665736359 -0.26976788859433082 0.23488498648968401 0.36519791319493267 0.23838280803871803 -0.10762225529610717 0.25072554425013238 -0.25812961216862046 0.084459286979568837 0.010053181662199331 0.72406428446588311
leaf_weight=6828 90 144 53 204 126 295 125 414 150 535 120 1485 186 45
leaf_count=6828 90 144 53 204 126 295 125 414 150 535 120 1485 186 45
internal_value=0.000309509 -0.0476065 -0.0533451 0.0535078 -0.0694454 0.169966 0.116655 0.106267 0.118027 0.130214 0.101461 0.0587004 0.20761 0.287469
internal_weight=10800 7650 7506 678 330 348 3150 3025 2935 2785 2250 1605 645 459
internal_count=10800 7650 7506 678 330 348 3150 3025 2935 2785 2250 1605 645 459
is_linear=0
shrinkage=0.05


Tree=82
num_leaves=15
num_cat=0
split_feature=65 30 42 22 41 49 24 44 36 35 51 25 22 47
split_gain=22003.4 5712.35 8889.79 7516.12 7165.79 6972.59 6969.21 6566.33 5492.05 7032.34 5257.25 6256.7 6734.22 5046.41
threshold=87.394937500000012 21.262500000000003 85.125000000000014 31.516171546875004 74.875000000000014 3.5000000000000004 274.65417650000006 82.031250000000014 19.526302083333338 19.621875000000003 3.5000000000000004 109.63913789192482 153.21370061979169 63.355468750000007
decision_type=2 2 2 2 2 2 2 2 2 2 2 2 2 2
left_child=-1 4 3 7 -2 -6 -5 -3 -7 -10 11 13 -13 -8
right_child=1 2 -4 6 5 8 10 -9 9 -11 -12 12 -14 -15
leaf_value=-0.066330354377794248 0.68576067235411675 0.78758427313395918 0.48329741332614634 -0.067043802557895202 0.065269060556781486 0.24189279111021242 -0.1578977931412342 0.19100401796226343 -0.46965555462241176 -0.073893202455477883 0.49383626129022062 -0.15050052834439626 0.45005058610981163 0.23659841953257157
leaf_weight=5770 40 69 170 584 2093 91 91 138 149 448 97 308 54 698
leaf_count=5770 40 69 170 584 2093 91 91 138 149 448 97 308 54 698
internal_value=0.000298893 0.0767284 0.136925 0.107823 0.0295597 0.0198782 0.0754387 0.392695 -0.118102 -0.173288 0.142114 0.112069 -0.0599225 0.190957
internal_weight=10800 5030 2209 2039 2821 2781 1832 207 688 597 1248 1151 362 789
internal_count=10800 5030 2209 2039 2821 2781 1832 207 688 597 1248 1151 362 789
is_linear=0
shrinkage=0.05


Tree=83
num_leaves=15
num_cat=0
split_feature=65 21 31 13 21 42 22 24 25 24 34 64 41 47
split_gain=20165.9 4498.73 3025.21 2963.21 4385.38 3451.33 5146.79 5562.77 3745.34 4115.13 3431.88 3612.49 3383.08 3990.15
threshold=191.01635350000001 99.178332686540372 30.762500000000003 1.3020716109354509 1.3134761892532257e-05 82.625000000000014 143.91240567187504 277.75656700000008 99.297997961420336 248.07883750000005 22.451041666666672 241.68442550000003 82.625000000000014 82.990885416666671
decision_type=2 2 2 2 2 2 2 2 2 2 2 2 2 2
left_child=1 2 -1 4 10 6 7 8 9 -5 11 -2 -7 -14
right_child=3 -3 -4 5 -6 12 -8 -9 -10 -11 -12 -13 13 -15
leaf_value=-0.051828866434779935 0.016083902113090378 0.23233544396814604 0.29081900636737162 0.14220685671346309 0.0038336352799813907 0.41133649449263299 -0.0022354858432663605 0.68578085152059798 0.024230123876727055 0.65821243528323847 0.38977877102879577 0.21613432855400722 -0.022549775453004753 0.39762906298944445
leaf_weight=7442 467 144 64 77 1102 69 127 99 111 78 127 436 392 65
leaf_count=7442 467 144 64 77 1102 69 127 99 111 78 127 436 392 65
internal_value=0.000296215 -0.043546 -0.0488689 0.10675 0.0731824 0.17691 0.272001 0.367166 0.24646 0.404429 0.147303 0.112807 0.0876186 0.0379508
internal_weight=10800 7650 7506 3150 2132 1018 492 365 266 155 1030 903 526 457
internal_count=10800 7650 7506 3150 2132 1018 492 365 266 155 1030 903 526 457
is_linear=0
shrinkage=0.05


Tree=84
num_leaves=15
num_cat=0
split_feature=65 36 9 37 22 24 57 51 42 24 51 36 48 47
split_gain=18325.8 5661.22 5220.67 5428.42 5202.3 6006.4 11285 8155.5 9124.06 7294.68 6431 7718.01 4944.34 5815.18
threshold=87.394937500000012 18.666666666666668 268.69404500000007 54.375000000000007 115.64385983854167 277.29195150000004 3.5000000000000004 2.5000000000000004 81.875000000000014 299.02505250000007 2.5000000000000004 19.328515625000005 3.6250000000000004 77.319010416666671
decision_type=2 2 2 2 2 2 2 2 2 2 2 2 2 2
left_child=-1 -2 4 -4 -3 6 7 8 -6 -7 -8 -12 -9 -14
right_child=1 2 3 -5 5 9 10 12 -10 -11 11 -13 13 -15
leaf_value=-0.060509506616986078 -0.19137000682852678 0.21613199433655739 0.23342186511955532 -0.1728158053455435 0.05729731707189193 0.19967102125245861 -0.039155393694677659 -0.0096484445370203457 -0.45845797432006385 -0.062549742908560718 0.19669446001186017 -0.52548036592702074 0.37904911298002053 0.095090111946671621
leaf_weight=5770 198 764 106 355 288 1265 371 280 121 335 46 179 362 360
leaf_count=5770 198 764 106 355 288 1265 371 280 121 335 46 179 362 360
internal_value=0.000297108 0.0700476 0.080797 -0.0791045 0.0976757 0.0725325 0.0149057 0.0919534 -0.0960316 0.144764 -0.167349 -0.377619 0.168705 0.23779
internal_weight=10800 5030 4832 461 4371 3607 2007 1411 409 1600 596 225 1002 722
internal_count=10800 5030 4832 461 4371 3607 2007 1411 409 1600 596 225 1002 722
is_linear=0
shrinkage=0.05


Tree=85
num_leaves=15
num_cat=0
split_feature=65 64 51 32 40 18 32 47 34 45 42 13 51 22
split_gain=16712.1 4014.1 3930.26 5518.67 3210.64 3086.5 4239.15 2968.73 4446.42 2855.83 2709.39 3198.17 3713.84 3292.36
threshold=191.01635350000001 194.41475600000004 3.5000000000000004 19.962500000000002 78.375000000000014 31.933579375000004 22.112500000000004 85.121093750000014 17.001041666666669 88.760416666666671 88.125000000000014 1.3020716109354509 1.5000000000000002 143.91240567187504
decision_type=2 2 2 2 2 2 2 2 2 2 2 2 2 2
left_child=1 -1 3 -3 5 6 -5 8 -2 -4 11 -10 -13 -14
right_child=7 2 9 4 -6 -7 -8 -9 10 -11 -12 12 13 -15
leaf_value=-0.051457177251841395 -0.25710639577297556 -0.49246039175987244 0.42727328311421175 0.14216575783544355 -0.076830139585331955 0.023198697139632029 0.75154434936967762 0.33511162350427304 0.071974091227160364 -0.023040294518264441 -0.13599838528453428 0.0015956972766181699 0.29770016043308034 0.012979087141889429
leaf_weight=6913 90 49 112 83 241 158 43 125 1944 51 118 206 542 125
leaf_count=6913 90 49 112 83 241 158 43 125 1944 51 118 206 542 125
internal_value=0.000281591 -0.0396299 0.0712281 0.00953488 0.0572349 0.170872 0.354408 0.0971914 0.0872525 0.287096 0.097896 0.107738 0.187205 0.244441
internal_weight=10800 7650 737 574 525 284 126 3150 3025 163 2935 2817 873 667
internal_count=10800 7650 737 574 525 284 126 3150 3025 163 2935 2817 873 667
is_linear=0
shrinkage=0.05


Tree=86
num_leaves=15
num_cat=0
split_feature=65 36 25 47 46 41 47 22 30 47 22 31 43 36
split_gain=15231.1 4935.57 4576.95 6359.87 9183.78 6017.43 5625.85 5266.26 5258.18 5016.36 8798.36 5374.1 9967.48 4513.66
threshold=87.394937500000012 18.666666666666668 90.590574338866432 77.319010416666671 88.802083333333357 81.625000000000014 78.419270833333357 138.80926445833336 21.512500000000003 75.553385416666671 125.64656252604168 21.512500000000003 73.875000000000014 23.976302083333341
decision_type=2 2 2 2 2 2 2 2 2 2 2 2 2 2
left_child=-1 -2 5 4 9 -3 7 -5 -8 -4 -11 -12 -13 -14
right_child=1 2 3 6 -6 -7 8 -9 -10 10 11 12 13 -15
leaf_value=-0.055162984324324496 -0.18022556082163024 0.48082632507785417 0.051091918965825434 -0.30892820159864165 0.71830399036407477 0.11932987757005149 -0.027269590251101233 0.1021229511126876 0.23294912929215084 -0.32304752315320667 0.53793486982216077 -0.44358531821448849 0.19198029639820258 0.72863916032589404
leaf_weight=5770 198 140 1962 275 58 634 920 108 245 62 161 52 164 51
leaf_count=5770 198 140 1962 275 58 634 920 108 245 62 161 52 164 51
internal_value=0.000272263 0.0638613 0.0738984 0.0526189 0.101761 0.185253 -0.0270772 -0.193054 0.0276074 0.0868907 0.229836 0.310493 0.171851 0.322065
internal_weight=10800 5030 4832 4058 2510 774 1548 383 1165 2452 490 428 267 215
internal_count=10800 5030 4832 4058 2510 774 1548 383 1165 2452 490 428 267 215
is_linear=0
shrinkage=0.05


Tree=87
num_leaves=15
num_cat=0
split_feature=65 21 47 35 29 30 64 25 25 46 25 22 52 31
split_gain=13871 3592.58 2814.21 3746.12 3267.26 3973.79 2643.61 6578.31 2994.68 5935.93 4318.55 5840.13 3033.82 2526.08
threshold=191.01635350000001 99.178332686540372 85.121093750000014 17.283333333333335 17.775000000000002 18.512500000000003 274.03199250000006 105.62170988028267 99.107873749544453 82.234375000000014 100.22833971946149 135.02732832812504 0.72947329433276253 30.762500000000003
decision_type=2 2 2 2 2 2 2 2 2 2 2 2 2 2
left_child=1 13 3 -2 -5 -6 8 -8 9 12 -10 -12 -7 -1
right_child=2 -3 -4 4 5 6 7 -9 10 -11 11 -13 -14 -15
leaf_value=-0.043556298636851988 -0.21041438301542292 0.2104387880604843 0.32018536721237956 0.3780845234582299 -0.23148338517757377 0.19366340938398352 0.73049276189984014 0.12929913259860945 -0.21471106653448149 0.065698366275301387 0.57679817894330387 0.035884213489304241 0.55552814728188737 0.26954338451990717
leaf_weight=7442 107 144 125 94 98 130 52 327 163 655 51 1242 106 64
leaf_count=7442 107 144 125 94 98 130 52 327 163 655 51 1242 106 64
internal_value=0.000267099 -0.0360941 0.0885562 0.0788821 0.0895587 0.0798244 0.0910967 0.21349 0.0712498 0.143396 0.0270315 0.0576488 0.357854 -0.0408511
internal_weight=10800 7650 3150 3025 2918 2824 2726 379 2347 891 1456 1293 236 7506
internal_count=10800 7650 3150 3025 2918 2824 2726 379 2347 891 1456 1293 236 7506
is_linear=0
shrinkage=0.05


Tree=88
num_leaves=15
num_cat=0
split_feature=52 0 65 9 64 8 47 47 42 32 49 31 64 31
split_gain=12728.6 4467.91 4774.42 4496.02 3482.87 2884.74 2678.35 3679.08 2747.95 2923.11 4022.88 3576.86 3273.66 2646.98
threshold=0.25881904510252091 262.99180150000007 261.5324245000001 249.54321200000001 265.84829400000007 197.46853500000003 81.811197916666671 81.065104166666686 83.625000000000014 17.525000000000002 1.5000000000000002 22.487500000000004 173.92561300000003 21.162500000000005
decision_type=2 2 2 2 2 2 2 2 2 2 2 2 2 2
left_child=-1 2 4 -3 6 -4 7 8 9 13 11 12 -11 -2
right_child=1 3 5 -5 -6 -7 -8 -9 -10 10 -12 -13 -14 -15
leaf_value=-0.045781441293496691 -0.52829426984586147 0.75126066845516837 0.16623074424656673 0.16901101285467546 0.14844178873329208 -0.063510409946654259 0.099917100854697891 -0.35893342450261118 -0.16031443863302808 0.12411755234737631 -0.014612336354602835 0.046868344076556157 0.60654184495409336 -0.036611272178698279
leaf_weight=6280 45 42 1074 149 454 156 523 79 274 70 1297 218 71 68
leaf_count=6280 45 42 1074 149 454 156 523 79 274 70 1297 218 71 68
internal_value=0.000266547 0.0642407 0.053759 0.300291 0.0206611 0.137065 -0.00131957 -0.0263062 -0.0132747 0.00957797 0.0264217 0.174299 0.369601 -0.235331
internal_weight=10800 4520 4329 191 3099 1230 2645 2122 2043 1769 1656 359 141 113
internal_count=10800 4520 4329 191 3099 1230 2645 2122 2043 1769 1656 359 141 113
is_linear=0
shrinkage=0.05


Tree=89
num_leaves=15
num_cat=0
split_feature=65 9 37 36 22 40 33 57 24 47 24 34 36 51
split_gain=11726.6 4247.47 5028.36 4440.41 8209.04 5864.12 4528.4 4252.69 7180.47 10844.9 8308.22 5333.14 4299.76 5020.29
threshold=87.394937500000012 268.69404500000007 54.375000000000007 25.415885416666672 145.83517119791671 73.375000000000014 22.190625000000004 3.5000000000000004 274.65417650000006 69.101562500000014 273.12119300000006 17.998958333333338 18.666666666666668 2.5000000000000004
decision_type=2 2 2 2 2 2 2 2 2 2 2 2 2 2
left_child=-1 3 -3 7 -5 -6 -7 12 10 -10 11 -9 -2 -14
right_child=1 2 -4 4 5 6 -8 8 9 -11 -12 -13 13 -15
leaf_value=-0.048383939996512783 -0.14939673177331039 0.21449784628219076 -0.17339484760336377 0.53989945298627673 -0.16168358867726057 -0.17926028075162323 0.37330469824596796 0.48364581131353612 0.74881070538366767 0.020984370276057873 -0.53957201935220189 -0.11613419093047234 0.023676283533048424 0.1591848125827689
leaf_weight=5770 183 107 369 137 143 47 166 40 56 502 113 386 1210 1571
leaf_count=5770 183 107 369 137 143 47 166 40 56 502 113 386 1210 1571
internal_value=0.000257404 0.0560533 -0.0859336 0.0709098 0.212472 0.085308 0.251109 0.0536763 -0.0304083 0.0952368 -0.160418 -0.0588161 0.0847965 0.100255
internal_weight=10800 5030 476 4554 493 356 213 4061 1097 558 539 426 2964 2781
internal_count=10800 5030 476 4554 493 356 213 4061 1097 558 539 426 2964 2781
is_linear=0
shrinkage=0.05


Tree=90
num_leaves=15
num_cat=0
split_feature=52 24 49 24 24 64 25 25 65 51 22 25 36 24
split_gain=10691.7 3961.45 6615.28 6714.05 5172.92 3309.14 3022.92 5092.76 5858.14 5086.63 3273.33 3788.93 3276.89 3122.37
threshold=0.25881904510252091 274.65417650000006 3.5000000000000004 273.12119300000006 300.20324800000009 226.75070750000003 103.46998804815223 104.44557423686149 261.85281600000008 3.5000000000000004 148.5701428385417 109.63913789192482 26.521093750000002 283.21306650000002
decision_type=2 2 2 2 2 2 2 2 2 2 2 2 2 2
left_child=-1 2 -2 -4 6 -6 -3 8 -8 10 11 12 13 -9
right_child=1 4 3 -5 5 -7 7 9 -10 -11 -12 -13 -14 -15
leaf_value=-0.041953040601837188 0.088470655946425905 0.0082752103805626281 -0.030149179015915024 -0.50051801938701557 -0.46284412436864592 0.009269532160990003 0.27750136008617854 0.40244480279358952 0.98799597450665066 0.44933524295609478 0.47711075213822457 -0.23576912769280814 -0.22040718236907583 0.096487054365287941
leaf_weight=6280 1815 220 1200 80 43 237 98 109 41 130 54 84 60 349
leaf_count=6280 1815 220 1200 80 43 237 98 109 41 130 54 84 60 349
internal_value=0.000250072 0.0588826 0.0271032 -0.059915 0.127838 -0.0646228 0.174918 0.2145 0.492632 0.16475 0.107755 0.0738875 0.12446 0.17002
internal_weight=10800 4520 3095 1280 1425 280 1145 925 139 786 656 602 518 458
internal_count=10800 4520 3095 1280 1425 280 1145 925 139 786 656 602 518 458
is_linear=0
shrinkage=0.05


Tree=91
num_leaves=15
num_cat=0
split_feature=65 30 42 22 44 24 41 49 36 45 24 51 25 22
split_gain=9720.44 3913.99 6955.43 5508.3 5364.53 5262.93 5128.26 4807.46 4667.63 4557.17 4500.73 4095.93 5093.33 5225.33
threshold=87.394937500000012 21.162500000000005 85.125000000000014 31.516171546875004 82.656250000000014 274.65417650000006 75.375000000000014 3.5000000000000004 19.066145833333337 83.218750000000014 274.34720900000008 3.5000000000000004 109.63913789192482 152.39611132812504
decision_type=2 2 2 2 2 2 2 2 2 2 2 2 2 2
left_child=-1 6 3 4 -3 10 -2 -8 -9 -10 -5 12 -7 -14
right_child=1 2 -4 5 -6 11 7 8 9 -11 -12 -13 13 -15
leaf_value=-0.044042004174448771 0.5591374601636615 0.66548694893717775 0.39780871841332155 -0.037858591843400506 0.13620239243402518 0.14818568339775048 0.040596067802336516 0.36197115890681747 -0.018921543330050739 -0.28913675836247482 -0.58033842778787381 0.40978309761474629 -0.18425701914703568 0.24880044246392866
leaf_weight=5770 41 71 179 570 145 806 2038 47 322 302 40 100 277 92
leaf_count=5770 41 71 179 570 145 806 2038 47 322 302 40 100 277 92
internal_value=0.000243611 0.0510431 0.0994669 0.0738717 0.312445 0.0463827 0.0108737 0.00237266 -0.113609 -0.149952 -0.0743226 0.104145 0.0778068 -0.0759054
internal_weight=10800 5030 2280 2101 216 1885 2750 2709 671 624 610 1275 1175 369
internal_count=10800 5030 2280 2101 216 1885 2750 2709 671 624 610 1275 1175 369
is_linear=0
shrinkage=0.05


Tree=92
num_leaves=15
num_cat=0
split_feature=52 21 51 24 24 25 64 47 46 49 47 22 54 36
split_gain=9174 3149.72 3062.66 2670.43 4738.4 4637.55 3145.08 3071.76 3393.48 5163.33 4306.54 7900.97 5338.02 4710.63
threshold=0.47114434510950087 98.266410409459311 3.5000000000000004 274.65417650000006 300.20324800000009 103.78186874622266 256.17617500000006 81.894531250000014 82.848958333333357 2.5000000000000004 77.423177083333357 125.64656252604168 -0.8783796973249266 22.152604166666674
decision_type=2 2 2 2 2 2 2 2 2 2 2 2 2 2
left_child=1 -1 -3 5 -5 7 -6 8 9 -2 11 -10 -12 -13
right_child=3 2 -4 4 6 -7 -8 -9 10 -11 12 13 -14 -15
leaf_value=-0.040483456445621985 0.27067801324120228 0.052508373269466335 0.47538377993247088 0.17654112991483453 -0.47342262383913847 -0.15067353560228641 0.0091693320568689771 0.17545614276748159 -0.094244619811159433 0.0073034191155114409 -0.61357436532962994 0.404232080030138 -0.080670294502411879 -0.14529566442966463
leaf_weight=6752 301 269 50 934 40 296 191 455 325 485 52 182 419 49
leaf_count=6752 301 269 50 934 40 296 191 455 325 485 52 182 419 49
internal_value=0.000239825 -0.0332244 0.120068 0.0636872 0.126429 0.0351412 -0.0760768 0.0594479 0.0302531 0.108379 -0.0295866 0.0646067 -0.14068 0.287542
internal_weight=10800 7071 319 3729 1165 2564 231 2268 1813 786 1027 556 471 231
internal_count=10800 7071 319 3729 1165 2564 231 2268 1813 786 1027 556 471 231
is_linear=0
shrinkage=0.05


Tree=93
num_leaves=15
num_cat=0
split_feature=52 21 51 65 47 47 46 37 30 48 64 24 0 22
split_gain=8277.67 2845.71 2770.34 2592.41 2700.83 2696.55 2732.95 2591.14 3325.21 2412.9 2362.33 3096.26 2550.11 2289.96
threshold=0.47114434510950087 98.266410409459311 3.5000000000000004 261.5324245000001 85.757812500000014 81.417968750000014 89.380208333333357 57.875000000000007 20.987500000000004 23.625000000000004 265.84829400000007 300.20324800000009 198.92361450000001 135.87149117187502
decision_type=2 2 2 2 2 2 2 2 2 2 2 2 2 2
left_child=1 9 7 10 5 6 -5 -3 -9 -1 11 -2 -12 -10
right_child=3 2 -4 4 -6 -7 -8 8 13 -11 12 -13 -14 -15
leaf_value=-0.04235272525727736 0.018204754087563592 0.33068853697133443 0.45208065420681359 0.11125274302575071 0.49173537873207257 -0.14390934255719187 0.51396772461858664 0.18969840747506725 0.092733890981208988 0.19068029142454662 0.084288356193028172 -0.36902029206449133 0.41676176797379472 -0.37164542473755874
leaf_weight=6640 1988 62 50 1048 46 99 43 91 40 112 386 52 67 76
leaf_count=6640 1988 62 50 1048 46 99 43 91 40 112 386 52 67 76
internal_value=0.000227708 -0.0315597 0.114147 0.060496 0.119676 0.104893 0.127581 0.0498927 -0.0353959 -0.0384596 0.0311189 0.00815834 0.134272 -0.212091
internal_weight=10800 7071 319 3729 1236 1190 1091 269 207 6752 2493 2040 453 116
internal_count=10800 7071 319 3729 1236 1190 1091 269 207 6752 2493 2040 453 116
is_linear=0
shrinkage=0.05


Tree=94
num_leaves=15
num_cat=0
split_feature=65 36 36 8 29 49 47 47 65 25 46 54 44 47
split_gain=7499.93 3919.54 3692.16 3403.44 3673.65 5635.91 5042.13 3556.79 4482.4 5362.42 4318.71 4028.29 8222.27 4408.96
threshold=87.394937500000012 18.666666666666668 19.066145833333337 285.25181400000002 19.012500000000003 4.5000000000000009 82.251302083333357 77.423177083333357 259.33671700000008 99.460662613930012 88.442708333333357 1.0000000180025095e-35 87.968750000000014 80.576822916666671
decision_type=2 2 2 2 2 2 2 2 2 2 2 2 2 2
left_child=-1 -2 -3 4 5 -4 7 10 11 -10 -6 12 -9 -14
right_child=1 2 3 -5 6 -7 -8 8 9 -11 -12 -13 13 -15
leaf_value=-0.038674466737586857 -0.17265413693461251 0.39958659314403411 -0.01493883947569118 -0.34284712054512717 0.079690409023995656 -0.57689253613352776 0.28530792838346636 0.19479308574937468 0.4406522260856523 0.012675646381413051 0.54906427406519653 -0.18325657150781061 -0.029562196290080851 -0.73879252335145362
leaf_weight=5770 198 75 634 54 2560 47 256 245 98 281 49 446 46 41
leaf_count=5770 198 75 634 54 2560 47 256 245 98 281 49 446 46 41
internal_value=0.00022542 0.044847 0.0537934 0.0482587 0.0528213 -0.0545117 0.0710038 0.0563643 -0.0165943 0.124208 0.0887128 -0.0852571 0.0465477 -0.368394
internal_weight=10800 5030 4832 4757 4703 681 4022 3766 1157 379 2609 778 332 87
internal_count=10800 5030 4832 4757 4703 681 4022 3766 1157 379 2609 778 332 87
is_linear=0
shrinkage=0.05


Tree=95
num_leaves=15
num_cat=0
split_feature=52 37 65 36 24 25 24 24 52 20 22 64 49 22
split_gain=6964.8 2435.48 5591.3 3185.07 2270.43 4266.45 4169.13 2645.72 4540.25 2635.52 2620.48 2578.34 2486.37 3630.06
threshold=0.47114434510950087 51.875000000000007 96.667438500000017 23.839973958333342 274.65417650000006 104.00661095731722 300.20324800000009 278.51062050000002 0.77259657388510639 148.84439150000003 132.31922835937505 256.17617500000006 3.5000000000000004 142.02304463541671
decision_type=2 2 2 2 2 2 2 2 2 2 2 2 2 2
left_child=1 2 -1 -4 5 -2 7 8 -6 10 -9 -8 13 -7
right_child=4 -3 3 -5 6 12 11 9 -10 -11 -12 -13 -14 -15
leaf_value=-0.026168055202808217 0.050207266920784734 -0.038517613010451868 0.030496533949610213 0.45944412463066869 -0.00046595677526460757 -0.27235392581270496 -0.43635600194698426 -0.3134899140858069 0.58918573461911261 0.2828693559496247 0.10078235996047234 0.00063493691656428086 -0.34544109929353001 0.23902976539284826
leaf_weight=497 2318 6391 70 113 53 71 40 40 84 198 559 191 109 66
leaf_count=497 2318 6391 70 113 53 71 40 40 84 198 559 191 109 66
internal_value=0.00021352 -0.0289443 0.0609548 0.296423 0.0554961 0.0291765 0.113347 0.160355 0.362722 0.125158 0.0726417 -0.0765892 -0.168393 -0.026047
internal_weight=10800 7071 680 183 3729 2564 1165 934 137 797 599 231 246 137
internal_count=10800 7071 680 183 3729 2564 1165 934 137 797 599 231 246 137
is_linear=0
shrinkage=0.05


Tree=96
num_leaves=15
num_cat=0
split_feature=65 64 48 47 65 31 64 37 22 36 9 47 12 51
split_gain=6397.34 3709.19 2538.29 2497.61 2385.51 3518.28 3259.28 3481.66 4100.12 5033.1 3749.39 3370.03 2904 2719.49
threshold=261.5324245000001 265.84829400000007 1.0000000180025095e-35 85.757812500000014 24.000000000000004 17.225000000000005 24.000000000000004 51.875000000000007 145.83517119791671 24.591927083333335 269.85915400000005 72.183593750000014 274.07134600000006 2.5000000000000004
decision_type=2 2 2 2 2 2 2 2 2 2 2 2 2 2
left_child=1 2 -1 -2 -4 -6 11 8 9 -8 12 -7 -9 -12
right_child=3 -3 4 -5 5 6 7 10 -10 -11 13 -13 -14 -15
leaf_value=-0.25528321479561561 0.09211507069602333 0.12410633745362405 -0.042742974653220391 0.46391994065426767 -0.29205198178950109 0.43850624783884123 0.053695006997269749 -0.0091676804465556424 -0.19420452918857337 0.51448342515296253 -0.39246251247133368 0.079413384493372319 0.25220249779522419 -0.042658764207414518
leaf_weight=113 1214 463 4640 46 94 78 135 3136 63 105 107 382 109 115
leaf_count=113 1214 463 4640 46 94 78 135 3136 63 105 107 382 109 115
internal_value=0.000204324 -0.0137844 -0.0208309 0.106046 -0.0178472 0.00887166 0.0156263 0.000280447 0.162529 0.256588 -0.0139421 0.141122 -0.000313228 -0.212262
internal_weight=10800 9540 9077 1260 8964 4324 4230 3770 303 240 3467 460 3245 222
internal_count=10800 9540 9077 1260 8964 4324 4230 3770 303 240 3467 460 3245 222
is_linear=0
shrinkage=0.05


Tree=97
num_leaves=15
num_cat=0
split_feature=52 0 9 65 47 30 32 35 22 31 22 48 41 24
split_gain=5852 3159.66 3448.01 2849.18 2342.46 2578.96 2709.45 4547.27 4364.59 5849.06 2160.33 2105.41 2093.15 2091.74
threshold=0.25881904510252091 262.99180150000007 249.54321200000001 262.22140250000007 85.757812500000014 17.775000000000002 19.762500000000003 20.315625000000004 136.1301436666667 22.162500000000005 127.03412769270835 23.625000000000004 82.875000000000014 277.75656700000008
decision_type=2 2 2 2 2 2 2 2 2 2 2 2 2 2
left_child=11 3 -3 -2 5 -5 10 -8 9 -9 -7 -1 -4 -10
right_child=1 2 12 4 -6 6 7 8 13 -11 -12 -13 -14 -15
leaf_value=-0.034938172487611711 0.0098063787201183531 0.63686704112346781 0.32968899863569634 -0.30316673760733953 0.45074153299564901 0.099317451219197161 -0.16286622056056227 0.84469313777628408 -0.10514604947106405 0.17114507961835895 0.39259567841291432 0.18287316973823889 -0.044588855290558282 0.11370855800875235
leaf_weight=6168 3141 42 68 40 45 128 182 41 164 142 124 112 81 322
leaf_count=6168 3141 42 68 40 45 128 182 41 164 142 124 112 81 322
internal_value=0.000197764 0.0435755 0.242071 0.0347638 0.100686 0.0865224 0.100916 0.0581281 0.118402 0.32582 0.24461 -0.0310251 0.127282 0.0397921
internal_weight=10800 4520 191 4329 1188 1143 1103 851 669 183 252 6280 149 486
internal_count=10800 4520 191 4329 1188 1143 1103 851 669 183 252 6280 149 486
is_linear=0
shrinkage=0.05


Tree=98
num_leaves=15
num_cat=0
split_feature=52 24 49 24 24 6 36 8 31 36 41 51 46 36
split_gain=5339.01 3025.76 5234.45 5885.33 3217.49 3076.57 2953.01 3280.35 3363.87 3755.95 5191.59 6624.25 3729.82 2890.02
threshold=1.0000000180025095e-35 274.65417650000006 3.5000000000000004 273.12119300000006 300.20324800000009 111.10307700000001 23.663020833333334 258.40172800000011 23.162500000000005 18.666666666666668 82.875000000000014 2.5000000000000004 82.848958333333357 25.007552083333334
decision_type=2 2 2 2 2 2 2 2 2 2 2 2 2 2
left_child=-1 2 6 -4 -3 13 7 8 9 -2 -11 12 -12 -6
right_child=1 4 3 -5 5 -7 -8 -9 -10 10 11 -13 -14 -15
leaf_value=-0.03510205018053205 -0.12158482117818359 0.12314234437172478 -0.035495599293738793 -0.43790717599241397 -0.29410164532707123 0.19552474403753878 0.20295617070778432 -0.23974682525092483 -0.046142082214551496 0.3704011875113058 0.078062726189108464 0.1621804230439296 -0.36275489766083591 0.048777220141034507
leaf_weight=5377 162 1397 1440 96 136 93 308 101 581 192 84 612 110 111
leaf_count=5377 162 1397 1440 96 136 93 308 101 581 192 84 612 110 111
internal_value=0.000199824 0.0352023 0.00955619 -0.0609149 0.0895877 -0.0482392 0.0599069 0.0358906 0.0520095 0.101167 0.137411 0.0815194 -0.172464 -0.140439
internal_weight=10800 5423 3686 1536 1737 340 2150 1842 1741 1160 998 806 194 247
internal_count=10800 5423 3686 1536 1737 340 2150 1842 1741 1160 998 806 194 247
is_linear=0
shrinkage=0.05


Tree=99
num_leaves=15
num_cat=0
split_feature=65 64 48 51 36 47 47 43 46 31 49 53 33 32
split_gain=4956.26 3046.59 2248.21 2197.33 3108.7 2075.19 2062.9 2287.89 2954.53 8187.09 2660.35 2048.82 2073.34 2043.2
threshold=261.5324245000001 265.84829400000007 1.0000000180025095e-35 3.5000000000000004 23.947526041666674 85.757812500000014 81.417968750000014 83.625000000000014 80.067708333333357 22.512500000000003 1.5000000000000002 0.99465189230620699 22.790625000000006 22.987500000000004
decision_type=2 2 2 2 2 2 2 2 2 2 2 2 2 2
left_child=1 2 -1 13 -5 6 7 8 9 -2 -10 -4 -13 -3
right_child=5 3 11 4 -6 -7 -8 -9 10 -11 -12 12 -14 -15
leaf_value=-0.23915972730569673 0.82538583597966619 -0.0097489505044658711 -0.019544835900516644 0.042660406647726551 0.6557921491563321 0.41954133204640232 -0.13592952562145669 0.20589305847402969 0.09964208170771599 0.066616857668203827 -0.13313355269164195 0.040595757561814355 0.38205184914538121 0.24847399489514813
leaf_weight=113 41 276 8739 42 40 46 100 350 234 233 256 165 60 105
leaf_count=113 41 276 8739 42 40 46 100 350 234 233 256 165 60 105
internal_value=0.000188018 -0.0121248 -0.0185109 0.112844 0.346047 0.093349 0.0806541 0.100201 0.0515753 0.182744 -0.0219948 -0.015703 0.132938 0.061879
internal_weight=10800 9540 9077 463 82 1260 1214 1114 764 274 490 8964 225 381
internal_count=10800 9540 9077 463 82 1260 1214 1114 764 274 490 8964 225 381
is_linear=0
shrinkage=0.05


Tree=100
num_leaves=15
num_cat=0
split_feature=52 0 9 65 8 48 53 65 33 41 37 65 36 31
split_gain=4528 2769 3093.86 2259.58 2077.8 1858.09 2109.84 1908.74 1874.66 1851.43 1828.56 3885.31 2465.61 2006.9
threshold=0.25881904510252091 262.99180150000007 249.54321200000001 262.22140250000007 197.46853500000003 1.0000000180025095e-35 0.99465189230620699 79.608916500000007 22.790625000000006 82.875000000000014 51.875000000000007 96.667438500000017 23.839973958333342 23.487500000000004
decision_type=2 2 2 2 2 2 2 2 2 2 2 2 2 2
left_child=5 3 -3 -2 -5 7 10 -1 -8 -4 11 -7 -13 -14
right_child=1 2 9 4 -6 6 8 -9 -10 -11 -12 12 13 -15
leaf_value=-0.06411350831179552 0.0078727474142328228 0.59810642582732576 0.30584171798782078 0.11441186982165569 -0.081496008316007187 -0.02140623626394771 0.038578198769365447 -0.48547494255683638 0.3632624125871502 -0.046124995009201336 -0.039102316892928111 0.029683168715154626 0.61924276798963551 0.15842893773859199
leaf_weight=70 3141 42 68 1033 155 496 165 43 60 81 5279 70 54 43
leaf_count=70 3141 42 68 1033 155 496 165 43 60 81 5279 70 54 43
internal_value=0.000189955 0.0383464 0.224164 0.0300981 0.0888045 -0.0272747 -0.0235732 -0.227307 0.126385 0.115472 -0.0292718 0.0489425 0.256766 0.418666
internal_weight=10800 4520 191 4329 1188 6280 6167 113 225 149 5942 663 167 97
internal_count=10800 4520 191 4329 1188 6280 6167 113 225 149 5942 663 167 97
is_linear=0
shrinkage=0.05


Tree=101
num_leaves=15
num_cat=0
split_feature=52 26 22 65 8 47 22 24 51 37 22 32 16 37
split_gain=4171.76 2091.5 5063.96 2364.74 2822.32 2290.17 4330.28 2930.87 3292.49 3006.49 2985.18 3590.15 2581.63 2482.93
threshold=0.63405362205439497 21.812500000000004 23.216666666666672 86.418312 285.25181400000002 82.167968750000014 128.4334668229167 280.08090150000004 2.5000000000000004 69.875000000000014 129.57144000520836 22.212500000000002 256.01193050000001 45.625000000000007
decision_type=2 2 2 2 2 2 2 2 2 2 2 2 2 2
left_child=1 -1 -3 -4 5 7 -7 8 10 -10 12 -12 -5 -9
right_child=-2 2 3 4 -6 6 -8 13 9 -11 11 -13 -14 -15
leaf_value=-0.055501291210234317 0.049702329813016928 0.37107227497630652 -0.032234225390491422 -0.22861725987806436 -0.31944848391807307 -0.068219185644285946 0.56301109598854848 0.49160655446168855 0.14264562019469873 -0.14492080429099438 0.14202642747584512 -0.32913176243133213 0.16990496391209509 0.089797663643332401
leaf_weight=2634 3051 89 3290 61 52 50 58 40 348 122 50 200 117 638
leaf_count=2634 3051 89 3290 61 52 50 58 40 348 122 50 200 117 638
internal_value=0.00018739 -0.0193119 -0.000668805 -0.00732407 0.0398761 0.0511546 0.27283 0.0358003 -0.0234478 0.0678515 -0.123631 -0.23471 0.0328185 0.114192
internal_weight=10800 7749 5115 5026 1736 1684 108 1576 898 470 428 250 178 678
internal_count=10800 7749 5115 5026 1736 1684 108 1576 898 470 428 250 178 678
is_linear=0
shrinkage=0.05


Tree=102
num_leaves=15
num_cat=0
split_feature=64 57 31 28 65 21 41 47 46 35 25 32 47 48
split_gain=3904.78 2599.2 3028.84 4276.56 2829.82 2523.14 2466.05 2397.7 4066.45 2470.99 2850.97 2785.81 2358.15 2063
threshold=226.75070750000003 1.0000000180025095e-35 26.937500000000004 21.962500000000002 218.40903900000004 30.330584911644532 82.875000000000014 77.423177083333357 89.296875000000014 20.589583333333337 92.629280897890368 21.762500000000003 76.917968750000014 1.0000000180025095e-35
decision_type=2 2 2 2 2 2 2 2 2 2 2 2 2 2
left_child=1 2 5 -4 -5 -1 -7 8 12 10 -9 -11 -2 -3
right_child=7 13 3 4 -6 6 -8 9 -10 11 -12 -13 -14 -15
leaf_value=-0.026356681694412427 0.067327643837584175 -0.2564243838267059 -0.01383883874708166 0.74953871501816649 0.21156081766004495 0.43577047892592174 0.073033456120535911 0.14092339016699598 0.5811180724274545 0.21094779175309492 -0.14176005473393097 -0.07954175210746843 0.36707464037598048 -0.02536075810175234
leaf_weight=966 1368 97 95 44 56 54 321 114 41 205 398 137 68 6836
leaf_count=966 1368 97 95 44 56 54 321 114 41 205 398 137 68 6836
internal_value=0.000181917 -0.015592 0.0432381 0.226835 0.453349 0.0163914 0.126288 0.0574739 0.0960126 -0.00921355 -0.0786668 0.0946895 0.0817674 -0.0286301
internal_weight=10800 8469 1536 195 100 1341 375 2331 1477 854 512 342 1436 6933
internal_count=10800 8469 1536 195 100 1341 375 2331 1477 854 512 342 1436 6933
is_linear=0
shrinkage=0.05


Tree=103
num_leaves=15
num_cat=0
split_feature=65 64 0 47 30 34 46 31 43 47 36 35 34 32
split_gain=3581.28 2397.28 1992.29 1962.19 1977.74 2350.44 1931.94 6575.97 3124.26 1926.36 1924.67 3639.38 2143.51 1813.02
threshold=261.5324245000001 265.84829400000007 198.92361450000001 85.757812500000014 17.775000000000002 17.912500000000005 81.093750000000014 22.312500000000004 82.875000000000014 81.417968750000014 24.343229166666671 21.477604166666673 22.359375000000004 17.525000000000002
decision_type=2 2 2 2 2 2 2 2 2 2 2 2 2 2
left_child=1 13 10 4 -2 -6 7 -7 -8 -10 11 -3 -12 -1
right_child=3 2 -4 -5 5 6 8 -9 9 -11 12 -13 -14 -15
leaf_value=-0.13640376116815625 -0.26620970645616221 0.041121798844048478 0.35067833752837035 0.39650859152700041 0.40467491245494697 0.62184980271591084 -0.11452134816390497 0.062725337336530393 0.1471018391365588 -0.11223965588259888 -0.23822235068243544 0.51801642516873914 0.10517135857634488 -0.011801449305521839
leaf_weight=301 42 164 67 46 52 62 281 320 369 88 88 52 92 8776
leaf_count=301 42 164 67 46 52 62 281 320 369 88 88 52 92 8776
internal_value=0.000183441 -0.010283 0.100572 0.0793746 0.0670415 0.0792007 0.0637419 0.15486 0.0164321 0.097027 0.0574789 0.157788 -0.0630986 -0.0159479
internal_weight=10800 9540 463 1260 1214 1172 1120 382 738 457 396 216 180 9077
internal_count=10800 9540 463 1260 1214 1172 1120 382 738 457 396 216 180 9077
is_linear=0
shrinkage=0.05


Tree=104
num_leaves=15
num_cat=0
split_feature=52 65 24 49 24 51 20 24 29 42 51 22 25 36
split_gain=3280.57 2640.51 2375.21 3762.44 4687.06 3130.71 4722.52 4677.99 4667.96 4375.69 4777.83 5211.96 4371.91 2809.51
threshold=0.13052619222005182 163.10669200000004 274.65417650000006 3.5000000000000004 273.12119300000006 3.5000000000000004 115.35260050000001 286.87046450000008 22.762500000000003 58.875000000000007 1.5000000000000002 140.30157283854169 104.92822605096291 23.976302083333341
decision_type=2 2 2 2 2 2 2 2 2 2 2 2 2 2
left_child=1 -1 3 -2 -5 7 -7 9 -9 -4 11 -11 -12 -8
right_child=2 -3 5 4 -6 6 13 8 -10 10 12 -13 -14 -15
leaf_value=-0.022432232088697174 0.050752211802791797 -0.42512674978593501 -0.049086688056122513 -0.032347309732221684 -0.40726979957746989 0.042903337736196562 0.26483474627414066 -0.16687178730075672 0.14288795810508356 -0.10723301495550669 0.60144332285239321 0.383864027752152 0.19392059057188982 0.76038046473143062
leaf_weight=5788 1987 40 239 1320 88 144 73 362 182 170 106 78 175 48
leaf_count=5788 1987 40 239 1320 88 144 73 362 182 170 106 78 175 48
internal_value=0.000182456 -0.0252686 0.0300143 0.00645394 -0.0560524 0.0806993 0.237133 0.048946 -0.0631669 0.128338 0.208439 0.0481462 0.349236 0.466036
internal_weight=10800 5828 4972 3395 1408 1577 265 1312 544 768 529 248 281 121
internal_count=10800 5828 4972 3395 1408 1577 265 1312 544 768 529 248 281 121
is_linear=0
shrinkage=0.05


Tree=105
num_leaves=15
num_cat=0
split_feature=52 45 36 51 29 30 54 22 36 36 32 47 46 47
split_gain=3097.89 1858.39 3830.6 3706.25 4937.92 3623.72 3461.6 3469.82 3370.1 3308.27 3297.66 3349.89 3226.95 3180.64
threshold=0.63405362205439497 80.822916666666671 24.217317708333336 2.5000000000000004 19.762500000000003 19.237500000000004 1.0000000180025095e-35 125.64656252604168 25.055729166666669 24.316536458333335 21.062500000000004 69.101562500000014 87.578125000000014 77.264322916666671
decision_type=2 2 2 2 2 2 2 2 2 2 2 2 2 2
left_child=-1 2 10 4 5 -3 9 12 -4 -5 -2 -12 -8 -9
right_child=1 3 8 6 -6 -7 7 13 -10 -11 11 -13 -14 -15
leaf_value=-0.016624187500699755 0.1146919672131884 -0.093533217996872711 -0.15097590627767166 0.019919534336159454 -0.018107341620791237 -0.65925076467295485 -0.37047773252833976 0.32270151512727169 0.11170627536009188 -0.42103116355008546 0.76994793668706363 0.23701596181130125 0.13116095621719379 0.069420357926615647
leaf_weight=7749 226 57 188 776 598 56 54 280 344 44 46 83 76 223
leaf_count=7749 226 57 188 776 598 56 54 280 344 44 46 83 76 223
internal_value=0.00017903 0.0428477 0.103757 0.0178452 -0.0756299 -0.377212 0.0636062 0.151344 0.0187696 -0.00422524 0.230708 0.431515 -0.0784495 0.210772
internal_weight=10800 3051 887 2164 711 113 1453 633 532 820 355 129 130 503
internal_count=10800 3051 887 2164 711 113 1453 633 532 820 355 129 130 503
is_linear=0
shrinkage=0.05


Tree=106
num_leaves=15
num_cat=0
split_feature=6 24 24 57 22 32 51 41 8 47 45 36 47 22
split_gain=2860.04 3339.53 3288.79 4253.05 4688.2 3983.79 3135.14 5773.97 5510.5 4804.43 4049.6 3531.81 3729 3596.3
threshold=24.000000000000004 300.20324800000009 274.65417650000006 3.5000000000000004 122.42745505208335 19.962500000000002 2.5000000000000004 82.875000000000014 198.75511050000003 76.300781250000014 84.281250000000014 18.666666666666668 77.319010416666671 125.64656252604168
decision_type=2 2 2 2 2 2 2 2 2 2 2 2 2 2
left_child=1 2 3 6 -5 -6 7 9 10 -1 -9 -8 13 -13
right_child=-2 -3 -4 4 5 -7 11 8 -10 -11 -12 12 -14 -15
leaf_value=0.035571713317629129 -0.022430632687535042 -0.14332980216819455 0.11430631215210477 0.00062718543640381515 -0.66513112956701326 -0.14912623278421644 -0.10926864504858497 0.063987759109728662 -0.45170313166906539 0.54531694289762533 -0.32479089947934781 0.045370822901336046 0.061521442763504665 0.33882957505328315
leaf_weight=167 6096 263 1108 981 42 297 167 261 102 63 89 155 688 321
leaf_count=167 6096 263 1108 981 42 297 167 261 102 63 89 155 688 321
internal_value=0.000170293 0.0294578 0.0397204 0.0148987 -0.0548254 -0.214824 0.0606239 -0.0265234 -0.130225 0.176954 -0.0355168 0.105264 0.136111 0.243566
internal_weight=10800 4704 4441 3333 1320 339 2013 682 452 230 350 1331 1164 476
internal_count=10800 4704 4441 3333 1320 339 2013 682 452 230 350 1331 1164 476
is_linear=0
shrinkage=0.05


Tree=107
num_leaves=15
num_cat=0
split_feature=65 64 47 30 34 1 48 65 53 37 65 30 51 37
split_gain=2686.69 1817.22 1785.45 1682.71 1983.29 1669.66 1622.36 1739.23 1709.61 1620.18 4056.87 1998.26 2987.68 1942.59
threshold=261.5324245000001 265.84829400000007 85.757812500000014 17.775000000000002 17.912500000000005 198.88739500000003 1.0000000180025095e-35 79.608916500000007 0.99465189230620699 54.375000000000007 94.876410500000006 21.812500000000004 1.5000000000000002 47.875000000000007
decision_type=2 2 2 2 2 2 2 2 2 2 2 2 2 2
left_child=1 6 3 -2 -5 -3 7 -1 9 10 -8 12 -12 -13
right_child=2 5 -4 4 -6 -7 8 -9 -10 -11 11 13 -14 -15
leaf_value=-0.045747183042932571 -0.25037437531837198 0.052330409117216085 0.37123566764466309 0.36717087300318596 0.054015321748166173 0.34370560027392849 -0.019625201980918647 -0.44766624612225736 0.12432472798478816 -0.022173491162133397 -0.23224768600565324 0.65024837056795759 0.24370075110849498 0.20164131114228825
leaf_weight=70 42 408 46 52 1120 55 624 43 225 7858 46 41 110 60
leaf_count=70 42 408 46 52 1120 55 624 43 225 7858 46 41 110 60
internal_value=0.000158722 -0.0089067 0.0687496 0.0569919 0.0682108 0.0876092 -0.0138389 -0.201275 -0.0114539 -0.0149636 0.049297 0.216069 0.102772 0.388339
internal_weight=10800 9540 1260 1214 1172 463 9077 113 8964 8739 881 257 156 101
internal_count=10800 9540 1260 1214 1172 463 9077 113 8964 8739 881 257 156 101
is_linear=0
shrinkage=0.05


Tree=108
num_leaves=15
num_cat=0
split_feature=52 16 35 9 9 32 24 48 30 64 65 32 26 44
split_gain=2482.48 1781.07 2215.95 1920.26 1757.79 2186.51 1806.82 1577.04 1571.52 1769.81 1987.02 2446.37 1855.94 1648.81
threshold=1.0000000180025095e-35 267.06350950000007 21.950520833333336 272.94655100000006 254.29835200000005 26.987500000000004 281.72766850000005 23.625000000000004 16.025000000000002 24.000000000000004 267.06350950000007 19.962500000000002 19.112500000000004 87.968750000000014
decision_type=2 2 2 2 2 2 2 2 2 2 2 2 2 2
left_child=7 3 -3 8 -4 6 -6 -1 -2 13 -11 -12 -13 -10
right_child=1 2 4 -5 5 -7 -8 -9 9 10 11 12 -14 -15
leaf_value=-0.027876388421671255 -0.20394565352287733 0.47972137352754907 0.28063311656250767 -0.20635351323066875 -0.14152244324130672 -0.31089670908298683 0.28664863154292108 0.16091991554846807 0.18826720611483772 0.0023306477258491125 0.22694187989589154 -0.24776495534504922 0.061628907202024456 -0.15355297554193476
leaf_weight=5265 75 42 75 93 41 43 59 112 261 3847 227 52 568 40
leaf_count=5265 75 42 75 93 41 43 59 112 261 3847 227 52 568 40
internal_value=0.000157223 0.0240249 0.151462 0.0175793 0.086318 -0.0168367 0.111435 -0.0239147 0.0217268 0.0251555 0.0176031 0.0868845 0.0353226 0.142485
internal_weight=10800 5423 260 5163 218 143 100 5377 5070 4995 4694 847 620 301
internal_count=10800 5423 260 5163 218 143 100 5377 5070 4995 4694 847 620 301
is_linear=0
shrinkage=0.05


Tree=109
num_leaves=15
num_cat=0
split_feature=52 40 31 51 29 25 47 46 47 55 26 46 65 54
split_gain=2309 1848.94 3674.41 2686.75 4488.11 3602.03 2860.55 2731.66 2707.67 2286.03 2133.69 2123.39 3513.93 1998.16
threshold=0.68322629814330837 78.375000000000014 23.012500000000003 2.5000000000000004 19.762500000000003 99.646896319244817 78.959635416666671 82.848958333333357 69.368489583333357 -0.22252093395631442 21.212500000000002 83.317708333333357 241.06099650000002 1.0000000180025095e-35
decision_type=2 2 2 2 2 2 2 2 2 2 2 2 2 2
left_child=-1 2 9 4 7 11 10 -3 -5 -2 -7 12 -6 -10
right_child=1 3 -4 8 5 6 -8 -9 13 -11 -12 -13 -14 -15
leaf_value=-0.013608970943776007 0.49705192841503809 -0.059126376038925212 0.051013364187019072 -0.29240135438915976 0.005441229093459345 -0.033801816932667615 0.23115453561569785 -0.52940208069367767 0.018117783348355444 0.081150312335653743 -0.32113988876085858 -0.07840061377316157 0.39170281218480224 0.14170722464691021
leaf_weight=7975 86 54 530 52 123 117 46 72 749 54 144 106 112 580
leaf_count=7975 86 54 530 52 123 117 46 72 749 54 144 106 112 580
internal_value=0.000151191 0.0389873 0.111468 0.0164115 -0.0581157 -0.00484032 -0.128862 -0.329908 0.0581932 0.338346 -0.192954 0.106866 0.190412 0.0721205
internal_weight=10800 2825 670 2155 774 648 307 126 1381 140 261 341 235 1329
internal_count=10800 2825 670 2155 774 648 307 126 1381 140 261 341 235 1329
is_linear=0
shrinkage=0.05


Tree=110
num_leaves=15
num_cat=0
split_feature=6 24 24 24 49 26 9 47 34 22 29 22 32 36
split_gain=2149 3070.35 2753.03 3165.42 3863.83 3499.28 4189.15 3530.13 2612.6 4295 2401.53 5874.74 2275.73 2126.14
threshold=24.000000000000004 300.20324800000009 274.28284400000007 273.66791750000004 2.5000000000000004 21.012500000000003 196.22379650000002 75.490885416666671 17.912500000000005 109.33251054687501 19.487500000000004 122.42745505208335 21.062500000000004 21.809635416666669
decision_type=2 2 2 2 2 2 2 2 2 2 2 2 2 2
left_child=1 2 3 4 5 7 -7 -1 9 -6 11 -10 -3 -8
right_child=-2 12 -4 -5 8 6 13 -9 10 -11 -12 -13 -14 -15
leaf_value=-0.19342717701418799 -0.01944700571384091 -0.45169274220825173 0.10078147165682311 -0.26247693449258808 -0.027754944878465988 0.35666503038731978 0.2124669799862324 0.067321881188067562 -0.012602102163664038 0.56883261349607028 -0.011257119360905591 -0.4135882420345609 -0.070584468927217245 -0.030782944597033918
leaf_weight=160 6096 47 1180 101 84 207 158 669 263 46 1228 139 216 206
leaf_count=160 6096 47 1180 101 84 207 158 669 263 46 1228 139 216 206
internal_value=0.000144046 0.0255312 0.035372 0.0116798 0.0205226 0.0824842 0.177616 0.016824 -0.0287838 0.186076 -0.0460235 -0.151934 -0.140144 0.0750964
internal_weight=10800 4704 4441 3261 3160 1400 571 829 1760 130 1630 402 263 364
internal_count=10800 4704 4441 3261 3160 1400 571 829 1760 130 1630 402 263 364
is_linear=0
shrinkage=0.05


Tree=111
num_leaves=15
num_cat=0
split_feature=64 57 47 36 65 25 33 17 53 36 65 47 46 47
split_gain=2119.92 1906.29 4256.84 2888.06 2380.39 3231.56 2952.61 4881.79 4104.29 2006.07 3452.81 1768.96 2899.45 1951.11
threshold=226.75070750000003 1.5000000000000002 65.746093750000014 17.780729166666671 73.362583000000015 102.3925514805117 21.003125000000004 2.9592160239579114e-06 0.91037613702198772 21.399479166666669 261.24820800000003 77.423177083333357 89.296875000000014 76.917968750000014
decision_type=2 2 2 2 2 2 2 2 2 2 2 2 2 2
left_child=1 2 -1 -4 -5 6 7 9 -8 -6 -11 12 13 -2
right_child=11 -3 3 4 5 -7 8 -9 -10 10 -12 -13 -14 -15
leaf_value=0.48085017827153209 0.050303730897321743 -0.027379409177540334 -0.18605420993652175 -0.025337202570403672 0.014707196390628816 -0.10149536041218206 0.14951972365979635 0.17758188915152953 0.66919954851633168 -0.53047325310617455 -0.025360098277052791 -0.014923358564782475 0.48505628501907705 0.32291447284860886
leaf_weight=49 1368 5845 166 1098 124 217 542 253 40 63 72 854 41 68
leaf_count=49 1368 5845 166 1098 124 217 542 253 40 63 72 854 41 68
internal_value=0.000135975 -0.0114866 0.023912 0.0150335 0.0289616 0.074423 0.109378 0.0217205 0.186323 -0.130628 -0.263247 0.0423498 0.0754528 0.0634286
internal_weight=10800 8469 2624 2575 2409 1311 1094 512 582 259 135 2331 1477 1436
internal_count=10800 8469 2624 2575 2409 1311 1094 512 582 259 135 2331 1477 1436
is_linear=0
shrinkage=0.05


Tree=112
num_leaves=15
num_cat=0
split_feature=64 20 43 57 47 31 28 14 30 60 51 30 36 16
split_gain=1938.89 1976.6 2271.3 1880.31 3124.39 2309.21 2114.35 2142.83 1595.39 1648.68 3452.97 2498.19 3063.15 1392.76
threshold=194.41475600000004 262.36879000000005 62.125000000000007 1.5000000000000002 65.746093750000014 26.937500000000004 22.487500000000004 28.36278929166668 16.025000000000002 -0.68322629814330782 1.5000000000000002 21.212500000000002 21.872395833333339 272.70666550000004
decision_type=2 2 2 2 2 2 2 2 2 2 2 2 2 2
left_child=3 -2 -3 4 -1 8 -7 -8 -6 10 -10 12 -12 -5
right_child=1 2 -4 13 5 6 7 -9 9 -11 11 -13 -14 -15
leaf_value=0.44037584479559549 0.024762531393514017 -0.098987561949463787 0.33236541365169819 -0.040302023139595189 -0.26406336201887048 0.029446682225053131 0.54295701543867059 0.085589757029499336 -0.17816147418217917 -0.018634460335671951 0.22495503352954982 0.49851614617432161 -0.062253196232645594 0.034019753030028015
leaf_weight=43 2896 42 107 4547 55 129 55 48 101 1623 219 44 160 731
leaf_count=43 2896 42 107 4547 55 129 55 48 101 1623 219 44 160 731
internal_value=0.000135839 0.0339383 0.210927 -0.0131394 0.0227935 0.0152385 0.164925 0.332687 -0.000600006 0.00626896 0.0832916 0.145992 0.103861 -0.030004
internal_weight=10800 3045 149 7755 2477 2434 232 103 2202 2147 524 423 379 5278
internal_count=10800 3045 149 7755 2477 2434 232 103 2202 2147 524 423 379 5278
is_linear=0
shrinkage=0.05


Tree=113
num_leaves=15
num_cat=0
split_feature=52 22 24 46 25 35 46 64 32 24 47 46 65 54
split_gain=1772.61 1687.69 3917.38 4168.11 3740.65 3453.19 3730.21 3685.74 2979.7 2963.45 2510.39 2681.33 3031.43 3023.76
threshold=0.68322629814330837 143.83039347916667 274.28284400000007 77.151041666666671 104.00661095731722 22.819791666666667 72.526041666666671 237.32566100000003 20.987500000000004 296.45735250000007 81.894531250000014 82.848958333333357 101.45770350000002 -0.8783796973249266
decision_type=2 2 2 2 2 2 2 2 2 2 2 2 2 2
left_child=-1 2 4 8 10 7 -7 -3 -4 -9 11 12 -2 -13
right_child=1 5 3 -5 -6 6 -8 9 -10 -11 -12 13 -14 -15
leaf_value=-0.011920186711910556 -0.059800683252241228 -0.58936541004151832 0.096124474751822508 0.087672175344325115 -0.22103187175055081 -0.22777207132349622 0.30875612251815343 -0.34144885251537349 0.59915269430549378 0.022577659385702151 0.15680848013016058 -0.39445000831353466 0.1768709833658631 -0.02259404838700246
leaf_weight=7975 212 40 46 333 148 46 104 77 83 197 363 58 371 747
leaf_count=7975 212 40 46 333 148 46 104 77 83 197 363 58 371 747
internal_value=0.000136225 0.0341638 0.0512952 0.181704 0.0194895 -0.0529301 0.143802 -0.147069 0.421898 -0.0805914 0.0399337 0.00927686 0.0908535 -0.0498423
internal_weight=10800 2825 2361 462 1899 464 150 314 129 274 1751 1388 583 805
internal_count=10800 2825 2361 462 1899 464 150 314 129 274 1751 1388 583 805
is_linear=0
shrinkage=0.05


Tree=114
num_leaves=15
num_cat=0
split_feature=65 32 65 47 48 65 53 30 57 65 34 48 16 47
split_gain=1678.06 1715.86 2901.75 1590.58 1544.7 1652.41 1631.15 1511.27 1509.71 1491.44 1488.93 1389.53 2514.69 3447.44
threshold=262.22140250000007 17.525000000000002 103.75859150000001 85.757812500000014 1.0000000180025095e-35 79.608916500000007 0.99465189230620699 17.775000000000002 3.5000000000000004 191.01635350000001 17.912500000000005 13.625000000000002 267.06350950000007 63.825520833333336
decision_type=2 2 2 2 2 2 2 2 2 2 2 2 2 2
left_child=1 2 -1 7 5 -3 11 -2 -8 -4 -9 12 -6 -14
right_child=3 4 9 -5 6 -7 8 10 -10 -11 -12 -13 13 -15
leaf_value=0.041799413094987407 -0.25430201570071825 -0.038417163707207942 -0.52066502137499493 0.34386683462754541 0.0025076464049854979 -0.44093477188087093 0.25097417837527936 0.31618609121785712 -0.015494000660745723 -0.17498117019346016 0.04217717947381603 -0.024166877271910053 -0.31550515962810055 0.16433709202873137
leaf_weight=142 40 68 42 45 4081 40 121 51 94 121 1082 4395 40 438
leaf_count=142 40 68 42 45 4081 40 121 51 94 121 1082 4395 40 438
internal_value=0.000127467 -0.00690121 -0.123395 0.0553823 -0.00305834 -0.190175 -0.000833826 0.0440317 0.134939 -0.266685 0.0547792 -0.00410867 0.0152291 0.123608
internal_weight=10800 9582 305 1218 9277 108 9169 1173 215 163 1133 8954 4559 478
internal_count=10800 9582 305 1218 9277 108 9169 1173 215 163 1133 8954 4559 478
is_linear=0
shrinkage=0.05


Tree=115
num_leaves=15
num_cat=0
split_feature=64 20 43 57 47 31 34 17 36 30 9 64 51 22
split_gain=1559.74 1776.01 2013.27 1624.02 2812.64 2041.64 1895.14 1830.35 1412.3 1625.19 1389.46 1326.26 2012.98 1315.32
threshold=194.41475600000004 262.36879000000005 62.125000000000007 1.5000000000000002 65.746093750000014 26.937500000000004 21.417708333333337 1.9810494292234628e-06 17.780729166666671 18.012500000000003 261.92029800000006 176.90875200000002 2.5000000000000004 153.21370061979169
decision_type=2 2 2 2 2 2 2 2 2 2 2 2 2 2
left_child=3 13 -3 4 -1 8 -7 -8 -6 -10 -4 -5 -13 -2
right_child=1 2 10 11 5 6 7 -9 9 -11 -12 12 -14 -15
leaf_value=0.41780781908468767 0.016875125849343951 -0.093571082312007281 0.45575504498838476 -0.021581892122302417 -0.15472474430935634 -0.045294757366557664 0.47892820187683766 0.12202598343470268 0.17504321223111463 -0.0019859093872585721 0.085443321511495945 -0.28475803170368319 -0.012600375821637417 0.25541336280056987
leaf_weight=43 2838 42 65 5004 138 78 57 97 138 1926 42 122 152 58
leaf_count=43 2838 42 65 5004 138 78 57 97 138 1926 42 122 152 58
internal_value=0.000118212 0.0304361 0.198202 -0.0117885 0.0216058 0.0144376 0.155185 0.256364 -0.000455098 0.00992937 0.312536 -0.0274617 -0.134375 0.021739
internal_weight=10800 3045 149 7755 2477 2434 232 154 2202 2064 107 5278 274 2896
internal_count=10800 3045 149 7755 2477 2434 232 154 2202 2064 107 5278 274 2896
is_linear=0
shrinkage=0.05


Tree=116
num_leaves=15
num_cat=0
split_feature=48 52 39 32 65 29 51 47 30 41 25 6 47 30
split_gain=1467.52 1598.82 2060.73 1808.29 1549.28 1534.46 2910.27 2737.55 2330.14 2043.53 1809.22 1995.6 1979.67 1809.56
threshold=1.0000000180025095e-35 -0.32143946530316164 51.875000000000007 29.475000000000005 101.45770350000002 19.012500000000003 2.5000000000000004 82.167968750000014 19.012500000000003 79.125000000000014 99.297997961420336 85.15667950000001 81.209635416666671 16.025000000000002
decision_type=2 2 2 2 2 2 2 2 2 2 2 2 2 2
left_child=-1 -2 4 5 -3 6 9 -7 -9 -4 11 13 -12 -8
right_child=1 2 3 -5 -6 7 10 8 -10 -11 12 -13 -14 -15
leaf_value=-0.17832675449419441 -0.021747747328988237 0.049240810059658857 0.068368195928633219 -0.27106146423654126 0.46771931566975333 0.019507379379082757 -0.17462128668503707 -0.13134527295827866 0.22538156545790594 -0.32565762186239611 0.089872874421152216 -0.19299080753981165 -0.32814722603853841 0.066623734503286541
leaf_weight=113 4256 45 44 54 43 4668 85 54 280 126 43 98 80 811
leaf_count=113 4256 45 44 54 43 4668 85 54 280 126 43 98 80 811
internal_value=0.000118749 0.00202207 0.0177537 0.014399 0.256682 0.0168928 -0.0317799 0.02942 0.167487 -0.223871 -0.00237081 0.0200753 -0.182464 0.0435686
internal_weight=10800 10687 6431 6343 88 6289 1287 5002 334 170 1117 994 123 896
internal_count=10800 10687 6431 6343 88 6289 1287 5002 334 170 1117 994 123 896
is_linear=0
shrinkage=0.05


Tree=117
num_leaves=15
num_cat=0
split_feature=65 47 32 65 65 48 17 9 48 65 48 24 21 46
split_gain=1450.12 1408.41 1353.06 2037.43 1760.45 1297.41 1248.91 2258.72 1217.66 1499.17 1215.2 2330.66 2833.54 2644.93
threshold=267.06350950000007 83.210937500000014 17.525000000000002 103.75859150000001 191.01635350000001 23.625000000000004 76.423149597557384 245.05360500000003 1.0000000180025095e-35 79.608916500000007 4.6250000000000009 296.45735250000007 1.4305838189958214e-05 76.609375000000014
decision_type=2 2 2 2 2 2 2 2 2 2 2 2 2 2
left_child=2 -2 3 -1 -5 6 8 -8 9 -4 11 12 -10 -13
right_child=1 -3 5 4 -6 -7 7 -9 10 -11 -12 13 -14 -15
leaf_value=0.043040033676042838 0.045553229332792093 0.33231192704704071 -0.027717694553776064 -0.48797080755926842 -0.12687507898932912 0.17029154954340173 0.42594188182277881 -0.030106868491722991 0.12814928572630699 -0.41095599804709598 -0.012532495414000823 -0.012582654304601051 -0.027135861213181539 0.38934466034494419
leaf_weight=142 901 44 68 42 163 107 46 64 402 40 7533 73 1083 92
leaf_count=142 901 44 68 42 163 107 46 64 402 40 7533 73 1083 92
internal_value=0.000109862 0.0592421 -0.00556579 -0.102401 -0.202865 -0.00202134 -0.00400047 0.162724 -0.00599168 -0.172126 -0.00401927 0.0348315 0.0149589 0.212518
internal_weight=10800 945 9855 347 205 9508 9401 110 9291 108 9183 1650 1485 165
internal_count=10800 945 9855 347 205 9508 9401 110 9291 108 9183 1650 1485 165
is_linear=0
shrinkage=0.05


Tree=118
num_leaves=15
num_cat=0
split_feature=65 32 36 36 41 31 26 35 32 65 65 24 22 48
split_gain=1309.58 1329.37 1863.64 1489.16 1452.58 3757.89 1384.35 1342.09 1223.32 1841.37 1593.73 1184.6 1835.56 1172
threshold=267.06350950000007 19.962500000000002 20.610677083333339 21.44166666666667 79.125000000000014 23.012500000000003 20.512500000000003 22.497395833333339 17.525000000000002 103.75859150000001 191.01635350000001 269.02551150000005 138.80926445833336 23.625000000000004
decision_type=2 2 2 2 2 2 2 2 2 2 2 2 2 2
left_child=8 2 -2 -4 5 -3 -6 -7 9 -1 -11 -8 -13 -10
right_child=1 4 3 -5 6 7 11 -9 13 10 -12 12 -14 -15
leaf_value=0.040903081161570834 0.011956785713124463 0.47442877052123089 0.48664730393661648 0.14700417957381057 -0.14568269426623981 -0.15160071093123406 0.18539731795589132 0.1337557703215215 -0.0037981975362234876 -0.46413967983667243 -0.12057000537766371 -0.2825828077133607 0.056530772791444965 0.16185581213622183
leaf_weight=142 126 56 52 86 167 75 89 89 9401 42 163 53 152 107
leaf_count=142 126 56 52 86 167 75 89 89 9401 42 163 53 152 107
internal_value=0.000106214 0.0563 0.151321 0.277566 0.0192956 0.1247 -0.0311671 0.00312949 -0.0052874 -0.0973631 -0.192871 0.0341542 -0.0320887 -0.00191715
internal_weight=10800 945 264 138 681 220 461 164 9855 347 205 294 205 9508
internal_count=10800 945 264 138 681 220 461 164 9855 347 205 294 205 9508
is_linear=0
shrinkage=0.05


Tree=119
num_leaves=15
num_cat=0
split_feature=52 22 24 46 25 35 46 64 32 24 43 47 46 65
split_gain=1230.71 1665.87 3523.46 3636.53 3278.72 3032.75 3319.8 3251.21 2639.21 2571.43 2146.05 1989.66 2313.12 2619.23
threshold=0.68322629814330837 143.83039347916667 274.28284400000007 77.151041666666671 104.00661095731722 22.819791666666667 72.526041666666671 237.32566100000003 20.987500000000004 296.45735250000007 77.625000000000014 81.894531250000014 82.848958333333357 101.45770350000002
decision_type=2 2 2 2 2 2 2 2 2 2 2 2 2 2
left_child=-1 2 4 8 11 7 -7 -3 -4 -9 -5 12 13 -2
right_child=1 5 3 10 -6 6 -8 9 -10 -11 -12 -13 -14 -15
leaf_value=-0.0099425477306705687 -0.057096890221402366 -0.56171633265003929 0.087003097136286983 -0.25337589827499224 -0.2098625003850875 -0.22409602486072702 0.28198322098879591 -0.32679181702626059 0.56032187920950705 0.012339687945716309 0.12902683904934867 0.13850672827767474 -0.047743332038677436 0.16289204871932905
leaf_weight=7975 212 40 46 41 148 46 104 77 83 197 292 363 805 371
leaf_count=7975 212 40 46 41 148 46 104 77 83 197 292 363 805 371
internal_value=0.000103358 0.0284565 0.0454781 0.169156 0.0153158 -0.058067 0.126329 -0.146276 0.393509 -0.0838055 0.0813266 0.0344575 0.00716564 0.0829353
internal_weight=10800 2825 2361 462 1899 464 150 314 129 274 333 1751 1388 583
internal_count=10800 2825 2361 462 1899 464 150 314 129 274 333 1751 1388 583
is_linear=0
shrinkage=0.05


Tree=120
num_leaves=15
num_cat=0
split_feature=30 65 34 17 51 65 37 65 9 64 51 47 30 51
split_gain=1197.01 1279.01 1431.8 1211.51 2088.89 2950.41 1164.88 3048.6 1714.03 1798.81 1606.05 1598.39 1539.26 2503.54
threshold=16.025000000000002 262.22140250000007 17.912500000000005 67.804243861436248 1.5000000000000002 244.88769600000003 54.375000000000007 94.876410500000006 269.85915400000005 62.684561500000008 2.5000000000000004 78.488281250000014 21.812500000000004 1.5000000000000002
decision_type=2 2 2 2 2 2 2 2 2 2 2 2 2 2
left_child=-1 3 -3 6 -5 -6 7 -2 -8 -10 -11 -12 13 -9
right_child=1 2 -4 4 5 -7 8 12 9 10 11 -13 -14 -15
leaf_value=-0.1775502345544544 -0.011927893354892732 0.26059533879160884 0.036198906844361223 -0.11383044737488478 0.44503980921964126 -0.017857020650284761 -0.0071049080300610969 -0.21259654273695136 -0.020780076399202305 -0.35300015086451403 0.14919864941064431 -0.23386189290391865 0.34626838347315791 0.22308574831700542
leaf_weight=93 624 75 1111 66 72 65 7935 46 290 103 45 66 99 110
leaf_count=93 624 75 1111 66 72 65 7935 46 290 103 45 66 99 110
internal_value=9.67151e-05 0.00165618 0.0505968 -0.00444487 0.116092 0.226879 -0.00708303 0.0476618 -0.0127902 -0.102108 -0.21171 -0.0786215 0.192958 0.0940795
internal_weight=10800 10707 1186 9521 203 137 9318 879 8439 504 214 111 255 156
internal_count=10800 10707 1186 9521 203 137 9318 879 8439 504 214 111 255 156
is_linear=0
shrinkage=0.05


Tree=121
num_leaves=15
num_cat=0
split_feature=48 65 52 16 24 26 36 47 8 43 9 0 36 22
split_gain=1183.51 1271.27 1211.61 1861.28 3104.69 1677.53 1542.08 3123.62 2736.38 2721.01 2138.57 2106.29 2756.75 1805.38
threshold=1.0000000180025095e-35 79.608916500000007 -0.32143946530316164 267.06350950000007 277.29195150000004 26.812500000000004 25.094921875000008 67.813802083333357 257.88623600000005 86.875000000000014 242.49409950000003 198.92361450000001 25.847656250000004 38.005665614583343
decision_type=2 2 2 2 2 2 2 2 2 2 2 2 2 2
left_child=1 -1 -2 6 5 -5 7 -4 -9 11 -10 13 -13 -8
right_child=2 -3 3 4 -6 -7 9 8 10 -11 -12 12 -14 -15
leaf_value=-0.027372684529129887 -0.018889668529526379 -0.37078285867517646 -0.16017155316507337 0.14174711500841475 0.033193672288545438 0.51424576061182337 0.32249004305118611 0.017970603100399853 0.061660896136778082 0.37663946362102735 -0.2116478095326243 0.4825079860101486 -0.018508746573385203 -0.017882324595499412
leaf_weight=70 4256 43 292 62 330 60 41 4595 102 67 236 57 52 537
leaf_count=70 4256 43 292 62 330 60 41 4595 102 67 236 57 52 537
internal_value=9.33231e-05 -0.160157 0.00180257 0.0154974 0.113214 0.327635 0.00809248 -0.0015589 0.00786044 0.0748873 -0.129231 0.0449541 0.245495 0.00677701
internal_weight=10800 113 10687 6431 452 122 5979 5225 4933 754 338 687 109 578
internal_count=10800 113 10687 6431 452 122 5979 5225 4933 754 338 687 109 578
is_linear=0
shrinkage=0.05


Tree=122
num_leaves=15
num_cat=0
split_feature=30 65 32 26 36 51 9 37 17 9 32 25 48 65
split_gain=1090.94 1147.73 1646.06 1211.85 1348.35 1716.36 1680.45 1131.27 1051.89 1870.67 1040.2 1476.93 999.088 1150.15
threshold=16.025000000000002 267.06350950000007 19.962500000000002 20.512500000000003 23.286067708333338 2.5000000000000004 192.84151950000003 87.875000000000014 76.423149597557384 245.05360500000003 21.112500000000004 104.33527907377577 1.0000000180025095e-35 79.608916500000007
decision_type=2 2 2 2 2 2 2 2 2 2 2 2 2 2
left_child=-1 8 7 -4 5 -5 10 -3 12 -10 -6 -12 13 -2
right_child=1 2 3 4 6 -7 -8 -9 9 -11 11 -13 -14 -15
leaf_value=-0.16949928530115399 -0.026023329143792812 0.070832591317594049 -0.089304999590433226 0.46534579097316037 -0.063103845699500019 0.068087115726736661 -0.17143339667665333 0.29243956021248152 0.38916285018971625 -0.025886665032460138 0.36776936583650799 0.050902890049474084 -0.0034243801860261028 -0.3526650581847538
leaf_weight=93 70 131 195 40 92 82 94 103 46 64 51 127 9569 43
leaf_count=93 70 131 195 40 92 82 94 103 46 64 51 127 9569 43
internal_value=9.38655e-05 0.00158263 0.0551037 0.0157058 0.0579367 0.20106 0.00954725 0.169207 -0.00342369 0.149622 0.0729554 0.143238 -0.00517776 -0.152324
internal_weight=10800 10707 915 681 486 122 364 234 9792 110 270 178 9682 113
internal_count=10800 10707 915 681 486 122 364 234 9792 110 270 178 9682 113
is_linear=0
shrinkage=0.05


Tree=123
num_leaves=15
num_cat=0
split_feature=30 6 24 41 51 29 17 22 54 47 22 36 29 9
split_gain=985.72 1049.22 2753.03 1931.18 3323.89 3648.23 3241.78 5032.71 3203.92 4442.6 3802.4 2594.69 2590.53 2476.73
threshold=16.025000000000002 24.000000000000004 300.20324800000009 82.875000000000014 2.5000000000000004 19.012500000000003 46.226624869382128 135.28062036979171 1.0000000180025095e-35 77.319010416666671 126.05083759895835 21.214843750000004 22.387500000000003 193.78432000000004
decision_type=2 2 2 2 2 2 2 2 2 2 2 2 2 2
left_child=-1 2 3 6 5 -5 -2 -8 11 10 -10 -6 -12 -7
right_child=1 -3 -4 4 8 13 7 -9 9 -11 12 -13 -14 -15
leaf_value=-0.16111448026717978 0.042530878107033668 -0.01213506390127788 -0.13733431480641506 -0.35893383543379609 0.073907969111295532 0.030246288170223359 0.55435821378514882 0.075326742818579082 -0.12244596931169618 0.012517428520201235 0.40996298797453667 -0.075307167961709831 -0.026379608983037678 -0.14770588890096406
leaf_weight=93 1327 6084 263 99 529 502 83 159 52 382 222 646 40 319
leaf_count=93 1327 6084 263 99 529 502 83 159 52 382 222 646 40 319
internal_value=9.28907e-05 0.00150804 0.0194615 0.0289489 0.00399241 -0.0737735 0.0733117 0.241228 0.0422501 0.12718 0.266192 -0.00812289 0.343499 -0.0389927
internal_weight=10800 10707 4623 4360 2791 920 1569 242 1871 696 314 1175 262 821
internal_count=10800 10707 4623 4360 2791 920 1569 242 1871 696 314 1175 262 821
is_linear=0
shrinkage=0.05


Tree=124
num_leaves=15
num_cat=0
split_feature=48 65 65 36 36 31 48 57 47 35 47 31 22 22
split_gain=964.91 1041.75 1014.26 1638.15 3357.68 3392.79 3470.93 3292.6 2551.39 2518.54 2392.36 3538.94 2358.94 2601.14
threshold=1.0000000180025095e-35 79.608916500000007 24.000000000000004 20.649218750000006 21.282552083333339 19.812500000000004 4.1250000000000009 3.5000000000000004 78.014322916666671 19.413020833333338 82.251302083333357 21.787500000000005 125.64656252604168 122.42745505208335
decision_type=2 2 2 2 2 2 2 2 2 2 2 2 2 2
left_child=1 -1 -2 8 5 -5 -7 -8 12 -6 -11 -12 13 -4
right_child=2 -3 3 4 9 6 7 -9 -10 10 11 -13 -14 -15
leaf_value=-0.024411761089110039 -0.015950124072769054 -0.33527250913056461 -0.10414026138721078 -0.20775414604161468 -0.19427999387628267 -0.0044802960151663195 0.39406605049559518 -0.05824610941112042 0.0066084665019686024 0.015024791022722847 -0.054910881236126578 0.4985546990992531 0.060747977909307152 -0.45377674878953578
leaf_weight=70 4640 43 130 55 139 129 218 49 824 4213 53 62 85 90
leaf_count=70 4640 43 130 55 139 129 218 49 824 4213 53 62 85 90
internal_value=8.8975e-05 -0.144607 0.00163232 0.0151241 0.0275931 0.157459 0.208579 0.31115 -0.0391679 0.0144492 0.0211962 0.245205 -0.162457 -0.248579
internal_weight=10800 113 10687 6047 4918 451 396 267 1129 4467 4328 115 305 220
internal_count=10800 113 10687 6047 4918 451 396 267 1129 4467 4328 115 305 220
is_linear=0
shrinkage=0.05


Tree=125
num_leaves=15
num_cat=0
split_feature=48 24 53 33 64 46 20 22 22 47 47 46 32 47
split_gain=872.803 980.253 935.651 1481.52 898.604 1710.16 3049.87 1783.46 1848.56 1438.51 2166.31 2587.49 3707.73 3642.01
threshold=1.0000000180025095e-35 258.25111550000003 0.99465189230620699 22.790625000000006 194.41475600000004 68.401041666666671 262.36879000000005 144.14977325520837 137.58005186979167 65.424479166666671 67.998697916666671 76.609375000000014 22.112500000000004 69.101562500000014
decision_type=2 2 2 2 2 2 2 2 2 2 2 2 2 2
left_child=1 -1 4 -4 -2 7 9 8 -6 -7 -11 13 -13 -12
right_child=2 -3 3 -5 5 6 -8 -9 -10 10 11 12 -14 -15
leaf_value=0.027814841328882706 -0.010013224780140559 -0.267148521123454 0.024213216417884254 0.31276710553125286 -0.23578509508321682 0.15767134149935558 0.27970283588205103 -0.37579233500192749 0.19862876980751754 -0.12012605915896278 0.47466739271084468 0.041792923883713438 -0.12990713764089051 0.023413226487381117
leaf_weight=50 7417 63 165 60 47 177 117 52 49 281 74 1755 382 111
leaf_count=50 7417 63 165 60 47 177 117 52 49 281 74 1755 382 111
internal_value=8.23126e-05 -0.137535 0.00155015 0.102204 -0.000624121 0.0222416 0.0307285 -0.142975 -0.0142912 0.0201533 0.0107453 0.0266278 0.0110542 0.205496
internal_weight=10800 113 10687 225 10462 3045 2897 148 96 2780 2603 2322 2137 185
internal_count=10800 113 10687 225 10462 3045 2897 148 96 2780 2603 2322 2137 185
is_linear=0
shrinkage=0.05


Tree=126
num_leaves=15
num_cat=0
split_feature=30 40 37 42 53 36 33 43 36 12 22 46 8 30
split_gain=872.219 903.469 1961.83 1459.32 3130.61 1067.86 2461.47 2234.57 2045.41 2746.77 1799.71 3372.14 2622.27 1549.66
threshold=16.025000000000002 72.625000000000014 54.375000000000007 62.125000000000007 0.13052619222005152 25.415885416666672 22.190625000000004 82.875000000000014 24.343229166666671 272.8541800000001 145.78409998958335 87.828125000000014 259.12192600000009 21.062500000000004
decision_type=2 2 2 2 2 2 2 2 2 2 2 2 2 2
left_child=-1 3 -3 4 -2 8 -7 -8 9 10 12 -12 -4 -11
right_child=1 2 5 -5 -6 6 7 -9 -10 13 11 -13 -14 -15
leaf_value=-0.15156248303506761 -0.51183230180379957 0.24376806904872261 0.011666671885145441 -0.0076473725409751314 -0.060237569655214554 -0.14224582053324644 0.074714501949305512 0.37450696328972899 -0.085103746295546095 0.10290584710063572 0.3626774942621272 -0.1230361362714481 -0.13901478387873437 0.50402920150331088
leaf_weight=93 42 89 5413 3227 361 93 260 81 588 58 93 57 304 41
leaf_count=93 42 89 5413 3227 361 93 260 81 588 58 93 57 304 41
internal_value=8.00574e-05 0.00141124 0.011813 -0.0188655 -0.108452 0.00882429 0.0846872 0.146813 0.00378856 0.0125624 0.00813215 0.178514 0.00363131 0.272407
internal_weight=10800 10707 7077 3630 403 6988 434 341 6554 5966 5867 150 5717 99
internal_count=10800 10707 7077 3630 403 6988 434 341 6554 5966 5867 150 5717 99
is_linear=0
shrinkage=0.05


Tree=127
num_leaves=15
num_cat=0
split_feature=37 65 36 36 9 64 51 47 42 64 0 29 47 38
split_gain=830.717 2658.17 1749.2 1647.27 1380.03 1156.62 1264.63 1794.14 1053.12 1220.05 1041.66 3165.68 2384.32 1846.87
threshold=51.875000000000007 96.667438500000017 23.839973958333342 25.787500000000001 269.85915400000005 62.684561500000008 2.5000000000000004 78.488281250000014 73.375000000000014 106.30810400000001 254.15196650000004 20.937500000000004 80.627604166666671 73.375000000000014
decision_type=2 2 2 2 2 2 2 2 2 2 2 2 2 2
left_child=1 8 -3 -4 10 -6 -7 -8 -1 -10 -2 13 -13 -12
right_child=4 2 3 -5 5 6 7 -9 9 -11 11 12 -14 -15
leaf_value=-0.14035446191892814 -0.0039646979590677502 0.017054276052914874 0.47587120790739318 0.081555755471074312 -0.016093571368036241 -0.27584610360343598 0.17106639406195395 -0.20495524407884519 -0.0066909438604633139 0.23388778865928692 0.39205347611424851 -0.029017198254753435 0.27118617698550224 0.034747282491397045
leaf_weight=113 8762 70 73 42 320 120 53 76 322 62 96 559 74 58
leaf_count=113 8762 70 73 42 320 120 53 76 322 62 96 559 74 58
internal_value=7.81543e-05 0.0534489 0.214689 0.333805 -0.0035242 -0.0791007 -0.159685 -0.0503382 -0.00688083 0.0326591 0.000987012 0.0560515 0.00645005 0.258576
internal_weight=10800 682 185 115 10118 569 249 129 497 384 9549 787 633 154
internal_count=10800 682 185 115 10118 569 249 129 497 384 9549 787 633 154
is_linear=0
shrinkage=0.05


Tree=128
num_leaves=15
num_cat=0
split_feature=65 47 32 65 22 31 61 57 47 47 31 36 41 24
split_gain=837.243 1089.16 1081.99 1673.98 1393.04 1339.27 1056.78 993.369 2813.15 1480.35 2116.69 1955.04 2935.98 2726.3
threshold=267.06350950000007 83.210937500000014 17.525000000000002 103.75859150000001 107.89668338020834 21.012500000000003 -0.72947329433276253 1.5000000000000002 65.518229166666671 67.460937500000014 26.937500000000004 21.705989583333338 83.125000000000014 254.57260550000004
decision_type=2 2 2 2 2 2 2 2 2 2 2 2 2 2
left_child=2 -2 3 6 -5 -6 -1 8 -4 -10 11 -11 -13 -14
right_child=1 -3 7 4 5 -7 -8 -9 9 10 -12 12 13 -15
leaf_value=0.25185990266147112 0.032981241639303931 0.28512198885281881 0.38274747950059401 -0.021726970886250578 -0.44449056467363751 -0.11291273483385643 -0.046236625705462171 -0.010816668714459113 -0.19934346332753961 0.06060991057348724 0.16734895489317306 0.011784128326663246 -0.43547807132238403 -0.083467897110606343
leaf_weight=41 901 44 53 82 64 59 101 6970 75 1003 234 875 72 226
leaf_count=41 901 44 53 82 64 59 101 6970 75 1003 234 875 72 226
internal_value=7.88781e-05 0.0450101 -0.00423373 -0.0908276 -0.181893 -0.287634 0.0409929 -0.00106421 0.0257122 0.0179465 0.0247885 0.00938821 -0.0344244 -0.169689
internal_weight=10800 945 9855 347 205 123 142 9508 2538 2485 2410 2176 1173 298
internal_count=10800 945 9855 347 205 123 142 9508 2538 2485 2410 2176 1173 298
is_linear=0
shrinkage=0.05


Tree=129
num_leaves=15
num_cat=0
split_feature=48 65 53 33 45 5 64 24 35 36 47 65 24 46
split_gain=796.55 921.713 833.096 1332.44 863.278 861.35 822.314 1305.86 2589.87 2180.64 2152.32 2150.53 1778.71 1709.81
threshold=1.0000000180025095e-35 79.608916500000007 0.99465189230620699 22.790625000000006 81.677083333333357 93.500520500000007 226.75070750000003 274.65417650000006 17.939583333333335 24.250520833333336 77.423177083333357 246.63264750000005 273.57706450000006 81.692708333333357
decision_type=2 2 2 2 2 2 2 2 2 2 2 2 2 2
left_child=1 -1 6 4 -4 -6 -2 8 -8 10 11 -10 -13 -12
right_child=2 -3 3 -5 5 -7 7 -9 9 -11 13 12 -14 -15
leaf_value=-0.018404697532385168 -0.0080811127338411594 -0.31073105670511725 -0.17695139300350737 0.29614156205665138 -0.0035379920674617898 0.27544661066154158 0.36682120453227651 0.065060689196748109 0.22797444677457979 -0.25491904859391457 0.15811787954717876 -0.053768094012179891 0.24771702984968821 -0.096755959796796728
leaf_weight=70 8131 43 40 60 85 40 43 1103 155 93 74 264 59 540
leaf_count=70 8131 43 40 60 85 40 43 1103 155 93 74 264 59 540
internal_value=7.41842e-05 -0.131394 0.00147644 0.0964543 0.0224942 0.0872146 -0.000575218 0.0255991 -0.00986973 -0.0238365 -0.00394112 0.0755292 0.00189653 -0.0658311
internal_weight=10800 113 10687 225 165 125 10462 2331 1228 1185 1092 478 323 614
internal_count=10800 113 10687 225 165 125 10462 2331 1228 1185 1092 478 323 614
is_linear=0
shrinkage=0.05


Tree=130
num_leaves=15
num_cat=0
split_feature=24 8 65 24 41 51 21 30 6 25 41 24 31 16
split_gain=808.459 2254.4 2196.37 1653.44 3832.45 2968.34 2433.64 2251.12 1241.69 2375.81 2344.36 3442.5 3415 2804.33
threshold=302.68069650000001 213.98713350000003 79.608916500000007 296.45735250000007 74.875000000000014 1.5000000000000002 27.029344457641361 23.112500000000004 24.000000000000004 109.63913789192482 80.625000000000014 284.15934500000009 22.237500000000004 270.93256800000006
decision_type=2 2 2 2 2 2 2 2 2 2 2 2 2 2
left_child=3 -2 -3 8 7 -6 -7 -5 9 10 11 13 -13 -1
right_child=1 2 -4 4 5 6 -8 -9 -10 -11 -12 12 -14 -15
leaf_value=0.040055166478347309 0.01874200613349453 -0.010129217932712329 -0.3474625566156111 -0.40119576886659714 0.020783225329334503 0.075891126491702529 0.45690328120704626 0.004634520476593555 -0.017589293728971143 -0.29942940134426643 -0.0015999791911972345 0.71140460793564964 0.11888262661053771 0.45156035492586533
leaf_weight=1126 333 88 106 40 136 64 123 205 5418 57 2961 40 61 42
leaf_count=1126 333 88 106 40 136 64 123 205 5418 57 2961 40 61 42
internal_value=7.37808e-05 -0.0602655 -0.195282 0.00317472 0.0860139 0.198877 0.327601 -0.062985 -0.00168193 0.0184215 0.0227744 0.0796044 0.358219 0.0552261
internal_weight=10800 527 194 10273 568 323 187 245 9705 4287 4230 1269 101 1168
internal_count=10800 527 194 10273 568 323 187 245 9705 4287 4230 1269 101 1168
is_linear=0
shrinkage=0.05


end of trees

feature_importances:
consumo_alvo_semana_anterior=282
temperatura_externa_c_media_1440m=171
origem_hora_sin=86
consumo_max_1440m=79
umidade_relativa_pct_media_1440m=78
origem_hora=73
consumo_mean_1440m=68
temperatura_externa_c_lag_360m=68
origem_mes=53
consumo_std_1440m=51
consumo_alvo_dia_anterior=50
temperatura_externa_c_media_360m=43
consumo_std_360m=42
umidade_relativa_pct_media_360m=36
consumo_std_180m=34
umidade_relativa_pct_atual=34
temperatura_externa_c_lag_720m=32
consumo_lag_10080m=31
temperatura_externa_c_lag_1440m=30
consumo_lag_1440m=28
umidade_relativa_pct_lag_360m=28
temperatura_externa_c_atual=26
origem_dia_semana=25
temperatura_externa_c_lag_180m=24
temperatura_externa_c_media_180m=23
umidade_relativa_pct_lag_720m=21
consumo_lag_720m=20
temperatura_externa_c_media_60m=20
consumo_min_180m=19
umidade_relativa_pct_lag_1440m=18
alvo_hora_cos=18
consumo_lag_360m=16
umidade_relativa_pct_media_180m=16
alvo_dia_semana=16
alvo_hora_sin=16
consumo_atual_kw=13
consumo_max_60m=13
consumo_min_60m=12
consumo_std_60m=12
consumo_max_180m=12
temperatura_externa_c_lag_60m=10
umidade_relativa_pct_media_60m=9
origem_hora_cos=9
consumo_mean_360m=7
consumo_min_360m=7
consumo_max_360m=7
temperatura_externa_c_lag_15m=7
consumo_mean_180m=6
umidade_relativa_pct_lag_15m=6
umidade_relativa_pct_lag_180m=6
origem_semana_sin=6
origem_semana_cos=5
alvo_hora=3
consumo_lag_120m=2
consumo_mean_60m=2
umidade_relativa_pct_lag_60m=2
consumo_lag_15m=1
consumo_lag_60m=1
consumo_lag_180m=1

parameters:
[boosting: gbdt]
[objective: regression]
[metric: l1]
[tree_learner: serial]
[device_type: cpu]
[data_sample_strategy: bagging]
[data: ]
[valid: ]
[num_iterations: 400]
[learning_rate: 0.05]
[num_leaves: 15]
[num_threads: 2]
[seed: 20260905]
[deterministic: 1]
[force_col_wise: 1]
[force_row_wise: 0]
[histogram_pool_size: -1]
[max_depth: -1]
[min_data_in_leaf: 40]
[min_sum_hessian_in_leaf: 0.001]
[bagging_fraction: 1]
[pos_bagging_fraction: 1]
[neg_bagging_fraction: 1]
[bagging_freq: 0]
[bagging_seed: 23218]
[bagging_by_query: 0]
[feature_fraction: 1]
[feature_fraction_bynode: 1]
[feature_fraction_seed: 28090]
[extra_trees: 0]
[extra_seed: 14360]
[early_stopping_round: 0]
[early_stopping_min_delta: 0]
[first_metric_only: 0]
[max_delta_step: 0]
[lambda_l1: 0]
[lambda_l2: 1]
[linear_lambda: 0]
[min_gain_to_split: 0]
[drop_rate: 0.1]
[max_drop: 50]
[skip_drop: 0.5]
[xgboost_dart_mode: 0]
[uniform_drop: 0]
[drop_seed: 16970]
[top_rate: 0.2]
[other_rate: 0.1]
[min_data_per_group: 100]
[max_cat_threshold: 32]
[cat_l2: 10]
[cat_smooth: 10]
[max_cat_to_onehot: 4]
[top_k: 20]
[monotone_constraints: ]
[monotone_constraints_method: basic]
[monotone_penalty: 0]
[feature_contri: ]
[forcedsplits_filename: ]
[refit_decay_rate: 0.9]
[cegb_tradeoff: 1]
[cegb_penalty_split: 0]
[cegb_penalty_feature_lazy: ]
[cegb_penalty_feature_coupled: ]
[path_smooth: 0]
[interaction_constraints: ]
[verbosity: -1]
[saved_feature_importance_type: 0]
[use_quantized_grad: 0]
[num_grad_quant_bins: 4]
[quant_train_renew_leaf: 0]
[stochastic_rounding: 1]
[linear_tree: 0]
[max_bin: 255]
[max_bin_by_feature: ]
[min_data_in_bin: 3]
[bin_construct_sample_cnt: 200000]
[data_random_seed: 5037]
[is_enable_sparse: 1]
[enable_bundle: 1]
[use_missing: 1]
[zero_as_missing: 0]
[feature_pre_filter: 1]
[pre_partition: 0]
[two_round: 0]
[header: 0]
[label_column: ]
[weight_column: ]
[group_column: ]
[ignore_column: ]
[categorical_feature: ]
[forcedbins_filename: ]
[precise_float_parser: 0]
[parser_config_file: ]
[objective_seed: 15411]
[num_class: 1]
[is_unbalance: 0]
[scale_pos_weight: 1]
[sigmoid: 1]
[boost_from_average: 1]
[reg_sqrt: 0]
[alpha: 0.9]
[fair_c: 1]
[poisson_max_delta_step: 0.7]
[tweedie_variance_power: 1.5]
[lambdarank_truncation_level: 30]
[lambdarank_norm: 1]
[label_gain: ]
[lambdarank_position_bias_regularization: 0]
[eval_at: ]
[multi_error_top_k: 1]
[auc_mu_weights: ]
[num_machines: 1]
[local_listen_port: 12400]
[time_out: 120]
[machine_list_filename: ]
[machines: ]
[gpu_platform_id: -1]
[gpu_device_id: -1]
[gpu_device_id_list: ]
[gpu_use_dp: 0]
[num_gpu: 1]

end of parameters

pandas_categorical:[]
