tree
version=v4
num_class=1
num_tree_per_iteration=1
label_index=0
max_feature_idx=65
objective=regression
feature_names=consumo_atual_kw consumo_lag_15m consumo_lag_30m consumo_lag_60m consumo_lag_120m consumo_lag_180m consumo_lag_360m consumo_lag_720m consumo_lag_1440m consumo_lag_10080m consumo_mean_60m consumo_min_60m consumo_max_60m consumo_std_60m consumo_mean_180m consumo_min_180m consumo_max_180m consumo_std_180m consumo_mean_360m consumo_min_360m consumo_max_360m consumo_std_360m consumo_mean_1440m consumo_min_1440m consumo_max_1440m consumo_std_1440m temperatura_externa_c_atual temperatura_externa_c_lag_15m temperatura_externa_c_lag_60m temperatura_externa_c_lag_180m temperatura_externa_c_lag_360m temperatura_externa_c_lag_720m temperatura_externa_c_lag_1440m temperatura_externa_c_media_60m temperatura_externa_c_media_180m temperatura_externa_c_media_360m temperatura_externa_c_media_1440m umidade_relativa_pct_atual umidade_relativa_pct_lag_15m umidade_relativa_pct_lag_60m umidade_relativa_pct_lag_180m umidade_relativa_pct_lag_360m umidade_relativa_pct_lag_720m umidade_relativa_pct_lag_1440m umidade_relativa_pct_media_60m umidade_relativa_pct_media_180m umidade_relativa_pct_media_360m umidade_relativa_pct_media_1440m origem_hora origem_dia_semana origem_fim_de_semana origem_mes origem_hora_sin origem_hora_cos origem_semana_sin origem_semana_cos alvo_hora alvo_dia_semana alvo_fim_de_semana alvo_mes alvo_hora_sin alvo_hora_cos alvo_semana_sin alvo_semana_cos consumo_alvo_dia_anterior consumo_alvo_semana_anterior
feature_infos=[22.399999999999999:324.71375799999998] [22.399999999999999:324.71375799999998] [22.399999999999999:324.71375799999998] [22.399999999999999:324.71375799999998] [22.399999999999999:324.71375799999998] [22.399999999999999:324.71375799999998] [22.399999999999999:324.71375799999998] [22.399999999999999:324.71375799999998] [22.399999999999999:324.71375799999998] [22.399999999999999:324.71375799999998] [22.399999999999999:321.24876725000001] [22.399999999999999:318.278571] [22.399999999999999:324.71375799999998] [0:82.540869055199337] [22.399999999999999:313.28577408333337] [22.399999999999999:302.53573799999998] [22.399999999999999:324.71375799999998] [0:92.970139865692389] [22.399999999999999:295.13563500000004] [22.399999999999999:249.29458700000001] [22.399999999999999:324.71375799999998] [0:116.53386463160022] [23.200000000000003:159.49963871874999] none [25.600000000000001:324.71375799999998] [1.3929144002343703:128.71471884334804] [15:33.700000000000003] [15:33.700000000000003] [15:33.700000000000003] [15:33.700000000000003] [15:33.700000000000003] [15:33.700000000000003] [15:33.700000000000003] [15:33.4375] [15:32.71875] [15.333333333333334:31.620833333333334] [16.439843749999998:27.283072916666669] [31:98] [31:98] [31:98] [31:98] [31:98] [31:98] [31:98] [32.5:95.625] [33.666666666666664:95.083333333333329] [37.041666666666664:94] [59.309895833333336:91.638020833333329] [0:23.75] [0:6] [0:1] [1:4] [-1:1] [-1:1] [-0.97492791218182362:0.97492791218182362] [-0.90096886790241903:1] [0:23.75] [0:6] [0:1] [1:4] [-1:1] [-1:1] [-0.97492791218182362:0.97492791218182362] [-0.90096886790241903:1] [22.399999999999999:324.71375799999998] [22.399999999999999:324.71375799999998]
tree_sizes=1383 1403 1400 1401 1405 1407 1411 1406 1399 1401 1409 1392 1394 1403 1401 1397 1403 1398 1412 1406 1409 1406 1395 1413 1406 1402 1414 1410 1393 1412 1419 1422 1417 1423 1425 1418 1414 1427 1423 1428 1430 1422 1432 1434 1427 1425 1414 1426 1438 1420 1427 1429 1429 1436 1414 1435 1425 1421 1415 1418 1421 1437 1425 1427 1424 1432 1431 1429 1422 1433 1429 1430 1424 1433 1428 1428 1435 1436 1429 1444 1407 1433 1427 1416 1445 1436 1429 1445 1427 1442 1439 1445 1426 1440 1424 1445 1432 1445 1434 1436 1446 1443 1436 1442 1434 1439 1445 1437 1436 1437 1431 1428 1438 1439 1448 1437 1448 1442 1447 1426 1455 1447 1441 1438 1451 1463 1429 1452 1451 1439 1458 1454 1452 1434 1458 1456 1476 1451 1453 1451 1447 1465 1447 1458 1430 1450 1450 1463 1448 1457 1433 1446 1441 1445 1439 1458 1455 1451 1434 1446 1436 1458 1431 1468 1455 1437 1433 1437 1452 1446 1437 1448 1451 1461 1436 1449 1447 1429 1456 1451 1449 1430 1439 1436 1431 1451 1445 1453 1435 1439 1425 1450 1449 1436 1450 1429 1466 1453 1437 1451 1445 1438 1462 1461 1457 1452 1442 1431 1451 1442 1445 1450 1454 1445 1427 1461 1466 1446 1458 1446 1440 1466 1447 1430 1435 1440 1449 1452 1443 1461 1432 1439 1448 1452 1451 1432 1464 1450 1454 1464 1433 1451 1452 1439 1439 1466 1439 1451 1445 1434 1461 1448 1446 1460 1450 1465 1465 1434 1458 1452 1446 1432 1453 1465 1434 1457 1446 1459 1455 1451 1472 1452 1420 1446 1445 1437 1447 1447 1450 1438 1450 1446 1436 1450 1469 1455 1433 1451 1430 1456 1447 1453 1444 1441 1430 1455 1450 1438 1442 1447 1459 1435 1449 1446 1433 1430 1454 1444 1453 1427 1457 1453 1446 1438 1451 1452 1445 1443 1446 1438 1454 1446 1418 1448 1446 1439 1451 1448 1454 1447 1455 1422 1442 1438 1440 1426 1456 1443 1438 1431 1437 1471 1457 1453 1445 1456 1450 1453 1462 1445 1465 1448 1446 1452 1450 1461 1446 1437 1470 1433 1467 1447 1442 1439 1448 1448 1453 1450 1428 1467 1441 1460 1445 1453 1449 1447 1455 1458 1432 1444 1448 1438 1448 1443 1438 1452 1446 1433 1435 1434 1444 1457 1453 1432 1443 1436

Tree=0
num_leaves=15
num_cat=0
split_feature=65 65 65 0 10 0 48 53 2 36 36 36 2 0
split_gain=8.93845e+07 9.55519e+06 3.40162e+06 507390 402107 393970 153289 120835 116812 95080.1 78874.5 75544.6 68990.1 67229.5
threshold=152.31669400000001 42.523274000000008 229.58777250000003 117.51320250000002 228.21470087500003 258.14039900000006 18.375000000000004 -0.44228869021900119 189.94579150000004 21.44166666666667 20.364843750000002 17.496875000000006 275.19923050000006 278.39930150000004
decision_type=2 2 2 2 2 2 2 2 2 2 2 2 2 2
left_child=1 -1 4 9 6 7 10 11 -5 -3 -2 -4 -6 -7
right_child=2 3 5 8 12 13 -8 -9 -10 -11 -12 -13 -14 -15
leaf_value=103.62291111376283 110.54204288094884 106.59885013036332 113.07382850573259 108.65584558309533 112.87075684653389 115.83702256592822 109.1408044200063 112.64811219448514 110.47398234913493 107.58214486884161 111.92838333551191 114.99160640767285 114.32370544961677 116.93997771931912
leaf_weight=5466 140 415 68 601 431 932 70 74 103 603 498 1035 121 243
leaf_count=5466 140 415 68 601 431 932 70 74 103 603 498 1035 121 243
internal_value=107.87 104.646 114.286 107.894 112.184 115.41 111.385 114.742 108.925 107.18 111.629 114.878 113.2 116.073
internal_weight=10800 7188 3612 1722 1260 2352 708 1177 704 1018 638 1103 552 1175
internal_count=10800 7188 3612 1722 1260 2352 708 1177 704 1018 638 1103 552 1175
is_linear=0
shrinkage=1


Tree=1
num_leaves=15
num_cat=0
split_feature=65 65 65 0 2 0 48 53 2 36 26 26 0 12
split_gain=8.06829e+07 8.62395e+06 3.06986e+06 458094 363680 356098 154002 123200 105568 85833.5 82151.5 68449.9 49785.3 44397.5
threshold=152.31669400000001 42.523274000000008 229.58777250000003 117.51320250000002 249.60064250000002 261.54221350000006 18.375000000000004 -0.44228869021900119 189.94579150000004 21.44166666666667 20.337500000000002 19.762500000000003 283.61178550000005 276.69339350000001
decision_type=2 2 2 2 2 2 2 2 2 2 2 2 2 2
left_child=1 -1 4 9 6 7 11 10 -5 -3 -4 -2 -7 -6
right_child=2 3 5 8 13 12 -8 -9 -10 -11 -12 -13 -14 -15
leaf_value=-4.0351163104615351 2.7107843137850427 -1.2080883085297851 5.646096234764558 0.74627543928417261 4.877472712369574 7.6973227160793911 1.2078157827887737 4.5589573848096627 2.4746918137256917 -0.27382934275807952 6.9117092898330901 3.9289501500129704 8.8863604154342255 6.0873470141733295
leaf_weight=5466 156 415 182 601 297 857 70 78 103 603 1080 599 155 138
leaf_count=5466 156 415 182 601 297 857 70 78 103 603 1080 599 155 138
internal_value=0.000236977 -3.0632 6.09573 0.0224423 4.09861 7.16342 3.47302 6.6107 1.00231 -0.655503 6.7338 3.68117 7.88803 5.27438
internal_weight=10800 7188 3612 1722 1260 2352 825 1340 704 1018 1262 755 1012 435
internal_count=10800 7188 3612 1722 1260 2352 825 1340 704 1018 1262 755 1012 435
is_linear=0
shrinkage=0.05


Tree=2
num_leaves=15
num_cat=0
split_feature=65 65 65 0 10 0 48 53 2 36 36 36 0 2
split_gain=7.28287e+07 7.78347e+06 2.77049e+06 413588 331396 323598 124303 97677 97311.3 77486.1 67768 64564.9 56810.4 56676
threshold=152.31669400000001 42.523274000000008 229.58777250000003 117.51320250000002 228.21470087500003 258.14039900000006 18.375000000000004 -0.44228869021900119 202.05005250000002 21.44166666666667 20.649218750000006 17.496875000000006 276.50310850000005 275.19923050000006
decision_type=2 2 2 2 2 2 2 2 2 2 2 2 2 2
left_child=1 -1 4 9 6 7 10 11 -5 -3 -2 -4 -7 -6
right_child=2 3 5 8 13 12 -8 -9 -10 -11 -12 -13 -14 -15
leaf_value=-3.8333976419050084 2.4665539285411007 -1.1478291049456366 4.6633485102999037 0.76221087100566365 4.5185403700228095 7.1630289811687495 1.1482755563628506 4.3171400960286457 2.7824330214298136 -0.26016053266026118 3.6917685933799982 6.427604528007361 8.1055783194464617 5.8349203797637443
leaf_weight=5466 160 415 68 639 431 880 70 74 65 603 478 1035 295 121
leaf_count=5466 160 415 68 639 431 880 70 74 65 603 478 1035 295 121
internal_value=0.000457453 -2.91005 5.79167 0.0213707 3.89442 6.80596 3.16925 6.20081 0.952419 -0.622801 3.38885 6.32316 7.40636 4.81712
internal_weight=10800 7188 3612 1722 1260 2352 708 1177 704 1018 638 1103 1175 552
internal_count=10800 7188 3612 1722 1260 2352 708 1177 704 1018 638 1103 1175 552
is_linear=0
shrinkage=0.05


Tree=3
num_leaves=15
num_cat=0
split_feature=65 65 65 0 0 2 2 48 53 0 26 28 26 26
split_gain=6.5739e+07 7.15331e+06 2.40255e+06 390236 292751 281671 110115 103973 79239.3 62942.6 59955.1 59601.8 53425.7 35067.2
threshold=157.78331700000004 42.523274000000008 229.58777250000003 109.91590650000002 255.09913100000003 252.73851850000003 188.20223400000003 18.375000000000004 -0.44228869021900119 273.99435950000003 19.762500000000003 19.012500000000003 20.212500000000002 25.312500000000004
decision_type=2 2 2 2 2 2 2 2 2 2 2 2 2 2
left_child=1 -1 5 11 8 7 13 10 12 -6 -2 -3 -4 -5
right_child=2 3 4 6 9 -7 -8 -9 -10 -11 -12 -13 -14 -15
leaf_value=-3.6417628557433019 2.4336567830128275 -1.3509128971410194 5.0545051271265207 0.33751645990600909 6.7244849835689173 4.7927153515365886 2.2280496004248866 1.0652093768119812 4.088571055730184 7.608065056800843 3.5700619125523581 -0.43419844243334033 6.1355998105341847 1.0841558662183741
leaf_weight=5466 156 241 175 480 932 423 118 55 71 367 605 670 807 234
leaf_count=5466 156 241 175 480 932 423 118 55 71 367 605 670 807 234
internal_value=0.000650505 -2.7525 5.52688 0.0366926 6.46632 3.73976 0.81904 3.18873 5.82688 6.97978 3.34061 -0.677926 5.94828 0.583387
internal_weight=10800 7209 3591 1743 2352 1239 832 816 1053 1299 761 911 982 714
internal_count=10800 7209 3591 1743 2352 1239 832 816 1053 1299 761 911 982 714
is_linear=0
shrinkage=0.05


Tree=4
num_leaves=15
num_cat=0
split_feature=65 65 65 0 10 26 48 53 2 26 31 31 2 0
split_gain=5.93427e+07 6.33879e+06 2.25577e+06 339278 272753 268104 100346 93822.3 78177.3 71821.1 67710.2 59161.5 50421.3 45392.9
threshold=152.31669400000001 42.523274000000008 229.58777250000003 119.34476450000001 228.21470087500003 25.262500000000003 18.375000000000004 -0.44228869021900119 202.05005250000002 20.212500000000002 19.762500000000003 20.712500000000002 274.61923400000006 283.61178550000005
decision_type=2 2 2 2 2 2 2 2 2 2 2 2 2 2
left_child=1 -1 4 9 6 7 11 10 -5 -3 -4 -2 -6 -7
right_child=2 3 5 8 12 13 -8 -9 -10 -11 -12 -13 -14 -15
leaf_value=-3.45970774347568 2.5184967207988906 -1.0654503526643688 5.1646049452762988 0.71954647133879313 4.0694779340481704 6.5733587587034554 1.0425682820064921 3.7358927536010742 2.5357047283288203 -0.21553153025252683 6.0298974534895304 3.5123663048007403 5.293284335327149 7.6642447349352709
leaf_weight=5466 296 401 407 603 428 923 70 69 65 653 798 342 124 155
leaf_count=5466 296 401 407 603 428 923 70 69 65 653 798 342 124 155
internal_value=0.000801854 -2.62645 5.22839 0.018975 3.51643 6.14363 2.85861 5.63652 0.899795 -0.539591 5.74216 3.05592 4.35347 6.73717
internal_weight=10800 7188 3612 1722 1260 2352 708 1274 668 1054 1205 638 552 1078
internal_count=10800 7188 3612 1722 1260 2352 708 1274 668 1054 1205 638 552 1078
is_linear=0
shrinkage=0.05


Tree=5
num_leaves=15
num_cat=0
split_feature=65 65 65 0 2 0 48 53 2 26 36 28 26 0
split_gain=5.3566e+07 5.72106e+06 2.03578e+06 308711 249080 246654 104404 88677.4 84377 64413.1 55600.6 53555.1 43786.3 33147.2
threshold=152.31669400000001 42.523274000000008 229.58777250000003 113.10398100000002 255.57108200000002 262.99180150000007 18.375000000000004 -0.44228869021900119 174.58897000000005 20.337500000000002 22.72096354166667 19.012500000000003 23.062500000000004 284.82648600000005
decision_type=2 2 2 2 2 2 2 2 2 2 2 2 2 2
left_child=1 -1 4 11 6 7 10 9 12 -4 -2 -3 -5 -7
right_child=2 3 5 8 -6 13 -8 -9 -10 -11 -12 -13 -14 -15
leaf_value=-3.2867542546650643 2.6317408792556281 -1.2253386133281161 4.5514165555193129 -0.053380293192684052 4.3885854016074655 6.3201525545831938 0.99117404363104988 3.6925824954185957 1.6505226533017567 5.6522411771027947 3.4982420579392035 -0.3635686493458824 0.83150480873540999 7.3463080756098256
leaf_weight=5466 440 241 182 244 394 803 70 80 198 1149 356 713 326 138
leaf_count=5466 440 241 182 244 394 803 70 80 198 1149 356 713 326 138
internal_value=0.000965875 -2.49514 4.96761 0.0180835 3.34126 5.83707 2.86026 5.40516 0.76369 5.50525 3.02317 -0.582325 0.453282 6.47828
internal_weight=10800 7188 3612 1722 1260 2352 866 1411 768 1331 796 954 570 941
internal_count=10800 7188 3612 1722 1260 2352 866 1411 768 1331 796 954 570 941
is_linear=0
shrinkage=0.05


Tree=6
num_leaves=15
num_cat=0
split_feature=65 65 65 0 26 2 2 48 53 31 26 36 0 26
split_gain=4.83518e+07 5.25759e+06 1.76547e+06 292192 224171 211336 86957.4 79043.2 68487.3 53344.8 52538.2 46092 43511.3 34784.1
threshold=157.78331700000004 42.523274000000008 229.58777250000003 109.91590650000002 24.762500000000003 256.80026200000003 177.51957650000003 18.375000000000004 -0.44228869021900119 19.762500000000003 19.762500000000003 21.539322916666666 283.61178550000005 24.087500000000002
decision_type=2 2 2 2 2 2 2 2 2 2 2 2 2 2
left_child=1 -1 5 11 8 7 13 10 9 -4 -2 -3 -6 -5
right_child=2 3 4 6 12 -7 -8 -9 -10 -11 -12 -13 -14 -15
leaf_value=-3.1224464202986919 2.0429454681979626 -0.99040054163351687 4.5985121064437058 0.090452917602799165 5.8911793724995745 4.1957349271599078 1.6483009192818092 0.91302867220448602 3.3468609231891051 5.4045064124786606 3.0941830236969867 -0.27310486565369402 6.9241190959245733 0.82808807746702306
leaf_weight=5466 156 398 379 348 1059 380 189 55 65 694 648 513 155 295
leaf_count=5466 156 398 379 348 1059 380 189 55 65 694 648 513 155 295
internal_value=0.00108721 -2.36007 4.74049 0.0311431 5.5458 3.20853 0.708114 2.76744 5.02586 5.12436 2.893 -0.587221 6.02865 0.429631
internal_weight=10800 7209 3591 1743 2352 1239 832 859 1138 1073 804 911 1214 643
internal_count=10800 7209 3591 1743 2352 1239 832 859 1138 1073 804 911 1214 643
is_linear=0
shrinkage=0.05


Tree=7
num_leaves=15
num_cat=0
split_feature=65 65 65 0 10 0 48 2 53 17 36 26 2 0
split_gain=4.36469e+07 4.65902e+06 1.65778e+06 251730 207132 206549 72501.8 70080.9 59567.5 53811.9 49246.4 46541.4 43098.4 36475.6
threshold=152.31669400000001 42.523274000000008 229.58777250000003 113.10398100000002 228.21470087500003 258.60530300000011 18.375000000000004 202.05005250000002 -0.44228869021900119 36.667384441058829 17.496875000000006 20.212500000000002 279.73507200000006 284.82648600000005
decision_type=2 2 2 2 2 2 2 2 2 2 2 2 2 2
left_child=1 -1 4 11 6 8 9 -5 10 -2 -4 -3 -6 -7
right_child=2 3 5 7 12 13 -8 -9 -10 -11 -12 -13 -14 -15
leaf_value=-2.9663527698562202 2.2199789718067242 -0.95099136784551797 3.4696573229803556 0.5421428754354235 3.5425580585585026 5.6298788353318203 0.89983686859339063 2.2483983596165973 3.3244406229654953 3.1774133277215553 4.9761705360593389 -0.23881785248882498 4.8561097570212493 6.6379197484297725
leaf_weight=5466 380 384 68 703 470 1018 70 65 74 258 1054 570 82 138
leaf_count=5466 380 384 68 703 470 1018 70 65 74 258 1054 570 82 138
internal_value=0.00119292 -2.25198 4.48446 0.015999 3.01685 5.26907 2.44379 0.689289 4.79415 2.61152 4.88804 -0.526175 3.74612 5.75585
internal_weight=10800 7188 3612 1722 1260 2352 708 768 1196 638 1122 954 552 1156
internal_count=10800 7188 3612 1722 1260 2352 708 768 1196 638 1122 954 552 1156
is_linear=0
shrinkage=0.05


Tree=8
num_leaves=15
num_cat=0
split_feature=65 65 65 0 0 26 0 36 2 13 48 2 0 2
split_gain=3.93981e+07 4.20498e+06 1.49604e+06 230548 190264 190150 65996.9 64254.1 58141.5 57188.5 50640.6 48042.9 30184.9 29990
threshold=152.31669400000001 42.523274000000008 229.58777250000003 125.89937800000001 194.93075200000001 25.262500000000003 248.17799000000002 21.44166666666667 266.95445250000006 1.3507304316855901 17.375000000000004 204.75732950000003 289.58042400000005 187.36653000000004
decision_type=2 2 2 2 2 2 2 2 2 2 2 2 2 2
left_child=1 -1 4 7 9 6 -4 -3 -6 -2 -11 -5 -7 -12
right_child=2 3 5 11 8 12 -8 -9 -10 10 13 -13 -14 -15
leaf_value=-2.8180621809860855 0.32176678932848435 -0.85123109625648241 4.214340709220795 0.7036804467796659 3.0679660650257015 5.3979600003508281 4.9789175826192693 -0.090106014849136759 4.0585840192334404 2.6741786082321628 0.64096947463892284 2.2090909703572592 6.458661090410672 2.0424987993320496
leaf_weight=5466 41 442 671 479 512 975 603 742 231 300 58 59 103 118
leaf_count=5466 41 442 671 479 512 975 603 742 231 300 58 59 103 118
internal_value=0.00130631 -2.13939 4.26078 0.0152455 2.86659 5.00613 4.57985 -0.374721 3.38099 2.12223 2.27632 0.872564 5.5052 1.58686
internal_weight=10800 7188 3612 1722 1260 2352 1274 1184 743 517 476 538 1078 176
internal_count=10800 7188 3612 1722 1260 2352 1274 1184 743 517 476 538 1078 176
is_linear=0
shrinkage=0.05


Tree=9
num_leaves=15
num_cat=0
split_feature=65 65 65 0 0 2 0 53 31 26 33 48 12 0
split_gain=3.55628e+07 3.86452e+06 1.29719e+06 221576 173602 160739 74291.6 66289.6 55219 51199.4 35155.8 35558.3 34429.4 32531.1
threshold=157.78331700000004 42.523274000000008 229.58777250000003 107.41872450000001 262.99180150000007 243.76816550000004 140.95961050000003 -0.44228869021900119 21.612500000000004 21.562500000000004 19.003125000000004 6.6250000000000009 280.08090150000004 172.05135050000004
decision_type=2 2 2 2 2 2 2 2 2 2 2 2 2 2
left_child=1 -1 5 10 7 8 -5 9 13 -4 -3 -12 -7 -2
right_child=2 3 4 6 -6 12 -8 -9 -10 -11 11 -13 -14 -15
leaf_value=-2.6771848629396229 1.3998792673505489 -1.1010769594812169 3.90883814064988 0.24512631678781904 5.2934650864570765 3.2261737033148501 1.2070604450821014 2.9239953500253186 2.8941775207699472 4.6726745201695357 0.792007917849744 -0.4764707646977564 4.3050216119939639 2.2711166694100977
leaf_weight=5466 167 211 340 568 941 361 310 80 264 991 60 594 109 338
leaf_count=5466 167 211 340 568 941 361 310 80 264 991 60 594 109 338
internal_value=0.00139379 -2.02357 4.06597 0.0265234 4.75627 2.7528 0.585748 4.39451 2.30136 4.48064 -0.541127 -0.359065 3.48498 1.98634
internal_weight=10800 7209 3591 1743 2352 1239 878 1411 769 1331 865 654 470 505
internal_count=10800 7209 3591 1743 2352 1239 878 1411 769 1331 865 654 470 505
is_linear=0
shrinkage=0.05


Tree=10
num_leaves=15
num_cat=0
split_feature=65 65 65 0 26 0 53 13 2 36 48 14 26 0
split_gain=3.21019e+07 3.42464e+06 1.21777e+06 189944 158896 158784 57252.3 53442.9 49718.7 47397.4 46451.8 45064.8 44962.4 28222.7
threshold=152.31669400000001 42.523274000000008 229.58777250000003 119.34476450000001 25.262500000000003 198.92361450000001 -0.44228869021900119 1.3507304316855901 194.84658450000003 20.759114583333339 17.375000000000004 262.47120458333342 20.712500000000002 279.73507200000006
decision_type=2 2 2 2 2 2 2 2 2 2 2 2 2 2
left_child=1 -1 5 12 6 7 9 -2 -5 -4 -9 -7 -3 -6
right_child=2 3 4 8 13 11 -8 10 -10 -11 -12 -13 -14 -15
leaf_value=-2.5433500949656569 0.24651631823805875 -0.77848763962750112 3.6660380947056108 0.51049578861257405 4.8263900599888396 2.7862654900064276 2.6555843503134593 2.4568914855534416 1.827112433968521 4.4162543222444866 1.4689187308206402 3.6674336036370727 -0.11933836171015477 5.5838101447500836
leaf_weight=5466 42 455 334 587 874 440 69 342 81 871 192 244 599 204
leaf_count=5466 42 455 334 587 874 440 69 342 81 871 192 244 599 204
internal_value=0.00145781 -1.93088 3.84634 0.0135818 4.51881 2.58849 4.1294 1.97022 0.672638 4.21152 2.10507 3.1055 -0.404354 4.97477
internal_weight=10800 7188 3612 1722 2352 1260 1274 576 668 1205 534 684 1054 1078
internal_count=10800 7188 3612 1722 2352 1260 1274 576 668 1205 534 684 1054 1078
is_linear=0
shrinkage=0.05


Tree=11
num_leaves=15
num_cat=0
split_feature=65 65 65 0 0 0 0 65 26 53 0 36 48 53
split_gain=2.89792e+07 3.03362e+06 1.1417e+06 168574 160755 144762 58002.1 54475.5 46707.2 38552 37855.1 36910.2 32788 32259.7
threshold=149.900586 42.523274000000008 229.58777250000003 105.86520100000001 194.93075200000001 254.54927000000001 137.81104500000004 165.37225500000002 28.362500000000004 -0.44228869021900119 272.71499900000009 17.496875000000006 6.6250000000000009 -0.16280825711808986
decision_type=2 2 2 2 2 2 2 2 2 2 2 2 2 2
left_child=1 -1 4 12 7 9 -5 -2 -6 11 -7 -4 -3 -9
right_child=2 3 5 6 8 10 -8 13 -10 -11 -12 -13 -14 -15
leaf_value=-2.4162058449105501 0.53734519904172873 0.46678072298184425 2.7161103068918422 0.16898218320584255 2.7107614401330307 4.4407352989732622 1.0092267823063041 2.281867953808205 3.7626775878796472 2.6361402299669052 5.0771175872658105 4.0123549968502594 -0.61211996002244617 1.378569086292122
leaf_weight=5466 78 77 68 548 608 896 328 300 138 71 421 896 748 157
leaf_count=5466 78 77 68 548 608 896 328 300 138 71 421 896 748 157
internal_value=0.00152691 -1.84245 3.63873 0.00160862 2.43446 4.29332 0.484386 1.76699 2.91013 3.83812 4.64786 3.92383 -0.510979 1.97523
internal_weight=10800 7167 3633 1701 1281 2352 876 535 746 1035 1317 964 825 457
internal_count=10800 7167 3633 1701 1281 2352 876 535 746 1035 1317 964 825 457
is_linear=0
shrinkage=0.05


Tree=12
num_leaves=15
num_cat=0
split_feature=65 65 65 26 2 26 48 0 0 36 2 34 0 17
split_gain=2.61579e+07 2.73797e+06 1.03156e+06 154581 150146 131530 58592.2 56875.3 47266.6 44384.8 41065.8 27621.2 25324.1 24100.4
threshold=149.900586 42.523274000000008 231.31079250000002 22.162500000000005 243.76816550000004 25.262500000000003 18.375000000000004 137.81104500000004 248.81352550000003 22.79322916666667 153.16369850000004 26.827083333333338 278.39930150000004 66.464105289595437
decision_type=2 2 2 2 2 2 2 2 2 2 2 2 2 2
left_child=1 -1 4 10 6 8 9 -5 13 -2 -3 -6 -7 -4
right_child=2 3 5 7 11 12 -8 -9 -10 -11 -12 -13 -14 -15
leaf_value=-2.295417625018354 1.7028594573443767 -0.53094861895423828 3.2118400741673114 0.22663598348130659 2.7194513461079461 4.3493321925545656 0.58600993733375506 1.1463230418299026 4.0786200006462083 2.5002218368318347 0.58715732798471565 3.5540527932303294 5.0184751961735774 3.918089956016356
leaf_weight=5466 425 856 476 503 312 827 77 252 582 314 90 174 240 206
leaf_count=5466 425 856 476 503 312 827 77 252 582 314 90 174 240 206
internal_value=0.00158098 -1.75033 3.4572 0.00155853 2.32682 4.08732 1.90783 0.534715 3.73196 2.04458 -0.424067 3.02494 4.5044 3.43059
internal_weight=10800 7167 3633 1701 1302 2331 816 755 1264 739 946 486 1067 682
internal_count=10800 7167 3633 1701 1302 2331 816 755 1264 739 946 486 1067 682
is_linear=0
shrinkage=0.05


Tree=13
num_leaves=15
num_cat=0
split_feature=65 65 65 0 2 26 2 48 53 36 36 48 26 0
split_gain=2.36144e+07 2.56233e+06 860814 152936 120861 118802 57412.5 44468.8 43877 39575.5 34162 30007.4 29218.2 23931.4
threshold=157.78331700000004 42.523274000000008 231.31079250000002 105.86520100000001 256.80026200000003 25.387500000000003 174.58897000000005 18.375000000000004 -0.44228869021900119 19.852604166666669 22.036197916666669 6.6250000000000009 24.087500000000002 294.76548300000007
decision_type=2 2 2 2 2 2 2 2 2 2 2 2 2 2
left_child=1 -1 4 11 7 8 12 10 9 -4 -2 -3 -5 -7
right_child=2 3 5 6 -6 13 -8 -9 -10 -11 -12 -13 -14 -15
leaf_value=-2.1806677291309113 1.6437635559906401 0.44805080644142481 2.8433753884868858 -0.030755146248874505 2.9882811352686232 4.2093595944618691 1.1986318781971932 0.53598777699683398 2.2330492816754242 3.7364529201864856 2.3109087069477656 -0.56616970012866119 0.61873089046329754 5.3032939883640839
leaf_weight=5466 361 80 161 397 393 979 207 55 66 1056 451 753 306 69
leaf_count=5466 361 80 161 397 393 979 207 55 66 1056 451 753 306 69
internal_value=0.00164439 -1.64844 3.31377 0.0208861 2.25771 3.88339 0.468743 1.92349 3.55115 3.62074 2.0167 -0.468345 0.252429 4.28637
internal_weight=10800 7209 3591 1743 1260 2331 910 867 1283 1217 812 833 703 1048
internal_count=10800 7209 3591 1743 1260 2331 910 867 1283 1217 812 833 703 1048
is_linear=0
shrinkage=0.05


Tree=14
num_leaves=15
num_cat=0
split_feature=65 65 65 26 0 0 0 13 53 12 26 2 48 33
split_gain=2.13156e+07 2.22944e+06 839814 129533 123810 112404 47016.4 46727.8 46575.8 39542.9 38869.3 34554.5 32234.5 25452.2
threshold=149.900586 42.523274000000008 229.58777250000003 22.162500000000005 194.02319200000002 263.81563600000004 137.81104500000004 1.3507304316855901 -0.44228869021900119 276.69339350000001 20.337500000000002 143.87696050000002 18.375000000000004 19.003125000000004
decision_type=2 2 2 2 2 2 2 2 2 2 2 2 2 2
left_child=1 -1 4 11 7 8 -5 -2 10 -6 -4 13 -9 -3
right_child=2 3 5 6 9 -7 -8 12 -10 -11 -12 -13 -14 -15
leaf_value=-2.0716542791879786 -0.048097736420838727 -0.96793656713432741 2.7497175508509568 0.20900235964606206 2.3068414092850764 4.1273491409906731 1.0451983267919938 1.788543309848269 2.1848277987503422 3.2319329503294711 3.5798463426398102 0.42500570000513743 0.5201192774131137 -0.33618500029500936
leaf_weight=5466 45 215 182 503 605 907 252 420 81 153 1182 114 58 617
leaf_count=5466 45 215 182 503 605 907 252 420 81 153 1182 114 58 617
internal_value=0.00167926 -1.57979 3.1211 0.00106427 2.08823 3.68251 0.489117 1.49132 3.40063 2.49758 3.47118 -0.388554 1.63604 -0.500404
internal_weight=10800 7167 3633 1701 1281 2352 755 523 1445 758 1364 946 478 832
internal_count=10800 7167 3633 1701 1281 2352 755 523 1445 758 1364 946 478 832
is_linear=0
shrinkage=0.05


Tree=15
num_leaves=15
num_cat=0
split_feature=65 65 65 0 2 26 36 48 31 26 0 2 0 2
split_gain=1.92408e+07 2.08795e+06 701637 123472 101049 100705 54502.5 36070.4 30912.8 30634.9 29831.9 26350.3 23075.9 20012.8
threshold=157.78331700000004 63.145266500000005 231.31079250000002 135.40775700000003 256.80026200000003 24.312500000000004 22.72096354166667 18.375000000000004 20.012500000000003 19.762500000000003 273.99435950000003 204.75732950000003 86.97779300000002 289.58042400000005
decision_type=2 2 2 2 2 2 2 2 2 2 2 2 2 2
left_child=1 -1 4 6 7 8 12 9 -4 -2 -7 -5 -3 -6
right_child=2 3 5 11 13 10 -8 -9 -10 -11 -12 -13 -14 -15
leaf_value=-1.9642219327863917 1.17834012673336 -0.82284985188622373 2.8059650437272379 0.63529846389596312 2.5623987516675677 3.6374195847617035 0.13578101189814279 0.48281759569820554 3.3904827093300614 1.9685072160495147 4.2198654931438853 1.7588397383689882 -0.24216019964854546 3.7615355300903319
leaf_weight=5488 158 310 472 322 349 946 644 55 551 654 362 62 383 44
leaf_count=5488 158 310 472 322 349 946 644 55 551 654 362 62 383 44
internal_value=0.001682 -1.48778 2.99139 0.0317603 2.03797 3.50567 -0.195304 1.73245 3.1238 1.81639 3.80172 0.820801 -0.502732 2.70586
internal_weight=10800 7209 3591 1721 1260 2331 1337 867 1023 812 1308 384 693 393
internal_count=10800 7209 3591 1721 1260 2331 1337 867 1023 812 1308 384 693 393
is_linear=0
shrinkage=0.05


Tree=16
num_leaves=15
num_cat=0
split_feature=65 65 65 0 26 26 36 0 53 2 35 0 16 2
split_gain=1.73705e+07 1.95221e+06 581808 124934 92099.1 84355.9 51833.7 42787.1 42030.2 29115.9 28041 22290.7 21113.2 20405.1
threshold=163.36260400000003 42.523274000000008 231.31079250000002 135.40775700000003 26.175000000000001 24.312500000000004 22.72096354166667 251.98463850000005 -0.16280825711808986 204.75732950000003 20.013541666666669 93.500520500000007 288.39755700000006 286.66023200000001
decision_type=2 2 2 2 2 2 2 2 2 2 2 2 2 2
left_child=1 -1 5 6 7 8 11 -4 10 -5 -2 -3 -6 -7
right_child=2 3 4 9 12 13 -8 -9 -10 -11 -12 -13 -14 -15
leaf_value=-1.8698975186429079 1.4118940000760962 -0.73630160071437722 2.8238092091594638 0.59761364055716482 3.6307362029426979 2.384299187729324 0.12642674167376444 3.3925279713410599 1.0787725554682828 1.7014692673944449 2.1844736032369663 -0.17437109166509487 4.4393276388362306 3.5077937593647079
leaf_weight=5466 197 401 806 344 759 413 652 649 231 72 327 316 117 50
leaf_count=5466 197 401 806 344 759 413 652 649 231 72 327 316 117 50
internal_value=0.00170672 -1.40114 2.86746 0.0345307 3.33068 1.97895 -0.19614 3.07964 1.64859 0.792288 1.89726 -0.489232 3.74367 2.51293
internal_weight=10800 7251 3549 1785 2331 1218 1369 1455 755 416 524 717 876 463
internal_count=10800 7251 3549 1785 2331 1218 1369 1455 755 416 524 717 876 463
is_linear=0
shrinkage=0.05


Tree=17
num_leaves=15
num_cat=0
split_feature=65 65 65 26 53 20 0 13 0 36 26 2 48 20
split_gain=1.56815e+07 1.63873e+06 619621 101167 97094.8 90147.3 89733.9 38246.7 34453.6 32492.8 30452.2 27234.5 25211.9 19034.4
threshold=149.900586 42.523274000000008 225.72088050000005 22.162500000000005 -0.44228869021900119 269.61846750000007 194.02319200000002 1.3507304316855901 137.81104500000004 17.496875000000006 27.362500000000004 153.16369850000004 17.375000000000004 297.46106850000007
decision_type=2 2 2 2 2 2 2 2 2 2 2 2 2 2
left_child=1 -1 6 11 5 9 7 -2 -5 -4 -8 -3 -9 -7
right_child=2 3 4 8 -6 13 10 12 -10 -11 -12 -13 -14 -15
leaf_value=-1.7764196350867991 -0.1497379504972034 -0.43075142931019239 1.8663646974425387 0.19211108643332467 1.7256608750138964 3.5740869746103394 1.8981282176733019 1.6790833829805771 0.90797239556142939 3.0367296537725439 2.6157535410763924 0.47978839782568122 0.91564334409506953 4.5995052277095736
leaf_weight=5466 44 856 68 503 118 727 499 289 252 1419 227 90 180 62
leaf_count=5466 44 856 68 503 118 727 499 289 252 1419 227 90 180 62
internal_value=0.00173484 -1.35472 2.67732 0.000615613 3.14739 3.22031 1.76724 1.25667 0.431933 2.9845 2.1258 -0.34371 1.38865 3.66038
internal_weight=10800 7167 3633 1701 2394 2276 1239 513 755 1487 726 946 469 789
internal_count=10800 7167 3633 1701 2394 2276 1239 513 755 1487 726 946 469 789
is_linear=0
shrinkage=0.05


Tree=18
num_leaves=15
num_cat=0
split_feature=65 65 65 2 26 26 36 48 53 16 35 31 2 48
split_gain=1.41559e+07 1.59064e+06 473723 102759 78646 69947.4 63653.6 48546.2 35152.1 31320.7 24772.3 23586.4 22023.7 19809.6
threshold=163.36260400000003 63.145266500000005 231.31079250000002 153.16369850000004 23.512500000000003 24.312500000000004 22.72096354166667 16.375000000000004 -0.16280825711808986 288.39755700000006 20.013541666666669 18.112500000000004 209.93465650000005 12.375000000000002
decision_type=2 2 2 2 2 2 2 2 2 2 2 2 2 2
left_child=1 -1 5 6 11 8 -3 9 10 -6 -2 -4 -5 -8
right_child=2 3 4 12 7 -7 13 -9 -10 -11 -12 -13 -14 -15
leaf_value=-1.6843281531240537 1.258402271674137 -0.49758487992349698 1.9900353170421026 0.62212768496453363 3.2025193581091509 2.2732083630972895 0.45670245166982659 1.6875894387563068 0.96536380305629343 4.1050123070468425 1.9832009594614914 2.7301918301703676 1.6852779897592836 -0.066343769008331083
leaf_weight=5488 197 680 145 298 1343 463 335 53 231 118 327 672 58 392
leaf_count=5488 197 680 145 298 1343 463 335 53 231 118 327 672 58 392
internal_value=0.00174587 -1.26466 2.58878 0.0419338 3.00677 1.78703 -0.150196 3.22364 1.48627 3.27817 1.71363 2.60142 0.799573 0.174971
internal_weight=10800 7251 3549 1763 2331 1218 1407 1514 755 1461 524 817 356 727
internal_count=10800 7251 3549 1763 2331 1218 1407 1514 755 1461 524 817 356 727
is_linear=0
shrinkage=0.05


Tree=19
num_leaves=15
num_cat=0
split_feature=65 65 65 26 53 36 20 2 0 30 34 4 2 2
split_gain=1.27781e+07 1.33564e+06 505694 85796.3 81510.4 76584.1 76310.1 38412.1 28291.1 27748.7 22686.4 22612 23336.4 20224.3
threshold=149.900586 42.523274000000008 225.72088050000005 22.162500000000005 -0.44228869021900119 23.063020833333336 269.61846750000007 212.93543600000001 137.81104500000004 19.012500000000003 19.001041666666669 70.579213000000024 171.80616150000003 274.61923400000006
decision_type=2 2 2 2 2 2 2 2 2 2 2 2 2 2
left_child=1 -1 5 10 6 7 9 11 -5 -4 -3 -2 -13 -7
right_child=2 3 4 8 -6 13 -8 -9 -10 -11 -12 12 -14 -15
leaf_value=-1.6034139469552131 1.3243150484528436 -0.77904946671591868 2.3273787981001464 0.18075898493841544 1.5397537750356338 1.8782274704274475 3.3130227609223959 1.6636020787035832 0.82947243145214244 2.8318039534512529 -0.18647278650184151 -0.49151450714399653 0.81572067316840691 2.6723318788740373
leaf_weight=5466 177 206 418 503 118 440 789 304 252 1069 740 42 169 107
leaf_count=5466 177 206 418 503 118 440 789 304 252 1069 740 42 169 107
internal_value=0.0017545 -1.2227 2.41698 0.000892761 2.84164 1.59482 2.90843 1.24194 0.398094 2.69167 -0.316198 0.908137 0.554422 2.03816
internal_weight=10800 7167 3633 1701 2394 1239 2276 692 755 1487 946 388 211 547
internal_count=10800 7167 3633 1701 2394 1239 2276 692 755 1487 946 388 211 547
is_linear=0
shrinkage=0.05


Tree=20
num_leaves=15
num_cat=0
split_feature=65 65 65 0 53 16 36 2 16 48 2 48 22 26
split_gain=1.15375e+07 1.29524e+06 385859 87432.1 73508.4 70241.9 56635.6 38478.9 27870.2 26153.5 22891.7 20775.2 20506.2 17741.1
threshold=163.36260400000003 63.145266500000005 225.72088050000005 103.97617450000001 -0.44228869021900119 255.27931950000001 23.063020833333336 200.76175450000002 287.24088100000006 6.6250000000000009 242.11577350000002 19.375000000000004 137.21175876562504 18.425000000000001
decision_type=2 2 2 2 2 2 2 2 2 2 2 2 2 2
left_child=1 -1 6 9 5 13 10 11 -7 -3 -2 -5 -13 -4
right_child=2 3 4 7 -6 8 -8 -9 -10 -11 -12 12 -14 -15
leaf_value=-1.5202574304478931 1.0627181128169714 0.50199628788747908 1.3379086342724889 0.4434887059352276 1.4634130390251385 2.8968084016807905 1.9755847104859308 1.3663687665795172 3.7049130858797015 -0.44680028646487185 1.7202490198368929 -0.6966508900265691 0.18585106168693605 2.4343414977605167
leaf_weight=5488 444 80 43 556 118 1344 516 85 131 715 195 90 237 758
leaf_count=5488 444 80 43 556 118 1344 516 85 131 715 195 90 237 758
internal_value=0.00174231 -1.14156 2.33729 0.0374835 2.69976 2.76319 1.5843 0.356417 2.97104 -0.350813 1.26575 0.257761 -0.0584228 2.37722
internal_weight=10800 7251 3549 1763 2394 2276 1155 968 1475 795 639 883 327 801
internal_count=10800 7251 3549 1763 2394 2276 1155 968 1475 795 639 883 327 801
is_linear=0
shrinkage=0.05


Tree=21
num_leaves=15
num_cat=0
split_feature=65 65 65 0 53 20 36 2 48 36 36 48 22 2
split_gain=1.04141e+07 1.16926e+06 348265 81496.7 66297.6 64232 51109.3 35001.4 24105.6 24019.8 21472.5 18322.8 18537 16246.5
threshold=163.36260400000003 42.523274000000008 225.72088050000005 103.97617450000001 -0.44228869021900119 269.61846750000007 23.063020833333336 200.76175450000002 6.6250000000000009 17.496875000000006 20.208854166666669 19.375000000000004 137.35020099479172 274.61923400000006
decision_type=2 2 2 2 2 2 2 2 2 2 2 2 2 2
left_child=1 -1 6 8 5 9 10 11 -3 -4 -2 -5 -13 -8
right_child=2 3 4 7 -6 -7 13 -9 -10 -11 -12 12 -14 -15
leaf_value=-1.4472589864708159 0.68152359329404377 0.47720635316254179 1.4703062734742096 0.41515401703456611 1.3908572776102219 2.9962241085269787 1.723565189140599 1.2988447415274242 -0.43257898355121105 2.4713028906600578 1.3664144846449755 -0.65329997722179667 0.18019835958484232 2.4420878931328103
leaf_weight=5466 154 80 68 560 118 789 409 85 733 1419 485 92 235 107
leaf_count=5466 154 80 68 560 118 789 409 85 733 1419 485 92 235 107
internal_value=0.00173122 -1.08448 2.22066 0.0266029 2.56502 2.62526 1.50529 0.335429 -0.342579 2.42655 1.20268 0.241747 -0.0555795 1.877
internal_weight=10800 7251 3549 1785 2394 2276 1155 972 813 1487 639 887 327 516
internal_count=10800 7251 3549 1785 2394 2276 1155 972 813 1487 639 887 327 516
is_linear=0
shrinkage=0.05


Tree=22
num_leaves=15
num_cat=0
split_feature=65 65 65 26 0 26 9 2 53 30 0 0 33 2
split_gain=9.39997e+06 1.05565e+06 314249 73472.9 61546.2 47725 30538.3 28110.5 24429.1 24881 23735.3 20626.8 20623 18452
threshold=163.36260400000003 63.145266500000005 225.72088050000005 22.162500000000005 254.54927000000001 24.312500000000004 223.08690000000004 200.76175450000002 -0.16280825711808986 19.087500000000002 215.76448550000003 294.76548300000007 19.003125000000004 191.96002600000006
decision_type=2 2 2 2 2 2 2 2 2 2 2 2 2 2
left_child=1 -1 5 12 6 8 13 -5 9 -2 -8 -6 -3 -4
right_child=2 3 4 7 11 -7 10 -9 -10 -11 -12 -13 -14 -15
leaf_value=-1.3721428956723123 0.77307025209266811 -0.661759127628747 2.0299887356457411 0.2883668226016764 2.6148621071485958 1.8486205991771485 1.3078331979345685 1.2566848989753496 0.73975266802310946 1.5846803486025012 2.0952280567680561 3.5370976559103355 -0.12590251542171654 2.898056345487896
leaf_weight=5488 131 237 110 709 1255 431 120 83 224 369 648 72 734 189
leaf_count=5488 131 237 110 709 1255 431 120 83 224 369 648 72 734 189
internal_value=0.00171126 -1.03026 2.10983 0.0341638 2.43695 1.4303 2.14795 0.391301 1.17906 1.37401 1.97406 2.66753 -0.25724 2.58653
internal_weight=10800 7251 3549 1763 2394 1155 1067 792 724 500 768 1327 971 299
internal_count=10800 7251 3549 1763 2394 1155 1067 792 724 500 768 1327 971 299
is_linear=0
shrinkage=0.05


Tree=23
num_leaves=15
num_cat=0
split_feature=65 65 65 2 26 14 36 48 16 53 35 2 48 17
split_gain=8.48506e+06 953291 283962 70689.3 53208.1 47420.9 45822.5 32319.3 23462.4 23258.7 18279.6 17423.5 16978.1 16891.2
threshold=163.36260400000003 42.523274000000008 231.31079250000002 153.16369850000004 23.262500000000003 258.45778395833338 22.750520833333336 16.375000000000004 288.39755700000006 -0.16280825711808986 19.712500000000002 198.84269600000002 12.375000000000002 66.464105289595437
decision_type=2 2 2 2 2 2 2 2 2 2 2 2 2 2
left_child=1 -1 5 6 13 9 -3 8 -6 10 -2 -11 -8 -4
right_child=2 3 4 -5 7 -7 12 -9 -10 11 -12 -13 -14 -15
leaf_value=-1.3063146373831813 0.85479680044897677 -0.41770244468593787 1.7740481767714156 0.65386328482139522 2.4780243526618086 1.9020271733631053 0.41015261620434851 1.2813979152263257 3.248427607432133 0.23976897863631552 1.5075741455082066 1.0915352966916354 -0.076364914503111336 2.2787878272525446
leaf_weight=5466 144 709 458 356 1401 326 332 56 118 93 483 172 388 298
leaf_count=5466 144 709 458 356 1401 326 332 56 118 93 483 172 388 298
internal_value=0.00171278 -0.978749 2.00462 0.0244879 2.32823 1.38388 -0.132653 2.49606 2.53997 1.19259 1.35925 0.794639 0.148231 1.97575
internal_weight=10800 7251 3549 1785 2331 1218 1429 1575 1519 892 627 265 720 756
internal_count=10800 7251 3549 1785 2331 1218 1429 1575 1519 892 627 265 720 756
is_linear=0
shrinkage=0.05


Tree=24
num_leaves=15
num_cat=0
split_feature=65 65 65 26 53 14 20 36 0 53 36 0 48 20
split_gain=7.65936e+06 800389 302898 57295.9 53228.4 51313.3 50859.9 26566.4 25089.5 23057.7 19358 18006.9 15586.8 13397.3
threshold=149.900586 42.523274000000008 225.72088050000005 21.262500000000003 -0.44228869021900119 256.77839379166676 269.61846750000007 20.338411458333336 137.81104500000004 -0.19509032201612839 21.166796875000006 161.39364400000002 12.375000000000002 297.46106850000007
decision_type=2 2 2 2 2 2 2 2 2 2 2 2 2 2
left_child=1 -1 5 -3 6 7 10 11 12 -9 -4 -2 -5 -8
right_child=2 3 4 8 -6 -7 13 9 -10 -11 -12 -13 -14 -15
leaf_value=-1.2410108612336863 -0.1527223855688952 -0.35221470875447314 1.7948655639524045 0.39961191250449163 1.1498998031896706 1.756570700018905 2.5143111051766431 1.376152546643832 0.62950021148541691 0.77125384957206489 2.2020598942325229 0.87336173920254956 -0.087546501895314766 3.3465654615371947
leaf_weight=5466 68 685 459 250 118 343 727 471 292 244 1028 113 474 62
leaf_count=5466 68 685 459 250 118 343 727 471 292 244 1028 113 474 62
internal_value=0.00170084 -0.946298 1.87161 0.000906154 2.20027 1.23531 2.2542 1.03403 0.239097 1.17109 2.07766 0.489151 0.0809903 2.58386
internal_weight=10800 7167 3633 1701 2394 1239 2276 896 1016 715 1487 181 724 789
internal_count=10800 7167 3633 1701 2394 1239 2276 896 1016 715 1487 181 724 789
is_linear=0
shrinkage=0.05


Tree=25
num_leaves=15
num_cat=0
split_feature=65 65 65 2 0 36 36 53 31 2 36 2 36 2
split_gain=6.91694e+06 775785 230942 58198.4 48422.7 38572.5 38480.8 24632.5 20043 18479.5 15366.8 13323.3 12822.6 12309
threshold=163.36260400000003 63.145266500000005 225.72088050000005 153.16369850000004 266.52725100000004 23.64283854166667 23.549088541666666 -0.44228869021900119 19.912500000000005 242.11577350000002 20.338411458333336 209.93465650000005 20.237630208333339 286.66023200000001
decision_type=2 2 2 2 2 2 2 2 2 2 2 2 2 2
left_child=1 -1 6 5 7 10 9 8 -4 12 -3 -5 -2 -8
right_child=2 3 4 11 -6 -7 13 -9 -10 -11 -12 -13 -14 -15
leaf_value=-1.176636831510977 0.42026643660599294 -0.60581857965923458 1.6970767380578757 0.46121097737144567 2.4158323038982439 0.26203256262388874 1.524221759387425 1.1369359624629118 2.1053566497941509 1.3660554969357146 -0.16589785563446749 1.2877751597913647 0.99227558082790779 2.4490102291107179
leaf_weight=5488 136 282 470 298 789 456 349 97 1038 256 669 58 371 43
leaf_count=5488 136 282 470 298 789 456 349 97 1038 256 669 58 371 43
internal_value=0.00168514 -0.883553 1.81006 0.0289294 2.09049 -0.11566 1.22752 1.92915 1.97932 1.01804 -0.296847 0.599106 0.839967 1.63164
internal_weight=10800 7251 3549 1763 2394 1407 1155 1605 1508 763 951 356 507 392
internal_count=10800 7251 3549 1763 2394 1407 1155 1605 1508 763 951 356 507 392
is_linear=0
shrinkage=0.05


Tree=26
num_leaves=15
num_cat=0
split_feature=65 65 65 26 26 64 26 48 2 0 53 36 0 48
split_gain=6.2435e+06 700401 208688 56175.9 41955.4 39403.8 27075.3 25176.6 23689.7 21681.4 19113.1 18166.4 17807.2 16324.5
threshold=163.36260400000003 42.523274000000008 233.25313400000002 23.062500000000004 22.437500000000004 229.01913550000003 26.237500000000004 16.375000000000004 153.16369850000004 271.69769000000002 -0.16280825711808986 20.338411458333336 125.89937800000001 6.6250000000000009
decision_type=2 2 2 2 2 2 2 2 2 2 2 2 2 2
left_child=1 -1 5 8 -4 6 10 9 11 -6 -2 -3 -5 -13
right_child=2 3 4 12 7 -7 -8 -9 -10 -11 -12 13 -14 -15
leaf_value=-1.120150556750984 1.1185962520222581 -0.62769797906828251 1.5967194267914955 0.096471651375371337 2.0430018747022367 2.0237335855310614 1.5386400355859235 1.0680272005372129 0.3620247906179162 2.4616280130014903 0.59887043965994857 0.5973179340252982 0.66117564891672276 -0.21378980494273303
leaf_weight=5466 598 257 510 239 1265 131 274 58 176 456 257 67 336 710
leaf_count=5466 598 257 510 239 1265 131 274 58 176 456 257 67 336 710
internal_value=0.0016665 -0.839375 1.71976 0.020557 2.00452 1.20127 1.10414 2.12046 -0.172795 2.15529 0.963257 -0.26409 0.42703 -0.143171
internal_weight=10800 7251 3549 1785 2289 1260 1129 1779 1210 1721 855 1034 575 777
internal_count=10800 7251 3549 1785 2289 1260 1129 1779 1210 1721 855 1034 575 777
is_linear=0
shrinkage=0.05


Tree=27
num_leaves=15
num_cat=0
split_feature=65 65 65 26 26 64 26 48 0 2 36 53 33 48
split_gain=5.63558e+06 632247 188315 49461.5 37871.2 35739 24171.4 23284.7 20334.7 19899.8 15964.9 15581.5 14587.3 13537.6
threshold=163.36260400000003 63.145266500000005 233.25313400000002 22.162500000000005 22.162500000000005 225.63727100000003 24.312500000000004 16.375000000000004 273.04091050000005 204.75732950000003 19.607031250000002 -0.16280825711808986 18.921875000000004 12.375000000000002
decision_type=2 2 2 2 2 2 2 2 2 2 2 2 2 2
left_child=1 -1 5 12 -4 6 10 8 -6 13 -2 -12 -3 -5
right_child=2 3 4 9 7 -7 -8 -9 -10 -11 11 -13 -14 -15
leaf_value=-1.0619924842996402 0.17799903746099999 -0.60450095188711339 1.494786392623543 0.56133590016217361 1.9472883317013121 1.8730140748440018 1.3668066623011186 1.0226809790057521 2.3740258413999888 1.1185622719811723 1.1195172471142887 0.59351124287071366 -0.11678893071440165 0.094341640493058307
leaf_weight=5488 75 190 467 225 1375 148 381 61 386 70 444 212 781 497
leaf_count=5488 75 190 467 225 1375 148 381 61 386 70 444 212 781 497
internal_value=0.00163965 -0.797408 1.63395 0.0263454 1.90445 1.14142 1.04245 2.00857 2.04212 0.319372 0.871764 0.95069 -0.212745 0.240448
internal_weight=10800 7251 3549 1763 2289 1260 1112 1822 1761 792 731 656 971 722
internal_count=10800 7251 3549 1763 2289 1260 1112 1822 1761 792 731 656 971 722
is_linear=0
shrinkage=0.05


Tree=28
num_leaves=15
num_cat=0
split_feature=65 65 65 2 26 0 48 36 13 26 9 35 16 26
split_gain=5.08712e+06 531188 200524 41407 38217.2 37475.6 24714.3 23899.4 20978.8 18741.1 17205.5 15157.3 12302.8 12037.1
threshold=149.900586 42.523274000000008 225.72088050000005 139.45816650000003 26.175000000000001 186.28586400000003 11.375000000000002 22.610416666666669 1.3507304316855901 28.362500000000004 147.76123150000004 19.361458333333335 288.39755700000006 27.012500000000003
decision_type=2 2 2 2 2 2 2 2 2 2 2 2 2 2
left_child=1 -1 5 7 6 8 11 -3 -2 -7 -10 -4 -6 -5
right_child=2 3 4 13 12 9 -8 -9 10 -11 -12 -13 -14 -15
leaf_value=-1.0110634012677584 -0.4389111049473286 -0.36538507809567128 1.4088621576627096 0.27779802816051125 1.9743381082896709 1.0979357655981237 1.391699395768274 0.067681682156257347 1.1493771043343421 1.753167208565606 0.46774889476438786 1.9280590121617576 2.5522509739418662 0.90393107377066473
leaf_weight=5466 41 617 197 327 777 675 633 657 155 134 234 667 120 100
leaf_count=5466 41 617 197 327 777 675 633 657 155 134 234 667 120 100
internal_value=0.00161304 -0.770974 1.52553 0.000670599 1.79294 1.0078 1.635 -0.142175 0.628282 1.2085 0.7416 1.81144 2.05441 0.426203
internal_weight=10800 7167 3633 1701 2394 1239 1497 1274 430 809 389 864 897 427
internal_count=10800 7167 3633 1701 2394 1239 1497 1274 430 809 389 864 897 427
is_linear=0
shrinkage=0.05


Tree=29
num_leaves=15
num_cat=0
split_feature=65 65 65 2 64 26 36 26 48 20 53 0 48 31
split_gain=4.5923e+06 524238 148338 47638 40217.6 33940.2 29512.2 18963.9 16700.9 16991.9 14863.6 12421.1 13553 11941.5
threshold=165.37225500000002 42.523274000000008 236.90132750000004 157.78331700000004 230.67651000000004 22.487500000000004 23.64283854166667 26.262500000000003 16.375000000000004 297.46106850000007 -0.16280825711808986 93.500520500000007 12.375000000000002 18.112500000000004
decision_type=2 2 2 2 2 2 2 2 2 2 2 2 2 2
left_child=1 -1 4 6 7 13 11 10 9 -7 -2 -3 -13 -4
right_child=2 3 5 -5 -6 8 -8 -9 -10 -11 -12 12 -14 -15
leaf_value=-0.960519422332613 0.96603794843856827 -0.44871106971656122 0.91503815710051983 0.53943909404783685 1.750565316754839 1.8323565149396714 0.22063665528078269 1.3192222755194596 0.87274204999842542 2.7031562805175784 0.50660673964709513 0.30125455059981965 -0.25814046248334321 1.5028373149194216
leaf_weight=5466 621 464 120 356 183 1598 469 268 46 62 251 153 364 379
leaf_count=5466 621 464 120 356 183 1598 469 268 46 62 251 153 364 379
internal_value=0.00159332 -0.716535 1.4816 0.0220256 1.06157 1.73303 -0.105293 0.949528 1.84022 1.86649 0.834525 -0.26118 -0.0923322 1.3636
internal_weight=10800 7272 3528 1806 1323 2205 1450 1140 1706 1660 872 981 517 499
internal_count=10800 7272 3528 1806 1323 2205 1450 1140 1706 1660 872 981 517 499
is_linear=0
shrinkage=0.05


Tree=30
num_leaves=15
num_cat=0
split_feature=65 65 65 0 26 53 16 9 26 27 36 12 48 2
split_gain=4.14583e+06 416331 175361 36673.1 34643.3 34187.7 32198.4 20422 16133 14866.4 14661.2 14442.8 11837.8 13302.9
threshold=146.31315450000002 42.523274000000008 225.72088050000005 186.28586400000003 23.062500000000004 -0.44228869021900119 269.78556100000009 140.82800200000005 28.362500000000004 18.425000000000001 20.073437500000004 170.91090300000005 6.6250000000000009 150.41026150000002
decision_type=2 2 2 2 2 2 2 2 2 2 2 2 2 2
left_child=1 -1 3 7 10 6 9 -2 -5 -4 -3 -9 -12 -14
right_child=2 4 5 8 -6 -7 -8 11 -10 -11 12 -13 13 -15
leaf_value=-0.91250230559967815 0.97533514088108442 -0.5485410643438694 0.63843281901612581 0.99221575500756287 0.32770785322971641 0.7787858579182575 1.9247753983256464 -0.27817897281373843 1.5990328944170917 1.5511391351695876 0.56096843963961551 0.49919030810251486 -0.21667525738150523 0.30670270699089114
leaf_weight=5466 167 202 48 684 524 118 782 82 134 1446 66 214 722 145
leaf_count=5466 167 202 48 684 524 118 782 82 134 1446 66 214 722 145
internal_value=0.00156807 -0.701972 1.36539 0.892068 -0.00819274 1.61819 1.66134 0.534684 1.09345 1.52226 -0.163421 0.283626 -0.0795425 -0.128891
internal_weight=10800 7125 3675 1281 1659 2394 2276 463 818 1494 1135 296 933 867
internal_count=10800 7125 3675 1281 1659 2394 2276 463 818 1494 1135 296 933 867
is_linear=0
shrinkage=0.05


Tree=31
num_leaves=15
num_cat=0
split_feature=65 65 65 26 64 26 36 36 26 2 26 53 48 48
split_gain=3.74257e+06 426857 121098 38914.1 34434.1 29008.2 18955.6 16962.6 15116.6 15011.3 12289.7 12232.3 11814.8 11184.2
threshold=165.37225500000002 63.145266500000005 236.90132750000004 23.062500000000004 225.63727100000003 22.487500000000004 19.691927083333336 20.338411458333336 30.012500000000003 209.93465650000005 28.725000000000005 -0.16280825711808986 19.375000000000004 16.375000000000004
decision_type=2 2 2 2 2 2 2 2 2 2 2 2 2 2
left_child=1 -1 4 7 6 -4 -2 -3 13 -5 11 -8 -9 -7
right_child=2 3 5 9 -6 8 10 12 -10 -11 -12 -13 -14 -15
leaf_value=-0.86514291411042121 0.10298653581168181 -0.4813133331412443 1.2235315018177033 0.26883878350029938 1.5461683721338968 1.6387310128479511 0.96099148983888572 0.11539737031822628 2.1631411168220884 1.0758930354851943 1.4612414743589319 0.55623484899839593 -0.24753841160025752 0.81126319357882393
leaf_weight=5488 80 276 499 522 210 1514 677 540 147 64 91 265 382 45
leaf_count=5488 80 276 499 522 210 1514 677 540 147 64 91 265 382 45
internal_value=0.00152762 -0.646767 1.33761 0.0251175 0.958103 1.56478 0.845859 -0.138199 1.66382 0.358664 0.903235 0.847837 -0.0350783 1.61538
internal_weight=10800 7272 3528 1784 1323 2205 1113 1198 1706 586 1033 942 922 1559
internal_count=10800 7272 3528 1784 1323 2205 1113 1198 1706 586 1033 942 922 1559
is_linear=0
shrinkage=0.05


Tree=32
num_leaves=15
num_cat=0
split_feature=65 65 65 36 36 53 36 0 0 16 48 2 20 26
split_gain=3.37923e+06 338957 142170 31006.3 30280.5 28653.1 28534.9 18605.6 15478 14613.8 13164.8 11498.3 11493.6 10437
threshold=146.31315450000002 42.523274000000008 225.72088050000005 23.024739583333339 24.062760416666674 -0.44228869021900119 22.907812500000002 174.70384700000002 91.790928500000021 249.26160750000003 19.375000000000004 289.58042400000005 297.46106850000007 26.937500000000004
decision_type=2 2 2 2 2 2 2 2 2 2 2 2 2 2
left_child=1 -1 3 7 8 6 9 -2 -3 -4 -10 -5 -8 -6
right_child=2 4 5 11 13 -7 12 -9 10 -11 -12 -13 -14 -15
leaf_value=-0.82363630800332666 0.23652647447011008 -0.375589179369892 1.1100083098059794 1.0140832258493044 0.15616687392923928 0.69228393127124355 1.6419997641116897 0.77360553986655811 0.19809107043753357 1.4758985912661822 -0.23818430996283235 1.8905234790983656 2.3710733837551543 0.64056854859671819
leaf_weight=5466 251 456 487 533 344 118 1037 456 378 690 317 41 62 164
leaf_count=5466 251 456 487 533 344 118 1037 456 378 690 317 41 62 164
internal_value=0.00149906 -0.633674 1.23279 0.806603 -0.00767408 1.46041 1.49991 0.583534 -0.149575 1.32558 -0.000957033 1.07987 1.68525 0.3135
internal_weight=10800 7125 3675 1281 1659 2394 2276 707 1151 1177 695 574 1099 508
internal_count=10800 7125 3675 1281 1659 2394 2276 707 1151 1177 695 574 1099 508
is_linear=0
shrinkage=0.05


Tree=33
num_leaves=15
num_cat=0
split_feature=65 65 65 2 64 26 36 14 0 52 0 48 36 2
split_gain=3.05236e+06 346878 98366.4 34355.8 29105 25038.9 20468.5 15302.7 14381.2 14022.3 13411.9 12648 12339.7 10242.8
threshold=165.37225500000002 42.523274000000008 236.90132750000004 149.12810850000002 236.85653950000003 21.487500000000004 20.649218750000006 265.73735812500007 273.04091050000005 -0.8814490726585632 125.89937800000001 6.6250000000000009 18.666666666666668 214.30479900000003
decision_type=2 2 2 2 2 2 2 2 2 2 2 2 2 2
left_child=1 -1 4 6 7 -4 -3 12 -7 -8 11 -11 -2 -5
right_child=2 3 5 13 -6 8 9 -9 -10 10 -12 -13 -14 -15
leaf_value=-0.78246199707455499 -0.14200543353245373 -0.44583562493584711 0.98819122877707377 0.31844787101462402 1.5197156258319555 1.408960510252377 -0.57156285072366397 1.2175934313866446 1.7614879012417484 0.63448917847126729 0.48833767440770903 -0.077432818841016687 0.74057950827569585 1.0434219194085974
leaf_weight=5466 41 328 308 351 151 1513 95 172 384 67 154 755 959 56
leaf_count=5466 41 328 308 351 151 1513 95 172 384 67 154 755 959 56
internal_value=0.00147395 -0.583996 1.20808 0.0167776 0.866037 1.41282 -0.100894 0.780593 1.48121 0.00506377 0.0617179 -0.0187047 0.704288 0.420512
internal_weight=10800 7272 3528 1806 1323 2205 1399 1172 1897 1071 976 822 1000 407
internal_count=10800 7272 3528 1806 1323 2205 1399 1172 1897 1071 976 822 1000 407
is_linear=0
shrinkage=0.05


Tree=34
num_leaves=15
num_cat=0
split_feature=65 65 64 0 2 36 53 26 17 48 21 65 12 48
split_gain=2.75508e+06 313213 89940 38179.1 30557.9 20079.1 17680.1 13221.9 12252.2 10482.1 9726.73 9213.46 9175.5 13521.1
threshold=165.37225500000002 63.145266500000005 238.50712750000002 214.99514700000003 157.78331700000004 23.64283854166667 -0.98611507088852035 27.012500000000003 61.075702236085867 16.375000000000004 57.441257328174451 24.000000000000004 95.430012500000018 12.375000000000002
decision_type=2 2 2 2 2 2 2 2 2 2 2 2 2 2
left_child=1 11 3 8 5 12 -5 10 -2 -8 -4 -1 -3 -14
right_child=2 4 7 6 -6 -7 9 -9 -10 -11 -12 -13 13 -15
leaf_value=-0.76860933234829121 0.59231922787513913 -0.41522965927568961 1.1029037427094024 0.69537688216992788 0.43451887491349583 0.18605712035483818 1.3822348407372802 1.6031013944909251 1.1495445948061735 0.98211551626641169 1.4196160791252062 -0.58197005873383523 0.28073557023132267 -0.24266924788702271
leaf_weight=4698 770 354 412 195 356 467 470 598 114 273 696 790 171 436
leaf_count=4698 770 354 412 195 356 467 470 598 114 273 696 790 171 436
internal_value=0.00143776 -0.554792 1.14778 0.902524 0.0207459 -0.0826394 1.12505 1.40904 0.665396 1.23674 1.30295 -0.741853 -0.213271 -0.0949999
internal_weight=10800 7272 3528 1822 1784 1428 938 1706 884 743 1108 5488 961 607
internal_count=10800 7272 3528 1822 1784 1428 938 1706 884 743 1108 5488 961 607
is_linear=0
shrinkage=0.05


Tree=35
num_leaves=15
num_cat=0
split_feature=65 65 64 0 2 36 53 53 35 26 2 0 48 21
split_gain=2.48687e+06 283082 81264.7 35427.1 29792.2 18097.2 16313 11899.9 12010.7 11421.9 9830.53 9416.83 9082 8915.78
threshold=165.37225500000002 28.000000000000004 240.49638400000001 213.80468900000002 171.80616150000003 23.64283854166667 -0.98611507088852035 -0.16280825711808986 17.664583333333336 27.012500000000003 198.84269600000002 93.500520500000007 12.375000000000002 57.441257328174451
decision_type=2 2 2 2 2 2 2 2 2 2 2 2 2 2
left_child=1 -1 3 7 5 11 -5 8 -2 13 -9 -3 -13 -4
right_child=2 4 9 6 -6 -7 -8 10 -10 -11 -12 12 -14 -15
leaf_value=-0.71057556098685237 0.16396811757236721 -0.3570554198278208 1.0496586234789536 0.65878674410210525 0.4828255019668638 0.15843270926603251 1.1663278012596701 -0.083736994676291948 0.82641090204007916 1.5257589792119715 0.57333339529716409 0.26895962242375721 -0.18082800675206032 1.3577291192043397
leaf_weight=5402 79 498 400 203 275 531 803 91 539 592 150 153 413 671
leaf_count=5402 79 498 400 203 275 531 803 91 539 592 150 153 413 671
internal_value=0.00140206 -0.52706 1.09052 0.863006 0.0031707 -0.0797791 1.06467 0.625871 0.742131 1.345 0.325907 -0.198698 -0.0589824 1.24376
internal_weight=10800 7272 3528 1865 1870 1595 1006 859 618 1663 241 1064 566 1071
internal_count=10800 7272 3528 1865 1870 1595 1006 859 618 1663 241 1064 566 1071
is_linear=0
shrinkage=0.05


Tree=36
num_leaves=15
num_cat=0
split_feature=65 65 64 0 26 8 36 53 27 2 31 26 48 2
split_gain=2.24471e+06 255543 73350.9 32111.5 26292.6 15781.3 11887.4 10993.8 11416 10721.3 10405.7 10381.9 9693.88 9673.3
threshold=165.37225500000002 63.145266500000005 240.49638400000001 219.21948700000004 23.062500000000004 205.09734450000002 20.338411458333336 -0.16280825711808986 18.425000000000001 213.68872050000002 21.112500000000004 28.012500000000003 6.6250000000000009 198.84269600000002
decision_type=2 2 2 2 2 2 2 2 2 2 2 2 2 2
left_child=1 -1 3 7 6 10 -3 8 -2 -6 -5 -4 -8 -9
right_child=2 4 11 5 9 -7 12 13 -10 -11 -12 -13 -14 -15
leaf_value=-0.66967404090026883 0.22597079388066832 -0.40232682556371185 1.2035297105488076 1.0478165413573062 0.22344081116721204 0.80273795854607055 0.54587291010162409 -0.079595655237284055 0.80444037284804137 0.95193624379379416 1.5401070186070034 1.502304662378823 -0.074382925021574217 0.55771481812610257
leaf_weight=5488 101 276 1254 322 531 424 67 91 583 55 174 409 855 170
leaf_count=5488 101 276 1254 322 531 424 67 91 583 55 174 409 855 170
internal_value=0.00136391 -0.500709 1.0361 0.819944 0.0191496 1.03054 -0.115093 0.614047 0.719478 0.29332 1.22327 1.27787 -0.0287675 0.336055
internal_weight=10800 7272 3528 1865 1784 920 1198 945 684 586 496 1663 922 261
internal_count=10800 7272 3528 1865 1784 920 1198 945 684 586 496 1663 922 261
is_linear=0
shrinkage=0.05


Tree=37
num_leaves=15
num_cat=0
split_feature=65 65 65 22 31 2 48 48 33 26 64 12 17 35
split_gain=2.02713e+06 199826 88683.5 27954.6 19535.2 19520.1 17271.3 14889.5 14862.9 12443.5 11238.9 10486.6 10051.2 9113.4
threshold=144.38797600000004 28.000000000000004 236.90132750000004 140.47510308854169 18.862500000000004 139.45816650000003 18.375000000000004 12.375000000000002 20.818750000000005 30.012500000000003 258.65802250000007 98.500433000000015 19.333335973937228 21.679166666666671
decision_type=2 2 2 2 2 2 2 2 2 2 2 2 2 2
left_child=1 -1 3 6 -4 7 11 8 -3 12 -5 -2 -6 -9
right_child=2 5 4 10 9 -7 -8 13 -10 -11 -12 -13 -14 -15
leaf_value=-0.64157584134062517 -0.078910614241813795 -0.18939870650442753 0.74634732370640133 0.88542728051144826 0.85486925451220874 0.28627278943901213 -0.11809659275894213 -0.5892558125836892 0.3156217217127808 1.6581496847642434 1.6353453683853152 0.61900938373378056 1.2163981008787568 -0.16758678438480756
leaf_weight=5402 57 278 267 373 232 397 98 166 304 147 59 904 1559 557
leaf_count=5402 57 278 267 373 232 397 98 166 304 147 59 904 1559 557
internal_value=0.00133358 -0.492751 0.950879 0.652283 1.1524 -0.0202937 0.513146 -0.113703 0.0744809 1.20793 0.991387 0.577575 1.17007 -0.265082
internal_weight=10800 7104 3696 1491 2205 1702 1059 1305 582 1938 432 961 1791 723
internal_count=10800 7104 3696 1491 2205 1702 1059 1305 582 1938 432 961 1791 723
is_linear=0
shrinkage=0.05


Tree=38
num_leaves=15
num_cat=0
split_feature=65 65 65 22 26 36 48 26 36 0 64 48 48 48
split_gain=1.82977e+06 180340 80037.8 25259.2 18430.2 17848.7 15591.5 10954.5 10305.2 10180.4 10179.6 9583.34 8911.14 8866.54
threshold=144.38797600000004 28.000000000000004 236.90132750000004 140.47510308854169 21.487500000000004 24.062760416666674 18.375000000000004 30.012500000000003 18.666666666666668 83.726617000000019 258.65802250000007 19.375000000000004 6.6250000000000009 16.375000000000004
decision_type=2 2 2 2 2 2 2 2 2 2 2 2 2 2
left_child=1 -1 3 6 -4 9 8 13 -2 12 -5 -11 -3 -6
right_child=2 5 4 10 7 -7 -8 -9 -10 11 -12 -13 -14 -15
leaf_value=-0.60950298168119543 -0.22223779991978693 0.25284063333162554 0.73165973862904377 0.84127429006173016 1.1372530612302094 0.22156666745203282 -0.11225140828549901 1.5758023858070374 0.5832859222537532 0.14039350497795972 1.5549408841133119 -0.20521600296314901 -0.4433793810324278 0.47430726457725875
leaf_weight=5402 41 53 308 373 1696 529 98 147 920 412 59 389 319 54
leaf_count=5402 41 53 308 373 1696 529 98 147 920 412 59 389 319 54
internal_value=0.00129668 -0.46812 0.903435 0.619767 1.09488 -0.0192891 0.487509 1.15344 0.548724 -0.128007 0.942109 -0.0274959 -0.343775 1.11708
internal_weight=10800 7104 3696 1491 2205 1702 1059 1897 961 1173 432 801 372 1750
internal_count=10800 7104 3696 1491 2205 1702 1059 1897 961 1173 432 801 372 1750
is_linear=0
shrinkage=0.05


Tree=39
num_leaves=15
num_cat=0
split_feature=65 65 64 0 2 48 33 53 17 53 26 25 12 30
split_gain=1.65246e+06 187905 55124.8 25372 22532.9 14590.4 16208.5 12990.4 9259.23 9000.93 9323.48 8838.66 8250.91 7509.52
threshold=165.37225500000002 28.000000000000004 240.49638400000001 213.80468900000002 149.12810850000002 12.375000000000002 20.818750000000005 -0.98611507088852035 20.573642240069507 -0.16280825711808986 17.525000000000002 104.26753963852599 269.23887350000007 19.512500000000003
decision_type=2 2 2 2 2 2 2 2 2 2 2 2 2 2
left_child=1 -1 3 9 5 6 8 12 -3 10 -2 -4 -5 -7
right_child=2 4 11 7 -6 13 -8 -9 -10 -11 -12 -13 -14 -15
leaf_value=-0.57903348247408759 -0.097277030679914694 -0.41106131448706784 0.98087892464310045 0.17492980362505328 0.33107372003301583 -0.69231513338752948 0.32724252913839524 0.9629089060197793 0.14695175078863551 0.24051372710680821 0.6558378647863865 1.2174986186970784 0.81394450418024433 -0.17892205084186524
leaf_weight=5402 44 175 840 97 407 78 338 803 128 241 574 823 106 744
leaf_count=5402 44 175 840 97 407 78 338 803 128 241 574 823 106 744
internal_value=0.00125925 -0.429518 0.889058 0.701687 0.00247646 -0.0891015 0.0896343 0.872308 -0.175625 0.501086 0.602148 1.09864 0.510957 -0.22842
internal_weight=10800 7272 3528 1865 1870 1463 641 1006 303 859 618 1663 203 822
internal_count=10800 7272 3528 1865 1870 1463 641 1006 303 859 618 1663 203 822
is_linear=0
shrinkage=0.05


Tree=40
num_leaves=15
num_cat=0
split_feature=0 65 65 48 14 64 16 26 48 18 9 31 2 65
split_gain=1.49201e+06 175387 46686.9 19132.2 26515.3 17906.7 15442 13483.7 12471.3 11418.5 10095.5 7966.11 7478.82 7451.37
threshold=165.96690300000003 63.145266500000005 238.56276000000005 12.375000000000002 34.965333750000006 238.50712750000002 270.47923350000002 28.725000000000005 6.6250000000000009 105.07937229166667 135.91308600000005 18.862500000000004 169.70252950000005 24.000000000000004
decision_type=2 2 2 2 2 2 2 2 2 2 2 2 2 2
left_child=1 13 5 4 8 7 11 -2 -3 -5 -6 -4 -11 -1
right_child=2 3 6 9 10 -7 -8 -9 -10 12 -12 -13 -14 -15
leaf_value=-0.56970309677416275 0.48464450877603255 0.4047435986286983 0.63177187343022823 -0.70735900608392865 0.53586721936519965 1.1005414035741021 1.1902773253482672 1.003616007583009 -0.30106410065982142 -0.13795312395397547 -0.11273816644876514 0.95412555911592145 0.25406379070611568 -0.40250678711986421
leaf_weight=4698 1025 81 238 77 406 169 706 143 264 785 70 1205 143 790
leaf_count=4698 1025 81 238 77 406 169 706 143 264 785 70 1205 143 790
internal_value=0.00121432 -0.404503 0.852324 0.0199675 0.198906 0.619475 0.996835 0.548987 -0.134662 -0.126262 0.440448 0.901433 -0.0773369 -0.545713
internal_weight=10800 7314 3486 1826 821 1337 2149 1168 345 1005 476 1443 928 5488
internal_count=10800 7314 3486 1826 821 1337 2149 1168 345 1005 476 1443 928 5488
is_linear=0
shrinkage=0.05


Tree=41
num_leaves=15
num_cat=0
split_feature=65 65 0 24 64 53 0 64 17 26 9 8 36 32
split_gain=1.34823e+06 152655 45414.4 20058.4 19837.3 13244.5 11353.1 10771 10460.7 10296.6 10135.1 6002.45 5842.69 7653
threshold=165.37225500000002 28.000000000000004 248.81352550000003 274.28284400000007 223.02456650000002 -0.98611507088852035 294.76548300000007 129.48928850000001 61.075702236085867 20.712500000000002 232.32850950000002 24.000000000000004 20.338411458333336 22.487500000000004
decision_type=2 2 2 2 2 2 2 2 2 2 2 2 2 2
left_child=1 -1 4 12 8 -4 -7 -5 9 -2 -6 -10 13 -3
right_child=2 3 5 7 10 6 -8 -9 11 -11 -12 -13 -14 -15
leaf_value=-0.52269653530004356 0.18836642404027232 -0.2231339408995377 0.49749597928750877 0.016292495988275226 1.0613388093078837 0.99077408438263825 1.6090502944993386 0.38729825932730705 1.3872608122618304 0.54409909034651605 0.64173255963607945 0.66996062063882433 -0.064263168191812242 -0.95824934211446022
leaf_weight=5402 280 269 133 408 305 1550 80 375 45 757 286 92 778 40
leaf_count=5402 280 269 133 408 305 1550 80 375 45 757 286 92 778 40
internal_value=0.00117364 -0.387933 0.803093 0.00143901 0.623117 0.982816 1.02209 0.194245 0.503386 0.448322 0.859708 0.913915 -0.137496 -0.321079
internal_weight=10800 7272 3528 1870 1765 1763 1630 783 1174 1037 591 137 1087 309
internal_count=10800 7272 3528 1870 1765 1763 1630 783 1174 1037 591 137 1087 309
is_linear=0
shrinkage=0.05


Tree=42
num_leaves=15
num_cat=0
split_feature=65 65 0 17 26 17 33 26 48 16 48 0 33 48
split_gain=1.21834e+06 91442.6 79261.1 24840.1 17761.2 19562.2 12031.3 9879.8 8114.15 7897.31 7694.28 8305.64 6964.96 7778.9
threshold=128.36177500000005 28.000000000000004 207.47661800000003 44.716907642293599 28.362500000000004 23.375945327294719 18.940625000000004 20.637500000000003 18.375000000000004 291.91166700000002 6.6250000000000009 86.97779300000002 28.815625000000004 12.375000000000002
decision_type=2 2 2 2 2 2 2 2 2 2 2 2 2 2
left_child=1 -1 3 7 5 -4 -3 -2 -9 -6 -8 -12 13 -13
right_child=2 6 4 -5 9 -7 10 8 -10 -11 11 12 -14 -15
leaf_value=-0.4965665476423225 0.010302686459221954 -0.45407109567724124 0.56874660276090927 0.74565668647180272 0.99649285196602999 0.89603710941090964 0.59769017584621909 0.46761770438503031 0.074127874267540625 1.4463976482846845 -0.27373821366635437 0.24823429270857766 0.55661207250049038 -0.079549969042053637
leaf_weight=5402 302 162 694 338 454 1380 51 464 183 133 260 247 61 669
leaf_count=5402 302 162 694 338 454 1380 51 464 183 133 260 247 61 669
internal_value=0.00114377 -0.401949 0.700661 0.378091 0.856472 0.786846 -0.0493493 0.24653 0.356608 1.10072 0.00186795 -0.02316 0.0437358 0.00901159
internal_weight=10800 6852 3948 1287 2661 2074 1450 949 647 587 1288 1237 977 916
internal_count=10800 6852 3948 1287 2661 2074 1450 949 647 587 1288 1237 977 916
is_linear=0
shrinkage=0.05


Tree=43
num_leaves=15
num_cat=0
split_feature=0 65 48 0 65 2 17 0 36 53 21 48 64 3
split_gain=1.10079e+06 110914 46709.6 19574.6 16207.2 11812.3 10150.1 10044.2 9914.91 9267.19 8708.91 7625.24 7669.29 7228.82
threshold=145.79191850000004 63.145266500000005 17.375000000000004 256.80026200000003 172.05135050000004 209.93465650000005 23.375945327294719 302.79461750000002 20.338411458333336 -0.98611507088852035 54.72104627017881 6.6250000000000009 200.46031700000003 274.61923400000006
decision_type=2 2 2 2 2 2 2 2 2 2 2 2 2 2
left_child=1 -1 3 6 8 -4 13 9 -3 -5 -8 -10 -13 -2
right_child=2 4 5 7 -6 -7 10 -9 11 -11 -12 12 -14 -15
leaf_value=-0.46814006921066831 0.43820015406682461 -0.31590514360139249 0.10399957943718566 0.4519951375467437 0.45794643309227256 0.56839514470386721 0.56306766367412298 1.6850788615470709 0.51542623297444412 0.93460341672126102 0.86448634895536325 -0.099234436272070056 0.19832857256270436 1.0210937508443994
leaf_weight=5487 531 291 342 111 171 228 380 42 69 1268 693 837 291 59
leaf_count=5487 531 291 342 111 171 228 380 42 69 1268 693 837 291 59
internal_value=0.00111114 -0.359843 0.706922 0.783781 -0.00159289 0.290428 0.666388 0.9206 -0.0546749 0.896112 0.758363 0.00904284 -0.0223618 0.498119
internal_weight=10800 7146 3654 3084 1659 570 1663 1421 1488 1379 1073 1197 1128 590
internal_count=10800 7146 3654 3084 1659 570 1663 1421 1488 1379 1073 1197 1128 590
is_linear=0
shrinkage=0.05


Tree=44
num_leaves=15
num_cat=0
split_feature=0 65 64 48 22 2 26 18 65 53 36 2 26 26
split_gain=993642 120423 30642 18441.1 16654.1 13975.8 10164.3 10025.4 9395.35 8085.38 7063.84 7004.92 6686.33 6665.29
threshold=169.72636300000002 81.492148500000013 240.49638400000001 12.375000000000002 105.48478607812503 96.111209500000015 28.725000000000005 103.61127402083335 24.000000000000004 -0.99465189230620676 22.733854166666671 171.80616150000003 20.812500000000004 27.012500000000003
decision_type=2 2 2 2 2 2 2 2 2 2 2 2 2 2
left_child=1 8 4 5 9 12 -6 -5 -1 -2 -11 -9 -3 -4
right_child=2 3 13 7 6 -7 -8 11 -10 10 -12 -13 -14 -15
leaf_value=-0.46686968463460143 0.15688376654969885 -0.072586452129451681 0.77992547004302937 -0.79245489406585701 0.40315565629358496 0.52144575380917757 0.83378572000921525 -0.12768871837163615 -0.29503464361324311 0.70699905374096439 1.1149448913197186 0.24467916755054736 0.31332872148161223 0.99338282037645742
leaf_weight=4698 46 306 1071 49 1099 263 157 747 966 308 171 151 176 592
leaf_count=4698 46 306 1071 49 1099 263 157 747 966 308 171 151 176 592
internal_value=0.00108761 -0.327066 0.701879 0.0430562 0.557136 0.229004 0.457605 -0.103315 -0.43762 0.793929 0.854653 -0.064872 0.0686856 0.856464
internal_weight=10800 7356 3444 1692 1781 745 1256 947 5664 525 479 898 482 1663
internal_count=10800 7356 3444 1692 1781 745 1256 947 5664 525 479 898 482 1663
is_linear=0
shrinkage=0.05


Tree=45
num_leaves=15
num_cat=0
split_feature=65 65 0 64 48 26 33 48 10 2 36 26 16 9
split_gain=897684 67293.6 59006.1 19419.6 12826.9 12100.2 9948.66 9530.29 6671.66 6411.62 6349.86 6018.19 5735.37 5628.74
threshold=128.36177500000005 28.000000000000004 188.27934300000004 243.97296700000004 8.8750000000000018 28.987500000000004 18.940625000000004 11.375000000000002 94.44537625000001 98.602626500000014 25.847656250000004 22.062500000000004 288.39755700000006 232.32850950000002
decision_type=2 2 2 2 2 2 2 2 2 2 2 2 2 2
left_child=1 -1 4 5 9 7 -3 -4 -6 -2 -8 -9 13 -5
right_child=2 6 3 12 8 -7 10 11 -10 -11 -12 -13 -14 -15
leaf_value=-0.42612049108784489 0.27750991406747039 -0.41050362396982437 0.73545746908075627 1.0394722234937881 -0.54462132664715379 0.94337649195633755 -0.02788814561117807 0.16385733320950024 0.12069340298905554 0.73849657008466418 0.38886004501972538 0.49557329829847419 1.2784949352060047 0.7617749736693189
leaf_weight=5402 179 162 384 224 40 197 1190 165 466 132 98 835 69 1257
leaf_count=5402 179 162 384 224 40 197 1190 165 466 132 98 835 69 1257
internal_value=0.00105319 -0.344952 0.601503 0.700232 0.222746 0.576131 -0.042474 0.523214 0.0671289 0.47491 0.00409803 0.441059 0.826363 0.80445
internal_weight=10800 6852 3948 3131 817 1581 1450 1384 506 311 1288 1000 1550 1481
internal_count=10800 6852 3948 3131 817 1581 1450 1384 506 311 1288 1000 1550 1481
is_linear=0
shrinkage=0.05


Tree=46
num_leaves=15
num_cat=0
split_feature=0 65 48 0 48 17 14 26 26 40 18 48 65 9
split_gain=811352 81679.6 35595.7 15826.7 14554.6 12762.5 10862.4 9955.29 8611.73 8485.4 8239.01 7560.62 7554.11 7333.02
threshold=145.79191850000004 80.564241500000009 17.375000000000004 269.30760800000007 12.375000000000002 23.375945327294719 34.965333750000006 26.762500000000003 20.637500000000003 72.875000000000014 107.8865919791667 6.6250000000000009 24.000000000000004 139.175487
decision_type=2 2 2 2 2 2 2 2 2 2 2 2 2 2
left_child=1 12 3 5 6 9 11 -4 -7 -2 -6 -3 -1 -8
right_child=2 4 7 -5 10 8 13 -9 -10 -11 -12 -13 -14 -15
leaf_value=-0.42222968093586322 0.55960058739253049 0.34778075739977105 0.12636266861990983 0.88123284036983984 -0.70064773744550246 0.423152431123065 0.40840686722568798 0.61692904258037318 0.74438263344236288 0.20808589290283941 -0.081985212159850274 -0.23340698238171173 -0.26631239820152841 -0.28184875717256652
leaf_weight=4698 531 78 435 714 57 253 388 135 1330 256 753 191 939 42
leaf_count=4698 531 78 435 714 57 253 388 135 1330 256 753 191 939 42
internal_value=0.00102616 -0.308862 0.606982 0.674075 0.0178522 0.61132 0.184873 0.243426 0.693342 0.445667 -0.126331 -0.0642202 -0.396309 0.340489
internal_weight=10800 7146 3654 3084 1509 2370 699 570 1583 787 810 269 5637 430
internal_count=10800 7146 3654 3084 1509 2370 699 570 1583 787 810 269 5637 430
is_linear=0
shrinkage=0.05


Tree=47
num_leaves=15
num_cat=0
split_feature=0 65 0 48 2 17 26 0 18 65 65 53 26 17
split_gain=733126 90221.6 22842.7 14695.4 11046.4 10379.5 11353.7 8866.89 8114.61 8022.13 7892.92 7834.44 5553.19 5882.07
threshold=172.05135050000004 84.179539500000018 252.73851850000003 12.375000000000002 96.111209500000015 68.59179836405535 26.112500000000004 302.79461750000002 101.06491489583333 24.000000000000004 245.05360500000003 -0.98611507088852035 20.937500000000004 22.31062338797727
decision_type=2 2 2 2 2 2 2 2 2 2 2 2 2 2
left_child=1 9 5 4 12 6 -2 11 -5 -1 -8 -4 13 -3
right_child=2 3 7 8 -6 -7 10 -9 -10 -11 -12 -13 -14 -15
leaf_value=-0.4011226853555151 0.36340128014425699 -0.29765397823159251 0.33869176978866261 -0.7402260543240442 0.4803008347925018 0.78514055595224208 0.5396860581042805 1.4590471650278847 -0.051781625681770874 -0.24669722760094392 1.0869151994746218 0.7551547693680436 0.30326340472527658 0.14414580521855436
leaf_weight=4698 1223 137 125 44 254 246 245 42 882 1032 92 1450 165 165
leaf_count=4698 1223 137 125 44 254 246 245 42 882 1032 92 1450 165 165
internal_value=0.000985635 -0.279625 0.605643 0.0465031 0.21561 0.482888 0.434753 0.742363 -0.0852571 -0.373358 0.691852 0.722338 0.0709267 -0.0565942
internal_weight=10800 7377 3423 1647 721 1806 1560 1617 926 5730 337 1575 467 302
internal_count=10800 7377 3423 1647 721 1806 1560 1617 926 5730 337 1575 467 302
is_linear=0
shrinkage=0.05


Tree=48
num_leaves=15
num_cat=0
split_feature=65 65 0 48 26 17 2 33 33 16 48 26 0 17
split_gain=662554 50374.1 43458.9 15778.5 11450.2 12745.4 10342.3 9819.41 8153.09 6197.94 5664.73 6640.16 6021.52 4695.69
threshold=129.48928850000001 28.000000000000004 207.47661800000003 8.8750000000000018 28.362500000000004 23.375945327294719 119.34476450000001 20.190625000000004 18.940625000000004 291.91166700000002 6.6250000000000009 26.237500000000004 127.79213400000002 1.0026559406380949e-06
decision_type=2 2 2 2 2 2 2 2 2 2 2 2 2 2
left_child=1 -1 3 6 5 -4 -2 -5 -3 -6 -10 13 -13 -12
right_child=2 8 4 7 9 -7 -8 -9 10 -11 11 12 -14 -15
leaf_value=-0.36568025418305738 0.32073942233210073 -0.36568511952477767 0.40219627779106137 -0.20147077951463174 0.73835397360089061 0.66615797499291995 0.79939651672061673 0.23066165604538497 0.51265740363665346 1.1337360314913649 -0.46056125470333636 -0.095491064855075913 0.41572056261698409 -0.041535255617465565
leaf_weight=5402 301 165 694 166 454 1378 182 619 52 133 71 93 149 941
leaf_count=5402 301 165 694 166 454 1378 182 619 52 133 71 93 149 941
internal_value=0.000957265 -0.295055 0.518978 0.277792 0.633846 0.577983 0.502382 0.139141 -0.0356234 0.829714 0.00632452 -0.0150635 0.219679 -0.071359
internal_weight=10800 6873 3927 1268 2659 2072 483 785 1471 587 1306 1254 242 1012
internal_count=10800 6873 3927 1268 2659 2072 483 785 1471 587 1306 1254 242 1012
is_linear=0
shrinkage=0.05


Tree=49
num_leaves=15
num_cat=0
split_feature=0 65 0 48 2 17 26 0 18 65 53 65 2 52
split_gain=598806 73262 19078 12571 9347.73 8717 9538.59 7594.86 7261.86 6994.6 6948.55 6846.56 4938.69 5593.97
threshold=172.05135050000004 84.179539500000018 251.98463850000005 12.375000000000002 96.111209500000015 71.607893553280761 26.112500000000004 302.79461750000002 107.8865919791667 245.05360500000003 -0.98611507088852035 24.000000000000004 171.80616150000003 -0.8814490726585632
decision_type=2 2 2 2 2 2 2 2 2 2 2 2 2 2
left_child=1 11 5 4 -3 6 -2 10 -5 -8 -4 -1 13 -10
right_child=2 3 7 8 -6 -7 9 -9 12 -11 -12 -13 -14 -15
leaf_value=-0.36279070517894541 0.32908769070668614 0.064517832344893417 0.29303826800678506 -0.63791754485192631 0.44110124503864967 0.75539823104726511 0.48659882998714848 1.3324228824571123 -0.3087369727128082 1.0013491299844557 0.68157460287633087 -0.22015006773034967 0.20099019530257492 -0.0069775284448225705
leaf_weight=4698 1240 467 127 54 254 187 245 42 224 92 1490 1032 164 484
leaf_count=4698 1240 467 127 54 254 187 245 42 224 92 1490 1032 164 484
internal_value=0.000926479 -0.252679 0.547393 0.0412034 0.197611 0.432431 0.39368 0.669296 -0.0806602 0.629671 0.651259 -0.337143 -0.04546 -0.10275
internal_weight=10800 7377 3423 1647 721 1764 1577 1659 926 337 1617 5730 872 708
internal_count=10800 7377 3423 1647 721 1764 1577 1659 926 337 1617 5730 872 708
is_linear=0
shrinkage=0.05


Tree=50
num_leaves=15
num_cat=0
split_feature=0 65 48 16 17 65 26 26 21 24 65 22 2 31
split_gain=540817 54007.4 25276.9 11982.5 12891.4 9426.64 8036.01 7497.04 6555.8 6363.35 4813.94 4531.54 4493.82 4353.22
threshold=145.79191850000004 28.000000000000004 17.375000000000004 288.39755700000006 23.375945327294719 175.81884250000004 21.562500000000004 26.762500000000003 72.665508590445242 268.06765750000005 223.08690000000004 65.559357250000019 187.36653000000004 20.087500000000002
decision_type=2 2 2 2 2 2 2 2 2 2 2 2 2 2
left_child=1 -1 3 4 8 9 -6 12 -2 11 -10 -3 -4 -7
right_child=2 5 7 -5 6 13 -8 -9 10 -11 -12 -13 -14 -15
leaf_value=-0.33019272375168596 0.46581388837294074 0.23175347298383714 -0.14977237434282792 0.94187117062787962 0.4009202862701689 -0.088794713385584881 0.65261675137893949 0.51338904282516418 0.26906410272018272 0.041718795676303724 -0.27196684857564318 -0.20121621455989078 0.19596489731967451 0.5134394855071337
leaf_weight=5402 639 66 136 186 407 40 1545 135 259 892 48 630 299 116
leaf_count=5402 639 66 136 186 407 40 1545 135 259 892 48 630 299 116
internal_value=0.000898909 -0.252104 0.495621 0.552156 0.526827 -0.0101738 0.600369 0.189302 0.374605 -0.0466866 0.183865 -0.159885 0.0877767 0.359438
internal_weight=10800 7146 3654 3084 2898 1744 1952 570 946 1588 307 696 435 156
internal_count=10800 7146 3654 3084 2898 1744 1952 570 946 1588 307 696 435 156
is_linear=0
shrinkage=0.05


Tree=51
num_leaves=15
num_cat=0
split_feature=65 65 0 48 0 2 17 33 26 9 6 48 0 36
split_gain=488792 36727.3 32208 12679.8 9600.76 8481.87 8291.39 7946.21 6942.95 5973.95 7037.85 5866.36 5820.59 4902.25
threshold=129.48928850000001 28.000000000000004 207.47661800000003 8.8750000000000018 274.61923400000006 119.34476450000001 22.019313503797232 20.190625000000004 19.012500000000003 221.97237050000004 209.22877650000001 11.875000000000002 242.98436500000005 25.847656250000004
decision_type=2 2 2 2 2 2 2 2 2 2 2 2 2 2
left_child=1 -1 3 5 6 -2 11 -5 -3 10 -8 -4 -11 -10
right_child=2 8 4 7 -6 -7 9 -9 13 12 -12 -13 -14 -15
leaf_value=-0.31368614799023647 0.27508765381841077 -0.29732449472665573 0.049507183730897929 -0.19246992723692857 0.76490792624581605 0.70842164912836159 1.0790620909566466 0.19623939921148123 -0.016813862447964092 0.32015320231600874 0.42772500734722274 0.42723390672243849 0.58334037353923329 0.34312156673195293
leaf_weight=5402 301 210 125 166 420 182 114 619 1159 266 68 585 1081 102
leaf_count=5402 301 210 125 166 420 182 114 619 1159 266 68 585 1081 102
internal_value=0.000868703 -0.253381 0.445806 0.238175 0.544693 0.439499 0.503061 0.113901 -0.0318601 0.568798 0.839372 0.360896 0.531643 0.0125495
internal_weight=10800 6873 3927 1268 2659 483 2239 785 1471 1529 182 710 1347 1261
internal_count=10800 6873 3927 1268 2659 483 2239 785 1471 1529 182 710 1347 1261
is_linear=0
shrinkage=0.05


Tree=52
num_leaves=15
num_cat=0
split_feature=0 65 0 48 26 17 17 26 0 18 65 65 53 35
split_gain=441960 54307.8 14594.6 10418.4 8401.8 7598.75 6959.37 7901.73 6301.01 6268.59 5377.47 5372.54 4850.49 4215.16
threshold=172.05135050000004 84.179539500000018 253.29621200000003 12.375000000000002 20.712500000000002 24.497449183280221 68.59179836405535 26.112500000000004 302.79461750000002 107.8865919791667 245.05360500000003 24.000000000000004 -0.98611507088852035 27.221875000000001
decision_type=2 2 2 2 2 2 2 2 2 2 2 2 2 2
left_child=1 11 6 4 5 -3 7 -2 12 -5 -9 -1 -4 -11
right_child=2 3 8 9 -6 -7 -8 10 -10 13 -12 -13 -14 -15
leaf_value=-0.31246794064163175 0.27503641926452532 -0.24492888325256504 0.26095075794458394 -0.59268873217430984 0.33575592848926017 0.2320491532064573 0.61761294330061656 0.42236082126590901 1.1839967193991638 -0.09437258782382496 0.87188656672518305 -0.18613610148699442 0.58996146532839033 0.18890459905985907
leaf_weight=4698 1237 166 124 54 389 166 252 245 42 712 93 1032 1430 160
leaf_count=4698 1237 166 124 54 389 166 252 245 42 712 93 1032 1430 160
internal_value=0.00084542 -0.217029 0.47032 0.0359964 0.178385 -0.0064592 0.373419 0.33398 0.580943 -0.0749427 0.548254 -0.289751 0.563893 -0.0422383
internal_weight=10800 7377 3423 1647 721 332 1827 1575 1596 926 338 5730 1554 872
internal_count=10800 7377 3423 1647 721 332 1827 1575 1596 926 338 5730 1554 872
is_linear=0
shrinkage=0.05


Tree=53
num_leaves=15
num_cat=0
split_feature=65 65 65 26 53 25 26 21 65 33 61 48 26 44
split_gain=399116 29756 26366.1 12491.1 8789.86 7684.47 7368.86 7867.47 6052.27 5966.28 5013.37 5008.72 5250.4 4981.72
threshold=129.48928850000001 28.000000000000004 190.79814500000001 20.637500000000003 -0.99465189230620676 100.41493076626193 28.362500000000004 57.441257328174451 220.10123150000001 18.940625000000004 -0.99892946161930163 6.6250000000000009 27.012500000000003 56.156250000000007
decision_type=2 2 2 2 2 2 2 2 2 2 2 2 2 2
left_child=1 -1 5 -4 8 -2 7 -6 -5 -3 -9 -11 -13 -8
right_child=2 9 3 4 6 -7 13 10 -10 11 -12 12 -14 -15
leaf_value=-0.28320728417085367 -0.031693267704639046 -0.3118826172123832 0.18745034418054357 0.32039630121718621 0.39384770833590527 0.28127250925797792 0.6180262383397106 0.13228833593171219 -0.36298892021906087 0.48246216341009679 0.61819441067510905 -0.054060279884634382 0.24551491334637593 1.0137310776859523
leaf_weight=5402 345 165 353 155 1101 453 402 57 40 52 918 1086 168 103
leaf_count=5402 345 165 353 155 1101 453 402 57 40 52 918 1086 168 103
internal_value=0.000819576 -0.228927 0.402875 0.468295 0.503927 0.146097 0.528391 0.486189 0.179078 -0.0295336 0.589952 0.00634965 -0.0137622 0.700578
internal_weight=10800 6873 3927 3129 2776 798 2581 2076 195 1471 975 1306 1254 505
internal_count=10800 6873 3927 3129 2776 798 2581 2076 195 1471 975 1306 1254 505
is_linear=0
shrinkage=0.05


Tree=54
num_leaves=15
num_cat=0
split_feature=0 65 0 48 26 65 9 17 0 9 18 0 9 65
split_gain=360680 42202 13267.3 8898.98 8057.58 7359.15 8589.66 6133.47 5772.66 5522.06 5487.95 5141.35 4961 8845.8
threshold=165.96690300000003 84.179539500000018 260.07892350000003 12.375000000000002 20.712500000000002 243.19934200000003 239.33377250000004 22.31062338797727 211.74063850000002 239.33377250000004 101.06491489583333 218.01924050000002 272.25950450000005 259.46345850000006
decision_type=2 2 2 2 2 2 2 2 2 2 2 2 2 2
left_child=1 -1 5 4 7 9 8 -3 -7 11 -5 -2 -4 -14
right_child=2 3 12 10 -6 6 -8 -9 -10 -11 -12 -13 13 -15
leaf_value=-0.26182401267681005 0.23635082867644611 -0.27646971128988956 0.61536274379970779 -0.61463429172833761 0.31388892153851117 0.53908920602322863 0.35832736789666275 0.16501868801710548 1.0695159885981311 -0.008981495026853822 -0.047629633118660669 0.50407755320431924 -0.12299237742143519 0.5071941607352346
leaf_weight=5730 738 137 874 44 389 192 819 182 72 167 832 238 67 319
leaf_count=5730 738 137 874 44 389 192 819 182 72 167 832 238 67 319
internal_value=0.000793641 -0.198686 0.419259 0.0297339 0.161442 0.345566 0.439066 -0.0248575 0.687241 0.256669 -0.0767777 0.302086 0.549073 0.397774
internal_weight=10800 7314 3486 1584 708 2226 1083 319 264 1143 876 976 1260 386
internal_count=10800 7314 3486 1584 708 2226 1083 319 264 1143 876 976 1260 386
is_linear=0
shrinkage=0.05


Tree=55
num_leaves=15
num_cat=0
split_feature=65 65 65 26 53 22 12 48 65 26 9 2 48 13
split_gain=325859 23851 22560.1 10610.5 7430.1 6306.36 6277.8 5977.63 5381.58 5300.71 5135.89 7209.54 4863.95 4782.42
threshold=126.25790000000002 190.79814500000001 28.000000000000004 20.637500000000003 -0.99465189230620676 138.22031733854172 273.36919000000006 16.375000000000004 220.10123150000001 18.112500000000004 232.32850950000002 198.84269600000002 6.6250000000000009 1.3907884931706322
decision_type=2 2 2 2 2 2 2 2 2 2 2 2 2 2
left_child=2 5 -1 -3 8 13 7 10 -5 -4 11 -6 -11 -2
right_child=1 3 9 4 6 -7 -8 -9 -10 12 -12 -13 -14 -15
leaf_value=-0.25596075213310698 -0.21185625008483597 0.16474870503853778 -0.33787260145036274 0.29107555836343613 0.44375645386081353 0.32470803362229012 0.62947997254152155 0.21664206221990537 -0.35324687645202735 0.48303527358174325 0.42664555368338375 0.89368143254106158 -0.020030875859731411 0.11635517920490653
leaf_weight=5402 147 353 127 155 212 273 550 268 40 49 1393 158 1230 443
leaf_count=5402 147 353 127 155 212 273 550 268 40 49 1393 158 1230 443
internal_value=0.00076774 0.359379 -0.209533 0.423554 0.456393 0.126478 0.478884 0.437813 0.157779 -0.0310973 0.471292 0.637778 -0.000395504 0.0343604
internal_weight=10800 3992 6808 3129 2776 863 2581 2031 195 1406 1763 370 1279 590
internal_count=10800 3992 6808 3129 2776 863 2581 2031 195 1406 1763 370 1279 590
is_linear=0
shrinkage=0.05


Tree=56
num_leaves=15
num_cat=0
split_feature=0 65 48 9 16 17 65 26 31 2 65 65 21 65
split_gain=294776 29206.2 14927.8 8869.6 8280 8123.34 7194.69 5754.69 4917.78 4360.13 4708.43 4333.52 4189.06 3916.3
threshold=145.79191850000004 84.179539500000018 17.375000000000004 149.74768550000002 288.39755700000006 23.375945327294719 157.78331700000004 26.762500000000003 18.862500000000004 115.56776350000003 231.31079250000002 24.000000000000004 72.665508590445242 223.08690000000004
decision_type=2 2 2 2 2 2 2 2 2 2 2 2 2 2
left_child=1 11 4 6 5 12 -3 -4 -7 -10 -11 -1 -2 -14
right_child=2 3 7 -5 -6 8 -8 -9 9 10 -12 -13 13 -15
leaf_value=-0.25680678528556167 0.34053818024389332 0.0075777410576598446 0.041768278824774241 -0.43762325810641056 0.73307098345980448 0.2185274109226939 0.36511765500064941 0.41452304096344639 0.19635221096862079 0.9699064853099677 0.48119510297291762 -0.14300015977141811 0.19230400796263264 -0.29533263096319778
leaf_weight=4698 639 1167 435 99 186 213 159 135 132 51 1556 1023 259 48
leaf_count=4698 639 1167 435 99 186 213 159 135 132 51 1556 1023 259 48
internal_value=0.00074236 -0.186044 0.365986 0.0164848 0.40943 0.388412 0.050693 0.130624 0.446767 0.474581 0.497298 -0.236485 0.267658 0.11535
internal_weight=10800 7146 3654 1425 3084 2898 1326 570 1952 1739 1607 5721 946 307
internal_count=10800 7146 3654 1425 3084 2898 1326 570 1952 1739 1607 5721 946 307
is_linear=0
shrinkage=0.05


Tree=57
num_leaves=15
num_cat=0
split_feature=0 65 0 48 33 17 48 26 18 65 0 35 3 17
split_gain=266257 32670.1 9628.95 7927.78 7081.88 6288.4 6226.88 7474.29 4917.67 4210.95 4131.98 3722.27 3610.31 3379.35
threshold=172.05135050000004 87.394937500000012 266.52725100000004 12.375000000000002 20.818750000000005 24.497449183280221 11.375000000000002 26.112500000000004 107.8865919791667 24.000000000000004 302.79461750000002 27.221875000000001 284.82648600000005 1.6711454971758737
decision_type=2 2 2 2 2 2 2 2 2 2 2 2 2 2
left_child=1 9 6 4 5 -3 -2 -8 -5 -1 13 -10 -9 -4
right_child=2 3 10 8 -6 -7 7 12 11 -11 -12 -13 -14 -15
leaf_value=-0.24396917533306245 0.4171332931273386 -0.22263227904058366 0.057488137742747442 -0.52906233469645192 0.3217944169892244 0.19559511055490383 0.18129335039287622 0.36915775893557318 -0.086576341736625581 -0.13495467414359355 0.9890544028476228 0.18717034276954733 0.81785431448735446 0.50391906376567874
leaf_weight=4698 935 165 45 53 340 195 1097 438 678 1097 42 151 50 816
leaf_count=4698 935 165 45 53 340 195 1097 438 678 1097 42 151 50 816
internal_value=0.000718335 -0.16839 0.365112 0.0329796 0.158504 0.00382184 0.314664 0.253992 -0.0667099 -0.223359 0.505393 -0.0365487 0.416709 0.48068
internal_weight=10800 7377 3423 1582 700 360 2520 1585 882 5795 903 829 488 861
internal_count=10800 7377 3423 1582 700 360 2520 1585 882 5795 903 829 488 861
is_linear=0
shrinkage=0.05


Tree=58
num_leaves=15
num_cat=0
split_feature=65 65 26 48 53 48 9 18 26 3 2 2 65 9
split_gain=240566 17744.6 16925 11457.2 6346.88 5747.52 6116.36 5362.07 5203.8 5113.25 4764.48 3600.12 3585.93 3469.52
threshold=129.48928850000001 84.179539500000018 22.762500000000003 11.375000000000002 -0.99465189230620676 16.375000000000004 272.25950450000005 159.9021839166667 25.437500000000004 289.58042400000005 109.91590650000002 271.04897450000004 218.54977050000002 113.77359350000002
decision_type=2 2 2 2 2 2 2 2 2 2 2 2 2 2
left_child=1 -1 3 10 12 9 11 -5 13 -6 -2 -7 -4 -3
right_child=2 8 4 7 5 6 -8 -9 -10 -11 -12 -13 -14 -15
leaf_value=-0.21354844631847236 0.1330331113389521 0.028729105230775622 0.23799096030345221 -0.5385149035511948 0.44001223321598459 0.24739609774083535 -0.31514523814299278 0.052824031274639451 0.21423584929308592 0.90582330637881836 0.39542723468739571 0.60130400995413469 -0.24861606005579234 -0.16977610306809265
leaf_weight=5730 269 545 180 40 1744 376 41 589 230 61 491 89 47 368
leaf_count=5730 269 545 180 40 1744 376 41 589 230 61 491 89 47 368
internal_value=0.000695494 -0.177672 0.312839 0.172343 0.389632 0.414417 0.264595 0.0144239 0.00220908 0.456247 0.30285 0.316278 0.136591 -0.05138
internal_weight=10800 6873 3927 1389 2538 2311 506 629 1143 1805 760 465 227 913
internal_count=10800 6873 3927 1389 2538 2311 506 629 1143 1805 760 465 227 913
is_linear=0
shrinkage=0.05


Tree=59
num_leaves=15
num_cat=0
split_feature=12 48 65 26 17 2 15 9 20 65 65 48 65 41
split_gain=217898 23796.6 11992.9 7025.59 6060.18 5728.12 5433.38 5296.22 5417.49 5026.88 5003.87 5674.8 4144.67 3446.85
threshold=132.24970350000004 17.375000000000004 24.000000000000004 20.637500000000003 19.333335973937228 209.93465650000005 217.50623400000003 272.53009250000008 295.90254450000003 270.46035150000006 165.37225500000002 6.6250000000000009 229.58777250000003 78.125000000000014
decision_type=2 2 2 2 2 2 2 2 2 2 2 2 2 2
left_child=2 3 -1 -2 7 -3 -6 8 13 12 11 -4 -9 -5
right_child=1 5 10 4 6 -7 -8 9 -10 -11 -12 -13 -14 -15
leaf_value=-0.22109797131811454 0.12799518236799853 -0.0067701277778366058 0.31418451322817509 0.37391258327479043 0.39395027924506626 0.2804119642173229 0.68782375386819761 0.15613124429558714 0.84560767234639922 0.2865116473561839 0.22167910787263026 -0.11414408361410044 -0.5000262055742114 0.1239469642001529
leaf_weight=4679 328 718 80 394 1887 228 173 41 46 94 133 1729 56 214
leaf_count=4679 328 718 80 394 1887 228 173 41 46 94 133 1729 56 214
internal_value=0.000668912 0.28332 -0.177749 0.347845 0.372616 0.062668 0.418952 0.259293 0.326851 0.027472 -0.0732451 -0.0950389 -0.223918 0.286279
internal_weight=10800 4179 6621 3233 2905 946 2060 845 654 191 1942 1809 97 608
internal_count=10800 4179 6621 3233 2905 946 2060 845 654 191 1942 1809 97 608
is_linear=0
shrinkage=0.05


Tree=60
num_leaves=15
num_cat=0
split_feature=12 48 65 26 5 17 15 2 41 14 48 14 9 48
split_gain=196682 21480.2 10921.1 6341.76 5757.41 5473.7 5324.13 5181.49 4783.79 4675.3 5160.7 4497.19 4191.94 3750.16
threshold=132.24970350000004 17.375000000000004 77.844594000000015 20.637500000000003 70.579213000000024 19.595518256219851 217.50623400000003 210.56295300000002 80.875000000000014 34.965333750000006 6.6250000000000009 96.023020750000015 272.25950450000005 16.375000000000004
decision_type=2 2 2 2 2 2 2 2 2 2 2 2 2 2
left_child=2 3 -1 -2 9 8 -7 -3 12 10 -4 -6 -5 -14
right_child=1 7 4 5 11 6 -8 -9 -10 -11 -12 -13 13 -15
leaf_value=-0.1971275830558448 0.12161487352536811 -0.0049724228121596492 0.274550992618256 0.3912149140460266 -0.60411435742767494 0.37453043422223731 0.67334467696434841 0.27152905291182355 0.053435214066901951 0.21517144523632645 -0.2035218899072421 -0.098752229486284482 0.2611514687355535 -0.26766963303089142
leaf_weight=5546 328 726 78 480 48 1880 163 220 232 311 197 441 101 49
leaf_count=5546 328 726 78 480 48 1880 163 220 232 311 197 441 101 49
internal_value=0.000649215 0.269187 -0.16886 0.330492 -0.0229781 0.354026 0.398689 0.0595491 0.247832 0.0826673 -0.0674196 -0.14949 0.319221 0.0877746
internal_weight=10800 4179 6621 3233 1075 2905 2043 946 862 586 275 489 630 150
internal_count=10800 4179 6621 3233 1075 2905 2043 946 862 586 275 489 630 150
is_linear=0
shrinkage=0.05


Tree=61
num_leaves=15
num_cat=0
split_feature=0 0 26 48 48 26 2 0 65 48 16 2 52 60
split_gain=177585 22282.5 7270.66 8249.72 7169.83 4766.36 3916.42 3415.67 3413.7 4858.77 3195.98 3112.31 5418.99 4232.19
threshold=172.05135050000004 93.500520500000007 28.987500000000004 11.375000000000002 12.375000000000002 24.487500000000004 73.648852500000018 260.48309450000005 24.000000000000004 6.6250000000000009 291.91166700000002 171.80616150000003 -0.8814490726585632 -0.52778511650980109
decision_type=2 2 2 2 2 2 2 2 2 2 2 2 2 2
left_child=1 8 3 7 6 -5 -3 -2 -1 -10 -4 12 -6 -14
right_child=2 4 10 5 11 -7 -8 -9 9 -11 -12 -13 13 -15
leaf_value=-0.20023017512208791 0.32155277552524664 -0.05496766666172568 0.39863698923852575 0.11013890640587938 -0.27799152098992408 0.27298499218612798 0.29019978457787893 0.52037881250052076 0.26327222128648586 -0.13384203281979301 0.692457750566708 0.16211543869678724 0.095143562937504617 -0.20912580323405563
leaf_weight=4603 790 108 362 787 234 1053 339 303 81 1290 128 164 399 159
leaf_count=4603 790 108 362 787 234 1053 339 303 81 1290 128 164 399 159
internal_value=0.000622594 -0.137485 0.298216 0.268255 0.0418054 0.203431 0.206867 0.377096 -0.179592 -0.110205 0.476644 -0.0355085 -0.0765835 0.00822414
internal_weight=10800 7377 3423 2933 1403 1840 447 1093 5974 1371 490 956 792 558
internal_count=10800 7377 3423 2933 1403 1840 447 1093 5974 1371 490 956 792 558
is_linear=0
shrinkage=0.05


Tree=62
num_leaves=15
num_cat=0
split_feature=12 48 65 26 17 15 9 19 26 65 65 65 48 17
split_gain=161003 18192.7 8676.8 5554.75 4669.86 4586.04 4393.54 4677.57 4370.72 4343.22 4297.9 3837.08 4302.06 3229.03
threshold=130.78666850000002 17.375000000000004 24.000000000000004 20.637500000000003 19.595518256219851 217.18543900000003 272.53009250000008 216.92619700000003 26.762500000000003 259.46345850000006 229.58777250000003 165.37225500000002 6.6250000000000009 52.127083846939321
decision_type=2 2 2 2 2 2 2 2 2 2 2 2 2 2
left_child=2 3 -1 13 6 -6 7 -5 -3 10 -8 12 -4 -2
right_child=1 8 11 4 5 -7 9 -9 -10 -11 -12 -13 -14 -15
leaf_value=-0.19017378035749621 -0.067002002371703312 0.0023809265222915878 0.2729835322747628 0.24079255286165005 0.33921162427029511 0.60770759735341107 0.13276968538051559 0.69470403076164311 0.28310131733638366 0.23235646572250587 -0.5583668620078539 0.19421928074322087 -0.10005649908829742 0.24714755435271304
leaf_weight=4677 150 794 80 614 1869 175 41 62 167 103 48 133 1709 178
leaf_count=4677 150 794 80 614 1869 175 41 62 167 103 48 133 1709 178
internal_value=0.000601882 0.242526 -0.153423 0.299179 0.321153 0.362485 0.223516 0.283388 0.0514073 0.012339 -0.242041 -0.0639415 -0.0832318 0.103715
internal_weight=10800 4201 6599 3240 2912 2044 868 676 961 192 89 1922 1789 328
internal_count=10800 4201 6599 3240 2912 2044 868 676 961 192 89 1922 1789 328
is_linear=0
shrinkage=0.05


Tree=63
num_leaves=15
num_cat=0
split_feature=2 0 48 48 53 9 0 0 26 52 65 14 61 0
split_gain=145385 15590.8 9907.44 8813.38 6463.97 7217.73 6576.32 5906.94 4394.95 4364.92 3723.78 3722.42 2881.79 2674.08
threshold=149.12810850000002 71.967546000000013 12.375000000000002 16.375000000000004 -0.99465189230620676 232.32850950000002 266.52725100000004 219.21948700000004 26.937500000000004 -0.8814490726585632 220.10123150000001 138.64783533333335 -0.99892946161930163 242.21224350000003
decision_type=2 2 2 2 2 2 2 2 2 2 2 2 2 2
left_child=1 -1 -3 4 10 7 12 -6 -5 -4 -2 -11 -7 -14
right_child=3 2 9 8 5 6 -8 -9 -10 11 -12 -13 13 -15
leaf_value=-0.16901285713196315 0.15082541810836467 0.14539793644540577 -0.36134938647528347 0.075903091634511047 0.4380669674305277 -0.15892252431561549 0.40892963048248632 0.95136360803120579 0.3168338141192597 -0.1452484045665425 -0.37024753951444861 0.082431593126285896 0.10399979080071896 0.28159872161912197
leaf_weight=5578 209 720 138 774 292 47 784 70 250 458 40 294 283 863
leaf_count=5578 209 720 138 774 292 47 784 70 250 458 40 294 283 863
internal_value=0.00058258 -0.129458 0.00760562 0.259331 0.308464 0.334239 0.296369 0.539671 0.134976 -0.103905 0.0659728 -0.056244 0.222118 0.23787
internal_weight=10800 7188 1610 3612 2588 2339 1977 362 1024 890 249 752 1193 1146
internal_count=10800 7188 1610 3612 2588 2339 1977 362 1024 890 249 752 1193 1146
is_linear=0
shrinkage=0.05


Tree=64
num_leaves=15
num_cat=0
split_feature=12 48 65 26 3 17 2 48 65 22 24 2 65 43
split_gain=131550 15433.4 7047.86 5039.81 4401.49 4937.89 3940.21 3150.2 3725.4 3148.62 2915.65 2756.46 4649.65 2924.3
threshold=129.60656000000003 17.375000000000004 24.000000000000004 18.725000000000005 289.58042400000005 23.375945327294719 210.56295300000002 6.6250000000000009 165.37225500000002 69.892344281250018 300.54248650000005 115.56776350000003 231.31079250000002 76.125000000000014
decision_type=2 2 2 2 2 2 2 2 2 2 2 2 2 2
left_child=2 3 -1 -2 5 9 -3 -4 -9 -5 -11 -7 13 -13
right_child=1 6 7 4 -6 11 -8 8 -10 10 -12 12 -14 -15
leaf_value=-0.17227274796919911 -0.10365875415842643 -0.01018925447832169 0.24518203582705522 -0.16802936427173068 0.59430634663739335 0.11306754577027006 0.22976753257227667 -0.091544952964756676 0.18529801879447838 0.22397627029310643 -0.14543692227779775 0.40641018060537482 0.31414967351883955 0.97707855254411702
leaf_weight=4675 87 757 81 60 108 156 220 1691 130 931 56 51 1754 43
leaf_count=4675 87 757 81 60 108 156 220 1691 130 931 56 51 1754 43
internal_value=0.000561558 0.218307 -0.139262 0.270734 0.281074 0.269795 0.0440237 -0.0580741 -0.0716905 0.181494 0.202891 0.315815 0.33286 0.674998
internal_weight=10800 4223 6577 3246 3159 3051 977 1902 1821 1047 987 2004 1848 94
internal_count=10800 4223 6577 3246 3159 3051 977 1902 1821 1047 987 2004 1848 94
is_linear=0
shrinkage=0.05


Tree=65
num_leaves=15
num_cat=0
split_feature=0 65 26 53 9 0 0 65 65 48 48 7 45 17
split_gain=119094 16081.7 5049.99 4030.6 4338.7 5001.55 4824.84 3617.61 3296.82 3379.11 3113.35 7126.66 3066.7 2951.41
threshold=100.00974350000001 190.79814500000001 20.987500000000004 -0.99465189230620676 232.32850950000002 211.74063850000002 266.52725100000004 220.10123150000001 24.000000000000004 6.6250000000000009 19.375000000000004 148.35520250000005 73.010416666666671 52.127083846939321
decision_type=2 2 2 2 2 2 2 2 2 2 2 2 2 2
left_child=8 10 13 7 5 -5 -6 -4 -1 -10 -2 -12 -7 -3
right_child=1 2 3 4 6 12 -8 -9 9 -11 11 -13 -14 -15
leaf_value=-0.16373011977289423 0.10518666953188115 -0.055481212172049654 0.17227344191036165 0.30985250033014372 0.19893755502319574 0.52263381681686283 0.35652251315092137 -0.35562877553265271 0.23307243591038193 -0.096833653699477676 -0.32537993053755454 0.096437998401665864 1.0235192133159172 0.22671608333197502
leaf_weight=4641 1082 186 155 333 1161 148 842 40 81 1472 154 282 40 183
leaf_count=4641 1082 186 155 333 1161 148 842 40 81 1472 154 282 40 183
internal_value=0.000545506 0.193065 0.258555 0.282109 0.299026 0.42783 0.265326 0.0627239 -0.142625 -0.0794878 0.0597599 -0.0529564 0.634057 0.0847048
internal_weight=10800 4606 3088 2719 2524 521 2003 195 6194 1553 1518 436 188 369
internal_count=10800 4606 3088 2719 2524 521 2003 195 6194 1553 1518 436 188 369
is_linear=0
shrinkage=0.05


Tree=66
num_leaves=15
num_cat=0
split_feature=2 0 48 48 53 9 1 0 52 26 37 65 51 14
split_gain=108004 10213.6 7768.62 7463.83 4753.34 4986.99 5774.26 5505.44 4198.68 3952.55 3602.77 3052.18 2767.53 2757.29
threshold=139.45816650000003 71.967546000000013 16.375000000000004 12.375000000000002 -0.99465189230620676 232.32850950000002 198.88739500000003 246.65827700000003 -0.8814490726585632 27.712500000000002 71.125000000000014 220.10123150000001 2.5000000000000004 136.98681929166671
decision_type=2 2 2 2 2 2 2 2 2 2 2 2 2 2
left_child=1 -1 4 -3 11 6 -6 -7 -5 12 -8 -2 -4 -10
right_child=2 3 9 8 5 7 10 -9 13 -11 -12 -13 -14 -15
leaf_value=-0.14559316330865257 0.13327535865960813 0.12218137997675649 -0.041023994572411897 -0.40181529796590998 0.26513564933021444 0.081421392577814583 0.51183695154381803 0.29378960530291026 -0.13575360967745556 0.30563273857177919 1.0161427295207976 -0.33828102633720492 0.13620204177958581 0.068651524383077561
leaf_weight=5572 210 690 381 101 212 378 142 1604 434 202 49 40 520 265
leaf_count=5572 210 690 381 101 212 378 142 1604 434 202 49 40 520 265
internal_value=0.000528638 -0.114504 0.217826 0.00177777 0.26446 0.286196 0.446717 0.253349 -0.102093 0.10628 0.645832 0.0567792 0.0612972 -0.0582736
internal_weight=10800 7062 3738 1490 2635 2385 403 1982 800 1103 191 250 901 699
internal_count=10800 7062 3738 1490 2635 2385 403 1982 800 1103 191 250 901 699
is_linear=0
shrinkage=0.05


Tree=67
num_leaves=15
num_cat=0
split_feature=2 0 60 48 26 3 48 36 65 48 20 17 28 3
split_gain=97548.4 11814.3 8914.28 5444.31 9193.34 3127.01 2699.76 2722.5 2452.15 2368.76 2215.07 2135.11 1953.48 1794.74
threshold=165.72361400000003 93.500520500000007 -0.81241147629689037 11.375000000000002 26.175000000000001 286.66023200000001 21.375000000000004 26.213020833333339 235.35129550000002 12.375000000000002 265.28061800000006 8.5214274708877777 28.237500000000004 157.72236450000003
decision_type=2 2 2 2 2 2 2 2 2 2 2 2 2 2
left_child=1 -1 13 8 9 -6 7 11 -2 -5 -10 -4 -11 -3
right_child=3 2 6 4 5 -7 -8 -9 10 12 -12 -13 -14 -15
leaf_value=-0.13332171229134357 0.68744975169273947 0.0017374410079075741 -0.17368666938912702 -0.081055442624907381 0.25367693960791432 0.51776113972713167 -0.16549134875337285 0.42276754045125209 0.26161346738858771 0.1288435030155706 0.45587284273289619 0.11144811390082908 -0.21487894243625708 -0.3361874590753115
leaf_weight=5974 43 51 70 173 1044 126 95 65 721 1150 187 889 42 170
leaf_count=5974 43 51 70 173 1044 126 95 65 721 1150 187 889 42 170
internal_value=0.000510871 -0.103229 0.0309283 0.218136 0.179733 0.282535 0.0882791 0.111961 0.320207 0.0914754 0.302078 0.0904761 0.116563 -0.258548
internal_weight=10800 7314 1340 3486 2535 1170 1119 1024 951 1365 908 959 1192 221
internal_count=10800 7314 1340 3486 2535 1170 1119 1024 951 1365 908 959 1192 221
is_linear=0
shrinkage=0.05


Tree=68
num_leaves=15
num_cat=0
split_feature=2 0 60 26 48 51 34 44 36 9 1 20 17 3
split_gain=88297.3 12493.4 6553.05 4275.62 6707.88 2928.01 3693.48 2835.14 2532.79 2470.63 3477.94 2315.33 2226.5 2633.22
threshold=180.44002950000004 93.500520500000007 -0.81241147629689037 28.987500000000004 11.375000000000002 2.5000000000000004 21.293750000000006 55.781250000000007 26.213020833333339 223.08690000000004 198.88739500000003 265.28061800000006 31.012524894777602 42.523274000000008
decision_type=2 2 2 2 2 2 2 2 2 2 2 2 2 2
left_child=1 -1 -3 4 9 -6 -7 -5 12 10 -2 -11 -4 -14
right_child=3 2 8 7 5 6 -8 -9 -10 11 -12 -13 13 -15
leaf_value=-0.12665674095300014 0.2927164974469173 -0.1564019610763312 -0.020600813172512774 0.28158403339174887 0.065520577240917574 -0.075935680032226033 0.22270839486939367 0.55958436332524764 0.3698878553112348 0.22206186089067126 0.82699947036229648 0.42708518172873822 0.31424850559953987 0.074673405734991011
leaf_weight=5974 78 353 425 359 782 115 999 125 74 585 51 182 144 554
leaf_count=5974 78 353 425 359 782 115 999 125 74 585 51 182 144 554
internal_value=0.000493367 -0.0938425 0.03263 0.217117 0.193203 0.139801 0.191838 0.354387 0.0884603 0.305924 0.508681 0.271204 0.069603 0.124478
internal_weight=10800 7524 1550 3276 2792 1896 1114 484 1197 896 129 767 1123 698
internal_count=10800 7524 1550 3276 2792 1896 1114 484 1197 896 129 767 1123 698
is_linear=0
shrinkage=0.05


Tree=69
num_leaves=15
num_cat=0
split_feature=2 65 48 16 9 2 53 9 0 20 3 1 48 9
split_gain=80119.8 7663.74 5998.7 3972.01 3862.01 4405.91 3827.22 4530.08 4674.53 4064.61 3634.16 4672.92 3220.91 2940.88
threshold=139.45816650000003 24.000000000000004 16.375000000000004 303.53637200000009 271.84868150000005 242.11577350000002 -0.99465189230620676 232.32850950000002 219.21948700000004 246.81326950000002 163.30129150000002 97.995967000000022 6.6250000000000009 180.25518350000002
decision_type=2 2 2 2 2 2 2 2 2 2 2 2 2 2
left_child=1 -1 3 6 5 13 -2 8 -8 -9 11 12 -3 -4
right_child=2 10 4 -5 -6 -7 7 9 -10 -11 -12 -13 -14 -15
leaf_value=-0.1356290799395867 0.033163218701919239 0.24159220606997245 0.14057097915704928 0.70084959390488544 -0.31143032804196863 0.29311046175099176 0.31442644847724255 0.040058355171104752 0.76945892761906853 0.23951728666602806 -0.34251715209784694 0.088566656500495833 -0.080581324815076016 -0.052461317041209744
leaf_weight=4690 247 81 436 43 56 252 333 303 68 1641 86 754 1451 359
leaf_count=4690 247 81 436 43 56 252 333 303 68 1641 86 754 1451 359
internal_value=0.000483867 -0.0985928 0.18764 0.228618 0.0896276 0.111355 0.220517 0.240229 0.393311 0.208465 -0.025337 -0.01326 -0.0634009 0.0534465
internal_weight=10800 7062 3738 2635 1103 1047 2592 2345 401 1944 2372 2286 1532 795
internal_count=10800 7062 3738 2635 1103 1047 2592 2345 401 1944 2372 2286 1532 795
is_linear=0
shrinkage=0.05


Tree=70
num_leaves=15
num_cat=0
split_feature=2 0 48 26 48 51 34 9 52 10 9 16 12 44
split_gain=72418.5 10237.2 7586.8 3626.44 5788.01 2627.17 3166.27 2558.52 4056.39 2487.76 3480.45 3943.87 3098.05 2466.28
threshold=180.44002950000004 71.967546000000013 12.375000000000002 28.987500000000004 11.375000000000002 2.5000000000000004 21.293750000000006 157.72236450000003 -0.93540483100319605 56.282146000000004 140.82800200000005 152.10823100000002 143.17073350000001 55.781250000000007
decision_type=2 2 2 2 2 2 2 2 2 2 2 2 2 2
left_child=1 -1 9 4 -2 -6 -7 8 -4 -3 12 -12 -11 -5
right_child=3 2 7 13 5 6 -8 -9 -10 10 11 -13 -14 -15
leaf_value=-0.11940792203662332 0.27933062986058571 -0.092627182515842899 0.35001368270669553 0.25520088471058344 0.054680560553299375 -0.073590709895280923 0.20289878256027585 -0.2532945336369069 -0.064618994238593713 0.20970949331212149 -0.39096780338255255 0.11322447243943677 0.65918553083441989 0.51438638883687204
leaf_weight=5578 896 106 62 359 782 115 999 160 927 382 46 221 42 125
leaf_count=5578 896 106 62 359 782 115 999 160 927 382 46 221 42 125
internal_value=0.00046865 -0.0849648 0.0137735 0.19665 0.174628 0.125027 0.174316 -0.0684313 -0.0382986 0.132222 0.166798 0.0252252 0.255679 0.323062
internal_weight=10800 7524 1946 3276 2792 1896 1114 1149 989 797 691 267 424 484
internal_count=10800 7524 1946 3276 2792 1896 1114 1149 989 797 691 267 424 484
is_linear=0
shrinkage=0.05


Tree=71
num_leaves=15
num_cat=0
split_feature=2 65 48 9 2 3 53 65 13 3 1 48 9 2
split_gain=65520.8 6391.07 5017.93 3539.24 3754.47 3429.18 3289.24 4512.27 3999.66 3219.17 3866.92 2953.61 2633.15 2593.69
threshold=139.45816650000003 24.000000000000004 16.375000000000004 271.84868150000005 242.11577350000002 289.58042400000005 -0.98611507088852035 231.31079250000002 1.4710544936018306 163.30129150000002 97.995967000000022 6.6250000000000009 178.49894350000002 238.64404750000003
decision_type=2 2 2 2 2 2 2 2 2 2 2 2 2 2
left_child=1 -1 5 4 12 6 8 -8 -2 10 11 -3 -4 -10
right_child=2 9 3 -5 -6 -7 7 -9 13 -11 -12 -13 -14 -15
leaf_value=-0.12296520582370681 -0.26273306975793093 0.23555749600253453 0.13522067653604117 -0.30384619322915873 0.26864468936208846 0.56111741497445466 0.59657378816642825 0.20837906658749619 0.35929701229192545 -0.32076781425710726 0.081747969373357515 -0.072948020906989361 -0.04667894874070469 0.052453515818342566
leaf_weight=4690 74 81 411 56 252 66 77 2083 96 86 754 1451 384 239
leaf_count=4690 74 81 411 56 252 66 77 2083 96 86 754 1451 384 239
internal_value=0.000452828 -0.0891437 0.169701 0.080061 0.100865 0.20718 0.197872 0.222487 0.067648 -0.0222469 -0.0108811 -0.0564937 0.0474115 0.141192
internal_weight=10800 7062 3738 1103 1047 2635 2569 2160 409 2372 2286 1532 795 335
internal_count=10800 7062 3738 1103 1047 2635 2569 2160 409 2372 2286 1532 795 335
is_linear=0
shrinkage=0.05


Tree=72
num_leaves=15
num_cat=0
split_feature=2 0 60 0 9 53 65 0 0 36 9 2 9 39
split_gain=59592.3 8279.45 5323.41 3180.29 3158.72 5141.27 4811.69 3758.01 2478.84 2030.65 1903.75 1799.58 2316.86 1751.23
threshold=180.44002950000004 93.500520500000007 -0.81241147629689037 269.64119200000005 221.97237050000004 -0.98611507088852035 215.25594400000003 218.01924050000002 242.21224350000003 26.213020833333339 75.408333500000012 160.79642450000003 157.72236450000003 71.125000000000014
decision_type=2 2 2 2 2 2 2 2 2 2 2 2 2 2
left_child=1 -1 11 4 6 13 -2 -8 -7 10 -4 -3 -13 -6
right_child=3 2 9 -5 5 8 7 -9 -10 -11 -12 12 -14 -15
leaf_value=-0.10377576331588514 0.14577319329074345 -0.24569920858377783 0.38179401647093159 0.27356525614252075 -0.064123508096375362 0.03458308941038888 0.31808725025353807 0.82692198448402943 0.17645562156363617 0.32819841988881432 0.046155164459151965 0.19435307595511558 -0.18862075160644698 -0.4572473383531338
leaf_weight=5974 591 195 43 693 93 423 258 42 1136 74 1080 70 88 40
leaf_count=5974 591 195 43 693 93 423 258 42 1136 74 1080 70 88 40
internal_value=0.000436527 -0.0770628 0.0258945 0.178399 0.15277 0.112533 0.228969 0.391835 0.138009 0.0762167 0.0593351 -0.144478 -0.0187936 -0.184886
internal_weight=10800 7524 1550 3276 2583 1692 891 300 1559 1197 1123 353 158 133
internal_count=10800 7524 1550 3276 2583 1692 891 300 1559 1197 1123 353 158 133
is_linear=0
shrinkage=0.05


Tree=73
num_leaves=15
num_cat=0
split_feature=2 0 48 26 48 26 9 52 10 9 16 12 48 9
split_gain=53789.3 7575.94 6454.78 3029.96 4188.25 2781.98 2167.86 2948.41 2106.35 3210.56 3480.27 2490.08 1996.44 1868.72
threshold=180.44002950000004 71.967546000000013 12.375000000000002 30.012500000000003 11.375000000000002 26.112500000000004 146.08976850000002 -0.93540483100319605 56.282146000000004 140.82800200000005 152.10823100000002 143.17073350000001 12.375000000000002 223.08690000000004
decision_type=2 2 2 2 2 2 2 2 2 2 2 2 2 2
left_child=1 -1 8 4 13 12 7 -4 -3 11 -11 -10 -6 -2
right_child=3 2 6 -5 5 -7 -8 -9 9 10 -12 -13 -14 -15
leaf_value=-0.10283684078708943 0.42366760022938249 -0.085903685059502868 0.33399444428774028 0.35447678001633348 -0.087897669975699366 0.18336420056270386 -0.21149714464367164 -0.053312836867033933 0.19692057890978013 -0.37407408496761263 0.099550793103995394 0.60002086318536607 0.095087116959379367 0.21747820417309602
leaf_weight=5578 129 106 51 207 173 947 204 894 382 46 221 42 1046 774
leaf_count=5578 129 106 51 207 173 947 204 894 382 46 221 42 1046 774
internal_value=0.000422414 -0.073207 0.0117331 0.169498 0.15691 0.119101 -0.0640906 -0.0320796 0.120988 0.152804 0.0168612 0.238168 0.0690672 0.24737
internal_weight=10800 7524 1946 3276 3069 2166 1149 945 797 691 267 424 1219 903
internal_count=10800 7524 1946 3276 3069 2166 1149 945 797 691 267 424 1219 903
is_linear=0
shrinkage=0.05


Tree=74
num_leaves=15
num_cat=0
split_feature=12 48 35 65 17 3 9 48 65 36 22 26 51 2
split_gain=48679.6 6316.64 3234.84 3091.08 2752.32 2561.87 2424.71 2252.16 2544.66 2340.61 2171.09 2063.62 1913.51 1778.98
threshold=129.60656000000003 17.375000000000004 17.664583333333336 24.000000000000004 7.327185771333169 286.66023200000001 146.08976850000002 6.6250000000000009 139.33747250000002 22.871093750000004 38.005665614583343 26.762500000000003 2.5000000000000004 147.16755600000002
decision_type=2 2 2 2 2 2 2 2 2 2 2 2 2 2
left_child=3 2 -2 -1 -4 10 7 9 -9 -5 13 12 -3 -6
right_child=1 11 4 6 5 -7 -8 8 -10 -11 -12 -13 -14 -15
leaf_value=-0.1065087840687627 -0.12972941352364917 -0.098978915910820586 0.054960671502152128 -0.038670921725470847 0.18152056765265581 0.43115721441326893 -0.3935589991344346 -0.05306151490361169 0.15254690399875934 0.49485704549366522 0.17463625910899186 0.1808570483685582 0.055808156802152245 0.64371389960465231
leaf_weight=4675 89 353 417 40 40 108 44 1612 165 41 2547 167 457 45
leaf_count=4675 89 353 417 40 40 108 44 1612 165 41 2547 167 457 45
internal_value=0.00040865 0.132866 0.166406 -0.0846476 0.174793 0.193003 -0.0308865 -0.0220909 -0.0338951 0.234128 0.183071 0.0213759 -0.0116873 0.430851
internal_weight=10800 4223 3246 6577 3157 2740 1902 1858 1777 81 2632 977 810 85
internal_count=10800 4223 3246 6577 3157 2740 1902 1858 1777 81 2632 977 810 85
is_linear=0
shrinkage=0.05


Tree=75
num_leaves=15
num_cat=0
split_feature=2 65 48 18 9 16 48 7 17 12 9 14 60 3
split_gain=44263.8 6456.08 3152.13 4983.12 2957 2990.86 2920.51 2746.8 2595.75 2484.64 2370.17 2492.53 2307.9 2180.83
threshold=184.728081 24.000000000000004 12.375000000000002 28.433198104166667 140.82800200000005 152.10823100000002 6.6250000000000009 169.59329650000004 23.375945327294719 276.69339350000001 113.77359350000002 138.64783533333335 -0.99465189230620676 284.82648600000005
decision_type=2 2 2 2 2 2 2 2 2 2 2 2 2 2
left_child=1 -1 3 6 -5 -6 -3 -8 9 -2 11 -4 -10 -14
right_child=8 2 10 4 5 -7 7 -9 12 -11 -12 -13 13 -15
leaf_value=-0.10163959485212522 0.053705122823451648 0.22269967027553697 -0.054334214022622868 0.22426671135472134 -0.34895118847489359 0.087373872880364092 -0.058488406051491575 -0.4292862738881793 -0.094323058979851868 0.23008009097861271 -0.13429476299720911 0.12543946957207638 0.19046784119310353 0.53633009525055575
leaf_weight=4698 865 81 737 423 46 238 467 55 69 259 582 260 1974 46
leaf_count=4698 865 81 737 423 46 238 467 55 69 259 582 260 1974 46
internal_value=0.000395389 -0.0654768 -0.00665512 0.0506632 0.140637 0.0157251 -0.0548861 -0.0983033 0.155914 0.0945151 -0.0542106 -0.0073737 0.188889 0.198605
internal_weight=10800 7587 2889 1310 707 284 603 522 3213 1124 1579 997 2089 2020
internal_count=10800 7587 2889 1310 707 284 603 522 3213 1124 1579 997 2089 2020
is_linear=0
shrinkage=0.05


Tree=76
num_leaves=15
num_cat=0
split_feature=2 65 48 26 65 3 1 48 36 7 15 20 0 10
split_gain=40195.4 4426.34 3310.1 5391.63 3793.9 2929.54 3151.07 2286.72 2119.54 2022.1 1985.79 2236.58 1872.3 1774.16
threshold=149.12810850000002 24.000000000000004 11.375000000000002 26.175000000000001 234.28840900000003 163.30129150000002 96.925260500000022 6.6250000000000009 22.871093750000004 173.17063300000004 42.523274000000008 95.430012500000018 262.99180150000007 59.900954250000005
decision_type=2 2 2 2 2 2 2 2 2 2 2 2 2 2
left_child=1 -1 4 -4 -2 6 7 8 -3 10 13 -12 -6 -9
right_child=2 5 3 -5 12 -7 -8 9 -10 -11 11 -13 -14 -15
leaf_value=-0.096558694949579332 0.68703015020866776 -0.047647931008804136 0.042242584885668039 0.18575904933169785 0.15350717277677431 -0.24803600792927069 0.074831300649797372 -0.043749955489949394 0.45983344587009578 -0.21083500359673055 -0.51059452098878955 -0.073771726133094892 0.31851369559764864 0.12214486185195191
leaf_weight=4698 40 40 1444 1197 702 126 859 906 41 191 43 89 229 195
leaf_count=4698 40 40 1444 1197 702 126 859 906 41 191 43 89 229 195
internal_value=0.000377699 -0.0679986 0.13643 0.107335 0.215372 -0.0140959 -0.00152744 -0.045131 0.2117 -0.0598784 -0.0363423 -0.218839 0.194392 -0.0142839
internal_weight=10800 7188 3612 2641 971 2490 2364 1505 81 1424 1233 132 931 1101
internal_count=10800 7188 3612 2641 971 2490 2364 1505 81 1424 1233 132 931 1101
is_linear=0
shrinkage=0.05


Tree=77
num_leaves=15
num_cat=0
split_feature=2 48 65 26 65 16 25 22 38 43 26 20 51 5
split_gain=36397.1 3949.51 5621.72 5261.07 2993.15 2762.36 2518.62 2388.72 2417.35 1962.08 1945.22 1829.56 1801.86 1786.02
threshold=129.95204400000003 11.375000000000002 231.31079250000002 26.175000000000001 24.000000000000004 152.10823100000002 106.2518192023753 27.444602249999999 83.125000000000014 84.125000000000014 30.012500000000003 265.28061800000006 2.5000000000000004 229.38491700000003
decision_type=2 2 2 2 2 2 2 2 2 2 2 2 2 2
left_child=4 2 -2 12 -1 -5 7 8 -6 -8 -7 -4 -3 -9
right_child=1 3 11 5 6 10 9 13 -10 -11 -12 -13 -14 -15
leaf_value=-0.091367761921531343 0.70916918718589939 -0.030824501347775618 0.14488655956027127 -0.21354042162065923 0.4946669593907711 0.15170539977542483 0.057478550576401513 -0.042744454065790902 -0.0068100798291043712 0.41082453447229722 0.3130534282304927 0.31869331689257374 0.076591913279708795 -0.33198668078265409
leaf_weight=4682 52 665 771 45 40 1011 173 1837 58 50 230 189 943 54
leaf_count=4682 52 665 771 45 40 1011 173 1837 58 50 230 189 943 54
internal_value=0.000362576 0.122289 0.207295 0.0925016 -0.068726 0.167846 -0.0207821 -0.0386653 0.200804 0.138184 0.181837 0.179401 0.0321775 -0.0511753
internal_weight=10800 3906 1012 2894 6894 1286 2212 1989 98 223 1241 960 1608 1891
internal_count=10800 3906 1012 2894 6894 1286 2212 1989 98 223 1241 960 1608 1891
is_linear=0
shrinkage=0.05


Tree=78
num_leaves=15
num_cat=0
split_feature=2 0 60 53 65 21 9 0 26 17 28 16 17 48
split_gain=33094.1 4723.3 3617.05 2274.71 2344.54 2061.91 3317.61 3379.36 2645.76 2426.29 2131.55 1820.89 1706.58 1638.51
threshold=184.728081 93.500520500000007 -0.81241147629689037 -0.99465189230620676 220.10123150000001 47.806590801448458 231.31079250000002 219.21948700000004 28.362500000000004 19.000867638863912 29.512500000000003 264.90394650000002 5.8667256286578766 21.375000000000004
decision_type=2 2 2 2 2 2 2 2 2 2 2 2 2 2
left_child=1 -1 -3 4 -2 8 7 -7 10 -8 -5 -11 -4 -14
right_child=3 2 12 5 -6 6 9 -9 -10 11 -12 -13 13 -15
leaf_value=-0.077100965591342385 0.057161101670981852 -0.11399765422986459 -0.25604138454286063 0.086512913211177517 -0.35754522697136898 0.27554226248959701 -0.21935429268937914 0.77273117180277673 0.21361449534303822 0.12056845784805433 -0.27583883642440749 0.27121778156297904 0.089550891418729156 -0.12603239305317401
leaf_weight=5974 201 386 40 1243 40 224 41 40 468 616 41 299 1092 95
leaf_count=5974 201 386 40 1243 40 224 41 40 468 616 41 299 1092 95
internal_value=0.000353519 -0.0566042 0.0193093 0.134826 -0.0128629 0.146803 0.196742 0.353506 0.111935 0.153128 0.0747368 0.170039 0.0613048 0.0722054
internal_weight=10800 7587 1613 3213 241 2972 1220 264 1752 956 1284 915 1227 1187
internal_count=10800 7587 1613 3213 241 2972 1220 264 1752 956 1284 915 1227 1187
is_linear=0
shrinkage=0.05


Tree=79
num_leaves=15
num_cat=0
split_feature=2 65 36 3 22 26 1 53 46 15 9 65 3 65
split_gain=29928.2 3601.1 2678.02 2729.91 2403.06 2548.47 2363.19 2098.28 2231.68 2072.67 2062.55 2769.74 2305.16 2054.65
threshold=165.72361400000003 24.000000000000004 26.213020833333339 163.30129150000002 38.005665614583343 23.262500000000003 94.447084000000018 -0.98611507088852035 89.760416666666671 42.523274000000008 272.25950450000005 259.46345850000006 283.61178550000005 63.145266500000005
decision_type=2 2 2 2 2 2 2 2 2 2 2 2 2 2
left_child=1 -1 3 6 -2 7 9 -6 -9 -3 12 -12 -7 -4
right_child=4 2 13 -5 5 10 -8 8 -10 -11 11 -13 -14 -15
leaf_value=-0.083299323742022854 0.47638239308874664 -0.021549399562091346 -0.047560723374287295 -0.21135200896004047 -0.22005504432205969 0.15459048099634967 0.054203782863681396 0.058388298072504258 0.43443363130819512 -0.18715916480044878 -0.21643102418018292 0.10781588626768022 0.36307022182078197 0.368051113858819
leaf_weight=4698 46 1154 47 175 64 1646 936 1072 40 225 78 396 144 79
leaf_count=4698 46 1154 47 175 64 1646 936 1072 40 225 78 396 144 79
internal_value=0.000337977 -0.0571236 -0.0101014 -0.0215161 0.12088 0.115989 -0.00708056 0.0562097 0.0722933 -0.0486866 0.147002 0.0541155 0.171555 0.213868
internal_weight=10800 7314 2616 2490 3486 3440 2315 1176 1112 1379 2264 474 1790 126
internal_count=10800 7314 2616 2490 3486 3440 2315 1176 1112 1379 2264 474 1790 126
is_linear=0
shrinkage=0.05


Tree=80
num_leaves=15
num_cat=0
split_feature=2 13 48 18 9 16 0 48 48 65 6 9 1 65
split_gain=27089.4 3951.92 3881.38 3212.2 2652.59 3055.39 2071.15 2078.66 2362.6 3931.22 2757.11 1738.68 2581.93 1603.38
threshold=184.728081 1.6473945741295528 12.375000000000002 28.433198104166667 167.14851550000003 143.83895250000003 302.79461750000002 11.375000000000002 12.375000000000002 221.97237050000004 69.10047950000002 223.08690000000004 198.88739500000003 149.900586
decision_type=2 2 2 2 2 2 2 2 2 2 2 2 2 2
left_child=1 13 3 -3 5 -5 7 11 9 -9 -10 12 -2 -1
right_child=6 2 -4 4 -6 -7 -8 8 10 -11 -12 -13 -14 -15
leaf_value=-0.069356452616656114 0.15432668870611899 -0.094981164370170415 -0.04748677865156626 0.18205780599558363 0.015980306939985766 0.64072470294266215 0.46712669317182809 0.035722620043193369 0.32406975188767995 -0.47294966764748098 0.095873559768228755 0.15433965873551031 0.62550457782613544 -0.31928760097433745
leaf_weight=5599 68 169 1151 337 227 40 42 277 142 43 1824 766 51 64
leaf_count=5599 68 169 1151 337 227 40 42 277 142 43 1824 766 51 64
internal_value=0.000325843 -0.0512062 0.0106998 0.0972894 0.151155 0.232289 0.121989 0.117272 0.0920124 -0.0338906 0.112512 0.18234 0.35979 -0.0722369
internal_weight=10800 7587 1924 773 604 377 3213 3171 2286 320 1966 885 119 5663
internal_count=10800 7587 1924 773 604 377 3213 3171 2286 320 1966 885 119 5663
is_linear=0
shrinkage=0.05


Tree=81
num_leaves=15
num_cat=0
split_feature=2 48 65 26 16 65 25 22 47 39 36 33 26 18
split_gain=24690.5 2875.25 4855.56 3892.08 2194.89 2053.82 1973.68 2074.06 2129.14 1872.5 1636.11 1570.66 1539.45 1521.57
threshold=129.95204400000003 11.375000000000002 231.31079250000002 26.175000000000001 152.10823100000002 24.000000000000004 106.2518192023753 27.444602249999999 78.559895833333357 84.125000000000014 23.792968750000004 19.153125000000003 30.012500000000003 169.01819381250004
decision_type=2 2 2 2 2 2 2 2 2 2 2 2 2 2
left_child=5 2 -2 10 -5 -1 7 8 -7 -8 13 -4 -6 -3
right_child=1 3 11 4 12 6 9 -9 -10 -11 -12 -13 -14 -15
leaf_value=-0.075341312301838576 0.63957285937273278 -0.20184504850457113 -0.066967893325829808 -0.19974096162325664 0.12581739981959056 0.41093421010300518 0.02418892786965943 -0.044361119188925047 -0.05241596064248976 0.33390746214944456 -0.097299937678649084 0.1663783860184033 0.26930038779539317 0.055706289358281313
leaf_weight=4682 52 59 78 45 1011 51 152 1891 47 71 238 882 230 1311
leaf_count=4682 52 59 78 45 1011 51 152 1891 47 71 238 882 230 1311
internal_value=0.000317382 0.100739 0.173267 0.075326 0.14013 -0.0565859 -0.0168714 -0.0327028 0.19043 0.123849 0.0234439 0.147369 0.152605 0.0444755
internal_weight=10800 3906 1012 2894 1286 6894 2212 1989 98 223 1608 960 1241 1370
internal_count=10800 3906 1012 2894 1286 6894 2212 1989 98 223 1608 960 1241 1370
is_linear=0
shrinkage=0.05


Tree=82
num_leaves=15
num_cat=0
split_feature=2 48 65 26 16 65 51 31 20 26 37 32 47 34
split_gain=22284.5 2597 4393.39 3513.57 1983.65 1925.96 1593.69 1575.23 1507.7 1420.57 2268.46 1241.17 1193.71 1392.86
threshold=129.95204400000003 11.375000000000002 231.31079250000002 26.175000000000001 152.10823100000002 165.37225500000002 2.5000000000000004 16.862500000000004 266.83821300000005 29.012500000000003 54.125000000000007 24.512500000000003 78.365885416666671 22.126041666666669
decision_type=2 2 2 2 2 2 2 2 2 2 2 2 2 2
left_child=5 2 -2 6 -5 -1 12 -8 -4 -6 -11 -9 13 -3
right_child=1 3 8 4 9 -7 7 11 -10 10 -12 -13 -14 -15
leaf_value=-0.059371607476777333 0.60819758829080839 -0.34168530113995077 0.11141001723168703 -0.1899710217733746 0.10685175929506825 0.070409992434019006 -0.13886271369879016 0.13385353191695801 0.27829478908239341 0.13845682223410316 0.38827796209713117 0.011170538635978292 0.076576381616381028 -0.049718587760485197
leaf_weight=6596 52 44 797 45 826 298 86 512 163 280 135 345 171 450
leaf_count=6596 52 44 797 45 826 298 86 512 163 280 135 345 171 450
internal_value=0.000307475 0.095711 0.16464 0.0715589 0.133131 -0.0537523 0.0222642 0.0640369 0.140006 0.144991 0.220462 0.084536 -0.0369787 -0.0763615
internal_weight=10800 3906 1012 2894 1286 6894 1608 943 960 1241 415 857 665 494
internal_count=10800 3906 1012 2894 1286 6894 1608 943 960 1241 415 857 665 494
is_linear=0
shrinkage=0.05


Tree=83
num_leaves=15
num_cat=0
split_feature=2 13 48 18 9 16 9 65 60 31 65 0 9 65
split_gain=20280.9 3095.99 3185.09 2696.2 2423.21 2381.64 1721.87 2240.33 1809.32 1861.77 1547.99 1464.1 1588 2630.57
threshold=186.19145100000003 1.6473945741295528 12.375000000000002 28.433198104166667 167.14851550000003 143.83895250000003 290.2148160000001 292.35207400000007 -0.99892946161930163 16.862500000000004 149.900586 302.79461750000002 223.08690000000004 215.25594400000003
decision_type=2 2 2 2 2 2 2 2 2 2 2 2 2 2
left_child=1 10 3 -3 5 -5 8 -8 -2 -10 -1 12 13 -11
right_child=6 2 -4 4 -6 -7 7 -9 9 11 -12 -13 -14 -15
leaf_value=-0.059883775271302724 -0.12943872888137897 -0.087766758817083693 -0.042002285049473738 0.17127517168671885 0.010616515072771053 0.57637580764002916 -0.3735109626537278 0.072218708888909161 -0.13759031265542129 0.11190129894185552 -0.30177500309672822 0.41576532660875209 0.098276020639826087 0.30124853971979149
leaf_weight=5600 74 169 1163 337 233 40 41 85 68 502 66 42 2090 290
leaf_count=5600 74 169 1163 337 233 40 41 85 68 502 66 42 2090 290
internal_value=0.000297397 -0.0440836 0.0103941 0.0885722 0.13749 0.215668 0.106058 -0.0746193 0.113505 0.119555 -0.0627542 0.12558 0.121209 0.181525
internal_weight=10800 7608 1942 779 610 377 3192 126 3066 2992 5666 2924 2882 792
internal_count=10800 7608 1942 779 610 377 3192 126 3066 2992 5666 2924 2882 792
is_linear=0
shrinkage=0.05


Tree=84
num_leaves=15
num_cat=0
split_feature=2 65 3 2 22 0 48 36 48 15 20 51 22 24
split_gain=18399.3 2398.18 2176.63 2268.49 1969.62 1997.31 1851.29 1794.19 1678.27 1626.5 2423.86 1582.3 2322.46 1783.44
threshold=165.72361400000003 24.000000000000004 163.30129150000002 111.91807350000002 38.005665614583343 269.64119200000005 6.6250000000000009 22.871093750000004 6.8750000000000009 42.523274000000008 95.430012500000018 2.5000000000000004 147.13377104166668 219.74102000000002
decision_type=2 2 2 2 2 2 2 2 2 2 2 2 2 2
left_child=1 -1 3 6 -2 11 7 -3 -8 -10 -11 -6 13 -13
right_child=4 2 -4 -5 5 -7 8 -9 9 10 -12 12 -14 -15
leaf_value=-0.066130050990804254 0.41655559545343235 -0.027062658747521846 -0.17077504185820247 0.093827874253884225 0.030236783183258932 0.16620442590260912 -0.25199758603078565 0.440204000200278 0.0078284981672386809 -0.45652938877994365 -0.064331128814454644 -0.17370264952381453 0.41129623839631679 0.10511621485978728
leaf_weight=4698 46 40 186 566 1270 693 81 41 1277 43 382 59 59 1359
leaf_count=4698 46 40 186 566 1270 693 81 41 1277 43 382 59 59 1359
internal_value=0.000285424 -0.0447691 -0.00639688 0.00625023 0.0948003 0.0903779 -0.0203786 0.211939 -0.0310455 -0.0203883 -0.104991 0.0711953 0.106369 0.0934009
internal_weight=10800 7314 2616 2430 3486 3440 1864 81 1783 1702 425 2747 1477 1418
internal_count=10800 7314 2616 2430 3486 3440 1864 81 1783 1702 425 2747 1477 1418
is_linear=0
shrinkage=0.05


Tree=85
num_leaves=15
num_cat=0
split_feature=2 22 26 9 65 3 34 22 65 2 9 9 39 65
split_gain=16644.3 2152.24 2238.37 2109.06 1979.22 2085.46 2046.83 2520.91 1867.88 1837.97 1563.94 1383.77 1377.47 1342.78
threshold=149.12810850000002 36.183371145833341 22.012500000000003 161.00229900000002 24.000000000000004 163.30129150000002 17.135416666666668 27.444602249999999 210.55925300000004 111.91807350000002 290.2148160000001 232.32850950000002 84.375000000000014 295.90254450000003
decision_type=2 2 2 2 2 2 2 2 2 2 2 2 2 2
left_child=4 -2 3 -3 -1 6 -6 12 -5 -9 -4 -10 -8 -12
right_child=1 2 10 8 5 -7 7 9 11 -11 13 -13 -14 -15
leaf_value=-0.062824252481840093 0.42786587839541235 0.26661595028470941 0.11165852275024696 -0.15111177718775715 -0.26540566554050082 -0.20506430969474559 0.48292258048341391 -0.023203813220066354 0.16506900345041817 0.087090099091626183 -0.29401977668431672 -0.020432053767770783 0.07339510431601888 0.056883702002879649
leaf_weight=4698 45 70 2695 193 68 126 41 1732 139 482 43 356 41 71
leaf_count=4698 45 70 2695 193 68 126 41 1732 139 482 43 356 41 71
internal_value=0.000273286 0.0878222 0.0834136 0.00715345 -0.0437265 -0.00768306 0.00291952 0.0109785 -0.019594 0.000836257 0.103982 0.0318859 0.28151 -0.0768804
internal_weight=10800 3612 3567 758 7188 2490 2364 2296 688 2214 2809 495 82 114
internal_count=10800 3612 3567 758 7188 2490 2364 2296 688 2214 2809 495 82 114
is_linear=0
shrinkage=0.05


Tree=86
num_leaves=15
num_cat=0
split_feature=65 26 9 0 0 13 65 48 18 9 65 0 2 9
split_gain=15219.1 2883.05 2563.13 3327.64 2991.06 2501.34 2322.65 1635.77 2437.42 1527.65 3696.59 1536.17 1488.72 2175.68
threshold=190.79814500000001 17.525000000000002 223.08690000000004 230.45112850000001 242.21224350000003 1.3724561396087973 149.900586 12.375000000000002 28.433198104166667 275.02512300000006 259.06076850000005 267.50577000000004 135.31404800000004 186.35197700000001
decision_type=2 2 2 2 2 2 2 2 2 2 2 2 2 2
left_child=5 -2 3 -3 -4 6 -1 8 -7 11 -11 -6 -9 -14
right_child=1 2 4 -5 9 7 -8 12 -10 10 -12 -13 13 -15
leaf_value=-0.05184244222200321 -0.32362705195186342 0.14988797888172989 -0.039203774668708571 0.55833664815183048 0.082309835255944069 -0.063439174363389625 -0.3339464739367769 -0.059777471660882778 0.15126775729674202 -0.30595035418255689 0.084639129755244166 0.18684051757619025 0.087243225091862955 -0.12635529771807694
leaf_weight=5414 40 685 473 53 848 199 73 925 390 72 355 603 516 154
leaf_count=5414 40 685 473 53 848 199 73 925 390 72 355 603 516 154
internal_value=0.000262628 0.0931795 0.0986798 0.179937 0.0731068 -0.0376454 -0.0556558 0.00760805 0.0787421 0.1014 0.0182177 0.125849 -0.0186931 0.0380323
internal_weight=10800 3129 3089 738 2351 7671 5487 2184 589 1878 427 1451 1595 670
internal_count=10800 3129 3089 738 2351 7671 5487 2184 589 1878 427 1451 1595 670
is_linear=0
shrinkage=0.05


Tree=87
num_leaves=15
num_cat=0
split_feature=2 65 36 47 53 65 60 9 65 12 0 26 22 51
split_gain=13839.1 2097.62 1849.56 2041.76 1671.46 1747.6 1548.13 1957.17 2379.82 2326.45 2186.13 1512.1 1568.19 1834.34
threshold=186.19145100000003 24.000000000000004 25.787500000000001 65.013020833333357 -0.99465189230620676 220.10123150000001 -0.99892946161930163 232.32850950000002 209.88092950000001 246.79425500000005 219.21948700000004 17.012500000000003 27.444602249999999 2.5000000000000004
decision_type=2 2 2 2 2 2 2 2 2 2 2 2 2 2
left_child=1 -1 11 -4 5 -2 -6 8 -8 -9 -10 -3 -13 -14
right_child=4 2 3 -5 6 -7 7 9 10 -11 -12 12 13 -15
leaf_value=-0.057070963766808758 0.021721985250121298 -0.2332673596549093 0.053636642735775397 0.4391359644091648 -0.1266211175918579 -0.33637574342897208 0.088699030837235168 -0.037310256245362917 0.1979866305770778 0.10274409844355203 0.49371483027935031 0.20819111456413097 -0.062279101287208073 0.022923015423589512
leaf_weight=4698 201 75 137 45 74 40 389 355 266 1785 82 81 1112 1460
leaf_count=4698 201 75 137 45 74 40 389 355 266 1785 82 81 1112 1460
internal_value=0.00024948 -0.0364118 -0.00305072 0.150831 0.0876141 -0.0388577 0.0979523 0.103771 0.174029 0.0795042 0.268885 -0.0133685 -0.00706648 -0.0139239
internal_weight=10800 7608 2910 182 3192 241 2951 2877 737 2140 348 2728 2653 2572
internal_count=10800 7608 2910 182 3192 241 2951 2877 737 2140 348 2728 2653 2572
is_linear=0
shrinkage=0.05


Tree=88
num_leaves=15
num_cat=0
split_feature=65 26 9 0 0 13 65 0 53 48 18 2 9 9
split_gain=12495.2 2481.87 2250.25 3198.84 3150.48 2104.27 2152.43 1788.46 1660.75 1459.7 2192.31 1256.34 1930.92 1209.33
threshold=190.79814500000001 17.525000000000002 227.85165700000002 228.63528850000003 210.62775850000003 1.3724561396087973 149.900586 269.64119200000005 -0.98611507088852035 12.375000000000002 28.433198104166667 135.31404800000004 186.35197700000001 271.84868150000005
decision_type=2 2 2 2 2 2 2 2 2 2 2 2 2 2
left_child=5 -2 3 -3 -4 6 -1 8 -6 10 -7 -11 -13 -9
right_child=1 2 4 -5 7 9 -8 13 -10 11 -12 12 -14 -15
leaf_value=-0.046956694326883777 -0.30227662677445066 0.13315668108175557 -0.2358855637056487 0.5082150368320365 -0.16719603131330291 -0.060247446877881888 -0.31851912033429519 0.18926768203852809 0.058924802662900913 -0.05518891134150488 0.14337786808152564 0.081025301497160529 -0.1201985903041843 0.04600819023197876
leaf_weight=5414 40 712 83 61 85 199 73 463 1468 925 390 516 154 217
leaf_count=5414 40 712 83 61 85 199 73 463 1468 925 390 516 154 217
internal_value=0.000240597 0.0844326 0.0895364 0.163372 0.0648327 -0.0341078 -0.050627 0.0761109 0.046449 0.00739846 0.0745954 -0.0174471 0.0346636 0.143686
internal_weight=10800 3129 3089 773 2316 7671 5487 2233 1553 2184 589 1595 670 680
internal_count=10800 3129 3089 773 2316 7671 5487 2233 1553 2184 589 1595 670 680
is_linear=0
shrinkage=0.05


Tree=89
num_leaves=15
num_cat=0
split_feature=2 13 48 14 9 12 65 53 65 9 52 46 8 64
split_gain=11438.2 1750.04 2258.91 1931.18 2122.08 2057.2 1748.99 1506.21 1541.92 1425.96 1865.54 1404.07 1464.01 1390.35
threshold=186.19145100000003 1.3254992120623699 12.375000000000002 34.965333750000006 167.14851550000003 144.73887100000005 149.900586 -0.99465189230620676 220.10123150000001 157.72236450000003 -0.93540483100319605 89.609375000000014 159.78292150000001 195.84450150000001
decision_type=2 2 2 2 2 2 2 2 2 2 2 2 2 2
left_child=1 6 3 -3 5 -5 -1 8 -2 10 -4 12 -9 -14
right_child=7 2 9 4 -6 -7 -8 11 -10 -11 -12 -13 13 -15
leaf_value=-0.045303622535124759 0.016527907813594925 -0.062026014259200915 0.16614021928310396 0.1433169109698082 -0.0048503166005425787 0.50401402492697034 -0.32380494035192231 0.15404090405150117 -0.31985058259309795 -0.177412865534186 -0.038118239288132058 0.3803287487204482 -0.037097580437647541 0.081500527000041123
leaf_weight=5386 201 208 124 343 235 44 56 612 40 155 1057 40 281 2018
leaf_count=5386 201 208 124 343 235 44 56 612 40 155 1057 40 281 2018
internal_value=0.000227889 -0.0331018 0.00490796 0.0696432 0.113703 0.18552 -0.0482285 0.0796534 -0.0403935 -0.0353313 -0.0165496 0.0894677 0.0853417 0.0669948
internal_weight=10800 7608 2166 830 622 387 5442 3192 241 1336 1181 2951 2911 2299
internal_count=10800 7608 2166 830 622 387 5442 3192 241 1336 1181 2951 2911 2299
is_linear=0
shrinkage=0.05


Tree=90
num_leaves=15
num_cat=0
split_feature=2 22 26 51 37 65 31 24 22 46 3 1 48 15
split_gain=10379.4 1943.74 1675.76 2426.03 2160.23 1743.95 1625.01 1383.09 1095.04 1654.15 1083.19 1263.99 1294.16 937.448
threshold=129.95204400000003 36.183371145833341 28.987500000000004 2.5000000000000004 54.125000000000007 257.87228250000004 16.862500000000004 252.51749550000002 147.13377104166668 82.005208333333357 160.58055550000003 94.447084000000018 7.8750000000000009 42.523274000000008
decision_type=2 2 2 2 2 2 2 2 2 2 2 2 2 2
left_child=10 -2 3 5 -4 7 -5 -3 -8 -10 11 13 -13 -1
right_child=1 2 4 6 -6 -7 8 -9 9 -11 -12 12 -14 -15
leaf_value=-0.038694596291183943 0.36334298625588418 -0.3213855531846368 0.0669125250597363 -0.11318974928521762 0.27483094322878093 0.068213804765007532 0.085329630734103157 -0.030571990269767819 0.10977427112825572 0.4998520810429643 -0.27594488713335485 0.16763543899120517 -0.0040994000647468264 -0.13073652376984071
leaf_weight=5697 53 42 344 97 196 556 1655 840 83 40 46 128 733 290
leaf_count=5697 53 42 344 97 196 556 1655 840 83 40 46 128 733 290
internal_value=0.000218518 0.0653288 0.0611363 0.047795 0.142748 -0.00106708 0.0852496 -0.0447685 0.0961331 0.239637 -0.0366758 -0.0350285 0.0215963 -0.043174
internal_weight=10800 3906 3853 3313 540 1438 1875 882 1778 123 6894 6848 861 5987
internal_count=10800 3906 3853 3313 540 1438 1875 882 1778 123 6894 6848 861 5987
is_linear=0
shrinkage=0.05


Tree=91
num_leaves=15
num_cat=0
split_feature=2 65 36 9 0 65 9 47 9 65 65 0 11 26
split_gain=9413.8 1529.41 1577.64 1405.88 2168.45 1885.37 1844.19 1336.61 1327.61 1757.12 1300.84 1240.27 1222.85 1166.28
threshold=186.19145100000003 24.000000000000004 26.213020833333339 142.30916800000003 161.39364400000002 123.66876400000001 122.90141000000001 64.861979166666671 290.2148160000001 292.35207400000007 157.78331700000004 302.79461750000002 99.393461500000015 18.812500000000004
decision_type=2 2 2 2 2 2 2 2 2 2 2 2 2 2
left_child=1 -1 3 5 10 6 12 -4 11 -10 -5 13 -3 -2
right_child=8 2 7 4 -6 -7 -8 -9 9 -11 -12 -13 -14 -15
leaf_value=-0.047666462067975264 -0.18082625117491594 -0.020972484666359422 0.057286914382890179 -0.12039748350690518 -0.0049623304646096711 0.11119803517064973 -0.19342568706337165 0.39029534181198955 -0.35093182254405253 0.043949884232025338 -0.38873544534777893 0.34569138385528747 0.081445223165135236 0.078737896342240765
leaf_weight=4698 43 1345 97 139 350 368 130 43 41 85 67 42 371 2981
leaf_count=4698 43 1345 97 139 350 368 130 43 41 85 67 42 371 2981
internal_value=0.000210932 -0.0300259 -0.0015398 -0.00984102 -0.0808464 0.00801895 -0.0125989 0.161611 0.072266 -0.0862949 -0.209129 0.0788082 0.00120481 0.0749884
internal_weight=10800 7608 2910 2770 556 2214 1846 140 3192 126 206 3066 1716 3024
internal_count=10800 7608 2910 2770 556 2214 1846 140 3192 126 206 3066 1716 3024
is_linear=0
shrinkage=0.05


Tree=92
num_leaves=15
num_cat=0
split_feature=65 26 9 0 0 0 13 65 53 48 2 64 17 9
split_gain=8535.96 1973.71 2130.31 2727.66 2625.14 1495.02 1454.13 1927.94 1402.86 1139.85 1713.86 1173.49 1063.75 1041.63
threshold=190.79814500000001 17.525000000000002 227.85165700000002 228.63528850000003 210.62775850000003 269.64119200000005 1.3724561396087973 149.900586 -0.98611507088852035 12.375000000000002 42.523274000000008 141.29982250000003 75.223936112024205 271.84868150000005
decision_type=2 2 2 2 2 2 2 2 2 2 2 2 2 2
left_child=6 -2 3 12 -4 8 7 -1 -6 10 11 -8 -3 -7
right_child=1 2 4 -5 5 13 9 -9 -10 -11 -12 -13 -14 -15
leaf_value=-0.03845016819171243 -0.27503983552862959 0.10281448280925579 -0.22416785347186741 0.46457869139530006 -0.16283365042750228 0.1646837009799442 0.013075266881694496 -0.29544657231182664 0.044969305374786078 -0.015642044814349835 0.13676856579366087 -0.28025830575696581 0.36287025412145474 0.031798989402659988
leaf_weight=5414 40 671 83 61 85 463 202 73 1468 1595 347 40 41 217
leaf_count=5414 40 671 83 61 85 463 202 73 1468 1595 347 40 41 217
internal_value=0.000199463 0.0697862 0.0743389 0.14617 0.0503114 0.0606095 -0.0281903 -0.0419225 0.0334982 0.00631325 0.0656935 -0.0363634 0.118278 0.122387
internal_weight=10800 3129 3089 773 2316 2233 7671 5487 1553 2184 589 242 712 680
internal_count=10800 3129 3089 773 2316 2233 7671 5487 1553 2184 589 242 712 680
is_linear=0
shrinkage=0.05


Tree=93
num_leaves=15
num_cat=0
split_feature=2 22 65 9 35 51 26 47 24 61 20 65 3 1
split_gain=7882.48 1715.99 1462.19 3840.95 1463.77 1804.95 1942.3 1542.52 1319.49 1221.43 1618.3 1035.12 942.365 946.569
threshold=129.95204400000003 36.183371145833341 258.63541800000007 276.57951800000006 17.664583333333336 2.5000000000000004 27.712500000000002 71.240885416666671 295.75362100000007 -0.93540483100319605 274.29007000000007 187.44555600000004 160.58055550000003 94.447084000000018
decision_type=2 2 2 2 2 2 2 2 2 2 2 2 2 2
left_child=12 -2 3 4 -3 6 -6 -8 -7 10 -4 -10 13 -1
right_child=1 2 9 -5 5 8 7 -9 11 -11 -12 -13 -14 -15
leaf_value=-0.03747494014779424 0.33692516578809806 -0.25579376965761186 0.12391140679514573 -0.33529463306069379 -0.047316029610445731 0.070181933626656312 0.15854250351549126 -0.059150438683139066 0.04851189128537145 0.064756880199146008 0.40170641304954646 0.35305552329115858 -0.25512952867974631 0.018575848718867971
leaf_weight=5987 53 40 325 69 742 1109 263 117 44 1005 62 77 46 861
leaf_count=5987 53 40 325 69 742 1109 263 117 44 1005 62 77 46 861
internal_value=0.000189627 0.0569303 0.0529924 0.029807 0.0404745 0.0456196 -0.000249636 0.0915367 0.0874275 0.0939326 0.169337 0.243618 -0.0319621 -0.030426
internal_weight=10800 3906 3853 2461 2392 2352 1122 380 1230 1392 387 121 6894 6848
internal_count=10800 3906 3853 2461 2392 2352 1122 380 1230 1392 387 121 6894 6848
is_linear=0
shrinkage=0.05


Tree=94
num_leaves=15
num_cat=0
split_feature=2 22 65 9 35 51 26 47 24 61 20 15 33 65
split_gain=7116.13 1552.28 1357.96 3457.78 1362.63 1613.72 1761.16 1392.87 1201.72 1097.01 1463.85 941.977 930.385 914.583
threshold=129.95204400000003 38.005665614583343 258.63541800000007 276.57951800000006 17.793750000000006 2.5000000000000004 27.712500000000002 71.240885416666671 294.325579 -0.93540483100319605 274.29007000000007 212.44040550000003 26.971875000000004 183.39475350000004
decision_type=2 2 2 2 2 2 2 2 2 2 2 2 2 2
left_child=-1 -2 3 4 -3 6 12 -8 -7 10 -4 -9 -6 -10
right_child=1 2 9 -5 5 8 7 11 13 -11 -12 -13 -14 -15
leaf_value=-0.030365976401181938 0.29647417805229243 -0.23797347191721202 0.1177348408885186 -0.31876939744555527 -0.026321052250023333 0.065920063098351203 0.1506454059988204 -0.18624142217449846 0.036149132025561165 0.061743057955079721 0.38193991214983047 0.096104167455976663 -0.21104245228496823 0.32575851028942204
leaf_weight=6894 64 43 325 69 666 1100 263 63 41 999 62 54 75 82
leaf_count=6894 64 43 325 69 666 1100 263 63 41 999 62 54 75 82
internal_value=0.000182859 0.0540948 0.0499812 0.0276316 0.0377742 0.042932 -0.000408826 0.0869729 0.082626 0.0895363 0.160938 -0.056218 -0.0452768 0.230292
internal_weight=10800 3906 3842 2456 2387 2344 1121 380 1223 1386 387 117 741 123
internal_count=10800 3906 3842 2456 2387 2344 1121 380 1223 1386 387 117 741 123
is_linear=0
shrinkage=0.05


Tree=95
num_leaves=15
num_cat=0
split_feature=2 53 9 65 12 9 2 35 65 65 48 48 9 2
split_gain=6479.31 1225 1217.25 2227.7 1790.66 1525.04 1520.01 1283.62 1208.63 1139.15 1581.6 1614.27 1605.41 1835.99
threshold=186.19145100000003 -0.99465189230620676 232.32850950000002 204.80695250000002 246.79425500000005 202.67053300000003 198.84269600000002 21.90260416666667 220.10123150000001 24.000000000000004 6.6250000000000009 6.8750000000000009 113.77359350000002 111.91807350000002
decision_type=2 2 2 2 2 2 2 2 2 2 2 2 2 2
left_child=9 8 3 5 -4 -3 -5 -8 -2 -1 -11 -12 13 -13
right_child=1 2 4 6 -6 -7 7 -9 -10 10 11 12 -14 -15
leaf_value=-0.040133524085643774 0.0021797173001831122 0.098025516386736525 -0.052172209853975318 0.042727265268037419 0.069730183680985949 -0.12093399903332849 0.50351476413011553 0.21974662551951357 -0.29568434768333668 0.21615088631557985 -0.22520527581616148 0.0030791986731179117 -0.047470944241636941 0.13034815747491521
leaf_weight=4698 201 318 361 98 1800 105 49 220 40 81 81 1305 1082 361
leaf_count=4698 201 318 361 98 1800 105 49 220 40 81 81 1305 1082 361
internal_value=0.000176131 0.0599549 0.0688071 0.121897 0.0493514 0.0435168 0.211874 0.27311 -0.0482758 -0.0249091 -0.000324983 -0.00659731 -7.4051e-05 0.0307183
internal_weight=10800 3192 2951 790 2161 423 367 269 241 7608 2910 2829 2748 1666
internal_count=10800 3192 2951 790 2161 423 367 269 241 7608 2910 2829 2748 1666
is_linear=0
shrinkage=0.05


Tree=96
num_leaves=15
num_cat=0
split_feature=65 26 48 16 30 26 40 41 9 48 10 51 34 24
split_gain=5893.98 2731.41 2114.38 2723.33 1665.8 1525.88 1191.74 1711.54 1130.8 1525.99 1113.24 1087.41 1077.85 1303.8
threshold=106.36441800000001 17.275000000000002 11.375000000000002 124.43980800000001 23.962500000000002 23.962500000000002 91.125000000000014 88.875000000000014 272.25950450000005 16.125000000000004 291.36953275000002 2.5000000000000004 20.944791666666671 249.48173850000003
decision_type=2 2 2 2 2 2 2 2 2 2 2 2 2 2
left_child=-1 -2 4 -4 6 -5 12 -8 10 -10 11 -7 -3 -14
right_child=1 2 3 5 -6 8 7 -9 9 -11 -12 -13 13 -15
leaf_value=-0.030903514521174399 -0.28288867208692764 0.019169240821748205 -0.30719875957145071 -0.018039593069382912 0.34385879489091731 0.022942194005983428 0.49621282354360674 0.10922155745555551 0.023579709403737284 -0.2581123883470095 0.28021471193342501 0.11358158778845773 0.38425742932027435 0.093871688387125174
leaf_weight=6324 62 581 60 1027 64 644 40 97 339 55 65 681 40 721
leaf_count=6324 62 581 60 1027 64 644 40 97 339 55 65 681 40 721
internal_value=0.000169657 0.0440691 0.0487246 0.0233404 0.0959104 0.0305024 0.084956 0.224989 0.0584411 -0.0162967 0.0796222 0.0695779 0.0705037 0.109619
internal_weight=10800 4476 4414 2871 1543 2811 1479 137 1784 394 1390 1325 1342 761
internal_count=10800 4476 4414 2871 1543 2811 1479 137 1784 394 1390 1325 1342 761
is_linear=0
shrinkage=0.05


Tree=97
num_leaves=15
num_cat=0
split_feature=65 9 0 0 17 0 53 65 48 34 48 51 26 9
split_gain=5343.85 1554.59 2471.45 2072.2 1208.12 1172.84 1259.55 989.841 1390.05 1557.3 1460.26 1178.34 1415.15 1354.92
threshold=190.79814500000001 223.08690000000004 210.62775850000003 233.95246100000003 75.223936112024205 269.64119200000005 -0.98611507088852035 24.000000000000004 6.6250000000000009 20.127083333333335 6.8750000000000009 2.5000000000000004 21.012500000000003 147.76123150000004
decision_type=2 2 2 2 2 2 2 2 2 2 2 2 2 2
left_child=7 3 -3 4 -2 6 -4 -1 9 -9 -10 12 13 -12
right_child=1 2 5 -5 -6 -7 -8 8 10 -11 11 -13 -14 -15
leaf_value=-0.036582427251640855 0.078841855007820899 -0.18392003808078952 -0.15512144072882592 0.43584272967806714 0.34692954892085659 0.10197478066979418 0.034592639649364529 -0.019512349811223587 -0.21345846348601147 0.41594285746770243 -0.086835009045898914 0.030741632738720211 -0.011951934020249501 -0.40168093686754053
leaf_weight=4698 665 121 92 47 44 680 1480 40 81 41 157 1505 1106 43
leaf_count=4698 665 121 92 47 44 680 1480 40 81 41 157 1505 1106 43
internal_value=0.000165756 0.0552246 0.0353041 0.117623 0.0959444 0.0471594 0.0233982 -0.022297 0.000281848 0.203288 -0.00547231 0.000594671 -0.0341428 -0.156189
internal_weight=10800 3129 2373 756 709 2252 1572 7671 2973 81 2892 2811 1306 200
internal_count=10800 3129 2373 756 709 2252 1572 7671 2973 81 2892 2811 1306 200
is_linear=0
shrinkage=0.05


Tree=98
num_leaves=15
num_cat=0
split_feature=2 22 0 51 26 29 22 47 37 18 11 20 3 43
split_gain=4884.16 1287.32 1141.43 1112.99 1290.37 1188.73 1169.87 1187.15 917.692 1189.42 947.357 909.056 851.321 822.974
threshold=129.95204400000003 36.183371145833341 302.79461750000002 2.5000000000000004 28.362500000000004 23.612500000000004 147.13377104166668 76.917968750000014 50.125000000000007 211.69065464583335 267.69387700000004 248.11922550000006 163.30129150000002 66.875000000000014
decision_type=2 2 2 2 2 2 2 2 2 2 2 2 2 2
left_child=12 -2 3 4 5 -3 11 -8 9 -6 13 -5 -1 -10
right_child=1 2 -4 6 8 -7 7 -9 10 -11 -12 -13 -14 -15
leaf_value=-0.023770497090585815 0.28732190902724314 0.027635691823498173 0.2976474764995104 -0.0019938310379830171 -0.2209406226661734 -0.066405364228181607 0.10752977262997981 0.42599592944163656 0.28055145962251599 0.069387252648685421 -0.047560971554206771 0.07538670069192116 -0.24960121547891978 0.045151189172809775
leaf_weight=6853 53 755 42 529 43 604 100 41 121 177 45 1342 41 54
leaf_count=6853 53 755 42 529 43 604 100 41 121 177 45 1342 41 54
internal_value=0.000159022 0.0448231 0.0414137 0.0385125 0.00992759 -0.0141784 0.0640536 0.202481 0.0842457 0.0118984 0.156212 0.053519 -0.0251496 0.208583
internal_weight=10800 3906 3853 3811 1799 1359 2012 141 440 220 220 1871 6894 175
internal_count=10800 3906 3853 3811 1799 1359 2012 141 440 220 220 1871 6894 175
is_linear=0
shrinkage=0.05


Tree=99
num_leaves=15
num_cat=0
split_feature=65 26 48 16 30 26 51 54 42 9 10 40 41 34
split_gain=4467.32 2397.69 1889.4 2358.87 1442 1272.08 1340.7 1558.82 1215.66 1068.14 1390.4 1021.02 1534.1 914.607
threshold=106.36441800000001 17.225000000000005 11.375000000000002 124.43980800000001 23.962500000000002 30.012500000000003 2.5000000000000004 0.87837969732492682 76.625000000000014 112.81432700000001 122.73465937500002 91.125000000000014 88.875000000000014 20.944791666666671
decision_type=2 2 2 2 2 2 2 2 2 2 2 2 2 2
left_child=9 -2 4 -4 11 6 7 -5 -9 10 -1 13 -13 -3
right_child=1 2 3 5 -6 -7 -8 8 -10 -11 -12 12 -14 -15
leaf_value=-0.027665086551959261 -0.28106363661073408 0.01625958967919575 -0.28906310542685087 0.001372704470110771 0.31779998521965286 0.14181770115694101 0.047920682558117843 -0.38897855853618579 -0.086242248379935826 -0.15874429213255645 0.11776532661941277 0.46305354348406563 0.09789921244420112 0.099535384882556824
leaf_weight=6007 57 582 60 975 64 215 1432 42 149 149 168 40 99 761
leaf_count=6007 57 582 60 975 64 215 1432 42 149 149 168 40 99 761
internal_value=0.00015573 0.0383746 0.0425577 0.0185621 0.0871089 0.025224 0.0155243 -0.0242696 -0.154492 -0.0268966 -0.02369 0.0769389 0.205537 0.0634861
internal_weight=10800 4476 4419 2873 1546 2813 2598 1166 191 6324 6175 1482 139 1343
internal_count=10800 4476 4419 2873 1546 2813 2598 1166 191 6324 6175 1482 139 1343
is_linear=0
shrinkage=0.05


Tree=100
num_leaves=15
num_cat=0
split_feature=2 53 8 30 54 9 20 64 65 9 0 30 65 9
split_gain=4058.78 1025.84 1133.05 1076.77 1968.33 1707.82 1170.34 1161.34 1039.17 903.334 1213.58 849.551 762.054 1587.14
threshold=186.19145100000003 -0.99465189230620676 166.57770300000001 27.712500000000002 0.87837969732492682 180.25518350000002 295.90254450000003 205.79348500000003 220.10123150000001 231.31079250000002 218.01924050000002 18.962500000000002 24.000000000000004 142.30916800000003
decision_type=2 2 2 2 2 2 2 2 2 2 2 2 2 2
left_child=12 8 11 5 -5 -4 7 -7 -2 10 -9 -3 -1 -14
right_child=1 2 3 4 -6 6 -8 9 -10 -11 -12 -13 13 -15
leaf_value=-0.032158005792527887 -0.004745787398723683 -0.025496337070099767 0.29597572287711416 0.036315530658059994 -0.38759856907332818 -0.072816265188562476 0.25542173421289011 0.066782501723845394 -0.28097585704995365 0.031954273471689575 0.30873761999774985 0.13855958214723446 0.018572135766572399 -0.074585937065831526
leaf_weight=4698 201 92 66 82 40 229 60 195 40 1575 70 542 2343 567
leaf_count=4698 201 92 66 82 40 229 60 195 40 1575 70 542 2343 567
internal_value=0.000148275 0.0474612 0.0555631 0.0393251 -0.104694 0.0473739 0.0395318 0.0331507 -0.0515647 0.0463714 0.131616 0.114751 -0.0197059 0.000401331
internal_weight=10800 3192 2951 2317 122 2195 2129 2069 241 1840 265 634 7608 2910
internal_count=10800 3192 2951 2317 122 2195 2129 2069 241 1840 265 634 7608 2910
is_linear=0
shrinkage=0.05


Tree=101
num_leaves=15
num_cat=0
split_feature=65 26 9 0 43 51 22 51 26 49 9 41 33 54
split_gain=3743.95 2141.19 1833.01 1390.08 2382.97 1122.89 1488.8 1770.65 1391.53 1348.22 1107.46 936.048 909.805 884.254
threshold=108.82221200000002 17.275000000000002 107.96800900000001 94.447084000000018 71.875000000000014 2.5000000000000004 147.13377104166668 3.5000000000000004 30.362500000000004 1.5000000000000002 121.97390900000001 66.125000000000014 20.818750000000005 1.0000000180025095e-35
decision_type=2 2 2 2 2 2 2 2 2 2 2 2 2 2
left_child=10 -2 12 4 -4 8 -7 -8 9 -5 -1 -11 -3 -14
right_child=1 2 3 5 -6 6 7 -9 -10 11 -12 -13 13 -15
leaf_value=-0.021516764719625599 -0.25623037407415045 0.088558167557864678 -0.44048025113780326 0.054124753487021872 0.0010402082288560788 0.052828048317535362 0.086068316133293729 0.46894369677174841 0.15845697594388408 -0.11735627158991435 -0.17946516554308151 -0.0095864754930273816 0.46041667215202164 0.14219528909979595
leaf_weight=6278 61 105 40 669 120 1962 83 47 146 266 112 822 45 44
leaf_count=6278 61 105 40 669 120 1962 83 47 146 266 112 822 45 44
internal_value=0.00014213 0.0355744 0.0397252 0.0326852 -0.11139 0.0384818 0.0637556 0.227016 0.0106791 -0.00168385 -0.0243128 -0.0360182 0.189565 0.306422
internal_weight=10800 4410 4349 4155 160 3995 2092 130 1903 1757 6390 1088 194 89
internal_count=10800 4410 4349 4155 160 3995 2092 130 1903 1757 6390 1088 194 89
is_linear=0
shrinkage=0.05


Tree=102
num_leaves=15
num_cat=0
split_feature=2 48 65 9 9 0 0 9 53 53 16 0 17 26
split_gain=3439.49 1696.85 1250.33 2708.49 1194.39 1468.5 1101.4 1139.92 1596.85 962.032 856.373 853.058 829.317 851.197
threshold=111.91807350000002 8.8750000000000018 258.63541800000007 276.57951800000006 171.80616150000003 204.79491400000003 257.68170650000008 221.97237050000004 -0.98611507088852035 -0.9733555533461492 273.98582500000003 205.27766150000005 6.6703789095446808 27.637500000000003
decision_type=2 2 2 2 2 2 2 2 2 2 2 2 2 2
left_child=-1 4 3 6 -2 -6 7 12 -9 10 -4 -10 -3 -14
right_child=1 2 9 -5 5 -7 -8 8 11 -11 -12 -13 13 -15
leaf_value=-0.022793767664361059 0.34525283514307098 -0.18183376253867636 0.11316670336044179 -0.29968363171875745 0.017845029050918067 0.34221805690423301 0.076203967844859 -0.29261934445865118 -0.19020129117286869 0.050161828979656445 0.3771581195022275 -0.0033098381362212988 0.0090637349448629122 0.10727514600917368
leaf_weight=6504 64 48 129 69 145 45 580 66 71 1179 40 402 1188 270
leaf_count=6504 64 48 129 69 145 45 580 66 71 1179 40 402 1188 270
internal_value=0.000137282 0.0348513 0.0269521 0.00727321 0.159956 0.0960597 0.0154528 -0.00180614 -0.0641368 0.0662462 0.177501 -0.0317054 0.0205299 0.0273121
internal_weight=10800 4296 4042 2694 254 190 2625 2045 539 1348 169 473 1506 1458
internal_count=10800 4296 4042 2694 254 190 2625 2045 539 1348 169 473 1506 1458
is_linear=0
shrinkage=0.05


Tree=103
num_leaves=15
num_cat=0
split_feature=1 46 35 48 26 37 51 8 49 30 12 24 28 9
split_gain=3146.45 1701.86 1130.71 1130.6 1306.49 1579.83 1551.87 822.972 798.988 728.805 719.642 659.761 654.947 648.875
threshold=96.925260500000022 90.546875000000014 17.664583333333336 11.375000000000002 29.012500000000003 54.125000000000007 2.5000000000000004 24.000000000000004 1.5000000000000002 21.612500000000004 264.96360250000004 307.27302800000007 28.812500000000004 147.76123150000004
decision_type=2 2 2 2 2 2 2 2 2 2 2 2 2 2
left_child=13 2 -2 7 6 11 8 -4 -5 -10 -9 -6 -8 -1
right_child=1 -3 3 4 5 -7 12 10 9 -11 -12 -13 -14 -15
leaf_value=-0.022088102536591776 -0.16649048507301692 0.29998399597303621 0.2363117748950149 0.010561009433001756 0.060395689219182647 0.23574630340858216 0.04265462764232008 0.043698871814525808 0.0091309977023590477 -0.10053938357109245 0.14879968020276954 -0.15547555035225788 -0.10326497661478727 -0.19783440743274283
leaf_weight=6033 73 57 70 501 259 137 1541 1000 208 555 194 40 80 52
leaf_count=6033 73 57 70 501 259 137 1541 1000 208 555 194 40 80 52
internal_value=0.000132491 0.0307879 0.0274301 0.0305532 0.0152259 0.0957926 0.00302116 0.07078 -0.03849 -0.0706695 0.0608858 0.0310946 0.0353939 -0.0236222
internal_weight=10800 4715 4658 4585 3321 436 2885 1264 1264 763 1194 299 1621 6085
internal_count=10800 4715 4658 4585 3321 436 2885 1264 1264 763 1194 299 1621 6085
is_linear=0
shrinkage=0.05


Tree=104
num_leaves=15
num_cat=0
split_feature=65 9 0 0 21 12 9 43 8 9 2 9 10 3
split_gain=2860.87 1371.27 2025.12 1744.59 1010.09 899.883 888.205 1040.8 877.208 802.678 1078.63 1491.73 1322.95 1135.71
threshold=190.79814500000001 227.85165700000002 210.62775850000003 228.63528850000003 29.177304534289629 243.04556800000003 290.2148160000001 64.875000000000014 235.20974350000003 200.20144850000003 149.12810850000002 157.72236450000003 166.06963150000004 163.30129150000002
decision_type=2 2 2 2 2 2 2 2 2 2 2 2 2 2
left_child=9 3 4 -2 -3 -4 8 -8 -7 10 13 -12 -13 -1
right_child=1 2 5 -5 -6 6 7 -9 -10 -11 11 12 -14 -15
leaf_value=-0.016632293434028288 0.07547579588633721 -0.064598994467767984 -0.049841242778621266 0.35197735694988119 -0.38454987075002423 0.12074995979163494 0.016540213120056362 -0.29244360842446732 0.034598321011676668 -0.13366500480178664 0.15346159342328206 -0.27320370509527453 0.024608276014836023 -0.16872098481357101
leaf_weight=6862 733 61 297 61 41 371 81 40 1444 142 221 42 280 124
leaf_count=6862 733 61 297 61 41 371 81 40 1444 142 221 42 280 124
internal_value=0.000127448 0.040413 0.0210919 0.0971344 -0.195692 0.0310774 0.0435104 -0.087163 0.0522652 -0.0163081 -0.0140773 0.053742 -0.0149623 -0.0193556
internal_weight=10800 3129 2335 794 102 2233 1936 121 1815 7671 7529 543 322 6986
internal_count=10800 3129 2335 794 102 2233 1936 121 1815 7671 7529 543 322 6986
is_linear=0
shrinkage=0.05


Tree=105
num_leaves=15
num_cat=0
split_feature=1 46 65 9 35 51 26 40 47 45 61 15 11 0
split_gain=2650.33 1546.24 960.565 2473.02 1068.75 1229.18 995.365 1218.16 1177.41 1088.03 883.051 1042.38 770.084 712.233
threshold=94.447084000000018 90.546875000000014 258.63541800000007 276.57951800000006 17.664583333333336 2.5000000000000004 27.712500000000002 68.875000000000014 71.028645833333343 55.427083333333336 -0.93540483100319605 212.77793450000004 91.053470000000019 213.80468900000002
decision_type=2 2 2 2 2 2 2 2 2 2 2 2 2 2
left_child=12 2 3 4 -2 6 7 -6 9 -8 11 -4 -1 -10
right_child=1 -3 10 -5 5 -7 8 -9 13 -11 -12 -13 -14 -15
leaf_value=-0.020538567818606839 -0.21798831062624233 0.27193242113571614 0.094743750822234754 -0.28412376135055512 -0.10385923129192449 0.04955115563315602 0.040277193650465719 0.002831491422506399 -0.23980528036268747 0.24934077593209897 0.0348361305475944 0.35946350713216124 -0.23541796579957008 0.010241778137439744
leaf_weight=5956 47 63 341 69 418 1667 175 740 40 96 1013 41 41 93
leaf_count=5956 47 63 341 69 418 1667 175 740 40 96 1013 41 41 93
internal_value=0.00011827 0.0277921 0.0244905 0.00994797 0.0162266 0.0197022 -0.0121646 -0.0357367 0.0553224 0.114981 0.0593293 0.12402 -0.0220466 -0.0661887
internal_weight=10800 4803 4740 3345 3276 3229 1562 1158 404 271 1395 382 5997 133
internal_count=10800 4803 4740 3345 3276 3229 1562 1158 404 271 1395 382 5997 133
is_linear=0
shrinkage=0.05


Tree=106
num_leaves=15
num_cat=0
split_feature=65 26 9 33 51 47 49 26 17 40 9 10 17 13
split_gain=2427.37 1660.84 1743.31 1239.63 1010.63 1283.88 1211.98 1465.45 1080.25 1007.35 937.963 1053.33 921.394 914.946
threshold=106.36441800000001 17.225000000000005 105.66305050000001 20.818750000000005 2.5000000000000004 78.959635416666671 1.5000000000000002 22.512500000000003 13.663158637717466 91.125000000000014 112.81432700000001 122.73465937500002 1.7709616939878006 13.351496810053431
decision_type=2 2 2 2 2 2 2 2 2 2 2 2 2 2
left_child=10 -2 3 -3 6 9 -4 8 -8 12 11 -1 -6 -5
right_child=1 2 4 13 5 -7 7 -9 -10 -11 -12 -13 -14 -15
leaf_value=-0.020285236965629276 -0.23756803655675773 0.059129514709501618 0.050488618723643769 0.45633927547931674 -0.14183750113782784 0.0056812461104365514 -0.35970413583989552 0.0022659837042142846 -0.085477954148629451 0.30248070400953297 -0.14337554947674896 0.10629212301652934 0.08208594497739545 0.1352678671739129
leaf_weight=6007 57 105 736 49 47 980 40 940 301 49 149 168 1130 42
leaf_count=6007 57 105 736 49 47 980 40 940 301 49 149 168 1130 42
internal_value=0.000112409 0.0282847 0.0317669 0.177164 0.0249783 0.048359 -0.000604464 -0.0299765 -0.118603 0.0824409 -0.0198287 -0.0168249 0.0730314 0.311234
internal_weight=10800 4476 4419 196 4223 2206 2017 1281 341 1226 6324 6175 1177 91
internal_count=10800 4476 4419 196 4223 2206 2017 1281 341 1226 6324 6175 1177 91
is_linear=0
shrinkage=0.05


Tree=107
num_leaves=15
num_cat=0
split_feature=2 4 26 9 48 10 51 53 28 43 26 28 8 65
split_gain=2247.9 1303.32 932.554 961.286 1541.29 891.835 796.37 1022.95 669.865 847.122 589.881 1072.59 583.974 529.133
threshold=198.84269600000002 69.10047950000002 20.987500000000004 272.25950450000005 16.375000000000004 291.36953275000002 2.5000000000000004 -0.99465189230620676 28.812500000000004 59.625000000000007 28.137500000000003 28.762500000000003 213.40162650000002 24.000000000000004
decision_type=2 2 2 2 2 2 2 2 2 2 2 2 2 2
left_child=13 -2 -3 5 -5 6 7 -4 -8 -10 11 12 -9 -1
right_child=1 2 3 4 -6 -7 8 10 9 -11 -12 -13 -14 -15
leaf_value=-0.024389913097653437 0.29349107437443978 -0.076836263345451003 -0.13790297799084025 0.0092153989522214281 -0.27427986851840652 0.23170315514717787 0.091755703748802389 0.11092555928670256 0.12769115821617405 -0.17046453163942749 0.094497871342236583 -0.23452357823072478 -0.0058435576881577331 0.0019606531256310027
leaf_weight=4698 48 179 95 502 52 69 987 144 40 56 275 42 409 3204
leaf_count=4698 48 179 95 502 52 69 987 144 40 56 275 42 409 3204
internal_value=0.000107769 0.0377676 0.0333593 0.0407701 -0.0178405 0.0561092 0.050083 0.0170254 0.0794958 -0.0461973 0.0340818 0.0060467 0.0247082 -0.0137067
internal_weight=10800 2898 2850 2671 554 2117 2048 965 1083 96 870 595 553 7902
internal_count=10800 2898 2850 2671 554 2117 2048 965 1083 96 870 595 553 7902
is_linear=0
shrinkage=0.05


Tree=108
num_leaves=15
num_cat=0
split_feature=2 4 16 29 8 30 20 42 16 61 34 53 64 28
split_gain=2028.83 1179.14 845.617 1145.15 882.994 862.382 1069.89 686.595 675.982 628.885 748.383 615.563 525.206 1054.55
threshold=198.84269600000002 69.10047950000002 249.76574550000001 20.012500000000003 189.76806900000005 27.762500000000003 295.90254450000003 80.375000000000014 260.48309450000005 -0.9733555533461492 25.525000000000002 -0.98611507088852035 249.76574550000001 26.587500000000002
decision_type=2 2 2 2 2 2 2 2 2 2 2 2 2 2
left_child=-1 -2 11 8 7 6 12 -5 -4 -9 -11 -3 13 -6
right_child=1 2 3 4 5 -7 -8 9 -10 10 -12 -13 -14 -15
leaf_value=-0.013021538538684358 0.27911599887610999 -0.17174013461639634 0.10426944555271241 0.23601782021837103 0.030961311592521974 -0.15303243747420453 0.21625532678195408 -0.091213091338674224 0.33449924642101247 0.15993031642793382 0.018860174908869619 -0.007046764878736388 0.037942858721177558 -0.10717633363354516
leaf_weight=7902 48 66 104 71 365 70 69 53 46 193 183 371 1038 221
leaf_count=7902 48 66 104 71 365 70 69 53 46 193 183 371 1038 221
internal_value=0.000102552 0.0358803 0.0316872 0.043276 0.0343633 0.0177063 0.0248519 0.0929432 0.176621 0.0687703 0.0915033 -0.0322557 0.0165916 -0.0212288
internal_weight=10800 2898 2850 2413 2263 1763 1693 500 150 429 376 437 1624 586
internal_count=10800 2898 2850 2413 2263 1763 1693 500 150 429 376 437 1624 586
is_linear=0
shrinkage=0.05


Tree=109
num_leaves=15
num_cat=0
split_feature=1 46 60 35 22 46 51 26 37 40 11 24 0 24
split_gain=1861.66 1389.04 784.79 739.239 874.374 832.038 810.957 1406.32 1211.1 760.996 678.488 610.337 606.1 590.254
threshold=94.447084000000018 90.546875000000014 -0.99892946161930163 17.664583333333336 38.005665614583343 84.088541666666671 2.5000000000000004 28.762500000000003 54.875000000000007 70.625000000000014 91.053470000000019 307.27302800000007 125.89937800000001 284.15934500000009
decision_type=2 2 2 2 2 2 2 2 2 2 2 2 2 2
left_child=10 2 -2 -4 5 -5 7 9 11 12 -1 -9 -6 -14
right_child=1 -3 3 4 6 -7 -8 8 -10 -11 -12 -13 13 -15
leaf_value=-0.01705999332474856 -0.13415261871629844 0.25468844469287433 -0.13504381290037337 0.34255984638418474 -0.1424345419059988 0.028932230056009513 0.043026305972616134 0.053500770202871153 0.20028123171165074 0.011390683976300277 -0.21875058167414474 -0.152188522977278 -0.0044170483391847192 -0.11091123303042705
leaf_weight=5956 80 63 72 41 156 43 2309 223 144 969 41 42 484 177
leaf_count=5956 80 63 72 41 156 43 2309 223 144 969 41 42 484 177
internal_value=0.000101473 0.0232952 0.0201666 0.0228441 0.0253507 0.184242 0.0223471 0.000584297 0.0840996 -0.0185774 -0.0184751 0.0204514 -0.0540913 -0.0330581
internal_weight=10800 4803 4740 4660 4588 84 4504 2195 409 1786 5997 265 817 661
internal_count=10800 4803 4740 4660 4588 84 4504 2195 409 1786 5997 265 817 661
is_linear=0
shrinkage=0.05


Tree=110
num_leaves=15
num_cat=0
split_feature=65 26 9 9 10 0 43 9 0 48 9 36 60 12
split_gain=1698.75 1395.38 1658.31 999.746 1050.48 911.259 2053.73 777.462 1750.05 1422.63 916.447 803.165 759.267 695.839
threshold=108.82221200000002 17.225000000000005 107.96800900000001 111.81625550000001 122.73465937500002 94.447084000000018 71.875000000000014 167.14851550000003 163.56473950000003 18.375000000000004 152.23935200000003 21.539322916666666 -0.99892946161930163 121.41262050000002
decision_type=2 2 2 2 2 2 2 2 2 2 2 2 2 2
left_child=3 -2 13 4 -1 6 -4 8 10 12 11 -7 -9 -3
right_child=1 2 5 -5 -6 7 -8 9 -10 -11 -12 -13 -14 -15
leaf_value=-0.016490240987181534 -0.22184658092364931 0.11772140696779582 -0.40161579440279704 -0.13123845064648143 0.10709629184705999 0.22497818798703306 0.007784860681925642 -0.12752779690019878 0.30382054132458414 -0.12760847154919036 -0.16744082033148278 0.036476335220126804 0.027483183318822747 0.34536281331357632
leaf_weight=6031 56 151 40 183 176 67 121 80 75 162 45 338 3232 43
leaf_count=6031 56 151 40 183 176 67 121 80 75 162 45 338 3232 43
internal_value=9.64892e-05 0.0239635 0.0271753 -0.0163763 -0.0129692 0.02049 -0.0957808 0.0251938 0.0818481 0.016611 0.044261 0.0681379 0.0237016 0.16969
internal_weight=10800 4410 4354 6390 6207 4160 161 3999 525 3474 450 405 3312 194
internal_count=10800 4410 4354 6390 6207 4160 161 3999 525 3474 450 405 3312 194
is_linear=0
shrinkage=0.05


Tree=111
num_leaves=15
num_cat=0
split_feature=2 9 65 37 0 12 9 48 9 37 8 64 16 9
split_gain=1560.62 1050.1 1846.51 1790.48 1496.47 793.175 761.498 1376.49 663.468 620.337 609.645 544.651 535.921 509.366
threshold=198.84269600000002 232.32850950000002 215.25594400000003 71.125000000000014 210.62775850000003 243.04556800000003 270.73891950000007 16.375000000000004 202.67053300000003 64.375000000000014 235.20974350000003 193.77464550000005 283.84321050000005 146.08976850000002
decision_type=2 2 2 2 2 2 2 2 2 2 2 2 2 2
left_child=13 2 8 -4 -3 -6 10 -8 9 -2 -7 12 -11 -1
right_child=1 4 3 -5 5 6 7 -9 -10 11 -12 -13 -14 -15
leaf_value=-0.0071489604663161795 -0.015738034309422385 -0.21380098521709445 0.1029401305339111 0.38535318383015693 -0.063648078217335938 0.12214641500473605 0.0094310423600480718 -0.26198769005234629 -0.048535411836762812 0.14668181385699805 0.03654862977482131 0.26018921164463144 -0.077497851685052965 -0.049164797537577382
leaf_weight=7100 121 69 192 79 242 265 555 50 192 76 962 55 40 802
leaf_count=7100 121 69 192 79 242 265 555 50 192 76 962 55 40 802
internal_value=9.15582e-05 0.0314705 0.0821376 0.186381 0.01359 0.0212545 0.0324984 -0.0133956 0.0235058 0.0708793 0.0551199 0.131905 0.0693768 -0.011419
internal_weight=10800 2898 755 271 2143 2074 1832 605 484 292 1227 171 116 7902
internal_count=10800 2898 755 271 2143 2074 1832 605 484 292 1227 171 116 7902
is_linear=0
shrinkage=0.05


Tree=112
num_leaves=15
num_cat=0
split_feature=65 26 24 9 0 22 51 65 30 22 47 49 39 9
split_gain=1482.43 1237.2 1488.47 947.822 1252.06 1024.23 878.349 1112.76 1312.73 864.573 1312.59 810.667 616.029 641.232
threshold=92.337511500000019 17.012500000000003 179.72790950000004 99.957571500000014 71.967546000000013 145.39236452083335 2.5000000000000004 257.87228250000004 19.087500000000002 147.13377104166668 76.917968750000014 1.5000000000000002 44.375000000000007 256.84630900000008
decision_type=2 2 2 2 2 2 2 2 2 2 2 2 2 2
left_child=-1 -2 -3 5 -5 -4 7 8 -6 -8 -11 -10 -13 -14
right_child=1 2 3 4 6 -7 9 -9 11 10 -12 12 13 -15
leaf_value=-0.016773065390241582 -0.19797826136928054 0.23858799081814441 0.059302326237586946 -0.24307205600941437 -0.27037281030789018 0.28652711811735004 0.029743574379375137 0.043763874593923072 0.033663523640317466 0.061213928601651826 0.39558761909649509 0.13045085281858013 -0.046924223544085798 -0.20932425180252531
leaf_weight=5906 63 78 270 46 55 60 2143 710 425 105 40 44 790 65
leaf_count=5906 63 78 270 46 55 60 2143 710 425 105 40 44 790 65
internal_value=8.84882e-05 0.020436 0.0233247 0.0197426 0.0136319 0.101357 0.0163846 -0.00705563 -0.0332336 0.0377798 0.155533 -0.023186 -0.0500691 -0.0595005
internal_weight=10800 4894 4831 4753 4423 330 4377 2089 1379 2288 145 1324 899 855
internal_count=10800 4894 4831 4753 4423 330 4377 2089 1379 2288 145 1324 899 855
is_linear=0
shrinkage=0.05


Tree=113
num_leaves=15
num_cat=0
split_feature=65 9 19 53 17 46 22 16 38 36 51 0 9 36
split_gain=1362.54 1718.8 881.116 735.994 734.717 698.441 662.383 646.685 481.489 454.295 456.288 1094.79 1027.06 692.186
threshold=258.63541800000007 276.57951800000006 214.08212300000002 -0.9733555533461492 46.226624869382128 90.151041666666671 38.005665614583343 264.90394650000002 59.125000000000007 17.284635416666671 2.5000000000000004 81.513918500000003 94.828613500000003 23.387760416666669
decision_type=2 2 2 2 2 2 2 2 2 2 2 2 2 2
left_child=1 2 4 7 9 6 -6 -2 -9 -1 -11 -12 -13 -14
right_child=3 -3 -4 -5 5 -7 -8 8 -10 10 11 12 13 -15
leaf_value=-0.1268228254436205 0.040757114233494533 -0.2536265054451568 0.11406585955109716 0.03252819504000095 0.1861268970443577 0.23638574199880971 0.013659554965886347 0.11305121126246045 0.34966728258877994 -0.02261089574099227 -0.016415537458169396 0.14173390755848725 0.040250368570482212 -0.045616105319118333
leaf_weight=83 81 69 152 1238 60 42 640 43 45 3842 3023 198 976 308
leaf_count=83 81 69 152 1238 60 42 640 43 45 3842 3023 198 976 308
internal_value=8.54268e-05 -0.00678952 -0.00493586 0.0459542 -0.0069202 0.0407458 0.0286869 0.143535 0.236617 -0.01112 -0.00995448 0.000841921 0.0360312 0.0196336
internal_weight=10800 9393 9324 1407 9172 742 700 169 88 8430 8347 4505 1482 1284
internal_count=10800 9393 9324 1407 9172 742 700 169 88 8430 8347 4505 1482 1284
is_linear=0
shrinkage=0.05


Tree=114
num_leaves=15
num_cat=0
split_feature=53 17 26 65 61 9 46 46 15 53 7 61 27 40
split_gain=1245.92 944.192 1083.46 1558.22 1357.58 928.308 863.469 1179.3 836.75 795.588 1444.89 895.156 1475.33 785.423
threshold=-0.19509032201612839 19.595518256219851 20.512500000000003 90.634957500000013 -0.5277851165098012 290.2148160000001 90.546875000000014 92.005208333333357 217.50623400000003 -0.16280825711808986 165.07754800000001 -0.19509032201612839 20.762500000000003 69.625000000000014
decision_type=2 2 2 2 2 2 2 2 2 2 2 2 2 2
left_child=1 2 3 -1 -5 -4 8 -8 13 10 -2 12 -11 -3
right_child=9 6 5 4 -6 -7 7 -9 -10 11 -12 -13 -14 -15
leaf_value=-0.00010267867220808631 0.077219841099447684 -0.020762577949572116 0.016719110226716644 -0.38765850947453429 -0.058129175127513949 -0.17067496585727171 0.37521848535503854 0.008935030317968792 0.14173130379787771 -0.021251283024532209 -0.28698329095329561 -0.015086581324450158 0.34509414786715875 0.042467686169632229
leaf_weight=183 44 666 1566 64 61 68 43 44 165 68 69 5850 45 1864
leaf_count=183 44 666 1566 64 61 68 43 44 165 68 69 5850 45 1864
internal_value=8.48733e-05 0.0193427 -0.00741041 -0.0932709 -0.228586 0.00882096 0.0380139 0.192178 0.0329677 -0.0148885 -0.145736 -0.0123849 0.126386 0.0258213
internal_weight=10800 4724 1942 308 125 1634 2782 87 2695 6076 113 5963 113 2530
internal_count=10800 4724 1942 308 125 1634 2782 87 2695 6076 113 5963 113 2530
is_linear=0
shrinkage=0.05


Tree=115
num_leaves=15
num_cat=0
split_feature=65 9 19 53 17 46 57 9 16 30 38 60 40 6
split_gain=1163.79 1532.47 779.93 651.382 607.737 585.197 596.563 1018.2 581.608 428.35 428.253 407.892 458.647 1014.25
threshold=258.63541800000007 276.57951800000006 214.08212300000002 -0.9733555533461492 46.226624869382128 90.151041666666671 1.0000000180025095e-35 209.80644200000003 264.90394650000002 16.025000000000002 59.125000000000007 -0.99892946161930163 47.625000000000007 212.05684700000003
decision_type=2 2 2 2 2 2 2 2 2 2 2 2 2 2
left_child=1 2 4 8 9 6 7 -6 -2 -1 -10 -11 13 -13
right_child=3 -3 -4 -5 5 -7 -8 -9 10 11 -12 12 -14 -15
leaf_value=-0.16581461040133783 0.036829274726986161 -0.23934702233411376 0.10743769746200711 0.029842498074841923 0.25975601487990579 0.21603971036627542 0.0045339506109419144 -0.026972017061533567 0.10602759359489111 -0.11352629103968222 0.32915286083665229 -0.073423603384744851 -0.010202926113395325 0.14324762234529417
leaf_weight=43 81 69 152 1238 65 42 577 58 43 92 45 86 8067 142
leaf_count=43 81 69 152 1238 65 42 577 58 43 92 45 86 8067 142
internal_value=8.0846e-05 -0.00627293 -0.00452264 0.0424724 -0.00638957 0.0369622 0.0259246 0.125424 0.134272 -0.0102093 0.222542 -0.00939182 -0.00822332 0.061557
internal_weight=10800 9393 9324 1407 9172 742 700 123 169 8430 88 8387 8295 228
internal_count=10800 9393 9324 1407 9172 742 700 123 169 8430 88 8387 8295 228
is_linear=0
shrinkage=0.05


Tree=116
num_leaves=15
num_cat=0
split_feature=53 17 26 65 61 9 43 3 25 18 9 53 7 61
split_gain=1061.14 795.438 968.774 1407.08 1224.9 819.74 805.904 929.627 899.135 884.071 734.048 740.266 1307.56 787.074
threshold=-0.19509032201612839 19.595518256219851 20.512500000000003 87.394937500000012 -0.5277851165098012 290.2148160000001 83.875000000000014 289.58042400000005 105.47634175289163 28.433198104166667 221.97237050000004 -0.16280825711808986 165.07754800000001 -0.19509032201612839
decision_type=2 2 2 2 2 2 2 2 2 2 2 2 2 2
left_child=1 2 3 -1 -5 -4 7 9 -8 -3 11 12 -2 -13
right_child=10 6 5 4 -6 -7 8 -9 -10 -11 -12 13 -14 -15
leaf_value=0.0012291511083072654 0.074116357482141917 -0.15404789297575397 0.016066463745362067 -0.36735327913210947 -0.055647490071576267 -0.16002916446414547 0.075866353485921564 0.25047356187469427 0.31982913603159518 0.026286807974902671 -0.16714209119317594 0.12078256164595746 -0.27233625702027764 -0.011889567964277393
leaf_weight=182 44 69 1566 64 62 68 276 44 43 2350 76 113 69 5774
leaf_count=182 44 69 1566 64 62 68 276 44 43 2350 76 113 69 5774
internal_value=7.95978e-05 0.0178521 -0.00670339 -0.0878926 -0.21562 0.00864473 0.0349895 0.0252793 0.109648 0.0210814 -0.0137389 -0.0117683 -0.137968 -0.00932287
internal_weight=10800 4724 1942 308 126 1634 2782 2463 319 2419 6076 6000 113 5887
internal_count=10800 4724 1942 308 126 1634 2782 2463 319 2419 6076 6000 113 5887
is_linear=0
shrinkage=0.05


Tree=117
num_leaves=15
num_cat=0
split_feature=2 9 65 37 0 61 26 9 65 12 32 12 9 11
split_gain=998.154 932.583 1462.94 1595.64 1242.71 881.379 676.271 618.154 1793.16 1485.33 848.236 806.121 625.304 620.971
threshold=198.84269600000002 232.32850950000002 215.25594400000003 71.125000000000014 241.54590150000004 -0.9733555533461492 23.962500000000002 146.08976850000002 128.36177500000005 170.91090300000005 21.962500000000002 122.70117900000001 130.69559600000002 99.393461500000015
decision_type=2 2 2 2 2 2 2 2 2 2 2 2 2 2
left_child=7 2 -2 -4 5 -3 -7 8 12 10 -9 -10 13 -1
right_child=1 4 3 -5 -6 6 -8 9 11 -11 -12 -13 -14 -15
leaf_value=-0.012899199694809047 0.020728791064520358 -0.25832756155480946 0.08700415432221531 0.35349332954734569 0.024979232172889169 -0.076771524414989703 0.12878749640658499 -0.095327516708645851 0.042349027965532908 -0.01822459676983244 -0.34084972044674022 0.19841479125996711 -0.1388366523128684 0.04211393135325385
leaf_weight=6108 484 56 192 79 1799 241 47 90 200 654 58 141 92 559
leaf_count=6108 484 56 192 79 1799 241 47 90 200 654 58 141 92 559
internal_value=7.42115e-05 0.0251693 0.0729163 0.165703 0.00832138 -0.0786133 -0.0428959 -0.00913124 -0.00442785 -0.0507124 -0.193188 0.107272 -0.0100783 -0.00828096
internal_weight=10800 2898 755 271 2143 344 288 7902 7100 802 148 341 6759 6667
internal_count=10800 2898 755 271 2143 344 288 7902 7100 802 148 341 6759 6667
is_linear=0
shrinkage=0.05


Tree=118
num_leaves=15
num_cat=0
split_feature=65 9 19 61 3 47 47 17 65 2 13 35 42 0
split_gain=950.92 1376.1 669.677 613.903 661.757 517.427 495.552 493.05 796.428 1691.55 425.53 363.951 388.009 700.999
threshold=258.63541800000007 276.57951800000006 214.08212300000002 -0.88144907265856332 273.48420700000003 76.727864583333357 69.876302083333357 61.075702236085867 229.58777250000003 110.80504650000002 1.0975788036037224 16.320833333333336 84.375000000000014 81.513918500000003
decision_type=2 2 2 2 2 2 2 2 2 2 2 2 2 2
left_child=1 2 7 4 10 6 -5 11 9 -9 -2 -1 -13 -14
right_child=3 -3 -4 5 -6 -7 -8 8 -10 -11 -12 12 13 -15
leaf_value=-0.11504424251144446 -0.016892104285458724 -0.22653634805764469 0.099730865416281372 -0.018390883767556043 0.24260029076175257 -0.030876710744032379 0.092059681592545253 -0.014227602269070654 0.0097898788217333013 0.41685307280773798 0.085880776523932154 -0.012957501525368341 -0.019320803891723474 0.040329120664596457
leaf_weight=78 134 69 152 167 54 394 257 51 304 40 401 6724 930 1045
leaf_count=78 134 69 152 167 54 394 257 51 304 40 401 6724 930 1045
internal_value=7.03003e-05 -0.00567306 -0.0040145 0.0383893 0.0772655 0.0103363 0.0486158 -0.00574447 0.0488309 0.17773 0.060156 -0.00820587 -0.00723478 0.0122452
internal_weight=10800 9393 9324 1407 589 818 424 9172 395 91 535 8777 8699 1975
internal_count=10800 9393 9324 1407 589 818 424 9172 395 91 535 8777 8699 1975
is_linear=0
shrinkage=0.05


Tree=119
num_leaves=15
num_cat=0
split_feature=65 9 61 3 40 6 3 26 17 41 3 25 53 19
split_gain=858.682 1250.66 554.462 598.716 520.82 800.924 559.933 499.503 476.857 405.712 632.131 401.315 499.71 431.014
threshold=258.63541800000007 282.33339050000006 -0.88144907265856332 273.48420700000003 47.375000000000007 212.05684700000003 284.82648600000005 30.162500000000005 80.489368219987426 59.875000000000007 237.08434650000004 116.8281284716516 0.22695468355932433 214.08212300000002
decision_type=2 2 2 2 2 2 2 2 2 2 2 2 2 2
left_child=1 4 3 -2 5 -1 8 -4 11 10 -7 13 -13 -6
right_child=2 -3 7 -5 6 9 -8 -9 -10 -11 -12 12 -14 -15
leaf_value=-0.064898425547163116 0.057154675067442387 -0.27442483350981112 -0.002205254895738805 0.23069082245230677 -0.0084378776140860423 0.17636980766223537 -0.19070111314607105 0.13656384190150969 0.1361811353016045 0.21716757704271006 -0.024196982745552202 0.22188560255548678 -0.0055400738625654153 0.12950305318492547
leaf_weight=91 535 42 748 54 8789 71 40 70 58 63 86 42 55 56
leaf_count=91 535 42 748 54 8789 71 40 70 58 63 86 42 55 56
internal_value=6.92525e-05 -0.00538846 0.0364824 0.0734286 -0.00415087 0.059364 -0.00634227 0.0098221 -0.0055018 0.110824 0.0670474 -0.00643592 0.0941922 -0.00755
internal_weight=10800 9393 1407 589 9351 311 9040 818 9000 220 157 8942 97 8845
internal_count=10800 9393 1407 589 9351 311 9040 818 9000 220 157 8942 97 8845
is_linear=0
shrinkage=0.05


Tree=120
num_leaves=15
num_cat=0
split_feature=53 9 2 53 7 64 8 8 21 26 39 25 34 65
split_gain=791.616 710.967 1206.97 660.335 1185.17 726.408 777.839 658.318 791.439 648.411 1066.04 2192.47 726.937 590.923
threshold=-0.19509032201612839 180.25518350000002 214.30479900000003 -0.16280825711808986 165.07754800000001 102.91330200000002 140.10094300000003 24.000000000000004 21.111772525676731 19.512500000000003 87.125000000000014 106.11089252990644 19.231250000000006 258.63541800000007
decision_type=2 2 2 2 2 2 2 2 2 2 2 2 2 2
left_child=7 2 3 4 -2 -5 -7 8 -1 12 13 -12 -9 -11
right_child=1 -3 -4 5 -6 6 -8 9 -10 10 11 -13 -14 -15
leaf_value=-0.025706816620678988 0.072478943715492891 -0.082338143648981316 0.19716289743902427 -0.014195696814578966 -0.2573337125991072 0.099013848069582105 -0.013604312799771074 -0.028562214710281131 0.13348908221136921 -0.0048603053129642713 0.05040225236654975 0.44985447885786622 -0.2522790501757366 0.037177972444156888
leaf_weight=116 44 337 70 4944 69 310 302 321 236 2503 214 40 40 1254
leaf_count=116 44 337 70 4944 69 310 302 321 236 2503 214 40 40 1254
internal_value=6.91931e-05 -0.0118661 -0.00771424 -0.0102784 -0.129402 -0.00783274 0.0435093 0.0154196 0.0811026 0.0101139 0.0158945 0.114826 -0.0539792 0.00917726
internal_weight=10800 6076 5739 5669 113 5556 612 4724 352 4372 4011 254 361 3757
internal_count=10800 6076 5739 5669 113 5556 612 4724 352 4372 4011 254 361 3757
is_linear=0
shrinkage=0.05


Tree=121
num_leaves=15
num_cat=0
split_feature=65 34 22 51 22 20 26 24 8 26 37 46 24 3
split_gain=718.461 888.966 1619.75 1071.29 1189.94 2326.89 1104.4 940.867 784.595 705.388 846.178 836.112 699.484 1133.72
threshold=24.000000000000004 17.135416666666668 25.219638276041668 2.5000000000000004 146.95078990625004 261.95849400000003 21.262500000000003 266.21698650000002 111.75901200000001 28.762500000000003 54.875000000000007 71.072916666666671 284.15934500000009 267.1966680000001
decision_type=2 2 2 2 2 2 2 2 2 2 2 2 2 2
left_child=-1 -2 -3 6 -5 -6 7 8 -4 11 -11 12 -8 -14
right_child=1 2 3 4 5 -7 9 -9 -10 10 -12 -13 13 -15
leaf_value=-0.014628242189371827 -0.14119731337277894 0.29716835755854848 0.056029536761343479 0.023770488519836864 0.48706947019914298 0.058916418395050754 -0.020388137497876026 -0.20191006651406901 -0.1182311956367145 0.0078993019654548594 0.14833765457558554 0.020212237992412854 -0.065916629350238343 -0.34228432528350666
leaf_weight=4698 93 49 123 2967 40 142 718 125 134 314 162 994 196 45
leaf_count=4698 93 49 123 2967 40 142 718 125 134 314 162 994 196 45
internal_value=6.74028e-05 0.0113823 0.0137668 0.0113874 0.0314113 0.155163 -0.0110475 -0.0899588 -0.0349362 0.00139456 0.0559063 -0.0119133 -0.0451976 -0.118722
internal_weight=10800 6102 6009 5960 3149 182 2811 382 257 2429 476 1953 959 241
internal_count=10800 6102 6009 5960 3149 182 2811 382 257 2429 476 1953 959 241
is_linear=0
shrinkage=0.05


Tree=122
num_leaves=15
num_cat=0
split_feature=65 9 0 9 53 65 0 8 9 8 21 3 0 19
split_gain=666.498 1151.42 559.326 975.669 1169.8 999.803 667.029 582.794 557 515.479 621.451 828.153 493.005 526.124
threshold=258.63541800000007 276.57951800000006 257.68170650000008 221.97237050000004 -0.98611507088852035 190.79814500000001 204.79491400000003 94.060183500000008 202.67053300000003 249.19958150000005 21.685582581697577 277.80985600000002 270.02924000000007 199.94320350000004
decision_type=2 2 2 2 2 2 2 2 2 2 2 2 2 2
left_child=1 2 3 5 -5 8 -6 -7 -1 10 -2 -12 13 -11
right_child=9 -3 -4 4 6 7 -8 -9 -10 12 11 -13 -14 -15
leaf_value=-0.0055272727991993688 -0.12034831732148077 -0.20677308601992472 0.044280030646981765 -0.26700379340700919 -0.18274879870451477 0.15121836549174178 -0.018426295415161751 0.033224823156134724 -0.13816022814251483 0.00056246552937146697 0.063256708641379777 0.28746577984756894 0.060040651474491502 -0.13188997956406739
leaf_weight=7541 40 69 580 66 72 136 403 447 79 449 504 44 281 89
leaf_count=7541 40 69 580 66 72 136 403 447 79 449 504 44 281 89
internal_value=6.49348e-05 -0.00474339 -0.00322631 -0.00638216 -0.0713545 -0.00208897 -0.0436657 0.0609617 -0.00692029 0.0321454 0.0678206 0.0817497 0.00648107 -0.0215529
internal_weight=10800 9393 9324 8744 541 8203 475 583 7620 1407 588 548 819 538
internal_count=10800 9393 9324 8744 541 8203 475 583 7620 1407 588 548 819 538
is_linear=0
shrinkage=0.05


Tree=123
num_leaves=15
num_cat=0
split_feature=2 9 65 37 0 9 0 65 9 4 12 10 65 34
split_gain=625.505 786.639 1194.13 1403.22 1037.4 674.557 1804.36 1553.82 1319.45 864.54 838.301 774.101 1115.78 774.055
threshold=198.84269600000002 232.32850950000002 215.25594400000003 71.125000000000014 210.62775850000003 152.23935200000003 158.45529200000001 123.66876400000001 122.90141000000001 201.29493450000004 122.70117900000001 129.92640112500001 88.651813000000018 21.617708333333336
decision_type=2 2 2 2 2 2 2 2 2 2 2 2 2 2
left_child=5 2 -2 -4 -3 7 9 8 11 -7 -9 -1 -13 -12
right_child=1 4 3 -5 -6 6 -8 10 -10 -11 13 12 -14 -15
leaf_value=-0.0078213506032140043 0.016632244235442319 -0.18486627028988942 0.073857602907508771 0.32367925656028096 0.010838086091301753 -0.38253754591042144 -0.018904742970397431 0.026807144643165744 -0.14065642477539572 -0.10708879583157026 0.34894575002518569 -0.058391158800158244 0.19387232363883375 0.11020651771362777
leaf_weight=6332 484 69 192 79 2074 52 629 259 183 64 43 71 112 157
leaf_count=6332 484 69 192 79 2074 52 629 259 183 64 43 71 112 157
internal_value=5.96936e-05 0.0199255 0.0637771 0.147606 0.00445354 -0.00722753 -0.0524735 -0.00251102 -0.00861472 -0.23278 0.0863828 -0.00488478 0.0962142 0.163016
internal_weight=10800 2898 755 271 2143 7902 745 7157 6698 116 459 6515 183 200
internal_count=10800 2898 755 271 2143 7902 745 7157 6698 116 459 6515 183 200
is_linear=0
shrinkage=0.05


Tree=124
num_leaves=15
num_cat=0
split_feature=65 48 36 48 24 51 26 26 37 55 4 26 43 64
split_gain=585.479 827.771 1121.15 1053.21 727.381 724.988 905.001 810.328 756.274 709.301 805.576 853.294 781.265 752.906
threshold=24.000000000000004 6.6250000000000009 22.871093750000004 6.8750000000000009 270.45135800000008 2.5000000000000004 18.425000000000001 28.762500000000003 55.375000000000007 1.0000000180025095e-35 268.22867000000002 22.662500000000005 71.125000000000014 234.15636550000002
decision_type=2 2 2 2 2 2 2 2 2 2 2 2 2 2
left_child=-1 2 -2 4 -3 7 -7 9 -9 10 11 12 13 -5
right_child=1 3 -4 5 -6 6 -8 8 -10 -11 -12 -13 -14 -15
leaf_value=-0.013208430393409302 -0.020876357986069308 -0.020418545497315272 0.34850596058226768 -0.31586798345049227 -0.31878531996796777 -0.059175311980892542 0.035122412951727626 0.0086635279630722702 0.14453606815296133 0.016078276200042315 -0.19015493630106714 0.00089685572072202005 -0.045306179912778431 -0.08077560920132007
leaf_weight=4698 40 41 41 59 40 278 2900 328 148 838 85 800 423 81
leaf_count=4698 40 41 41 59 40 278 2900 328 148 838 85 800 423 81
internal_value=5.7656e-05 0.0102719 0.168065 0.00812153 -0.169851 0.0105766 0.0268576 -0.00815946 0.0511241 -0.0205207 -0.041698 -0.0323073 -0.0794069 -0.181388
internal_weight=10800 6102 81 6021 81 5940 3178 2762 476 2286 1448 1363 563 140
internal_count=10800 6102 81 6021 81 5940 3178 2762 476 2286 1448 1363 563 140
is_linear=0
shrinkage=0.05


Tree=125
num_leaves=15
num_cat=0
split_feature=0 13 21 9 65 26 28 40 28 47 25 48 48 26
split_gain=547.209 472.157 892.317 1002.01 1013.48 766.229 1072.33 677.047 645.096 612.434 699.319 763.508 752.666 669.904
threshold=302.79461750000002 1.3254992120623699 91.136302617449857 271.84868150000005 271.56136950000007 28.725000000000005 29.737500000000004 46.625000000000007 27.887500000000003 71.692708333333357 102.3925514805117 18.375000000000004 17.875000000000004 22.787500000000005
decision_type=2 2 2 2 2 2 2 2 2 2 2 2 2 2
left_child=1 -1 3 5 -5 6 7 -3 9 13 -11 12 -12 -9
right_child=-2 2 -4 4 -6 -7 -8 8 -10 10 11 -13 -14 -15
leaf_value=-0.0092440143475681046 0.17806316007708395 0.14128219407537709 0.087262946149869444 -0.29823570184526033 -0.042340968679086183 0.080987026231731693 -0.24376626660137679 -0.11112004627846182 -0.097179769025190377 0.00040830076209628712 0.076717603758791317 0.0030646195590614956 0.28225504928827289 0.00027664391103686425
leaf_weight=6435 42 91 361 47 202 360 42 199 150 1605 427 375 49 415
leaf_count=6435 42 91 361 47 202 360 42 199 150 1605 427 375 49 415
internal_value=5.24089e-05 -0.000659043 0.0121193 0.00525224 -0.0916421 0.0117731 0.00431987 0.00753949 0.00371712 0.00867697 0.0198437 0.0564556 0.0984232 -0.0359495
internal_weight=10800 10758 4323 3962 249 3713 3353 3311 3220 3070 2456 851 476 614
internal_count=10800 10758 4323 3962 249 3713 3353 3311 3220 3070 2456 851 476 614
is_linear=0
shrinkage=0.05


Tree=126
num_leaves=15
num_cat=0
split_feature=65 9 19 8 21 3 47 17 36 43 3 14 28 37
split_gain=525.779 1012.03 478.164 465.328 548.885 702.799 451.233 351.944 342.992 482.663 337.077 492.887 409.98 762.615
threshold=258.63541800000007 276.57951800000006 214.08212300000002 249.19958150000005 21.685582581697577 277.80985600000002 76.986979166666671 80.489368219987426 24.179687500000004 54.125000000000007 270.02924000000007 263.83539866666678 28.762500000000003 55.625000000000007
decision_type=2 2 2 2 2 2 2 2 2 2 2 2 2 2
left_child=1 2 7 4 -2 -6 -5 10 -4 -10 11 -1 -12 -14
right_child=3 -3 8 6 5 -7 -8 -9 9 -11 12 -13 13 -15
leaf_value=-0.0045236858439797814 -0.11439087976042817 -0.19362648189067844 0.16969931879595146 0.034469139265612042 0.058493878842552777 0.26504021469089717 -0.041173147049762236 0.11746638535316718 0.1381557489550391 -0.096134380971392 -0.0082269577745427477 0.1277460414968746 -0.025292361723259094 -0.30650913599060803
leaf_weight=8805 40 69 66 491 504 44 328 58 42 44 140 70 59 40
leaf_count=8805 40 69 66 491 504 44 328 58 42 44 140 70 59 40
internal_value=5.00125e-05 -0.00422066 -0.00279839 0.0285434 0.0624384 0.0755305 0.00416201 -0.00426028 0.084866 0.0185592 -0.00504773 -0.00346616 -0.0635184 -0.140844
internal_weight=10800 9393 9324 1407 588 548 819 9172 152 86 9114 8875 239 99
internal_count=10800 9393 9324 1407 588 548 819 9172 152 86 9114 8875 239 99
is_linear=0
shrinkage=0.05


Tree=127
num_leaves=15
num_cat=0
split_feature=53 9 2 53 7 61 27 8 21 7 47 17 26 25
split_gain=476.597 646.048 991.988 555.446 992.735 598.42 1245.95 552.626 611.759 573.885 1317.23 1085.21 736.952 645.944
threshold=-0.19509032201612839 180.25518350000002 214.30479900000003 -0.16280825711808986 165.07754800000001 -0.19509032201612839 20.762500000000003 24.000000000000004 21.111772525676731 114.36017550000001 71.582031250000014 40.332012008875544 19.512500000000003 115.07125642071684
decision_type=2 2 2 2 2 2 2 2 2 2 2 2 2 2
left_child=7 2 3 4 -2 6 -5 8 -1 12 -11 -12 -9 -14
right_child=1 -3 -4 5 -6 -7 -8 9 -10 10 11 -13 13 -15
leaf_value=-0.021773641301780687 0.067904870866073511 -0.076389848729202903 0.18048071865792531 -0.02752597508007202 -0.23392423216785707 -0.0077108536512658686 0.30904081522122673 -0.075562562920526488 0.11819479040829034 -0.037134444271338815 0.076429425148125008 0.32038251720368865 0.0095001017516260222 -0.18772154418485507
leaf_weight=116 44 337 70 68 69 5443 45 289 236 186 176 61 3619 41
leaf_count=116 44 337 70 68 69 5443 45 289 236 186 176 61 3619 41
internal_value=4.80729e-05 -0.00921276 -0.00525543 -0.0075803 -0.116833 -0.00533765 0.10804 0.0119588 0.0721378 0.00709822 0.0623764 0.140301 0.00116276 0.00724012
internal_weight=10800 6076 5739 5669 113 5556 113 4724 352 4372 423 237 3949 3660
internal_count=10800 6076 5739 5669 113 5556 113 4724 352 4372 423 237 3949 3660
is_linear=0
shrinkage=0.05


Tree=128
num_leaves=15
num_cat=0
split_feature=0 57 36 53 53 40 39 9 48 47 42 15 22 51
split_gain=473.99 415.221 1231.96 852.101 485.901 459.908 450.451 743.127 858.906 532.52 437.791 1090.34 1051.76 558.413
threshold=302.79461750000002 1.0000000180025095e-35 26.213020833333339 -0.99465189230620676 0.32143946530316164 66.875000000000014 87.875000000000014 167.14851550000003 6.3750000000000009 82.634114583333357 83.125000000000014 267.36735600000003 138.40552468750002 3.5000000000000004
decision_type=2 2 2 2 2 2 2 2 2 2 2 2 2 2
left_child=1 2 3 -1 6 -6 7 8 -5 -8 11 -3 -12 -14
right_child=-2 10 -4 4 5 -7 9 -9 -10 -11 12 -13 13 -15
leaf_value=-0.19686748537680376 0.16572150834078014 -0.0094224971284176777 0.25815043275598093 -0.0096244921793743055 -0.17196669326152741 -0.00040756184807313339 -0.14122025148390094 0.035573321769282906 0.24922135518863797 0.077979346121452298 -0.0027156869564320301 -0.2121620870834745 0.043175303639293144 0.15848498334238928
leaf_weight=45 42 6533 53 48 41 559 63 567 95 48 2137 66 354 149
leaf_count=45 42 6533 53 48 41 559 63 567 95 48 2137 66 354 149
internal_value=4.75865e-05 -0.000614559 0.0236023 0.0149526 0.0217942 -0.0123974 0.0467667 0.0614055 0.162873 -0.0465813 -0.00459823 -0.011482 0.0126065 0.0775793
internal_weight=10800 10758 1519 1466 1421 600 821 710 143 111 9239 6599 2640 503
internal_count=10800 10758 1519 1466 1421 600 821 710 143 111 9239 6599 2640 503
is_linear=0
shrinkage=0.05


Tree=129
num_leaves=15
num_cat=0
split_feature=65 9 61 13 37 3 47 47 40 6 3 36 65 47
split_gain=445.546 929.164 436.301 457.904 438.433 391.727 389.925 421.601 368.496 601.99 512.949 345.359 970.974 1299.68
threshold=258.63541800000007 282.33339050000006 -0.88144907265856332 1.7041383089792135 51.125000000000007 263.81563600000004 76.727864583333357 69.876302083333357 46.625000000000007 212.05684700000003 284.82648600000005 26.213020833333339 63.145266500000005 64.861979166666671
decision_type=2 2 2 2 2 2 2 2 2 2 2 2 2 2
left_child=1 8 3 -2 -5 -6 7 -4 9 -1 11 -10 -13 -14
right_child=2 -3 6 4 5 -7 -8 -9 10 -11 -12 12 13 -15
leaf_value=-0.059979624435349946 0.00800136769864075 -0.23577736449796102 -0.02589184884979789 -0.035856738489753799 0.092302924478105439 0.24182606373320925 -0.033133228581422307 0.075949749563795396 -0.0057506371965488617 0.099207927789493444 -0.17891572099622519 -0.015580209393390002 0.042658420423247731 0.3880566594440763
leaf_weight=83 252 42 167 52 231 54 394 257 8670 203 41 232 82 40
leaf_count=83 252 42 167 52 231 54 394 257 8670 203 41 232 82 40
internal_value=4.63365e-05 -0.00388501 0.0262757 0.0590486 0.0970837 0.12138 0.00263441 0.0358711 -0.00281836 0.0529621 -0.00458388 -0.00377208 0.0445656 0.158138
internal_weight=10800 9393 1407 589 337 285 818 424 9351 286 9065 9024 354 122
internal_count=10800 9393 1407 589 337 285 818 424 9351 286 9065 9024 354 122
is_linear=0
shrinkage=0.05


Tree=130
num_leaves=15
num_cat=0
split_feature=0 51 36 0 9 9 12 63 22 17 24 30 65 9
split_gain=426.664 395.276 1138.8 827.572 864.963 600.592 561.218 502.347 494.769 850.01 697.854 492.983 652.033 555.882
threshold=302.79461750000002 2.5000000000000004 26.213020833333339 81.513918500000003 94.828613500000003 98.502104500000016 295.75362100000007 1.0000000180025095e-35 147.13377104166668 46.226624869382128 288.22990800000008 19.262500000000003 97.706414000000009 102.93903650000001
decision_type=2 2 2 2 2 2 2 2 2 2 2 2 2 2
left_child=1 6 3 5 -5 -3 7 -1 10 -10 -6 -9 -13 -14
right_child=-2 2 -4 4 8 -7 -8 11 9 -11 -12 12 13 -15
leaf_value=-0.022543143378850605 0.15723124673200209 -0.0074587871839637242 0.23682031506603518 0.12655495869329395 0.019912094633244642 -0.13923489058614588 -0.1867268718696303 -0.15948865865578965 0.032945073765933246 0.30072521153928305 -0.094954700213163462 -0.0090536948982687885 0.22289718076248063 0.039533381545777097
leaf_weight=2920 42 3045 53 200 2127 88 44 41 108 40 140 1207 43 702
leaf_count=2920 42 3045 53 200 2127 88 44 41 108 40 140 1207 43 702
internal_value=4.56729e-05 -0.000582548 0.00827638 0.00612824 0.0268894 -0.0112034 -0.0109494 -0.0093375 0.0185865 0.106851 0.0127797 0.0100121 0.0136521 0.0504014
internal_weight=10800 10758 5801 5748 2615 3133 4957 4913 2415 148 2267 1993 1952 745
internal_count=10800 10758 5801 5748 2615 3133 4957 4913 2415 148 2267 1993 1952 745
is_linear=0
shrinkage=0.05


Tree=131
num_leaves=15
num_cat=0
split_feature=0 6 13 49 36 53 16 51 64 22 20 65 28 9
split_gain=399.51 521.44 490.974 373.579 914.3 908.946 573.755 354.194 536.801 1149.92 1685.72 629.347 490.171 443.139
threshold=270.02924000000007 272.71499900000009 3.1392281656120145 1.0000000180025095e-35 26.055989583333339 -0.99465189230620676 253.56385600000002 2.5000000000000004 76.601832000000016 146.95078990625004 261.95849400000003 68.269408500000011 28.812500000000004 146.08976850000002
decision_type=2 2 2 2 2 2 2 2 2 2 2 2 2 2
left_child=3 2 -2 4 5 -1 -7 13 11 12 -11 -9 -10 -5
right_child=1 -3 -4 7 -6 6 -8 8 9 10 -12 -13 -14 -15
leaf_value=-0.2148681314218612 0.015862869054260778 -0.13560102377030089 0.10800174400335112 -0.0067602436178414412 0.24323523778054451 0.0042421521469413375 0.084664566313735617 -0.010078924802415398 0.01572220212658753 0.43155513594790201 0.022964403216740981 -0.17423272273813686 -0.13275585569964166 -0.043496223405853657
leaf_weight=41 409 40 223 2928 44 1039 281 2184 2250 40 66 59 56 1140
leaf_count=41 409 40 223 2928 44 1039 281 2184 2250 40 66 59 56 1140
internal_value=4.57833e-05 0.03735 0.0484932 -0.00243282 0.0214853 0.014143 0.0214135 -0.0062873 0.00313135 0.019501 0.179742 -0.0144726 0.0120605 -0.0170631
internal_weight=10800 672 632 10128 1405 1361 1320 8723 4655 2412 106 2243 2306 4068
internal_count=10800 672 632 10128 1405 1361 1320 8723 4655 2412 106 2243 2306 4068
is_linear=0
shrinkage=0.05


Tree=132
num_leaves=15
num_cat=0
split_feature=0 20 13 21 9 3 42 26 37 35 51 47 46 31
split_gain=383.159 346.678 338.98 708.492 693.121 647.416 607.228 584.57 533.473 564.156 515.055 524.132 658.087 536.5
threshold=302.79461750000002 322.54412650000006 1.3254992120623699 91.136302617449857 271.84868150000005 240.49638400000001 83.125000000000014 28.725000000000005 51.125000000000007 29.603645833333339 2.5000000000000004 80.070312500000014 89.151041666666671 20.862500000000004
decision_type=2 2 2 2 2 2 2 2 2 2 2 2 2 2
left_child=1 2 -1 4 7 -6 -7 10 -9 -10 -4 12 13 -12
right_child=-2 -3 3 -5 5 6 -8 8 9 -11 11 -13 -14 -15
leaf_value=-0.0072525613805384977 0.14900092889749728 -0.14566592018051847 -0.019233861524869243 0.077828444399515903 0.017164701390054042 -0.24656404766624107 -0.039020119469080655 0.0042664691996079215 0.18612916528723622 0.0039839494274929166 0.070805875824498279 -0.013679178482258414 0.23047646832102064 0.0025350563376614621
leaf_weight=6433 42 40 1413 361 106 72 69 163 130 63 524 704 43 637
leaf_count=6433 42 40 1413 361 106 72 69 163 130 63 524 704 43 637
internal_value=4.4459e-05 -0.000550873 4.24152e-06 0.0108979 0.00472218 -0.0761853 -0.14599 0.0101763 0.0709737 0.126999 0.00363965 0.0205802 0.040607 0.0333825
internal_weight=10800 10758 10718 4285 3924 247 141 3677 356 193 3321 1908 1204 1161
internal_count=10800 10758 10718 4285 3924 247 141 3677 356 193 3321 1908 1204 1161
is_linear=0
shrinkage=0.05


Tree=133
num_leaves=15
num_cat=0
split_feature=65 9 65 0 65 11 9 17 61 21 5 65 20 43
split_gain=356.13 873.676 2560.39 983.515 544.495 423.459 709.481 1118.07 973.868 697.201 612.967 482.155 491.042 392.18
threshold=258.63541800000007 262.70326300000005 229.58777250000003 259.76202200000006 214.41369250000002 242.35526600000003 221.97237050000004 72.972667020859518 -0.9733555533461492 23.162086312767968 277.80985600000002 212.20246450000005 234.16816900000001 67.875000000000014
decision_type=2 2 2 2 2 2 2 2 2 2 2 2 2 2
left_child=1 5 3 -3 -5 6 7 -1 -8 -10 -7 -11 -13 -14
right_child=-2 2 -4 4 -6 10 8 -9 9 11 -12 12 13 -15
leaf_value=-0.0020267699169398421 0.023493661110437228 -0.15634393601988752 -0.35587882288895989 -0.00017672334243321703 0.2575045183664415 0.025928621034454521 -0.28510763229595287 0.22624079860332938 0.14601348088847266 -0.22000922114523347 0.22272184978044313 -0.20406518297769677 -0.094708297991219464 0.024520527401027531
leaf_weight=8136 1407 47 67 41 40 502 44 53 44 42 42 40 108 187
leaf_count=8136 1407 47 67 41 40 502 44 53 44 42 42 40 108 187
internal_value=4.34895e-05 -0.00347129 -0.107929 0.0236105 0.128662 -0.00124528 -0.00393697 -0.000521956 -0.0639477 -0.0402128 0.041503 -0.0622762 -0.0419048 -0.0193018
internal_weight=10800 9393 195 128 81 9198 8654 8189 465 421 544 377 335 295
internal_count=10800 9393 195 128 81 9198 8654 8189 465 421 544 377 335 295
is_linear=0
shrinkage=0.05


Tree=134
num_leaves=15
num_cat=0
split_feature=0 20 36 65 25 13 9 21 13 34 47 28 22 53
split_gain=339.477 310.869 319.732 763.327 1215.77 543.12 535.145 304.93 687.606 353.855 274.073 630.247 594.651 791.694
threshold=302.79461750000002 322.54412650000006 25.986979166666668 63.145266500000005 105.16358070881857 23.792804974761204 174.58897000000005 93.105668806380606 1.6310739327354087 23.660416666666674 69.876302083333357 20.262500000000003 142.14642354166668 0.06540312923014284
decision_type=2 2 2 2 2 2 2 2 2 2 2 2 2 2
left_child=1 2 7 -4 -5 6 -6 10 9 -9 11 -1 -12 -14
right_child=-2 -3 3 4 5 -7 -8 8 -10 -11 12 -13 13 -15
leaf_value=-0.21748348187382627 0.14024814199223076 -0.13793696415860479 -0.016607284979563368 0.33743913986466151 0.21511519305289739 -0.064170985309303638 0.029074523071461706 0.019860690247216914 0.098793571651616008 -0.096851534935969708 -0.0049180963793886735 -0.018575816923028367 0.098681538564205529 -0.0045815068220602722
leaf_weight=40 42 40 325 43 62 71 101 220 234 91 7376 1406 336 413
leaf_count=40 42 40 325 43 62 71 101 220 234 91 7376 1406 336 413
internal_value=3.9501e-05 -0.000520868 4.79485e-06 0.0353746 0.0962046 0.0506279 0.100719 -0.00210334 0.0342406 -0.0144908 -0.00417623 -0.0242246 -0.000605693 0.0418119
internal_weight=10800 10758 10718 602 277 234 163 10116 545 311 9571 1446 8125 749
internal_count=10800 10758 10718 602 277 234 163 10116 545 311 9571 1446 8125 749
is_linear=0
shrinkage=0.05


Tree=135
num_leaves=15
num_cat=0
split_feature=26 57 36 53 61 39 9 30 40 14 51 64 22 20
split_gain=324.932 327.459 648.353 680.415 433.893 560.983 1115.68 438.214 414.738 522.222 354.651 525.971 723.046 1698.94
threshold=31.062500000000004 1.0000000180025095e-35 26.213020833333339 -0.99465189230620676 -0.19509032201612839 87.625000000000014 167.14851550000003 18.962500000000002 62.375000000000007 231.26078787500006 2.5000000000000004 76.601832000000016 146.95078990625004 261.95849400000003
decision_type=2 2 2 2 2 2 2 2 2 2 2 2 2 2
left_child=1 2 3 -1 5 6 -5 -8 -6 -10 -3 -12 -13 -14
right_child=-2 10 -4 4 8 -7 7 -9 9 -11 11 12 13 -15
leaf_value=-0.17516674107831459 0.10107125299216449 -0.014832382230236744 0.18050296768301824 0.26768016059797939 -0.11740094091122349 -0.091230860849221551 -0.041104840020978313 0.071577168449451792 -0.002752385494219258 0.16434260886907578 -0.013040777216308523 0.012919309885029252 0.39973187650122299 0.031311361270317278
leaf_weight=45 78 4258 60 62 71 59 115 338 721 49 2243 2528 40 133
leaf_count=45 78 4258 60 62 71 59 115 338 721 49 2243 2528 40 133
internal_value=3.92761e-05 -0.000705065 0.0207867 0.0141039 0.0202426 0.0537156 0.0704658 0.0429438 -0.00264009 0.0080803 -0.00425698 0.00485221 0.0197105 0.118303
internal_weight=10800 10722 1520 1460 1415 574 515 453 841 770 9202 4944 2701 173
internal_count=10800 10722 1520 1460 1415 574 515 453 841 770 9202 4944 2701 173
is_linear=0
shrinkage=0.05


Tree=136
num_leaves=15
num_cat=0
split_feature=26 28 3 37 26 28 13 40 34 0 46 64 16 65
split_gain=295.795 460.119 371.022 293.448 435.486 632.216 462.616 362.136 472.064 696.193 430.972 526.769 1046.99 409.385
threshold=30.962500000000002 30.725000000000005 291.57821000000007 44.625000000000007 28.512500000000003 29.512500000000003 1.9004513307848787 45.125000000000007 26.064583333333335 267.1966680000001 65.135416666666671 214.65650300000001 269.78556100000009 279.94015300000007
decision_type=2 2 2 2 2 2 2 2 2 2 2 2 2 2
left_child=1 2 3 -1 5 7 -6 -5 9 13 -10 -12 -13 -9
right_child=-2 -3 -4 4 6 -7 -8 8 10 -11 11 12 -14 -15
leaf_value=-0.065606035310529956 0.077135811926327583 -0.13245648150261718 0.14323663101428086 0.098484475935225968 -0.0087081886400453383 -0.18863715176470577 0.09793885726808145 -0.0018076208238697383 -0.012067735181622583 0.087437468931457901 -0.022701451531316662 -0.30085954010260829 -0.02567385984836398 0.08969528703770091
leaf_weight=170 122 65 44 90 182 44 229 8596 610 230 157 65 73 123
leaf_count=170 122 65 44 90 182 44 229 8596 610 230 157 65 73 123
internal_value=4.08936e-05 -0.000847084 -2.86306e-05 -0.000638556 0.000429721 -0.00164814 0.0508066 -0.000801867 -0.00171859 0.00176315 -0.0361113 -0.0856197 -0.156522 -0.00050664
internal_weight=10800 10678 10613 10569 10399 9988 411 9944 9854 8949 905 295 138 8719
internal_count=10800 10678 10613 10569 10399 9988 411 9944 9854 8949 905 295 138 8719
is_linear=0
shrinkage=0.05


Tree=137
num_leaves=15
num_cat=0
split_feature=26 28 37 40 24 40 24 49 34 0 9 64 65 64
split_gain=279.708 698.806 632.382 563.804 559.911 524.911 545.727 469.585 375.062 622.371 393.467 637.988 371.81 336.861
threshold=29.012500000000003 29.762500000000003 55.875000000000007 54.125000000000007 320.80469400000004 46.625000000000007 274.28284400000007 2.5000000000000004 26.064583333333335 267.1966680000001 272.25950450000005 255.77468050000002 279.94015300000007 275.28166450000009
decision_type=2 2 2 2 2 2 2 2 2 2 2 2 2 2
left_child=1 5 4 -4 -2 6 -1 -3 9 12 13 -12 -7 -10
right_child=2 7 3 -5 -6 8 -8 -9 10 -11 11 -13 -14 -15
leaf_value=-0.0096835432066158817 0.024013540727163316 -0.26700798743745174 0.028525112949843917 0.23340950897810134 -0.16916076333395072 -0.0019557434165336802 0.18873474880851604 -0.025506889624748286 -0.026591526851760656 0.082085974269862347 -0.24522451121951097 -0.035434906143450837 0.085246690393485619 0.073232710119733146
leaf_weight=65 350 40 69 65 41 8598 73 40 839 232 51 121 123 93
leaf_count=65 350 40 69 65 41 8598 73 40 839 232 51 121 123 93
internal_value=3.80869e-05 -0.00178225 0.0356004 0.128902 0.00337755 -0.000619978 0.0958796 -0.148063 -0.00195353 0.00143837 -0.0294369 -0.0986979 -0.000716217 -0.0165627
internal_weight=10800 10275 525 134 391 10195 138 80 10057 8953 1104 172 8721 932
internal_count=10800 10275 525 134 391 10195 138 80 10057 8953 1104 172 8721 932
is_linear=0
shrinkage=0.05


Tree=138
num_leaves=15
num_cat=0
split_feature=35 53 52 17 4 49 9 53 61 30 16 31 34 51
split_gain=277.502 296.731 908.201 628.128 514.313 478.152 795.338 1151.75 912.081 1660.28 526 504.788 456.203 389.617
threshold=16.320833333333336 0.32143946530316164 -0.8814490726585632 29.031527254908834 185.88994350000004 1.0000000180025095e-35 213.67016250000003 -0.98611507088852035 -0.19509032201612839 21.962500000000002 244.18681400000003 21.312500000000004 25.525000000000002 2.5000000000000004
decision_type=2 2 2 2 2 2 2 2 2 2 2 2 2 2
left_child=-1 5 3 -3 -4 6 8 -8 9 11 -9 -2 -12 -7
right_child=1 2 4 -5 -6 13 7 10 -10 -11 12 -13 -14 -15
leaf_value=-0.088902093722731224 0.14243542949628571 0.015566570544615389 -0.0073866545568080548 -0.16398939115370248 0.091181505717554678 -0.012059736440249097 -0.23243277695340417 -0.085314659297131432 0.021171902463596782 0.40601429248398002 0.08996412489786744 -0.06900922583370675 -0.022377509072842736 0.014471621720323305
leaf_weight=86 91 71 3892 153 136 2610 47 88 199 54 249 40 141 2943
leaf_count=86 91 71 3892 153 136 2610 47 88 199 54 249 40 141 2943
internal_value=3.58802e-05 0.000758005 -0.0094987 -0.10726 -0.00403683 0.00750735 0.0411027 0.00107157 0.0956879 0.175298 0.0244685 0.0778385 0.0493949 0.00200153
internal_weight=10800 10714 4252 224 4028 6462 909 525 384 185 478 131 390 5553
internal_count=10800 10714 4252 224 4028 6462 909 525 384 185 478 131 390 5553
is_linear=0
shrinkage=0.05


Tree=139
num_leaves=15
num_cat=0
split_feature=13 13 48 13 13 36 47 26 28 65 2 52 9 2
split_gain=265.129 310.373 733.072 698.544 846.5 842.758 809.965 668.076 1216.32 588.287 705.781 533.673 1026.17 1384.03
threshold=51.951505312148448 1.3254992120623699 11.875000000000002 21.72925436017967 3.6635745108450748 19.691927083333336 74.580729166666671 26.812500000000004 27.937500000000004 231.31079250000002 109.22309650000001 -0.93540483100319605 157.72236450000003 207.38531000000003
decision_type=2 2 2 2 2 2 2 2 2 2 2 2 2 2
left_child=1 -1 3 4 -3 -5 -7 8 11 10 -8 12 -4 -14
right_child=-2 2 7 5 -6 6 9 -9 -10 -11 -12 -13 13 -15
leaf_value=-0.0059979046506657965 -0.070392911938886915 0.039549214883378925 0.1420443765218615 -0.19172064698487523 0.16005238788681123 -0.048083074568863959 0.078397636928129955 0.034428543071755593 -0.18839894548733718 0.00094307845040124709 0.31196226524870574 -0.026933129400769629 -0.097321169693022971 0.080239184682584938
leaf_weight=6445 131 460 151 49 213 249 159 849 99 174 40 1344 219 218
leaf_count=6445 131 460 151 49 213 249 159 849 99 174 40 1344 219 218
internal_value=3.4546e-05 0.00090581 0.0114385 0.041915 0.0778685 0.00579213 0.0216346 -0.00279355 -0.0183624 0.0681794 0.12667 -0.00955644 0.03014 -0.00876319
internal_weight=10800 10669 4224 1344 673 671 622 2880 2031 373 199 1932 588 437
internal_count=10800 10669 4224 1344 673 671 622 2880 2031 373 199 1932 588 437
is_linear=0
shrinkage=0.05


Tree=140
num_leaves=15
num_cat=0
split_feature=0 15 64 15 64 8 11 4 37 26 47 54 28 8
split_gain=255.066 316.752 909.686 332.851 471.621 489.396 448.738 469.355 365.174 339.542 614.764 399.213 306.622 610.458
threshold=302.79461750000002 267.10659300000003 239.31942450000005 217.50623400000003 215.24642450000002 235.20974350000003 243.70735950000002 273.48420700000003 47.875000000000007 28.987500000000004 70.266927083333357 -0.8783796973249266 27.987500000000004 212.05684700000003
decision_type=2 2 2 2 2 2 2 2 2 2 2 2 2 2
left_child=1 3 -3 8 6 -6 7 -5 -1 12 11 -11 -10 -14
right_child=-2 2 -4 4 5 -7 -8 -9 9 10 -12 -13 13 -15
leaf_value=-0.062857174681632086 0.12156735772137034 -0.24711585194442651 0.031788377351548575 -0.14835143686655691 0.22305526392800468 0.051446119784823365 0.048428701782652822 0.026161495743083282 -2.770377728511698e-05 0.26401556229522066 -0.032167258197337061 0.064945440733572474 0.0046752910291695078 -0.14310180366006309
leaf_weight=238 42 48 72 84 48 281 168 70 9261 42 88 63 183 112
leaf_count=238 42 48 72 84 48 281 168 70 9261 42 88 63 183 112
internal_value=3.38315e-05 -0.000451899 -0.0808936 0.000463027 0.035076 0.0770834 -0.00795033 -0.0693704 -0.0017965 -0.000299544 0.0651871 0.146313 -0.00162884 -0.0517238
internal_weight=10800 10758 120 10638 651 329 322 154 9987 9749 193 105 9556 295
internal_count=10800 10758 120 10638 651 329 322 154 9987 9749 193 105 9556 295
is_linear=0
shrinkage=0.05


Tree=141
num_leaves=15
num_cat=0
split_feature=40 29 49 33 6 57 36 53 31 36 51 61 24 34
split_gain=249.402 388.878 596.047 554.573 382.38 295.021 609.344 590.112 355.186 454.533 255.688 367.487 486.858 1055.97
threshold=46.625000000000007 30.612500000000004 2.5000000000000004 30.943750000000005 212.05684700000003 1.0000000180025095e-35 26.213020833333339 -0.99465189230620676 22.512500000000003 19.556510416666669 2.5000000000000004 -0.9733555533461492 296.45735250000007 21.122916666666672
decision_type=2 2 2 2 2 2 2 2 2 2 2 2 2 2
left_child=4 3 -3 5 -1 6 7 -2 9 -9 -7 -12 -13 -14
right_child=1 2 -4 -5 -6 10 -8 8 -10 -11 11 12 13 -15
leaf_value=-0.046306631392677489 -0.16252000939667874 -0.22252170712287939 0.035101162855114255 0.17475868622875879 0.077397244697355705 -0.01390592344469403 0.19667407610314958 -0.041186531665827468 -0.014875163325036068 0.05392377709952563 0.051528161711549551 -0.0045790440495293286 0.29366482537846234 0.01833634236777151
leaf_weight=85 45 48 41 44 229 4027 46 150 487 752 362 4258 42 184
leaf_count=85 45 48 41 44 229 4027 46 150 487 752 362 4258 42 184
internal_value=3.30772e-05 -0.00128366 -0.10477 -0.000387807 0.0438698 -0.00114898 0.0195099 0.0136937 0.0195154 0.0380791 -0.00459665 0.00314058 -0.000776441 0.0705719
internal_weight=10800 10486 89 10397 314 10353 1480 1434 1389 902 8873 4846 4484 226
internal_count=10800 10486 89 10397 314 10353 1480 1434 1389 902 8873 4846 4484 226
is_linear=0
shrinkage=0.05


Tree=142
num_leaves=15
num_cat=0
split_feature=9 43 21 13 57 36 26 28 38 65 47 24 43 34
split_gain=252.413 732.96 330.324 523.548 249.953 439.72 304.867 753.147 649.331 922.443 558.526 544.639 343.564 957.42
threshold=290.2148160000001 65.375000000000014 93.735121836045664 3.1392281656120145 1.0000000180025095e-35 26.213020833333339 26.812500000000004 27.937500000000004 67.125000000000014 87.394937500000012 72.091145833333357 322.54412650000006 64.875000000000014 20.467708333333338
decision_type=2 2 2 2 2 2 2 2 2 2 2 2 2 2
left_child=2 -2 4 -4 5 -1 7 12 11 -10 -9 -8 13 -6
right_child=1 -3 3 -5 6 -7 8 10 9 -11 -12 -13 -14 -15
leaf_value=0.01316074489196728 0.015719680039979079 -0.2379376357031423 0.0185626969050692 0.15784288221805157 -0.18243477891455406 0.16718381008443733 0.012316730416356503 -0.04179236467462033 -0.032310131962521603 0.22773790427699414 -0.28045988108009795 -0.17323805927866842 -0.0026899541534437937 -0.016231446291471437
leaf_weight=1350 84 42 465 78 99 47 1115 58 58 81 42 40 6590 651
leaf_count=1350 84 42 465 78 99 47 1115 58 58 81 42 40 6590 651
internal_value=3.3254e-05 -0.0700405 0.000866915 0.0388232 -0.00117109 0.0184585 -0.00431259 -0.00820876 0.0180779 0.119773 -0.143817 0.00574629 -0.0063419 -0.038384
internal_weight=10800 126 10674 543 10131 1397 8734 7440 1294 139 100 1155 7340 750
internal_count=10800 126 10674 543 10131 1397 8734 7440 1294 139 100 1155 7340 750
is_linear=0
shrinkage=0.05


Tree=143
num_leaves=15
num_cat=0
split_feature=60 65 13 13 48 13 36 13 47 65 2 26 28 60
split_gain=246.343 405.665 250.122 327.274 550.603 609.442 753.748 739.249 727.394 529.885 625.799 514.835 883.069 694.232
threshold=-0.99892946161930163 167.39460700000004 51.951505312148448 1.3254992120623699 11.875000000000002 21.72925436017967 19.691927083333336 3.6635745108450748 74.580729166666671 231.31079250000002 109.22309650000001 28.987500000000004 29.762500000000003 -0.9733555533461492
decision_type=2 2 2 2 2 2 2 2 2 2 2 2 2 2
left_child=1 -1 3 -2 5 7 -7 -5 -8 10 -10 12 13 -6
right_child=2 -3 -4 4 11 6 8 -9 9 -11 -12 -13 -14 -15
leaf_value=0.044337432231340151 -0.005392710531386076 -0.14913370915945026 -0.067594573173361525 0.03668844338603431 0.060246678077891261 -0.18161592945456506 -0.045909901241678749 0.14929814417019627 0.07431904741562903 0.0004576190909636872 0.29425991021278425 0.05522419350443452 -0.22782895563377276 -0.015564723392933483
leaf_weight=44 6429 68 131 460 354 49 249 213 159 174 40 365 44 2021
leaf_count=44 6429 68 131 460 354 49 249 213 159 174 40 365 44 2021
internal_value=2.99499e-05 -0.0734074 0.000806299 0.0016614 0.0126462 0.038915 0.00517487 0.0724973 0.0201578 0.0642668 0.119779 -4.47211e-05 -0.00840355 -0.00424423
internal_weight=10800 112 10688 10557 4128 1344 671 673 622 373 199 2784 2419 2375
internal_count=10800 112 10688 10557 4128 1344 671 673 622 373 199 2784 2419 2375
is_linear=0
shrinkage=0.05


Tree=144
num_leaves=15
num_cat=0
split_feature=65 9 65 0 65 53 8 4 47 3 54 17 13 64
split_gain=227.248 808.504 2112.79 793.716 522.502 347.427 492.778 281.393 733.99 441.038 502.524 339.874 493.353 317.122
threshold=258.63541800000007 262.70326300000005 229.58777250000003 259.76202200000006 214.41369250000002 -0.9733555533461492 191.78700500000002 272.71499900000009 75.740885416666671 270.02924000000007 1.0000000180025095e-35 22.519431719107509 17.419059701619258 236.85653950000003
decision_type=2 2 2 2 2 2 2 2 2 2 2 2 2 2
left_child=1 7 3 -3 -5 6 -2 9 11 -1 -11 -9 -13 -12
right_child=5 2 -4 4 -6 -7 -8 8 -10 10 13 12 -14 -15
leaf_value=-0.00072453005780476372 0.22156242066218207 -0.14535216943671306 -0.32849774851518521 -0.015186168314401239 0.23689392867566245 0.0095489494084767031 0.032107303761006373 0.07067312897458948 0.19573933732051119 -0.19441998751154022 -0.11566517055034638 0.024530389281794615 -0.18071289392917053 0.064205011973778411
leaf_weight=8742 47 47 67 41 40 1238 122 107 64 62 42 80 45 56
leaf_count=8742 47 47 67 41 40 1238 122 107 64 62 42 80 45 56
internal_value=2.85534e-05 -0.00277911 -0.103265 0.016263 0.110669 0.0187609 0.0857894 -0.000637789 0.0472388 -0.00223486 -0.0842384 0.00560887 -0.050205 -0.0132719
internal_weight=10800 9393 195 128 81 1407 169 9198 296 8902 160 232 125 98
internal_count=10800 9393 195 128 81 1407 169 9198 296 8902 160 232 125 98
is_linear=0
shrinkage=0.05


Tree=145
num_leaves=15
num_cat=0
split_feature=31 51 0 9 32 16 9 47 44 25 54 21 22 43
split_gain=225.078 243.969 570.173 724.056 487.744 695.223 518.91 505.459 549.916 493.171 482.071 496.11 469.513 430.372
threshold=16.512500000000003 2.5000000000000004 81.513918500000003 94.828613500000003 24.512500000000003 272.23383550000005 264.13985200000008 76.860677083333357 70.718750000000014 97.964375099521064 1.0000000180025095e-35 22.120181657135429 146.76454146875002 67.875000000000014
decision_type=2 2 2 2 2 2 2 2 2 2 2 2 2 2
left_child=-1 -2 -3 -4 9 10 7 8 -7 -5 11 -6 -11 -13
right_child=1 2 3 4 5 6 -8 -9 -10 12 -12 13 -14 -15
leaf_value=-0.068650308621542186 -0.0072818332508676371 -0.0065254575486959655 0.11518691416052217 0.070259684157168573 0.030075172068817276 0.10240814021921583 -0.024882480140753137 0.22050243260567651 -0.11177483273715508 0.0030225936102369674 0.008513077575008611 -0.083321678561348755 0.17636605430530705 -0.23936126976573871
leaf_weight=117 4992 3116 205 596 69 111 166 56 40 828 221 185 40 58
leaf_count=117 4992 3116 205 596 69 111 166 56 40 828 221 185 40 58
internal_value=2.65456e-05 0.000785048 0.00786115 0.0252661 0.0174428 -0.0113834 0.0409096 0.0935365 0.0453088 0.0352777 -0.0479869 -0.087907 0.0112045 -0.121394
internal_weight=10800 10683 5691 2575 2370 906 373 207 151 1464 533 312 868 243
internal_count=10800 10683 5691 2575 2370 906 373 207 151 1464 533 312 868 243
is_linear=0
shrinkage=0.05


Tree=146
num_leaves=15
num_cat=0
split_feature=13 49 53 61 42 29 2 30 43 0 36 27 26 28
split_gain=227.272 249.276 460.834 575.272 679.036 730.346 426.071 447.053 381.767 332.918 568.615 326.597 287.597 360.849
threshold=51.951505312148448 1.0000000180025095e-35 -0.99465189230620676 -0.032701564615071448 80.625000000000014 20.212500000000002 276.50310850000005 19.012500000000003 82.375000000000014 256.37658150000004 22.658854166666671 23.512500000000003 30.962500000000002 30.612500000000004
decision_type=2 2 2 2 2 2 2 2 2 2 2 2 2 2
left_child=1 2 -1 4 5 -4 7 8 -6 10 -9 -5 13 -3
right_child=-2 12 3 11 6 -7 -8 9 -10 -11 -12 -13 -14 -15
leaf_value=-0.13122075452488297 -0.065179782447839077 -0.0024100423122293819 0.022693537586857961 0.0079443341444926912 -0.059450743385788429 0.25676901379623746 -0.11087455761400944 0.075906377001741882 0.11509235898464375 0.030367478010494539 0.29049793286470788 -0.087974912554536974 0.083816700285145401 -0.13204896166506741
leaf_weight=48 131 9011 58 682 132 78 46 121 40 163 41 101 95 53
leaf_count=48 131 9011 58 682 132 78 46 121 40 163 41 101 95 53
internal_value=2.60727e-05 0.000832741 0.0196485 0.0246881 0.0583326 0.157837 0.0331663 0.046694 -0.0184287 0.0811097 0.131666 -0.00452482 -0.00227113 -0.00318256
internal_weight=10800 10669 1510 1462 679 136 543 497 172 325 162 783 9159 9064
internal_count=10800 10669 1510 1462 679 136 543 497 172 325 162 783 9159 9064
is_linear=0
shrinkage=0.05


Tree=147
num_leaves=15
num_cat=0
split_feature=35 60 9 13 40 53 9 31 51 49 26 37 40 21
split_gain=225.352 216.291 359.745 223.694 483.779 401.297 1066.56 372.232 419.954 480.384 418.325 688.451 526.065 480.685
threshold=16.005208333333339 -0.99892946161930163 197.23703800000001 1.2789603153914209 92.875000000000014 -0.98611507088852035 147.76123150000004 17.225000000000005 2.5000000000000004 3.5000000000000004 28.362500000000004 64.375000000000014 67.375000000000014 71.875186405689604
decision_type=2 2 2 2 2 2 2 2 2 2 2 2 2 2
left_child=-1 2 -2 5 7 6 -3 -5 10 -10 12 13 -9 -12
right_child=1 3 -4 4 -6 -7 -8 8 9 -11 11 -13 -14 -15
leaf_value=-0.11289843114262277 0.04054545133596707 0.025482170950798761 -0.14096451046369859 -0.070392774226697721 0.12101993500837126 -0.0025922060191172595 -0.22072291294308868 -0.058321141985714309 0.042075477666184163 -0.012248103373670896 0.034688483926754041 0.19377754553607968 0.0024267957154506608 -0.14818775475752063
leaf_weight=43 45 104 67 147 95 6175 75 517 1431 568 290 61 1142 40
leaf_count=43 45 104 67 147 95 6175 75 517 1431 568 290 61 1142 40
internal_value=2.61296e-05 0.000487986 -0.068323 0.00121832 0.0100371 -0.00473781 -0.0783295 0.0074961 0.0103406 0.0266415 -0.00556005 0.0409001 -0.016528 0.0121409
internal_weight=10800 10757 112 10645 4291 6354 179 4196 4049 1999 2050 391 1659 330
internal_count=10800 10757 112 10645 4291 6354 179 4196 4049 1999 2050 391 1659 330
is_linear=0
shrinkage=0.05


Tree=148
num_leaves=15
num_cat=0
split_feature=40 5 16 4 6 27 20 36 47 0 2 32 43 47
split_gain=212.327 334.384 545.87 333.699 324.564 247.7 301.093 245.874 525.588 292.108 513.559 664.226 345.192 302.69
threshold=46.625000000000007 299.02505250000007 303.53637200000009 286.66023200000001 212.05684700000003 28.187500000000004 274.06945200000007 26.213020833333339 68.201822916666686 270.02924000000007 266.15429100000006 25.012500000000003 63.625000000000007 69.876302083333357
decision_type=2 2 2 2 2 2 2 2 2 2 2 2 2 2
left_child=4 2 3 7 -1 6 -6 9 -9 10 13 -12 -13 -2
right_child=1 -3 -4 -5 5 -7 -8 8 -10 -11 11 12 -14 -15
leaf_value=-0.042609398865119316 -0.023606563727165616 -0.12529236350415482 0.17321900638855167 -0.13716402664780616 0.037534576949353027 0.025629178563467022 0.21233268234140748 0.018005549190518839 0.20541386813634921 0.034478069316769742 0.060713381272341528 -0.07017718568641805 -0.20929276460808688 0.0016257474240398307
leaf_weight=85 1402 53 44 44 47 130 52 345 41 513 69 131 68 7776
leaf_count=85 1402 53 44 44 47 130 52 345 41 513 69 131 68 7776
internal_value=2.34051e-05 -0.00119152 -0.000549139 -0.00130169 0.0404708 0.0713596 0.130553 -0.000710632 0.038391 -0.00222987 -0.00422687 -0.0723221 -0.118523 -0.00223081
internal_weight=10800 10486 10433 10389 314 229 99 10345 386 9959 9446 268 199 9178
internal_count=10800 10486 10433 10389 314 229 99 10345 386 9959 9446 268 199 9178
is_linear=0
shrinkage=0.05


Tree=149
num_leaves=15
num_cat=0
split_feature=13 26 61 47 64 13 5 0 65 48 9 2 9 53
split_gain=213.738 226.515 581.417 454.441 650.794 411.441 322.624 460.036 1335.26 639.25 473.124 984.331 295.628 437.223
threshold=51.951505312148448 20.987500000000004 -0.9733555533461492 71.582031250000014 70.787265500000018 32.807139614625974 237.02630750000003 71.967546000000013 42.523274000000008 6.6250000000000009 184.84000750000004 118.59047850000002 167.14851550000003 -0.29012925520284105
decision_type=2 2 2 2 2 2 2 2 2 2 2 2 2 2
left_child=1 2 -1 4 -4 6 7 8 -5 -10 11 -9 13 -7
right_child=-2 -3 3 5 -6 12 -8 10 9 -11 -12 -13 -14 -15
leaf_value=-0.16685490374421252 -0.063211476429238578 0.0057565875715744723 -0.0014252273299332177 -0.0026228356868833874 -0.21457962856169732 0.19369588489053957 -0.085633407756974991 0.040956786358648106 0.020906048985396296 -0.19277203821111472 -0.025414034202295755 0.29959630678559462 -0.0070772646156131358 0.017326562804445413
leaf_weight=57 131 7298 83 2141 62 70 128 258 46 143 174 42 97 70
leaf_count=57 131 7298 83 2141 62 70 128 258 46 143 174 42 97 70
internal_value=2.29793e-05 0.000805259 -0.00991258 -0.00716369 -0.0934126 -0.00318908 -0.00831859 -0.00475997 -0.0138973 -0.140929 0.0400905 0.0780414 0.0600379 0.10626
internal_weight=10800 10669 3371 3314 145 3169 2932 2804 2330 189 474 300 237 140
internal_count=10800 10669 3371 3314 145 3169 2932 2804 2330 189 474 300 237 140
is_linear=0
shrinkage=0.05


Tree=150
num_leaves=15
num_cat=0
split_feature=15 65 65 26 0 2 65 41 33 35 65 8 9 9
split_gain=210.637 752.152 824.135 331.775 227.229 384.132 1022.25 1064.22 423.527 375.167 277.967 266.844 228.062 219.287
threshold=267.10659300000003 229.58777250000003 257.87228250000004 31.062500000000004 267.1966680000001 264.48251600000009 229.58777250000003 80.375000000000014 28.253125000000004 22.247395833333339 279.94015300000007 261.98867700000005 210.55641450000005 227.85165700000002
decision_type=2 2 2 2 2 2 2 2 2 2 2 2 2 2
left_child=3 -2 -3 4 5 10 8 -8 12 -6 13 -12 -7 -1
right_child=1 2 -4 -5 9 6 7 -9 -10 -11 11 -13 -14 -15
leaf_value=0.0018275007649642288 0.11304480701598317 -0.29156942616986192 0.0016497789854731633 0.11905435671935144 0.14967688033196688 0.006760797334405092 -0.04819789739755484 -0.36852664111012762 -0.099149942787092493 0.016722542671738446 0.12590740648019746 -0.028180206168529599 0.15717478018999101 -0.020501675556428591
leaf_weight=8275 42 45 50 58 57 51 64 43 47 628 82 42 49 1267
leaf_count=8275 42 45 50 58 57 51 64 43 47 628 82 42 49 1267
internal_value=2.09909e-05 -0.061356 -0.138834 0.000815252 0.000157424 -0.00176697 -0.0623409 -0.179148 0.0233183 0.027988 -0.000168942 0.0739085 0.0812901 -0.00113924
internal_weight=10800 137 95 10663 10605 9920 254 107 147 685 9666 124 100 9542
internal_count=10800 137 95 10663 10605 9920 254 107 147 685 9666 124 100 9542
is_linear=0
shrinkage=0.05


Tree=151
num_leaves=15
num_cat=0
split_feature=9 43 21 13 38 40 29 37 33 6 37 26 28 13
split_gain=198.175 594.553 258.513 405.975 231.556 209.861 309.499 535.55 413.571 307.057 301.326 292.439 457.938 329.101
threshold=290.2148160000001 65.375000000000014 93.735121836045664 3.1392281656120145 63.625000000000007 46.625000000000007 30.612500000000004 67.875000000000014 30.943750000000005 212.05684700000003 44.625000000000007 28.612500000000004 29.012500000000003 1.9554977979338615
decision_type=2 2 2 2 2 2 2 2 2 2 2 2 2 2
left_child=2 4 5 -4 -2 9 8 -8 10 -1 -7 12 -12 -13
right_child=1 -3 3 -5 -6 6 7 -9 -10 -11 11 13 -14 -15
leaf_value=-0.04087511827264978 -0.063347209640261207 -0.21328900165336076 0.01649440595112709 0.13914320318476311 0.10095140312503025 -0.075255299779660209 -0.22796685272237149 0.016626590870320798 0.14976302183750603 0.070451359965341506 -0.0020446766452597446 -0.0084403077928708447 -0.161939159296453 0.087801568356856791
leaf_weight=85 44 42 465 78 40 138 40 49 44 222 9153 165 44 191
leaf_count=85 44 42 465 78 40 138 40 49 44 222 9153 165 44 191
internal_value=1.91807e-05 -0.0620712 0.000757866 0.0343359 0.0151574 -0.00104505 -0.00231897 -0.0946146 -0.00146555 0.0395954 -0.00216755 -0.00110398 -0.00282716 0.0432964
internal_weight=10800 126 10674 543 84 10131 9824 89 9735 307 9691 9553 9197 356
internal_count=10800 126 10674 543 84 10131 9824 89 9735 307 9691 9553 9197 356
is_linear=0
shrinkage=0.05


Tree=152
num_leaves=15
num_cat=0
split_feature=60 9 26 61 47 64 0 65 9 2 42 4 0 7
split_gain=193.968 321.644 205.55 522.807 412.118 582.156 350.381 1226.12 1125.88 1236 699.9 473.385 459.464 334.186
threshold=-0.99892946161930163 197.23703800000001 20.987500000000004 -0.9733555533461492 71.582031250000014 70.787265500000018 70.579213000000024 42.523274000000008 167.14851550000003 133.21806450000003 80.375000000000014 82.871596000000025 158.45529200000001 160.45166100000003
decision_type=2 2 2 2 2 2 2 2 2 2 2 2 2 2
left_child=1 -1 3 -2 5 -5 7 -6 9 11 -9 -8 -10 -13
right_child=2 -3 -4 4 6 -7 8 10 12 -11 -12 13 -14 -15
leaf_value=0.037803635565037637 -0.15831155504645975 -0.13383284171166665 0.0054226495792302886 -0.0013440847685117097 -0.0026360883196831306 -0.20204742178320886 0.10561588532793537 0.0052187349667355163 -0.18062496817841822 0.3372029334705855 -0.20719576391491518 -0.12268606538573901 -0.016785997651309822 0.031760768553012207
leaf_weight=45 57 67 7307 83 2168 63 203 57 48 41 120 44 340 157
leaf_count=45 57 67 7307 83 2168 63 203 57 48 41 120 44 340 157
internal_value=1.72406e-05 -0.0651475 0.000706135 -0.00948576 -0.00688685 -0.0887343 -0.00309998 -0.0129947 0.0247372 0.0789361 -0.139146 0.0519579 -0.037467 -0.00248847
internal_weight=10800 112 10688 3381 3324 146 3178 2345 833 445 177 404 388 201
internal_count=10800 112 10688 3381 3324 146 3178 2345 833 445 177 404 388 201
is_linear=0
shrinkage=0.05


Tree=153
num_leaves=15
num_cat=0
split_feature=13 17 46 24 5 16 26 41 8 42 15 25 51 64
split_gain=192.564 212.517 556.227 315.831 307.036 469.919 262.071 244.327 333.681 258.556 533.094 415.41 513.069 549.835
threshold=51.951505312148448 49.686348288467009 90.151041666666671 215.02317450000001 299.02505250000007 303.53637200000009 19.262500000000003 92.125000000000014 251.70151450000003 83.375000000000014 267.36735600000003 103.64242086319869 3.5000000000000004 195.42502650000003
decision_type=2 2 2 2 2 2 2 2 2 2 2 2 2 2
left_child=1 4 3 -3 5 7 -5 9 -9 10 -1 -11 -13 -14
right_child=-2 2 -4 6 -6 -7 -8 8 -10 11 -12 12 13 -15
leaf_value=-0.0033895312913371552 -0.060006595191997338 0.13327430187310488 0.19770357287065551 -0.11143672881986609 -0.12136066686889191 0.14921672083079243 0.014222993339579271 -0.021452259018192817 -0.15457745614376936 0.0026226029044451645 -0.13831964078032086 0.021278802417421638 0.040835081303699151 0.22452215647913124
leaf_weight=6803 131 52 43 43 52 51 728 330 54 1864 73 412 89 75
leaf_count=6803 131 52 43 43 52 51 728 330 54 1864 73 412 89 75
internal_value=1.40527e-05 0.000756575 0.0244842 0.015205 -0.00134182 -0.000689404 0.00707946 -0.00149287 -0.0405259 0.000120223 -0.00484194 0.0141 0.0511733 0.12569
internal_weight=10800 10669 866 823 9803 9751 771 9700 384 9316 6876 2440 576 164
internal_count=10800 10669 866 823 9803 9751 771 9700 384 9316 6876 2440 576 164
is_linear=0
shrinkage=0.05


Tree=154
num_leaves=15
num_cat=0
split_feature=20 16 20 22 9 36 31 16 2 19 43 41 37 41
split_gain=179.638 313.196 207.468 475.979 538.414 511.477 471.871 447.782 493.93 421.846 383.476 351.649 331.472 274.194
threshold=322.54412650000006 303.53637200000009 282.08765550000004 142.23344032812503 270.46035150000006 24.343229166666671 22.237500000000004 272.23383550000005 272.38507200000004 210.81567200000003 74.375000000000014 73.875000000000014 46.875000000000007 60.375000000000007
decision_type=2 2 2 2 2 2 2 2 2 2 2 2 2 2
left_child=1 2 7 4 9 13 -7 -1 12 10 11 -4 -9 -5
right_child=-2 -3 3 5 -6 6 -8 8 -10 -11 -12 -13 -14 -15
leaf_value=-0.00087361605818797497 -0.095503520243326021 0.11072821247507819 -0.210714390934445 -0.0021356653184332747 -0.22384133446030319 -0.1829384148938627 0.0006576762446396364 -0.035592759515230471 -0.015977126199432656 0.055491118365898734 -0.0034905483870177854 -0.042515130787445558 0.10176409181151165 0.15101885029231199
leaf_weight=9382 48 63 69 46 47 40 239 51 206 79 97 57 297 79
leaf_count=9382 48 63 69 46 47 40 239 51 206 79 97 57 297 79
internal_value=1.41515e-05 0.000449412 -0.000210859 -0.0254968 -0.0681802 0.0114531 -0.0262237 0.00170781 0.045347 -0.0432959 -0.0783837 -0.135558 0.0815899 0.0950883
internal_weight=10800 10752 10689 753 349 404 279 9936 554 302 223 126 348 125
internal_count=10800 10752 10689 753 349 404 279 9936 554 302 223 126 348 125
is_linear=0
shrinkage=0.05


Tree=155
num_leaves=15
num_cat=0
split_feature=37 26 28 40 24 40 24 28 13 2 9 9 0 65
split_gain=180.89 523.534 740.874 515.043 435.422 389.529 502.39 327.357 351.527 348.904 840.768 524.115 1044.58 858.247
threshold=52.875000000000007 28.987500000000004 29.762500000000003 59.625000000000007 300.54248650000005 46.625000000000007 274.28284400000007 27.987500000000004 2.5740589603545345 198.84269600000002 223.08690000000004 147.76123150000004 125.89937800000001 129.48928850000001
decision_type=2 2 2 2 2 2 2 2 2 2 2 2 2 2
left_child=4 2 5 -3 -1 6 -2 9 -9 11 -11 13 -13 -7
right_child=1 3 -4 -5 -6 7 -8 8 -10 10 -12 12 -14 -15
leaf_value=-0.011154171563502195 -0.012191421364719471 0.017695873043845473 -0.16960192434071361 0.16563450593025764 -0.1396153178576329 -0.0030857706903777201 0.18972836186238115 0.0075417249785544723 -0.11663130403068522 0.085580153704760728 0.0036698851666101804 -0.25083640333198542 -0.026338921656233395 0.080955628820674544
leaf_weight=687 61 158 63 93 72 6368 61 106 122 392 1545 55 699 318
leaf_count=687 61 158 63 93 72 6368 61 106 122 392 1545 55 699 318
internal_value=1.16204e-05 0.00179163 -4.00151e-05 0.0729496 -0.0235079 0.00107553 0.0894902 -5.6689e-05 -0.0591209 0.0013856 0.0202821 -0.00353615 -0.0430253 0.000922921
internal_weight=10800 10041 9790 251 759 9727 122 9605 228 9377 1937 7440 754 6686
internal_count=10800 10041 9790 251 759 9727 122 9605 228 9377 1937 7440 754 6686
is_linear=0
shrinkage=0.05


Tree=156
num_leaves=15
num_cat=0
split_feature=60 65 60 13 65 19 33 60 22 60 52 17 24 33
split_gain=181.276 286.821 189.044 540.249 501.528 436.145 440.869 421.925 315.982 313.878 867.078 537.998 408.922 357.411
threshold=-0.99892946161930163 167.39460700000004 -0.9733555533461492 11.236601813487328 172.05135050000004 176.07017300000004 28.253125000000004 -0.95642797789208689 114.57750232812502 -0.8814490726585632 -0.8814490726585632 29.031527254908834 298.46041100000008 31.015625000000004
decision_type=2 2 2 2 2 2 2 2 2 2 2 2 2 2
left_child=1 -1 3 -2 -5 -6 -7 8 -4 12 11 -11 -9 -12
right_child=2 -3 7 4 5 6 -8 9 -10 10 13 -13 -14 -15
leaf_value=0.036041759103536609 -0.016664005033280489 -0.12665729014121968 0.010140539830686843 0.23427415131813004 -0.075220416387820843 0.1184076589136519 -0.045712122548785476 0.045591766060199532 -0.11318603996446149 0.01480934764775965 -0.00017002825652208273 -0.15136083065737765 -0.091243472021693986 0.14433132812034252
leaf_weight=44 350 68 81 41 56 172 53 613 143 71 8854 153 59 42
leaf_count=44 350 68 81 41 56 172 53 613 143 71 8854 153 59 42
internal_value=1.02124e-05 -0.0629865 0.000676188 0.0263283 0.072966 0.0486826 0.0797171 -0.00104734 -0.0687434 0.000508127 -0.00192333 -0.0988591 0.0334602 0.000528341
internal_weight=10800 112 10688 672 322 281 225 10016 224 9792 9120 224 672 8896
internal_count=10800 112 10688 672 322 281 225 10016 224 9792 9120 224 672 8896
is_linear=0
shrinkage=0.05


Tree=157
num_leaves=15
num_cat=0
split_feature=35 51 47 65 22 46 9 25 31 35 53 31 44 65
split_gain=175.732 179.069 408.027 694.471 1040.28 940.6 570.549 465.68 491.064 459.327 394.874 1061.63 885.042 358.968
threshold=16.005208333333339 2.5000000000000004 78.959635416666671 42.523274000000008 42.98737648958334 89.760416666666671 94.828613500000003 106.2518192023753 21.812500000000004 28.557291666666671 -0.98611507088852035 20.987500000000004 53.343750000000007 114.78420550000001
decision_type=2 2 2 2 2 2 2 2 2 2 2 2 2 2
left_child=-1 10 3 -3 -5 6 7 8 -6 13 11 -2 -13 -8
right_child=1 2 -4 4 5 -7 9 -9 -10 -11 -12 12 -14 -15
leaf_value=-0.099710585270076993 -0.29346060115237566 -0.0060193318274160672 -0.0077511778091002397 0.29029613059104942 0.13318614741651022 0.26853533278086356 -0.041795268864370884 0.22964332208298802 -0.064673564579410883 -0.11361776705889498 -0.003211433787921947 -0.17135241886272151 0.045683817577695379 0.034425467972362109
leaf_weight=43 42 1462 2700 40 81 41 179 56 50 63 4732 67 151 1093
leaf_count=43 42 1462 2700 40 81 41 179 56 50 63 4732 67 151 1093
internal_value=9.62483e-06 0.000417478 0.00642001 0.0189021 0.0416209 0.0350753 0.0286142 0.110173 0.0577493 0.0171159 -0.00651443 -0.0663863 -0.0214978 0.023675
internal_weight=10800 10757 5765 3065 1603 1563 1522 187 131 1335 4992 260 218 1272
internal_count=10800 10757 5765 3065 1603 1563 1522 187 131 1335 4992 260 218 1272
is_linear=0
shrinkage=0.05


Tree=158
num_leaves=15
num_cat=0
split_feature=13 49 53 61 65 21 9 24 37 28 2 15 64 19
split_gain=178.492 200.196 391.586 459.222 1155.92 744.578 516.482 332.814 319.202 277.39 362.844 234.906 691.798 419.886
threshold=51.951505312148448 1.0000000180025095e-35 -0.99465189230620676 -0.19509032201612839 149.900586 21.111772525676731 213.67016250000003 248.42321500000003 53.875000000000007 26.637500000000003 211.70174800000004 267.36735600000003 241.52656550000003 217.23941150000005
decision_type=2 2 2 2 2 2 2 2 2 2 2 2 2 2
left_child=1 2 -1 4 -4 -6 -7 -8 -9 10 -5 13 -13 -3
right_child=-2 11 3 9 5 6 7 8 -10 -11 -12 12 -14 -15
leaf_value=-0.12148415686524645 -0.057775864961811085 -0.0022585955056997919 0.28859972788819244 -0.0020136043543314691 -0.15767554793020955 0.15899306021340354 -0.045296210797304025 -0.061745284376095756 0.077817975722246052 -0.11793723412168522 0.14887589591422254 -0.23703938200161226 0.02414900221820198 0.10688188925511047
leaf_weight=48 131 8965 48 775 45 92 111 48 255 47 41 40 66 88
leaf_count=48 131 8965 48 775 45 92 111 48 255 47 41 40 66 88
internal_value=1.00702e-05 0.000724947 0.017587 0.0222328 0.055829 0.0350652 0.0524834 0.0284885 0.0555786 -0.00112356 0.0057408 -0.00205663 -0.0757068 -0.001186
internal_weight=10800 10669 1510 1462 599 551 506 414 303 863 816 9159 106 9053
internal_count=10800 10669 1510 1462 599 551 506 414 303 863 816 9159 106 9053
is_linear=0
shrinkage=0.05


Tree=159
num_leaves=15
num_cat=0
split_feature=40 35 16 4 42 6 16 37 26 12 16 19 21 28
split_gain=176.152 270.337 287.71 272.988 249.862 246.099 260.484 210.107 450.908 428.543 650.023 386.523 360.02 357.881
threshold=46.625000000000007 30.063020833333336 307.83665100000002 286.66023200000001 87.875000000000014 272.06304300000005 278.91518350000007 51.875000000000007 28.512500000000003 282.20391600000005 152.10823100000002 123.35721950000001 21.878629641585253 27.937500000000004
decision_type=2 2 2 2 2 2 2 2 2 2 2 2 2 2
left_child=4 2 3 7 5 6 -1 12 13 10 -10 -12 -2 -9
right_child=1 -3 -4 -5 -6 -7 -8 8 9 -11 11 -13 -14 -15
leaf_value=0.030380150672919572 0.033296884779556425 -0.12204235299773838 0.1134922938472168 -0.12013200913788752 0.14595983370310731 0.11523289863933933 -0.08886945786384437 0.00088478388773054564 -0.023150031167861761 -0.017586957487989874 0.31089081432331694 0.10140876233038701 -0.055335178049453704 -0.066058889259675554
leaf_weight=154 159 45 54 47 44 52 64 9352 48 84 43 47 404 203
leaf_count=154 159 45 54 47 44 52 64 9352 48 84 43 47 404 203
internal_value=9.57638e-06 -0.00109703 -0.000564122 -0.00116795 0.0368506 0.0185969 -0.00487485 -0.000615637 0.00109603 0.0713793 0.12527 0.203811 -0.0302894 -0.000544227
internal_weight=10800 10486 10441 10387 314 270 218 10340 9777 222 138 90 563 9555
internal_count=10800 10486 10441 10387 314 270 218 10340 9777 222 138 90 563 9555
is_linear=0
shrinkage=0.05


Tree=160
num_leaves=15
num_cat=0
split_feature=26 53 9 38 52 29 47 39 64 36 46 6 64 3
split_gain=165.647 467.63 809.596 950.572 431.063 380.95 382.43 329.919 450.317 503.965 548.326 448.898 372.689 1005.2
threshold=23.662500000000005 -0.98611507088852035 157.72236450000003 69.875000000000014 0.72947329433276253 20.262500000000003 79.207031250000014 76.625000000000014 81.15744100000002 23.249348958333339 63.359375000000007 205.00631600000003 199.64899450000004 28.000000000000004
decision_type=2 2 2 2 2 2 2 2 2 2 2 2 2 2
left_child=1 2 -1 -4 5 6 -2 8 -3 10 -10 -11 -9 -14
right_child=4 7 3 -5 -6 -7 -8 12 9 11 -12 -13 13 -15
leaf_value=0.071182676586839896 0.151059798725035 0.0012894455833724371 -0.020045516571802341 -0.36317305521267218 0.13873008270082729 0.0032844819633026691 -0.0292403764774402 -0.0019123995822798426 0.085978877732760459 -0.059541497907101559 -0.052808215097116119 -0.21267535256105474 0.21674102676234078 0.016964646394342361
leaf_weight=44 86 790 40 40 62 3201 44 5151 88 122 355 79 69 629
leaf_count=44 86 790 40 40 62 3201 44 5151 88 122 355 79 69 629
internal_value=1.07566e-05 -0.00418023 -0.10007 -0.193975 0.00915831 0.00670567 0.0902778 -0.0025341 -0.0240176 -0.0550159 -0.0251072 -0.120483 0.00273623 0.0369951
internal_weight=10800 7407 124 80 3393 3331 130 7283 1434 644 443 201 5849 698
internal_count=10800 7407 124 80 3393 3331 130 7283 1434 644 443 201 5849 698
is_linear=0
shrinkage=0.05


Tree=161
num_leaves=15
num_cat=0
split_feature=60 65 60 13 65 19 33 60 60 52 17 24 9 36
split_gain=164.776 259.134 174.45 477.517 457.386 386.395 394.973 363.131 291.032 762.658 477.866 361.995 321.821 303.469
threshold=-0.99892946161930163 167.39460700000004 -0.9733555533461492 11.236601813487328 172.05135050000004 176.07017300000004 28.253125000000004 -0.95642797789208689 -0.8814490726585632 -0.8814490726585632 29.031527254908834 298.46041100000008 290.2148160000001 26.213020833333339
decision_type=2 2 2 2 2 2 2 2 2 2 2 2 2 2
left_child=1 -1 3 -2 -5 -6 -7 -4 11 10 -10 -9 13 -11
right_child=2 -3 7 4 5 6 -8 8 9 12 -12 -13 -14 -15
leaf_value=0.034079153451861605 -0.015133493166666298 -0.12057032649931701 -0.063813296369302816 0.22317565641410295 -0.070678175801999477 0.11177785328314829 -0.043560961523541698 0.043576016703678194 0.014302827269097585 -0.00078667464701393365 -0.14230172565424598 -0.08517159550761183 -0.10488996205644474 0.043471066368252882
leaf_weight=44 350 68 224 41 56 172 53 613 71 8420 153 59 71 405
leaf_count=44 350 68 224 41 56 172 53 613 71 8420 153 59 71 405
internal_value=9.96803e-06 -0.0600512 0.000644911 0.025287 0.0691331 0.0459455 0.0751561 -0.00101075 0.000432279 -0.00190901 -0.0928207 0.0321625 0.00039031 0.00124911
internal_weight=10800 112 10688 672 322 281 225 10016 9792 9120 224 672 8896 8825
internal_count=10800 112 10688 672 322 281 225 10016 9792 9120 224 672 8896 8825
is_linear=0
shrinkage=0.05


Tree=162
num_leaves=15
num_cat=0
split_feature=13 49 53 61 65 21 9 24 37 46 14 37 15 64
split_gain=165.705 182.081 345.353 416.08 1045.2 668.295 456.103 295.568 289.82 252.147 322.509 227.881 206.779 611.065
threshold=51.951505312148448 1.0000000180025095e-35 -0.99465189230620676 -0.19509032201612839 149.900586 21.111772525676731 213.67016250000003 248.42321500000003 53.875000000000007 58.260416666666679 232.70098250000004 81.625000000000014 267.36735600000003 241.52656550000003
decision_type=2 2 2 2 2 2 2 2 2 2 2 2 2 2
left_child=1 2 -1 4 -4 -6 11 -8 -9 -5 -11 -7 -3 -14
right_child=-2 12 3 9 5 6 7 8 -10 10 -12 -13 13 -15
leaf_value=-0.11382583879238489 -0.055669000434378779 -0.0011384509692145175 0.27446276994840224 -0.1205886140554434 -0.14922558364012969 0.22605930830662452 -0.042208685556293597 -0.058936741567996088 0.074047074004351995 -0.0033630206663995952 0.12197031803767791 0.067311196268090734 -0.22268273957618853 0.022791562771508053
leaf_weight=48 131 9053 48 41 45 47 111 48 255 768 54 45 40 66
leaf_count=48 131 9053 48 41 45 47 111 48 255 768 54 45 40 66
internal_value=8.65239e-06 0.000697447 0.0167785 0.0211413 0.0531204 0.033376 0.0498776 0.0273272 0.0528558 -0.00109088 0.00500875 0.149969 -0.00195529 -0.0710557
internal_weight=10800 10669 1510 1462 599 551 506 414 303 863 822 92 9159 106
internal_count=10800 10669 1510 1462 599 551 506 414 303 863 822 92 9159 106
is_linear=0
shrinkage=0.05


Tree=163
num_leaves=15
num_cat=0
split_feature=40 6 35 16 4 37 21 26 34 24 26 53 43 2
split_gain=169.847 246.832 233.96 266.235 239.735 197.255 288.657 214.543 346.798 453.105 376.513 424.925 758.137 305.181
threshold=46.625000000000007 212.05684700000003 30.063020833333336 307.83665100000002 286.66023200000001 44.625000000000007 41.083852219581566 28.512500000000003 26.064583333333335 297.26105400000006 23.662500000000005 -0.98611507088852035 65.875000000000014 267.89222000000001
decision_type=2 2 2 2 2 2 2 2 2 2 2 2 2 2
left_child=1 -1 3 4 5 6 -2 8 10 -10 11 12 -7 -9
right_child=2 -3 -4 -5 -6 7 -8 13 9 -11 -12 -13 -14 -15
leaf_value=-0.036274112054948203 -0.013868839757801114 0.063119805331706358 -0.11359247552691554 0.1091346836970611 -0.11264653942392518 -0.24287025516524033 -0.16301864399678179 0.075509183326820772 -0.022965818680557418 -0.1843722216906431 0.023514421744510849 -0.0015564248503418818 0.0075831153020262726 -0.01332666325972367
leaf_weight=85 117 229 45 54 47 50 44 219 806 45 1616 7197 74 172
leaf_count=85 117 229 45 54 47 50 44 219 806 45 1616 7197 74 172
internal_value=8.3079e-06 0.0361841 -0.00107831 -0.000582551 -0.0011634 -0.000645815 -0.055385 0.000225343 -0.00122714 -0.0317072 0.00167845 -0.00314406 -0.0945412 0.0364962
internal_weight=10800 314 10486 10441 10387 10340 161 10179 9788 851 8937 7321 124 391
internal_count=10800 314 10486 10441 10387 10340 161 10179 9788 851 8937 7321 124 391
is_linear=0
shrinkage=0.05


Tree=164
num_leaves=15
num_cat=0
split_feature=35 51 47 65 9 32 35 46 53 26 44 26 33 15
split_gain=156.274 161.816 372.505 621.843 866.333 652.927 480.76 374.16 331.588 930.714 754.732 302.676 526.116 363.59
threshold=16.005208333333339 2.5000000000000004 78.959635416666671 42.523274000000008 73.362583000000015 19.962500000000002 28.557291666666671 89.151041666666671 -0.98611507088852035 24.712500000000002 53.343750000000007 27.712500000000002 27.478125000000002 268.57818800000007
decision_type=2 2 2 2 2 2 2 2 2 2 2 2 2 2
left_child=-1 8 3 -3 5 -5 7 -6 9 -2 -11 12 -10 -13
right_child=1 2 -4 4 6 -7 -8 -9 11 10 -12 13 -14 -15
leaf_value=-0.094032394124025656 -0.27979836302196109 -0.0055603303708571666 -0.0074446243512194567 0.034255115065451078 0.031926621443608867 0.30280380996893036 -0.10379904654109851 0.18526144736878031 -0.0057067901984808348 -0.15887084796593307 0.041149807247248565 0.038460355464605342 -0.13682409458113118 -0.11206114281748616
leaf_weight=43 40 1462 2700 40 1408 52 63 40 4007 67 153 606 77 42
leaf_count=43 40 1462 2700 40 1408 52 63 40 4007 67 153 606 77 42
internal_value=4.99625e-06 0.000389607 0.00609566 0.018022 0.0395201 0.187667 0.0303817 0.0362873 -0.00619991 -0.0610647 -0.0202088 -0.0031731 -0.00821177 0.0285467
internal_weight=10800 10757 5765 3065 1603 92 1511 1448 4992 260 220 4732 4084 648
internal_count=10800 10757 5765 3065 1603 92 1511 1448 4992 260 220 4732 4084 648
is_linear=0
shrinkage=0.05


Tree=165
num_leaves=15
num_cat=0
split_feature=40 41 8 46 25 60 37 26 28 43 24 13 2 9
split_gain=156.241 227.755 272.738 375.492 248.855 221.15 210.904 455.12 517.889 461.374 371.966 318.633 259.494 675.285
threshold=46.625000000000007 60.875000000000007 140.10094300000003 49.260416666666679 104.44557423686149 -0.99892946161930163 52.875000000000007 28.612500000000004 29.275000000000002 65.875000000000014 300.54248650000005 3.4955772866549446 184.728081 157.72236450000003
decision_type=2 2 2 2 2 2 2 2 2 2 2 2 2 2
left_child=1 2 -1 -4 -3 -2 10 8 12 11 -7 -9 13 -8
right_child=5 4 3 -5 -6 6 7 9 -10 -11 -12 -13 -14 -15
leaf_value=0.086639513123780487 -0.077386074363343188 0.013613516830706171 0.017781669792735526 -0.15718516619609935 0.1833786822612519 -0.015192490337184906 -0.00019444117512732421 0.036357545318057786 -0.17334828469469105 -0.042753773188274918 -0.1405279305142661 0.17430643933580112 0.01532556927509237 -0.064460832380909466
leaf_weight=74 93 41 113 41 45 578 6774 76 42 65 65 94 2265 434
leaf_count=74 93 41 113 41 45 578 6774 76 42 65 65 94 2265 434
internal_value=3.49542e-06 0.0346999 0.00839868 -0.029514 0.103531 -0.00103869 -0.000348128 0.00148219 -0.000219004 0.0700716 -0.028061 0.113208 0.000566808 -0.00407238
internal_weight=10800 314 228 154 86 10486 10393 9750 9515 235 643 170 9473 7208
internal_count=10800 314 228 154 86 10486 10393 9750 9515 235 643 170 9473 7208
is_linear=0
shrinkage=0.05


Tree=166
num_leaves=15
num_cat=0
split_feature=13 49 53 61 65 21 9 3 2 28 14 37 22 46
split_gain=146.422 165.014 309.417 366.607 942.702 580.731 420.653 269.205 287.23 233.815 285.156 200.563 193.266 636.455
threshold=51.951505312148448 1.0000000180025095e-35 -0.99465189230620676 -0.19509032201612839 149.900586 21.111772525676731 213.67016250000003 247.81357650000004 256.03719150000006 26.637500000000003 237.43435758333337 81.625000000000014 140.08700658333336 90.151041666666671
decision_type=2 2 2 2 2 2 2 2 2 2 2 2 2 2
left_child=1 2 -1 4 -4 -6 11 -8 -9 10 -5 -7 -3 -14
right_child=-2 12 3 9 5 6 7 8 -10 -11 -12 -13 13 -15
leaf_value=-0.10766400972343222 -0.05233516287531309 -0.0061506394223055441 0.26031466744916171 -0.0014391389712691306 -0.13886457869540089 0.21426146281883121 -0.016996768300290496 0.1577492906254227 0.028210152308427314 -0.10802746495852869 0.1308463610362175 0.065245568659156566 0.0067129745986277377 0.19066822970441233
leaf_weight=48 131 6802 48 774 45 47 198 58 158 47 42 45 2310 47
leaf_count=48 131 6802 48 774 45 47 198 58 158 47 42 45 2310 47
internal_value=2.65566e-06 0.000650134 0.0159589 0.0200885 0.0501063 0.0313557 0.0467379 0.025085 0.0635605 -0.000780391 0.00552149 0.142859 -0.00187522 0.0104605
internal_weight=10800 10669 1510 1462 599 551 506 414 216 863 816 92 9159 2357
internal_count=10800 10669 1510 1462 599 551 506 414 216 863 816 92 9159 2357
is_linear=0
shrinkage=0.05


Tree=167
num_leaves=15
num_cat=0
split_feature=35 65 51 36 0 9 65 9 47 47 31 15 64 2
split_gain=143.759 225.154 153.617 357.711 311.379 582.281 1434.42 955.181 818.787 790.307 636.635 433.926 408.903 397.737
threshold=16.320833333333336 101.43038050000003 2.5000000000000004 26.213020833333339 82.871596000000025 167.14851550000003 128.36177500000005 130.69559600000002 75.938802083333357 80.070312500000014 21.662500000000005 42.523274000000008 199.64899450000004 187.36653000000004
decision_type=2 2 2 2 2 2 2 2 2 2 2 2 2 2
left_child=1 -1 -2 4 11 6 7 10 -8 -10 -6 12 -4 -7
right_child=2 -3 3 -5 5 13 8 -9 9 -11 -12 -13 -14 -15
leaf_value=0.011685858904681308 -0.0058841053748635479 -0.14921815961871931 -0.0047487767143592754 0.12655098848655574 0.086378271606182 -0.056244067749401855 0.03935042991447197 -0.15785067778762563 0.41843020835000538 0.14802953429441429 -0.026411393334274183 -0.10296598000300897 0.13670257584979903 0.011562446303081998
leaf_weight=46 4992 40 2923 60 297 250 70 69 45 70 215 110 51 1562
leaf_count=46 4992 40 2923 60 297 250 70 69 45 70 215 110 51 1562
internal_value=5.4047e-06 -0.0640082 0.00052516 0.0061168 0.00481844 0.0176398 0.0541566 0.0154404 0.17501 0.256534 0.0390563 -0.0059015 -0.00227795 0.00218138
internal_weight=10800 86 10714 5722 5662 2578 766 581 185 115 512 3084 2974 1812
internal_count=10800 86 10714 5722 5662 2578 766 581 185 115 512 3084 2974 1812
is_linear=0
shrinkage=0.05


Tree=168
num_leaves=15
num_cat=0
split_feature=40 6 6 32 60 26 28 52 18 31 8 52 9 37
split_gain=140.799 215.613 207.839 551.593 519.138 449.161 407.39 264.2 527.313 258.411 247.977 230.616 323.683 208.316
threshold=46.625000000000007 212.05684700000003 261.54221350000006 27.762500000000003 -0.95642797789208689 27.712500000000002 27.712500000000002 -0.99465189230620676 248.78932104166668 20.862500000000004 130.66006100000001 -0.98611507088852024 197.23703800000001 44.625000000000007
decision_type=2 2 2 2 2 2 2 2 2 2 2 2 2 2
left_child=1 -1 7 5 -5 6 9 8 -2 -4 -11 12 -9 -13
right_child=2 -3 3 4 -6 -7 -8 11 -10 10 -12 13 -14 -15
leaf_value=-0.03476999529243479 0.015540093821871222 0.058120838749151596 0.043437207291313146 -0.25404063681761424 -0.048544318603817374 0.11401007673570088 -0.1677717621589816 -0.015030376498064078 0.19735944095253943 -0.0098025652598341412 -0.092421042899202027 -0.057632078269134038 -0.17523746713572608 0.0019805265485913159
leaf_weight=85 198 229 176 44 99 69 42 112 49 482 111 148 43 8913
leaf_count=85 198 229 176 44 99 69 42 112 49 482 111 148 43 8913
internal_value=7.33505e-06 0.0329447 -0.000982011 -0.02238 -0.113099 -0.00752655 -0.0179946 0.00133335 0.0522599 -0.00960703 -0.025397 -3.70671e-05 -0.0603133 0.00100058
internal_weight=10800 314 10486 1023 143 880 811 9463 247 769 593 9216 155 9061
internal_count=10800 314 10486 1023 143 880 811 9463 247 769 593 9216 155 9061
is_linear=0
shrinkage=0.05


Tree=169
num_leaves=15
num_cat=0
split_feature=26 43 65 47 64 0 65 9 2 42 53 25 0 13
split_gain=135.741 419.892 728.309 373.892 563.831 339.029 1161.09 935.295 970.071 591.414 425.64 324.997 296.167 237.09
threshold=20.987500000000004 65.375000000000014 221.97237050000004 71.582031250000014 70.787265500000018 70.579213000000024 42.523274000000008 167.14851550000003 133.21806450000003 80.375000000000014 -0.29012925520284105 89.782246944839258 158.45529200000001 34.097678503583971
decision_type=2 2 2 2 2 2 2 2 2 2 2 2 2 2
left_child=1 2 -1 4 -3 6 -5 8 10 -8 -7 -11 -9 -2
right_child=13 3 -4 5 -6 7 9 12 -10 11 -12 -13 -14 -15
leaf_value=-0.22069942099455325 0.0062320203627222641 -0.00023876537066738472 0.012187018945209079 -0.00061712597749332744 -0.20394003284324347 0.11226864098066308 -0.0032258596752995049 -0.16197822570073894 0.30417863997142941 -0.29879487194120885 0.0072738411246220866 -0.12581511503633333 -0.018157377421662173 -0.029162538275544304
leaf_weight=61 6894 82 73 2192 57 165 57 40 41 48 231 67 285 507
leaf_count=61 6894 82 73 2192 57 165 57 40 41 48 231 67 285 507
internal_value=5.00179e-06 -0.00826505 -0.094678 -0.00469065 -0.084631 -0.00111011 -0.0104595 0.0278709 0.0755699 -0.135165 0.0511943 -0.199969 -0.036301 0.00380373
internal_weight=10800 3399 134 3265 139 3126 2364 762 437 172 396 115 325 7401
internal_count=10800 3399 134 3265 139 3126 2364 762 437 172 396 115 325 7401
is_linear=0
shrinkage=0.05


Tree=170
num_leaves=15
num_cat=0
split_feature=9 43 27 21 13 9 65 65 13 9 0 36 65 0
split_gain=134.123 534.791 178.353 162.82 329.63 196.669 803.357 789.834 969.073 647.049 604.286 697.299 472.193 621.915
threshold=290.2148160000001 65.375000000000014 25.662500000000005 93.735121836045664 3.1392281656120145 232.32850950000002 209.88092950000001 229.58777250000003 22.073963686381276 202.67053300000003 210.62775850000003 21.048437500000006 241.68896250000003 214.38332500000004
decision_type=2 2 2 2 2 2 2 2 2 2 2 2 2 2
left_child=3 2 -2 5 -5 6 9 8 -8 -1 11 -7 -9 -14
right_child=1 -3 -4 4 -6 10 7 12 -10 -11 -12 -13 13 -15
leaf_value=0.00053953919772685747 0.093869159422641582 -0.19451012957927794 -0.050218040262197339 0.011189939778536967 0.12169200944466681 -0.0048301854812436637 0.35372365061626881 -0.10208015156381611 0.081617338872108036 -0.092376235603781734 -0.00947165961521222 -0.28806719079960225 0.0097048622337687351 0.20169348685035052
leaf_weight=7768 42 42 42 465 78 44 42 66 141 191 1562 42 224 51
leaf_count=7768 42 42 42 465 78 44 42 66 141 191 1562 42 224 51
internal_value=1.87934e-06 -0.0510782 0.0220823 0.000609577 0.0272577 -0.000821254 0.00224982 0.0621563 0.145651 -0.00170158 -0.0166213 -0.144876 0.0170535 0.0459118
internal_weight=10800 126 84 10674 543 10131 8483 524 183 7959 1648 86 341 275
internal_count=10800 126 84 10674 543 10131 8483 524 183 7959 1648 86 341 275
is_linear=0
shrinkage=0.05


Tree=171
num_leaves=15
num_cat=0
split_feature=61 13 49 38 36 53 14 34 39 13 35 65 30 3
split_gain=134.753 244.323 141.782 280.018 646.001 304.02 371.639 417.586 251.02 204.482 227.541 307.188 510.698 624.484
threshold=-0.99892946161930163 1.0799085503624535 1.0000000180025095e-35 50.625000000000007 26.213020833333339 -0.99465189230620676 232.70098250000004 25.525000000000002 62.125000000000007 48.073970756014013 23.982812500000005 73.362583000000015 21.812500000000004 145.57184100000003
decision_type=2 2 2 2 2 2 2 2 2 2 2 2 2 2
left_child=1 -1 3 -2 5 -5 9 -8 -9 10 11 -7 -13 -14
right_child=2 -3 -4 4 -6 6 7 8 -10 -11 -12 12 13 -15
leaf_value=-0.13838300812913448 -0.095040431033287742 0.00934370883147825 -0.0017664223360249595 -0.11803097599077711 0.20331924775939272 -0.0084600249332527338 0.11942129551743469 0.075672328398838917 -0.070192194730043414 -0.10178720205704767 -0.054277968277165203 0.01153902570524263 0.22343201285816339 -0.0026888008086154097
leaf_weight=48 55 65 9167 42 45 523 164 53 64 43 127 278 75 51
leaf_count=48 55 65 9167 42 45 523 164 53 64 43 127 278 75 51
internal_value=2.39859e-06 -0.0540709 0.000579153 0.014717 0.0188996 0.0129163 0.0169902 0.0681856 -0.00403548 0.00382617 0.00822727 0.0168398 0.0495319 0.132606
internal_weight=10800 113 10687 1520 1465 1420 1378 281 117 1097 1054 927 404 126
internal_count=10800 113 10687 1520 1465 1420 1378 281 117 1097 1054 927 404 126
is_linear=0
shrinkage=0.05


Tree=172
num_leaves=15
num_cat=0
split_feature=17 46 9 57 11 5 16 54 41 8 42 64 64 65
split_gain=127.995 434.134 225.488 394.566 245.507 206.775 307.943 204.722 199.375 289.054 193.643 286.936 729.969 437.382
threshold=49.686348288467009 90.546875000000014 196.22379650000002 1.0000000180025095e-35 234.14182850000003 299.02505250000007 303.53637200000009 0.87837969732492682 92.125000000000014 251.70151450000003 84.375000000000014 203.16976750000001 239.74407900000003 172.05135050000004
decision_type=2 2 2 2 2 2 2 2 2 2 2 2 2 2
left_child=5 2 3 -2 7 6 8 -4 10 -10 -1 -12 13 -13
right_child=1 -3 4 -5 -6 -7 -8 -9 9 -11 11 12 -14 -15
leaf_value=-0.0042724901021520233 0.18498584047298541 0.17289212796577189 -0.048413893753205949 0.021599839049148667 0.033711010799093714 -0.10016372405554888 0.12021599457814143 0.047367810559294683 -0.019298012271591003 -0.14319728043269028 0.00029953979464471194 0.20948345117367709 0.0031303600012224393 0.062701740750268881
leaf_weight=7216 43 42 313 233 232 52 51 67 330 54 1475 76 463 153
leaf_count=7216 43 42 313 233 232 52 51 67 330 54 1475 76 463 153
internal_value=2.51988e-06 0.0177248 0.0101996 0.0476308 -0.0067313 -0.00166899 -0.00113717 -0.0314461 -0.00178308 -0.037048 -0.000336068 0.0127679 0.0393056 0.112114
internal_weight=10800 930 888 276 612 9870 9818 380 9767 384 9383 2167 692 229
internal_count=10800 930 888 276 612 9870 9818 380 9767 384 9383 2167 692 229
is_linear=0
shrinkage=0.05


Tree=173
num_leaves=15
num_cat=0
split_feature=40 6 20 20 35 16 5 36 47 47 28 20 60 26
split_gain=124.955 206.142 261.983 312.483 194.031 211.601 228.622 202.939 569.917 204.04 449.245 336.628 359.293 287.048
threshold=46.625000000000007 272.71499900000009 280.04660650000005 273.13806300000005 30.063020833333336 307.83665100000002 289.58042400000005 26.213020833333339 68.201822916666686 69.876302083333357 20.262500000000003 284.15934500000009 -0.55557023301960229 26.937500000000004
decision_type=2 2 2 2 2 2 2 2 2 2 2 2 2 2
left_child=1 2 3 -1 5 6 7 9 -9 10 -2 13 -13 -12
right_child=4 -3 -4 -5 -6 -7 -8 8 -10 -11 11 12 -14 -15
leaf_value=0.00075366619670044961 -0.18185726355125265 0.11618841672958485 -0.065595581179315396 0.14271117274350087 -0.10339130494115956 0.097338337383487017 -0.11741259513156754 0.01408357513451617 0.21125992013186945 0.0011776067866098965 -0.020040107454469366 -0.20349435511421651 -0.0097833320731297146 0.033810340032582889
leaf_weight=126 40 57 76 55 45 54 41 347 40 8403 1103 46 49 318
leaf_count=126 40 57 76 55 45 54 41 347 40 8403 1103 46 49 318
internal_value=4.89846e-06 0.0310337 0.0117701 0.044437 -0.000927119 -0.000475647 -0.000993484 -0.000520825 0.0349555 -0.00190278 -0.0185281 -0.0141016 -0.104723 -0.00797383
internal_weight=10800 314 257 181 10486 10441 10387 10346 387 9959 1556 1516 95 1421
internal_count=10800 314 257 181 10486 10441 10387 10346 387 9959 1556 1516 95 1421
is_linear=0
shrinkage=0.05


Tree=174
num_leaves=15
num_cat=0
split_feature=37 26 33 24 32 47 65 16 41 34 31 28 26 32
split_gain=132.911 403.884 730.371 360.49 514.316 322.533 436.605 597.462 350.8 436.722 415.608 271.461 412.011 441.377
threshold=53.375000000000007 26.812500000000004 27.256250000000005 300.20324800000009 29.887500000000003 69.501302083333357 90.634957500000013 277.80985600000002 65.625000000000014 29.188541666666669 21.162500000000005 26.487500000000004 25.487500000000004 24.262500000000003
decision_type=2 2 2 2 2 2 2 2 2 2 2 2 2 2
left_child=3 2 11 -1 -5 6 -3 -8 10 -10 -7 -2 13 -13
right_child=1 5 -4 4 -6 8 7 -9 9 -11 -12 12 -14 -15
leaf_value=-0.0083153695376750793 0.0012001157149523034 -0.019035986138726861 -0.20947357973172551 -0.24410753969739127 0.0077087004555434716 -0.19565879242642351 0.19920001187458425 0.030177353705678669 0.012591120856932276 0.17093779960818287 0.018764142619215371 0.0043312275497656731 0.0092308797820338188 -0.16445080337082985
leaf_weight=711 8806 84 41 40 40 40 105 104 393 48 50 62 174 102
leaf_count=711 8806 84 41 40 40 40 105 104 393 48 50 62 174 102
internal_value=4.26358e-06 0.00156433 -0.00144553 -0.0197133 -0.119659 0.0350759 0.0770944 0.115637 0.0117891 0.0301739 -0.0776378 -0.000489966 -0.0443958 -0.101003
internal_weight=10800 10009 9185 791 80 824 293 209 531 441 90 9144 338 164
internal_count=10800 10009 9185 791 80 824 293 209 531 441 90 9144 338 164
is_linear=0
shrinkage=0.05


Tree=175
num_leaves=15
num_cat=0
split_feature=61 13 61 48 9 61 54 20 29 64 8 36 17 47
split_gain=124.35 220.518 128.822 506.656 816.173 350.37 532.244 239.308 535.92 469.012 1456.82 600.542 338.322 299.245
threshold=-0.99892946161930163 1.6310739327354087 -0.68322629814330815 8.8750000000000018 171.80616150000003 -0.58216583101416131 -0.8783796973249266 260.70380750000004 20.212500000000002 242.98436500000005 239.31942450000005 20.302864583333335 23.830521988422692 81.553385416666671
decision_type=2 2 2 2 2 2 2 2 2 2 2 2 2 2
left_child=1 -1 3 4 -2 6 -4 9 -9 -5 -11 -12 -13 -10
right_child=2 -3 5 7 -6 -7 -8 8 13 10 11 12 -14 -15
leaf_value=-0.11454606814280388 0.22060222654706904 0.024904425058943722 -0.1778361038175913 0.015741112287898224 0.016756187541222274 -7.4471625310153957e-05 -0.023090469106930748 0.19738041464061964 0.0069072560537905186 -0.29204500222156915 -0.19036700982362667 0.070191551462339713 -0.024431555927996573 0.11582026925581673
leaf_weight=62 71 51 64 835 155 7536 386 41 872 52 46 119 443 67
leaf_count=62 71 51 64 835 155 7536 386 41 872 52 46 119 443 67
internal_value=2.25936e-06 -0.0519419 0.000556304 0.0099935 0.081486 -0.00263637 -0.0454443 0.00343502 0.0226257 -0.00915153 -0.0406207 -0.018673 -0.00430662 0.0147934
internal_weight=10800 113 10687 2701 226 7986 450 2475 980 1495 660 608 562 939
internal_count=10800 113 10687 2701 226 7986 450 2475 980 1495 660 608 562 939
is_linear=0
shrinkage=0.05


Tree=176
num_leaves=15
num_cat=0
split_feature=65 9 8 19 3 37 26 27 64 45 15 26 39 65
split_gain=121.583 742.819 333.639 197.145 203.155 143.117 287.902 693.309 296.381 313.416 306.045 327.905 280.719 240.528
threshold=280.98983350000009 284.32638350000008 249.19958150000005 206.34750400000004 261.54221350000006 46.875000000000007 27.562500000000004 27.762500000000003 285.25181400000002 62.739583333333336 267.36735600000003 30.012500000000003 44.125000000000007 91.384633000000022
decision_type=2 2 2 2 2 2 2 2 2 2 2 2 2 2
left_child=1 5 -2 4 -4 12 7 -7 9 10 11 -8 -1 -11
right_child=2 -3 3 -5 -6 6 8 -9 -10 13 -12 -13 -14 -15
leaf_value=0.027079822740435907 0.10469947309039607 -0.21067569717055276 0.0089805906569516217 0.060402170077351658 -0.13712892437050508 -0.00064400341961821472 -0.00041644249854138851 -0.20670293301071335 0.15099425607539241 -0.021741556666702744 -0.10383664712085035 0.099981403272903099 -0.076703439700896991 0.11734393094941042
leaf_weight=107 100 41 53 57 42 9353 478 40 46 41 57 97 164 124
leaf_count=107 100 41 53 57 42 9353 478 40 46 41 57 97 164 124
internal_value=1.43307e-06 -0.000820068 0.0342545 -0.0124723 -0.0563707 1.8793e-05 0.000969906 -0.00154341 0.0289428 0.0217181 0.00564957 0.0166644 -0.0357774 0.0828605
internal_weight=10800 10548 252 152 95 10507 10236 9393 843 797 632 575 271 165
internal_count=10800 10548 252 152 95 10507 10236 9393 843 797 632 575 271 165
is_linear=0
shrinkage=0.05


Tree=177
num_leaves=15
num_cat=0
split_feature=13 7 65 25 65 30 21 25 37 45 65 18 6 17
split_gain=118.98 135.108 189.355 133.766 397.976 1101.72 332.322 304.72 425.957 1438.78 346.475 384.919 418.43 323.27
threshold=51.951505312148448 92.728036500000016 107.96800900000001 65.980334729497159 28.000000000000004 21.962500000000002 12.675455396440698 87.76708810618652 68.875000000000014 78.531250000000014 216.30175750000004 67.100833937500013 90.348270500000027 9.3387800668534897
decision_type=2 2 2 2 2 2 2 2 2 2 2 2 2 2
left_child=3 -2 -3 4 -1 6 -6 8 13 -10 11 -11 -13 -5
right_child=1 2 -4 7 5 -7 -8 -9 9 10 -12 12 -14 -15
leaf_value=0.0036715891646774846 -0.11752653281514845 -0.08431337093934417 0.061575439307424762 -0.11169497191905975 -0.10820714149320887 0.26500905697965726 0.046289382057004898 -1.2590054289794949e-05 -0.29325100762859707 0.012227564007880984 0.071947264362909435 -0.25160810235070019 -0.027630501291291285 0.036241452955613727
leaf_weight=2420 44 43 44 44 42 55 182 7421 61 88 68 40 43 205
leaf_count=2420 44 43 44 44 42 55 182 7421 61 88 68 40 43 205
internal_value=4.8947e-07 -0.0471787 -0.0106692 0.000584149 0.0102028 0.0666377 0.0169691 -0.00267402 -0.0385839 -0.0786067 -0.0228294 -0.0607176 -0.137282 0.00975786
internal_weight=10800 131 87 10669 2699 279 224 7970 549 300 239 171 83 249
internal_count=10800 131 87 10669 2699 279 224 7970 549 300 239 171 83 249
is_linear=0
shrinkage=0.05


Tree=178
num_leaves=15
num_cat=0
split_feature=35 31 51 47 65 9 36 37 36 31 41 4 36 5
split_gain=117.607 125.528 150.881 286.219 547.618 1278.83 502.603 561.093 400.252 383.635 381.409 613.087 343.588 327.353
threshold=16.005208333333339 16.862500000000004 2.5000000000000004 78.959635416666671 73.362583000000015 73.362583000000015 23.792968750000004 53.625000000000007 23.581770833333337 21.012500000000003 61.375000000000007 228.19951850000004 24.591927083333335 278.39930150000004
decision_type=2 2 2 2 2 2 2 2 2 2 2 2 2 2
left_child=-1 -2 -3 4 -4 -6 7 -7 9 -9 11 -8 -13 -12
right_child=1 2 3 -5 5 6 10 8 -10 -11 13 12 -14 -15
leaf_value=-0.081579877190630548 -0.047578767806084624 -0.0053876017125738156 -0.0044688592251580879 -0.0056109010181370073 0.26239680315016728 -0.049686359388528972 0.04113463967565506 0.074302597175229648 0.19153190253332991 -0.024755348503526491 -0.00064363224072311125 -0.26445577699084616 -0.058966122958354843 0.12472142148762942
leaf_weight=43 134 4992 1500 2602 60 115 62 580 60 117 394 42 40 59
leaf_count=43 134 4992 1500 2602 60 115 62 580 60 117 394 42 40 59
internal_value=-1.83706e-06 0.000331816 0.000940588 0.00655062 0.0169961 0.0380432 0.0287074 0.0528849 0.068512 0.0576629 -0.00663658 -0.0772257 -0.166135 0.015923
internal_weight=10800 10757 10623 5631 3029 1529 1469 872 757 697 597 144 82 453
internal_count=10800 10757 10623 5631 3029 1529 1469 872 757 697 597 144 82 453
is_linear=0
shrinkage=0.05


Tree=179
num_leaves=15
num_cat=0
split_feature=40 42 52 2 13 43 60 60 52 13 9 2 13 65
split_gain=115.768 186.192 217.331 180.08 338.201 289.806 168.734 184.007 672.673 399.667 475.319 622.056 578.304 362.97
threshold=46.625000000000007 87.875000000000014 -0.98611507088852024 282.29026750000008 6.4902494555159214 54.625000000000007 -0.99892946161930163 -0.8814490726585632 -0.8814490726585632 14.738928939055766 157.72236450000003 202.05005250000002 26.684741412551585 71.13744800000002
decision_type=2 2 2 2 2 2 2 2 2 2 2 2 2 2
left_child=1 2 -1 6 5 -5 -2 9 13 -8 12 -12 -11 -9
right_child=3 -3 -4 4 -6 -7 7 8 -10 10 11 -13 -14 -15
leaf_value=-0.061149145173512304 -0.06675365085545136 0.12404657911923196 0.04063211865491461 -0.10319082502923582 -0.16128487944602968 0.05791733729010317 -0.0006876492544073625 0.010966558923338733 0.0001308828224508707 0.19343856012483485 -0.11898114814248402 0.06252224879235857 -0.0059508933951812129 -0.13297433784558765
leaf_weight=70 93 44 200 45 49 70 877 62 8740 106 63 179 55 147
leaf_count=70 93 44 200 45 49 70 877 62 8740 106 63 179 55 147
internal_value=-1.04642e-06 0.0298653 0.0141161 -0.000898147 -0.0527206 -0.00547109 -6.97447e-05 0.000542998 -0.00199388 0.0182671 0.0594156 0.0149762 0.125708 -0.0904253
internal_weight=10800 314 270 10486 164 115 10322 10229 8949 1280 403 242 161 209
internal_count=10800 314 270 10486 164 115 10322 10229 8949 1280 403 242 161 209
is_linear=0
shrinkage=0.05


Tree=180
num_leaves=15
num_cat=0
split_feature=26 61 47 64 5 0 65 48 9 2 53 21 3 54
split_gain=111.352 354.06 310.315 466.21 267.635 488.684 1052.49 528.476 515.002 1276.14 227.542 227.182 255.496 215.505
threshold=20.987500000000004 -0.9733555533461492 71.582031250000014 70.787265500000018 234.30970600000003 70.579213000000024 42.523274000000008 6.6250000000000009 169.62799400000003 118.59047850000002 -0.29012925520284105 1.0749051175988377e-05 42.523274000000008 0.87837969732492682
decision_type=2 2 2 2 2 2 2 2 2 2 2 2 2 2
left_child=1 -1 3 -3 5 6 -4 -8 9 10 -7 -9 -13 -10
right_child=-2 2 4 -5 -6 8 7 11 13 -11 -12 12 -14 -15
leaf_value=-0.12997218164041285 0.0034388389378238755 0.0017730365047186969 -0.00046414871125838813 -0.17779932077100968 -0.070995105409787762 0.086788549286402061 0.018635203800302872 -0.26156926242013773 -0.031187850947026165 0.33478035004366014 0.0080786602254317823 -0.032192463794632295 -0.20971308236586905 0.084424349428930637
leaf_weight=57 7401 83 2176 63 134 167 46 50 251 41 203 40 41 47
leaf_count=57 7401 83 2176 63 134 167 46 50 251 41 203 40 41 47
internal_value=-1.7409e-06 -0.00749209 -0.00536485 -0.0763961 -0.00209712 0.000940208 -0.0100265 -0.126921 0.0372991 0.0735177 0.0437426 -0.177787 -0.12351 -0.0127323
internal_weight=10800 3399 3342 146 3196 3062 2353 177 709 411 370 131 81 298
internal_count=10800 3399 3342 146 3196 3062 2353 177 709 411 370 131 81 298
is_linear=0
shrinkage=0.05


Tree=181
num_leaves=15
num_cat=0
split_feature=37 24 26 33 42 35 65 37 6 20 43 44 21 24
split_gain=111.946 358.957 351.622 632.589 336.476 530.812 357.266 467.829 326.211 398.724 285.836 308.41 262.531 376.087
threshold=54.125000000000007 318.25669550000003 26.812500000000004 27.256250000000005 76.875000000000014 29.603645833333339 83.218449000000007 64.375000000000014 268.80763500000006 285.31225600000005 61.375000000000007 56.156250000000007 31.010995959164848 284.15934500000009
decision_type=2 2 2 2 2 2 2 2 2 2 2 2 2 2
left_child=1 12 3 -2 6 8 -4 -8 9 10 11 -6 -1 -14
right_child=2 -3 4 -5 5 -7 7 -9 -10 -11 -12 -13 13 -15
leaf_value=0.01234863712369527 -0.00034440276795417773 -0.16166629666780555 -0.015804529172511628 -0.19483727997257597 0.19552261091413953 -0.12799183019747337 0.058773664883816634 0.23338877551990456 0.15063545736670494 -0.11571992573090922 -0.010821622617444709 0.042322727948283928 -0.015669667444805184 -0.14437103015748229
leaf_weight=505 9123 40 64 41 41 59 106 60 49 50 189 155 245 73
leaf_count=505 9123 40 64 41 41 59 106 60 49 50 189 155 245 73
internal_value=-3.39432e-06 -0.0172663 0.00149743 -0.00123573 0.0338591 0.0123322 0.0844078 0.122907 0.0296665 0.0157259 0.0330523 0.0751995 -0.0100604 -0.0455743
internal_weight=10800 863 9937 9164 773 543 230 166 484 435 385 196 823 318
internal_count=10800 863 9937 9164 773 543 230 166 484 435 385 196 823 318
is_linear=0
shrinkage=0.05


Tree=182
num_leaves=15
num_cat=0
split_feature=65 65 65 53 15 53 65 8 9 65 2 9 0 65
split_gain=112.098 572.467 2554.38 2332.72 939.119 801.869 553.055 331.935 320.667 475.734 328.598 585.261 1134.88 880.983
threshold=258.63541800000007 229.58777250000003 217.24452850000003 -0.98611507088852035 267.36735600000003 -0.41248606129204529 233.25313400000002 24.000000000000004 202.67053300000003 183.39475350000004 169.70252950000005 146.08976850000002 161.39364400000002 149.900586
decision_type=2 2 2 2 2 2 2 2 2 2 2 2 2 2
left_child=1 2 8 -3 6 -4 -5 -8 10 -10 11 -1 13 -13
right_child=-2 3 5 4 -6 -7 7 -9 9 -11 -12 12 -14 -15
leaf_value=0.0010556746554052641 0.013152832832403503 -0.40313884401250455 0.32309788842002551 -0.16574255694393758 -0.25573223818366125 0.088633872470440911 0.11070621825994985 -0.0096659753120933098 -0.1500772955092011 -0.018791976210752459 0.039821098555819882 -0.086761716634304417 0.02337027387028294 -0.36772928315886233
leaf_weight=7010 1407 41 74 53 40 73 61 750 81 438 509 82 139 42
leaf_count=7010 1407 41 74 53 40 73 61 750 81 438 509 82 139 42
internal_value=-3.66079e-06 -0.00197559 0.00215453 -0.0388608 -0.0219121 0.208049 -0.010804 -0.000486899 -0.00151622 -0.0395308 0.00102381 -0.00169651 -0.0747793 -0.184109
internal_weight=10800 9393 8448 945 904 147 864 811 8301 519 7782 7273 263 124
internal_count=10800 9393 8448 945 904 147 864 811 8301 519 7782 7273 263 124
is_linear=0
shrinkage=0.05


Tree=183
num_leaves=15
num_cat=0
split_feature=9 65 65 65 19 36 20 32 21 17 47 47 34 22
split_gain=112.297 373.908 1856.36 363.28 282.796 328.377 217.865 208.702 380.42 258.199 242.568 290.27 288.083 244.656
threshold=270.73891950000007 229.58777250000003 259.06076850000005 274.28284400000007 214.08212300000002 24.179687500000004 284.68449300000003 27.012500000000003 22.804569832130245 5.8667256286578766 71.428385416666671 73.667968750000014 24.739583333333336 143.52257702604172
decision_type=2 2 2 2 2 2 2 2 2 2 2 2 2 2
left_child=3 -2 -3 4 7 6 -6 -1 -9 -10 13 -12 -13 -11
right_child=1 2 -4 -5 5 -7 -8 8 9 10 11 12 -14 -15
leaf_value=0.0018747748009100467 0.099401723009844623 -0.31425333518429466 -0.004669300975875426 0.11913126153584858 0.051594509496245278 -0.0033545114813993376 0.21333146763229094 0.019123671672123414 -0.1531683910163302 0.024183036881157947 -0.17933319440146664 -0.11657957032129362 0.013733571087451359 -0.057354936976399686
leaf_weight=8888 59 52 561 64 42 89 42 358 50 212 52 76 94 161
leaf_count=8888 59 52 561 64 42 89 42 358 50 212 52 76 94 161
internal_value=-7.44876e-06 -0.0197852 -0.0314 0.00130665 0.000545602 0.0637351 0.134021 -0.000565955 -0.0221746 -0.0450909 -0.035767 -0.0770251 -0.0448651 -0.0110709
internal_weight=10800 672 613 10128 10064 173 84 9891 1003 645 595 222 170 373
internal_count=10800 672 613 10128 10064 173 84 9891 1003 645 595 222 170 373
is_linear=0
shrinkage=0.05


Tree=184
num_leaves=15
num_cat=0
split_feature=20 16 20 22 43 37 5 36 31 20 16 25 45 17
split_gain=113.291 178.727 142.829 330.541 420.557 715.524 319.559 295.075 355.265 314.685 292.612 472.133 267.229 208.681
threshold=322.54412650000006 303.53637200000009 282.08765550000004 140.08700658333336 74.875000000000014 63.125000000000007 289.58042400000005 24.343229166666671 22.262500000000003 295.90254450000003 278.91518350000007 105.4408211443279 67.802083333333357 22.019313503797232
decision_type=2 2 2 2 2 2 2 2 2 2 2 2 2 2
left_child=1 2 10 4 5 -4 7 9 -9 -5 -1 -12 -7 -10
right_child=-2 -3 3 6 -6 12 -8 8 13 -11 11 -13 -14 -15
leaf_value=0.00062401373528033844 -0.075863121602000039 0.083643715907237501 0.0053649701851319126 0.022246503274293006 0.031012995232595132 -0.27602752089500426 -0.13008692918527054 -0.13823848114329942 -0.071011858187237029 0.17011706645672139 0.21331079572084405 -0.019390106897639193 -0.1147422455377498 0.038055226786541399
leaf_weight=9850 48 63 82 118 79 49 40 48 58 51 41 45 58 170
leaf_count=9850 48 63 82 118 79 49 40 48 58 51 41 45 58 170
internal_value=-8.40181e-06 0.000337259 -0.00016152 -0.0211418 -0.0655942 -0.105926 0.003506 0.0157791 -0.0160864 0.0676084 0.00143044 0.0927254 -0.190474 0.0101212
internal_weight=10800 10752 10689 753 268 189 485 445 276 169 9936 86 107 228
internal_count=10800 10752 10689 753 268 189 485 445 276 169 9936 86 107 228
is_linear=0
shrinkage=0.05


Tree=185
num_leaves=15
num_cat=0
split_feature=40 29 37 26 41 8 46 32 37 21 36 65 3 47
split_gain=111.388 168.344 432.694 261.236 164.179 213.699 296.565 191.719 162.797 190.81 156.001 382.042 1014.81 187.096
threshold=46.625000000000007 30.612500000000004 67.875000000000014 31.062500000000004 60.875000000000007 140.10094300000003 49.260416666666679 26.987500000000004 44.625000000000007 41.083852219581566 26.213020833333339 63.145266500000005 157.72236450000003 69.876302083333357
decision_type=2 2 2 2 2 2 2 2 2 2 2 2 2 2
left_child=4 3 -3 8 5 -1 -7 -6 9 -2 13 -12 -13 -10
right_child=1 2 -4 -5 7 6 -8 -9 10 -11 11 12 -14 -15
leaf_value=0.076215252651677778 -0.016600083547894395 -0.18888345653327501 0.030723901823163032 0.12414694384095215 0.012345145871354775 0.015434851641194864 -0.1400617948467178 0.16111375096000055 -0.017676821306802877 -0.14149837966921716 -0.010396040528450676 0.22620126957426201 -0.024773447667614801 0.0016249775125934136
leaf_weight=74 107 40 49 41 43 113 41 43 1477 42 231 73 88 8338
leaf_count=74 107 40 49 41 43 113 41 43 1477 42 231 73 88 8338
internal_value=-9.18988e-06 -0.000889155 -0.0689781 -0.000299726 0.0292867 0.00695686 -0.0266001 0.0877263 -0.000804356 -0.0525149 -4.44239e-05 0.0308452 0.0897164 -0.00128114
internal_weight=10800 10486 89 10397 314 228 154 86 10356 149 10207 392 161 9815
internal_count=10800 10486 89 10397 314 228 154 86 10356 149 10207 392 161 9815
is_linear=0
shrinkage=0.05


Tree=186
num_leaves=15
num_cat=0
split_feature=13 25 65 30 27 35 42 25 65 37 32 17 17 22
split_gain=114.201 116.872 397.751 1220.23 284.686 824.507 295.041 227.293 349.545 564.008 1285.33 293.964 203.289 187.435
threshold=51.951505312148448 62.307591751417114 28.000000000000004 21.962500000000002 19.962500000000002 17.664583333333336 84.125000000000014 87.76708810618652 258.63541800000007 68.875000000000014 23.487500000000004 9.3387800668534897 27.40749161485066 112.96897592187503
decision_type=2 2 2 2 2 2 2 2 2 2 2 2 2 2
left_child=1 2 -1 4 5 -4 -6 8 9 11 -11 -3 -13 -9
right_child=-2 7 3 -5 6 -7 -8 13 -10 10 -12 12 -14 -15
leaf_value=0.0034295735279092558 -0.046230077258907404 -0.10422922938384793 -0.074296124190416021 0.29928263002570643 -0.12671078872118219 0.21946705845743419 0.037664862343315356 0.03558390901511551 0.043127899372579964 -0.036955666707828641 -0.29328852468098587 0.077398429431993043 -0.045312085922341795 -0.0018496189712486615
leaf_weight=2412 131 43 45 46 50 49 58 350 121 199 64 114 47 7071
leaf_count=2412 131 43 45 46 50 49 58 350 121 199 64 114 47 7071
internal_value=-8.23087e-06 0.000563587 0.00964207 0.0698072 0.0163335 0.079534 -0.0388993 -0.00245244 -0.0323489 -0.0519554 -0.100208 0.0104378 0.0415175 -7.95679e-05
internal_weight=10800 10669 2660 248 202 94 108 8009 588 467 263 204 161 7421
internal_count=10800 10669 2660 248 202 94 108 8009 588 467 263 204 161 7421
is_linear=0
shrinkage=0.05


Tree=187
num_leaves=15
num_cat=0
split_feature=61 13 61 32 35 61 54 4 7 55 48 13 13 9
split_gain=109.555 188.647 115.612 429.225 516.175 332.565 460.547 310.366 347.098 284.615 307.202 261.48 245.473 233.476
threshold=-0.99892946161930163 1.6310739327354087 -0.68322629814330815 23.062500000000004 19.621875000000003 -0.58216583101416131 -0.8783796973249266 234.35018650000004 112.28162400000001 -0.56174490092936669 8.8750000000000018 0.93779211544966634 34.097678503583971 232.32850950000002
decision_type=2 2 2 2 2 2 2 2 2 2 2 2 2 2
left_child=1 -1 3 7 -5 6 -4 8 9 -2 11 -11 -6 -8
right_child=2 -3 5 4 12 -7 13 -9 -10 10 -12 -13 -14 -15
leaf_value=-0.1066656270433986 -0.042253720872414607 0.022323863172473816 -0.16737541724927724 -0.13773166434972414 0.0046383717116744569 -1.6440059168666977e-05 0.0089755087498398552 0.12029270298668358 0.16891345467259428 0.012284951699742426 0.016773638937324833 0.16259684973200295 -0.090293188660707277 -0.0699275244525253
leaf_weight=62 149 51 64 69 1664 7536 228 100 40 47 487 75 70 158
leaf_count=62 149 51 64 69 1664 7536 228 100 40 47 487 75 70 158
internal_value=-7.87916e-06 -0.048764 0.000512162 0.0094524 -0.00461704 -0.00251238 -0.0442184 0.0376747 0.0271839 0.0194921 0.0346436 0.10526 0.000756238 -0.0234188
internal_weight=10800 113 10687 2701 1803 7986 450 898 798 758 609 122 1734 386
internal_count=10800 113 10687 2701 1803 7986 450 898 798 758 609 122 1734 386
is_linear=0
shrinkage=0.05


Tree=188
num_leaves=15
num_cat=0
split_feature=13 7 65 25 65 8 46 36 25 65 37 32 17 22
split_gain=101.721 115.816 169.464 105.136 341.317 383.661 1582.94 231.12 225.396 332.634 516.102 1363.78 278.077 181.357
threshold=51.951505312148448 92.728036500000016 107.96800900000001 65.980334729497159 24.000000000000004 24.000000000000004 84.276041666666671 21.081770833333337 87.76708810618652 258.63541800000007 68.875000000000014 22.487500000000004 9.3387800668534897 104.54825483333336
decision_type=2 2 2 2 2 2 2 2 2 2 2 2 2 2
left_child=3 -2 -3 4 -1 6 -6 -8 9 10 12 13 -5 -12
right_child=1 2 -4 8 5 -7 7 -9 -10 -11 11 -13 -14 -15
leaf_value=-0.0042715622164723648 -0.10876307165457143 -0.079500811411575834 0.058512229522069296 -0.10340459893147153 0.31457287565073266 0.020065811293515663 0.052721495909343774 -0.1153074396910464 -6.7831207145137477e-05 0.042931342810972412 0.019779577844923263 -0.2910313463769853 0.042598378436946097 -0.079355940225327187
leaf_weight=1728 44 43 44 41 55 836 40 40 7421 113 94 67 145 89
leaf_count=1728 44 43 44 41 55 836 40 40 7421 113 94 67 145 89
internal_value=-7.93626e-06 -0.0436312 -0.00982938 0.000531734 0.00905911 0.0327625 0.110662 -0.0316793 -0.00235679 -0.033241 -0.053036 -0.0998132 0.0100341 -0.0286031
internal_weight=10800 131 87 10669 2699 971 135 80 7970 549 436 250 186 183
internal_count=10800 131 87 10669 2699 971 135 80 7970 549 436 250 186 183
is_linear=0
shrinkage=0.05


Tree=189
num_leaves=15
num_cat=0
split_feature=40 2 13 43 6 28 24 37 60 15 37 9 65 8
split_gain=101.401 160.076 301.71 245.452 157.804 148.558 237.307 196.527 145.127 181.428 273.963 260.689 388.242 308.599
threshold=46.625000000000007 282.29026750000008 6.4902494555159214 54.625000000000007 212.05684700000003 30.725000000000005 274.28284400000007 56.875000000000007 -0.99892946161930163 217.18543900000003 47.875000000000007 259.83896700000008 217.24452850000003 236.19549900000004
decision_type=2 2 2 2 2 2 2 2 2 2 2 2 2 2
left_child=4 8 3 -3 -1 6 -6 -8 -2 10 -10 12 -11 -14
right_child=1 2 -4 -5 5 -7 7 -9 9 11 -12 -13 13 -15
leaf_value=-0.02998525158415527 -0.061910751143884057 -0.095011714783132736 -0.15224768576025963 0.05325615630865517 -0.02930008406440417 -0.025369793649476308 0.029346392391757532 0.15314238354747678 -0.057809456548420714 0.0035335778807019515 0.0001984585269768973 -0.0041922074510625127 0.2219782870119581 0.0608943206519654
leaf_weight=85 93 45 49 70 44 51 54 80 207 123 9500 276 51 72
leaf_count=85 93 45 49 70 44 51 54 80 207 123 9500 276 51 72
internal_value=-8.60667e-06 -0.000848201 -0.0497075 -0.00508062 0.0279432 0.049482 0.0709502 0.103841 -6.7165e-05 0.000501101 -0.00104438 0.0291875 0.0665033 0.128937
internal_weight=10800 10486 164 115 314 229 178 134 10322 10229 9707 522 246 123
internal_count=10800 10486 164 115 314 229 178 134 10322 10229 9707 522 246 123
is_linear=0
shrinkage=0.05


Tree=190
num_leaves=15
num_cat=0
split_feature=65 9 8 19 3 4 20 9 25 11 43 13 46 4
split_gain=101.646 573.557 286.515 175.542 189.1 139.685 113.442 421.346 305.175 350.087 326.348 276.895 288.599 260.578
threshold=280.98983350000009 284.32638350000008 249.76574550000001 207.63607150000004 261.54221350000006 252.73851850000003 282.08765550000004 270.73891950000007 105.36956620720093 248.76927250000003 72.875000000000014 26.86889434561639 64.156250000000014 272.71499900000009
decision_type=2 2 2 2 2 2 2 2 2 2 2 2 2 2
left_child=1 6 5 4 -4 -2 13 8 9 10 -8 -10 -13 -1
right_child=2 -3 3 -5 -6 -7 7 -9 11 -11 -12 12 -14 -15
leaf_value=0.00052036111101300163 0.047578125358072682 -0.18516168569525082 0.007916311418672127 0.05886702022146223 -0.13398549372130739 0.16619434662890145 -0.19943247348070148 -0.14112058036262171 0.025684541338055328 0.024501378037608587 -0.018487925332208926 -0.15785994349938373 0.01032403247784181 0.071520132276421511
leaf_weight=9568 66 41 53 52 41 40 59 63 478 64 43 45 57 130
leaf_count=9568 66 41 53 52 41 40 59 63 478 64 43 45 57 130
internal_value=-7.86836e-06 -0.000759004 0.0313112 -0.0141494 -0.0547359 0.0934739 -2.18824e-05 -0.017998 -0.0074253 -0.066987 -0.124072 0.00970763 -0.064687 0.00147938
internal_weight=10800 10548 252 146 94 106 10507 809 746 166 102 580 102 9698
internal_count=10800 10548 252 146 94 106 10507 809 746 166 102 580 102 9698
is_linear=0
shrinkage=0.05


Tree=191
num_leaves=15
num_cat=0
split_feature=26 24 28 49 13 13 33 60 52 65 9 19 13 9
split_gain=97.2129 283.573 258.375 311.98 231.057 295.229 271.341 205.065 610.765 331.85 318.123 332.554 338.44 293.62
threshold=29.012500000000003 322.07160700000003 29.762500000000003 2.5000000000000004 26.684741412551585 2.0641797476600767 30.128125000000004 -0.8814490726585632 -0.8814490726585632 71.13744800000002 290.2148160000001 199.94320350000004 2.7592496622256166 180.25518350000002
decision_type=2 2 2 2 2 2 2 2 2 2 2 2 2 2
left_child=2 4 7 -4 5 -2 -7 13 9 -9 11 -10 -13 -1
right_child=1 -3 3 -5 -6 6 -8 8 10 -11 -12 12 -14 -15
leaf_value=0.040799269015458078 0.0081263409161335259 -0.089969835427697181 -0.18695882315315851 0.0090944218381149005 -0.062506277235245641 0.16704392916919364 0.043321961965085122 0.010242929103640983 0.0010211842052450322 -0.12481297546675285 -0.11883276182047108 -0.025112730521845435 -0.18861351813707086 -0.004831305880290411
leaf_weight=684 233 51 40 40 55 73 113 64 8358 155 56 108 44 726
leaf_count=684 233 51 40 40 55 73 113 64 8358 155 56 108 44 726
internal_value=-9.4328e-06 0.0209558 -0.00108258 -0.0900301 0.0330551 0.0457179 0.0925131 -0.000375851 -0.00321731 -0.0854774 -0.0011045 -0.000315923 -0.0733653 0.0173176
internal_weight=10800 525 10275 80 474 419 186 10195 8785 219 8566 8510 152 1410
internal_count=10800 525 10275 80 474 419 186 10195 8785 219 8566 8510 152 1410
is_linear=0
shrinkage=0.05


Tree=192
num_leaves=15
num_cat=0
split_feature=65 9 8 19 3 4 32 37 26 28 53 21 39 43
split_gain=103.159 513.48 263.038 155.3 169.815 126.167 112.182 107.385 301.582 515.284 351.503 300.095 373.22 328.248
threshold=280.98983350000009 284.32638350000008 249.76574550000001 207.63607150000004 261.54221350000006 252.73851850000003 31.525000000000002 51.125000000000007 26.812500000000004 26.487500000000004 -0.63405362205439475 44.149684498539393 54.125000000000007 60.625000000000007
decision_type=2 2 2 2 2 2 2 2 2 2 2 2 2 2
left_child=1 6 5 4 -4 -2 7 -1 9 -9 -11 12 13 -10
right_child=2 -3 3 -5 -6 -7 -8 8 11 10 -12 -13 -14 -15
leaf_value=-0.021540225977996288 0.04743325019171879 -0.1752461183904892 0.0091330273249359047 0.05663877425315561 -0.12531172632949339 0.16023426130414009 0.081481926089950973 0.00048540705809809408 0.11675068955136161 -0.17282363685889771 -0.038693832174420385 0.069659336838618025 -0.022814214349035983 -0.0062303472712051632
leaf_weight=567 66 41 53 52 41 40 41 8671 116 58 290 296 367 101
leaf_count=567 66 41 53 52 41 40 41 8671 116 58 290 296 367 101
internal_value=-1.13775e-05 -0.000768079 0.0315398 -0.0120276 -0.0502096 0.0910994 -7.06252e-05 -0.000397857 0.0008152 -0.00191209 -0.0614799 0.0287373 0.00791232 0.0597447
internal_weight=10800 10548 252 146 94 106 10507 10466 9899 9019 348 880 584 217
internal_count=10800 10548 252 146 94 106 10507 10466 9899 9019 348 880 584 217
is_linear=0
shrinkage=0.05


Tree=193
num_leaves=15
num_cat=0
split_feature=61 13 2 8 3 64 65 33 22 65 32 40 41 17
split_gain=97.4966 168.001 107.318 871.872 559.259 613.186 271.137 1095.39 484.343 401.749 375.457 222.599 267.561 213.57
threshold=-0.99892946161930163 1.0799085503624535 24.000000000000004 144.46669050000003 24.000000000000004 205.79348500000003 99.208772000000025 20.818750000000005 121.52319371875001 82.382441500000013 19.962500000000002 93.875000000000014 90.375000000000014 40.614173423043447
decision_type=2 2 2 2 2 2 2 2 2 2 2 2 2 2
left_child=1 -1 3 6 5 13 9 8 -8 -2 -10 -6 -13 -4
right_child=2 -3 4 -5 11 -7 7 -9 10 -11 -12 12 -14 -15
leaf_value=-0.1159182692668876 -0.00357689791733328 0.0065962020209002674 0.0059909610574444133 -0.23196300073038964 0.00047041800861560986 0.23272072833317978 -0.17126698364708118 0.22559728911590007 0.14694532567589749 -0.11734118008443827 -0.063519331694326622 0.16409184729639928 0.009154623821895155 0.13525684380826231
leaf_weight=48 4398 65 134 41 5643 51 40 62 40 78 43 45 71 41
leaf_count=48 4398 65 134 41 5643 51 40 62 40 78 43 45 71 41
internal_value=-1.09051e-05 -0.0460057 0.000479684 -0.00517257 0.00492039 0.0818989 -0.0031283 0.0560247 -0.030581 -0.00558515 0.0384513 0.00188583 0.0701484 0.0368725
internal_weight=10800 113 10687 4702 5985 226 4661 185 123 4476 83 5759 116 175
internal_count=10800 113 10687 4702 5985 226 4661 185 123 4476 83 5759 116 175
is_linear=0
shrinkage=0.05


Tree=194
num_leaves=15
num_cat=0
split_feature=65 65 65 53 15 48 65 9 0 65 4 42 9 12
split_gain=96.4456 487.491 2306.49 1989.45 765.291 704.409 491.469 291.681 1213.27 818.231 770.281 691.808 648.088 475.348
threshold=258.63541800000007 229.58777250000003 217.24452850000003 -0.98611507088852035 267.36735600000003 16.375000000000004 233.25313400000002 157.72236450000003 161.39364400000002 129.48928850000001 202.67053300000003 87.375000000000014 132.91702300000003 124.06424400000002
decision_type=2 2 2 2 2 2 2 2 2 2 2 2 2 2
left_child=1 2 7 -3 6 -4 -5 9 10 12 -9 13 -1 -11
right_child=-2 3 5 4 -6 -7 -8 8 -10 11 -12 -13 -14 -15
leaf_value=8.7047125626559728e-05 0.01219413996810462 -0.37228558553338409 0.30401050168040555 -0.15625349939973265 -0.23129865005158071 0.084154297908997699 -0.00047029780044468129 -0.35530579541696283 -0.0080600379749612757 -0.020985072474771493 -0.079299740952210152 0.18844777947464555 -0.12281889716556314 0.10784324374794961
leaf_weight=6710 1407 41 75 53 40 72 811 40 988 167 68 96 108 124
leaf_count=6710 1407 41 75 53 40 72 811 40 988 167 68 96 108 124
internal_value=-9.32645e-06 -0.00183842 0.00197286 -0.0358761 -0.0202241 0.197622 -0.010196 -0.00151522 -0.0255338 0.00214145 -0.183846 0.0727689 -0.00187756 0.0340922
internal_weight=10800 9393 8448 945 904 147 864 8301 1096 7205 108 387 6818 291
internal_count=10800 9393 8448 945 904 147 864 8301 1096 7205 108 387 6818 291
is_linear=0
shrinkage=0.05


Tree=195
num_leaves=15
num_cat=0
split_feature=31 4 15 24 20 3 64 8 64 32 22 20 42 12
split_gain=95.3406 116.996 113.891 275.19 276.481 257.749 312.011 603.834 223.597 338.811 324.633 268.432 228.499 341.3
threshold=16.862500000000004 202.67053300000003 217.18543900000003 281.72766850000005 278.64649100000008 267.1966680000001 259.56596850000005 217.26212850000005 253.46757650000004 29.887500000000003 144.81875300520838 283.84321050000005 81.625000000000014 289.75058750000005
decision_type=2 2 2 2 2 2 2 2 2 2 2 2 2 2
left_child=1 -1 5 4 -4 -2 7 -7 9 10 11 -5 -13 -14
right_child=2 -3 3 8 -6 6 -8 -9 -10 -11 -12 12 13 -15
leaf_value=0.0056892977780936401 0.00057376163756213958 -0.08666464798684631 0.033356238263817763 -0.13416780887738519 0.16104909656759428 -0.019951443812703785 -0.0075356914014492868 -0.24563327021896841 0.035452163962451794 0.096747646026495035 -0.1751938851142768 0.087276619261587571 0.043589271692668692 -0.15037741616550016
leaf_weight=67 9493 69 322 45 48 78 222 47 180 40 47 52 50 40
leaf_count=67 9493 69 322 45 48 78 222 47 180 40 47 52 50 40
internal_value=-1.18693e-05 -0.0414573 0.00052053 0.0183651 0.0503112 -0.000975483 -0.0432386 -0.106084 -0.00772372 -0.0361132 -0.0591395 -0.029194 0.0047779 -0.0433233
internal_weight=10800 136 10664 824 370 9840 347 125 454 274 234 187 142 90
internal_count=10800 136 10664 824 370 9840 347 125 454 274 234 187 142 90
is_linear=0
shrinkage=0.05


Tree=196
num_leaves=15
num_cat=0
split_feature=41 63 5 46 65 13 14 47 21 20 18 9 17 26
split_gain=93.7337 296.93 431.632 210.976 805.639 154.633 482.615 182.746 392.507 199.307 202.941 208.369 555.413 174.06
threshold=92.375000000000014 -0.22252093395631442 81.513918500000003 90.677083333333357 115.95147100000001 29.186810822946821 258.45778395833338 73.667968750000014 28.914558383077527 128.32244450000005 203.63793568750003 225.72088050000005 74.329625582924422 22.312500000000004
decision_type=2 2 2 2 2 2 2 2 2 2 2 2 2 2
left_child=3 2 -2 5 -5 13 7 8 -7 -9 11 -11 -13 -1
right_child=1 -3 -4 4 -6 6 -8 9 -10 10 -12 12 -14 -15
leaf_value=-0.004072748733951405 -0.0075759530648525451 0.014258588489129649 -0.15975309079512956 -0.0067484417468111849 0.24048762165687304 -0.12741436568590311 -0.14944106596020554 0.063993321003664921 -0.0097345697820607462 0.003339536697539973 0.072005922010500142 -0.22096605500472444 -0.0066187392988609614 0.0098895157922108991
leaf_weight=4938 116 241 77 131 43 90 64 122 321 364 72 41 108 4072
leaf_count=4938 116 241 77 131 43 90 64 122 321 364 72 41 108 4072
internal_value=-1.29228e-05 -0.0227507 -0.0687996 0.000941157 0.0553752 6.50531e-06 -0.0169893 -0.00928035 -0.0357506 0.00613633 -0.00601818 -0.0170877 -0.0666801 0.00223779
internal_weight=10800 434 193 10366 174 10192 1182 1118 411 707 585 513 149 9010
internal_count=10800 434 193 10366 174 10192 1182 1118 411 707 585 513 149 9010
is_linear=0
shrinkage=0.05


Tree=197
num_leaves=15
num_cat=0
split_feature=52 17 40 5 16 4 38 65 46 65 36 65 3 47
split_gain=91.8747 147.42 113.668 158.281 190.553 224.988 149.877 217.731 254.491 229.28 138.64 366.808 839.901 157.348
threshold=-0.99892946161930163 28.641617962894184 46.625000000000007 299.02505250000007 303.53637200000009 286.66023200000001 67.875000000000014 193.94754600000002 47.286458333333343 235.35129550000002 26.213020833333339 63.145266500000005 157.72236450000003 63.355468750000007
decision_type=2 2 2 2 2 2 2 2 2 2 2 2 2 2
left_child=1 -1 6 4 5 10 7 8 -2 -9 13 -12 -13 -4
right_child=2 -3 3 -5 -6 -7 -8 9 -10 -11 11 12 -14 -15
leaf_value=-0.010604263330667706 0.042179571085919937 0.1034902040863579 -0.045396510239565611 -0.089230428022496852 0.10290203269753627 -0.11686067228161155 0.098434310193572738 0.1392227560066833 -0.099221855545500365 -0.0047084827418439092 -0.011382493996944536 0.20979063814549984 -0.022974461907657184 -0.0011292738534203317
leaf_weight=58 59 54 204 50 43 41 62 51 67 59 231 73 81 9667
leaf_count=58 59 54 204 50 43 41 62 51 67 59 231 73 81 9667
internal_value=-1.36116e-05 0.0448346 -0.000487728 -0.00136228 -0.000928798 -0.00137234 0.0299068 0.0115644 -0.0331993 0.0626763 -0.000899312 0.0284971 0.0880039 -0.00204863
internal_weight=10800 112 10688 10390 10340 10297 298 236 126 110 10256 385 154 9871
internal_count=10800 112 10688 10390 10340 10297 298 236 126 110 10256 385 154 9871
is_linear=0
shrinkage=0.05


Tree=198
num_leaves=15
num_cat=0
split_feature=13 7 2 25 65 48 25 17 29 37 45 11 9 40
split_gain=91.7339 105.228 152.429 94.0029 301.085 360.116 191.146 298.121 775.726 284.776 820.251 461.522 186.127 219.472
threshold=51.951505312148448 92.728036500000016 92.673793000000003 65.980334729497159 24.000000000000004 7.1250000000000009 87.76708810618652 8.5214274708877777 19.487500000000004 68.875000000000014 77.010416666666671 74.40643900000002 215.25594400000003 64.375000000000014
decision_type=2 2 2 2 2 2 2 2 2 2 2 2 2 2
left_child=3 -2 -3 4 -1 -6 7 8 -5 12 -11 -12 13 -9
right_child=1 2 -4 6 5 -7 -8 9 -10 10 11 -13 -14 -15
leaf_value=-0.0039562423132775276 -0.10352102384385137 -0.079925134832539213 0.051365691578636567 0.010076674386053473 0.17408448518032121 0.024330908770319855 -0.00012248480348592828 0.0026173791655435645 -0.2371712258950408 -0.24622994874452436 -0.10237661160199958 0.065788756546509619 -0.021108128916239366 0.13967021697200835
leaf_weight=1728 44 40 47 73 41 930 7421 57 55 42 67 101 95 59
leaf_count=1728 44 40 47 73 41 930 7421 57 55 42 67 101 95 59
internal_value=-1.15677e-05 -0.0414381 -0.0092202 0.000500926 0.00856418 0.0308268 -0.00223039 -0.0306715 -0.0971776 -0.0102687 -0.0513699 -0.00148613 0.030687 0.0729233
internal_weight=10800 131 87 10669 2699 971 7970 549 128 421 210 168 211 116
internal_count=10800 131 87 10669 2699 971 7970 549 128 421 210 168 211 116
is_linear=0
shrinkage=0.05


Tree=199
num_leaves=15
num_cat=0
split_feature=60 9 60 13 37 18 44 60 22 60 52 21 24 9
split_gain=89.7988 184.877 125.06 348.211 371.17 371.445 269.223 233.658 208.855 198.549 475.205 306.534 241.137 222.589
threshold=-0.99892946161930163 197.23703800000001 -0.9733555533461492 11.236601813487328 70.875000000000014 246.32168214583336 61.781250000000007 -0.95642797789208689 112.96897592187503 -0.8814490726585632 -0.8814490726585632 41.083852219581566 298.46041100000008 290.2148160000001
decision_type=2 2 2 2 2 2 2 2 2 2 2 2 2 2
left_child=1 -1 3 -2 6 -6 -5 8 -4 12 11 -11 -9 -12
right_child=2 -3 7 4 5 -7 -8 9 -10 10 13 -13 -14 -15
leaf_value=0.033617684306860296 -0.013195621874448752 -0.096442550665918086 0.014000605622986767 0.053896217510542445 0.036647340593238674 0.1797110046069561 -0.086554941332392527 0.035735339408964888 -0.086765280396881694 0.017824314465873282 0.00080741877618829101 -0.1106894538155757 -0.069345270586200061 -0.0874639697217693
leaf_weight=45 350 67 79 84 95 87 56 613 145 65 8825 159 59 71
leaf_count=45 350 67 79 84 95 87 56 613 145 65 8825 159 59 71
internal_value=-1.25006e-05 -0.0443512 0.000456232 0.0213204 0.0587624 0.105643 -0.00249967 -0.000945586 -0.051323 0.000211962 -0.00172185 -0.073484 0.0264202 9.31631e-05
internal_weight=10800 112 10688 672 322 182 140 10016 224 9792 9120 224 672 8896
internal_count=10800 112 10688 672 322 182 140 10016 224 9792 9120 224 672 8896
is_linear=0
shrinkage=0.05


Tree=200
num_leaves=15
num_cat=0
split_feature=65 9 0 32 43 34 24 45 24 25 20 43 16 18
split_gain=91.066 439.173 245.077 114.985 132.148 152.883 110.306 708.223 481.073 238.991 266.234 486.139 365.859 298.759
threshold=280.98983350000009 284.32638350000008 245.98053400000003 25.762500000000003 46.875000000000007 25.525000000000002 294.325579 87.635416666666671 288.22990800000008 106.51322533143657 282.08765550000004 74.375000000000014 278.91518350000007 255.92162441666667
decision_type=2 2 2 2 2 2 2 2 2 2 2 2 2 2
left_child=1 6 -2 -4 -5 -6 8 -8 9 10 12 13 -1 -12
right_child=2 -3 3 4 5 -7 7 -9 -10 -11 11 -13 -14 -15
leaf_value=-0.0012027698143166846 0.13266055140485788 -0.16208399794995787 0.071296724494473607 0.05028107654876434 0.02649735430645388 -0.095755940268281853 0.0066081365958776716 0.20924089218179387 -0.061491978665288154 0.032650281708829491 -0.18416407715280853 0.034457128292812805 0.12818007723851638 -0.015891278056161747
leaf_weight=8316 46 41 50 51 42 63 1035 44 325 537 74 81 54 41
leaf_count=8316 46 41 50 51 42 63 1035 44 325 537 74 81 54 41
internal_value=-1.27005e-05 -0.000723668 0.0296316 0.00609543 -0.0151234 -0.047066 -7.86497e-05 0.0150573 -0.00181232 0.000324919 -0.00170512 -0.0591587 -0.000352829 -0.124825
internal_weight=10800 10548 252 206 156 105 10507 1079 9428 9103 8566 196 8370 115
internal_count=10800 10548 252 206 156 105 10507 1079 9428 9103 8566 196 8370 115
is_linear=0
shrinkage=0.05


Tree=201
num_leaves=15
num_cat=0
split_feature=26 39 65 10 30 25 9 0 2 52 29 22 64 3
split_gain=86.9087 302.949 323.673 633.877 398.2 418.504 343.936 409.036 404.415 279.114 281.237 324.796 208.896 727.543
threshold=23.662500000000005 76.875000000000014 42.523274000000008 94.44537625000001 27.362500000000004 105.78084749261848 232.32850950000002 236.46333700000002 216.79714750000002 0.72947329433276253 20.012500000000003 126.51514404687502 199.64899450000004 28.000000000000004
decision_type=2 2 2 2 2 2 2 2 2 2 2 2 2 2
left_child=1 2 -1 -4 6 -6 8 -8 -5 10 11 -2 -3 -14
right_child=9 12 3 4 5 -7 7 -9 -10 -11 -12 -13 13 -15
leaf_value=0.0015759583955614329 -0.0073411702485930812 -0.00135488766574804 -0.17988898332368058 -0.0059904842825414355 -0.22308364736244962 -0.014751335853671142 -0.13585882067449928 -0.015900772822492606 0.13841948248971733 0.11087727875167888 0.0019566363373907411 0.16461354307830334 0.18062688833900861 0.010810277888158453
leaf_weight=726 52 5154 77 222 50 46 96 267 61 62 3222 57 69 639
leaf_count=726 52 5154 77 222 50 46 96 267 61 62 3222 57 69 639
internal_value=-1.12726e-05 -0.00304694 -0.022736 -0.0442628 -0.0299652 -0.124439 -0.0157552 -0.0479113 0.0255145 0.00661462 0.00464128 0.0832591 0.00214532 0.0275916
internal_weight=10800 7407 1545 819 742 96 646 363 283 3393 3331 109 5862 708
internal_count=10800 7407 1545 819 742 96 646 363 283 3393 3331 109 5862 708
is_linear=0
shrinkage=0.05


Tree=202
num_leaves=15
num_cat=0
split_feature=13 26 24 28 49 18 40 40 24 34 46 8 16 14
split_gain=87.0587 94.5905 250.209 216.151 268.032 178.563 182.199 163.961 251.635 184.88 332.751 344.016 638.482 237.286
threshold=51.951505312148448 29.012500000000003 322.07160700000003 29.762500000000003 2.5000000000000004 269.03160637500008 63.625000000000007 46.625000000000007 274.28284400000007 26.064583333333335 65.135416666666671 204.30907550000003 269.78556100000009 242.72408191666671
decision_type=2 2 2 2 2 2 2 2 2 2 2 2 2 2
left_child=1 3 5 7 -5 6 -3 8 -1 13 -11 -12 -13 -9
right_child=-2 2 -4 4 -6 -7 -8 9 -10 10 11 12 -14 -15
leaf_value=-0.017522273721370961 -0.040367623593545322 0.0036253204293405783 -0.082819593156902849 -0.17177199211068134 0.0099153806705300409 0.10842491505083754 0.088758571467433989 -0.00061369028748561091 0.11707286951509682 -0.00079685155629327555 -0.0062597033700545913 -0.21896934931973619 -0.032366469914559277 0.030465455873552372
leaf_weight=65 131 324 51 40 40 66 77 8180 73 733 164 74 119 663
leaf_count=65 131 324 51 40 40 66 77 8180 73 733 164 74 119 663
internal_value=-1.05946e-05 0.000488669 0.0213088 -0.000575764 -0.0819274 0.032833 0.0201527 7.85313e-05 0.0540066 -0.000676058 -0.0200957 -0.0596076 -0.104674 0.00171964
internal_weight=10800 10669 518 10151 80 467 401 10071 138 9933 1090 357 193 8843
internal_count=10800 10669 518 10151 80 467 401 10071 138 9933 1090 357 193 8843
is_linear=0
shrinkage=0.05


Tree=203
num_leaves=15
num_cat=0
split_feature=28 34 64 25 53 28 36 65 47 24 60 52 7 65
split_gain=92.0627 209.956 230.544 144.285 267.73 152.626 161.104 398.992 876.771 338.485 139.478 388.075 292.652 366.149
threshold=31.262500000000003 30.241666666666671 169.10089050000002 116.8281284716516 0.06540312923014284 30.212500000000002 26.213020833333339 63.145266500000005 65.013020833333357 298.46041100000008 -0.8814490726585632 -0.8814490726585632 69.10047950000002 141.01800800000004
decision_type=2 2 2 2 2 2 2 2 2 2 2 2 2 2
left_child=1 3 -3 5 -5 6 10 -8 9 -9 12 -12 -1 -14
right_child=-2 2 -4 4 -6 -7 7 8 -10 -11 11 -13 13 -15
leaf_value=0.0051281141391767157 -0.058883096832274044 -0.019596705187198728 0.13122138385513119 0.13658401033392661 -0.014925219299038874 -0.073004353390879004 -0.010905058117449221 -0.049002668163221741 0.28158358779989862 0.12139811010993258 -0.07109809163339896 -0.0024390972763012621 0.14220006548075212 -0.020314164479312145
leaf_weight=1323 65 42 62 53 63 72 235 71 43 48 210 8368 89 56
leaf_count=1323 65 42 62 53 63 72 235 71 43 48 210 8368 89 56
internal_value=-1.1052e-05 0.000350867 0.0707075 -0.000343997 0.0548746 -0.000958321 -0.000454652 0.0307447 0.0908589 0.0201693 -0.00169053 -0.00412805 0.0125458 0.0797267
internal_weight=10800 10735 104 10631 116 10515 10443 397 162 119 10046 8578 1468 145
internal_count=10800 10735 104 10631 116 10515 10443 397 162 119 10046 8578 1468 145
is_linear=0
shrinkage=0.05


Tree=204
num_leaves=15
num_cat=0
split_feature=61 49 61 32 35 4 7 61 54 3 21 13 46 9
split_gain=88.5673 161.301 88.2623 349.802 429.335 268.014 301.611 267.464 368.318 227.977 345.687 215.948 203.515 187.27
threshold=-0.99892946161930163 2.5000000000000004 -0.68322629814330815 23.062500000000004 19.621875000000003 215.45090650000003 109.34509250000001 -0.58216583101416131 -0.8783796973249266 84.921645000000012 12.675455396440698 34.097678503583971 85.380208333333357 232.32850950000002
decision_type=2 2 2 2 2 2 2 2 2 2 2 2 2 2
left_child=1 -1 3 5 -5 6 9 8 -4 10 -2 -6 -11 -10
right_child=2 -3 7 4 11 -7 -8 -9 13 12 -12 -13 -14 -15
leaf_value=-0.11235187180644396 0.0081438019571923263 0.0076784873487089171 -0.1497224312218336 -0.12583209674273219 0.0041117611023116377 0.09958143012711046 0.13413055987496461 5.5041630439185438e-05 0.0080279958610805207 -0.029499375371192144 0.13364023323073379 -0.084927853248672386 0.039784526114451629 -0.06263751743490216
leaf_weight=48 152 65 64 69 1664 131 55 7536 228 317 85 70 158 158
leaf_count=48 152 65 64 69 1664 131 55 7536 228 317 85 70 158 158
internal_value=-8.19433e-06 -0.0438462 0.000459389 0.00827092 -0.00443018 0.0337487 0.0223897 -0.00218331 -0.0395852 0.013582 0.0535255 0.000470435 -0.0064182 -0.0209844
internal_weight=10800 113 10687 2701 1803 898 767 7986 450 712 237 1734 475 386
internal_count=10800 113 10687 2701 1803 898 767 7986 450 712 237 1734 475 386
is_linear=0
shrinkage=0.05


Tree=205
num_leaves=15
num_cat=0
split_feature=41 63 5 46 65 13 2 47 21 36 26 24 9 26
split_gain=89.2892 260.456 370.635 183.932 697.718 142.821 425.448 208.773 314.829 194.084 209.117 175.06 191.182 145.34
threshold=92.375000000000014 -0.22252093395631442 81.513918500000003 90.677083333333357 115.95147100000001 29.186810822946821 266.15429100000006 73.860677083333357 28.914558383077527 19.607031250000002 19.012500000000003 248.47329250000004 201.20144250000001 20.762500000000003
decision_type=2 2 2 2 2 2 2 2 2 2 2 2 2 2
left_child=3 2 -2 5 -5 13 7 8 -7 -9 -11 12 -12 -1
right_child=1 -3 -4 4 -6 6 -8 9 -10 10 11 -13 -14 -15
leaf_value=-0.0079276718533626937 -0.0085805949158260092 0.012464304837111523 -0.14961107241837546 -0.0060663601313012119 0.22401644885540009 -0.11832298515262185 -0.13153743137605489 -0.095359350279683175 -0.013528841712292941 0.10975759191507545 0.007236760216341777 0.018968712758436961 -0.134872503556835 0.006177562122027888
leaf_weight=2544 116 241 77 131 43 90 74 41 339 53 54 490 41 6466
leaf_count=2544 116 241 77 131 43 90 74 41 339 53 54 490 41 6466
internal_value=-8.38545e-06 -0.0222005 -0.0653278 0.000922799 0.0517484 5.01026e-05 -0.0162837 -0.00847463 -0.0357377 0.00877769 0.0156086 0.00690617 -0.0548607 0.00219447
internal_weight=10800 434 193 10366 174 10192 1182 1108 429 679 638 585 95 9010
internal_count=10800 434 193 10366 174 10192 1182 1108 429 679 638 585 95 9010
is_linear=0
shrinkage=0.05


Tree=206
num_leaves=15
num_cat=0
split_feature=60 65 60 13 37 29 44 52 13 9 9 8 5 36
split_gain=84.4468 167.153 103.38 305.852 331.043 325.984 229.814 214.944 277.685 176.846 156.812 155.624 118.134 156.45
threshold=-0.99892946161930163 167.39460700000004 -0.9733555533461492 11.236601813487328 70.875000000000014 25.137500000000003 61.781250000000007 -0.98611507088852024 12.897036233091313 196.22379650000002 229.58777250000003 193.77464550000005 291.57821000000007 26.213020833333339
decision_type=2 2 2 2 2 2 2 2 2 2 2 2 2 2
left_child=1 -1 3 9 6 -6 -5 8 -4 -2 -11 -7 13 -9
right_child=2 -3 7 4 5 11 -8 12 -10 10 -12 -13 -14 -15
leaf_value=0.03250607811431918 0.016945958844254934 -0.091630310627996273 0.033733608925138561 0.048769675473518237 0.015691330865637898 0.094701709213356189 -0.08099583084123177 -0.00092255928393998046 -0.12859521311604313 -0.12793847565748254 -0.017970628802883155 0.2163322331527105 -0.067231661075582871 0.030518069964148666
leaf_weight=44 205 68 41 84 72 59 56 9428 71 48 97 51 64 412
leaf_count=44 205 68 41 84 72 59 56 9428 71 48 97 51 64 412
internal_value=-9.2956e-06 -0.0430064 0.000445254 0.019415 0.0545062 0.0987806 -0.00334284 -0.000829285 -0.0693986 -0.0129323 -0.0550007 0.152535 -4.69366e-05 0.000396825
internal_weight=10800 112 10688 672 322 182 140 10016 112 350 145 110 9904 9840
internal_count=10800 112 10688 672 322 182 140 10016 112 350 145 110 9904 9840
is_linear=0
shrinkage=0.05


Tree=207
num_leaves=15
num_cat=0
split_feature=35 24 24 35 2 9 3 64 43 65 37 40 46 28
split_gain=83.6437 91.1791 365.591 291.153 253.544 1067.81 399.723 339.222 209.327 194.834 964.128 345.018 451.358 192.477
threshold=16.005208333333339 246.46162000000001 246.93019750000005 19.577083333333338 114.10464400000002 167.14851550000003 96.111209500000015 201.85957300000004 70.375000000000014 71.13744800000002 80.375000000000014 88.375000000000014 85.031250000000014 20.862500000000004
decision_type=2 2 2 2 2 2 2 2 2 2 2 2 2 2
left_child=-1 4 3 -3 6 -6 9 13 -9 -2 -11 12 -12 -7
right_child=1 2 -4 -5 5 7 -8 8 -10 10 11 -13 -14 -15
leaf_value=-0.068806651202877142 0.0018326378011257853 -0.023065280273190835 -0.0015064220042658608 -0.19837738894635726 0.28426749919142041 -0.061836392010988318 -0.11727024137645084 0.016130558633041091 0.17461377536369996 0.23815926245879382 0.034144903471072512 0.083130393010275125 -0.18807728022802622 0.034681431874227918
leaf_weight=43 2678 55 7386 41 41 117 67 40 43 51 47 57 43 91
leaf_count=43 2678 55 7386 41 41 117 67 40 43 51 47 57 43 91
internal_value=-8.95166e-06 0.00027243 -0.00277315 -0.0992114 0.00722901 0.0485814 0.00254914 0.0145149 0.0993376 0.00538027 0.0531126 -0.0122627 -0.072928 -0.0196459
internal_weight=10800 10757 7482 96 3275 332 2943 291 83 2876 198 147 90 208
internal_count=10800 10757 7482 96 3275 332 2943 291 83 2876 198 147 90 208
is_linear=0
shrinkage=0.05


Tree=208
num_leaves=15
num_cat=0
split_feature=41 63 5 46 65 41 64 32 24 13 14 4 7 30
split_gain=83.1993 227.456 326.933 165.092 628.55 143.356 222.814 337.061 279.801 134.656 423.837 160.062 162.438 323.173
threshold=92.375000000000014 -0.22252093395631442 81.513918500000003 90.677083333333357 115.95147100000001 88.375000000000014 112.77979850000001 24.112500000000004 250.71295650000005 29.186810822946821 258.45778395833338 259.76202200000006 101.15203550000003 20.212500000000002
decision_type=2 2 2 2 2 2 2 2 2 2 2 2 2 2
left_child=3 2 -2 5 -5 9 -7 8 -8 -1 11 12 -11 -14
right_child=1 -3 -4 4 -6 6 7 -9 -10 10 -12 -13 13 -15
leaf_value=0.00098247750476591206 -0.0084314068605721351 0.010967303374358877 -0.14089044459456676 -0.0058300068217442573 0.21255016891201112 -0.0060771457208680432 0.043340249329805375 -0.004727988186128 0.21020371212430722 -0.03775759358867125 -0.14343597497495394 0.061535742956736729 0.13141798542605507 -0.0084638811505451696
leaf_weight=8683 116 241 77 131 43 206 49 84 52 440 62 72 44 500
leaf_count=8683 116 241 77 131 43 206 49 84 52 440 62 72 44 500
internal_value=-7.54103e-06 -0.0214295 -0.0617316 0.000891327 0.0490437 6.45291e-05 0.0297142 0.0693867 0.130469 -0.00112122 -0.017446 -0.00992014 -0.0152058 0.00307047
internal_weight=10800 434 193 10366 174 10192 391 185 101 9801 1118 1056 984 544
internal_count=10800 434 193 10366 174 10192 391 185 101 9801 1118 1056 984 544
is_linear=0
shrinkage=0.05


Tree=209
num_leaves=15
num_cat=0
split_feature=65 65 65 53 15 64 2 65 6 9 0 4 65 42
split_gain=84.2102 439.944 2067.8 1681.05 662.598 637.76 404.438 423.835 258.976 252.212 1002.83 657.196 640.426 571.339
threshold=258.63541800000007 229.58777250000003 217.24452850000003 -0.98611507088852035 267.36735600000003 213.98713350000003 240.99528900000004 235.35129550000002 254.54927000000001 157.72236450000003 161.39364400000002 202.67053300000003 129.48928850000001 87.375000000000014
decision_type=2 2 2 2 2 2 2 2 2 2 2 2 2 2
left_child=1 2 9 -3 6 -4 7 -5 -8 12 11 -11 -1 -14
right_child=-2 3 5 4 -6 -7 8 -9 -10 10 -12 -13 13 -15
leaf_value=-0.0015522239900298404 0.01139743296088227 -0.34328885734569109 0.11491787595783963 -0.18940337642173594 -0.21606477171000915 0.33994254488894282 -0.0018272275788569943 -0.029542708308811512 0.081481174531021744 -0.32602070004838274 -0.0078445722664451222 -0.071133614342281784 0.029346132053505655 0.16960947538351584
leaf_weight=6818 1407 41 101 47 40 46 386 309 122 40 988 68 291 96
leaf_count=6818 1407 41 101 47 40 46 386 309 122 40 988 68 291 96
internal_value=-5.70402e-06 -0.00171484 0.00190581 -0.03405 -0.019661 0.187155 -0.010329 -0.0511193 0.0183007 -0.00139687 -0.0237314 -0.167661 0.00200341 0.0644876
internal_weight=10800 9393 8448 945 904 147 864 356 508 8301 1096 108 7205 387
internal_count=10800 9393 8448 945 904 147 864 356 508 8301 1096 108 7205 387
is_linear=0
shrinkage=0.05


Tree=210
num_leaves=15
num_cat=0
split_feature=61 13 49 46 52 36 31 38 65 53 53 3 42 12
split_gain=82.8375 148.418 93.4084 193.777 668.382 255.612 391.845 192.161 207.991 268.956 221.927 240.118 195.926 347.223
threshold=-0.99892946161930163 2.0969495436930639 1.0000000180025095e-35 84.276041666666671 0.97335555334614943 22.653776041666671 23.912500000000005 50.625000000000007 105.66305050000001 -0.99465189230620676 -0.9733555533461492 150.30082250000001 80.875000000000014 277.29089150000004
decision_type=2 2 2 2 2 2 2 2 2 2 2 2 2 2
left_child=1 -1 3 4 7 -5 -7 -2 -9 -10 -11 -12 -13 -14
right_child=2 -3 -4 5 -6 6 -8 8 9 10 11 12 13 -15
leaf_value=-0.084416925675562915 -0.077297988633758252 0.034459369487651603 -0.0014590942972236413 0.0049994686152786023 0.18854214508380546 -0.20760064263850816 7.1235681669070171e-06 -0.0094580096181975139 -0.081095706060042849 0.15138786271214488 0.11594248881796375 0.11013559573995216 0.026895238359396657 -0.11464210794288286
leaf_weight=73 55 40 9167 249 56 40 51 424 45 44 79 55 374 48
leaf_count=73 55 40 9167 249 56 40 51 424 45 44 79 55 374 48
internal_value=-7.4556e-06 -0.0424037 0.00044475 0.0119201 0.0215003 -0.0212944 -0.0925137 0.0130177 0.0177324 0.0355933 0.0444654 0.0357473 0.0222507 0.0105632
internal_weight=10800 113 10687 1520 1180 340 91 1124 1069 645 600 556 477 422
internal_count=10800 113 10687 1520 1180 340 91 1124 1069 645 600 556 477 422
is_linear=0
shrinkage=0.05


Tree=211
num_leaves=15
num_cat=0
split_feature=26 24 28 49 18 40 40 25 34 46 8 65 25 14
split_gain=80.9622 214.152 190.661 235.861 176.866 174.859 143.326 225.37 164.024 274.348 312.199 575.973 244.539 214.629
threshold=29.012500000000003 322.07160700000003 29.762500000000003 2.5000000000000004 269.03160637500008 63.625000000000007 46.625000000000007 104.44557423686149 26.064583333333335 65.135416666666671 204.30907550000003 241.68896250000003 103.46998804815223 242.72408191666671
decision_type=2 2 2 2 2 2 2 2 2 2 2 2 2 2
left_child=2 4 6 -4 5 -2 7 -1 13 -10 -11 -12 -13 -8
right_child=1 -3 3 -5 -6 -7 8 -9 9 10 11 12 -14 -15
leaf_value=-0.020600238003553678 0.0013544683113935439 -0.077275206381455075 -0.16167392985122961 0.0087729638760409706 0.10495450803593023 0.08457609179835672 -0.0010235667026416402 0.10719727434992017 -0.0017153479605386147 -0.0055754184736358818 -0.23346545525959561 -0.11369003112248791 0.019009337039043506 0.028519782464928835
leaf_weight=62 331 51 40 40 66 77 8290 76 739 172 55 64 74 663
leaf_count=62 331 51 40 40 66 77 8290 76 739 172 55 64 74 663
internal_value=-6.82183e-06 0.019126 -0.000986176 -0.0773943 0.0296391 0.0172289 -0.000379071 0.0500459 -0.0010759 -0.0192508 -0.0546524 -0.0981351 -0.0429076 0.00116716
internal_weight=10800 525 10275 80 474 408 10195 138 10057 1104 365 193 138 8953
internal_count=10800 525 10275 80 474 408 10195 138 10057 1104 365 193 138 8953
is_linear=0
shrinkage=0.05


Tree=212
num_leaves=15
num_cat=0
split_feature=28 34 49 25 53 28 36 65 17 47 0 2 32 22
split_gain=80.806 195.467 206.02 125.85 234.542 130.967 133.764 365.314 797.275 235.476 123.22 224.769 329.222 425.121
threshold=31.262500000000003 30.241666666666671 2.5000000000000004 116.8281284716516 0.06540312923014284 30.212500000000002 26.213020833333339 63.145266500000005 25.360527243512511 62.804687500000007 270.02924000000007 264.48251600000009 24.512500000000003 132.44845944791669
decision_type=2 2 2 2 2 2 2 2 2 2 2 2 2 2
left_child=1 3 -3 5 -5 6 10 -8 -9 -10 11 -1 -13 -14
right_child=-2 2 -4 4 -6 -7 7 8 9 -11 -12 12 13 -15
leaf_value=-0.0013340202367259143 -0.055163219051830692 0.0050807918421924116 0.14602173084908343 0.12770937257791284 -0.014097179635427892 -0.067651361644217006 -0.011865012523801051 0.25175062111020091 -0.07130885550049039 0.073392934504557736 0.022105010239418146 0.038944418265631331 -0.21569100202149932 -0.042311088727868124
leaf_weight=9162 65 58 46 53 63 72 235 49 48 65 520 94 41 229
leaf_count=9162 65 58 46 53 63 72 235 49 48 65 520 94 41 229
internal_value=-7.68717e-06 0.000331384 0.068217 -0.000339075 0.0512315 -0.000912812 -0.000446245 0.0279829 0.0855051 0.0118403 -0.00157239 -0.00286706 -0.0413448 -0.0693379
internal_weight=10800 10735 104 10631 116 10515 10443 397 162 113 10046 9526 364 270
internal_count=10800 10735 104 10631 116 10515 10443 397 162 113 10046 9526 364 270
is_linear=0
shrinkage=0.05


Tree=213
num_leaves=15
num_cat=0
split_feature=65 9 8 22 4 32 32 25 3 9 65 9 14 51
split_gain=80.3184 380.594 215.71 139.158 106.573 98.1129 92.3729 222.671 288.021 179.683 583.554 245.12 397.654 233.431
threshold=280.98983350000009 284.32638350000008 249.76574550000001 140.08700658333336 252.73851850000003 31.525000000000002 27.012500000000003 116.26190502192465 289.58042400000005 101.43038050000003 114.78420550000001 146.08976850000002 229.90387579166671 3.5000000000000004
decision_type=2 2 2 2 2 2 2 2 2 2 2 2 2 2
left_child=1 5 4 -4 -2 6 -1 8 9 -8 -11 -12 -13 -14
right_child=2 -3 3 -5 -6 -7 7 -9 -10 10 11 12 13 -15
leaf_value=0.0013522950377060385 0.041679214397028319 -0.15088791591780526 -0.072808908716889859 0.026841668711187174 0.14529078341111906 0.076193708411994437 0.017946199215368341 -0.11545205922687757 0.10302115470848301 -0.18219103280987059 0.10249184098626887 -0.13599713894849022 -0.02373857870559613 0.052987726505322401
leaf_weight=9214 66 41 56 90 40 41 316 50 54 55 41 68 548 120
leaf_count=9214 66 41 56 90 40 41 316 50 54 55 41 68 548 120
internal_value=-6.44372e-06 -0.000674141 0.0278337 -0.0116158 0.0817704 -7.36791e-05 -0.000379703 -0.0131171 -0.00876783 -0.0141113 -0.0262939 -0.0150387 -0.0217161 -0.00989681
internal_weight=10800 10548 252 146 106 10507 10466 1252 1202 1148 832 777 736 668
internal_count=10800 10548 252 146 106 10507 10466 1252 1202 1148 832 777 736 668
is_linear=0
shrinkage=0.05


Tree=214
num_leaves=15
num_cat=0
split_feature=13 22 2 49 61 65 61 65 21 38 40 14 5 9
split_gain=78.9629 94.0786 146.533 86.6905 174.033 688.381 264.142 727.849 400.045 208.12 198.143 176.358 161.365 137.046
threshold=51.951505312148448 128.03112266666668 92.673793000000003 1.0000000180025095e-35 -0.9733555533461492 233.25313400000002 -0.19509032201612839 149.900586 21.111772525676731 52.625000000000007 58.875000000000007 232.70098250000004 251.52175600000004 255.81438450000005
decision_type=2 2 2 2 2 2 2 2 2 2 2 2 2 2
left_child=3 -2 -3 4 5 -1 7 -6 -9 -10 -8 -12 -11 -14
right_child=1 2 -4 -5 6 -7 10 8 9 12 11 -13 13 -15
leaf_value=0.079623781036246913 -0.10024442979622455 -0.078249878604852025 0.048449754476547244 -0.0013615724714810713 0.22766495544691476 -0.16642383120448914 -0.091697558574378502 -0.11503123164622356 -0.049488520824856927 0.033800259809100279 -0.00062563296897189826 0.093723705601395244 0.17689019269531681 0.056751539914916133
leaf_weight=54 41 41 49 9159 48 58 55 45 56 287 756 52 41 58
leaf_count=54 41 41 49 9159 48 58 55 45 56 287 756 52 41 58
internal_value=-6.64586e-06 -0.0384415 -0.00949458 0.000468837 0.0115649 -0.0481389 0.016379 0.0439468 0.0254097 0.0399353 -0.000742258 0.0055547 0.0530031 0.107777
internal_weight=10800 131 90 10669 1510 112 1398 535 487 442 863 808 386 99
internal_count=10800 131 90 10669 1510 112 1398 535 487 442 863 808 386 99
is_linear=0
shrinkage=0.05


Tree=215
num_leaves=15
num_cat=0
split_feature=61 49 61 32 35 4 7 61 54 55 48 9 65 11
split_gain=78.4813 144.608 89.4109 290.578 368.297 235.867 257.971 232.822 322.201 225.381 199.125 185.128 493.14 351.789
threshold=-0.99892946161930163 2.5000000000000004 -0.68322629814330815 23.062500000000004 19.621875000000003 234.35018650000004 109.34509250000001 -0.58216583101416131 -0.8783796973249266 -0.56174490092936669 8.8750000000000018 107.96800900000001 121.27933200000001 116.66896000000001
decision_type=2 2 2 2 2 2 2 2 2 2 2 2 2 2
left_child=1 -1 3 5 -5 6 9 8 -4 -2 -11 13 -13 -6
right_child=2 -3 7 4 11 -7 -8 -9 -10 10 -12 12 -14 -15
leaf_value=-0.10613669482420902 -0.041902738896530727 0.0075101118309028221 -0.14013305008411409 -0.11572143913512783 0.014419498779086251 0.10353684086205051 0.12587743963148179 -0.00013707247776843784 -0.019723565927020802 0.085885174160807584 0.013635627096441906 -0.1714925055815415 -0.0014055535807118462 0.16467231036474309
leaf_weight=48 142 65 64 69 292 100 55 7536 386 118 483 43 1355 44
leaf_count=48 142 65 64 69 292 100 55 7536 386 118 483 43 1355 44
internal_value=-5.78684e-06 -0.0412722 0.000434368 0.00829656 -0.0032799 0.0315175 0.0223742 -0.00222546 -0.0371212 0.0145536 0.0279402 0.00125854 -0.00675597 0.0345257
internal_weight=10800 113 10687 2701 1803 898 798 7986 450 743 601 1734 1398 336
internal_count=10800 113 10687 2701 1803 898 798 7986 450 743 601 1734 1398 336
is_linear=0
shrinkage=0.05


Tree=216
num_leaves=15
num_cat=0
split_feature=60 65 46 37 26 28 40 32 0 46 21 60 52 9
split_gain=78.0504 150.905 91.7281 164.189 186.083 302.147 251.623 340.01 271.546 251.875 138.793 133.945 390.497 260.294
threshold=-0.99892946161930163 167.39460700000004 49.994791666666671 46.875000000000007 28.987500000000004 29.762500000000003 59.625000000000007 30.087500000000002 265.71171600000008 56.401041666666679 45.981095478513502 -0.8814490726585632 -0.8814490726585632 290.2148160000001
decision_type=2 2 2 2 2 2 2 2 2 2 2 2 2 2
left_child=1 -1 -2 10 5 11 7 9 -8 -6 -4 -5 -13 -14
right_child=2 -3 3 4 6 -7 8 -9 -10 -11 -12 12 13 -15
leaf_value=0.030414101309660407 0.030547041589639768 -0.087541091442108157 -0.018602724496129507 0.015493602833419596 0.042015157990595881 -0.12565079093134654 0.17096105195453457 0.12173478767466051 0.030185341222081771 -0.10222925362115105 -0.10561752562381087 -0.069784197448909541 0.00028728208794272442 -0.10787074762795652
leaf_weight=44 246 68 178 1235 50 47 57 40 85 74 61 207 8353 55
leaf_count=44 246 68 178 1235 50 47 57 40 85 74 61 207 8353 55
internal_value=-5.87309e-06 -0.0413425 0.000431122 -0.000281227 0.000680255 -0.000508897 0.0390175 -0.00323209 0.0874943 -0.0441954 -0.0411591 0.000100921 -0.00210723 -0.000432966
internal_weight=10800 112 10688 10442 10203 9897 306 164 142 124 239 9850 8615 8408
internal_count=10800 112 10688 10442 10203 9897 306 164 142 124 239 9850 8615 8408
is_linear=0
shrinkage=0.05


Tree=217
num_leaves=15
num_cat=0
split_feature=65 65 65 53 15 53 65 9 65 8 8 0 2 9
split_gain=76.889 403.872 1865.9 1448.16 589.851 580.997 370.368 249.043 384.227 249.36 230.063 226.583 225.38 364.544
threshold=258.63541800000007 229.58777250000003 217.24452850000003 -0.98611507088852035 267.36735600000003 -0.44228869021900119 233.25313400000002 202.67053300000003 183.39475350000004 202.65135800000004 24.000000000000004 261.54221350000006 169.70252950000005 146.08976850000002
decision_type=2 2 2 2 2 2 2 2 2 2 2 2 2 2
left_child=1 2 7 -3 6 -4 -5 12 -9 -10 -8 -11 13 -1
right_child=-2 3 5 4 -6 -7 10 8 9 11 -12 -13 -14 -15
leaf_value=0.00084981190574896337 0.010889782882771794 -0.31964243982164636 0.27707608106492615 -0.13725098784047146 -0.20457406054455332 0.077481838802496594 0.090559552285459741 -0.13415528320502945 0.03085870224397716 -0.079545339502775203 -0.0096536267159792535 0.017121870089222186 0.033061818390189873 -0.059000950575820311
leaf_weight=7010 1407 41 73 53 40 74 61 81 171 175 750 92 509 263
leaf_count=7010 1407 41 73 53 40 74 61 81 171 175 750 92 509 263
internal_value=-6.39256e-06 -0.00163954 0.00182949 -0.0326208 -0.0192644 0.177802 -0.0104587 -0.0013078 -0.034809 -0.016173 -0.00201377 -0.0462972 0.000930658 -0.00132227
internal_weight=10800 9393 8448 945 904 147 864 8301 519 438 811 267 7782 7273
internal_count=10800 9393 8448 945 904 147 864 8301 519 438 811 267 7782 7273
is_linear=0
shrinkage=0.05


Tree=218
num_leaves=15
num_cat=0
split_feature=35 51 47 65 9 36 37 36 49 24 22 31 24 51
split_gain=73.5893 80.3746 235.776 381.714 1078.13 396.177 362.766 279.801 274.118 332.531 265.386 258.105 262.701 373.698
threshold=16.005208333333339 2.5000000000000004 78.959635416666671 73.362583000000015 73.362583000000015 23.792968750000004 53.375000000000007 23.581770833333337 3.5000000000000004 279.71161950000004 140.16675836458339 21.012500000000003 253.49028900000005 3.5000000000000004
decision_type=2 2 2 2 2 2 2 2 2 2 2 2 2 2
left_child=-1 -2 3 -3 -5 6 -6 11 -7 -10 -4 12 13 -8
right_child=1 2 10 4 5 8 7 -9 9 -11 -12 -13 -14 -15
leaf_value=-0.064538400408557878 -0.0043881309465140898 -0.0042223838835409276 -0.0042758355376501548 0.23714751110213703 -0.040435301586655918 0.013698516096393937 0.13052049433191618 0.1584647471146261 -0.15060301775900792 -0.010091561784829237 -0.11727793613132441 -0.02115628152880502 0.079811176857379762 -0.037165547698721525
leaf_weight=43 4992 1503 2648 60 112 413 44 60 64 120 52 117 446 126
leaf_count=43 4992 1503 2648 60 112 413 44 60 64 120 52 117 446 126
internal_value=-7.95204e-06 0.000255977 0.00427744 0.0137659 0.0310663 0.0226817 0.0435207 0.0554142 -0.00892824 -0.059515 -0.00649479 0.0467746 0.0596904 0.00674502
internal_weight=10800 10757 5765 3065 1562 1502 905 793 597 184 2700 733 616 170
internal_count=10800 10757 5765 3065 1562 1502 905 793 597 184 2700 733 616 170
is_linear=0
shrinkage=0.05


Tree=219
num_leaves=15
num_cat=0
split_feature=61 65 2 8 3 64 65 33 22 65 17 22 4 47
split_gain=72.6017 142.24 81.0772 680.315 364.587 478.36 217.213 997.411 444.394 358.371 167.678 145.815 208.404 143.585
threshold=-0.99892946161930163 203.40144600000005 24.000000000000004 144.46669050000003 24.000000000000004 205.79348500000003 99.208772000000025 20.818750000000005 127.03412769270835 82.382441500000013 40.614173423043447 154.85412101041669 294.76548300000007 75.628906250000014
decision_type=2 2 2 2 2 2 2 2 2 2 2 2 2 2
left_child=1 -1 3 6 5 10 9 8 -8 -2 13 12 -6 -4
right_child=2 -3 4 -5 11 -7 7 -9 -10 -11 -12 -13 -14 -15
leaf_value=0.0095256606546732098 -0.0029929251049539167 -0.10289329298958183 -0.069070821637477797 -0.20482971120093552 0.0013990083213124942 0.19962271930506598 -0.14025751070153933 0.21207165599269154 0.050150829983848927 -0.11043985562614178 0.11387200309407144 -0.092131303723265501 0.085298732126752541 0.037942236877195723
leaf_weight=64 4398 49 48 41 5645 51 53 62 70 78 41 40 74 86
leaf_count=64 4398 49 48 41 5645 51 53 62 70 78 41 40 74 86
internal_value=-6.78833e-06 -0.0396973 0.000416558 -0.00449631 0.00427637 0.0664296 -0.00269054 0.0502544 -0.0323645 -0.00488957 0.0266996 0.00182618 0.00249934 -0.000618486
internal_weight=10800 113 10687 4702 5985 226 4661 185 123 4476 175 5759 5719 134
internal_count=10800 113 10687 4702 5985 226 4661 185 123 4476 175 5759 5719 134
is_linear=0
shrinkage=0.05


Tree=220
num_leaves=15
num_cat=0
split_feature=65 9 0 32 43 34 26 28 32 13 37 21 65 10
split_gain=70.5437 331.592 203.291 94.4204 104.681 121.729 92.9813 418.999 280.297 441.385 259.783 361.079 338.547 305.103
threshold=280.98983350000009 284.32638350000008 245.98053400000003 25.762500000000003 46.875000000000007 25.525000000000002 26.812500000000004 26.487500000000004 22.062500000000004 2.5740589603545345 66.125000000000014 25.607191134679848 91.384633000000022 246.93905675000005
decision_type=2 2 2 2 2 2 2 2 2 2 2 2 2 2
left_child=1 6 -2 -4 -5 -6 7 -1 -9 -10 -8 -12 -13 -14
right_child=2 -3 3 4 5 -7 10 8 9 -11 11 12 13 -15
leaf_value=0.00021888427393080206 0.1199192447231171 -0.14084303297457243 0.063740055182693059 0.043652020652706812 0.022664884807065477 -0.086438155639916664 0.0030776282939664092 0.040945242046718566 -0.011184999386611534 -0.1339389937046867 -0.03783898509648298 -0.012699281283502662 0.23926661205741595 0.065288254691689626
leaf_weight=8698 46 41 50 51 42 63 1249 62 140 153 61 42 52 50
leaf_count=8698 46 41 50 51 42 63 1249 62 140 153 61 42 52 50
internal_value=-6.50789e-06 -0.000632258 0.0260846 0.00465312 -0.0145704 -0.0429948 -7.1782e-05 -0.00195715 -0.055124 -0.0755228 0.0116603 0.0636832 0.106654 0.155445
internal_weight=10800 10548 252 206 156 105 10507 9053 355 293 1454 205 144 102
internal_count=10800 10548 252 206 156 105 10507 9053 355 293 1454 205 144 102
is_linear=0
shrinkage=0.05


Tree=221
num_leaves=15
num_cat=0
split_feature=41 63 5 46 65 41 64 32 24 35 36 47 20 32
split_gain=70.5308 204.992 270.434 137.702 524.19 126.833 195.331 295.213 242.463 118.163 305.168 452.915 292.972 508.802
threshold=92.375000000000014 -0.22252093395631442 81.513918500000003 90.677083333333357 115.95147100000001 88.375000000000014 111.75901200000001 24.112500000000004 250.71295650000005 20.976041666666671 22.653776041666671 78.825520833333357 253.62022200000004 23.362500000000004
decision_type=2 2 2 2 2 2 2 2 2 2 2 2 2 2
left_child=3 2 -2 5 -5 9 -7 8 -8 10 12 -12 13 -1
right_child=1 -3 -4 4 -6 6 7 -9 -10 -11 11 -13 -14 -15
leaf_value=-0.0008710380716905235 -0.0094965688897690817 0.011024227953700672 -0.12998621975286648 -0.0053125900600923962 0.19411624976518482 -0.0057272507054098309 0.041133891068398959 -0.0038625195774054811 0.19648984670375458 0.0023104727712524686 -0.032408261452992151 -0.20847493863505562 0.094079821541905417 -0.11024259928963148
leaf_weight=2103 116 241 77 131 43 205 49 85 52 7132 341 40 74 111
leaf_count=2103 116 241 77 131 43 205 49 85 52 7132 341 40 74 111
internal_value=-5.36854e-06 -0.0197291 -0.0579898 0.000822241 0.0447992 6.71365e-05 0.0279558 0.0649117 0.122261 -0.00104819 -0.0100206 -0.0513903 -0.00311221 -0.00640173
internal_weight=10800 434 193 10366 174 10192 391 186 101 9801 2669 381 2288 2214
internal_count=10800 434 193 10366 174 10192 391 186 101 9801 2669 381 2288 2214
is_linear=0
shrinkage=0.05


Tree=222
num_leaves=15
num_cat=0
split_feature=28 34 64 25 53 28 36 65 47 24 36 24 64 20
split_gain=69.0548 166.722 189.2 116.966 202.379 119.11 119.04 320.693 724.843 304.833 117.855 381.746 461.865 285.708
threshold=31.262500000000003 30.241666666666671 169.10089050000002 116.8281284716516 0.06540312923014284 30.212500000000002 26.213020833333339 63.145266500000005 65.013020833333357 298.46041100000008 23.792968750000004 294.325579 274.03199250000006 267.01345100000009
decision_type=2 2 2 2 2 2 2 2 2 2 2 2 2 2
left_child=1 3 -3 5 -5 6 10 -8 9 -9 11 13 -13 -1
right_child=-2 2 -4 4 -6 -7 7 8 -10 -11 -12 12 -14 -15
leaf_value=-0.003705486675702268 -0.050992483391680499 -0.018781951251764632 0.11782630842533851 0.12044392572758995 -0.01130372362840717 -0.064509577042589042 -0.010935801590947727 -0.049571648519486193 0.25370556671087713 0.112125286414307 -0.010265164877616254 0.17203362961365304 -0.024773259174365264 0.024881987133176423
leaf_weight=6141 65 42 62 53 63 72 235 71 43 48 2766 70 51 1018
leaf_count=6141 65 42 62 53 63 72 235 71 43 48 2766 70 51 1018
internal_value=-4.94834e-06 0.0003085 0.0630041 -0.000310701 0.0494063 -0.000863818 -0.000418873 0.0263999 0.0802946 0.0160415 -0.00148123 0.00185714 0.0895588 0.00036252
internal_weight=10800 10735 104 10631 116 10515 10443 397 162 119 10046 7280 121 7159
internal_count=10800 10735 104 10631 116 10515 10443 397 162 119 10046 7280 121 7159
is_linear=0
shrinkage=0.05


Tree=223
num_leaves=15
num_cat=0
split_feature=20 16 2 45 4 25 14 5 9 6 65 9 13 3
split_gain=72.2435 183.007 268.392 210.876 190.84 180.951 329.368 378.708 192.537 206.939 184.746 274.109 205.388 191.831
threshold=282.08765550000004 272.23383550000005 273.04091050000005 67.572916666666671 270.02924000000007 105.05818924571476 266.48037891666678 256.80026200000003 270.73891950000007 256.80026200000003 211.59883000000005 237.73522350000002 23.445212883923507 191.82669650000003
decision_type=2 2 2 2 2 2 2 2 2 2 2 2 2 2
left_child=1 4 -3 -4 -1 6 7 -2 10 -10 12 -12 -7 -14
right_child=5 2 3 -5 -6 8 -8 -9 9 -11 11 -13 13 -15
leaf_value=3.2137524851311135e-05 -0.019928613358505948 0.052021182887617125 0.0079977803221044624 -0.12224339891861125 -0.10678837775651898 0.011653956978631169 0.047755306185438086 -0.19320911428580681 0.0018116662099670906 -0.14440913447988746 0.14597836277551121 0.0079299930799239821 0.001480284168307359 -0.13008690812978252
leaf_weight=9341 67 386 128 40 41 320 51 59 51 45 53 108 53 57
leaf_count=9341 67 386 128 40 41 320 51 59 51 45 53 108 53 57
internal_value=-2.12624e-06 0.00120429 0.0291026 -0.0235519 -0.000446007 -0.0138613 -0.0587889 -0.10195 -0.00221744 -0.0675115 0.00848482 0.0539951 -0.0086408 -0.0672532
internal_weight=10800 9936 554 168 9382 864 177 126 687 96 591 161 430 110
internal_count=10800 9936 554 168 9382 864 177 126 687 96 591 161 430 110
is_linear=0
shrinkage=0.05


Tree=224
num_leaves=15
num_cat=0
split_feature=24 24 15 2 9 65 65 3 64 31 28 31 31 24
split_gain=72.1386 303.865 252.606 204.164 948.288 418.942 374.007 303.379 251.943 192.633 152.748 151.491 211.011 360.415
threshold=246.46162000000001 246.93019750000005 69.939157000000009 114.10464400000002 171.80616150000003 149.900586 118.67275650000001 96.111209500000015 202.65135800000004 17.925000000000001 20.862500000000004 17.225000000000005 19.612500000000004 278.51062050000002
decision_type=2 2 2 2 2 2 2 2 2 2 2 2 2 2
left_child=3 2 -2 5 -5 6 7 -1 10 -10 -6 -3 13 -13
right_child=1 11 -4 4 8 -7 -8 -9 9 -11 -12 12 -14 -15
leaf_value=0.0043398545701076822 -0.015277901772444822 -0.07531021274086358 -0.17739900983042189 0.26225864994664522 -0.056570657185610322 -0.12669266581595426 0.13147423484999884 -0.11754385218597377 0.14812035569731072 0.0012091370232935464 0.028649346010122253 0.047044603301841362 -0.0034618721179921091 -0.045054723027586834
leaf_weight=2808 52 68 44 42 117 61 56 51 48 41 94 486 6697 135
leaf_count=2808 52 68 44 42 117 61 56 51 48 41 94 486 6697 135
internal_value=-4.05686e-06 -0.0027253 -0.0906462 0.00613125 0.0426593 0.00192054 0.00465446 0.0021253 0.0111463 0.0812076 -0.0186493 -0.00157043 -0.000875029 0.0269828
internal_weight=10800 7482 96 3318 342 2976 2915 2859 300 89 211 7386 7318 621
internal_count=10800 7482 96 3318 342 2976 2915 2859 300 89 211 7386 7318 621
is_linear=0
shrinkage=0.05


Tree=225
num_leaves=15
num_cat=0
split_feature=13 54 55 25 65 48 25 9 17 0 47 37 39 17
split_gain=68.453 89.1934 107.329 78.5316 239.784 267.548 141.593 247.566 393.894 353.365 254.71 258.886 368.998 149.405
threshold=51.951505312148448 0.6078576107927941 -0.56174490092936669 65.980334729497159 24.000000000000004 7.1250000000000009 87.76708810618652 68.269408500000011 8.5214274708877777 89.708072000000016 83.795572916666671 68.875000000000014 79.875000000000014 27.40749161485066
decision_type=2 2 2 2 2 2 2 2 2 2 2 2 2 2
left_child=3 2 -2 4 -1 -6 7 -5 -9 -10 11 13 -13 -11
right_child=1 -3 -4 6 5 -7 -8 8 9 10 -12 12 -14 -15
leaf_value=-0.0033646730668596535 -0.012212706108887991 0.022879707631231708 -0.12249314612930728 0.043034249492204538 0.1511607282928058 0.022075727996046263 -0.00024333773119317327 -0.14477331466399707 -0.13552438742236089 0.045534402534581166 0.099796871538713305 -0.20004872617925087 0.0082557920407917759 -0.052095983135398552
leaf_weight=1728 47 43 41 103 41 930 7421 77 56 120 52 40 44 57
leaf_count=1728 47 43 41 103 41 930 7421 77 56 120 52 40 44 57
internal_value=-3.82722e-06 -0.0357895 -0.0643924 0.000438883 0.00780879 0.0276762 -0.00205757 -0.026536 -0.042663 -0.0210217 -0.000169291 -0.0203908 -0.0921234 0.0139781
internal_weight=10800 131 88 10669 2699 971 7970 549 446 369 313 261 84 177
internal_count=10800 131 88 10669 2699 971 7970 549 446 369 313 261 84 177
is_linear=0
shrinkage=0.05


Tree=226
num_leaves=15
num_cat=0
split_feature=60 65 46 37 26 28 40 32 0 46 30 41 21 12
split_gain=67.4717 130.438 81.7861 143.334 151.759 257.145 221.136 311.604 230.27 218.844 124.702 141.04 124.37 120.461
threshold=-0.99892946161930163 167.39460700000004 49.994791666666671 46.875000000000007 28.987500000000004 29.762500000000003 59.625000000000007 30.087500000000002 265.71171600000008 56.401041666666679 25.512500000000003 50.625000000000007 41.083852219581566 285.17474500000009
decision_type=2 2 2 2 2 2 2 2 2 2 2 2 2 2
left_child=1 -1 10 12 5 13 7 9 -8 -6 -2 -12 -4 -5
right_child=2 -3 3 4 6 -7 8 -9 -10 -11 11 -13 -14 -15
leaf_value=0.028274975027889018 0.09522714115890929 -0.081389833310538007 -0.014338824876812761 0.00049854291247385964 0.036833555807414299 -0.11589390686713159 0.15755652759810268 0.11528990165126035 0.027918432404958577 -0.097644835372765859 0.05603208011539465 -0.029535754783345122 -0.092391714778401565 -0.079739875861621928
leaf_weight=44 54 68 166 9804 50 47 57 40 85 74 88 104 73 46
leaf_count=44 54 68 166 9804 50 47 57 40 85 74 88 104 73 46
internal_value=-4.92284e-06 -0.0384383 0.00040138 -0.000271257 0.00062709 -0.000446804 0.0352485 -0.00435131 0.0806942 -0.0435588 0.0288384 0.00976995 -0.0384649 0.000115769
internal_weight=10800 112 10688 10442 10203 9897 306 164 142 124 246 192 239 9850
internal_count=10800 112 10688 10442 10203 9897 306 164 142 124 246 192 239 9850
is_linear=0
shrinkage=0.05


Tree=227
num_leaves=15
num_cat=0
split_feature=61 49 61 48 9 61 54 16 9 47 13 2 61 17
split_gain=67.497 127.696 69.5046 242.227 586.321 202.141 1162.33 1310.98 292.265 352.884 409.143 272.256 180.81 323.374
threshold=-0.99892946161930163 2.5000000000000004 -0.68322629814330815 8.8750000000000018 171.80616150000003 -0.5277851165098012 -0.8783796973249266 104.00574950000002 232.32850950000002 76.425781250000014 1.7959024929715242 109.91590650000002 -0.41248606129204529 1.5812130629138754e-06
decision_type=2 2 2 2 2 2 2 2 2 2 2 2 2 2
left_child=1 -1 3 4 -2 6 7 -4 11 -10 -11 -8 13 -7
right_child=2 -3 5 -5 -6 12 8 -9 9 10 -12 -13 -14 -15
leaf_value=-0.099228839472658481 0.17467151566589667 0.0075595224501960219 -0.39865534188491958 0.0028005144868175065 0.001987723680213094 0.16505582935017785 0.0083210818086222899 -0.027141970169863534 0.01366356419665473 -0.035284434657336938 -0.23428280593418496 0.12799150064963391 -0.0015385302886484198 0.017709627621737761
leaf_weight=48 71 65 41 2475 155 40 287 55 125 71 40 56 6861 410
leaf_count=48 71 65 41 2475 155 40 287 55 125 71 40 56 6861 410
internal_value=-4.64573e-06 -0.0382744 0.000403547 0.0073355 0.0567684 -0.00194158 -0.0281005 -0.188283 -0.00126289 -0.0439851 -0.108447 0.0281744 0.000477099 0.031144
internal_weight=10800 113 10687 2701 226 7986 675 96 579 236 111 343 7311 450
internal_count=10800 113 10687 2701 226 7986 675 96 579 236 111 343 7311 450
is_linear=0
shrinkage=0.05


Tree=228
num_leaves=15
num_cat=0
split_feature=34 65 2 45 35 31 24 22 0 32 30 41 55 64
split_gain=66.2092 247.658 255.734 97.0214 220.802 97.397 332.689 616.442 261.583 210.381 338.215 190.333 407.918 221.737
threshold=17.135416666666668 42.523274000000008 70.579213000000024 92.729166666666671 19.413020833333338 19.612500000000004 278.51062050000002 126.29556024479167 216.84904350000002 25.487500000000004 19.387500000000003 91.875000000000014 -0.22252093395631442 211.14921150000001
decision_type=2 2 2 2 2 2 2 2 2 2 2 2 2 2
left_child=1 -1 -3 5 -5 6 7 9 -8 11 -11 13 -13 -2
right_child=3 2 -4 4 -6 -7 8 -9 -10 10 -12 12 -14 -15
leaf_value=0.0060690750933987889 0.0063831077268420985 -0.18310201207974131 -0.0094046663500193979 -0.009336362423203971 0.11680308975989867 -0.0019235065219737803 0.010061926988245392 0.10111536131178969 -0.12715268961779058 -0.17191541559462037 0.013517937331926078 -0.16723682135555218 0.039927313870822011 0.064935358805072896
leaf_weight=206 781 41 43 86 57 8855 66 196 72 41 59 43 51 203
leaf_count=206 781 41 43 86 57 8855 66 196 72 41 59 43 51 203
internal_value=-5.69281e-06 -0.0235319 -0.0953422 0.000645638 0.041405 7.94741e-05 0.0118034 0.0192484 -0.061928 0.00555287 -0.0634591 0.0120076 -0.0556021 0.0185161
internal_weight=10800 290 84 10510 143 10367 1512 1374 138 1178 100 1078 94 984
internal_count=10800 290 84 10510 143 10367 1512 1374 138 1178 100 1078 94 984
is_linear=0
shrinkage=0.05


Tree=229
num_leaves=15
num_cat=0
split_feature=51 30 61 22 22 61 21 47 53 34 64 32 41 43
split_gain=65.7889 204.801 1062.61 198.971 215.676 485.673 467.729 248.628 386.234 333.301 291.02 232.836 198.735 193.748
threshold=2.5000000000000004 19.237500000000004 -0.9733555533461492 120.09760716666669 133.54962194270834 -0.5277851165098012 23.631795059770251 72.252604166666671 -0.99465189230620676 20.667708333333337 96.580066500000015 21.862500000000004 82.875000000000014 68.375000000000014
decision_type=2 2 2 2 2 2 2 2 2 2 2 2 2 2
left_child=1 2 -1 -3 5 6 -5 8 -6 -10 -9 -12 -8 -14
right_child=-2 3 -4 4 7 -7 12 10 9 -11 11 -13 13 -15
leaf_value=-0.28074983427437344 0.0036107821025852869 0.012718289798582244 0.0047061523860611491 -0.24719116040846198 -0.15638561496592088 -0.0078539302955136312 0.0087790724492686645 -0.010516748460941017 -0.13014969296753406 -0.0047685452438167818 0.13639499999227978 0.032766243221021916 -0.16384245333661215 -0.033303777513832886
leaf_weight=40 5808 1531 159 40 45 598 67 420 54 1464 62 398 57 57
leaf_count=40 5808 1531 159 40 45 598 67 420 54 1464 62 398 57 57
internal_value=-6.8491e-06 -0.0042157 -0.0537888 -0.00214669 -0.00912524 -0.0313132 -0.09447 -0.0016771 -0.0136432 -0.00931149 0.0195676 0.0469992 -0.0595467 -0.0994303
internal_weight=10800 4992 199 4793 3262 819 221 2443 1563 1518 880 460 181 114
internal_count=10800 4992 199 4793 3262 819 221 2443 1563 1518 880 460 181 114
is_linear=0
shrinkage=0.05


Tree=230
num_leaves=15
num_cat=0
split_feature=65 8 9 15 22 15 29 19 36 43 38 4 5 13
split_gain=65.2462 202.064 149.413 415.722 379.162 259.095 233.039 197.706 261.882 159.115 150.978 122.871 117.336 522.066
threshold=278.29070450000006 249.76574550000001 270.73891950000007 262.77326550000004 132.31922835937505 236.07890250000003 23.962500000000002 214.08212300000002 24.179687500000004 53.375000000000007 55.875000000000007 260.90748600000006 262.99180150000007 29.485595230390256
decision_type=2 2 2 2 2 2 2 2 2 2 2 2 2 2
left_child=2 11 7 4 6 -6 -4 12 10 -10 -9 -2 -1 -14
right_child=1 -3 3 -5 5 -7 -8 8 9 -11 -12 -13 13 -15
leaf_value=0.0010483279667028807 0.037035401519581984 -0.010155662765154744 -0.021768118479809206 -0.17086211471481527 0.00035523398816338835 0.13600243686333946 -0.15870578108401531 0.044225792344226397 0.060056403883888082 -0.071494298031989575 0.17674493369362926 0.14122310424359835 -0.0077559967488913042 -0.1678390728343617
leaf_weight=9174 95 201 76 46 150 45 52 42 44 46 45 40 690 54
leaf_count=9174 95 201 76 46 150 45 52 42 44 46 45 40 690 54
internal_value=-1.03757e-05 0.0216442 -0.000707709 -0.0319144 -0.0116599 0.0321926 -0.0781981 0.000436029 0.0526645 -0.0072274 0.114 0.0687172 -0.000501274 -0.0195846
internal_weight=10800 336 10464 369 323 195 128 10095 177 90 87 135 9918 744
internal_count=10800 336 10464 369 323 195 128 10095 177 90 87 135 9918 744
is_linear=0
shrinkage=0.05


Tree=231
num_leaves=15
num_cat=0
split_feature=13 54 53 49 53 65 9 35 20 31 20 36 32 0
split_gain=65.0059 78.5499 98.4227 69.4941 156.087 170.155 565.59 189.673 208.259 193.397 166.551 307.853 170.296 426.133
threshold=51.951505312148448 0.6078576107927941 -0.41248606129204529 1.0000000180025095e-35 -0.99465189230620676 73.362583000000015 82.382441500000013 27.450520833333336 303.53637200000009 17.225000000000005 248.46519700000002 21.784895833333337 23.262500000000003 256.80026200000003
decision_type=2 2 2 2 2 2 2 2 2 2 2 2 2 2
left_child=3 2 -2 4 -1 -6 -7 9 -9 -8 -11 -12 -13 -14
right_child=1 -3 -4 -5 5 6 7 8 -10 10 11 12 13 -15
leaf_value=-0.077443932179285566 -0.11863278606679382 0.020196572860533543 -0.012841883202900693 -0.0012173325800896083 -0.0077378624772373276 0.20847670893843581 -0.039450219985980965 -0.11561504364586794 0.035438319822637052 0.0014871883524544866 0.1117446024853148 -0.039740093029701176 0.15393538661301137 -0.0021443568123169512
leaf_weight=48 40 43 48 9159 580 40 96 51 40 226 151 77 63 138
leaf_count=48 40 43 48 9159 580 40 96 51 40 226 151 77 63 138
internal_value=-9.91193e-06 -0.0348829 -0.0617213 0.000421508 0.0103562 0.0132898 0.0271107 0.0182576 -0.0495545 0.0265295 0.0362452 0.0545099 0.0231329 0.047296
internal_weight=10800 131 88 10669 1510 1462 882 842 91 751 655 429 278 201
internal_count=10800 131 88 10669 1510 1462 882 842 91 751 655 429 278 201
is_linear=0
shrinkage=0.05


Tree=232
num_leaves=15
num_cat=0
split_feature=26 39 65 12 30 25 19 32 29 47 13 52 9 29
split_gain=65.2975 243.607 273.863 584.612 299.914 345.823 219.79 266.283 217.108 225.166 219.818 215.723 190.638 168.903
threshold=23.662500000000005 76.875000000000014 42.523274000000008 95.068245000000005 27.362500000000004 105.78084749261848 96.777996500000015 24.962500000000002 20.262500000000003 79.207031250000014 2.6976978670862337 0.72947329433276253 167.14851550000003 22.262500000000003
decision_type=2 2 2 2 2 2 2 2 2 2 2 2 2 2
left_child=1 2 -1 -4 6 -6 7 -5 9 10 -2 -10 -8 -3
right_child=8 13 3 4 5 -7 12 -9 11 -11 -12 -13 -14 -15
leaf_value=0.0020664708507306517 0.037765582760229066 -0.0022233450340090628 -0.21961523592472076 -0.026266017859180771 -0.20206771746423902 -0.012705265651357937 0.094982026427840968 -0.14353010638038657 0.0013958188381204865 -0.022851628371410901 0.19786460750869342 0.094825004502421331 -0.0076993273241234136 0.019003446769572947
leaf_weight=726 45 4692 42 224 50 46 51 61 3201 44 41 62 345 1170
leaf_count=726 45 4692 42 224 50 46 51 61 3201 44 41 62 345 1170
internal_value=-8.87716e-06 -0.00264018 -0.0202958 -0.0400972 -0.0301237 -0.112398 -0.0183777 -0.0517787 0.00573441 0.0688489 0.115489 0.00319957 0.00573073 0.00201584
internal_weight=10800 7407 1545 819 777 96 681 285 3393 130 86 3263 396 5862
internal_count=10800 7407 1545 819 777 96 681 285 3393 130 86 3263 396 5862
is_linear=0
shrinkage=0.05


Tree=233
num_leaves=15
num_cat=0
split_feature=40 6 20 20 6 32 60 26 34 31 52 18 52 25
split_gain=64.7208 134.752 150.309 195.551 122.56 300.223 333.036 228.078 261.734 185.326 153.875 339.473 151.998 183.872
threshold=46.625000000000007 272.71499900000009 280.04660650000005 273.13806300000005 261.54221350000006 27.762500000000003 -0.95642797789208689 27.712500000000002 27.877083333333335 20.862500000000004 -0.99465189230620676 248.78932104166668 -0.79335334029123528 108.0147368726637
decision_type=2 2 2 2 2 2 2 2 2 2 2 2 2 2
left_child=1 2 3 -1 10 7 -7 8 9 -6 11 -2 13 -11
right_child=4 -3 -4 -5 5 6 -8 -9 -10 12 -12 -13 -14 -15
leaf_value=-0.0030186678603746175 0.010511443913102866 0.091165542804860875 -0.051831059317503661 0.10925230755196286 0.038339723959639249 -0.19689598600069683 -0.032415280008222906 0.080454757793673448 -0.13081168353557587 -0.089514228901756351 5.2047596956183892e-05 0.15638179829716684 -0.0013426577454689929 0.0077498308116836214
leaf_weight=126 198 57 76 55 175 44 99 69 44 133 9216 49 383 76
leaf_count=126 198 57 76 55 175 44 99 69 44 133 9216 49 383 76
internal_value=-9.30846e-06 0.0223218 0.00675879 0.0315097 -0.000680071 -0.0171118 -0.0840406 -0.00615284 -0.0136114 -0.00672651 0.00109791 0.0399632 -0.0200906 -0.054277
internal_weight=10800 314 257 181 10486 1023 143 880 811 767 9463 247 592 209
internal_count=10800 314 257 181 10486 1023 143 880 811 767 9463 247 592 209
is_linear=0
shrinkage=0.05


Tree=234
num_leaves=15
num_cat=0
split_feature=64 16 45 26 64 30 48 16 49 36 8 26 36 9
split_gain=65.649 555.439 323.651 362.552 289.329 263.796 291.821 328.395 242.32 233.395 206.731 221.343 203.207 251.156
threshold=194.63205700000003 82.08473050000002 89.270833333333357 19.512500000000003 190.66043800000003 27.712500000000002 16.875000000000004 277.29195150000004 3.5000000000000004 19.000651041666668 205.09734450000002 22.487500000000004 19.412760416666668 94.828613500000003
decision_type=2 2 2 2 2 2 2 2 2 2 2 2 2 2
left_child=4 -2 3 8 10 6 9 -8 -3 -5 -1 -12 -11 -14
right_child=1 2 -4 5 -6 -7 7 -9 -10 12 11 -13 13 -15
leaf_value=-0.0004028846567704933 0.18059406604203915 -0.02079727064076535 0.10281717682722956 0.11925439987154235 -0.094182471588034847 -0.097819371076841521 0.017442691617838617 0.16427205096076555 -0.17902030415626036 -0.099385398045182233 -0.15755554496548896 -0.015034050641483382 0.059650585231151479 -0.0019851606000888923
leaf_weight=7575 44 53 79 41 84 61 105 59 44 49 42 75 177 2312
leaf_count=7575 44 53 79 41 84 61 105 59 44 49 42 75 177 2312
internal_value=-8.89823e-06 0.00624103 0.00360698 0.000870787 -0.00243992 0.00417326 0.00647624 0.0709409 -0.0936629 0.00235099 -0.00142594 -0.0670973 0.00041625 0.00242013
internal_weight=10800 3024 2980 2901 7776 2804 2743 164 97 2579 7692 117 2538 2489
internal_count=10800 3024 2980 2901 7776 2804 2743 164 97 2579 7692 117 2538 2489
is_linear=0
shrinkage=0.05


Tree=235
num_leaves=15
num_cat=0
split_feature=15 3 25 16 64 8 24 43 35 24 47 47 37 49
split_gain=63.178 338.072 202.686 169.359 195.677 318.119 258.473 262.747 324.2 192.089 178.764 161.745 151.012 301.628
threshold=212.19164300000003 274.61923400000006 115.78609002188314 303.53637200000009 212.46469150000004 235.20974350000003 281.72766850000005 79.875000000000014 23.129687500000003 299.02505250000007 74.907552083333343 72.459635416666671 51.875000000000007 2.5000000000000004
decision_type=2 2 2 2 2 2 2 2 2 2 2 2 2 2
left_child=1 12 3 4 6 -6 7 8 -2 -7 -8 -10 13 -1
right_child=2 -3 -4 -5 5 9 10 -9 11 -11 -12 -13 -14 -15
leaf_value=-0.098759997257127849 -0.056134880695205475 -0.13651767995856379 -0.078757502601118912 0.10632004567980767 0.11753020828011736 0.024137145597297623 -0.13175865197137221 -0.10299073566750783 -0.0004544427025724541 -0.076954564222922697 -0.0080442735231217918 0.11680282359662396 0.00060892763015236008 -0.0017373079117029334
leaf_weight=115 64 45 58 49 86 489 66 40 43 51 52 92 9291 259
leaf_count=115 64 45 58 49 86 489 66 40 43 51 52 92 9291 259
internal_value=-8.55589e-06 -0.00129024 0.0113997 0.016538 0.0119591 0.028789 -0.01755 0.0123803 0.0359695 0.014465 -0.0777662 0.0797255 -0.000646566 -0.0317543
internal_weight=10800 9710 1090 1032 983 626 357 239 199 540 118 135 9665 374
internal_count=10800 9710 1090 1032 983 626 357 239 199 540 118 135 9665 374
is_linear=0
shrinkage=0.05


Tree=236
num_leaves=15
num_cat=0
split_feature=26 1 16 5 25 42 36 65 17 47 0 2 24 25
split_gain=61.3132 129.175 105.142 137.122 108.461 143.414 91.2552 308.522 667.423 198.786 126.764 228.809 225.875 296.434
threshold=31.062500000000004 299.02505250000007 299.69941450000005 289.58042400000005 116.8281284716516 71.375000000000014 26.213020833333339 63.145266500000005 20.896009192128258 64.023437500000014 270.02924000000007 264.48251600000009 297.46106850000007 100.73766235953788
decision_type=2 2 2 2 2 2 2 2 2 2 2 2 2 2
left_child=1 2 3 4 6 -6 10 -8 -9 -10 11 -1 13 -13
right_child=-2 -3 -4 -5 5 -7 7 8 9 -11 -12 12 -14 -15
leaf_value=-0.0011385049970270501 0.043877732136015653 -0.088913083076477051 0.062445822388017137 -0.085601021079940998 -0.0084638032490726225 0.12048849549231143 -0.011214309052928424 0.25194465721525799 -0.044156098835106433 0.095771693187051046 0.022309396190429542 -0.13553877146198198 -0.14232852898518711 -0.0053755483630412541
leaf_weight=9194 78 40 66 46 43 42 240 40 61 42 534 51 47 276
leaf_count=9194 78 40 66 46 43 42 240 40 61 42 534 51 47 276
internal_value=-9.64052e-06 -0.000332973 7.01753e-06 -0.000387012 -8.10271e-06 0.0559139 -0.000466742 0.0234573 0.0813211 0.0132741 -0.00137601 -0.00270011 -0.0409835 -0.0260276
internal_weight=10800 10722 10682 10616 10570 85 10485 383 143 103 10102 9568 374 327
internal_count=10800 10722 10682 10616 10570 85 10485 383 143 103 10102 9568 374 327
is_linear=0
shrinkage=0.05


Tree=237
num_leaves=15
num_cat=0
split_feature=20 4 5 25 42 36 65 17 47 0 2 32 22 24
split_gain=61.1596 117.777 101.067 122.931 147.392 97.5685 270.868 672.56 221.159 101.051 181.464 259.342 358.218 230.727
threshold=322.54412650000006 294.76548300000007 291.57821000000007 117.06627774538971 71.375000000000014 26.213020833333339 63.145266500000005 15.43960420748471 64.664062500000014 270.02924000000007 264.48251600000009 24.387500000000003 132.44845944791669 297.46106850000007
decision_type=2 2 2 2 2 2 2 2 2 2 2 2 2 2
left_child=1 2 3 5 -5 9 -7 -8 -9 10 -1 -12 -13 -14
right_child=-2 -3 -4 4 -6 6 7 8 -10 -11 11 12 13 -15
leaf_value=-0.0011173071841183541 -0.05574242382177285 0.070102236829698086 -0.074100364886386244 -0.010023428976447099 0.11947035920073062 -0.010655920104127518 0.24824047568367749 -0.027727922575118455 0.11216464536945994 0.018999455440511997 0.03884589192880826 -0.19253379390683287 -0.013435850026222267 -0.13976360835473647
leaf_weight=9197 48 59 45 41 46 240 40 90 40 578 87 42 204 43
leaf_count=9197 48 59 45 41 46 240 40 90 40 578 87 42 204 43
internal_value=-8.81545e-06 0.000245156 -0.000146809 0.000172659 0.0590241 -0.000317693 0.0235652 0.0716571 0.0158436 -0.00128455 -0.00251112 -0.0365105 -0.0592514 -0.035903
internal_weight=10800 10752 10693 10648 87 10561 410 170 130 10151 9573 376 289 247
internal_count=10800 10752 10693 10648 87 10561 410 170 130 10151 9573 376 289 247
is_linear=0
shrinkage=0.05


Tree=238
num_leaves=15
num_cat=0
split_feature=13 22 2 49 41 17 48 52 3 33 44 6 28 22
split_gain=61.8321 75.7423 134.659 63.2963 140.755 367.517 576.584 341.983 126.137 356.583 311.137 176.515 163.403 118.746
threshold=51.951505312148448 128.03112266666668 92.673793000000003 1.0000000180025095e-35 87.875000000000014 23.653591960153957 6.1250000000000009 0.97335555334614943 247.81357650000004 25.387500000000003 65.031250000000014 237.83986000000002 26.237500000000004 140.08700658333336
decision_type=2 2 2 2 2 2 2 2 2 2 2 2 2 2
left_child=3 -2 -3 4 7 6 -6 8 12 11 -11 -10 -1 -5
right_child=1 2 -4 13 5 -7 -8 -9 9 10 -12 -13 -14 -15
leaf_value=0.0054617755302567199 -0.089471940164055144 -0.073971878781559919 0.047482511423528197 -0.0045025947615700444 -0.00080902566053513169 0.026831652808881876 -0.23311049235900017 0.11694717550184577 0.18121158894389233 0.032987947796285153 -0.12034144300553534 0.054726872818780616 -0.096754557212314962 0.0085179523056594878
leaf_weight=842 41 41 49 6802 68 154 43 79 46 124 44 70 40 2357
leaf_count=842 41 41 49 6802 68 154 43 79 46 124 44 70 40 2357
internal_value=-7.99172e-06 -0.0340191 -0.00805158 0.000412764 0.00989412 -0.0231345 -0.0920775 0.0169372 0.0100669 0.0389848 -0.00764421 0.106005 0.000721789 -0.00115129
internal_weight=10800 131 90 10669 1510 265 111 1245 1166 284 168 116 882 9159
internal_count=10800 131 90 10669 1510 265 111 1245 1166 284 168 116 882 9159
is_linear=0
shrinkage=0.05


Tree=239
num_leaves=15
num_cat=0
split_feature=28 34 64 28 37 26 13 9 21 40 12 24 0 2
split_gain=61.106 143.311 161.77 88.0163 96.945 127.641 174.663 235.425 123.513 102.722 182.95 153.417 141.939 261.306
threshold=31.262500000000003 30.241666666666671 169.10089050000002 30.212500000000002 44.625000000000007 29.012500000000003 2.0969495436930639 236.90132750000004 41.083852219581566 46.625000000000007 285.17474500000009 274.28284400000007 267.1966680000001 263.81563600000004
decision_type=2 2 2 2 2 2 2 2 2 2 2 2 2 2
left_child=1 3 -3 4 8 9 -7 -8 -1 11 12 -6 13 -11
right_child=-2 2 -4 -5 5 6 7 -9 -10 10 -12 -13 -14 -15
leaf_value=-0.012325192888134294 -0.047971574059038458 -0.017214403656950265 0.1091061803556624 -0.053205709773091941 -0.010657324472221693 -0.0095118651412514164 0.17678361794934042 0.027663075841673008 -0.11068890694756235 -0.00021414766194233515 -0.084987882060522685 0.089059820863170713 0.02679200916105421 -0.054985718784912291
leaf_weight=125 65 42 62 77 75 101 40 76 42 9268 63 78 464 222
leaf_count=125 65 42 62 77 75 101 40 76 42 9268 63 78 464 222
internal_value=-8.26244e-06 0.000286595 0.058414 -0.00028749 0.000103596 0.000712943 0.0385687 0.0801554 -0.037575 -9.85076e-05 -0.00072147 0.0404271 -0.000179655 -0.00150108
internal_weight=10800 10735 104 10631 10554 10387 217 116 167 10170 10017 153 9954 9490
internal_count=10800 10735 104 10631 10554 10387 217 116 167 10170 10017 153 9954 9490
is_linear=0
shrinkage=0.05


Tree=240
num_leaves=15
num_cat=0
split_feature=60 37 15 3 25 3 24 64 8 24 47 25 44 32
split_gain=61.8904 123.179 63.6328 310.519 174.093 157.389 202.722 146.822 218.758 206.603 362.246 261.92 306.027 172.743
threshold=-0.99892946161930163 68.625000000000014 212.19164300000003 274.61923400000006 115.78609002188314 291.57821000000007 297.26105400000006 215.24642450000002 239.74407900000003 281.72766850000005 75.042968750000014 102.57627951128426 65.531250000000014 29.737500000000004
decision_type=2 2 2 2 2 2 2 2 2 2 2 2 2 2
left_child=1 -1 3 -2 5 6 7 9 -9 11 -11 12 -4 -10
right_child=2 -3 4 -5 -6 -7 -8 8 13 10 -12 -13 -14 -15
leaf_value=-0.10342490279960424 -0.00026914736989324685 0.0040413579488710934 0.03815115373193597 -0.13048789348433038 -0.074537108100273405 0.092092867281574467 -0.066137181783651383 0.10694558614420452 0.0050355222677327905 -0.16048413388905866 0.035847972655160862 0.074317871432307114 -0.11627156296423798 0.084450203776359561
leaf_weight=42 9596 70 71 45 54 64 76 87 353 50 43 108 57 84
leaf_count=42 9596 70 71 45 54 64 76 87 353 50 43 108 57 84
internal_value=-7.72134e-06 -0.0368171 0.000381414 -0.000890422 0.0120824 0.0168631 0.011587 0.0185813 0.0349944 -0.00758667 -0.0702913 0.0173155 -0.0309835 0.0204585
internal_weight=10800 112 10688 9641 1047 993 929 853 524 329 93 236 128 437
internal_count=10800 112 10688 9641 1047 993 929 853 524 329 93 236 128 437
is_linear=0
shrinkage=0.05


Tree=241
num_leaves=15
num_cat=0
split_feature=65 9 0 19 34 32 37 26 21 33 39 45 43 41
split_gain=60.5972 266.454 173.892 86.5701 178.428 76.1435 75.7493 218.487 294.164 282.947 269.489 261.509 245.847 229.318
threshold=280.98983350000009 284.32638350000008 245.98053400000003 206.34750400000004 25.86770833333334 31.525000000000002 50.375000000000007 27.562500000000004 44.592763963945963 27.881250000000005 54.125000000000007 55.843750000000007 61.375000000000007 60.625000000000007
decision_type=2 2 2 2 2 2 2 2 2 2 2 2 2 2
left_child=1 5 -2 4 -4 6 -1 9 10 -8 12 -12 13 -9
right_child=2 -3 3 -5 -6 -7 7 8 -10 -11 11 -13 -14 -15
leaf_value=-0.019548780528819001 0.11095826399136098 -0.12627517804503441 0.026632106418731961 0.051647683158234675 -0.088209196975962689 0.067102233214037757 -0.00075303480945962864 0.0059158807930847013 0.081630174847030876 -0.12930847163810286 -0.12610719707423276 -0.001119021732301917 -0.011463782483171802 0.15497001576636518
leaf_weight=489 46 41 87 65 54 41 9299 41 186 42 52 199 89 69
leaf_count=489 46 41 87 65 54 41 9299 41 186 42 52 199 89 69
internal_value=-8.31076e-06 -0.000588271 0.0241735 0.00435201 -0.0176611 -8.585e-05 -0.000355441 0.000587141 0.0289199 -0.00134484 0.00700031 -0.0274107 0.0503231 0.0999673
internal_weight=10800 10548 252 206 141 10507 10466 9977 636 9341 450 251 199 110
internal_count=10800 10548 252 206 141 10507 10466 9977 636 9341 450 251 199 110
is_linear=0
shrinkage=0.05


Tree=242
num_leaves=15
num_cat=0
split_feature=34 65 2 24 24 65 30 37 40 16 11 36 24 64
split_gain=58.9619 224.907 236.192 93.0394 257.207 243.906 641.998 240.554 446.207 369.089 219.06 128.779 371.488 314.649
threshold=17.135416666666668 42.523274000000008 70.579213000000024 246.46162000000001 246.93019750000005 77.844594000000015 22.237500000000004 85.125000000000014 89.375000000000014 97.240819500000015 91.053470000000019 21.733854166666671 268.06765750000005 74.836544500000016
decision_type=2 2 2 2 2 2 2 2 2 2 2 2 2 2
left_child=1 -1 -3 5 10 -2 7 9 -9 -7 -5 -6 13 -13
right_child=3 2 -4 4 11 6 -8 8 -10 -11 -12 12 -14 -15
leaf_value=0.0059983969502688667 0.001627317243848064 -0.17498071580415681 -0.0080766596662049939 -0.017294380223860831 0.011669134729623706 0.18363316300802116 0.21561850567368115 -0.11703651334758697 0.079366826304855448 0.023691989164112415 -0.1692969806314934 0.00018070783962371181 0.00038062447630597424 -0.062564558818662894
leaf_weight=206 2539 41 43 55 1512 40 46 72 47 304 41 347 5037 470
leaf_count=206 2539 41 43 55 1512 40 46 72 47 304 41 347 5037 470
internal_value=-7.91345e-06 -0.0222093 -0.0906419 0.000606738 -0.00239997 0.00796603 0.0395197 0.0215969 -0.0394505 0.0427682 -0.0832882 -0.0013346 -0.00469469 -0.0359475
internal_weight=10800 290 84 10510 7462 3048 509 463 119 344 96 7366 5854 817
internal_count=10800 290 84 10510 7462 3048 509 463 119 344 96 7366 5854 817
is_linear=0
shrinkage=0.05


Tree=243
num_leaves=15
num_cat=0
split_feature=26 43 25 64 45 0 9 65 65 42 17 9 33 36
split_gain=57.3012 327.157 256.18 343.159 235.944 221.008 476.628 394.766 389.542 279.872 511.867 170.215 152.646 148.885
threshold=19.712500000000002 65.875000000000014 103.78186874622266 74.836544500000016 91.947916666666671 79.495687500000017 167.14851550000003 42.523274000000008 128.36177500000005 80.375000000000014 17.460535821697874 119.46223000000002 19.003125000000004 21.733854166666671
decision_type=2 2 2 2 2 2 2 2 2 2 2 2 2 2
left_child=1 -1 5 -4 13 7 8 -3 11 -9 -11 -7 -8 -2
right_child=4 2 3 -5 -6 6 12 9 -10 10 -12 -13 -14 -15
leaf_value=-0.11485254373131455 0.014094065871901451 0.0022505938097256285 0.0027507448706913882 -0.18610126185654241 0.094426966935861861 0.095292184548452508 -0.052329550476177877 0.019156702149372835 0.19320219246719994 -0.2328373393416405 -0.025858471787242751 -0.043593114550884181 0.060112933514685163 -0.0022462645528109216
leaf_weight=68 1730 1202 53 43 67 47 114 51 65 54 66 40 40 7160
leaf_count=68 1730 1202 53 43 67 47 114 51 65 54 66 40 40 7160
internal_value=-7.64319e-06 -0.00803412 -0.00387956 -0.0828857 0.0016446 0.00068442 0.0390384 -0.0078857 0.101556 -0.078735 -0.120153 0.0316671 -0.0229243 0.000934802
internal_weight=10800 1843 1775 96 8957 1679 306 1373 152 171 120 87 154 8890
internal_count=10800 1843 1775 96 8957 1679 306 1373 152 171 120 87 154 8890
is_linear=0
shrinkage=0.05


Tree=244
num_leaves=15
num_cat=0
split_feature=65 65 65 53 64 15 2 65 8 9 65 8 2 28
split_gain=57.1524 347.095 1609.47 1168.15 516.943 486.95 348.412 328.29 231.373 198.547 331.665 205.551 198.555 369.131
threshold=258.63541800000007 229.58777250000003 217.24452850000003 -0.98611507088852035 213.98713350000003 267.36735600000003 240.99528900000004 235.35129550000002 202.65135800000004 202.67053300000003 183.39475350000004 203.16976750000001 214.30479900000003 25.737500000000004
decision_type=2 2 2 2 2 2 2 2 2 2 2 2 2 2
left_child=1 2 9 -3 8 6 7 -5 -4 12 -11 -12 -1 -14
right_child=-2 3 4 5 -6 -7 -8 -9 -10 10 11 -13 13 -15
leaf_value=-0.00046767272261518202 0.0093861037617443809 -0.28792270517774993 0.18177389755369502 -0.16971378905388218 0.30275574897197965 -0.1865129522297804 0.016434827372605581 -0.02899704338809956 0.03003163892696778 -0.12332564424780175 0.028377387734396117 -0.041460860722526943 0.14457348398521871 0.0039594789842764535
leaf_weight=7566 1407 41 46 47 46 40 508 309 55 81 174 264 67 149
leaf_count=7566 1407 41 46 47 46 40 508 309 55 81 174 264 67 149
internal_value=-8.07818e-06 -0.0014161 0.00179985 -0.0301372 0.165234 -0.0181404 -0.0101387 -0.0479982 0.100247 -0.00111392 -0.0310265 -0.0137155 0.000884754 0.0480411
internal_weight=10800 9393 8448 945 147 904 864 356 101 8301 519 438 7782 216
internal_count=10800 9393 8448 945 147 904 864 356 101 8301 519 438 7782 216
is_linear=0
shrinkage=0.05


Tree=245
num_leaves=15
num_cat=0
split_feature=13 54 55 24 24 25 19 36 24 64 22 31 24 24
split_gain=56.184 70.5838 93.6311 60.006 238.803 589.658 173.67 148.104 348.592 287.481 354.938 456.042 270.467 362.404
threshold=51.951505312148448 0.6078576107927941 -0.56174490092936669 246.46162000000001 248.07883750000005 90.739545435087265 167.90841100000003 21.733854166666671 268.06765750000005 74.836544500000016 134.50007356250003 21.387500000000003 279.71161950000004 258.48548100000011
decision_type=2 2 2 2 2 2 2 2 2 2 2 2 2 2
left_child=3 2 -2 6 5 -5 -1 12 9 -9 11 -11 13 -6
right_child=1 -3 -4 4 7 -7 -8 8 -10 10 -12 -13 -14 -15
leaf_value=0.0046984715324560637 -0.009187411998088162 0.019772310988892886 -0.11213279805101811 -0.21730676890087622 -0.00058780945645652244 -0.011862186748774081 0.10703053548045101 0.00011968188996116772 0.00085176740609965425 -0.04340945559690932 0.045647612241480284 -0.16120471110981371 -0.060996339505597075 0.053575351932822035
leaf_weight=3251 47 43 41 43 800 170 41 343 4946 280 67 116 110 502
leaf_count=3251 47 43 41 43 800 170 41 343 4946 280 67 116 110 502
internal_value=-8.2349e-06 -0.0324287 -0.0578716 0.000392844 -0.0021121 -0.0541586 0.00600507 -0.000557311 -0.00411961 -0.0345896 -0.0602478 -0.0782343 0.0139469 0.0203205
internal_weight=10800 131 88 10669 7377 213 3292 7164 5752 806 463 396 1412 1302
internal_count=10800 131 88 10669 7377 213 3292 7164 5752 806 463 396 1412 1302
is_linear=0
shrinkage=0.05


Tree=246
num_leaves=15
num_cat=0
split_feature=64 16 45 64 30 48 16 32 9 11 65 8 14 27
split_gain=56.7786 492.664 282.976 251.753 215.173 255.638 302.398 224.89 194.74 393.091 350.905 651.353 278.371 232.121
threshold=194.63205700000003 82.08473050000002 91.052083333333357 190.66043800000003 27.712500000000002 16.875000000000004 277.29195150000004 26.737500000000004 94.828613500000003 110.79474450000002 121.97390900000001 236.85653950000003 116.47900337500003 21.962500000000002
decision_type=2 2 2 2 2 2 2 2 2 2 2 2 2 2
left_child=3 -2 4 -1 5 8 7 -7 9 13 11 -10 -13 -3
right_child=1 2 -4 -5 -6 6 -8 -9 10 -11 -12 12 -14 -15
leaf_value=-0.0013245816538869997 0.17000791106166113 0.1073885943831467 0.12126920588314534 -0.087848488769548788 -0.090848076583408266 0.068400755368121388 0.15290873267066976 -0.075104254975237636 -0.24745507245747056 0.16847965992242098 0.00073257825333564511 -0.083250072456791377 0.065877152759847901 -0.03235466357674105
leaf_weight=7692 44 40 49 84 61 71 59 43 40 49 2336 70 55 107
leaf_count=7692 44 40 49 84 61 71 59 43 40 49 2336 70 55 107
internal_value=-9.60532e-06 0.00580277 0.00332205 -0.00227043 0.00130954 0.00329925 0.062039 0.0140893 -0.000490232 0.0473737 -0.0042587 -0.0745018 -0.017632 0.00613938
internal_weight=10800 3024 2980 7776 2931 2870 173 114 2697 196 2501 165 125 147
internal_count=10800 3024 2980 7776 2931 2870 173 114 2697 196 2501 165 125 147
is_linear=0
shrinkage=0.05


Tree=247
num_leaves=15
num_cat=0
split_feature=26 39 65 12 30 25 29 24 5 32 25 52 29 61
split_gain=56.6033 214.51 247.035 527.809 253.892 301.674 201.583 191.475 188.984 196.796 202.944 183.273 150.936 550.679
threshold=23.662500000000005 76.875000000000014 42.523274000000008 95.068245000000005 27.362500000000004 105.78084749261848 20.262500000000003 261.18970800000005 269.30760800000007 25.012500000000003 94.439027366995774 0.72947329433276253 22.262500000000003 -0.2269546835593246
decision_type=2 2 2 2 2 2 2 2 2 2 2 2 2 2
left_child=1 2 -1 -4 8 -6 7 -2 9 -5 -11 -8 -3 -14
right_child=6 12 3 4 5 -7 11 -9 -10 10 -12 -13 13 -15
leaf_value=0.0022127752606897902 0.0060713998646711688 -0.0020961543156385663 -0.20840500253577565 -0.0099984688903120775 -0.18780582569101278 -0.010965202574400193 0.0012342367639422589 0.12707013608457951 0.078171010889733827 -0.17087938050035298 -0.037821896853997852 0.087350307724305576 0.13142833415494889 0.0076003382715095352
leaf_weight=726 66 4692 42 496 50 46 3201 64 47 40 98 62 97 1073
leaf_count=726 66 4692 42 496 50 46 3201 64 47 40 98 62 97 1073
internal_value=-8.02852e-06 -0.0024579 -0.0190256 -0.0378321 -0.0283559 -0.104056 0.00533926 0.0661553 -0.0175476 -0.0247554 -0.0773412 0.00289678 0.00191122 0.0179699
internal_weight=10800 7407 1545 819 777 96 3393 130 681 634 138 3263 5862 1170
internal_count=10800 7407 1545 819 777 96 3393 130 681 634 138 3263 5862 1170
is_linear=0
shrinkage=0.05


Tree=248
num_leaves=15
num_cat=0
split_feature=9 11 65 65 0 36 22 64 44 22 35 25 41 49
split_gain=55.7276 387.588 305.369 413.651 438.617 250.234 248.761 532.661 228.535 227.765 217.668 289.756 227.325 254.475
threshold=221.97237050000004 187.44555600000004 215.25594400000003 231.31079250000002 204.79491400000003 21.048437500000006 145.63369552083336 256.17617500000006 63.031250000000007 142.02304463541671 22.296354166666671 90.739545435087265 74.875000000000014 3.5000000000000004
decision_type=2 2 2 2 2 2 2 2 2 2 2 2 2 2
left_child=2 5 -1 -4 -5 -2 9 -8 -6 10 12 -12 -3 -14
right_child=1 6 3 4 8 -7 7 -9 -10 -11 11 -13 13 -15
leaf_value=-8.7132195866316322e-05 -0.029968761202947398 0.12965554708868943 0.16347033400384209 -0.02539178168795922 0.041975714134025399 -0.16581210029011562 -0.20548806034705858 -0.016157840271538351 0.18906438362530686 0.047824581651443779 -0.11863973353917784 -0.0096552738232488448 0.027792499965523326 -0.05014485322678363
leaf_weight=8008 81 43 62 183 68 58 43 240 43 262 64 993 522 130
leaf_count=8008 81 43 62 183 68 58 43 240 43 262 64 993 522 130
internal_value=-8.49199e-06 -0.00666212 0.00192993 0.0471756 0.0221799 -0.0874311 -0.00173857 -0.0455476 0.100135 0.00443687 -0.00207506 -0.01636 0.0196427 0.0121998
internal_weight=10800 2436 8364 356 294 139 2297 283 111 2014 1752 1057 695 652
internal_count=10800 2436 8364 356 294 139 2297 283 111 2014 1752 1057 695 652
is_linear=0
shrinkage=0.05


Tree=249
num_leaves=15
num_cat=0
split_feature=40 6 39 33 26 2 41 15 19 5 18 38 48 22
split_gain=55.7694 121.151 134.894 134.268 138.25 108.02 241.37 177.614 106.32 90.6064 205.331 120.571 167.891 112.387
threshold=46.625000000000007 272.71499900000009 60.375000000000007 28.253125000000004 30.512500000000003 282.29026750000008 72.375000000000014 227.55406500000001 217.23941150000005 275.19923050000006 255.92162441666667 75.875000000000014 17.875000000000004 141.31130992708339
decision_type=2 2 2 2 2 2 2 2 2 2 2 2 2 2
left_child=1 2 3 -1 -5 8 -7 -8 9 -2 13 12 -12 -11
right_child=5 -3 -4 4 -6 6 7 -9 -10 10 11 -13 -14 -15
leaf_value=0.081901583135956635 0.00036160720555676124 0.085997537292283155 -0.064367040948450777 -0.036240798080986257 0.073108206856314362 -0.11035826060081451 -0.053692023754119883 0.082466784018375316 0.074251887388527393 -0.13812207078524666 -0.023057461627241638 -0.057684908231551008 0.11713860495379423 -0.028258165179027451
leaf_weight=67 10054 57 53 97 40 70 49 45 47 50 44 43 40 44
leaf_count=67 10054 57 53 97 40 70 49 45 47 50 44 43 40 44
internal_value=-8.16718e-06 0.0207212 0.00596638 0.0244641 -0.00401566 -0.000630819 -0.0407671 0.0116723 1.07691e-05 -0.000336018 -0.0319319 0.00958563 0.0442953 -0.0875352
internal_weight=10800 314 257 204 137 10486 164 94 10322 10275 221 127 84 94
internal_count=10800 314 257 204 137 10486 164 94 10322 10275 221 127 84 94
is_linear=0
shrinkage=0.05


Tree=250
num_leaves=15
num_cat=0
split_feature=41 63 5 46 65 41 64 32 22 62 9 65 52 42
split_gain=53.836 155.651 199.578 102.437 425.275 105.39 161.9 252.534 205.916 98.6318 377.828 309.237 275.237 251.585
threshold=92.375000000000014 -0.22252093395631442 81.513918500000003 90.677083333333357 115.95147100000001 88.375000000000014 111.75901200000001 24.112500000000004 126.75886509895834 0.87837969732492682 267.14005600000007 266.89225100000004 -0.98611507088852024 82.625000000000014
decision_type=2 2 2 2 2 2 2 2 2 2 2 2 2 2
left_child=3 2 -2 5 -5 9 -7 8 -8 -1 12 -12 -11 -14
right_child=1 -3 -4 4 -6 6 7 -9 -10 10 11 -13 13 -15
leaf_value=0.0010672108882710863 -0.008913539230433476 0.0095582707211652324 -0.11242964699721109 -0.0064788474890960833 0.17313961794610475 -0.0051793384578223654 0.045538932192045779 -0.0044674160760329214 0.18918189397279889 -0.091657786600199742 -0.19829374362847635 -0.044528468605130912 -0.012691165447239659 0.038538237368218195
leaf_weight=8434 116 241 77 131 43 205 55 85 46 80 41 152 741 353
leaf_count=8434 116 241 77 131 43 205 55 85 46 80 41 152 741 353
internal_value=-7.74285e-06 -0.0172398 -0.0505794 0.000715314 0.0386453 6.4037e-05 0.0254862 0.0591312 0.112174 -0.000952648 -0.0134063 -0.0780474 -0.0027222 0.00385908
internal_weight=10800 434 193 10366 174 10192 391 186 101 9801 1367 193 1174 1094
internal_count=10800 434 193 10366 174 10192 391 186 101 9801 1367 193 1174 1094
is_linear=0
shrinkage=0.05


Tree=251
num_leaves=15
num_cat=0
split_feature=26 47 64 61 5 0 65 48 21 9 2 14 31 26
split_gain=54.7585 213.72 354.268 218.778 155.531 292.485 756.29 339.943 336.672 315.612 942.061 148.54 146.119 301.876
threshold=20.987500000000004 70.485677083333357 70.787265500000018 -0.98611507088852035 237.02630750000003 70.579213000000024 42.523274000000008 6.6250000000000009 1.0749051175988377e-05 169.62799400000003 119.34476450000001 58.934666666666679 20.812500000000004 18.962500000000002
decision_type=2 2 2 2 2 2 2 2 2 2 2 2 2 2
left_child=1 2 -1 -3 5 6 -5 -8 -9 10 12 -10 13 -7
right_child=-2 3 -4 4 -6 9 7 8 11 -11 -12 -13 -14 -15
leaf_value=0.0068081255654679311 0.0024052458987432346 -0.11624517689148586 -0.16577962260279391 0.00041462029486552006 -0.054758819112312479 -0.013133950939555553 0.0092098254710435874 -0.24672445931847997 -0.012736935768185593 -0.0099316047651753312 0.27837555422339333 -0.14771622372347684 -0.0068491973352616991 0.10328740302770251
leaf_weight=66 7401 41 53 2198 130 93 47 51 40 309 42 41 151 137
leaf_count=66 7401 41 53 2198 130 93 47 51 40 309 42 41 151 137
internal_value=-7.48359e-06 -0.00526014 -0.0707996 -0.00286148 -0.0013908 0.00085762 -0.00765439 -0.106188 -0.147037 0.0284711 0.0564815 -0.082028 0.031356 0.0563596
internal_weight=10800 3399 119 3280 3239 3109 2377 179 132 732 423 81 381 230
internal_count=10800 3399 119 3280 3239 3109 2377 179 132 732 423 81 381 230
is_linear=0
shrinkage=0.05


Tree=252
num_leaves=15
num_cat=0
split_feature=65 9 0 32 0 26 28 14 32 22 13 38 64 0
split_gain=53.7013 214.871 156.847 83.0341 90.7476 67.8182 325.621 233.6 345.033 220.621 293.734 215.588 338.811 135.07
threshold=280.98983350000009 284.32638350000008 245.98053400000003 25.762500000000003 267.50577000000004 26.812500000000004 26.487500000000004 108.20360754166668 22.062500000000004 132.23661673437502 22.791210318108732 67.125000000000014 95.335915500000013 260.07892350000003
decision_type=2 2 2 2 2 2 2 2 2 2 2 2 2 2
left_child=1 5 -2 -4 -5 6 13 -8 -9 -10 -11 -7 -13 -1
right_child=2 -3 3 4 -6 11 7 8 9 10 -12 12 -14 -15
leaf_value=-0.0011140792296589971 0.1051772483049872 -0.11342194034230142 0.059342920153821803 -0.062453273395076392 0.015658468358712842 0.0028667639613309676 0.015631827552587151 0.041546605686800409 -0.18506123721599579 -0.02482471675524172 -0.18293889343011671 -0.041989985470556553 0.10936403133370327 0.029640539335436502
leaf_weight=8326 46 41 50 59 97 1283 101 51 58 105 40 53 118 372
leaf_count=8326 46 41 50 59 97 1283 101 51 58 105 40 53 118 372
internal_value=-8.83781e-06 -0.000554802 0.0227555 0.00393151 -0.0140934 -0.000103625 -0.00171379 -0.0485833 -0.0740788 -0.103189 -0.0693967 0.009916 0.0624817 0.000204504
internal_weight=10800 10548 252 206 156 10507 9053 355 254 203 145 1454 171 8698
internal_count=10800 10548 252 206 156 10507 9053 355 254 203 145 1454 171 8698
is_linear=0
shrinkage=0.05


Tree=253
num_leaves=15
num_cat=0
split_feature=52 64 52 65 34 22 4 26 16 34 51 30 4 5
split_gain=52.7593 606.612 257.661 1029.72 150.373 84.8096 113.171 76.1664 196.564 249.606 179.816 163.119 110.73 145.183
threshold=0.98611507088852057 112.77979850000001 0.97335555334614943 79.608916500000007 21.417708333333337 155.3417187135417 294.76548300000007 29.012500000000003 281.03721150000007 28.418750000000006 3.5000000000000004 23.962500000000002 275.94297850000004 273.99435950000003
decision_type=2 2 2 2 2 2 2 2 2 2 2 2 2 2
left_child=2 -2 5 4 -4 6 7 8 12 10 11 -10 13 -1
right_child=1 -3 3 -5 -6 -7 -8 -9 9 -11 -12 -13 -14 -15
leaf_value=0.00079554945835643744 -0.00017718661137559161 0.19314036989076572 -0.031357178192206452 -0.27068457590331407 0.06627635935468501 -0.057933786916997167 0.061108269853299702 0.019514786517789082 0.055358801449515993 -0.13304736095527978 -0.11009463227332333 -0.037543566164957298 0.080594676650714056 -0.063741196177645842
leaf_weight=8966 522 43 127 43 56 61 76 487 83 58 42 107 42 87
leaf_count=8966 522 43 127 43 56 61 76 487 83 58 42 107 42 87
internal_value=-9.47261e-06 0.0148507 -0.000831167 -0.053507 -0.00128243 0.000363463 0.000726722 0.00025573 -0.00074562 -0.0411974 -0.0177624 0.00311746 0.000548597 0.000168375
internal_weight=10800 565 10235 226 183 10009 9948 9872 9385 290 232 190 9095 9053
internal_count=10800 565 10235 226 183 10009 9948 9872 9385 290 232 190 9095 9053
is_linear=0
shrinkage=0.05


Tree=254
num_leaves=15
num_cat=0
split_feature=20 4 5 25 42 36 65 17 47 0 2 32 22 43
split_gain=52.0443 96.3239 79.1173 116.295 131.072 82.0908 238.969 594.75 183.816 82.2782 171.029 213.819 298.293 215.174
threshold=322.54412650000006 294.76548300000007 291.57821000000007 117.06627774538971 71.375000000000014 26.213020833333339 63.145266500000005 15.43960420748471 64.664062500000014 270.02924000000007 264.48251600000009 24.387500000000003 132.44845944791669 53.375000000000007
decision_type=2 2 2 2 2 2 2 2 2 2 2 2 2 2
left_child=1 2 3 5 -5 9 -7 -8 -9 10 -1 -12 -13 -14
right_child=-2 -3 -4 4 -6 6 7 8 -10 -11 11 12 13 -15
leaf_value=-0.000965031272001651 -0.05142287767815347 0.063399398947755495 -0.065562321682987007 -0.0077576829009645054 0.11439257933896907 -0.010558679881524992 0.23280799817748188 -0.025447950704064182 0.1020877799428091 0.01709181870505156 0.033113453746773304 -0.17760612462149111 0.039159770929057841 -0.063904399634077305
leaf_weight=9197 48 59 45 41 46 240 40 90 40 578 87 42 70 177
leaf_count=9197 48 59 45 41 46 240 40 90 40 578 87 42 70 177
internal_value=-1.00534e-05 0.000224229 -0.000130244 0.000152412 0.0573935 -0.000324521 0.0215823 0.0667542 0.0142736 -0.00121138 -0.00231816 -0.0353255 -0.0559714 -0.0346558
internal_weight=10800 10752 10693 10648 87 10561 410 170 130 10151 9573 376 289 247
internal_count=10800 10752 10693 10648 87 10561 410 170 130 10151 9573 376 289 247
is_linear=0
shrinkage=0.05


Tree=255
num_leaves=15
num_cat=0
split_feature=37 21 26 35 28 36 65 17 3 52 11 47 26 65
split_gain=53.1008 125.807 117.355 227.946 128.643 100.219 234.023 805.659 136.86 93.3083 148.369 83.174 319.45 486.954
threshold=47.375000000000007 29.433092575223927 30.162500000000005 29.603645833333339 30.725000000000005 26.213020833333339 63.145266500000005 23.830521988422692 213.62747900000002 -0.99892946161930163 175.40196300000002 69.876302083333357 26.937500000000004 42.523274000000008
decision_type=2 2 2 2 2 2 2 2 2 2 2 2 2 2
left_child=1 -1 4 -4 5 9 -7 -8 -9 10 -2 12 13 -11
right_child=2 -3 3 -5 -6 6 7 8 -10 11 -12 -13 -14 -15
leaf_value=0.0024764051306105797 -0.0069839380338395903 -0.06066768760172029 0.10096170356190658 -0.034910270001958399 -0.088350287025294655 -0.0068055231663140849 0.25976075233802914 0.047337693381249102 -0.061769244296753657 0.00090233802985052063 0.11482698152462641 0.00088214738720261959 0.035619004945232589 -0.064581000598635058
leaf_weight=230 56 119 78 50 40 234 41 73 46 778 44 8279 286 446
leaf_count=230 56 119 78 50 40 234 41 73 46 778 44 8279 286 446
internal_value=-8.63039e-06 -0.0191659 0.000632879 0.0480275 4.06146e-05 0.000393005 0.0250898 0.0714894 0.00499862 -0.00059341 0.0472191 -0.00108661 -0.0118743 -0.0229917
internal_weight=10800 349 10451 128 10323 10283 394 160 119 9889 100 9789 1510 1224
internal_count=10800 349 10451 128 10323 10283 394 160 119 9889 100 9789 1510 1224
is_linear=0
shrinkage=0.05


Tree=256
num_leaves=15
num_cat=0
split_feature=19 16 5 25 42 36 46 65 13 13 47 47 6 35
split_gain=52.5285 109.174 123.358 101.979 105.197 62.7217 211.979 544.901 81.1677 87.2818 76.2635 147.43 246.724 104.089
threshold=227.66529100000002 303.53637200000009 291.57821000000007 116.8281284716516 71.375000000000014 26.213020833333339 74.489583333333357 24.000000000000004 24.088743995693736 1.9307722319521761 60.877604166666679 62.804687500000007 24.000000000000004 29.603645833333339
decision_type=2 2 2 2 2 2 2 2 2 2 2 2 2 2
left_child=1 2 3 5 -5 10 8 -8 9 -7 -1 12 -12 -13
right_child=-2 -3 -4 4 -6 6 7 -9 -10 -11 11 13 -14 -15
leaf_value=0.058176332505212897 -0.055815164780332931 0.063836885627303552 -0.086750068554154985 -0.0054865224032916811 0.10056549601402938 -0.0078747452913330556 -0.0051118689399488552 0.21231303477452862 -0.070193929098001345 0.071418214482920503 -0.15032562149519271 -0.00030254111794885194 0.0090199249271642086 -0.052618013165192684
leaf_weight=53 41 66 40 43 50 199 80 44 40 41 43 9911 54 95
leaf_count=53 41 66 40 43 50 199 80 44 40 41 43 9911 54 95
internal_value=-7.09392e-06 0.000210745 -0.000187905 0.000145232 0.051994 -0.000316271 0.0189795 0.0731202 -0.00517201 0.00591127 -0.00108564 -0.00140225 -0.0624309 -0.000804449
internal_weight=10800 10759 10693 10653 93 10560 404 124 280 240 10156 10103 97 10006
internal_count=10800 10759 10693 10653 93 10560 404 124 280 240 10156 10103 97 10006
is_linear=0
shrinkage=0.05


Tree=257
num_leaves=15
num_cat=0
split_feature=13 54 32 37 24 26 33 42 35 13 30 6 20 13
split_gain=53.5427 65.858 97.2869 52.3243 177.555 152.259 294.811 213.867 312.749 219.049 206.909 195.242 224.69 194.816
threshold=51.951505312148448 0.6078576107927941 21.862500000000004 54.125000000000007 318.25669550000003 26.812500000000004 27.256250000000005 76.875000000000014 29.603645833333339 2.7592496622256166 22.912500000000005 269.10224250000005 282.08765550000004 3.4955772866549446
decision_type=2 2 2 2 2 2 2 2 2 2 2 2 2 2
left_child=3 2 -2 4 -1 6 -5 9 11 -7 -11 12 13 -9
right_child=1 -3 -4 5 -6 7 -8 8 -10 10 -12 -13 -14 -15
leaf_value=-0.0063493735058994102 -0.11030338222897329 0.018773293448612095 -0.00556420718735837 0.00022801739297917869 -0.11298522027890856 0.0080606680475175385 -0.13255044429429941 0.0028494862691821675 -0.1050383869591251 0.04165417789703324 0.17070619806181642 0.11341463510251167 -0.056473140046000486 0.086003812616414377
leaf_weight=819 42 43 46 9006 40 99 41 233 56 62 63 48 102 100
leaf_count=819 42 43 46 9006 40 99 41 233 56 62 63 48 102 100
internal_value=-6.36491e-06 -0.0316556 -0.056231 0.000385173 -0.0114406 0.00142174 -0.000388303 0.0228561 0.00575289 0.0638021 0.107535 0.0187887 0.00811108 0.0280035
internal_weight=10800 131 88 10669 859 9810 9047 763 539 224 125 483 435 333
internal_count=10800 131 88 10669 859 9810 9047 763 539 224 125 483 435 333
is_linear=0
shrinkage=0.05


Tree=258
num_leaves=15
num_cat=0
split_feature=65 9 15 65 15 43 24 9 53 8 30 65 65 0
split_gain=51.2243 155.824 111.414 531.581 107.586 241.078 124.756 117.571 531.054 545.651 292.493 257.674 406.007 388.988
threshold=278.29070450000006 273.77944250000002 267.10659300000003 229.58777250000003 241.09810050000002 75.625000000000014 278.11863750000003 221.97237050000004 -0.98611507088852035 223.02456650000002 26.262500000000003 216.30175750000004 231.31079250000002 204.79491400000003
decision_type=2 2 2 2 2 2 2 2 2 2 2 2 2 2
left_child=2 -2 4 -4 7 6 -6 11 9 -9 -10 -1 -13 -14
right_child=1 -3 3 -5 5 -7 -8 8 10 -11 -12 12 13 -15
leaf_value=-0.00025558367865362969 0.10692110767757351 0.0059842420043423779 0.092095081417193247 -0.12808338665697527 0.092584938002640726 -0.077718759388771166 0.018018235301408243 -0.25427133713594896 -0.0016475469452897991 -0.033029533523875172 -0.13234032715078106 0.16850836657664992 -0.024532293899312288 0.095274004612090527
leaf_weight=7988 43 293 42 75 101 42 126 43 1585 77 43 54 181 107
leaf_count=7988 43 293 42 75 101 42 126 43 1585 77 43 54 181 107
internal_value=-6.45211e-06 0.0191807 -0.000624327 -0.0489343 -7.338e-05 0.0310743 0.0514561 -0.00090777 -0.0126931 -0.113754 -0.00517863 0.00156654 0.044002 0.0201547
internal_weight=10800 336 10464 117 10347 269 227 10078 1748 120 1628 8330 342 288
internal_count=10800 336 10464 117 10347 269 227 10078 1748 120 1628 8330 342 288
is_linear=0
shrinkage=0.05


Tree=259
num_leaves=15
num_cat=0
split_feature=40 12 36 18 19 15 12 65 0 29 0 16 8 40
split_gain=50.7539 105.771 262.099 101.079 108.653 231.213 168.159 126.703 132.896 118.377 105.623 201.231 132.014 135.537
threshold=46.625000000000007 291.57821000000007 24.250520833333336 263.13564950000006 195.52885400000002 207.58805900000002 267.01345100000009 274.28284400000007 233.95246100000003 28.987500000000004 275.19923050000006 277.80985600000002 235.20974350000003 59.375000000000007
decision_type=2 2 2 2 2 2 2 2 2 2 2 2 2 2
left_child=-1 3 -3 4 7 6 -6 -2 -9 10 11 12 -7 -14
right_child=1 2 -4 -5 5 9 -8 8 -10 -11 -12 -13 13 -15
leaf_value=0.019768840528115453 -0.00039464971926993464 0.038559907031994245 -0.1116442983312642 0.043243522084269091 -0.033576216256266 0.064696617918762286 -0.14398372750729324 0.11504971039082323 0.019093638953605298 -0.077234836039133378 0.070883173888756174 -0.098102416400322509 0.020175333436804291 -0.064741251621816362
leaf_weight=314 9355 50 67 132 92 82 55 41 261 47 53 48 131 72
leaf_count=314 9355 50 67 132 92 82 55 41 261 47 53 48 131 72
internal_value=-6.46509e-06 -0.000600459 -0.0476717 -6.47789e-05 -0.000627383 -0.0216272 -0.0755789 0.000635978 0.0324575 -0.00317914 0.00601428 -0.00449152 0.0115624 -0.0101126
internal_weight=10800 10486 117 10369 10237 580 147 9657 302 433 386 333 285 203
internal_count=10800 10486 117 10369 10237 580 147 9657 302 433 386 333 285 203
is_linear=0
shrinkage=0.05


Tree=260
num_leaves=15
num_cat=0
split_feature=47 24 30 24 65 37 49 51 41 31 22 64 39 8
split_gain=48.9389 151.72 118.189 128.285 259.436 262.506 121.398 164.181 292.489 140.391 109.742 290.813 586.546 277.609
threshold=67.813802083333357 322.54412650000006 23.112500000000004 283.46498150000008 63.145266500000005 63.375000000000007 1.5000000000000002 1.5000000000000002 71.875000000000014 23.162500000000005 141.77991235416667 70.787265500000018 87.625000000000014 132.86115800000002
decision_type=2 2 2 2 2 2 2 2 2 2 2 2 2 2
left_child=1 2 6 -4 -5 -6 9 8 -8 -1 -2 -12 13 -13
right_child=10 -3 3 4 5 -7 7 -9 -10 -11 11 12 -14 -15
leaf_value=-0.14228278545792714 -0.00072410791149275496 -0.081384127191267919 -0.006261438008161588 -0.0083797854963337005 0.034732251844711994 0.19268435184821123 -0.15575602945891467 0.015086099884294008 -0.0039923235635282569 -0.024220228793158657 -0.014245838720215721 0.097296245942272042 0.1857599226385355 0.00761110166590033
leaf_weight=42 8136 67 684 152 75 40 46 223 98 62 481 102 59 533
leaf_count=42 8136 67 684 152 75 40 46 223 98 62 481 102 59 533
internal_value=-6.78158e-06 -0.00842022 -0.00492762 0.00521903 0.0345433 0.0908596 -0.0253825 -0.0117839 -0.0532122 -0.0728003 0.00133944 0.0156164 0.0363042 0.0221475
internal_weight=10800 1489 1422 951 267 115 471 367 144 104 9311 1175 694 635
internal_count=10800 1489 1422 951 267 115 471 367 144 104 9311 1175 694 635
is_linear=0
shrinkage=0.05


Tree=261
num_leaves=15
num_cat=0
split_feature=13 65 24 24 25 0 0 0 43 43 14 65 45 43
split_gain=51.1639 65.4252 52.2562 205.935 509.678 148.662 397.944 177.383 212.221 567.218 167.773 140.322 1118.27 139.258
threshold=51.951505312148448 107.19768550000002 246.46162000000001 248.07883750000005 90.739545435087265 82.871596000000025 103.132017 145.79191850000004 79.875000000000014 85.375000000000014 80.883024916666699 73.362583000000015 86.343750000000014 76.625000000000014
decision_type=2 2 2 2 2 2 2 2 2 2 2 2 2 2
left_child=2 -2 5 4 -4 10 -7 -8 -9 -10 11 -1 -13 -6
right_child=1 -3 3 -5 13 6 7 8 9 -11 -12 12 -14 -15
leaf_value=0.0014222320076649822 -0.070705203095386776 0.00021693561598658563 -0.2019736580804668 -0.0005170210920883633 0.058404072410627908 0.13342072444967926 -0.063960801804381795 -0.0015452107965526448 0.19992651691517005 -0.043178952270083962 -0.070006388876354325 0.2555708242148706 -0.1038227804976961 -0.040119763892884797
leaf_weight=2677 57 74 43 7164 50 79 65 212 51 44 79 40 45 120
leaf_count=2677 57 74 43 7164 50 79 65 212 51 44 79 40 45 120
internal_value=-5.99844e-06 -0.0309442 0.000376742 -0.00196085 -0.0502931 0.00561404 0.0322483 0.0104627 0.0263766 0.0880534 0.00137607 0.00344238 0.0663088 -0.0109701
internal_weight=10800 131 10669 7377 213 3292 451 372 307 95 2841 2762 85 170
internal_count=10800 131 10669 7377 213 3292 451 372 307 95 2841 2762 85 170
is_linear=0
shrinkage=0.05


Tree=262
num_leaves=15
num_cat=0
split_feature=52 64 52 65 34 22 4 48 33 22 48 20 52 47
split_gain=47.0105 529.99 241.325 926.993 130.396 78.2926 93.3601 75.4242 72.0452 147.646 147.141 68.3416 208.183 204.06
threshold=0.98611507088852057 112.77979850000001 0.97335555334614943 79.608916500000007 21.417708333333337 155.3417187135417 294.76548300000007 6.6250000000000009 20.878125000000004 53.186015057291677 6.3750000000000009 282.08765550000004 -0.98611507088852024 73.467447916666671
decision_type=2 2 2 2 2 2 2 2 2 2 2 2 2 2
left_child=2 8 5 4 7 6 11 -4 10 -10 -2 -1 13 -13
right_child=1 -3 3 -5 -6 -7 -8 -9 9 -11 -12 12 -14 -15
leaf_value=0.0015068475788393538 -0.00010663539795029278 0.18067143131894145 2.3687396242166871e-05 -0.25782039792869582 0.060714068616895628 -0.055637595220844473 0.055566707568533429 -0.07893810583924761 0.10653536662991558 0.0016503998022969991 -0.092876608607669678 -0.16069457318219874 -0.0044266502659336448 -0.011464923653208342
leaf_weight=9102 264 43 79 43 56 61 76 48 41 167 50 44 679 47
leaf_count=9102 264 43 79 43 56 61 76 48 41 167 50 44 679 47
internal_value=-5.45254e-06 0.0140218 -0.000781089 -0.0517598 -0.0022031 0.000375049 0.00072407 -0.0302037 -2.52636e-05 0.0227357 -0.0151269 0.000296277 -0.013997 -0.0845823
internal_weight=10800 565 10235 226 183 10009 9948 127 522 208 314 9872 770 91
internal_count=10800 565 10235 226 183 10009 9948 127 522 208 314 9872 770 91
is_linear=0
shrinkage=0.05


Tree=263
num_leaves=15
num_cat=0
split_feature=40 2 13 43 46 42 52 37 26 47 28 26 16 14
split_gain=47.4027 100.553 201.786 139.761 95.9334 94.4883 149.203 94.2397 127.124 153.681 99.957 204.17 110.276 427.033
threshold=46.625000000000007 282.29026750000008 6.4902494555159214 54.625000000000007 49.994791666666671 84.375000000000014 -0.98611507088852024 47.875000000000007 29.475000000000005 70.126302083333357 27.937500000000004 26.687500000000004 270.32723250000009 258.45778395833338
decision_type=2 2 2 2 2 2 2 2 2 2 2 2 2 2
left_child=5 4 3 -3 -2 6 -1 -6 10 -10 12 -12 13 -9
right_child=1 2 -4 -5 7 -7 -8 8 9 -11 11 -13 -14 -15
leaf_value=-0.059978920618215442 0.061064549128059302 -0.070689251694990241 -0.1231617649048567 0.041190728393029161 -0.030664252613298595 0.07387716804468443 0.027843484522222923 0.00033910120232089985 0.12770982984193535 -0.0074177256984902283 -0.098017899517889154 -0.0066268923511141097 0.021865826225396068 -0.14475639060724016
leaf_weight=64 63 45 49 70 249 62 188 8917 42 41 76 297 587 50
leaf_count=64 63 45 49 70 249 62 188 8917 42 41 76 297 587 50
internal_value=-6.36176e-06 -0.00058041 -0.0393046 -0.00282038 3.8602e-05 0.0191049 0.00539047 -0.00034207 0.000415185 0.0616664 -0.000103098 -0.0254604 0.000889444 -0.000486003
internal_weight=10800 10486 164 115 10322 314 252 10259 10010 83 9927 373 9554 8967
internal_count=10800 10486 164 115 10322 314 252 10259 10010 83 9927 373 9554 8967
is_linear=0
shrinkage=0.05


Tree=264
num_leaves=15
num_cat=0
split_feature=15 65 65 15 64 64 47 54 45 65 3 15 65 65
split_gain=47.8701 325.244 315.212 109.084 240.902 270.826 230.43 187.888 163.079 175.049 154.566 204.385 223.647 142.06
threshold=267.10659300000003 229.58777250000003 257.87228250000004 217.50623400000003 215.24642450000002 235.20974350000003 76.348958333333357 0.87837969732492682 72.177083333333357 223.08690000000004 267.1966680000001 209.37194500000001 257.87228250000004 264.13985200000008
decision_type=2 2 2 2 2 2 2 2 2 2 2 2 2 2
left_child=3 -2 -3 10 7 -6 -7 8 9 -5 -1 12 -12 -11
right_child=1 2 -4 4 5 6 -8 -9 -10 13 11 -13 -14 -15
leaf_value=0.00025442886161960423 0.085283201649178603 -0.17473193522056807 0.0065037389925005394 -0.012552382504473159 0.13249237657904528 0.057997425488558497 -0.040043325068222155 -0.098833474564347781 -0.086880059222259179 0.12964722501257292 -0.17578994950486557 -0.008174208254367113 -0.029739966934116985 0.0058658267306380494
leaf_weight=9630 42 45 50 150 75 179 89 50 40 51 44 249 64 42
leaf_count=9630 42 45 50 150 75 179 89 50 40 51 44 249 64 42
internal_value=-6.91132e-06 -0.0292667 -0.0802706 0.000371732 0.0197946 0.0491426 0.0254113 -0.0104914 0.00540984 0.0208954 -0.000944813 -0.0332045 -0.0903087 0.074403
internal_weight=10800 137 95 10663 676 343 268 333 283 243 9987 357 108 93
internal_count=10800 137 95 10663 676 343 268 333 283 243 9987 357 108 93
is_linear=0
shrinkage=0.05


Tree=265
num_leaves=15
num_cat=0
split_feature=41 63 5 46 65 41 64 65 49 55 62 9 43 52
split_gain=46.2386 133.019 173.225 90.1346 365.505 90.9708 134.655 256.547 91.8416 90.369 81.1192 325.346 261.03 216.525
threshold=92.375000000000014 -0.22252093395631442 81.513918500000003 90.677083333333357 115.95147100000001 88.375000000000014 121.02038850000001 116.68736850000001 3.5000000000000004 -0.22252093395631442 0.87837969732492682 267.14005600000007 63.875000000000007 -0.98611507088852024
decision_type=2 2 2 2 2 2 2 2 2 2 2 2 2 2
left_child=3 2 -2 5 9 10 -7 -8 -9 -5 -1 13 -13 -12
right_child=1 -3 -4 4 -6 6 7 8 -10 -11 11 12 -14 -15
leaf_value=0.00093886256885513785 -0.0079833758322315086 0.008795997040482886 -0.10442000353284993 -0.059518753230685784 0.1609271417625926 -0.0024989376378400608 0.16586463942942098 0.049679365554983 -0.040100465783077049 0.02592841410687903 -0.081154648356001696 -0.020212356845096369 -0.13718582200817764 0.0035642878579698212
leaf_weight=8434 116 241 77 48 43 218 40 93 40 83 80 108 85 1094
leaf_count=8434 116 241 77 48 43 218 40 93 40 83 80 108 85 1094
internal_value=-7.53179e-06 -0.0159774 -0.046798 0.000662567 0.0362421 5.16503e-05 0.0236707 0.0564724 0.0225802 -0.00559418 -0.000892925 -0.012187 -0.0721708 -0.00227288
internal_weight=10800 434 193 10366 174 10192 391 173 133 131 9801 1367 193 1174
internal_count=10800 434 193 10366 174 10192 391 173 133 131 9801 1367 193 1174
is_linear=0
shrinkage=0.05


Tree=266
num_leaves=15
num_cat=0
split_feature=26 39 65 16 30 25 29 22 5 32 43 52 28 34
split_gain=48.4046 180.203 208.017 478.993 228.312 280.238 178.778 188.494 171.946 152.039 183.94 141.265 138.389 215.561
threshold=23.662500000000005 76.875000000000014 42.523274000000008 108.22689100000001 27.362500000000004 105.78084749261848 20.012500000000003 126.51514404687502 269.30760800000007 25.012500000000003 65.125000000000014 0.72947329433276253 21.487500000000004 22.969791666666669
decision_type=2 2 2 2 2 2 2 2 2 2 2 2 2 2
left_child=1 2 -1 -4 8 -6 7 -2 9 12 -11 -8 -5 -14
right_child=6 -3 3 4 5 -7 11 -9 -10 10 -12 -13 13 -15
leaf_value=0.0020311253155665563 -0.0014576560097201816 0.00173168693517688 -0.19923365208364668 -0.050595529813814412 -0.17360464418694999 -0.0055390380283302449 0.0013861482218097989 0.12961352603060419 0.07589704484222845 -0.02926444909155217 -0.15293725336139852 0.076986907836463725 0.037868837683937805 -0.043081505671285721
leaf_weight=726 52 5862 41 142 53 46 3222 57 47 97 43 62 220 130
leaf_count=726 52 5862 41 142 53 46 3222 57 47 97 43 62 220 130
internal_value=-7.32826e-06 -0.00227284 -0.017458 -0.0347155 -0.0258009 -0.0963499 0.00493755 0.0676394 -0.0153881 -0.0222859 -0.0680649 0.00283645 -0.00914772 0.00776449
internal_weight=10800 7407 1545 819 778 99 3393 109 679 632 140 3284 492 350
internal_count=10800 7407 1545 819 778 99 3393 109 679 632 140 3284 492 350
is_linear=0
shrinkage=0.05


Tree=267
num_leaves=15
num_cat=0
split_feature=13 21 33 26 47 64 61 5 1 9 2 65 0 22
split_gain=48.2445 61.8718 147.029 50.4086 194.72 412.985 185.125 132.035 276.756 456.591 817.067 240.357 357.374 276.877
threshold=51.951505312148448 35.691119908672086 21.371875000000003 20.987500000000004 69.876302083333357 70.787265500000018 -0.98611507088852035 234.30970600000003 88.277227000000025 171.80616150000003 109.91590650000002 63.145266500000005 70.579213000000024 127.32494342187501
decision_type=2 2 2 2 2 2 2 2 2 2 2 2 2 2
left_child=3 -2 -3 4 5 -1 -6 8 11 10 -10 -8 13 -13
right_child=1 2 -4 -5 6 -7 7 -9 9 -11 -12 12 -14 -15
leaf_value=0.0068911733167514094 -0.073890662863850598 -0.070985959084113925 0.061353933144100883 0.0026989187694729405 -0.10682380630501681 -0.19565518867315315 0.00079353341631162907 -0.049200887623562541 0.039017768511285057 -0.0061001514696770098 0.28085241801208921 -0.13785181297537161 0.001980876439596315 0.00044427431487249882
leaf_weight=65 49 40 42 7298 41 40 2237 136 158 274 44 118 206 52
leaf_count=65 49 40 42 7298 41 40 2237 136 158 274 44 118 206 52
internal_value=-8.49039e-06 -0.030051 -0.00327958 0.000363171 -0.00469287 -0.0713872 -0.0025275 -0.00116886 0.000961098 0.0359846 0.0928186 -0.00543032 -0.0423628 -0.0957943
internal_weight=10800 131 82 10669 3371 105 3266 3225 3089 476 202 2613 376 170
internal_count=10800 131 82 10669 3371 105 3266 3225 3089 476 202 2613 376 170
is_linear=0
shrinkage=0.05


Tree=268
num_leaves=15
num_cat=0
split_feature=65 65 65 53 65 65 15 11 9 0 4 65 9 42
split_gain=47.4176 289.887 1350.51 973.442 375.196 258.279 241.472 204.915 167.38 740.543 476.889 431.716 447.598 433.575
threshold=258.63541800000007 229.58777250000003 223.08690000000004 -0.98611507088852035 233.25313400000002 217.24452850000003 266.58275950000007 196.85550000000003 157.72236450000003 161.39364400000002 202.67053300000003 129.48928850000001 132.91702300000003 87.375000000000014
decision_type=2 2 2 2 2 2 2 2 2 2 2 2 2 2
left_child=1 2 5 -3 -5 8 7 -6 11 10 -10 12 -1 -13
right_child=-2 3 -4 4 6 -7 -8 -9 9 -11 -12 13 -14 -15
leaf_value=0.00049631011203669776 0.0085476023005831136 -0.26286208277479528 0.23045838369216654 -0.13740891573329769 -0.045426316306724307 0.086615670996115501 -0.12636513473443323 0.01264064245850938 -0.27776323605964826 -0.0055308853141060417 -0.060637391887713166 0.022484797193813903 -0.1016445412821726 0.14465408377570207
leaf_weight=6710 1407 41 63 59 202 84 40 603 40 988 68 291 108 96
leaf_count=6710 1407 41 63 59 202 84 40 603 40 988 68 291 108 96
internal_value=-9.2069e-06 -0.00129173 0.00164728 -0.0275394 -0.016588 -9.9153e-05 -0.00799949 -0.00196848 -0.000986971 -0.0191817 -0.142865 0.00178303 -0.00113631 0.0530851
internal_weight=10800 9393 8448 945 904 8385 845 805 8301 1096 108 7205 6818 387
internal_count=10800 9393 8448 945 904 8385 845 805 8301 1096 108 7205 6818 387
is_linear=0
shrinkage=0.05


Tree=269
num_leaves=15
num_cat=0
split_feature=31 46 31 24 34 65 12 30 47 43 9 65 9 16
split_gain=47.4517 224.815 170.248 350.859 175.739 195.248 826.202 231.069 153.574 370.993 205.227 151.225 1220.11 258.628
threshold=22.512500000000003 91.171875000000014 23.812500000000004 322.54412650000006 28.922916666666669 28.000000000000004 95.430012500000018 22.112500000000004 71.976562500000014 53.875000000000007 113.77359350000002 106.36441800000001 95.869577000000007 128.27058350000001
decision_type=2 2 2 2 2 2 2 2 2 2 2 2 2 2
left_child=-1 2 3 4 5 -2 -7 -8 9 -9 -11 -4 -13 -14
right_child=1 -3 11 -5 -6 6 7 8 -10 10 -12 12 13 -15
leaf_value=0.0028569773774096779 -0.002382897443238061 0.094847570733869818 -0.003363349992813622 -0.1593575391071764 0.038911053721764781 -0.25999020542495138 0.0099958451286369533 0.0075198277560147367 -0.014408741229883979 -0.081608311456247154 -0.24089219261460554 0.28785994787041735 -0.11572428377611298 0.015114624944888057
leaf_weight=6175 584 56 2843 43 131 40 230 54 106 43 40 40 41 374
leaf_count=6175 584 56 2843 43 131 40 230 54 106 43 40 40 41 374
internal_value=-1.11154e-05 -0.0038402 -0.00507025 -0.0206097 -0.0156255 -0.0221676 -0.0446421 -0.0259208 -0.0598176 -0.0945924 -0.160326 0.000922842 0.0276531 0.00194126
internal_weight=10800 4625 4569 1271 1228 1097 513 473 243 137 83 3298 455 415
internal_count=10800 4625 4569 1271 1228 1097 513 473 243 137 83 3298 455 415
is_linear=0
shrinkage=0.05


Tree=270
num_leaves=15
num_cat=0
split_feature=52 17 40 46 12 36 46 37 21 26 28 2 18 26
split_gain=45.1193 92.7255 58.0344 95.7626 92.7075 219.898 106.022 82.2798 89.6446 74.3947 205.216 286.348 299.372 230.47
threshold=-0.99892946161930163 28.641617962894184 46.625000000000007 52.114583333333336 291.57821000000007 24.250520833333336 49.994791666666671 44.625000000000007 41.083852219581566 28.012500000000003 26.737500000000004 103.97617450000001 206.20437195833338 26.462500000000002
decision_type=2 2 2 2 2 2 2 2 2 2 2 2 2 2
left_child=1 -1 3 -2 6 -6 -4 8 -8 10 -9 -12 -13 -14
right_child=2 -3 4 -5 5 -7 7 9 -10 -11 11 12 13 -15
leaf_value=-0.012489426043673845 0.0051217856702592589 0.077944034227932057 0.065258650678652719 0.070716837399664362 0.03396903147884444 -0.10362740642226793 -0.011260380312645188 0.00049740265741285894 -0.097073257289205989 0.018455443675388133 0.026233521312665029 -0.14833430368183317 -0.085760513527611701 0.00032699858376653354
leaf_weight=58 225 54 60 73 50 67 95 9025 44 500 156 68 127 198
leaf_count=58 225 54 60 73 50 67 95 9025 44 500 156 68 127 198
internal_value=-1.25069e-05 0.0314163 -0.000344759 0.0213731 -0.000969657 -0.045036 -0.000463447 -0.000855907 -0.0389235 -0.000326843 -0.00130957 -0.0309612 -0.0536735 -0.0334732
internal_weight=10800 112 10688 298 10390 117 10273 10213 139 10074 9574 549 393 325
internal_count=10800 112 10688 298 10390 117 10273 10213 139 10074 9574 549 393 325
is_linear=0
shrinkage=0.05


Tree=271
num_leaves=15
num_cat=0
split_feature=2 61 64 7 3 64 64 7 48 65 7 1 9 65
split_gain=46.268 585.981 1398.88 1374.93 242.796 377.777 140.82 329.927 427.064 304.563 222.884 128.977 117.187 285.892
threshold=24.000000000000004 -0.5277851165098012 127.35943750000001 69.10047950000002 24.000000000000004 205.79348500000003 69.10047950000002 150.16800350000003 6.6250000000000009 73.362583000000015 173.17063300000004 82.871596000000025 101.43038050000003 105.66305050000001
decision_type=2 2 2 2 2 2 2 2 2 2 2 2 2 2
left_child=1 3 6 -1 5 11 9 -8 -9 -3 -10 -2 -6 -14
right_child=4 2 -4 -5 12 -7 7 8 10 -11 -12 -13 13 -15
leaf_value=-0.00082733307489136283 -0.021001068748591936 -0.002439012636711329 0.27391281826826547 -0.31838756304576388 0.013246213687031959 0.17195031019644097 0.019165737531147899 0.024758306415988356 -0.055491070010595861 0.11102689831828079 -0.20382374274352244 0.064714491339745356 -0.053596508356559117 6.0171488652629764e-05
leaf_weight=112 95 4129 45 48 1447 51 145 58 44 59 62 80 263 4162
leaf_count=112 95 4129 45 48 1447 51 145 58 44 59 62 80 263 4162
internal_value=-1.26223e-05 -0.00373911 -0.000416151 -0.0974812 0.00286091 0.0535999 -0.00322156 -0.0357389 -0.0841046 -0.000814397 -0.143346 0.0183282 0.000899291 -0.0031403
internal_weight=10800 4702 4542 160 6098 226 4497 309 164 4188 106 175 5872 4425
internal_count=10800 4702 4542 160 6098 226 4497 309 164 4188 106 175 5872 4425
is_linear=0
shrinkage=0.05


Tree=272
num_leaves=15
num_cat=0
split_feature=15 2 45 30 40 42 33 6 22 26 21 9 32 13
split_gain=45.1774 141.35 141.966 135.427 221.969 154.947 151.72 147.137 264.457 146.941 128.639 146.688 119.586 131.611
threshold=217.50623400000003 273.04091050000005 69.427083333333357 24.512500000000003 46.875000000000007 91.125000000000014 29.393750000000004 268.22867000000002 141.123860984375 30.612500000000004 31.010995959164848 263.38003000000009 25.487500000000004 2.1891571538402661
decision_type=2 2 2 2 2 2 2 2 2 2 2 2 2 2
left_child=1 -1 -3 5 6 10 -5 8 -6 -8 12 -12 -2 -14
right_child=3 2 -4 4 7 -7 9 -9 -10 -11 11 -13 13 -15
leaf_value=-0.00014296428766619589 0.025444487555530568 -0.019567401556185249 -0.12447838337691285 0.11343300305306912 -0.077649230724801455 -0.048909077775996117 -0.06466295986800738 -0.10218662441684268 0.082645414979197085 0.06241764260662927 0.044399357086254497 -0.050985724795354563 0.05536800951974348 0.15910307079395081
leaf_weight=9814 144 131 42 41 61 58 45 77 43 44 89 72 93 46
leaf_count=9814 144 131 42 41 61 58 45 77 43 44 89 72 93 46
internal_value=-1.18834e-05 -0.000934988 -0.0456061 0.0113149 -0.0145831 0.0273563 0.0351029 -0.050266 -0.0112177 -0.00184114 0.0374065 0.00169126 0.0576475 0.0905888
internal_weight=10800 9987 173 813 311 502 130 181 104 89 444 161 283 139
internal_count=10800 9987 173 813 311 502 130 181 104 89 444 161 283 139
is_linear=0
shrinkage=0.05


Tree=273
num_leaves=15
num_cat=0
split_feature=47 24 30 24 65 37 49 21 54 25 41 22 64 39
split_gain=45.7872 117.173 106.297 110.31 226.044 239.078 108.194 152.785 296.705 198.967 131.661 102.17 258.628 498.46
threshold=67.813802083333357 322.54412650000006 23.112500000000004 283.46498150000008 63.145266500000005 63.375000000000007 1.5000000000000002 55.139232017846666 -0.8783796973249266 105.36956620720093 74.375000000000014 141.77991235416667 70.787265500000018 87.625000000000014
decision_type=2 2 2 2 2 2 2 2 2 2 2 2 2 2
left_child=1 2 6 -4 -5 -6 10 8 -8 -9 -1 -2 -13 -14
right_child=11 -3 3 4 5 -7 7 9 -10 -11 -12 12 13 -15
leaf_value=-0.024015109506175438 -0.00069997186687871331 -0.072270847247872402 -0.0061016520389770394 -0.0083263167205991015 0.030778321109123919 0.18146631237937183 -0.15643485743951585 0.11955729380769785 -0.0096634662415774376 -0.010628686180358293 -0.13925805178175613 -0.013095099696417579 0.021523629207861078 0.1723556959660103
leaf_weight=64 8136 67 684 152 75 40 41 42 192 92 40 481 635 59
leaf_count=64 8136 67 684 152 75 40 41 42 192 92 40 481 635 59
internal_value=-1.10382e-05 -0.00814905 -0.00507918 0.00454382 0.0317364 0.0843041 -0.0244775 -0.0116381 -0.0360483 0.0307592 -0.0692434 0.00129111 0.0150668 0.0345761
internal_weight=10800 1489 1422 951 267 115 471 367 233 134 104 9311 1175 694
internal_count=10800 1489 1422 951 267 115 471 367 233 134 104 9311 1175 694
is_linear=0
shrinkage=0.05


Tree=274
num_leaves=15
num_cat=0
split_feature=9 11 65 0 36 22 64 65 22 35 25 41 49 47
split_gain=45.1268 333.802 227.429 251.257 214.289 205.434 391.805 177.292 159.457 177.58 228.285 184.293 205.057 275.876
threshold=221.97237050000004 187.44555600000004 209.88092950000001 219.21948700000004 21.048437500000006 145.63369552083336 257.45480050000009 247.83590400000003 141.89512231770837 22.296354166666671 90.739545435087265 74.125000000000014 3.5000000000000004 80.190104166666671
decision_type=2 2 2 2 2 2 2 2 2 2 2 2 2 2
left_child=2 4 -1 7 -2 8 -7 -4 9 11 -11 -3 -13 -14
right_child=1 5 3 -5 -6 6 -8 -9 -10 10 -12 12 13 -15
leaf_value=-0.00020601126953327426 -0.027777087724790341 0.11966979313819182 0.059359056078282568 0.14000148129864382 -0.15348646459406465 -0.16986573625888146 -0.014359070775217487 -0.008406392521269266 0.039123706730596147 -0.10525380295056563 -0.0084726865691954773 0.025459783985137315 0.010313773469393512 -0.14151018578955468
leaf_weight=7926 81 41 178 51 58 48 235 209 280 64 978 523 82 46
leaf_count=7926 81 41 178 51 58 48 235 209 280 64 978 523 82 46
internal_value=-1.0092e-05 -0.00599752 0.00173424 0.0367654 -0.080953 -0.00142843 -0.04124 0.0228349 0.00418344 -0.00147789 -0.0145122 0.0181416 0.0115736 -0.044922
internal_weight=10800 2436 8364 438 139 2297 283 387 2014 1734 1042 692 651 128
internal_count=10800 2436 8364 438 139 2297 283 387 2014 1734 1042 692 651 128
is_linear=0
shrinkage=0.05


Tree=275
num_leaves=15
num_cat=0
split_feature=13 54 32 49 65 9 47 47 3 44 17 16 32 6
split_gain=44.784 58.3767 85.1629 50.35 115.819 512.791 123.016 256.461 260.818 192.804 454.95 188.623 146.064 126.652
threshold=51.951505312148448 0.6078576107927941 21.862500000000004 1.0000000180025095e-35 73.362583000000015 82.382441500000013 78.128906250000014 80.690104166666671 145.57184100000003 65.531250000000014 26.239734047047254 254.35575500000002 24.337500000000002 206.87174400000004
decision_type=2 2 2 2 2 2 2 2 2 2 2 2 2 2
left_child=3 2 -2 4 -1 -6 9 8 -8 -7 -11 -10 13 -9
right_child=1 -3 -4 -5 5 6 7 12 11 10 -12 -13 -14 -15
leaf_value=-0.008721913752724535 -0.10268612756112289 0.018508169785226611 -0.0047024817225780891 -0.0010475530109860058 0.19263005154888804 0.029393493884547789 0.18147592828387307 0.038943230428523781 -0.0042002246800658047 -0.1873055768114793 -0.0059908963898572688 0.10057050384484328 -0.093381722153323465 -0.062186042423404399
leaf_weight=580 42 43 46 9159 40 216 41 117 97 40 222 76 40 41
leaf_count=580 42 43 46 9159 40 216 41 117 97 40 222 76 40 41
internal_value=-1.06771e-05 -0.0289558 -0.0520957 0.000347407 0.00880372 0.0197313 0.0117531 0.0317412 0.0695549 -0.00550545 -0.0342795 0.0421397 -0.00927218 0.0124748
internal_weight=10800 131 88 10669 1510 930 890 412 214 478 262 173 198 158
internal_count=10800 131 88 10669 1510 930 890 412 214 478 262 173 198 158
is_linear=0
shrinkage=0.05


Tree=276
num_leaves=15
num_cat=0
split_feature=37 4 21 17 64 16 26 52 53 13 45 42 34 26
split_gain=42.6508 199.987 160.196 252.652 399.688 131.896 237.64 136.46 127.859 144.612 127.363 152.186 126.529 123.501
threshold=58.875000000000007 294.76548300000007 27.272846136893399 19.595518256219851 217.26212850000005 281.03721150000007 28.237500000000004 -0.98611507088852024 -0.83146961230254512 0.91425697716869847 70.114583333333357 83.375000000000014 28.732291666666672 27.637500000000003
decision_type=2 2 2 2 2 2 2 2 2 2 2 2 2 2
left_child=2 5 8 4 -4 6 -2 -7 9 -1 11 -9 -8 -5
right_child=1 -3 3 13 -6 7 12 10 -10 -11 -12 -13 -14 -15
leaf_value=0.016905449864408766 0.00091047677966652461 0.098963988271470252 -0.0018173159880097954 -0.036610001935856416 -0.1613990117640545 -0.11622532211837272 0.14858011121793491 -0.028074462874397889 -0.0036856756969753015 0.11889948734671485 -0.076384212186231343 0.071422343923334491 0.023671161143353121 0.012541788853166118
leaf_weight=121 9035 51 79 224 77 41 40 117 508 48 67 56 41 295
leaf_count=121 9035 51 79 224 77 41 40 117 508 48 67 56 41 295
internal_value=-9.72062e-06 0.00117916 -0.00831253 -0.0255316 -0.0811115 0.00063798 0.00167961 -0.0330401 0.00886804 0.0464032 -0.018406 0.00435797 0.0864143 -0.00870169
internal_weight=10800 9448 1352 675 156 9397 9116 281 677 169 240 173 81 519
internal_count=10800 9448 1352 675 156 9397 9116 281 677 169 240 173 81 519
is_linear=0
shrinkage=0.05


Tree=277
num_leaves=15
num_cat=0
split_feature=26 43 25 64 45 0 9 2 65 36 1 36 24 24
split_gain=42.9878 252.884 213.302 283.937 164.61 156.425 345.784 325.673 277.386 257.45 122.992 116.208 256.427 309.525
threshold=19.712500000000002 65.875000000000014 103.78186874622266 74.836544500000016 91.947916666666671 79.495687500000017 167.14851550000003 111.91807350000002 42.523274000000008 19.892187500000002 83.726617000000019 21.733854166666671 255.41771600000001 278.51062050000002
decision_type=2 2 2 2 2 2 2 2 2 2 2 2 2 2
left_child=1 -1 5 -4 11 8 7 10 -3 -10 -7 12 -2 -14
right_child=4 2 3 -5 -6 6 -8 -9 9 -11 -12 -13 13 -15
leaf_value=-0.10087471039074919 -0.001222449577387 0.0021423414090784693 0.0024970937908316655 -0.16928784900598906 0.078919903062598995 0.085159705134649433 -0.019653262301318111 0.19948910637034312 -0.12212337420512272 0.00061989820358576263 -0.021707222525340818 -0.0019810943502233647 0.054138274162726811 -0.051313799277039968
leaf_weight=68 1150 1202 53 43 67 61 154 44 92 79 47 7160 500 80
leaf_count=68 1150 1202 53 43 67 61 154 44 92 79 47 7160 500 80
internal_value=-8.92125e-06 -0.00696102 -0.00330842 -0.0754002 0.00142217 0.00085599 0.0331228 0.0863723 -0.00635418 -0.0657435 0.0388803 0.000829288 0.0124551 0.0395299
internal_weight=10800 1843 1775 96 8957 1679 306 152 1373 171 108 8890 1730 580
internal_count=10800 1843 1775 96 8957 1679 306 152 1373 171 108 8890 1730 580
is_linear=0
shrinkage=0.05


Tree=278
num_leaves=15
num_cat=0
split_feature=64 16 32 25 34 64 25 18 38 8 26 2 22 49
split_gain=43.3658 423.183 237.02 368.924 314.573 222.002 190.502 161.411 300.313 156.579 174.7 153.508 151.387 339.295
threshold=194.63205700000003 82.08473050000002 22.037500000000005 106.96841639146548 20.434375000000006 190.66043800000003 115.78609002188314 267.33206466666672 56.375000000000007 205.09734450000002 22.487500000000004 282.29026750000008 145.63369552083336 2.5000000000000004
decision_type=2 2 2 2 2 2 2 2 2 2 2 2 2 2
left_child=5 -2 3 -3 -4 9 7 11 -9 -1 -11 12 -6 -14
right_child=1 2 4 -5 6 -7 -8 8 -10 10 -12 -13 13 -15
leaf_value=-0.00020608659909641762 0.15725692441066108 0.020733426132937896 -0.073493535786952932 0.17515832201710768 0.007917258257249005 -0.082346959204467787 -0.092911757880224377 -0.020137917351288101 0.1601990257948637 -0.13861010865589907 -0.012015643951139953 -0.074274459370036627 -0.10211905881867939 0.011302182500250639
leaf_weight=7575 44 495 151 41 1805 84 52 47 44 42 75 66 105 174
leaf_count=7575 44 495 151 41 1805 84 52 47 44 42 75 66 105 174
internal_value=-8.77695e-06 0.00507089 0.00277184 0.03285 -0.0038354 -0.0019846 0.000781802 0.00299633 0.0678515 -0.00109642 -0.0582494 0.000221033 0.00261479 -0.0315955
internal_weight=10800 3024 2980 536 2444 7776 2293 2241 91 7692 117 2150 2084 279
internal_count=10800 3024 2980 536 2444 7776 2293 2241 91 7692 117 2150 2084 279
is_linear=0
shrinkage=0.05


Tree=279
num_leaves=15
num_cat=0
split_feature=52 6 11 46 52 13 6 38 52 13 13 9 52 21
split_gain=43.2798 247.188 284.702 211.874 183.693 162.855 143.081 91.4995 84.5323 207.494 355.15 222.389 161.57 166.122
threshold=-0.99465189230620676 236.283309 175.40196300000002 57.869791666666679 -0.98611507088852024 13.351496810053431 212.50059350000001 67.875000000000014 -0.93540483100319605 18.565219336330035 27.442372375235362 133.51675350000002 -0.9103761370219875 41.410405782365807
decision_type=2 2 2 2 2 2 2 2 2 2 2 2 2 2
left_child=1 2 -1 -4 5 -2 -7 -8 9 -6 11 -11 13 -10
right_child=4 -3 3 -5 8 6 7 -9 12 10 -12 -13 -14 -15
leaf_value=-0.0024892211916219247 0.013546032209892589 -0.058607123116100279 0.023120426094318008 0.1663251963009437 -0.0089552659905784721 -0.14708666010604551 -0.097804498601527456 -0.0012251357765247425 -0.01098538990960881 0.157354630489241 -0.087455978048532168 0.044744146713366115 0.00020880202757363566 -0.10108264470590821
leaf_weight=151 77 80 46 59 352 47 41 59 146 54 42 224 9344 78
leaf_count=151 77 80 46 59 352 47 41 59 146 54 42 224 9344 78
internal_value=-8.63231e-06 0.017628 0.0415868 0.104398 -0.000576576 -0.0452661 -0.0759558 -0.041399 0.000405331 0.0175336 0.0466085 0.0671037 -0.000799365 -0.0426684
internal_weight=10800 336 256 105 10464 224 147 100 10240 672 320 278 9568 224
internal_count=10800 336 256 105 10464 224 147 100 10240 672 320 278 9568 224
is_linear=0
shrinkage=0.05


Tree=280
num_leaves=15
num_cat=0
split_feature=65 65 65 53 65 15 65 11 9 65 64 22 65 47
split_gain=42.7326 275.905 1202.46 838.98 334.911 218.559 215.835 177 145.557 255.218 165.07 338.961 966.822 331.53
threshold=258.63541800000007 229.58777250000003 223.08690000000004 -0.98611507088852035 233.25313400000002 266.58275950000007 217.24452850000003 196.85550000000003 202.67053300000003 183.39475350000004 194.63205700000003 134.02043159375003 157.78331700000004 71.240885416666671
decision_type=2 2 2 2 2 2 2 2 2 2 2 2 2 2
left_child=1 2 6 -3 -5 7 8 -6 10 -10 -1 -12 -13 -14
right_child=-2 3 -4 4 5 -7 -8 -9 9 -11 11 12 13 -15
leaf_value=-0.0015819558527629209 0.0081143827680617425 -0.24530144948512317 0.21754639431019315 -0.13081627006332081 -0.043198503884188652 -0.12115951403521184 0.079263241947354637 0.010768799927387857 -0.10739521294741371 -0.011246769389950147 0.00063604982281904865 0.26988178799308987 -0.04754458040159236 0.081007131219867176
leaf_weight=6977 1407 41 63 59 202 40 84 603 81 438 557 48 92 108
leaf_count=6977 1407 41 63 59 202 40 84 603 81 438 557 48 92 108
internal_value=-8.71169e-06 -0.00122622 0.00164102 -0.0268331 -0.0166646 -0.00854903 -6.91591e-06 -0.0028101 -0.000818522 -0.0264303 0.000892762 0.0223167 0.0708126 0.021931
internal_weight=10800 9393 8448 945 904 845 8385 805 8301 519 7782 805 248 200
internal_count=10800 9393 8448 945 904 845 8385 805 8301 519 7782 805 248 200
is_linear=0
shrinkage=0.05


Tree=281
num_leaves=15
num_cat=0
split_feature=13 65 49 40 6 53 1 33 19 11 17 65 31 17
split_gain=41.9089 57.3004 44.564 111.252 323.434 321.456 205.316 141.142 207.81 152.393 100.822 114.624 213.29 351.951
threshold=51.951505312148448 107.19768550000002 1.0000000180025095e-35 79.375000000000014 69.10047950000002 -0.98611507088852035 258.60530300000011 25.506250000000005 187.04994150000002 262.38207850000009 1.0026559406380949e-06 73.362583000000015 20.587500000000002 33.00552215967226
decision_type=2 2 2 2 2 2 2 2 2 2 2 2 2 2
left_child=2 -2 3 4 6 -5 -1 8 -6 -9 -7 -12 -13 -14
right_child=1 -3 -4 5 7 10 -8 9 -10 -11 11 12 13 -15
leaf_value=0.13904087120541209 -0.065219510955222201 0.0011405815792580446 -0.00097443211694877305 -0.14068102042940331 0.0036438661461515747 -0.040916895561687337 0.0051074466879733587 -0.08434769850542867 0.090474779684816237 0.012441814066418871 -0.008096690947234992 -0.0074314593794006928 0.20134916796189983 0.027303468397654157
leaf_weight=85 57 74 9159 40 318 111 43 75 87 87 371 152 40 101
leaf_count=85 57 74 9159 40 318 111 43 75 87 87 371 152 40 101
internal_value=-8.46606e-06 -0.028009 0.000337933 0.00829354 0.0229754 -0.00423937 0.094436 0.00670533 0.0224733 -0.0326107 0.00297499 0.0103628 0.0336845 0.0777484
internal_weight=10800 131 10669 1510 695 815 128 567 405 162 775 664 293 141
internal_count=10800 131 10669 1510 695 815 128 567 405 162 775 664 293 141
is_linear=0
shrinkage=0.05


Tree=282
num_leaves=15
num_cat=0
split_feature=9 65 54 65 41 33 0 43 36 25 12 4 48 47
split_gain=41.464 212.865 159.144 245.38 131.891 203.968 237.572 152.539 150.241 150.076 139.114 125.701 238.05 258.87
threshold=264.13985200000008 271.12187950000003 0.87837969732492682 263.03158350000007 87.375000000000014 26.065625000000004 241.54590150000004 56.125000000000007 23.024739583333339 95.128233236136637 267.18396650000005 272.71499900000009 18.375000000000004 77.179687500000014
decision_type=2 2 2 2 2 2 2 2 2 2 2 2 2 2
left_child=1 11 4 -4 5 6 -2 -8 -9 -6 -7 -1 13 -13
right_child=2 -3 3 -5 9 10 7 8 -10 -11 -12 12 -14 -15
leaf_value=-0.00069024651368830765 -0.031322109883466918 0.08728986197400472 -0.14721497073967724 -0.02034719410102542 -0.11648622850037141 -0.097289849842048221 0.00050851232568982615 0.12572198675347951 0.032315408959984783 -0.0080965072698539736 -0.0040558947623981628 0.025449807320643836 -0.072914085490629083 0.14970545269110624
leaf_weight=9302 90 70 46 204 45 45 70 105 74 105 308 239 47 50
leaf_count=9302 90 70 46 204 45 45 70 105 74 105 308 239 47 50
internal_value=-7.42783e-06 0.00103196 -0.00924017 -0.0441844 0.0011753 0.0104003 0.038047 0.0631452 0.087501 -0.0411695 -0.0161825 0.000396482 0.0303948 0.0473894
internal_weight=10800 9708 1092 250 842 692 339 249 179 150 353 9638 336 289
internal_count=10800 9708 1092 250 842 692 339 249 179 150 353 9638 336 289
is_linear=0
shrinkage=0.05


Tree=283
num_leaves=15
num_cat=0
split_feature=9 0 28 65 13 0 34 65 65 65 21 64 8 0
split_gain=42.2407 319.383 360.998 263.068 164.717 266.64 276.416 178.086 673.093 404.153 455.978 430.596 220.123 189.269
threshold=203.33791900000003 197.81774900000002 26.937500000000004 184.93638550000003 34.097678503583971 253.29621200000003 20.844791666666669 229.58777250000003 223.08690000000004 238.56276000000005 22.519823249024842 236.19549900000004 200.46031700000003 256.80026200000003
decision_type=2 2 2 2 2 2 2 2 2 2 2 2 2 2
left_child=1 -1 -3 -2 7 6 -6 8 12 10 -9 -12 -5 -14
right_child=3 2 -4 4 5 -7 -8 9 -10 -11 11 -13 13 -15
leaf_value=-0.00012639554549123328 -0.091898201975752325 0.099779210337112817 -0.011037504950235057 0.055864070120229814 -0.026177700849075336 0.052676898656889452 -0.18789315596222878 0.055392631276377613 0.18574817614408876 5.5762630214171551e-05 -0.26473571872782137 -0.058717923950570731 -0.053611799969872434 0.026491696306482983
leaf_weight=7687 84 171 128 147 63 42 45 41 58 1929 41 66 168 130
leaf_count=7687 84 171 128 147 63 42 45 41 58 1929 41 66 168 130
internal_value=-7.41481e-06 0.00184881 0.0524606 -0.00527408 -0.00257605 -0.0533335 -0.0946648 0.00039448 0.0270576 -0.00607261 -0.0854128 -0.13938 0.00600426 -0.0186956
internal_weight=10800 7986 299 2814 2730 150 108 2580 503 2077 148 107 445 298
internal_count=10800 7986 299 2814 2730 150 108 2580 503 2077 148 107 445 298
is_linear=0
shrinkage=0.05


Tree=284
num_leaves=15
num_cat=0
split_feature=8 65 21 9 64 5 2 9 25 7 17 5 9 22
split_gain=40.1128 73.7989 103.463 87.9794 68.1676 84.1884 278.082 313.259 340.618 302.074 250.749 242.669 184.644 192.72
threshold=302.79461750000002 287.58038500000004 22.120181657135429 285.86399050000006 289.75058750000005 237.02630750000003 160.79642450000003 203.33791900000003 90.739545435087265 180.25518350000002 32.242513513229461 223.45232950000005 207.19594250000003 145.63369552083336
decision_type=2 2 2 2 2 2 2 2 2 2 2 2 2 2
left_child=1 3 -3 4 5 11 9 -8 -9 -7 12 -1 -10 -14
right_child=-2 2 -4 -5 -6 6 7 8 10 -11 -12 -13 13 -15
leaf_value=0.00048436468167495952 -0.048204077234448389 -0.022361196008301817 0.068161760349757974 -0.06516479571851401 0.043854774212972687 -0.10651312209105582 0.025983419653752889 -0.15198409127314455 -0.098574695668907641 0.049222635559555965 -0.12757547754470422 0.055550121832411828 0.0033458010877096679 -0.068362960255203345
leaf_weight=8327 42 48 89 51 87 132 589 45 53 40 45 204 945 103
leaf_count=8327 42 48 89 51 87 132 589 45 53 40 45 204 945 103
internal_value=-8.05426e-06 0.000184569 0.0365135 -0.00028743 3.17369e-05 -0.000336105 -0.00970061 -0.00381649 -0.0185632 -0.0702203 -0.0131963 0.0018075 -0.00840985 -0.00376036
internal_weight=10800 10758 137 10621 10570 10483 1952 1780 1191 172 1146 8531 1101 1048
internal_count=10800 10758 137 10621 10570 10483 1952 1780 1191 172 1146 8531 1101 1048
is_linear=0
shrinkage=0.05


Tree=285
num_leaves=15
num_cat=0
split_feature=52 64 52 65 36 33 48 52 22 34 45 40 25 28
split_gain=38.9327 453.939 189.444 802.873 118.268 62.6565 132.214 128.438 61.6557 88.7138 128.975 119.686 76.3213 91.0381
threshold=0.98611507088852057 112.77979850000001 0.97335555334614943 79.608916500000007 23.854687500000008 20.878125000000004 6.3750000000000009 0.99465189230620699 155.3417187135417 30.241666666666671 55.843750000000007 43.125000000000007 116.8281284716516 30.212500000000002
decision_type=2 2 2 2 2 2 2 2 2 2 2 2 2 2
left_child=2 5 8 4 -4 6 -2 -7 9 12 11 -11 13 -1
right_child=1 -3 3 -5 -6 7 -8 -9 -10 10 -12 -13 -14 -15
leaf_value=8.8746279361718078e-05 -8.9096836218575276e-05 0.16698580467226831 -0.027133455684850649 -0.2376527481871149 0.058645010361905704 0.07742741334488315 -0.08802743489196635 -0.0061953696412031054 -0.04939757555266918 0.063089446854173101 0.11280777665476005 -0.036923534529549738 0.055768214777631109 -0.055581533808160478
leaf_weight=9656 264 43 125 43 58 67 50 141 61 56 41 62 60 73
leaf_count=9656 264 43 125 43 58 67 50 141 61 56 41 62 60 73
internal_value=-9.69821e-06 0.0127556 -0.000715557 -0.0458832 0.000224131 -0.000244146 -0.014327 0.0209824 0.000308796 0.000618524 0.037549 0.0106716 1.48979e-05 -0.000334636
internal_weight=10800 565 10235 226 183 522 314 208 10009 9948 159 118 9789 9729
internal_count=10800 565 10235 226 183 522 314 208 10009 9948 159 118 9789 9729
is_linear=0
shrinkage=0.05


Tree=286
num_leaves=15
num_cat=0
split_feature=39 11 9 2 9 65 36 19 13 17 31 33 16 33
split_gain=39.7136 181.985 253.801 248.889 240.983 227.636 243.952 224.127 151.698 303.636 139.697 199.456 155.079 246.168
threshold=75.375000000000014 97.110596500000014 113.77359350000002 169.70252950000005 173.42658550000002 81.492148500000013 22.838802083333338 117.82366 34.097678503583971 27.164996677771615 19.237500000000004 20.996875000000006 252.32817800000001 21.631250000000005
decision_type=2 2 2 2 2 2 2 2 2 2 2 2 2 2
left_child=8 -2 5 7 -5 -3 -7 -4 -1 -10 11 -6 -12 -14
right_child=1 2 3 4 10 6 -8 -9 9 -11 12 -13 13 -15
leaf_value=-0.0018107519588300243 -0.0018848113962374711 -0.012324146762237712 0.005905479446008075 0.10836285792166989 0.016978516355472602 0.19551168175376193 0.056419887171397287 -0.08545378041045186 -0.15808403550429231 -0.0087658549640327703 -0.023201605007855286 0.13121804964908385 0.14125074040508126 0.011097737030062525
leaf_weight=4184 5075 58 163 74 117 48 92 113 46 124 289 56 40 321
leaf_count=4184 5075 58 163 74 117 48 92 113 46 124 289 56 40 321
internal_value=-9.05674e-06 0.00248268 0.0186393 0.00977271 0.0225461 0.0708543 0.105157 -0.0316723 -0.00369774 -0.0498578 0.0147077 0.0544994 0.00404959 0.0258695
internal_weight=10800 6446 1371 1173 897 198 140 276 4354 170 823 173 650 361
internal_count=10800 6446 1371 1173 897 198 140 276 4354 170 823 173 650 361
is_linear=0
shrinkage=0.05


Tree=287
num_leaves=15
num_cat=0
split_feature=9 11 65 0 36 65 22 64 22 35 25 41 49 47
split_gain=40.9246 271.514 198.97 223.615 177.441 160.293 154.544 318.512 147.763 152.081 179.682 153.077 172.855 230.243
threshold=221.97237050000004 187.44555600000004 209.88092950000001 219.21948700000004 21.048437500000006 247.83590400000003 145.63369552083336 257.45480050000009 141.89512231770837 22.296354166666671 90.739545435087265 74.125000000000014 3.5000000000000004 80.190104166666671
decision_type=2 2 2 2 2 2 2 2 2 2 2 2 2 2
left_child=2 4 -1 5 -2 -4 8 -8 9 11 -11 -3 -13 -14
right_child=1 6 3 -5 -6 -7 7 -9 -10 10 -12 12 13 -15
leaf_value=-0.00016054122007826415 -0.024926851746603487 0.10851701057205598 0.056008665138782734 0.13181131699910531 -0.13931210878289355 -0.0084245871774674876 -0.1520885222914572 -0.011886217555631016 0.036914647668036649 -0.094737950987540759 -0.0088717583214447462 0.022752279422658263 0.0086041804896779799 -0.13010400445002349
leaf_weight=7926 81 41 178 51 58 209 48 235 280 64 978 523 82 46
leaf_count=7926 81 41 178 51 58 209 48 235 280 64 978 523 82 46
internal_value=-6.86694e-06 -0.00570871 0.00165427 0.0344204 -0.0733101 0.0212793 -0.00158778 -0.0361179 0.00327978 -0.0021696 -0.0142315 0.0159873 0.0100022 -0.0418662
internal_weight=10800 2436 8364 438 139 387 2297 283 2014 1734 1042 692 651 128
internal_count=10800 2436 8364 438 139 387 2297 283 2014 1734 1042 692 651 128
is_linear=0
shrinkage=0.05


Tree=288
num_leaves=15
num_cat=0
split_feature=20 16 25 32 32 5 64 36 20 38 33 42 22 22
split_gain=38.3467 134.539 335.988 108.767 135.003 116.258 239.508 177.66 174.015 167.821 174.299 231.074 164.845 136.489
threshold=282.08765550000004 278.91518350000007 105.36956620720093 30.275000000000002 29.887500000000003 258.60530300000011 24.000000000000004 26.592968750000008 284.68449300000003 75.875000000000014 27.628125000000004 81.875000000000014 137.35020099479172 136.82405300000002
decision_type=2 2 2 2 2 2 2 2 2 2 2 2 2 2
left_child=1 -1 -3 4 5 6 -2 8 12 10 -10 -12 -7 -8
right_child=3 2 -4 -5 -6 7 13 -9 9 -11 11 -13 -14 -15
leaf_value=0.00032466328162506603 -0.041535801800306554 0.16690907194847016 -0.029398493785807431 -0.086696796385910033 0.066233647832026094 -0.13891509561799467 -0.013261944177880217 -0.12275052702261342 0.09433383515370744 -0.052972184069499023 0.06456499255278654 -0.078445565926709357 -0.021100614785882502 0.074512392111626788
leaf_weight=9850 131 40 46 43 59 47 66 44 69 83 56 55 79 132
leaf_count=9850 131 40 46 43 59 47 66 44 69 83 56 55 79 132
internal_value=-7.47681e-06 0.00087147 0.0627764 -0.0101047 -0.00599258 -0.0116644 0.0107239 -0.0286608 -0.0177308 0.00545817 0.0325449 -0.00636381 -0.0657951 0.0453347
internal_weight=10800 9936 86 864 821 762 329 433 389 263 180 111 126 198
internal_count=10800 9936 86 864 821 762 329 433 389 263 180 111 126 198
is_linear=0
shrinkage=0.05


Tree=289
num_leaves=15
num_cat=0
split_feature=40 6 32 60 26 35 31 52 18 25 9 30 52 9
split_gain=39.972 76.0094 182.088 219.965 148.72 178.503 127.072 106.72 200.08 103.322 152.292 112.29 100.712 131.162
threshold=46.625000000000007 261.54221350000006 27.762500000000003 -0.95642797789208689 27.712500000000002 28.557291666666671 20.862500000000004 -0.99465189230620676 248.78932104166668 104.19667212036495 133.51675350000002 28.812500000000004 -0.98611507088852024 197.23703800000001
decision_type=2 2 2 2 2 2 2 2 2 2 2 2 2 2
left_child=-1 7 4 -4 5 6 -3 8 -2 10 11 -8 13 -9
right_child=1 2 3 -5 -6 -7 9 12 -10 -11 -12 -13 -14 -15
leaf_value=0.017541909205121182 0.010607891567472612 0.033142133887138284 -0.15730497092008591 -0.023674490552395584 0.064995335079729558 -0.10058830589181385 0.0040872938136799044 -0.010998860372032609 0.12261280202865601 -0.00056456988379575827 -0.12579997705088722 -0.089579315401021056 0.00068013047812251156 -0.11299882951107892
leaf_weight=314 198 170 44 99 69 51 117 112 49 386 44 43 9061 43
leaf_count=314 198 170 44 99 69 51 117 112 49 386 44 43 9061 43
internal_value=-7.65007e-06 -0.000534789 -0.0134751 -0.0655984 -0.00494017 -0.010963 -0.0048244 0.000865399 0.0332323 -0.0158015 -0.0444887 -0.0214856 -5.58504e-06 -0.0398386
internal_weight=10800 10486 1023 143 880 811 760 9463 247 590 204 160 9216 155
internal_count=10800 10486 1023 143 880 811 760 9463 247 590 204 160 9216 155
is_linear=0
shrinkage=0.05


Tree=290
num_leaves=15
num_cat=0
split_feature=15 25 32 47 13 43 54 22 3 15 65 0 2 3
split_gain=38.3047 122.478 207.702 232.361 175.145 127.849 123.021 169.364 121.308 155.596 183.481 121.161 193.07 144.181
threshold=217.50623400000003 104.81560041481056 26.237500000000004 76.348958333333357 0.89834765407999517 58.625000000000007 0.6078576107927941 144.81875300520838 267.1966680000001 209.37194500000001 257.87228250000004 267.1966680000001 264.48251600000009 262.29786650000005
decision_type=2 2 2 2 2 2 2 2 2 2 2 2 2 2
left_child=8 2 3 -2 -5 -4 -3 -8 11 10 -10 12 13 -1
right_child=1 6 5 4 -6 -7 7 -9 9 -11 -12 -13 -14 -15
leaf_value=-0.00070385794636872775 0.060427487087518439 0.0082290446384422084 0.046404294960666448 0.046783934789168286 -0.075643015652894982 0.16097001478802869 -0.0057629482216528943 -0.13283987783077286 -0.15667742158803677 -0.0075966011386364709 -0.024448729348368944 0.033871914524352176 -0.084675027534146519 0.065890722699667809
leaf_weight=9223 112 352 63 42 91 40 73 40 44 249 64 259 67 81
leaf_count=9223 112 352 63 42 91 40 73 40 44 249 64 259 67 81
internal_value=-8.9704e-06 0.0104207 0.0328095 0.00764576 -0.0369213 0.0920158 -0.00636919 -0.0515166 -0.000858966 -0.029438 -0.0792629 0.000203452 -0.000730607 -0.000117071
internal_weight=10800 813 348 245 133 103 465 113 9987 357 108 9630 9371 9304
internal_count=10800 813 348 245 133 103 465 113 9987 357 108 9630 9371 9304
is_linear=0
shrinkage=0.05


Tree=291
num_leaves=15
num_cat=0
split_feature=65 65 65 64 42 22 14 65 61 13 37 9 0 2
split_gain=39.1624 990.494 415.68 493.924 853.825 221.303 269.585 187.179 135.182 167.091 189.46 134.441 628.725 332.299
threshold=229.58777250000003 223.08690000000004 241.68896250000003 221.82739850000004 86.625000000000014 145.09375083333336 227.15107629166667 217.24452850000003 -0.88144907265856332 1.7296815123731657 50.625000000000007 157.72236450000003 150.49358250000003 149.12810850000002
decision_type=2 2 2 2 2 2 2 2 2 2 2 2 2 2
left_child=1 7 3 4 -2 6 -5 11 9 -4 -11 13 -13 -1
right_child=2 -3 8 5 -6 -7 -8 -9 -10 10 -12 12 -14 -15
leaf_value=-0.00011664384667360807 -0.29740575788961726 0.1975342879886739 -0.0055171160889098177 -0.06975482248715939 0.001058836447748732 -0.11822183977014251 0.063094473221176062 0.073904731137787602 -0.0080489310351382279 -0.034098812923507971 0.055111352095646521 -0.15015474986512123 -0.0062127850175204193 0.061618354855519197
leaf_weight=6981 49 63 387 62 46 41 96 84 1251 71 349 81 1015 224
leaf_count=6981 49 63 387 62 46 41 96 84 1251 71 349 81 1015 224
internal_value=-8.82638e-06 0.00157994 -0.00571367 -0.0612211 -0.15438 -0.0161985 0.0108529 8.42768e-05 0.00224184 0.0181847 0.0399854 -0.000671544 -0.016978 0.00181095
internal_weight=10800 8448 2352 294 95 199 158 8385 2058 807 420 8301 1096 7205
internal_count=10800 8448 2352 294 95 199 158 8385 2058 807 420 8301 1096 7205
is_linear=0
shrinkage=0.05


Tree=292
num_leaves=15
num_cat=0
split_feature=9 65 54 65 41 33 0 33 35 43 51 12 4 65
split_gain=39.4204 186.376 129.544 198.425 118.778 167.033 206.276 134.36 206.843 132.684 132.223 122.137 101.884 209.646
threshold=264.13985200000008 271.12187950000003 0.87837969732492682 263.03158350000007 87.375000000000014 26.065625000000004 241.54590150000004 25.128125000000004 20.348437500000003 56.125000000000007 2.5000000000000004 267.18396650000005 272.71499900000009 142.44158300000001
decision_type=2 2 2 2 2 2 2 2 2 2 2 2 2 2
left_child=1 12 4 -4 5 6 -2 8 -6 -8 -11 -7 -1 -14
right_child=2 -3 3 -5 7 11 9 -9 -10 10 -12 -13 13 -15
leaf_value=-0.00056904188634419764 -0.030469295628123234 0.081716764011276033 -0.13319173246780611 -0.01909914279629181 -0.00047943000323497336 -0.090911187770088095 -0.00085057895892942453 0.028779491493288352 -0.14220592236289611 0.046349606377822636 0.13544144752051901 -0.0035522917728617932 -0.077277742241997099 0.042179286283459766
leaf_weight=9302 90 70 46 204 51 45 70 48 51 112 67 308 41 295
leaf_count=9302 90 70 46 204 51 45 70 48 51 112 67 308 41 295
internal_value=-9.48316e-06 0.00100397 -0.00901183 -0.0405392 0.000386015 0.0091412 0.0341601 -0.0397976 -0.0720353 0.0575485 0.080264 -0.014914 0.000409338 0.0274166
internal_weight=10800 9708 1092 250 842 692 339 150 102 249 179 353 9638 336
internal_count=10800 9708 1092 250 842 692 339 150 102 249 179 353 9638 336
is_linear=0
shrinkage=0.05


Tree=293
num_leaves=15
num_cat=0
split_feature=39 11 9 2 9 31 19 65 13 17 37 26 65 31
split_gain=40.3501 169.428 220.751 220.066 209.958 208.358 195.435 173.521 132.042 277.715 126.841 124.919 171.42 389.778
threshold=75.375000000000014 97.110596500000014 113.77359350000002 169.70252950000005 173.42658550000002 21.162500000000005 117.82366 95.869577000000007 34.097678503583971 27.164996677771615 86.625000000000014 23.012500000000003 42.523274000000008 21.212500000000002
decision_type=2 2 2 2 2 2 2 2 2 2 2 2 2 2
left_child=8 -2 5 6 -5 -3 -4 -7 11 -10 -8 12 -1 -14
right_child=1 2 3 4 -6 7 10 -9 9 -11 -12 -13 13 -15
leaf_value=0.0039514122885884722 -0.0017122799906677394 0.14863898952358537 0.005936564035747746 0.10193597679461042 0.01451432092648759 -0.0048745381374222544 -0.035387107082035234 0.11091969500447872 -0.15029626980503188 -0.0075023153895512236 -0.14362513629476661 0.0031359618917959822 -0.016202787552962249 -0.12476820390265767
leaf_weight=524 5075 55 163 74 823 95 68 48 46 124 45 3102 458 100
leaf_count=524 5075 55 163 74 823 95 68 48 46 124 45 3102 458 100
internal_value=-9.7688e-06 0.00250186 0.0180911 0.00982123 0.0218318 0.0667884 -0.0291512 0.0344938 -0.0037279 -0.0467936 -0.0793725 -0.00196733 -0.0165874 -0.0358473
internal_weight=10800 6446 1371 1173 897 198 276 143 4354 170 113 4184 1082 558
internal_count=10800 6446 1371 1173 897 198 276 143 4354 170 113 4184 1082 558
is_linear=0
shrinkage=0.05


Tree=294
num_leaves=15
num_cat=0
split_feature=20 16 25 32 32 5 64 36 25 47 64 41 45 35
split_gain=39.0104 113.074 293.821 98.4203 120.406 108.027 209.059 151.752 162.86 132.791 177.68 229.839 165.824 131.049
threshold=282.08765550000004 278.91518350000007 105.36956620720093 30.275000000000002 29.887500000000003 258.60530300000011 24.000000000000004 26.592968750000008 111.32268970695003 75.042968750000014 217.26212850000005 51.375000000000007 66.395833333333357 28.008333333333336
decision_type=2 2 2 2 2 2 2 2 2 2 2 2 2 2
left_child=1 -1 -3 4 5 6 -2 8 9 10 11 -7 -11 -8
right_child=3 2 -4 -5 -6 7 13 -9 -10 12 -12 -13 -14 -15
leaf_value=0.00037549923248143488 -0.038879792107565501 0.15501229817093146 -0.028548769969889462 -0.083053150102072815 0.061929895967865994 -0.0012837081792808716 0.021145578183210161 -0.11498582991460959 0.040328511777941306 0.061359471963748108 0.0064209219836999501 -0.14690742206235882 -0.057463751247322017 0.12078352123277175
leaf_weight=9850 131 40 46 43 59 41 157 44 91 62 62 79 54 41
leaf_count=9850 131 40 46 43 59 41 157 44 91 62 62 79 54 41
internal_value=-9.72164e-06 0.000876799 0.0576289 -0.0101939 -0.00628153 -0.0116372 0.00994478 -0.0280207 -0.0179144 -0.0357754 -0.062306 -0.0975745 0.00602684 0.042281
internal_weight=10800 9936 86 864 821 762 329 433 389 298 182 120 116 198
internal_count=10800 9936 86 864 821 762 329 433 389 298 182 120 116 198
is_linear=0
shrinkage=0.05


Tree=295
num_leaves=15
num_cat=0
split_feature=65 65 65 64 65 14 6 14 9 12 53 5 65 12
split_gain=38.8052 894.58 382.909 713.955 172.188 189.22 167.283 136.826 128.522 568.149 316.909 288.933 234.244 364.738
threshold=229.58777250000003 223.08690000000004 236.90132750000004 218.40903900000004 216.30175750000004 246.16285604166669 272.06304300000005 245.67245537500006 157.72236450000003 162.44386900000003 -0.99465189230620676 62.684561500000008 129.48928850000001 122.70117900000001
decision_type=2 2 2 2 2 2 2 2 2 2 2 2 2 2
left_child=1 4 3 -2 8 -6 -4 -5 10 -10 11 -1 -12 -14
right_child=2 -3 6 7 5 -7 -8 -9 9 -11 12 -13 13 -15
leaf_value=0.011732673165388405 -0.25515719614056653 0.18779743624036202 0.0014552575501927346 -0.075714785854021707 0.14594502477529681 0.0092071788758039484 -0.099294423817523902 0.037997819596933109 -0.18136050503712614 -0.0087481629877334925 -0.0015591667275799876 0.19070664614971197 -0.0055726234390236001 0.094326099075926817
leaf_weight=49 42 63 2164 47 41 64 41 58 49 1027 6746 41 203 165
leaf_count=49 42 63 2164 47 41 64 41 58 49 1027 6746 41 203 165
internal_value=-9.25304e-06 0.00157226 -0.00568803 -0.0835419 0.000150841 0.0634732 -0.000462254 -0.0131362 -0.000659728 -0.0167699 0.0017485 0.094465 0.00056242 0.0393532
internal_weight=10800 8448 2352 147 8385 105 2205 105 8280 1076 7204 90 7114 368
internal_count=10800 8448 2352 147 8385 105 2205 105 8280 1076 7204 90 7114 368
is_linear=0
shrinkage=0.05


Tree=296
num_leaves=15
num_cat=0
split_feature=39 64 32 25 36 64 65 64 26 52 65 16 31 65
split_gain=39.9816 205.411 327.271 426.474 246.471 145.957 170.771 143.658 133.933 333.03 225.077 584.43 208.235 192.379
threshold=79.875000000000014 194.63205700000003 22.037500000000005 105.87740894432582 19.000651041666668 267.02941400000003 265.70148350000005 188.92600250000001 23.012500000000003 0.84874750804349197 42.523274000000008 104.00574950000002 20.987500000000004 229.58777250000003
decision_type=2 2 2 2 2 2 2 2 2 2 2 2 2 2
left_child=8 7 3 4 -3 -4 -7 -2 10 -10 -1 -12 13 -13
right_child=1 2 5 -5 -6 6 -8 -9 9 -11 11 12 -14 -15
leaf_value=0.0020208956879279598 0.00032865771492981196 0.12508550176154012 -0.026635119702034995 0.21677357625307106 0.015600254929877872 0.1077253800422813 -0.028183362260460854 -0.08946574024028249 0.001499710074710853 0.14483369439158864 -0.17273049262463491 0.021194294514330733 -0.052123994762794335 -0.035701071620626627
leaf_weight=1204 4377 68 231 40 203 51 41 44 3502 40 66 355 324 254
leaf_count=1204 4377 68 231 40 203 51 41 44 3502 40 66 355 324 254
internal_value=-8.55072e-06 0.0032343 0.0298264 0.0663496 0.0434314 -0.0054362 0.0475056 -0.000585051 -0.00286199 0.00315881 -0.0125393 -0.0300718 -0.0198061 -0.00255509
internal_weight=10800 5055 634 311 271 323 92 4421 5745 3542 2203 999 933 609
internal_count=10800 5055 634 311 271 323 92 4421 5745 3542 2203 999 933 609
is_linear=0
shrinkage=0.05


Tree=297
num_leaves=15
num_cat=0
split_feature=9 0 21 65 65 17 61 53 12 65 64 0 64 2
split_gain=37.9055 244.18 328.112 171.128 221.857 504.893 380.035 697.139 362.725 334.471 741.301 182.22 185.249 167.525
threshold=221.97237050000004 206.711195 32.130139291973869 194.73059800000001 157.78331700000004 16.352346806476451 -0.9733555533461492 -0.9733555533461492 130.78666850000002 144.38797600000004 142.93052750000001 218.01924050000002 196.35041150000004 268.5650050000001
decision_type=2 2 2 2 2 2 2 2 2 2 2 2 2 2
left_child=3 2 -2 4 6 -6 8 -8 -1 -9 -11 12 -5 -13
right_child=1 -3 -4 11 5 -7 7 9 -10 10 -12 13 -14 -15
leaf_value=0.034907362777524431 -0.0075426746958068436 -0.0019714849608653781 -0.18005377296358349 0.051474586187965347 -0.20124332388726676 -0.017727558074842151 -0.16332753002213746 -0.00011616907615028903 0.19912031778977032 -0.033340246869110558 0.24495660435958683 0.15882491701707732 -0.0061623800922773926 0.018396504368723893
leaf_weight=172 69 2322 45 224 40 440 64 6837 41 52 43 45 366 40
leaf_count=172 69 2322 45 224 40 440 64 6837 41 52 43 45 366 40
internal_value=-7.05744e-06 -0.00549455 -0.0766127 0.00159163 -0.00052879 -0.0334071 0.00166469 -0.000342946 0.0672992 0.00118516 0.0938652 0.0257106 0.0157702 0.0937233
internal_weight=10800 2436 114 8364 7689 480 7209 6996 213 6932 95 675 590 85
internal_count=10800 2436 114 8364 7689 480 7209 6996 213 6932 95 675 590 85
is_linear=0
shrinkage=0.05


Tree=298
num_leaves=15
num_cat=0
split_feature=31 22 24 11 24 60 64 36 9 42 21 22 53 32
split_gain=38.5924 194.006 378.324 136.259 128.177 122.436 110.443 291.879 222.204 203.907 128.598 105.957 196.625 131.642
threshold=19.612500000000004 126.29556024479167 278.51062050000002 217.06487400000003 271.57261000000011 -0.93540483100319605 202.65135800000004 19.000651041666668 232.32850950000002 89.875000000000014 29.433092575223927 104.54825483333336 -0.32143946530316164 25.487500000000004
decision_type=2 2 2 2 2 2 2 2 2 2 2 2 2 2
left_child=1 4 5 -4 6 -3 11 8 -8 10 -9 13 -13 -1
right_child=-2 2 3 -5 -6 -7 7 9 -10 -11 -12 12 -14 -15
leaf_value=0.012668368869663098 -0.0013315045793998604 0.023434165904645698 0.020112013449703439 -0.085500572499903782 -0.088157078987214629 0.11040122568768135 0.18802642608504921 0.062156122709300536 0.029027560648197934 -0.095461123210794127 -0.02548879897826678 -0.09641697600483895 -0.0088246984684690385 -0.061453869622765167
leaf_weight=648 9026 58 68 54 40 138 41 91 47 46 76 79 323 65
leaf_count=648 9026 58 68 54 40 138 41 91 47 46 76 79 323 65
internal_value=-6.25933e-06 0.00673346 0.0420489 -0.0269496 -0.00100323 0.0849157 0.00151922 0.0283427 0.104387 -0.00341564 0.0223555 -0.00574081 -0.0262346 0.00583448
internal_weight=10800 1774 318 122 1456 196 1416 301 88 213 167 1115 402 713
internal_count=10800 1774 318 122 1456 196 1416 301 88 213 167 1115 402 713
is_linear=0
shrinkage=0.05


Tree=299
num_leaves=15
num_cat=0
split_feature=26 12 16 5 25 42 0 2 65 28 6 45 17 35
split_gain=38.352 95.1841 106.717 68.561 75.9121 74.3878 50.7724 225.013 320.509 218.714 196.408 153.028 139.54 113.095
threshold=31.062500000000004 300.49419950000009 299.69941450000005 289.58042400000005 116.8281284716516 71.375000000000014 266.52725100000004 263.81563600000004 239.33377250000004 28.237500000000004 252.41682850000004 65.260416666666671 1.6711454971758737 22.63697916666667
decision_type=2 2 2 2 2 2 2 2 2 2 2 2 2 2
left_child=1 2 3 4 6 -6 7 -1 9 11 -10 -9 -8 -14
right_child=-2 -3 -4 -5 5 -7 12 8 10 -11 -12 -13 13 -15
leaf_value=-0.00015986903932373742 0.034704130647491803 -0.06710202027955707 0.069537949345328587 -0.060545044606353376 0.00025493522936647587 0.093264908014341841 -0.0747897620736198 0.079679463003108755 -0.19098232074887778 -0.10294388422653789 -0.04326702217804268 -0.034764539393094866 0.071159483532914347 0.0098740498158037225
leaf_weight=9446 78 52 54 46 43 42 43 66 48 41 43 51 84 663
leaf_count=9446 78 52 54 46 43 42 43 66 48 41 43 51 84 663
internal_value=-6.02421e-06 -0.000261745 7.02571e-05 -0.000289618 -2.16873e-05 0.0467629 -0.000405385 -0.00139903 -0.048219 -0.00498664 -0.122412 0.0299218 0.0117752 0.0168515
internal_weight=10800 10722 10670 10616 10570 85 10485 9695 249 158 91 117 790 747
internal_count=10800 10722 10670 10616 10570 85 10485 9695 249 158 91 117 790 747
is_linear=0
shrinkage=0.05


Tree=300
num_leaves=15
num_cat=0
split_feature=52 65 52 65 34 48 22 34 28 45 3 37 21 26
split_gain=38.1313 446.765 163.718 714.305 108.768 57.242 48.7281 81.4369 125.899 124.322 80.5449 59.1144 79.9959 68.9768
threshold=0.98611507088852057 98.502104500000016 0.97335555334614943 79.608916500000007 21.417708333333337 6.6250000000000009 155.3417187135417 30.121875000000006 30.162500000000005 55.843750000000007 274.61923400000006 44.625000000000007 41.083852219581566 29.012500000000003
decision_type=2 2 2 2 2 2 2 2 2 2 2 2 2 2
left_child=2 -2 6 4 5 -4 7 8 11 10 -9 12 -1 -13
right_child=1 -3 3 -5 -6 -7 -8 9 -10 -11 -12 13 -14 -15
leaf_value=-0.0086638257155315056 -0.0032284256037524634 0.13703939015977085 0.0015186052252283845 -0.22357749083841388 0.05823982282165896 -0.067252007279811163 -0.043942121269121288 0.047190191488511661 -0.073565529267592675 0.10334640264194062 -0.025877165627460202 0.00019865203181689765 -0.08797586779435014 0.029243079682368712
leaf_weight=123 502 63 79 43 56 48 61 73 57 46 76 9323 42 208
leaf_count=123 502 63 79 43 56 48 61 73 57 46 76 9323 42 208
internal_value=-6.72319e-06 0.0126265 -0.000705279 -0.0426943 0.000792445 -0.0247958 0.000246989 0.000522341 -0.00011893 0.0324327 0.00999688 0.000320383 -0.0292607 0.000835505
internal_weight=10800 565 10235 226 183 127 10009 9948 9753 195 149 9696 165 9531
internal_count=10800 565 10235 226 183 127 10009 9948 9753 195 149 9696 165 9531
is_linear=0
shrinkage=0.05


Tree=301
num_leaves=15
num_cat=0
split_feature=39 1 65 17 65 45 9 36 2 19 31 9 33 16
split_gain=37.0437 146.853 292.955 553.892 336.922 163.088 117.708 270.496 208.292 197.547 164.094 158.435 217.028 142.291
threshold=75.375000000000014 96.925260500000022 149.900586 29.261464186686425 132.95657400000002 91.947916666666671 111.81625550000001 22.838802083333338 163.43167900000003 117.82366 19.512500000000003 188.18556750000002 20.996875000000006 250.87062500000005
decision_type=2 2 2 2 2 2 2 2 2 2 2 2 2 2
left_child=-1 2 4 -4 -2 6 7 -3 9 -8 11 -10 -13 -12
right_child=1 5 3 -5 -6 -7 8 -9 10 -11 13 12 -14 -15
leaf_value=-0.0035696577787894899 -0.0013297511786926597 0.093475215869051789 -0.22801286520027536 -0.0076875847303553638 0.13047652893832751 0.11370261102551367 -0.00281338160668901 0.0023393636007848031 0.14286353643107025 -0.084730707130466529 -0.02144944952950547 -0.0021712376910727471 0.11255887916586438 0.024503231911158219
leaf_weight=4354 4602 135 40 94 48 40 252 203 41 103 279 127 60 422
leaf_count=4354 4602 135 40 94 48 40 252 203 41 103 279 127 60 422
internal_value=-7.11526e-06 0.00239941 -0.00204939 -0.0746581 5.85907e-05 0.0151986 0.0127009 0.0389081 0.00577719 -0.0267522 0.0182231 0.0549714 0.0350435 0.00620943
internal_weight=10800 6446 4784 134 4650 1662 1622 338 1284 355 929 228 187 701
internal_count=10800 6446 4784 134 4650 1662 1622 338 1284 355 929 228 187 701
is_linear=0
shrinkage=0.05


Tree=302
num_leaves=15
num_cat=0
split_feature=9 65 36 65 48 12 45 16 43 9 48 35 0 43
split_gain=37.9111 411.909 666.346 311.201 363.006 212.004 355.936 182.195 484.513 399.653 505.251 741.47 192.858 175.864
threshold=101.43038050000003 92.999075000000019 24.959895833333338 107.96800900000001 13.375000000000002 90.430653000000021 86.302083333333357 124.43980800000001 67.375000000000014 167.14851550000003 19.375000000000004 21.567708333333336 145.79191850000004 81.875000000000014
decision_type=2 2 2 2 2 2 2 2 2 2 2 2 2 2
left_child=1 -1 5 4 -2 6 -3 8 -5 10 11 -9 -11 -12
right_child=3 2 -4 7 -6 -7 -8 9 -10 12 13 -13 -14 -15
leaf_value=-0.00080647646429013735 -0.16590755184713221 0.059801170925299331 0.20112048907885477 -0.19409311878993069 -0.026432061537077101 0.054359106288757175 -0.10915424638642715 0.27405895472959035 -0.0090395729951745826 -0.10980559073033787 0.037439995039611644 0.051432877806473078 -0.0020142874134718605 -0.062361123486230755
leaf_weight=5802 55 59 62 42 283 207 64 42 200 41 72 294 3466 111
leaf_count=5802 55 59 62 42 283 207 64 42 200 41 72 294 3466 111
internal_value=-5.51818e-06 0.00254889 0.0520874 -0.00344041 -0.0495502 0.0235642 -0.0282819 0.000221968 -0.0418229 0.00275901 0.0436652 0.0799918 -0.00330541 -0.023105
internal_weight=10800 6194 392 4606 338 330 123 4268 242 4026 519 336 3507 183
internal_count=10800 6194 392 4606 338 330 123 4268 242 4026 519 336 3507 183
is_linear=0
shrinkage=0.05


Tree=303
num_leaves=15
num_cat=0
split_feature=13 54 22 19 65 48 9 17 1 65 29 41 25 13
split_gain=38.0676 54.5861 45.5001 161.946 99.9828 245.592 154.004 259.809 230.35 147.256 148.229 125.247 93.1024 201.18
threshold=51.951505312148448 1.0000000180025095e-35 90.608905307291693 187.04994150000002 24.000000000000004 7.1250000000000009 212.17913500000003 22.019313503797232 167.68715100000003 274.28284400000007 22.237500000000004 91.875000000000014 77.550551733644269 1.985878015540792
decision_type=2 2 2 2 2 2 2 2 2 2 2 2 2 2
left_child=2 -2 3 4 -1 -6 8 -8 11 10 -9 -7 13 -4
right_child=1 -3 12 -5 5 6 7 9 -10 -11 -12 -13 -14 -15
leaf_value=-0.003700177043901195 -0.060343150487021796 0.0039759284477414829 0.013589802763934407 0.10419233083361533 0.13365604027750946 0.019421187496258076 -0.12667551292494561 0.0077007218291435175 0.10815517736673688 0.063271093032723422 -0.084635610616533088 -0.050848109176571392 -0.001125021073967745 -0.13429539815590877
leaf_weight=1728 62 69 52 40 41 788 47 135 69 67 63 68 7531 40
leaf_count=1728 62 69 52 40 41 788 47 135 69 67 63 68 7531 40
internal_value=-5.2488e-06 -0.0266917 0.000324893 0.00548937 0.00414175 0.0147395 0.0106933 -0.0196402 0.0209348 -0.000251679 -0.0219567 0.0137862 -0.00173918 -0.0514608
internal_weight=10800 131 10669 3046 3006 1278 1237 312 925 265 198 856 7623 92
internal_count=10800 131 10669 3046 3006 1278 1237 312 925 265 198 856 7623 92
is_linear=0
shrinkage=0.05


Tree=304
num_leaves=15
num_cat=0
split_feature=15 19 64 0 25 64 43 9 2 54 22 29 65 24
split_gain=37.408 111.958 151.771 402.294 107.189 177.235 164.665 155.643 104.627 100.971 148.141 110.855 231.987 171.66
threshold=217.50623400000003 199.94320350000004 218.40903900000004 267.1966680000001 104.81560041481056 212.46469150000004 75.625000000000014 241.18139200000005 231.53305550000002 0.6078576107927941 144.81875300520838 30.762500000000003 223.08690000000004 297.26105400000006
decision_type=2 2 2 2 2 2 2 2 2 2 2 2 2 2
left_child=1 -1 8 -4 5 6 -2 -7 -3 11 -11 12 -6 -14
right_child=4 2 3 -5 9 7 -8 -9 -10 10 -12 -13 13 -15
leaf_value=0.00012116886415146182 0.021942443533667498 -0.040644472157582642 -0.17588283695139975 -0.01233578861570199 -0.068290735605712014 0.14755731807198635 -0.094255281426012527 0.039015605140339915 0.04648340862750272 -0.0035435935734091581 -0.1223639921262497 0.077610921266735827 0.053314754113784758 -0.047687933205402107
leaf_weight=9666 118 59 52 130 94 42 40 148 80 73 40 48 153 57
leaf_count=9666 118 59 52 130 94 42 40 148 80 73 40 48 153 57
internal_value=-5.02173e-06 -0.000845009 -0.0298487 -0.0597693 0.0103019 0.0312463 -0.00788249 0.063656 0.00947491 -0.00540614 -0.0463083 0.00781838 -0.00341983 0.0258037
internal_weight=10800 9987 321 182 813 348 158 190 139 465 113 352 304 210
internal_count=10800 9987 321 182 813 348 158 190 139 465 113 352 304 210
is_linear=0
shrinkage=0.05


Tree=305
num_leaves=15
num_cat=0
split_feature=43 25 7 65 9 33 65 31 24 22 0 5 32 13
split_gain=35.3678 181.769 257.734 94.7692 248.478 102.082 92.4187 68.6504 180.023 386.883 144.887 111.9 107.501 197.675
threshold=88.125000000000014 106.2518192023753 215.37086550000001 95.869577000000007 107.96800900000001 19.109375000000004 63.145266500000005 19.612500000000004 278.51062050000002 126.29556024479167 216.84904350000002 236.283309 25.487500000000004 0.95543283137361434
decision_type=2 2 2 2 2 2 2 2 2 2 2 2 2 2
left_child=7 3 -3 6 -5 -6 -2 8 9 12 -10 -11 -1 -14
right_child=1 2 -4 4 5 -7 -8 -9 10 11 -12 -13 13 -15
leaf_value=0.0081129278445078862 -0.00066528654206311712 0.16930771618854346 -0.0030307184875090708 0.1363892085773922 -0.064636619264880818 0.033704999211231171 -0.070679165806402183 -0.0026604249150165068 0.0085246015904527732 0.12361018909478044 -0.093992254137992864 0.046442477247195746 0.017882342293991573 -0.12229682169854642
leaf_weight=1101 622 40 46 44 41 70 50 8354 65 82 72 113 55 45
leaf_count=1101 622 40 46 44 41 70 50 8354 65 82 72 113 55 45
internal_value=-5.59912e-06 0.0094047 0.0781514 0.00216995 0.037281 -0.00287217 -0.00597193 -0.000875442 0.00884712 0.0142235 -0.0456436 0.0793576 0.00359085 -0.0457846
internal_weight=10800 913 86 827 155 111 672 9887 1533 1396 137 195 1201 100
internal_count=10800 913 86 827 155 111 672 9887 1533 1396 137 195 1201 100
is_linear=0
shrinkage=0.05


Tree=306
num_leaves=15
num_cat=0
split_feature=26 29 37 8 13 27 14 15 39 25 53 1 0 2
split_gain=35.6997 104.985 115.767 131.591 85.0879 81.6935 71.7354 154.302 76.1736 67.3482 105.619 66.3384 74.7346 115.863
threshold=29.475000000000005 30.725000000000005 50.625000000000007 263.09138400000006 3.1392281656120145 29.362500000000004 271.9317054583334 217.50623400000003 43.125000000000007 117.06627774538971 1.0000000180025095e-35 282.29026750000008 270.02924000000007 264.48251600000009
decision_type=2 2 2 2 2 2 2 2 2 2 2 2 2 2
left_child=5 2 6 4 -4 9 7 8 -2 11 -11 12 13 -1
right_child=1 -3 3 -5 -6 -7 -8 -9 -10 10 -12 -13 -14 -15
leaf_value=-0.0001736099497255221 0.036312568653374913 -0.053983631193199579 -0.031203411018682854 0.11481000907813846 0.061590936874801466 -0.070199351783265321 -0.058682239667645519 0.077614651310432242 -0.040488151872808097 0.09857162125196986 -0.0026776868495203203 -0.048898464409818113 0.022203220459619383 -0.029674429289416233
leaf_weight=9433 47 50 44 58 54 41 41 63 98 43 62 70 352 344
leaf_count=9433 47 50 44 58 54 41 41 63 98 43 62 70 352 344
internal_value=-4.45801e-06 0.0136871 0.0221539 0.055778 0.0200338 -0.000607915 0.00094944 0.0129283 -0.0155159 -0.000324222 0.0393251 -0.000736232 -0.000398596 -0.00121451
internal_weight=10800 455 405 156 98 10345 249 208 145 10304 105 10199 10129 9777
internal_count=10800 455 405 156 98 10345 249 208 145 10304 105 10199 10129 9777
is_linear=0
shrinkage=0.05


Tree=307
num_leaves=15
num_cat=0
split_feature=13 21 33 22 25 65 48 9 17 2 65 38 18 36
split_gain=35.7042 53.705 125.686 42.7407 167.081 125.259 209.146 90.3641 302.506 202.035 117.985 117.351 147.846 92.7449
threshold=51.951505312148448 35.691119908672086 21.371875000000003 88.043009151041687 77.175853879345468 24.000000000000004 7.1250000000000009 212.17913500000003 22.019313503797232 81.513918500000003 73.362583000000015 57.875000000000007 203.63793568750003 22.889062500000005
decision_type=2 2 2 2 2 2 2 2 2 2 2 2 2 2
left_child=3 -2 -3 5 -5 -1 -7 9 -9 10 -8 -10 -13 -11
right_child=1 2 -4 4 -6 6 7 8 11 13 -12 12 -14 -15
leaf_value=-0.0034163358580340968 -0.066691278025507936 -0.063557163296585409 0.058799656629995561 -0.09013572917231974 -0.0010508538160572726 0.1269646426445217 0.016871863077123111 -0.12934990935855442 -0.060675403080424489 0.10974987596273422 -0.061144360319639629 -0.00089239264741496896 0.084862358241119026 0.025367156505923378
leaf_weight=1728 49 40 42 52 7609 41 716 44 48 84 51 172 70 54
leaf_count=1728 49 40 42 52 7609 41 716 44 48 84 51 172 70 54
internal_value=-3.88744e-06 -0.0258487 -0.000933234 0.000315842 -0.00166721 0.00536531 0.017214 0.0134827 -0.00872536 0.0216794 0.0116115 0.0099579 0.0241598 0.0771506
internal_weight=10800 131 82 10669 7661 3008 1280 1239 334 905 767 290 242 138
internal_count=10800 131 82 10669 7661 3008 1280 1239 334 905 767 290 242 138
is_linear=0
shrinkage=0.05


Tree=308
num_leaves=15
num_cat=0
split_feature=40 42 52 25 6 60 46 26 38 15 31 13 7 52
split_gain=35.223 75.1555 109.753 73.0109 66.3414 153.943 583.934 174.166 149.961 140.858 129.53 123.37 119.634 89.8341
threshold=46.625000000000007 84.375000000000014 -0.98611507088852024 107.21369055213172 261.54221350000006 -0.95642797789208689 59.531250000000007 27.012500000000003 55.875000000000007 141.44309700000002 20.862500000000004 22.994455546512217 115.72872800000002 -0.99465189230620676
decision_type=2 2 2 2 2 2 2 2 2 2 2 2 2 2
left_child=1 2 -1 -4 13 6 -6 9 -9 10 -7 -8 -12 -2
right_child=4 -3 3 -5 5 7 11 8 -10 -11 12 -13 -14 -15
leaf_value=-0.051821968664343548 0.030505379755237712 0.065318075662094452 0.0040691339979959436 0.073283302826139166 -0.17845623968319307 0.047556719622718027 -0.028245035696612755 -0.0043528204980807809 0.11566764261608697 -0.066282194944170245 -0.095479650041315617 0.079686671503018169 -0.0066378491426197193 1.021865922812858e-05
leaf_weight=64 247 62 136 52 61 103 68 51 52 103 40 42 503 9216
leaf_count=64 247 62 136 52 61 103 68 51 52 103 40 42 503 9216
internal_value=-3.94439e-06 0.0164701 0.00424134 0.0234999 -0.000498779 -0.0125881 -0.0557364 -0.00387286 0.0567696 -0.0122768 -0.00357688 0.0133119 -0.0133458 0.000809332
internal_weight=10800 314 252 188 10486 1023 171 852 103 749 646 110 543 9463
internal_count=10800 314 252 188 10486 1023 171 852 103 749 646 110 543 9463
is_linear=0
shrinkage=0.05


Tree=309
num_leaves=15
num_cat=0
split_feature=15 24 24 43 14 35 6 2 45 17 26 9 4 65
split_gain=37.1552 99.9805 207.873 111.928 114.725 175.483 140.056 99.238 98.2962 85.7601 101.676 95.9966 185.658 145.173
threshold=217.50623400000003 281.72766850000005 278.64649100000008 75.625000000000014 269.11421545833338 23.129687500000003 260.48309450000005 273.04091050000005 69.427083333333357 26.239734047047254 29.475000000000005 263.38003000000009 276.50310850000005 225.72088050000005
decision_type=2 2 2 2 2 2 2 2 2 2 2 2 2 2
left_child=7 2 3 4 5 -2 -7 -1 -9 11 -11 12 -3 -14
right_child=1 9 -4 -5 -6 6 -8 8 -10 10 -12 -13 13 -15
leaf_value=-0.00017732081114479751 -0.016305268333396978 -0.043827529000901734 0.13040756321615643 -0.040440236319388666 -0.040483208983610186 0.11406668539733647 0.0023014607771140775 -0.016601023609947526 -0.10390204468330498 -0.019406775700981205 0.08200287387050964 -0.050098969447943897 0.0022760694517221835 0.11774415916038886
leaf_weight=9814 71 106 44 69 45 93 40 131 42 45 53 134 69 44
leaf_count=9814 71 106 44 69 45 93 40 131 42 45 53 134 69 44
internal_value=-3.81748e-06 0.0102682 0.0298015 0.015516 0.0311217 0.0470373 0.0807211 -0.000840962 -0.0382708 -0.00544171 0.0357116 -0.0169353 0.00349212 0.0478755
internal_weight=10800 813 362 318 249 204 133 9987 173 451 98 353 219 113
internal_count=10800 813 362 318 249 204 133 9987 173 451 98 353 219 113
is_linear=0
shrinkage=0.05


Tree=310
num_leaves=15
num_cat=0
split_feature=65 65 65 64 65 6 17 11 2 47 47 46 25 36
split_gain=34.9757 779.121 338.408 636.014 157.384 135.929 122.612 104.344 168.828 134.814 187.993 206.479 250.339 353.188
threshold=229.58777250000003 223.08690000000004 236.90132750000004 218.40903900000004 217.24452850000003 272.06304300000005 26.946475359028444 195.96326550000003 212.27884000000003 76.860677083333357 81.417968750000014 82.442708333333357 103.22184386055243 22.152604166666674
decision_type=2 2 2 2 2 2 2 2 2 2 2 2 2 2
left_child=1 4 3 -2 -1 7 -5 -4 -9 -10 11 12 13 -11
right_child=2 -3 5 6 -6 -7 -8 8 9 10 -12 -13 -14 -15
leaf_value=-0.0005212312500788561 -0.24056150157784306 0.17529101591208018 -0.023051025910424808 0.04407703446991304 0.067862414367058699 -0.089571542614361357 -0.063112336526890953 0.050387636477542665 0.013253497747186153 -0.039505694389636456 0.028110108555823021 0.040980243573828443 0.011094614414190103 -0.16709073066379723
leaf_weight=8301 42 63 366 50 84 41 55 192 929 215 177 81 132 72
leaf_count=8301 42 63 366 50 84 41 55 192 929 215 177 81 132 72
internal_value=-3.08241e-06 0.00149836 -0.00539437 -0.0785845 0.000171839 -0.000481621 -0.0121355 0.00124691 0.00620304 0.000892634 -0.0160639 -0.0317263 -0.0458459 -0.0719821
internal_weight=10800 8448 2352 147 8385 2205 105 2164 1798 1606 677 500 419 287
internal_count=10800 8448 2352 147 8385 2205 105 2164 1798 1606 677 500 419 287
is_linear=0
shrinkage=0.05


Tree=311
num_leaves=15
num_cat=0
split_feature=39 64 9 36 22 49 46 25 64 26 52 65 10 61
split_gain=33.8998 166.185 302.857 256.991 172.517 258.001 125.819 132.94 125.227 119.927 296.935 202.441 527.066 191.854
threshold=79.875000000000014 194.63205700000003 73.362583000000015 19.000651041666668 147.13377104166668 3.5000000000000004 88.322916666666671 104.26753963852599 188.92600250000001 23.012500000000003 0.84874750804349197 42.523274000000008 59.900954250000005 -0.99465189230620676
decision_type=2 2 2 2 2 2 2 2 2 2 2 2 2 2
left_child=9 8 -3 -4 5 -5 7 -7 -2 11 -11 -1 -13 -14
right_child=1 2 3 4 -6 6 -8 -9 -10 10 -12 12 13 -15
leaf_value=0.0020199232408613849 0.00039989774223131951 0.14134748887428839 0.10857792237161923 0.027908775831698287 0.096903011939771799 0.010081544802388522 -0.10829529572846526 -0.092223522261432989 -0.083436749418421344 0.0014993613732325109 0.13684315054717178 -0.16842702389473008 -0.12344771937600203 -0.014069666576165802
leaf_weight=1204 4377 52 66 266 45 102 58 45 44 3502 40 62 41 896
leaf_count=1204 4377 52 66 266 45 102 58 45 44 3502 40 62 41 896
internal_value=-3.81867e-06 0.00298222 0.0269008 0.0164504 0.00447945 -0.00453742 -0.0465694 -0.0216479 -0.000453166 -0.00263128 0.003066 -0.0117887 -0.0284162 -0.0189822
internal_weight=10800 5055 634 582 516 471 205 147 4421 5745 3542 2203 999 937
internal_count=10800 5055 634 582 516 471 205 147 4421 5745 3542 2203 999 937
is_linear=0
shrinkage=0.05


Tree=312
num_leaves=15
num_cat=0
split_feature=65 38 9 24 39 65 24 64 29 25 0 2 65 24
split_gain=33.8593 108.571 68.6055 48.2769 347.872 628.472 326.977 178.25 126.946 115.339 114.049 144.243 137.297 112.159
threshold=287.58038500000004 63.875000000000007 285.86399050000006 294.325579 87.625000000000014 63.145266500000005 288.22990800000008 24.000000000000004 21.712500000000002 105.87740894432582 264.87820500000004 268.5650050000001 270.46035150000006 278.56941200000006
decision_type=2 2 2 2 2 2 2 2 2 2 2 2 2 2
left_child=2 -2 3 6 8 -6 10 -8 -5 -9 -1 12 13 -12
right_child=1 -3 -4 4 5 -7 7 9 -10 -11 11 -13 -14 -15
leaf_value=-0.00093707542064244253 -0.024981874706080327 0.061171314324851012 -0.057624705823568205 -0.058067734461454447 -0.019009099485209357 0.23701226746870413 -0.0051324723874903149 -0.0057861189136192911 0.0065090050404092228 -0.10023653455679456 0.10572173503989524 0.0013911556750866765 -0.0061552003920078285 0.022055551965649314
leaf_weight=8572 64 83 51 82 51 44 131 41 915 154 109 365 74 64
leaf_count=8572 64 83 51 82 51 44 131 41 915 154 109 365 74 64
internal_value=-3.92554e-06 0.0237471 -0.000333862 -5.28608e-05 0.00989909 0.100803 -0.00119653 -0.0503277 0.00114492 -0.0805086 0.000552747 0.0213875 0.0508119 0.0750747
internal_weight=10800 147 10653 10602 1092 95 9510 326 997 195 9184 612 247 173
internal_count=10800 147 10653 10602 1092 95 9510 326 997 195 9184 612 247 173
is_linear=0
shrinkage=0.05


Tree=313
num_leaves=15
num_cat=0
split_feature=9 0 47 65 65 13 0 9 65 65 64 65 6 8
split_gain=34.8832 245.232 352.022 239.364 227.526 126.515 195.299 216.739 131.709 394.98 369.021 271.028 275.543 166.809
threshold=202.67053300000003 197.81774900000002 77.423177083333357 184.93638550000003 183.39475350000004 34.097678503583971 253.29621200000003 227.85165700000002 229.58777250000003 217.24452850000003 213.98713350000003 236.16558250000006 253.29621200000003 199.64899450000004
decision_type=2 2 2 2 2 2 2 2 2 2 2 2 2 2
left_child=1 -1 4 -2 -3 8 7 -7 9 13 -11 12 -10 -5
right_child=3 2 -4 5 -6 6 -8 -9 11 10 -12 -13 -14 -15
leaf_value=-9.78417659238828e-06 -0.084096582778527051 -0.045860481990890191 0.14097984092863833 0.043687249961951675 0.057913507374801811 -0.024097516820492115 0.044677558298720874 -0.16737022193106399 -0.15737368346829164 0.039134614070256556 0.21810684625146004 -0.0010789177352131857 0.012305807335568327 -0.026131226584098971
leaf_weight=7677 91 90 73 128 125 67 42 43 56 89 42 1983 41 253
leaf_count=7677 91 90 73 128 125 67 42 43 56 89 42 1983 41 253
internal_value=-3.00746e-06 0.00169234 0.0469076 -0.00476504 0.014462 -0.00210447 -0.0462862 -0.0811074 0.00050328 0.023195 0.0977326 -0.00509084 -0.0862598 -0.00262219
internal_weight=10800 7965 288 2835 215 2744 152 110 2592 512 131 2080 97 381
internal_count=10800 7965 288 2835 215 2744 152 110 2592 512 131 2080 97 381
is_linear=0
shrinkage=0.05


Tree=314
num_leaves=15
num_cat=0
split_feature=40 6 24 19 5 12 13 18 29 34 28 44 2 55
split_gain=33.238 68.2049 73.9626 134.432 70.3234 63.6646 163.38 68.4691 98.8363 113.305 92.5123 92.3873 100.093 85.6393
threshold=46.625000000000007 212.05684700000003 273.14664800000008 209.93465650000005 274.61923400000006 291.57821000000007 6.4902494555159214 263.13564950000006 30.612500000000004 29.745833333333341 29.137500000000003 71.531250000000014 277.21077400000007 -0.22252093395631442
decision_type=2 2 2 2 2 2 2 2 2 2 2 2 2 2
left_child=1 -1 -3 -4 -5 7 -7 8 9 10 -2 12 -9 -12
right_child=5 2 3 4 -6 6 -8 11 -10 -11 13 -13 -14 -15
leaf_value=-0.022066742577860784 -7.4120320296460702e-05 -0.029268691324910452 0.10109593006923344 -0.024776000890230378 0.050574049939874743 0.0090705979263057592 -0.11194482955667709 0.12013987373738062 -0.068633273518029253 0.065123494536700577 -0.092490053585229021 -0.02738664900747741 0.015550950398811929 -0.0076586781359854819
leaf_weight=85 9999 42 65 62 60 73 44 41 52 65 51 40 51 70
leaf_count=85 9999 42 65 62 60 73 44 41 52 65 51 40 51 70
internal_value=-2.62196e-06 0.0160005 0.0301648 0.0435982 0.0123913 -0.000483311 -0.0370025 -6.77139e-05 -0.000530755 -0.00017635 -0.000602159 0.0355765 0.0629519 -0.0438791
internal_weight=10800 314 229 187 122 10486 117 10369 10237 10185 10120 132 92 121
internal_count=10800 314 229 187 122 10486 117 10369 10237 10185 10120 132 92 121
is_linear=0
shrinkage=0.05


Tree=315
num_leaves=15
num_cat=0
split_feature=52 64 52 65 36 31 48 48 22 34 45 28 28 40
split_gain=33.1873 399.632 149.163 646.186 98.0563 54.7869 128.849 54.0666 46.5057 69.7176 113.763 111.595 73.1058 56.4654
threshold=0.98611507088852057 112.77979850000001 0.97335555334614943 79.608916500000007 23.854687500000008 20.262500000000003 6.3750000000000009 6.6250000000000009 155.3417187135417 30.121875000000006 55.843750000000007 30.162500000000005 30.725000000000005 42.875000000000007
decision_type=2 2 2 2 2 2 2 2 2 2 2 2 2 2
left_child=2 5 8 4 7 -2 -7 -4 9 11 12 -1 -11 -14
right_child=1 -3 3 -5 -6 6 -8 -9 -10 10 -12 -13 13 -15
leaf_value=0.00034391408955777533 -0.036899397142236882 0.15649400854652579 0.00096658559290517586 -0.21277569766071711 0.053821423351448974 -0.0030858978899447826 0.081456163657062208 -0.06674773837736947 -0.042914985497331914 0.058742142573227074 0.097882102501202148 -0.069218243478701036 0.027475731523538178 -0.047426863987061939
leaf_weight=9696 85 43 79 43 58 387 50 46 61 48 46 57 43 58
leaf_count=9696 85 43 79 43 58 387 50 46 61 48 46 57 43 58
internal_value=-2.59612e-06 0.0117833 -0.000654295 -0.0407334 0.000628517 -0.00041379 0.006751 -0.0242843 0.000254657 0.000523655 0.0300488 -6.96866e-05 0.00859408 -0.0155809
internal_weight=10800 565 10235 226 183 522 437 125 10009 9948 195 9753 149 101
internal_count=10800 565 10235 226 183 522 437 125 10009 9948 195 9753 149 101
is_linear=0
shrinkage=0.05


Tree=316
num_leaves=15
num_cat=0
split_feature=9 65 36 65 61 0 12 45 16 43 9 48 35 0
split_gain=33.2269 349.986 599.633 271.69 325.706 219.298 203.84 328.85 159.118 432.56 357.381 446.662 660.968 176.271
threshold=101.43038050000003 92.999075000000019 24.959895833333338 107.96800900000001 -0.5277851165098012 117.51320250000002 90.430653000000021 86.302083333333357 124.43980800000001 67.375000000000014 167.14851550000003 19.375000000000004 21.567708333333336 174.70384700000002
decision_type=2 2 2 2 2 2 2 2 2 2 2 2 2 2
left_child=1 -1 6 4 -2 -6 7 -3 9 -5 11 12 -10 -12
right_child=3 2 -4 8 5 -7 -8 -9 10 -11 13 -13 -14 -15
leaf_value=-0.00070397507353360642 -0.15771139906211334 0.05486627702911695 0.18942548111081126 -0.18296261684533188 0.013501374827457903 -0.0749823464037154 0.0511988937715964 -0.1075481559909307 0.25864152516736544 -0.0081145165979269133 -0.050128165575325803 -0.02152334093116224 0.048448985562170463 -0.00048523028588928112
leaf_weight=5802 54 59 62 42 162 122 207 64 42 200 188 183 294 3319
leaf_count=5802 54 59 62 42 162 122 207 64 42 200 188 183 294 3319
internal_value=-2.47512e-06 0.00238892 0.0480522 -0.00321817 -0.0463016 -0.024639 0.0209991 -0.0298279 0.000203828 -0.0390881 0.00257476 0.0412572 0.0754126 -0.00315997
internal_weight=10800 6194 392 4606 338 284 330 123 4268 242 4026 519 336 3507
internal_count=10800 6194 392 4606 338 284 330 123 4268 242 4026 519 336 3507
is_linear=0
shrinkage=0.05


Tree=317
num_leaves=15
num_cat=0
split_feature=13 14 7 22 19 65 48 9 17 1 65 29 41 25
split_gain=36.0714 50.5708 79.5806 39.8103 136.462 82.424 207.809 114.607 201.297 189.041 120.977 134.099 103.713 75.739
threshold=51.951505312148448 48.789727291666679 98.70367450000002 90.608905307291693 187.04994150000002 24.000000000000004 7.1250000000000009 212.17913500000003 22.019313503797232 167.68715100000003 274.28284400000007 22.237500000000004 91.875000000000014 77.550551733644269
decision_type=2 2 2 2 2 2 2 2 2 2 2 2 2 2
left_child=3 -2 -3 4 5 -1 -7 9 -9 12 11 -10 -8 -5
right_child=1 2 -4 13 -6 6 7 8 10 -11 -12 -13 -14 -15
leaf_value=-0.0032074223188145084 -0.06829734023498453 -0.054178309287285301 0.041142080732165499 -0.046457710983832522 0.095754848266156711 0.12292246940944876 0.017300223384186197 -0.11057015861927842 0.0092263075838084612 0.097660756188478068 0.058280103264705223 -0.07858908837661148 -0.046642345356066595 -0.001057693224152509
leaf_weight=1728 45 40 46 92 40 41 788 47 135 69 67 63 68 7531
leaf_count=1728 45 40 46 92 40 41 788 47 135 69 67 63 68 7531
internal_value=-2.29616e-06 -0.0259796 -0.00330613 0.000319073 0.00514986 0.00391276 0.013535 0.00981306 -0.0163554 0.0186477 0.00070723 -0.0189695 0.0121722 -0.00161164
internal_weight=10800 131 86 10669 3046 3006 1278 1237 312 925 265 198 856 7623
internal_count=10800 131 86 10669 3046 3006 1278 1237 312 925 265 198 856 7623
is_linear=0
shrinkage=0.05


Tree=318
num_leaves=15
num_cat=0
split_feature=36 20 31 43 61 41 43 0 65 35 9 2 48 36
split_gain=35.7404 211.041 260.828 208.128 390.731 124.453 122.862 121.43 283.035 318.1 220.941 366.147 287.984 209.886
threshold=21.733854166666671 259.06076850000005 17.775000000000002 64.375000000000014 -0.9733555533461492 84.875000000000014 60.875000000000007 70.579213000000024 42.523274000000008 18.893750000000004 167.14851550000003 129.95204400000003 12.375000000000002 19.412760416666668
decision_type=2 2 2 2 2 2 2 2 2 2 2 2 2 2
left_child=1 3 -3 4 -1 -6 -4 8 -5 -10 11 12 -9 -14
right_child=-2 2 6 7 5 -7 -8 10 9 -11 -12 -13 13 -15
leaf_value=-0.16521434279588554 -0.0019224437208015567 -0.066383987340296421 -0.0087736968145987314 0.0021345441720383228 0.020326276443343796 -0.061534728209177658 0.085805850425411181 0.07967648856867493 -0.12933637253303168 0.037479643350423773 -8.9054623959665733e-05 0.18921822341068129 -0.10823643295484227 0.017462955354968061
leaf_weight=51 7470 42 42 1670 121 74 183 162 86 42 630 40 42 145
leaf_count=51 7470 42 42 1670 121 74 183 162 86 42 630 40 42 145
internal_value=-2.02721e-06 0.00430522 0.0468526 0.000582306 -0.0434269 -0.0108944 0.0681903 0.00443954 -0.00337622 -0.0747336 0.01822 0.0477965 0.0310934 -0.0111945
internal_weight=10800 3330 267 3063 246 195 225 2817 1798 128 1019 389 349 187
internal_count=10800 3330 267 3063 246 195 225 2817 1798 128 1019 389 349 187
is_linear=0
shrinkage=0.05


Tree=319
num_leaves=15
num_cat=0
split_feature=9 65 54 65 41 33 0 25 65 11 10 4 2 1
split_gain=32.828 163.406 105.562 162.722 101.97 145.066 209.631 119.725 92.2114 86.412 152.568 84.4205 183.478 218.558
threshold=264.13985200000008 271.12187950000003 0.87837969732492682 263.03158350000007 87.375000000000014 25.315625000000004 241.54590150000004 95.128233236136637 267.14005600000007 222.42378750000003 266.05778837500003 272.71499900000009 220.80647450000004 228.40515950000002
decision_type=2 2 2 2 2 2 2 2 2 2 2 2 2 2
left_child=1 11 4 -4 5 6 -2 -6 -8 -7 -11 -1 -13 -14
right_child=2 -3 3 -5 7 9 8 -9 -10 10 -12 12 13 -15
leaf_value=-0.0005249667742108523 -0.028640388003499301 0.076497828120916669 -0.12058148825580771 -0.017262006321944658 -0.10423733940267044 0.057388847663135428 0.11685854775602358 -0.0074240610390058116 0.041592077248489227 -0.083198928060261801 -0.0025536323818837257 -0.060607584785090166 0.12558854102622719 0.018074746865292896
leaf_weight=9302 90 70 46 204 45 40 56 105 150 73 283 52 59 225
leaf_count=9302 90 70 46 204 45 40 56 105 150 73 283 52 59 225
internal_value=-2.43219e-06 0.0009224 -0.00821762 -0.0366775 0.000265941 0.00837815 0.0347982 -0.036966 0.0625186 -0.0114081 -0.0192772 0.000365623 0.0249496 0.0407727
internal_weight=10800 9708 1092 250 842 692 296 150 206 396 356 9638 336 284
internal_count=10800 9708 1092 250 842 692 296 150 206 396 356 9638 336 284
is_linear=0
shrinkage=0.05


Tree=320
num_leaves=15
num_cat=0
split_feature=36 20 31 43 61 51 24 13 14 32 0 65 36 5
split_gain=33.2033 191.731 237.048 186.315 351.787 117.188 116.441 116.109 180.971 103.557 118.501 279.702 229.272 185.399
threshold=21.733854166666671 259.06076850000005 17.775000000000002 64.375000000000014 -0.9733555533461492 3.5000000000000004 275.84149600000006 32.807139614625974 49.708857250000008 25.487500000000004 79.495687500000017 42.523274000000008 20.032552083333336 234.30970600000003
decision_type=2 2 2 2 2 2 2 2 2 2 2 2 2 2
left_child=1 3 -3 4 -1 -6 -4 9 -9 10 11 -5 -13 -12
right_child=-2 2 6 7 5 -7 -8 8 -10 -11 13 12 -14 -15
leaf_value=-0.15659708758959404 -0.0018532604816691792 -0.063248220507900216 0.090094581677725438 0.002414604086580853 0.030255766708324569 -0.046965913737681018 0.013410911941279968 0.13476723188401335 0.013768984051812597 -0.075205574652483301 0.035015896690194712 -0.10584452104746576 0.014685172526562802 -0.018954025682095171
leaf_weight=51 7470 42 151 1670 93 102 74 41 118 42 550 113 60 223
leaf_count=51 7470 42 151 1670 93 102 74 41 118 42 550 113 60 223
internal_value=-2.25991e-06 0.00414929 0.0447034 0.000600776 -0.0410384 -0.0101706 0.0650451 0.00425027 0.0456171 0.00175951 0.00302345 -0.00386967 -0.0641982 0.0194419
internal_weight=10800 3330 267 3063 246 195 225 2817 159 2658 2616 1843 173 773
internal_count=10800 3330 267 3063 246 195 225 2817 159 2658 2616 1843 173 773
is_linear=0
shrinkage=0.05


Tree=321
num_leaves=15
num_cat=0
split_feature=13 17 47 21 65 42 47 12 30 45 54 53 17 1
split_gain=34.9396 228.616 197.74 254.133 136.627 149.87 196.688 136.111 109.548 109.264 94.8375 76.8643 246.226 108.495
threshold=29.186810822946821 19.595518256219851 75.553385416666671 36.792701055333417 229.58777250000003 80.625000000000014 78.904947916666671 251.11743050000004 22.712500000000002 86.677083333333357 1.0000000180025095e-35 -0.99465189230620676 3.1836074203530136 245.96644650000005
decision_type=2 2 2 2 2 2 2 2 2 2 2 2 2 2
left_child=11 -2 3 8 5 -4 9 10 -3 -7 -6 12 -1 -14
right_child=1 2 4 -5 7 6 -8 -9 -10 -11 -12 -13 13 -15
leaf_value=-0.031554529534161012 -0.091870146108435857 -0.035854037607983724 -0.0048160592767481627 -0.0037397843195478724 -0.090053544199820298 0.069823442577783543 0.015168586740778251 0.031646907562794889 -0.12142195677825887 0.17404437507280993 -0.0092307589288490519 0.00037186824011213381 0.14109638350571252 0.040829447106886158
leaf_weight=88 75 76 129 434 58 69 109 114 75 41 95 9321 43 73
leaf_count=88 75 76 129 434 58 69 109 114 75 41 95 9321 43 73
internal_value=-2.7683e-06 -0.00777251 -0.00244429 -0.0232349 0.0173377 0.0379369 0.0630275 -0.00955193 -0.0788739 0.109887 -0.0402553 0.00103798 0.0313233 0.0788856
internal_weight=10800 1275 1200 585 615 348 219 267 151 110 153 9525 204 116
internal_count=10800 1275 1200 585 615 348 219 267 151 110 153 9525 204 116
is_linear=0
shrinkage=0.05


Tree=322
num_leaves=15
num_cat=0
split_feature=31 24 22 0 29 25 6 64 26 36 26 4 64 22
split_gain=32.0854 140.13 355.713 117.496 106.987 136.004 92.8981 87.5065 194.151 158.565 114.302 96.8909 107.434 84.0335
threshold=19.612500000000004 278.51062050000002 126.29556024479167 216.84904350000002 19.712500000000002 97.208343910524391 252.73851850000003 201.85957300000004 21.012500000000003 19.556510416666669 18.962500000000002 104.97042200000001 242.2425345 104.54825483333336
decision_type=2 2 2 2 2 2 2 2 2 2 2 2 2 2
left_child=1 2 7 -3 -4 -6 -7 13 9 10 -9 -10 -13 -1
right_child=-2 3 4 -5 5 6 -8 8 11 -11 -12 12 -14 -15
leaf_value=0.0053908710103515931 -0.0012106068618129762 0.0026979815534277692 0.140510450028207 -0.08552817960001835 -0.021056289217538306 0.043532183926839101 0.1389802359298549 0.051653699068034568 -0.064846307840198278 0.0050549822634664079 0.17160863117980107 0.048673340170530655 -0.047510638775097001 -0.023259677966347054
leaf_weight=713 9026 78 45 72 44 64 43 40 54 57 41 81 44 398
leaf_count=713 9026 78 45 72 44 64 43 40 54 57 41 81 44 398
internal_value=-2.23895e-06 0.00614308 0.0104212 -0.0399365 0.0734044 0.0526131 0.0828215 0.00173108 0.0248592 0.0691982 0.113724 -0.0095184 0.0147082 -0.00488447
internal_weight=10800 1774 1624 150 196 151 107 1428 317 138 81 179 125 1111
internal_count=10800 1774 1624 150 196 151 107 1428 317 138 81 179 125 1111
is_linear=0
shrinkage=0.05


Tree=323
num_leaves=15
num_cat=0
split_feature=9 65 36 65 48 64 49 33 32 36 16 43 9 48
split_gain=33.1451 309.884 559.615 239.197 287.401 177.31 262.075 194.914 177.307 495.052 153.118 369.252 312.928 387.605
threshold=101.43038050000003 92.999075000000019 24.959895833333338 107.96800900000001 13.375000000000002 205.79348500000003 2.5000000000000004 19.631250000000005 20.987500000000004 21.355208333333337 124.43980800000001 67.375000000000014 167.14851550000003 19.375000000000004
decision_type=2 2 2 2 2 2 2 2 2 2 2 2 2 2
left_child=1 -1 5 4 -2 6 8 -8 9 -3 11 -5 13 -12
right_child=3 2 -4 10 -6 -7 7 -9 -10 -11 12 -13 -14 -15
leaf_value=-0.00052232274184466087 -0.14716935505234038 0.097685535663678769 0.18192787284534129 -0.17147818988319052 -0.023068841284429525 0.09119353030178258 -0.14453448137132133 -0.007143584114145226 0.12136573996775005 -0.12018155238694615 0.070338719994249788 -0.0099151443685428133 -0.0030416344881374728 -0.019962054713750663
leaf_weight=5802 55 61 62 42 283 67 40 70 48 44 336 200 3507 183
leaf_count=5802 55 61 62 42 283 67 40 70 48 44 336 200 3507 183
internal_value=-4.38906e-07 0.00238801 0.0453556 -0.00321217 -0.0436373 0.0192245 0.000614191 -0.0579559 0.0428263 0.00611635 -1.27182e-06 -0.0385453 0.00232458 0.0385214
internal_weight=10800 6194 392 4606 338 330 263 110 153 105 4268 242 4026 519
internal_count=10800 6194 392 4606 338 330 263 110 153 105 4268 242 4026 519
is_linear=0
shrinkage=0.05


Tree=324
num_leaves=15
num_cat=0
split_feature=13 54 32 39 64 3 36 41 9 64 41 65 10 13
split_gain=32.1275 44.6809 69.6797 37.432 141.822 299.477 160.292 124.566 161.501 236.776 105.418 128.238 113.354 105.367
threshold=51.951505312148448 0.6078576107927941 21.862500000000004 79.875000000000014 194.63205700000003 28.000000000000004 18.951302083333335 90.625000000000014 264.87820500000004 265.49652300000008 54.625000000000007 63.145266500000005 125.56746525000001 34.097678503583971
decision_type=2 2 2 2 2 2 2 2 2 2 2 2 2 2
left_child=3 2 -2 13 10 -6 -7 8 9 -8 11 -5 -13 -1
right_child=1 -3 -4 4 5 6 7 -9 -10 -11 -12 12 -14 -15
leaf_value=-0.00099576141674878214 -0.090522869134884942 0.016994086669927296 -0.0019466291488881443 -0.0016227905835687847 0.11959203247663874 0.098199328869581229 0.011559402754753305 -0.042413098576503834 -0.070166788400029365 0.12676694007977002 -0.0014267755241137558 0.12640836116910545 0.016706948278641161 -0.033942671055485235
leaf_weight=5442 42 43 46 110 74 49 283 110 45 52 4156 52 43 253
leaf_count=5442 42 43 46 110 74 49 283 110 45 52 4156 52 43 253
internal_value=-8.08151e-07 -0.0245169 -0.0447638 0.000302484 0.00347113 0.0259696 0.0129184 0.00420772 0.0177791 0.0297664 0.000303419 0.0352166 0.0774453 -0.00246513
internal_weight=10800 131 88 10669 4974 613 539 490 380 335 4361 205 95 5695
internal_count=10800 131 88 10669 4974 613 539 490 380 335 4361 205 95 5695
is_linear=0
shrinkage=0.05


Tree=325
num_leaves=15
num_cat=0
split_feature=15 19 15 64 25 24 13 54 43 29 65 33 24 8
split_gain=32.1921 94.7126 133.399 247.965 91.3908 164.076 108.299 81.1185 135.105 92.6884 185.171 155.478 143.057 103.577
threshold=217.50623400000003 199.94320350000004 207.58805900000002 229.01913550000003 104.74827228874399 270.16837750000008 0.89834765407999517 0.6078576107927941 64.375000000000014 30.762500000000003 223.08690000000004 27.815625000000004 297.26105400000006 236.85653950000003
decision_type=2 2 2 2 2 2 2 2 2 2 2 2 2 2
left_child=1 -1 3 -3 5 6 -2 9 -9 10 11 -6 13 -12
right_child=4 2 -4 -5 7 -7 -8 8 -10 -11 12 -13 -14 -15
leaf_value=0.00010992326050833284 0.042470793262697183 -0.0042549155229194601 -0.0029642018272609608 -0.15004008188843729 0.0029033429844647039 0.061537377686682541 -0.040773300139936713 0.0070918325744004865 -0.10093570013906664 0.070995620866211098 0.10641857651518841 -0.12429961405384045 -0.044110407738079283 0.019182615865554128
leaf_weight=9666 64 65 204 52 48 182 97 65 51 48 50 47 57 104
leaf_count=9666 64 65 204 52 48 182 97 65 51 48 50 47 57 104
internal_value=4.96899e-07 -0.000778733 -0.0274553 -0.0697708 0.00956185 0.0291458 -0.00762458 -0.0047618 -0.0408598 0.00714869 -0.00306514 -0.0606679 0.0230336 0.0480098
internal_weight=10800 9987 321 117 813 343 161 470 116 354 306 95 211 154
internal_count=10800 9987 321 117 813 343 161 470 116 354 306 95 211 154
is_linear=0
shrinkage=0.05


Tree=326
num_leaves=15
num_cat=0
split_feature=52 65 52 65 22 7 7 22 34 45 28 28 40 36
split_gain=31.5303 346.229 130.702 581.897 91.9821 118.003 99.9833 43.6808 63.9695 103.603 93.1509 67.804 49.9607 48.4359
threshold=0.98611507088852057 98.502104500000016 0.97335555334614943 79.608916500000007 53.166851442708342 193.77464550000005 215.37086550000001 155.3417187135417 30.121875000000006 55.843750000000007 30.162500000000005 30.725000000000005 42.875000000000007 23.762239583333336
decision_type=2 2 2 2 2 2 2 2 2 2 2 2 2 2
left_child=2 -2 7 4 -4 -6 -7 8 10 11 13 -10 -13 -1
right_child=1 -3 3 -5 5 6 -8 -9 9 -11 -12 12 -14 -15
leaf_value=0.0026458500509987186 -0.0024706295078340736 0.12101099323481322 0.066144222742877901 -0.20141239456663076 -0.070718485904575065 0.076594927932544632 -0.032630317001928422 -0.041622585439883203 0.056578351934416675 0.093491724549614366 -0.063268631683855228 0.025506744197231125 -0.044952390134587128 -0.0050045219969504194
leaf_weight=6705 502 63 41 43 60 40 42 61 48 46 57 43 58 2991
leaf_count=6705 502 63 41 43 60 40 42 61 48 46 57 43 58 2991
internal_value=-2.53179e-07 0.0114876 -0.000635474 -0.0381525 0.00109521 -0.0180178 0.0209312 0.000215376 0.00047608 0.0287579 -9.22739e-05 0.00828297 -0.014999 0.000285608
internal_weight=10800 565 10235 226 183 142 82 10009 9948 195 9753 149 101 9696
internal_count=10800 565 10235 226 183 142 82 10009 9948 195 9753 149 101 9696
is_linear=0
shrinkage=0.05


Tree=327
num_leaves=15
num_cat=0
split_feature=9 64 8 65 48 43 65 31 16 43 9 0 65 9
split_gain=30.7345 273.264 583.283 218.631 365.557 195.241 298.896 184.312 145.955 327.607 249.621 252.463 171.169 155.138
threshold=101.43038050000003 205.09734450000002 211.14921150000001 105.66305050000001 13.375000000000002 65.875000000000014 63.145266500000005 21.162500000000005 124.43980800000001 67.375000000000014 132.91702300000003 96.925260500000022 119.46223000000002 167.14851550000003
decision_type=2 2 2 2 2 2 2 2 2 2 2 2 2 2
left_child=1 -1 -3 4 -2 6 -4 -7 9 -5 11 -10 -12 -14
right_child=3 2 5 8 -6 7 -8 -9 10 -11 12 -13 13 -15
leaf_value=5.7909845305744324e-05 -0.18179184632774975 0.22036663941432569 -0.013484982684964225 -0.1630028349195802 -0.021860508425467853 0.021251183792072185 0.14353451027961103 -0.11309352242274257 -0.037596284598112109 -0.011204322445282831 -0.094439902899748823 0.06922294694934164 0.041475028267495662 -0.0028676563846674816
leaf_weight=5925 41 42 62 42 242 67 58 40 71 206 48 241 208 3507
leaf_count=5925 41 42 62 42 242 67 58 40 71 206 48 241 208 3507
internal_value=-3.33533e-07 0.00229962 0.0514926 -0.00309307 -0.0455893 0.0194177 0.0629668 -0.0295533 -0.000301205 -0.0374635 0.00196909 0.0448723 -0.0015991 -0.00037445
internal_weight=10800 6194 269 4606 283 227 120 107 4323 248 4075 312 3763 3715
internal_count=10800 6194 269 4606 283 227 120 107 4323 248 4075 312 3763 3715
is_linear=0
shrinkage=0.05


Tree=328
num_leaves=15
num_cat=0
split_feature=65 38 9 5 2 48 9 7 5 64 9 64 38 17
split_gain=30.6807 91.8005 62.8854 49.3949 179.587 195.321 340.418 166.44 163.953 101.754 121.169 216.583 212.838 191.235
threshold=287.58038500000004 63.875000000000007 284.32638350000008 237.02630750000003 160.79642450000003 12.375000000000002 212.81880400000003 180.25518350000002 229.38491700000003 289.75058750000005 203.33791900000003 195.84450150000001 67.375000000000014 32.242513513229461
decision_type=2 2 2 2 2 2 2 2 2 2 2 2 2 2
left_child=2 -2 3 8 7 6 -6 -5 -1 10 11 -7 -13 -12
right_child=1 -3 -4 4 5 9 -8 -9 -10 -11 13 12 -14 -15
leaf_value=0.00072278997376302263 -0.022208446103792925 0.05701782095656243 -0.048969615352424709 -0.08271443926610221 -0.0019874223249240056 0.0037385269587356298 -0.16721427525238444 0.032940581286462343 0.053984932158162927 0.073941877689988666 -0.0050705730417908972 0.024962088889800588 0.16927173290141795 -0.10922191303385341
leaf_weight=8447 64 83 65 132 89 433 47 40 146 47 1056 64 42 45
leaf_count=8447 64 83 65 132 89 433 47 40 146 47 1056 64 42 45
internal_value=-9.80865e-07 0.0226078 -0.00031505 -1.1762e-05 -0.00709743 -0.00247588 -0.0598916 -0.055783 0.00163392 0.00218551 8.52756e-05 0.0194884 0.083189 -0.00942269
internal_weight=10800 147 10653 10588 1995 1823 136 172 8593 1687 1640 539 106 1101
internal_count=10800 147 10653 10588 1995 1823 136 172 8593 1687 1640 539 106 1101
is_linear=0
shrinkage=0.05


Tree=329
num_leaves=15
num_cat=0
split_feature=26 29 37 8 28 46 64 18 5 28 31 28 45 15
split_gain=31.0931 95.4051 88.8444 114.66 76.8969 155.262 192.7 556.748 181.08 172.419 318.577 171.495 157.886 131.079
threshold=29.475000000000005 30.725000000000005 50.625000000000007 263.09138400000006 26.812500000000004 65.135416666666671 217.26212850000005 207.93747439583339 255.57108200000002 28.812500000000004 21.862500000000004 27.312500000000004 57.895833333333336 206.08085350000002
decision_type=2 2 2 2 2 2 2 2 2 2 2 2 2 2
left_child=4 2 -2 -4 13 8 -7 -8 -6 11 -11 -10 -13 -1
right_child=1 -3 3 -5 5 6 7 -9 9 10 -12 12 -14 -15
leaf_value=-0.00050616518752244922 0.0022665399197489026 -0.051731065343426287 0.016960566196440145 0.10540227354583094 0.022249989342708887 0.002488113470627145 -0.23727456380923592 -0.025722837825229425 -0.079263064729278548 -0.15228022229857743 -0.003385151375129999 -0.0024008306317232753 0.10400396729278011 0.025620778854522006
leaf_weight=8728 249 50 98 58 398 123 41 121 56 63 82 184 42 507
leaf_count=8728 249 50 98 58 398 123 41 121 56 63 82 184 42 507
internal_value=-1.02815e-06 0.0127767 0.0208484 0.0503047 -0.000564207 -0.0129922 -0.0447384 -0.0803909 -0.00198442 -0.0245721 -0.0686774 -0.00173137 0.0177446 0.000930819
internal_weight=10800 455 405 156 10345 1110 285 162 825 427 145 282 226 9235
internal_count=10800 455 405 156 10345 1110 285 162 825 427 145 282 226 9235
is_linear=0
shrinkage=0.05


Tree=330
num_leaves=15
num_cat=0
split_feature=45 37 21 8 64 65 21 5 13 2 28 9 17 17
split_gain=31.0781 64.5123 60.4219 46.2601 110.305 45.8294 92.0509 52.4764 337.875 165.165 196.265 184.734 152.142 131.252
threshold=42.354166666666679 44.625000000000007 41.083852219581566 299.42234450000007 289.75058750000005 287.58038500000004 26.188303606420138 262.99180150000007 29.485595230390256 210.56295300000002 25.762500000000003 202.67053300000003 42.95197819662576 39.782880387175481
decision_type=2 2 2 2 2 2 2 2 2 2 2 2 2 2
left_child=-1 2 -2 4 5 7 -7 -3 9 12 11 -11 13 -9
right_child=1 3 -4 -5 -6 6 -8 8 -10 10 -12 -13 -14 -15
leaf_value=0.030475554025608555 -0.012483895318915271 0.00080819144977316607 -0.081870521605014804 -0.04774821657687426 0.064895623984436199 -0.008713265826495795 0.08072707885070346 -0.032726802146174461 -0.12747644266208349 0.15032634564808436 -0.0051357040266283675 0.024464039515456833 0.051033754852350538 -0.12627261568393028
leaf_weight=82 111 9427 43 49 65 64 51 165 58 41 459 97 40 48
leaf_count=82 111 9427 43 49 65 64 51 165 58 41 459 97 40 48
internal_value=-2.24313e-06 -0.00023824 -0.0322613 0.000231595 0.000459701 5.27318e-05 0.0313056 -0.000298021 -0.0117711 -0.00373545 0.0106167 0.0626704 -0.0375103 -0.0542991
internal_weight=10800 10718 154 10564 10515 10450 115 10335 908 850 597 138 253 213
internal_count=10800 10718 154 10564 10515 10450 115 10335 908 850 597 138 253 213
is_linear=0
shrinkage=0.05


Tree=331
num_leaves=15
num_cat=0
split_feature=0 16 2 65 37 43 28 43 64 65 9 65 24 39
split_gain=30.8897 121.509 121.497 270.04 265.293 111.964 126.015 95.8245 90.5094 190.987 359.214 127.3 66.6801 274.022
threshold=267.1966680000001 269.21210500000007 263.81563600000004 239.33377250000004 70.375000000000014 53.375000000000007 28.462500000000002 74.875000000000014 252.50721250000004 229.58777250000003 271.84868150000005 209.88092950000001 294.325579 87.625000000000014
decision_type=2 2 2 2 2 2 2 2 2 2 2 2 2 2
left_child=2 -2 12 5 -5 -4 -7 8 9 11 -11 -3 -1 -14
right_child=1 7 3 4 -6 6 -8 -9 -10 10 -12 -13 13 -15
leaf_value=-0.0011074836374828029 0.072718874747743426 -0.025024821484461432 0.07877608003412806 -0.15201298027810917 0.0030960875664554216 0.015391714956300954 -0.088886995213787734 0.060752951843080244 0.010532869043349347 -0.0078070115195587285 -0.1745651877174775 0.092464258764372323 0.0034287990650651206 0.093611103362207737
leaf_weight=8808 68 49 40 70 45 98 40 66 490 99 47 42 744 94
leaf_count=8808 68 49 40 70 45 98 40 66 490 99 47 42 744 94
internal_value=-2.31477e-06 0.00907724 -0.000789696 -0.0324533 -0.0918147 0.00619683 -0.015256 0.00353524 -0.00173553 -0.0270383 -0.0623118 0.0296165 0.000175359 0.0136442
internal_weight=10800 861 9939 293 115 178 138 793 727 237 146 91 9646 838
internal_count=10800 861 9939 293 115 178 138 793 727 237 146 91 9646 838
is_linear=0
shrinkage=0.05


Tree=332
num_leaves=15
num_cat=0
split_feature=40 42 52 6 60 46 26 38 39 17 41 13 7 36
split_gain=30.3539 64.914 96.6311 60.071 124.439 461.531 143.134 126.669 119.824 106.278 104.717 103.629 97.2354 96.8085
threshold=46.625000000000007 84.375000000000014 -0.98611507088852024 261.54221350000006 -0.95642797789208689 59.531250000000007 27.012500000000003 55.875000000000007 77.625000000000014 46.226624869382128 54.875000000000007 22.994455546512217 218.73170300000001 23.549088541666666
decision_type=2 2 2 2 2 2 2 2 2 2 2 2 2 2
left_child=1 2 -1 -2 5 -5 8 -8 9 12 13 -7 -6 -10
right_child=3 -3 -4 4 6 11 7 -9 10 -11 -12 -13 -14 -15
leaf_value=-0.048679233154711815 0.00078310964372836026 0.060688605644400165 0.021996688884658319 -0.15986034069811145 -0.073069297619644674 -0.027433595231369786 -0.0053037663563512841 0.10497931351639189 0.09315098961150009 0.03240685769263655 -0.0098824536461747381 0.071479553826759731 -0.012560134281609523 0.0034013769532920735
leaf_weight=64 9463 62 188 61 154 68 51 52 55 49 309 42 117 65
leaf_count=64 9463 62 188 61 154 68 51 52 55 49 309 42 117 65
internal_value=-2.28527e-06 0.0152908 0.00392579 -0.000461647 -0.0119655 -0.0507595 -0.00412896 0.0508472 -0.0117468 -0.034852 0.0055288 0.010637 -0.0470876 0.0449665
internal_weight=10800 314 252 10486 1023 171 852 103 749 320 429 110 271 120
internal_count=10800 314 252 10486 1023 171 852 103 749 320 429 110 271 120
is_linear=0
shrinkage=0.05


Tree=333
num_leaves=15
num_cat=0
split_feature=15 4 43 25 46 19 64 0 2 8 21 12 14 0
split_gain=31.6204 90.307 123.453 112.462 136.357 88.8337 111.512 271.551 92.3033 85.0795 114.166 74.6776 65.9465 71.6515
threshold=217.18543900000003 232.23885200000004 81.875000000000014 104.81560041481056 75.130208333333357 199.94320350000004 216.30175750000004 267.1966680000001 224.99381000000002 269.17495900000006 23.056642397899097 262.67115500000006 259.7423815416667 266.95445250000006
decision_type=2 2 2 2 2 2 2 2 2 2 2 2 2 2
left_child=5 -2 3 4 9 12 8 -8 -7 10 -3 -10 13 -1
right_child=1 2 -4 -5 -6 6 7 -9 11 -11 -12 -13 -14 -15
leaf_value=-0.00043186526042800682 0.078263635484294769 -0.0040347276103435735 -0.065460519695229702 -0.0058543718342726689 -0.037777223624289036 -0.044221577069793759 -0.14267827458026117 -0.01137513591106548 0.087613923936372712 0.11349502739788922 0.069430342618103047 -0.007087261180969931 -0.054519793140617279 0.023174280994054344
leaf_weight=9268 44 97 56 421 54 51 56 128 41 42 115 41 54 332
leaf_count=9268 44 97 56 421 54 51 56 128 41 42 115 41 54 332
internal_value=-1.92983e-06 0.00937485 0.00541891 0.0109459 0.0338545 -0.000782388 -0.0267845 -0.0518922 0.00807909 0.0491718 0.0359555 0.0407484 7.41054e-05 0.000386843
internal_weight=10800 829 785 729 308 9971 317 184 133 254 212 82 9654 9600
internal_count=10800 829 785 729 308 9971 317 184 133 254 212 82 9654 9600
is_linear=0
shrinkage=0.05


Tree=334
num_leaves=15
num_cat=0
split_feature=13 34 21 22 19 65 24 9 17 2 65 34 41 16
split_gain=29.6703 45.0353 93.2068 35.9798 121.883 73.5562 194.48 104.543 175.939 164.335 104.075 117.171 82.1129 64.787
threshold=51.951505312148448 21.001041666666669 35.691119908672086 90.608905307291693 187.04994150000002 24.000000000000004 69.711257500000016 212.17913500000003 22.019313503797232 167.63988150000003 274.28284400000007 23.572916666666675 91.875000000000014 241.16203400000003
decision_type=2 2 2 2 2 2 2 2 2 2 2 2 2 2
left_child=3 -2 -3 4 5 -1 -7 9 -9 12 11 13 -8 -10
right_child=1 2 -4 -5 -6 6 7 8 10 -11 -12 -13 -14 -15
leaf_value=-0.0030133006177207218 -0.063495444125779302 -0.053610331057147548 0.049306589864533061 -0.0015458500246685449 0.090510440418474017 0.11263361378236021 0.016271380367610267 -0.1040690620073292 -0.031837429916273467 0.094764772245252982 0.05336863295832539 -0.068156825468523072 -0.040252096714352127 0.040814801598588628
leaf_weight=1728 45 43 43 7623 40 46 788 47 51 63 67 73 69 74
leaf_count=1728 45 43 43 7623 40 46 788 47 51 63 67 73 69 74
internal_value=-1.8402e-06 -0.0235618 -0.0021766 0.000289623 0.00488213 0.00371297 0.0128029 0.00898713 -0.0159881 0.0174652 -3.37379e-05 -0.0182816 0.0116789 0.0111553
internal_weight=10800 131 86 10669 3046 3006 1278 1232 312 920 265 198 857 125
internal_count=10800 131 86 10669 3046 3006 1278 1232 312 920 265 198 857 125
is_linear=0
shrinkage=0.05


Tree=335
num_leaves=15
num_cat=0
split_feature=15 3 65 65 9 6 14 6 40 46 29 39 43 40
split_gain=30.0585 143.959 105.482 225.935 120.126 94.1893 80.2206 140.047 75.3416 71.4585 101.608 91.8809 85.0013 117.024
threshold=212.19164300000003 274.61923400000006 167.39460700000004 183.39475350000004 203.33791900000003 272.71499900000009 255.53971687500004 223.45232950000005 55.375000000000007 75.281250000000014 22.787500000000005 69.375000000000014 73.375000000000014 61.375000000000007
decision_type=2 2 2 2 2 2 2 2 2 2 2 2 2 2
left_child=1 6 -2 -4 -5 9 -1 -8 -7 10 -6 -11 -12 -14
right_child=2 -3 3 4 5 8 7 -9 -10 11 12 -13 13 -15
leaf_value=3.6661987103406175e-05 0.08556900464353108 -0.089128312120295095 -0.093907034261660138 0.08418483822248303 0.089016750057538355 0.0022434372021708378 -0.093980733565528135 0.015796416755100445 -0.092986248476748801 0.02684769919585614 0.018702007767550842 -0.071166200816099132 -0.069419960715972326 0.03768506718390599
leaf_weight=9550 41 45 54 51 44 42 60 55 40 41 615 55 67 40
leaf_count=9550 41 45 54 51 44 42 60 55 40 41 615 55 67 40
internal_value=-1.32372e-06 -0.000885385 0.00786771 0.00475217 0.0101954 0.00611328 -0.000465349 -0.041795 -0.0447707 0.011 0.0161026 -0.0294609 0.0115421 -0.0294025
internal_weight=10800 9710 1090 1049 995 944 9665 115 82 862 766 96 722 107
internal_count=10800 9710 1090 1049 995 944 9665 115 82 862 766 96 722 107
is_linear=0
shrinkage=0.05


Tree=336
num_leaves=15
num_cat=0
split_feature=65 65 53 65 64 42 28 65 12 61 53 15 65 8
split_gain=29.5486 638.676 351.373 277.754 354.243 668.686 172.556 95.3934 696.2 344.618 520.135 303.654 292.575 159.556
threshold=229.58777250000003 217.24452850000003 -0.44228869021900119 241.68896250000003 239.31942450000005 85.875000000000014 23.587500000000002 152.31669400000001 95.068245000000005 -0.9733555533461492 -0.9733555533461492 81.780021000000019 144.38797600000004 212.05684700000003
decision_type=2 2 2 2 2 2 2 2 2 2 2 2 2 2
left_child=1 7 -3 4 5 -2 -6 9 -9 11 -11 -1 -12 -10
right_child=3 2 -4 -5 6 -7 -8 8 13 10 12 -13 -14 -15
leaf_value=0.022713990840161891 -0.21345997705227801 0.18140519070564898 0.026894942363103233 0.0015458674830517534 -0.06918353611337287 0.020196727994415496 0.034765827486616212 -0.20899562653238801 0.0072155106056655581 -0.14103538723519216 -2.3896101558708752e-05 0.15062953817347688 0.097987110090333146 -0.034108179589942625
leaf_weight=143 71 73 74 2058 62 53 108 43 727 64 6837 68 76 343
leaf_count=143 71 73 74 2058 62 53 108 43 727 64 6837 68 76 343
internal_value=-1.95424e-06 0.0013781 0.104332 -0.00495735 -0.0503308 -0.114228 -0.003328 -0.000457428 -0.0140719 0.00165232 -0.000255903 0.064454 0.00106763 -0.00605072
internal_weight=10800 8448 147 2352 294 124 170 8301 1113 7188 6977 211 6913 1070
internal_count=10800 8448 147 2352 294 124 170 8301 1113 7188 6977 211 6913 1070
is_linear=0
shrinkage=0.05


Tree=337
num_leaves=15
num_cat=0
split_feature=43 25 7 65 9 65 33 31 24 22 30 25 0 32
split_gain=29.7846 156.165 217.512 76.1806 229.777 79.1883 73.4834 54.2135 128.029 289.125 102.81 139.055 101.495 85.8046
threshold=88.125000000000014 106.2518192023753 215.37086550000001 95.869577000000007 107.96800900000001 63.145266500000005 19.109375000000004 19.612500000000004 278.51062050000002 126.29556024479167 18.425000000000001 97.208343910524391 216.84904350000002 25.487500000000004
decision_type=2 2 2 2 2 2 2 2 2 2 2 2 2 2
left_child=7 3 -3 5 -5 -2 -6 8 9 13 -11 -12 -10 -1
right_child=1 2 -4 4 6 -7 -8 -9 12 10 11 -13 -14 -15
leaf_value=0.0072214327631421049 -0.00046048495147073981 0.15609604454622039 -0.0022361901643230243 0.12871455916927921 -0.057566039579077848 -0.065269134132483725 0.025875373568359606 -0.0023868948528335461 0.0072214547290720731 0.13942890794175428 -0.022912141125886999 0.080195985149422833 -0.078580424041576585 -0.040930855831149783
leaf_weight=1101 622 40 46 44 41 50 70 8354 65 40 46 109 72 100
leaf_count=1101 622 40 46 44 41 50 70 8354 65 40 46 109 72 100
internal_value=-2.42793e-06 0.00863322 0.0723544 0.00192745 0.0334073 -0.00537237 -0.00518413 -0.000800666 0.00783932 0.0123731 0.06868 0.0496454 -0.0381142 0.00318137
internal_weight=10800 913 86 827 155 672 111 9887 1533 1396 195 155 137 1201
internal_count=10800 913 86 827 155 672 111 9887 1533 1396 195 155 137 1201
is_linear=0
shrinkage=0.05


Tree=338
num_leaves=15
num_cat=0
split_feature=15 19 15 64 25 43 25 46 24 0 54 22 5 6
split_gain=30.3834 72.4515 104.534 202.306 73.4929 68.4565 102.713 110.377 82.3155 80.2423 65.8675 127.951 93.8289 130.142
threshold=217.50623400000003 199.94320350000004 207.58805900000002 229.01913550000003 106.87927892455518 82.875000000000014 104.81560041481056 75.130208333333357 270.16837750000008 254.15196650000004 0.6078576107927941 144.81875300520838 277.80985600000002 258.60530300000011
decision_type=2 2 2 2 2 2 2 2 2 2 2 2 2 2
left_child=1 -1 3 -3 -4 6 7 8 -2 -10 12 -12 13 -8
right_child=5 2 4 -5 -6 -7 10 -9 9 -11 11 -13 -14 -15
leaf_value=1.9185563286313335e-05 0.014320873766961806 -0.0023939223621379248 -0.023825524299515084 -0.13405106166061365 0.039228756320995414 -0.042608679531110548 0.03524332185148854 -0.02827000501443093 0.12058766710487279 0.044711113204953024 0.0071764687047554902 -0.10585783711384709 0.043257530144892815 -0.043887003436276696
leaf_weight=9666 105 65 135 52 69 58 87 56 54 101 64 40 122 126
leaf_count=9666 105 65 135 52 69 58 87 56 54 101 64 40 122 126
internal_value=-1.03629e-06 -0.000758059 -0.0240899 -0.0615483 -0.00241102 0.00928784 0.0133257 0.0350141 0.0487006 0.0717491 -0.00233014 -0.0368924 0.0084775 -0.0115525
internal_weight=10800 9987 321 117 204 813 755 316 260 155 439 104 335 213
internal_count=10800 9987 321 117 204 813 755 316 260 155 439 104 335 213
is_linear=0
shrinkage=0.05


Tree=339
num_leaves=15
num_cat=0
split_feature=0 65 65 65 2 27 9 13 0 12 30 37 39 12
split_gain=28.2675 116.493 187.622 185.984 103.836 114.212 130.517 141.907 115.791 110.911 178.524 145.819 106.968 100.402
threshold=266.52725100000004 231.31079250000002 238.56276000000005 213.67016250000003 256.37658150000004 25.762500000000003 255.81438450000005 29.485595230390256 262.68540950000005 260.14684100000005 23.362500000000004 61.375000000000007 65.875000000000014 291.57821000000007
decision_type=2 2 2 2 2 2 2 2 2 2 2 2 2 2
left_child=4 3 -3 -2 9 12 7 -7 -8 -1 11 -11 -6 -4
right_child=1 2 13 -5 5 6 8 -9 -10 10 -12 -13 -14 -15
leaf_value=-0.0001662332652932073 0.011007290420432886 -0.099204837623983633 0.013986454811526543 0.13879877394730492 0.053628361735441915 0.010028214839776214 -0.1489629272811322 -0.075730531919130914 -0.038877006351119944 0.020460931226989488 -0.04193025984345599 0.13122220437385534 -0.014839797372433761 -0.042681710999668318
leaf_weight=9092 89 43 642 41 72 138 44 73 53 63 46 56 260 88
leaf_count=9092 89 43 642 41 72 138 44 73 53 63 46 56 260 88
internal_value=-1.33787e-06 0.00846218 0.00107184 0.0520626 -0.000774324 -0.0202358 -0.0421127 -0.0198591 -0.0898234 0.000573221 0.041075 0.073243 0.000125175 0.00710618
internal_weight=10800 903 773 130 9897 640 308 211 97 9257 165 119 332 730
internal_count=10800 903 773 130 9897 640 308 211 97 9257 165 119 332 730
is_linear=0
shrinkage=0.05


Tree=340
num_leaves=15
num_cat=0
split_feature=26 24 45 18 5 14 2 33 27 4 5 41 8 51
split_gain=28.0101 83.2541 80.5557 95.8489 78.3006 91.2456 69.9789 88.9378 64.1739 66.441 71.091 143.118 90.2428 71.5101
threshold=29.475000000000005 322.07160700000003 55.427083333333336 256.48012066666672 277.80985600000002 271.9317054583334 137.72253300000003 29.943750000000005 29.275000000000002 294.76548300000007 275.19923050000006 60.625000000000007 231.99544850000004 2.5000000000000004
decision_type=2 2 2 2 2 2 2 2 2 2 2 2 2 2
left_child=8 2 3 6 5 -5 -2 -8 9 10 -1 13 -13 -12
right_child=1 -3 -4 4 -6 -7 7 -9 -10 -11 11 12 -14 -15
leaf_value=9.6090595387749204e-05 0.018269947096819773 -0.049503175017176847 0.065204485849692281 0.048312165935374338 0.093844490427346466 -0.036601286331334935 -0.0019233880260465096 -0.10159409337100529 -0.058215357908435787 0.061754657397436546 -0.030824201518966667 0.054069202136797979 -0.03931213818490506 -0.10895974678602421
leaf_weight=10032 69 48 77 80 41 51 48 41 47 42 68 60 44 52
leaf_count=10032 69 48 77 80 41 51 48 41 47 42 68 60 44 52
internal_value=-1.65647e-06 0.0121261 0.0194979 0.00866823 0.0344017 0.0152274 -0.0193855 -0.0484578 -0.000536185 -0.000267311 -0.000527297 -0.0283225 0.0145636 -0.0653036
internal_weight=10800 455 407 330 172 131 158 89 10345 10298 10256 224 104 120
internal_count=10800 455 407 330 172 131 158 89 10345 10298 10256 224 104 120
is_linear=0
shrinkage=0.05


Tree=341
num_leaves=15
num_cat=0
split_feature=13 65 22 19 9 65 24 42 25 22 36 39 22 64
split_gain=27.5573 41.3475 33.7331 108.417 70.6469 88.687 167.44 91.7484 131.927 64.5037 173.686 306.15 243.864 256.57
threshold=51.951505312148448 107.19768550000002 90.608905307291693 187.04994150000002 278.29070450000006 24.000000000000004 69.711257500000016 90.875000000000014 56.81304503174772 137.26212379166671 21.914973958333338 54.625000000000007 133.54962194270834 74.836544500000016
decision_type=2 2 2 2 2 2 2 2 2 2 2 2 2 2
left_child=2 -2 3 4 5 -1 -7 -8 -9 10 -4 -12 13 -13
right_child=1 -3 9 -5 -6 6 7 8 -10 -11 11 12 -14 -15
leaf_value=-0.0027958037254388283 -0.054317032231684326 0.002040020445982615 0.0038793145697790343 0.085485526133419532 -0.061565152846458485 0.10731145690413231 0.015434704587278584 0.017192622581496838 -0.093566854869262611 0.003846189704586687 0.039817744465417249 -0.0087017650677148339 -0.0086707675842082384 -0.071337960249973228
leaf_weight=1728 57 74 2331 40 40 46 1085 59 48 3243 218 272 1149 410
leaf_count=1728 57 74 2331 40 40 46 1085 59 48 3243 218 272 1149 410
internal_value=-1.96887e-06 -0.0227075 0.000278924 0.00472573 0.00362301 0.0045226 0.0147316 0.011072 -0.0329002 -0.00149832 -0.00545543 -0.0160716 -0.0227439 -0.0464063
internal_weight=10800 131 10669 3046 3006 2966 1238 1192 107 7623 4380 2049 1831 682
internal_count=10800 131 10669 3046 3006 2966 1238 1192 107 7623 4380 2049 1831 682
is_linear=0
shrinkage=0.05


Tree=342
num_leaves=15
num_cat=0
split_feature=47 46 47 21 46 12 8 31 22 19 54 42 8 22
split_gain=28.1458 164.541 122.048 236.051 244.687 161.577 118.303 91.7267 103.556 278.06 111.425 92.6236 179.588 95.4663
threshold=80.757812500000014 90.885416666666671 81.553385416666671 79.565024511573284 88.005208333333357 246.79425500000005 251.70151450000003 19.612500000000004 125.64656252604168 145.02633600000004 0.6078576107927941 89.125000000000014 209.47377550000002 88.043009151041687
decision_type=2 2 2 2 2 2 2 2 2 2 2 2 2 2
left_child=1 7 3 4 -2 6 -4 8 -1 10 -10 13 -13 -9
right_child=2 -3 5 -5 -6 -7 -8 11 9 -11 -12 12 -14 -15
leaf_value=0.0057249364773438068 -0.0019032577485859294 0.092632048342814105 -0.0015528968846978738 -0.13910977853418782 -0.11294476750118887 0.044560419672768546 -0.076956930784163657 0.008174979597044784 0.17056873053675747 -0.0013604575896090255 0.06221178457621606 -0.015080315291526772 0.1088235595475205 -0.0049835486673183958
leaf_weight=740 383 48 1418 42 56 190 53 1818 40 145 61 62 54 5690
leaf_count=740 383 48 1418 42 56 190 53 1818 40 145 61 62 54 5690
internal_value=-1.99052e-06 0.00126771 -0.00513235 -0.027283 -0.0162925 0.00129471 -0.00432013 0.000747666 0.0150902 0.0431248 0.106377 -0.00110896 0.0430362 -0.00179666
internal_weight=10800 8658 2142 481 439 1661 1471 8610 986 246 101 7624 116 7508
internal_count=10800 8658 2142 481 439 1661 1471 8610 986 246 101 7624 116 7508
is_linear=0
shrinkage=0.05


Tree=343
num_leaves=15
num_cat=0
split_feature=37 21 26 35 27 4 28 20 18 47 22 37 64 13
split_gain=27.9764 75.0913 74.6069 118.102 83.967 93.907 66.4413 54.5548 110.541 135.889 134.764 111.077 106.602 113.606
threshold=47.375000000000007 45.981095478513502 30.162500000000005 29.603645833333339 29.887500000000003 294.76548300000007 30.212500000000002 282.08765550000004 236.39226422916667 75.221354166666671 140.08700658333336 78.125000000000014 24.000000000000004 13.351496810053431
decision_type=2 2 2 2 2 2 2 2 2 2 2 2 2 2
left_child=1 -1 4 -4 5 7 -6 -2 12 10 -10 -11 -9 -14
right_child=2 -3 3 -5 6 -7 -8 8 9 11 -12 -13 13 -15
leaf_value=-0.0019074860343285954 0.0010019755283294952 -0.058633919746136742 0.076344614306205441 -0.021500171487237894 -0.0066684728012316764 0.070174470947434509 -0.095298955062540575 -0.027124478448641989 -0.11741982088493769 0.036693929980749322 -0.030544813330946625 -0.056964661939612908 0.07636970865080156 -0.008143383079486621
leaf_weight=276 9577 73 78 50 44 47 40 115 66 92 137 47 82 76
leaf_count=276 9577 73 78 50 44 47 40 115 66 92 137 47 82 76
internal_value=-1.24848e-06 -0.0139065 0.000464389 0.0382536 -7.83775e-06 0.000402971 -0.0494981 7.43694e-05 -0.0143488 -0.033248 -0.059227 0.00484451 0.00936207 0.0359223
internal_weight=10800 349 10451 128 10323 10239 84 10192 615 342 203 139 273 158
internal_count=10800 349 10451 128 10323 10239 84 10192 615 342 203 139 273 158
is_linear=0
shrinkage=0.05


Tree=344
num_leaves=15
num_cat=0
split_feature=37 21 17 25 64 26 4 53 13 17 44 37 44 26
split_gain=27.094 124.694 165.022 262.149 303.174 103.982 102.771 85.9742 110.36 77.8892 82.7251 74.4488 136.099 69.9138
threshold=58.875000000000007 27.272846136893399 19.595518256219851 106.28973495668772 230.67651000000004 27.637500000000003 294.76548300000007 -0.83146961230254512 0.91425697716869847 28.312041507273012 56.531250000000007 50.625000000000007 55.156250000000007 25.662500000000005
decision_type=2 2 2 2 2 2 2 2 2 2 2 2 2 2
left_child=1 7 3 4 -3 -4 13 8 -1 10 -9 -7 -13 -2
right_child=6 2 5 -5 -6 11 -8 9 -10 -11 -12 12 -14 -15
leaf_value=0.013559116093350239 -0.00078360776812502341 0.033069861081739267 -0.033815273161123816 -0.17370321287640506 -0.13479772025630588 -0.0083766130975994248 0.071043765222510477 0.013119791105656357 0.10264350669648575 -0.0499501068610698 -0.061478210917515 0.10370860082261704 -0.0064637252772670427 0.014422742763582777
leaf_weight=121 8569 74 224 41 41 183 51 397 48 71 40 50 62 828
leaf_count=121 8569 74 224 41 41 183 51 397 48 71 40 50 62 828
internal_value=-1.94347e-06 -0.00661951 -0.0218116 -0.0667312 -0.0274247 -0.00820733 0.000945625 0.00853747 0.0393161 -0.00175901 0.00616683 0.0112859 0.0432029 0.000557665
internal_weight=10800 1352 675 156 115 519 9448 677 169 508 437 295 112 9397
internal_count=10800 1352 675 156 115 519 9448 677 169 508 437 295 112 9397
is_linear=0
shrinkage=0.05


Tree=345
num_leaves=15
num_cat=0
split_feature=65 65 65 53 9 65 42 65 12 61 53 2 65 41
split_gain=27.1118 578.987 255.693 130.127 691.73 113.656 153.864 98.5612 636.341 312.639 456.379 290.124 260.091 158.231
threshold=229.58777250000003 223.08690000000004 233.25313400000002 -0.98611507088852035 214.41369250000002 216.30175750000004 85.375000000000014 152.31669400000001 95.068245000000005 -0.9733555533461492 -0.9733555533461492 126.66295700000002 144.38797600000004 51.625000000000007
decision_type=2 2 2 2 2 2 2 2 2 2 2 2 2 2
left_child=1 5 -2 4 -4 7 -7 9 -9 11 -11 -1 -12 -10
right_child=2 -3 3 -5 -6 6 -8 8 13 10 12 -13 -14 -15
leaf_value=0.031320399154231127 -0.10332095623016357 0.15113734356709757 0.060133657066748947 0.0004598895865749929 -0.21365668782737199 0.10045405662749546 -0.022259059773628104 -0.20075385550206359 0.06187967978990995 -0.13204262350614257 3.7383371897902628e-05 0.17583273757164453 0.092447499207571726 -0.012138278784881764
leaf_weight=168 63 63 52 2197 40 63 42 43 77 64 6837 43 76 972
leaf_count=168 63 63 52 2197 40 63 42 43 77 64 6837 43 76 972
internal_value=-2.39161e-06 0.00131953 -0.00474906 -0.00199214 -0.059923 0.000175998 0.0516219 -0.00048255 -0.0144713 0.00164433 -0.000173214 0.0614613 0.00106654 -0.00665136
internal_weight=10800 8448 2352 2289 92 8385 105 8280 1092 7188 6977 211 6913 1049
internal_count=10800 8448 2352 2289 92 8385 105 8280 1092 7188 6977 211 6913 1049
is_linear=0
shrinkage=0.05


Tree=346
num_leaves=15
num_cat=0
split_feature=9 65 65 65 0 41 40 22 16 11 9 53 65 21
split_gain=27.8505 143.402 86.3425 337.931 201.377 74.7782 95.0605 147.816 91.6579 72.5598 171.646 276.455 192.452 192.664
threshold=264.13985200000008 271.12187950000003 262.33844350000004 229.58777250000003 259.76202200000006 90.375000000000014 60.375000000000007 135.57248066145837 284.15934500000009 242.35526600000003 218.54977050000002 -0.98611507088852035 202.69718150000003 22.634540718149587
decision_type=2 2 2 2 2 2 2 2 2 2 2 2 2 2
left_child=1 9 3 4 -2 6 7 -4 -9 10 -1 -12 -13 -14
right_child=2 -3 5 -5 -6 -7 -8 8 -10 -11 11 12 13 -15
leaf_value=0.00098740930118588642 -0.070302552162181772 0.071648137901030792 0.094563353176821366 -0.11661048975307496 0.066814512155345979 0.057767273536791987 -0.014580667579506401 0.021986155818385169 -0.061058407169249318 0.015327879288158711 -0.15006945642332237 -0.12035389040552436 0.092368199442361687 -0.017900639372980247
leaf_weight=8268 41 70 54 79 73 50 625 126 44 743 41 41 42 503
leaf_count=8268 41 70 54 79 73 50 625 126 44 743 41 41 42 503
internal_value=-2.32055e-06 0.000849519 -0.00756911 -0.037821 0.017318 -0.00103974 -0.00456694 0.0233138 0.000260897 0.000327934 -0.000926594 -0.0261272 -0.0172146 -0.00924925
internal_weight=10800 9708 1092 193 114 899 849 224 170 9638 8895 627 586 545
internal_count=10800 9708 1092 193 114 899 849 224 170 9638 8895 627 586 545
is_linear=0
shrinkage=0.05


Tree=347
num_leaves=15
num_cat=0
split_feature=39 64 9 36 42 47 31 64 64 28 8 29 22 41
split_gain=27.4971 127.069 236.271 174.39 124.032 108.652 136.782 149.297 99.7687 94.3231 235.993 117.566 109.455 89.9228
threshold=79.875000000000014 194.63205700000003 73.362583000000015 19.000651041666668 88.125000000000014 71.519531250000014 22.487500000000004 249.19958150000005 188.92600250000001 20.987500000000004 238.50712750000002 19.512500000000003 23.216666666666672 54.625000000000007
decision_type=2 2 2 2 2 2 2 2 2 2 2 2 2 2
left_child=9 8 -3 -4 5 -5 7 -7 13 10 -1 -11 -13 -2
right_child=1 2 3 4 -6 6 -8 -9 -10 11 -12 12 -14 -15
leaf_value=-0.012840651283245619 0.032529103518866648 0.12468688786029816 0.090263093875915704 -0.052966564703804564 -0.038431237774028439 0.046369270274837344 0.098172010841040783 -0.0258886983532172 -0.074387122951447962 0.050021557400592366 -0.13828500149453557 0.077904855617224572 -0.0022030333964389178 -0.0011562361193168207
leaf_weight=442 207 52 66 46 126 158 57 129 44 112 40 42 5109 4170
leaf_count=442 207 52 66 46 126 158 57 129 44 112 40 42 5109 4170
internal_value=-2.80353e-06 0.0026865 0.0236016 0.0143715 0.00450863 0.0184443 0.0281193 0.0139138 -0.00031751 -0.00236917 -0.0235157 -0.000428411 -0.00153486 0.0004439
internal_weight=10800 5055 634 582 516 390 344 287 4421 5745 482 5263 5151 4377
internal_count=10800 5055 634 582 516 390 344 287 4421 5745 482 5263 5151 4377
is_linear=0
shrinkage=0.05


Tree=348
num_leaves=15
num_cat=0
split_feature=65 9 11 17 33 32 5 2 48 9 22 5 31 28
split_gain=27.6158 106.063 98.6675 72.5469 52.8014 42.4555 41.5137 155.309 154.96 291.554 149.909 141.158 94.3084 115.953
threshold=280.98983350000009 284.32638350000008 222.42378750000003 22.019313503797232 25.618750000000002 31.525000000000002 237.02630750000003 160.79642450000003 12.375000000000002 212.81880400000003 143.83039347916667 229.38491700000003 17.525000000000002 25.137500000000003
decision_type=2 2 2 2 2 2 2 2 2 2 2 2 2 2
left_child=1 5 -2 -4 -5 6 11 10 9 -9 -8 -1 -10 -14
right_child=2 -3 3 4 -6 -7 7 8 12 -11 -12 -13 13 -15
leaf_value=0.00037543225410262889 0.087326052784919742 -0.079691092031342656 0.041796274712358257 0.021634258562584829 -0.042392960554835477 0.050093450503689907 -0.079309076781731186 5.0640719839268267e-05 -0.050734341774641735 -0.1528370680791947 0.027059973908795248 0.050133060087401683 0.022405637596349195 -0.0059270236169093084
leaf_weight=8390 40 41 75 50 87 41 128 89 80 47 44 144 574 970
leaf_count=8390 40 41 75 50 87 41 128 89 80 47 44 144 574 970
internal_value=-1.85882e-06 -0.000393377 0.0163227 0.0025788 -0.0190379 -7.63897e-05 -0.000277694 -0.00689404 -0.00244918 -0.0535155 -0.0520993 0.0012208 0.00185761 0.00461366
internal_weight=10800 10548 252 212 137 10507 10466 1932 1760 136 172 8534 1624 1544
internal_count=10800 10548 252 212 137 10507 10466 1932 1760 136 172 8534 1624 1544
is_linear=0
shrinkage=0.05


Tree=349
num_leaves=15
num_cat=0
split_feature=43 25 20 65 9 65 33 31 24 22 52 30 32 13
split_gain=26.9369 140.708 204.107 68.2254 212.922 71.7379 64.1656 42.0077 109.2 239.289 95.1869 89.3529 73.2875 146.531
threshold=88.125000000000014 106.2518192023753 129.53476700000002 95.869577000000007 107.96800900000001 63.145266500000005 19.109375000000004 19.612500000000004 278.51062050000002 126.29556024479167 -0.95642797789208689 23.662500000000005 25.487500000000004 1.2278128895604621
decision_type=2 2 2 2 2 2 2 2 2 2 2 2 2 2
left_child=7 3 -3 5 -5 -2 -6 8 9 12 -11 -10 -1 -14
right_child=1 2 -4 4 6 -7 -8 -9 11 10 -12 -13 13 -15
leaf_value=0.0064034588069120145 -0.00038827068390580527 0.14797008671032796 -0.005178492408974663 0.12338141011695068 -0.054452312083560085 -0.062072806608150989 0.023521238886816821 -0.0021576831577156332 -0.077618279461890011 0.0010497150340412116 0.082099786866967561 0.0028857438231831138 0.011503473825019893 -0.11096620583543326
leaf_weight=1101 622 41 45 44 41 50 70 8354 65 48 147 72 60 40
leaf_count=1101 622 41 45 44 41 50 70 8354 65 48 147 72 60 40
internal_value=-2.27524e-06 0.00821018 0.0686958 0.00184489 0.0316357 -0.00506331 -0.00550883 -0.000761395 0.00684405 0.0110314 0.0622561 -0.0355953 0.00266948 -0.038098
internal_weight=10800 913 86 827 155 672 111 9887 1533 1396 195 137 1201 100
internal_count=10800 913 86 827 155 672 111 9887 1533 1396 195 137 1201 100
is_linear=0
shrinkage=0.05


Tree=350
num_leaves=15
num_cat=0
split_feature=31 4 36 22 65 0 43 61 51 53 43 64 8 14
split_gain=26.6582 48.3999 32.8918 150.659 142.627 562.364 107.712 300.655 111.986 110.281 100.271 78.6191 136.673 93.1899
threshold=16.862500000000004 201.29493450000004 21.733854166666671 127.78606808333335 81.492148500000013 108.34217550000001 63.875000000000007 -0.95642797789208678 3.5000000000000004 -0.99465189230620676 60.875000000000007 248.40562600000001 236.19549900000004 239.45131537500004
decision_type=2 2 2 2 2 2 2 2 2 2 2 2 2 2
left_child=1 -1 3 6 -5 -6 7 -2 -9 -8 -7 12 13 -11
right_child=2 -3 -4 4 5 10 9 8 -10 11 -12 -13 -14 -15
leaf_value=0.010613254284013123 -0.14774260725016181 -0.048950878591587144 -0.0015360295562014267 -0.0078075052292677326 0.18331689258653022 -0.034457422989819735 0.066869180395912664 0.035899545418865544 -0.055166940101688468 -0.0025848905679390641 0.035250347225541524 -0.049177306532663737 0.049012938946032446 0.052045639749202469
leaf_weight=62 45 74 7470 166 62 69 64 84 55 2151 196 75 147 80
leaf_count=62 45 74 7470 166 62 69 64 84 55 2151 196 75 147 80
internal_value=-1.76341e-06 -0.0219174 0.000279759 0.00452561 0.0299138 0.0490282 -0.000117727 -0.0369408 -0.000270623 0.00258775 0.0170387 0.000884047 0.00248295 -0.000603489
internal_weight=10800 136 10664 3194 493 327 2701 184 139 2517 265 2453 2378 2231
internal_count=10800 136 10664 3194 493 327 2701 184 139 2517 265 2453 2378 2231
is_linear=0
shrinkage=0.05


Tree=351
num_leaves=15
num_cat=0
split_feature=45 35 44 36 24 24 65 65 21 20 39 42 35 11
split_gain=26.4335 132.088 52.4035 46.8113 39.3371 172.737 108.039 446.711 129.709 110.15 106.883 216.544 107.17 101.7
threshold=92.729166666666671 19.413020833333338 93.843750000000014 20.073437500000004 285.31225600000005 291.91166700000002 71.13744800000002 100.74374050000002 26.352298381090488 261.95849400000003 87.375000000000014 72.125000000000014 21.709375000000001 256.84243500000008
decision_type=2 2 2 2 2 2 2 2 2 2 2 2 2 2
left_child=2 3 4 -2 -1 6 -6 -8 13 -10 12 -12 -7 -9
right_child=1 -3 -4 -5 5 10 7 8 9 -11 11 -13 -14 -15
leaf_value=0.0012325088819474773 0.012652452006226495 0.081809467612866088 -0.04774825946058564 -0.045367777302789576 0.0009018504642252181 -0.064190289908419226 -0.20159726134705835 0.079897100922313447 -0.091743126601494598 -0.018750373498321728 -0.016737945649462443 0.13917739380461475 0.0036109193445752782 -0.020308542883140036
leaf_weight=8868 104 57 57 51 184 61 40 41 86 129 47 41 971 63
leaf_count=8868 104 57 57 51 184 61 40 41 86 129 47 41 971 63
internal_value=-1.27908e-06 0.0174382 -0.000352077 -0.00660652 -9.10319e-05 -0.00714535 -0.0302609 -0.046191 -0.0261352 -0.048237 0.00407854 0.056652 -0.00045497 0.0195803
internal_weight=10800 212 10588 155 10531 1663 543 359 319 215 1120 88 1032 104
internal_count=10800 212 10588 155 10531 1663 543 359 319 215 1120 88 1032 104
is_linear=0
shrinkage=0.05


Tree=352
num_leaves=15
num_cat=0
split_feature=22 46 36 46 35 25 21 48 48 17 36 14 13 52
split_gain=27.1491 144.132 106.193 240.474 136.186 161.62 133.8 459.957 111.691 139.52 108.157 147.966 100.795 76.137
threshold=140.08700658333336 90.546875000000014 23.047786458333338 72.854166666666671 21.444791666666667 105.3195466553865 1.2382070770162167e-05 6.1250000000000009 6.3750000000000009 57.647390690892948 26.592968750000008 280.6269445833334 2.4520808921504345 0.81241147629689026
decision_type=2 2 2 2 2 2 2 2 2 2 2 2 2 2
left_child=-1 2 3 -2 5 -4 7 -6 -7 -10 11 -8 -12 -5
right_child=1 -3 4 13 6 8 10 -9 9 -11 12 -13 -14 -15
leaf_value=-0.0013808464223811789 0.13857681225661353 0.097534495792010942 0.043591511017847355 -0.018833693399731267 -0.0027646526864361174 -0.0026372976135462523 4.952298831360947e-05 0.16872099070361693 -0.16131021931291897 -0.033225335538523589 -0.0021707244867843296 0.086448251257887965 -0.093906739572512693 0.060733387925411497
leaf_weight=8292 45 40 40 94 149 41 1749 52 46 40 62 50 57 43
leaf_count=8292 45 40 40 94 149 41 1749 52 46 40 62 50 57 43
internal_value=-2.08157e-06 0.00455515 0.0030093 0.039659 7.53653e-05 -0.0432579 0.00350929 0.0422154 -0.0707389 -0.102803 -0.000566868 0.00249751 -0.0465279 0.00639904
internal_weight=10800 2508 2468 182 2286 167 2119 201 127 86 1918 1799 119 137
internal_count=10800 2508 2468 182 2286 167 2119 201 127 86 1918 1799 119 137
is_linear=0
shrinkage=0.05


Tree=353
num_leaves=15
num_cat=0
split_feature=64 16 64 39 8 26 22 18 38 65 22 55 30 2
split_gain=26.2623 276.713 161.695 114.667 113.282 108.453 102.157 156.152 134.366 101.917 94.2355 188.478 252.94 121.695
threshold=194.63205700000003 82.08473050000002 190.66043800000003 92.375000000000014 205.79348500000003 22.487500000000004 153.79876114583337 267.33206466666672 57.875000000000007 188.24832300000006 145.63369552083336 -0.56174490092936669 22.487500000000004 282.29026750000008
decision_type=2 2 2 2 2 2 2 2 2 2 2 2 2 2
left_child=2 -2 4 6 -1 -6 7 10 -9 -4 13 -12 -13 -3
right_child=1 3 9 -5 5 -7 -8 8 -10 -11 11 12 -14 -15
leaf_value=-4.2808795995420884e-05 0.12701477924775748 0.0049907290838030558 -0.12554719877163215 0.080424336263019106 -0.11546592224480175 -0.013112470807714594 -0.076554646168369808 0.0057852426803735799 0.13240436414877574 -0.015622940507124773 0.0044678087650894009 -0.024541457232783784 -0.17471699566557641 -0.073817252561450011
leaf_weight=7581 44 2419 41 45 40 71 41 42 41 43 213 90 40 49
leaf_count=7581 44 2419 41 45 40 71 41 42 41 43 213 90 40 49
internal_value=-6.83937e-07 0.00395232 -0.00153828 0.0020933 -0.000780291 -0.0506982 0.000865326 0.00198822 0.0691637 -0.0701223 -1.91524e-05 -0.0245365 -0.0717303 0.0033968
internal_weight=10800 3024 7776 2980 7692 111 2935 2894 83 84 2811 343 130 2468
internal_count=10800 3024 7776 2980 7692 111 2935 2894 83 84 2811 343 130 2468
is_linear=0
shrinkage=0.05


Tree=354
num_leaves=15
num_cat=0
split_feature=47 46 47 46 21 12 8 19 65 9 65 17 25 16
split_gain=26.7401 125.052 111.569 204.344 229.203 141.178 101.938 84.921 104.692 176.226 83.2058 198.484 176.82 123.651
threshold=80.829427083333357 90.885416666666671 81.476562500000014 88.005208333333357 77.498709640484108 246.79425500000005 251.70151450000003 132.54176400000003 127.44013800000002 157.72236450000003 42.523274000000008 17.460535821697874 78.567894293759224 118.87892050000001
decision_type=2 2 2 2 2 2 2 2 2 2 2 2 2 2
left_child=1 -1 3 4 -2 6 7 8 10 -10 -4 12 -12 -13
right_child=2 -3 5 -5 -6 -7 -8 -9 9 -11 11 13 -14 -15
leaf_value=0.00076570212154907251 -0.0015341021777802151 0.0800674113035202 0.0015849513498151374 -0.1279056430986637 -0.1271484697623769 0.040469300742492754 -0.072097989171743398 -0.050029962835298196 0.10229500700648016 -0.0013606985931151681 -0.018659531342841328 0.074466700564053925 -0.16514170918436277 -0.030370306140050676
leaf_weight=8648 318 49 989 45 40 195 53 86 64 111 41 43 41 77
leaf_count=8648 318 49 989 45 40 195 53 86 64 111 41 43 41 77
internal_value=-1.8734e-06 0.00122165 -0.00505996 -0.0286785 -0.0158843 0.000552594 -0.00464278 -0.00213264 0.000917248 0.0369135 -0.00439841 -0.0335567 -0.0930079 0.00750125
internal_weight=10800 8697 2103 403 358 1700 1505 1452 1366 175 1191 202 82 120
internal_count=10800 8697 2103 403 358 1700 1505 1452 1366 175 1191 202 82 120
is_linear=0
shrinkage=0.05


Tree=355
num_leaves=15
num_cat=0
split_feature=25 56 22 46 36 29 35 21 48 36 28 5 22 48
split_gain=25.4137 101.713 28.7156 124.228 98.2031 221.181 132.741 119.421 413.489 95.0511 130.016 163.985 93.2329 112.254
threshold=1.3929144002467906 6.6250000000000009 140.08700658333336 90.364583333333357 23.047786458333338 22.862500000000004 21.444791666666667 1.2382070770162167e-05 6.1250000000000009 26.592968750000008 30.012500000000003 274.61923400000006 142.8302186822917 6.3750000000000009
decision_type=2 2 2 2 2 2 2 2 2 2 2 2 2 2
left_child=1 -1 -2 4 5 -4 12 8 -8 10 -9 -12 -6 -14
right_child=2 -3 3 -5 6 -7 7 9 -10 -11 11 -13 13 -15
leaf_value=-0.0049056014488237584 -0.0017306497995095305 0.087554432794724302 0.0083435862246696042 0.085799106663983812 0.012048705025874781 0.1404582998022528 -0.0026632453418957694 -0.0006077501103911964 0.15992918385517838 -0.043520660333063767 -0.0095027282617466402 0.1269362951102464 -0.0025438565117794844 -0.10625308864336047
leaf_weight=108 8144 40 140 45 52 40 149 1712 52 119 42 45 41 71
leaf_count=108 8144 40 140 45 52 40 149 1712 52 119 42 45 41 71
internal_value=-3.14346e-06 0.0205035 -0.000289963 0.00438707 0.00286543 0.0383162 5.48047e-05 0.00341682 0.039984 -0.000434134 0.00243854 0.0617097 -0.0431423 -0.0686466
internal_weight=10800 148 10652 2508 2463 180 2283 2119 201 1918 1799 87 164 112
internal_count=10800 148 10652 2508 2463 180 2283 2119 201 1918 1799 87 164 112
is_linear=0
shrinkage=0.05


Tree=356
num_leaves=15
num_cat=0
split_feature=65 9 11 17 33 21 21 9 32 30 24 32 29 64
split_gain=25.5898 94.3937 91.6869 62.3196 47.9362 41.5347 104.025 93.4378 109.452 80.4249 83.3457 75.6383 91.7957 74.4433
threshold=280.98983350000009 284.32638350000008 222.42378750000003 22.019313503797232 26.065625000000004 88.750014985884562 80.571152020363357 276.10256350000003 23.062500000000004 19.512500000000003 288.22990800000008 23.962500000000002 22.512500000000003 213.40162650000002
decision_type=2 2 2 2 2 2 2 2 2 2 2 2 2 2
left_child=1 5 -2 -4 -5 6 -1 8 -7 -10 13 -8 -13 -11
right_child=2 -3 3 4 -6 7 11 -9 9 10 -12 12 -14 -15
leaf_value=-0.000136266547424367 0.084158995611275114 -0.07518623857980683 0.038812587689608338 0.017299417936211006 -0.042322722279731141 0.04052226051942192 -0.008317459136491916 0.080597079367093427 -0.058738294074822575 -0.021345368049923708 -0.032030431244281996 -0.10697750487538465 -0.008628811164781815 0.033499803391910686
leaf_weight=9593 40 41 75 57 80 175 121 45 61 88 123 58 40 203
leaf_count=9593 40 41 75 57 80 175 121 45 61 88 123 58 40 203
internal_value=-9.0623e-07 -0.000377788 0.0157134 0.00246471 -0.0175708 -7.87464e-05 -0.000915879 0.0117242 0.00683962 -0.00562884 0.00231915 -0.0349099 -0.0673278 0.016898
internal_weight=10800 10548 252 212 137 10507 9812 695 650 475 414 219 98 291
internal_count=10800 10548 252 212 137 10507 9812 695 650 475 414 219 98 291
is_linear=0
shrinkage=0.05


Tree=357
num_leaves=15
num_cat=0
split_feature=9 65 54 65 45 33 35 14 16 36 26 8 8 11
split_gain=25.1395 121.01 77.6015 120.048 78.9045 147.687 101.345 78.0409 116.765 111.869 79.5886 64.6792 104.031 141.15
threshold=264.13985200000008 271.12187950000003 0.87837969732492682 263.03158350000007 70.781250000000014 24.878125000000004 23.129687500000003 255.53971687500004 252.74933100000001 22.670312500000005 20.487500000000004 262.36879000000005 270.66386450000005 110.79474450000002
decision_type=2 2 2 2 2 2 2 2 2 2 2 2 2 2
left_child=1 11 4 -4 5 6 -2 8 10 -10 -6 -1 13 -13
right_child=2 -3 3 -5 7 -7 -8 -9 9 -11 -12 12 -14 -15
leaf_value=-0.000736392657870542 0.021539203337344687 0.06584476907671967 -0.10365878771594231 -0.014914739671413128 -0.005056387527535359 -0.0028090128972255882 0.11381076514720917 -0.08579527418180255 0.081876295931795809 -0.014121123311261453 -0.095363217774851655 -0.042866113599996238 -0.0015609032571799843 0.056557287565967146
leaf_weight=9028 75 70 46 204 47 450 49 40 46 85 50 42 353 215
leaf_count=9028 75 70 46 204 47 450 49 40 46 85 50 42 353 215
internal_value=-1.1331e-06 0.000808184 -0.00719021 -0.0315916 8.3731e-05 0.0105403 0.0586201 -0.0222679 -0.0107968 0.0199528 -0.0521044 0.000329047 0.0160729 0.0402059
internal_weight=10800 9708 1092 250 842 574 124 268 228 131 97 9638 610 257
internal_count=10800 9708 1092 250 842 574 124 268 228 131 97 9638 610 257
is_linear=0
shrinkage=0.05


Tree=358
num_leaves=15
num_cat=0
split_feature=45 37 21 26 29 17 55 65 27 25 53 28 3 41
split_gain=25.7524 49.2897 43.9508 35.9085 104.542 68.1732 149.867 90.3698 66.2125 54.2297 79.1903 48.4544 198.531 150.836
threshold=42.354166666666679 44.625000000000007 41.083852219581566 29.475000000000005 30.512500000000003 14.067998222084624 1.0000000180025095e-35 259.46345850000006 29.362500000000004 117.06627774538971 1.0000000180025095e-35 28.512500000000003 222.50296850000004 72.125000000000014
decision_type=2 2 2 2 2 2 2 2 2 2 2 2 2 2
left_child=-1 2 -2 8 5 6 -5 -7 9 11 -11 -3 -13 -14
right_child=1 3 -4 4 -6 7 -8 -9 -10 10 -12 12 13 -15
leaf_value=0.027742518154702273 -0.011332092830187842 0.00014028310857682811 -0.070520590927282523 0.1047368977800943 -0.056960308042968193 -0.032547896498864567 -0.015068324540503497 0.045085628228997324 -0.063715082929446928 0.086830338509753358 -0.00086338318559148967 0.027018502354621887 -0.09432082789221613 0.017142305400391872
leaf_weight=82 111 9864 43 67 40 73 42 75 40 43 62 115 100 43
leaf_count=82 111 9864 43 67 40 73 42 75 40 43 62 115 100 43
internal_value=-1.20259e-06 -0.000216029 -0.0282071 0.00019465 0.0173046 0.0290393 0.0588561 0.00683197 -0.000301936 -4.77084e-05 0.0355296 -0.000420241 -0.0217683 -0.0609177
internal_weight=10800 10718 154 10564 297 257 109 148 10267 10227 105 10122 258 143
internal_count=10800 10718 154 10564 297 257 109 148 10267 10227 105 10122 258 143
is_linear=0
shrinkage=0.05


Tree=359
num_leaves=15
num_cat=0
split_feature=46 30 41 41 28 13 47 47 25 13 8 0 39 65
split_gain=24.6055 55.2307 89.3364 56.6568 47.1779 160.518 247.541 130.373 116.547 80.1008 150.604 102.272 94.0165 86.1572
threshold=49.994791666666671 25.187500000000004 50.625000000000007 44.625000000000007 28.187500000000004 4.3390977551494165 72.553385416666671 65.328125000000014 107.21369055213172 1.9004513307848787 256.84630900000008 139.67417700000001 54.375000000000007 241.18139200000005
decision_type=2 2 2 2 2 2 2 2 2 2 2 2 2 2
left_child=1 -1 3 -3 -2 9 7 -7 -9 11 -11 -6 -12 -13
right_child=4 2 -4 -5 5 6 -8 8 -10 10 12 13 -14 -15
leaf_value=0.064884053411610104 0.00050708248570807723 -0.00099011347417465672 -0.02337149975111618 0.07690566065995133 0.023019398397989048 -0.081538468444099038 -0.13295429067716735 -0.021191617911367606 0.080713313327329922 0.11054369246020267 0.048568639153910971 -0.096493951701337399 -0.056668181583376193 -0.014490712749893251
leaf_weight=45 9851 43 123 50 141 53 60 88 40 45 43 41 40 137
leaf_count=45 9851 43 123 50 141 53 60 88 40 45 43 41 40 137
internal_value=-1.31206e-06 0.0151344 0.0045187 0.041262 -0.000377552 -0.0130264 -0.0458268 -0.016373 0.0110325 0.00472081 0.0379739 -0.00869909 -0.00221875 -0.0338126
internal_weight=10800 261 216 93 10539 688 241 181 128 447 128 319 83 178
internal_count=10800 261 216 93 10539 688 241 181 128 447 128 319 83 178
is_linear=0
shrinkage=0.05


Tree=360
num_leaves=15
num_cat=0
split_feature=47 46 36 36 42 65 15 43 49 52 47 42 31 39
split_gain=24.2633 110.875 95.3737 145.06 281.822 616.997 105.512 109.391 78.7858 207.104 125.136 136.551 188.453 92.9809
threshold=80.757812500000014 90.885416666666671 22.907812500000002 22.653776041666671 83.625000000000014 260.18391150000008 236.38958700000003 64.875000000000014 1.0000000180025095e-35 0.97335555334614943 78.209635416666671 81.375000000000014 17.225000000000005 60.375000000000007
decision_type=2 2 2 2 2 2 2 2 2 2 2 2 2 2
left_child=1 8 3 6 -5 -6 7 -2 9 10 13 -12 -13 -1
right_child=2 -3 -4 4 5 -7 -8 -9 -10 -11 11 12 -14 -15
leaf_value=0.035648566048856328 -0.052824672217541772 0.076176904993397854 0.068955128287983156 0.0044957058476123571 -0.25544251075423346 0.012435438243024377 0.077345415195677336 -0.00074940939606795885 -0.001143822114351553 0.093781431140126409 -0.009786915782513398 -0.036794734125336008 0.082406659463014842 -0.011122324591976077
leaf_weight=126 106 48 42 115 40 45 40 1754 7443 73 115 41 162 650
leaf_count=126 106 48 42 115 40 45 40 1754 7443 73 115 41 162 650
internal_value=-1.35083e-06 0.00117753 -0.00476474 -0.00627125 -0.0466647 -0.115129 -0.001997 -0.00374393 0.000750618 0.0128238 0.00734097 0.0337042 0.0582692 -0.00349198
internal_weight=10800 8658 2142 2100 200 85 1900 1860 8610 1167 1094 318 203 776
internal_count=10800 8658 2142 2100 200 85 1900 1860 8610 1167 1094 318 203 776
is_linear=0
shrinkage=0.05


Tree=361
num_leaves=15
num_cat=0
split_feature=65 65 65 53 18 65 14 1 17 11 8 22 36 43
split_gain=24.463 534.325 213.58 107.911 606.712 101.742 128.275 90.9743 116.805 100.986 113.809 138.28 181.002 133.256
threshold=229.58777250000003 223.08690000000004 233.25313400000002 -0.98611507088852035 203.63793568750003 216.30175750000004 246.16285604166669 289.58042400000005 25.758007804301474 195.96326550000003 241.52656550000003 132.31922835937505 22.007031250000001 61.375000000000007
decision_type=2 2 2 2 2 2 2 2 2 2 2 2 2 2
left_child=1 5 -2 4 -4 -1 -7 9 -9 -5 -11 12 13 -12
right_child=2 -3 3 7 -6 6 -8 8 -10 10 11 -13 -14 -15
leaf_value=-0.00046682688271322895 -0.09459911637604819 0.14517828347743489 -0.18684442831410303 -0.02160118373048845 0.067689095711221503 0.1167303754016757 0.0042065058935147068 -0.10001760540902616 0.013541760508503234 0.026555335712934641 -0.067540013025935791 0.006948718280748948 -0.13009392936669648 0.019158869849072887
leaf_weight=8280 63 63 44 363 48 41 64 49 41 534 72 985 41 112
leaf_count=8280 63 63 44 363 48 41 64 49 41 534 72 985 41 112
internal_value=-8.97299e-07 0.00125479 -0.00450974 -0.00198998 -0.0547444 0.000156249 0.0488311 0.000243025 -0.0487047 0.00235593 0.00735194 -0.00113788 -0.0364133 -0.0149485
internal_weight=10800 8448 2352 2289 92 8385 105 2197 90 2107 1744 1210 225 184
internal_count=10800 8448 2352 2289 92 8385 105 2197 90 2107 1744 1210 225 184
is_linear=0
shrinkage=0.05


Tree=362
num_leaves=15
num_cat=0
split_feature=64 16 64 36 26 38 35 8 26 45 26 22 4 5
split_gain=24.503 246.053 143.636 103.323 148.333 221.44 111.635 99.3807 98.2242 96.868 95.2024 89.3751 137.232 87.2952
threshold=194.63205700000003 82.08473050000002 190.66043800000003 18.790104166666669 19.512500000000003 87.875000000000014 20.219270833333336 205.79348500000003 22.312500000000004 88.468750000000014 22.487500000000004 153.79876114583337 284.82648600000005 277.80985600000002
decision_type=2 2 2 2 2 2 2 2 2 2 2 2 2 2
left_child=2 -2 7 -3 9 11 -7 -1 -4 -5 -9 12 13 -6
right_child=1 3 8 4 5 6 -8 10 -10 -11 -12 -13 -14 -15
leaf_value=-8.1812698635673844e-05 0.11986117278536162 0.064411709979176529 -0.12183082379945896 -0.10108147639267405 -0.0017824168503031625 0.024975761601870712 0.14029729809789432 -0.10820983711902687 -0.013906608167000942 5.8500823087808569e-05 -0.01231217862546651 -0.072962595659830584 0.07817599280622968 0.053300966508686543
leaf_weight=7581 44 64 40 57 2566 43 41 40 44 40 71 40 56 73
leaf_count=7581 44 64 40 57 2566 43 41 40 44 40 71 40 56 73
internal_value=-1.7837e-06 0.00381652 -0.00148698 0.00206348 0.000673454 0.00277475 0.082252 -0.00077257 -0.0661278 -0.0597993 -0.0475275 0.000304595 0.00141871 -0.000239088
internal_weight=10800 3024 7776 2980 2916 2819 84 7692 84 97 111 2735 2695 2639
internal_count=10800 3024 7776 2980 2916 2819 84 7692 84 97 111 2735 2695 2639
is_linear=0
shrinkage=0.05


Tree=363
num_leaves=15
num_cat=0
split_feature=9 65 65 65 21 0 41 47 31 31 4 65 47 5
split_gain=25.109 107.345 80.2674 267.991 486.494 184.168 69.6949 84.6788 124.397 82.7008 64.7222 157.689 184.389 115.529
threshold=263.81563600000004 271.12187950000003 261.92029800000006 229.58777250000003 22.519823249024842 261.89570950000001 90.375000000000014 76.657552083333357 18.987500000000004 18.425000000000001 273.04091050000005 142.44158300000001 77.179687500000014 262.99180150000007
decision_type=2 2 2 2 2 2 2 2 2 2 2 2 2 2
left_child=1 10 3 5 -5 -2 7 8 -4 -9 13 -12 -13 -1
right_child=2 -3 6 4 -6 -7 -8 9 -10 -11 11 12 -14 -15
leaf_value=0.00096255188069652013 -0.059379759084433319 0.06250910714002593 0.093197238481626282 0.014718407039022583 -0.22421510542432466 0.067054420179577884 0.055405317877347648 -0.083735295631328324 0.0020870291224762013 -0.012920678816892326 -0.068030297199618964 0.017163287284222017 0.12405752732741589 -0.023270885502913299
leaf_weight=8778 49 69 40 43 41 67 51 46 435 341 41 231 48 520
leaf_count=8778 49 69 40 43 41 67 51 46 435 341 41 231 48 520
internal_value=-1.46809e-06 0.000815976 -0.00711044 -0.035715 -0.10317 0.0135958 -0.00081217 -0.00419861 0.00993914 -0.021532 0.000366934 0.0224406 0.0359311 -0.000395084
internal_weight=10800 9687 1113 200 84 116 913 862 475 387 9618 320 279 9298
internal_count=10800 9687 1113 200 84 116 913 862 475 387 9618 320 279 9298
is_linear=0
shrinkage=0.05


Tree=364
num_leaves=15
num_cat=0
split_feature=36 43 25 25 65 9 17 34 47 22 65 35 32 52
split_gain=23.714 152.19 69.5417 60.0067 105.155 133.952 92.9529 57.9282 65.2144 124.478 172.41 77.3463 54.7294 52.1957
threshold=25.986979166666668 83.625000000000014 117.06627774538971 116.60746677747245 88.651813000000018 193.78432000000004 31.545003011462065 30.241666666666671 63.355468750000007 105.48478607812503 212.20246450000005 29.603645833333339 23.212500000000002 -0.99465189230620676
decision_type=2 2 2 2 2 2 2 2 2 2 2 2 2 2
left_child=2 3 7 4 -2 6 -6 8 9 -1 -11 13 -4 -10
right_child=1 -3 12 -5 5 -7 -8 -9 11 10 -12 -13 -14 -15
leaf_value=0.017753413674923092 -0.013434269078746858 0.096953473857913364 0.085656815215309226 -0.053654918643984612 0.13374166148828298 0.0018686957744648682 0.034531133116806965 0.040116067691432201 0.020703063607530742 -0.14601670954199064 -0.0018347669215429399 -0.064830635075873527 0.0082239031405100284 -0.0011621944802492833
leaf_weight=64 293 45 40 43 40 159 58 84 280 41 41 46 52 9514
leaf_count=64 293 45 40 43 40 159 58 84 280 41 41 46 52 9514
internal_value=-1.55383e-06 0.00934132 -0.000588988 0.00254082 0.0070237 0.0303091 0.0759671 -0.000986365 -0.00133609 -0.0343931 -0.0748164 -0.000842166 0.0424494 -0.00053504
internal_weight=10800 638 10162 593 550 257 98 10070 9986 146 82 9840 92 9794
internal_count=10800 638 10162 593 550 257 98 10070 9986 146 82 9840 92 9794
is_linear=0
shrinkage=0.05


Tree=365
num_leaves=15
num_cat=0
split_feature=61 9 25 65 9 61 54 16 7 47 47 47 49 45
split_gain=24.1129 138.204 295.732 276.789 168.004 132.608 796.412 849.34 153.693 125.513 113.78 182.335 375.088 138.849
threshold=-0.68322629814330815 108.82221200000002 81.436754869683114 121.97390900000001 94.828613500000003 -0.5277851165098012 -0.8783796973249266 104.00574950000002 100.16068500000002 76.860677083333357 82.460937500000014 79.207031250000014 3.5000000000000004 86.760416666666671
decision_type=2 2 2 2 2 2 2 2 2 2 2 2 2 2
left_child=1 2 -1 -3 -4 6 7 -2 -8 -10 11 13 -13 -5
right_child=5 3 4 10 -6 -7 8 -9 9 -11 -12 12 -14 -15
leaf_value=0.0050832429052137876 -0.32451896635549415 -0.097417430036178199 0.13478520773805497 0.0022863468426300051 0.025713475057273172 0.00055578228163910353 -0.014524505828635667 -0.025410076372125851 0.01042971075724133 0.11128385848035881 0.037599436543798825 -0.0025923417438001883 -0.11906942710241614 0.086114737644161596
leaf_weight=434 41 72 81 1574 63 7311 445 55 87 47 198 247 95 50
leaf_count=434 41 72 81 1574 63 7311 445 55 87 47 198 247 95 50
internal_value=-7.4187e-07 0.00397846 0.02575 -0.00165843 0.0875728 -0.0014032 -0.0225906 -0.155183 -0.000376707 0.0463662 0.00157116 -0.00207459 -0.0351999 0.00491868
internal_weight=10800 2814 578 2236 144 7986 675 96 579 134 2164 1966 342 1624
internal_count=10800 2814 578 2236 144 7986 675 96 579 134 2164 1966 342 1624
is_linear=0
shrinkage=0.05


Tree=366
num_leaves=15
num_cat=0
split_feature=36 20 35 43 48 32 0 65 31 9 2 43 18 7
split_gain=23.9914 150.223 160.621 102.076 282.938 106.743 108.181 270.121 216.871 133.916 317.855 181.219 144.923 146.622
threshold=21.914973958333338 259.06076850000005 24.130208333333336 63.875000000000007 12.125000000000002 25.487500000000004 70.579213000000024 42.523274000000008 20.087500000000002 167.14851550000003 129.95204400000003 80.625000000000014 73.08009972916669 160.45166100000003
decision_type=2 2 2 2 2 2 2 2 2 2 2 2 2 2
left_child=1 3 -3 4 -1 6 7 -5 -9 10 11 -8 -13 -14
right_child=-2 2 -4 5 -6 -7 9 8 -10 -11 -12 12 13 -15
leaf_value=-0.14591481534086845 -0.0016918279899741974 0.064170092446398624 -0.0062813138143426031 0.0018608851949949987 -0.0055803725172098974 -0.065890148308660301 0.082079860997386289 -0.11194867916638032 0.026060343515582202 0.002222614128205931 0.17074523048429957 0.045437258387692581 -0.085100374837907472 0.011079443759837316
leaf_weight=43 7131 196 137 1837 196 55 99 95 40 646 40 120 64 101
leaf_count=43 7131 196 137 1837 196 55 99 95 40 646 40 120 64 101
internal_value=-1.49032e-06 0.00328338 0.0352536 8.25092e-05 -0.0313316 0.00251611 0.00377416 -0.00317197 -0.0711662 0.0165668 0.0383648 0.0241675 0.00383387 -0.0265146
internal_weight=10800 3669 333 3336 239 3097 3042 1972 135 1070 424 384 285 165
internal_count=10800 3669 333 3336 239 3097 3042 1972 135 1070 424 384 285 165
is_linear=0
shrinkage=0.05


Tree=367
num_leaves=15
num_cat=0
split_feature=22 64 21 36 51 1 48 28 64 8 42 65 28 42
split_gain=23.3766 114.28 750.289 214.406 335.186 170.209 186.465 114.891 103.133 109.615 167.393 143.335 130.83 97.2353
threshold=140.08700658333336 95.335915500000013 1.2382070770162167e-05 23.976302083333341 3.5000000000000004 106.71431800000001 20.375000000000004 26.737500000000004 238.50712750000002 207.04224150000002 77.875000000000014 152.31669400000001 26.812500000000004 87.125000000000014
decision_type=2 2 2 2 2 2 2 2 2 2 2 2 2 2
left_child=-1 7 -3 4 13 -5 8 -2 9 11 12 -7 -11 -4
right_child=1 2 3 5 -6 6 -8 -9 -10 10 -12 -13 -14 -15
leaf_value=-0.0012808920486253232 -0.004860516421288286 0.22141167067346121 0.037276907380264242 -0.084259994957773462 0.14069056519821507 -0.02963363036008862 0.088296778629158149 -0.083329415124156814 0.0090854478358109204 -0.034184136083151434 0.001538409115985418 0.055986692056663935 -0.15038314325260527 -0.021141031504332747
leaf_weight=8292 976 41 209 62 66 143 56 48 552 46 77 73 52 107
leaf_count=8292 976 41 209 62 66 143 56 48 552 46 77 73 52 107
internal_value=-1.50261e-06 0.00422727 0.0130896 0.00702132 0.0390893 -0.00455029 0.000475976 -0.00861645 -0.00482727 -0.0244418 -0.0537328 -0.000572477 -0.096737 0.0174919
internal_weight=10800 2508 1484 1443 382 1061 999 1024 943 391 175 216 98 316
internal_count=10800 2508 1484 1443 382 1061 999 1024 943 391 175 216 98 316
is_linear=0
shrinkage=0.05


Tree=368
num_leaves=15
num_cat=0
split_feature=46 30 41 41 3 28 13 47 47 25 19 2 4 13
split_gain=24.141 47.5983 80.9845 49.6163 45.1305 44.3701 141.83 229.479 111.001 103.322 77.9031 154.894 79.8717 76.6597
threshold=49.994791666666671 25.187500000000004 50.625000000000007 44.625000000000007 272.38507200000004 28.187500000000004 4.3390977551494165 72.553385416666671 65.328125000000014 107.21369055213172 210.49128250000004 268.5650050000001 148.35520250000005 1.875683022941101
decision_type=2 2 2 2 2 2 2 2 2 2 2 2 2 2
left_child=1 -1 3 -3 -4 -2 10 8 -8 -10 11 12 -7 -12
right_child=5 2 4 -5 -6 6 7 -9 9 -11 13 -13 -14 -15
leaf_value=0.061177571604291547 0.00048447966981274185 0.00053849554282020442 0.0058646450521073479 0.073467739072500496 -0.054671725269872698 -0.002401855510546808 -0.0752464646956435 -0.12735912345166578 -0.020168328294635156 0.075779905152030105 0.0069412338876953493 -0.053073834007305733 0.062854539188069866 0.09399523625061626
leaf_weight=45 9851 43 68 50 55 156 53 60 88 40 64 120 66 41
leaf_count=45 9851 43 68 50 55 156 53 60 88 40 64 120 66 41
internal_value=-7.55237e-07 0.0149915 0.00513176 0.0401122 -0.0214271 -0.000373427 -0.0126401 -0.043472 -0.0151171 0.0101705 0.00404288 -0.00754452 0.0171936 0.0414998
internal_weight=10800 261 216 93 123 10539 688 241 181 128 447 342 222 105
internal_count=10800 261 216 93 123 10539 688 241 181 128 447 342 222 105
is_linear=0
shrinkage=0.05


Tree=369
num_leaves=15
num_cat=0
split_feature=36 46 25 61 46 38 22 64 37 35 34 36 20 24
split_gain=23.1318 145.11 62.0941 58.5496 53.6926 80.9607 78.2582 132.739 74.6841 64.7073 49.8578 55.2304 127.92 144.564
threshold=25.986979166666668 77.557291666666671 117.06627774538971 -0.9733555533461492 53.848958333333343 55.375000000000007 148.5701428385417 178.22390550000003 57.875000000000007 23.417187500000004 30.241666666666671 23.792968750000004 267.01345100000009 296.45735250000007
decision_type=2 2 2 2 2 2 2 2 2 2 2 2 2 2
left_child=2 3 10 -2 8 -6 9 -8 -5 -7 11 12 13 -1
right_child=1 -3 -4 4 5 6 7 -9 -10 -11 -12 -13 -14 -15
leaf_value=-0.0024807644165040499 0.056928249092941932 0.082571685752739807 0.040087894021823847 -0.0092460662621306252 -0.078081868261825754 -0.075102174063415628 -0.0060617406798813209 0.098475817417682604 0.071584218439574424 -0.0089806413997090811 0.037175803114386168 -0.0074062299061444488 0.016564878191247651 0.088474180989644755
leaf_weight=6141 43 60 92 63 40 45 103 42 51 191 84 2688 1114 43
leaf_count=6141 43 60 92 63 40 45 103 42 51 191 84 2688 1114 43
internal_value=-4.94439e-07 0.00922699 -0.000580674 0.00148389 -0.00307028 -0.0113182 -0.00412289 0.0246852 0.0272229 -0.0218522 -0.000956167 -0.00128062 0.000976277 -0.00183411
internal_weight=10800 638 10162 578 535 421 381 145 114 236 10070 9986 7298 6184
internal_count=10800 638 10162 578 535 421 381 145 114 236 10070 9986 7298 6184
is_linear=0
shrinkage=0.05


Tree=370
num_leaves=15
num_cat=0
split_feature=9 65 0 47 16 65 53 65 64 65 36 40 65 6
split_gain=23.9803 179.932 164.25 251.835 190.77 88.8442 315.611 267.012 297.519 245.454 125.644 114.812 98.4671 93.2921
threshold=200.20144850000003 183.39475350000004 197.81774900000002 77.423177083333357 278.64649100000008 229.58777250000003 -0.98611507088852035 218.54977050000002 213.98713350000003 233.25313400000002 23.137890625000004 47.375000000000007 209.88092950000001 215.25594400000003
decision_type=2 2 2 2 2 2 2 2 2 2 2 2 2 2
left_child=2 -2 -1 4 -4 7 -7 10 13 -8 -3 -12 -13 -9
right_child=1 5 3 -5 -6 6 9 8 -10 -11 11 12 -14 -15
leaf_value=9.0373074142038995e-05 -0.071563797161767362 0.02007853692638447 0.05066755690118846 0.1223263436658443 -0.050348138151230751 -0.10710293455421925 -0.11002028831638969 0.076226870486036297 0.18902453569074473 -3.0778104168023642e-05 0.040804550254886801 -0.083246629202836445 -0.0043671564239522688 -0.029328516207453682
leaf_weight=7640 94 285 118 68 76 74 51 42 41 2066 43 94 68 40
leaf_count=7640 94 285 118 68 76 74 51 42 41 2066 43 94 68 40
internal_value=9.39896e-07 -0.00388877 0.00142777 0.0402781 0.0110391 -0.00159536 -0.00630356 0.0152157 0.0807606 -0.0027312 -0.00136844 -0.0311377 -0.0503666 0.0250034
internal_weight=10800 2898 7902 262 194 2804 2191 613 123 2117 490 205 162 82
internal_count=10800 2898 7902 262 194 2804 2191 613 123 2117 490 205 162 82
is_linear=0
shrinkage=0.05


Tree=371
num_leaves=15
num_cat=0
split_feature=22 25 13 65 48 9 42 25 64 9 8 36 9 64
split_gain=23.7731 124.152 85.6457 94.139 149.253 64.5803 58.8962 78.4481 54.6166 409.235 141.37 126.715 156.579 100.197
threshold=88.043009151041687 77.175853879345468 48.073970756014013 24.000000000000004 7.3750000000000009 279.36115750000005 90.875000000000014 56.81304503174772 194.63205700000003 80.564241500000009 205.79348500000003 19.066145833333337 232.32850950000002 190.66043800000003
decision_type=2 2 2 2 2 2 2 2 2 2 2 2 2 2
left_child=2 -2 3 -1 -5 6 -6 -8 10 -10 13 12 -11 -3
right_child=1 8 -4 4 5 -7 7 -9 9 11 -12 -13 -14 -15
leaf_value=-0.0028131673067023225 -0.074985937630398236 -0.0019882548768628007 -0.0655010885537856 0.1016341964636619 0.017326474420545714 -0.050005821529321565 0.01781352565280701 -0.069049114314839247 0.13841831566034152 0.12360788553636125 -0.058668805668853102 -0.00017216552724451658 -0.0011809505115855825 -0.067555471774885217
leaf_weight=1728 56 4701 43 47 1073 40 56 47 55 46 115 2681 54 58
leaf_count=1728 56 4701 43 47 1073 40 56 47 55 46 115 2681 54 58
internal_value=1.09291e-06 -0.00146518 0.00375349 0.00477068 0.0151407 0.0117169 0.013857 -0.0221056 -0.000921519 0.00459439 -0.00413131 0.00189895 0.0568774 -0.00280138
internal_weight=10800 7766 3034 2991 1263 1216 1176 103 7710 2836 4874 2781 100 4759
internal_count=10800 7766 3034 2991 1263 1216 1176 103 7710 2836 4874 2781 100 4759
is_linear=0
shrinkage=0.05


Tree=372
num_leaves=15
num_cat=0
split_feature=47 47 4 47 34 39 9 65 24 9 0 17 40 28
split_gain=23.1831 48.1722 121.816 66.2564 39.986 117.336 143.893 355.073 209.69 265.114 126.16 342.836 106.405 154.456
threshold=60.877604166666679 61.761718750000007 120.12916100000002 62.164062500000007 26.289583333333336 52.125000000000007 68.269408500000011 84.179539500000018 273.12119300000006 123.66876400000001 210.62775850000003 32.430628681725082 58.875000000000007 28.812500000000004
decision_type=2 2 2 2 2 2 2 2 2 2 2 2 2 2
left_child=-1 2 -2 -3 -5 -6 -7 -8 -9 -10 11 -11 13 -12
right_child=1 3 -4 4 5 6 7 8 9 10 12 -13 -14 -15
leaf_value=0.025559720327146353 -0.094474649512105519 0.060636425430162094 0.023476013586704814 0.0011315177905931023 0.0097153575231015785 0.014989749143894846 -0.16373396683484318 -0.092808887874707591 0.073868758668668752 -0.16891660182451718 0.0038023892175406224 0.0085524970124806129 0.012220534373823012 -0.088047879550825159
leaf_weight=87 44 44 42 8989 612 245 45 86 81 48 99 61 233 84
leaf_count=87 44 44 42 8989 612 245 45 86 81 48 99 61 233 84
internal_value=1.07021e-06 -0.000208857 -0.0372631 9.44858e-05 -0.000162929 -0.0074588 -0.018161 -0.0291867 -0.0202136 -0.00977536 -0.0227964 -0.0704242 -0.010178 -0.0386078
internal_weight=10800 10713 86 10627 10583 1594 982 737 692 606 525 109 416 183
internal_count=10800 10713 86 10627 10583 1594 982 737 692 606 525 109 416 183
is_linear=0
shrinkage=0.05


Tree=373
num_leaves=15
num_cat=0
split_feature=35 65 10 39 29 42 31 22 19 21 64 64 26 16
split_gain=22.6153 83.9473 133.96 88.6776 48.2783 44.4813 97.9993 124.158 173.515 101.01 170.974 138.541 108.874 102.004
threshold=17.664583333333336 42.523274000000008 66.173591500000015 87.875000000000014 17.275000000000002 91.625000000000014 19.612500000000004 124.98790524479166 145.02633600000004 28.103848467119729 225.63727100000003 170.80530450000001 21.212500000000002 247.91118100000003
decision_type=2 2 2 2 2 2 2 2 2 2 2 2 2 2
left_child=1 -1 -3 -4 -2 6 7 9 -9 10 11 -6 -12 -11
right_child=4 2 3 -5 5 -7 -8 8 -10 13 12 -13 -14 -15
leaf_value=0.0065332052033702228 0.051009855457665801 -0.11426900812340053 -0.045416157700541158 0.045593473627123723 0.014837163444387048 -0.015718843282610622 -0.00087580745201731923 0.088373977130614845 0.01005940249984098 -0.0032292433653064198 0.13278308983525619 -0.081647585611790419 0.030474516584038866 -0.075199333362091905
leaf_weight=246 46 43 70 42 325 419 8816 121 169 298 46 41 60 58
leaf_count=246 46 43 70 42 325 419 8816 121 169 298 46 41 60 58
internal_value=-7.14856e-07 -0.0116372 -0.0403325 -0.0111861 0.000449081 0.000219527 0.000893296 0.0148319 0.0429269 0.00495195 0.0201004 0.00383574 0.0756986 -0.0151325
internal_weight=10800 401 155 112 10399 10353 9934 1118 290 828 472 366 106 356
internal_count=10800 401 155 112 10399 10353 9934 1118 290 828 472 366 106 356
is_linear=0
shrinkage=0.05


Tree=374
num_leaves=15
num_cat=0
split_feature=33 47 53 0 27 65 22 36 17 65 61 35 20 47
split_gain=22.9765 121.055 224.57 112.467 114.05 162.113 335.324 537.98 91.9624 308.002 346.953 184.887 121.588 109.444
threshold=20.996875000000006 71.582031250000014 -0.097964660725097366 242.98436500000005 20.487500000000004 71.13744800000002 135.28062036979171 21.809635416666669 17.811905998100173 42.523274000000008 -0.5277851165098012 19.186979166666671 132.95657400000002 80.070312500000014
decision_type=2 2 2 2 2 2 2 2 2 2 2 2 2 2
left_child=1 2 -1 4 8 -6 7 -7 9 -3 -11 -12 -10 -14
right_child=-2 3 -4 -5 5 6 -8 -9 12 10 11 -13 13 -15
leaf_value=-0.12020485039439895 0.0016017756097158505 0.0016479972436451631 0.003150191642603402 0.079004641158809508 -0.0016969416687588751 -0.0344493661616515 0.05617165268843316 -0.25383008631264292 0.048627755387569777 -0.16008523668569979 -0.082418694075507434 0.036462902391536371 0.021493954046833477 -0.017004803489600057
leaf_weight=61 7284 1741 91 42 268 89 43 40 199 63 59 71 423 326
leaf_count=61 7284 1741 91 42 268 89 43 40 199 63 59 71 423 326
internal_value=-4.78572e-07 -0.00331934 -0.0468162 -0.00134063 -0.0023799 -0.0260599 -0.0637915 -0.103904 0.00124314 -0.00501004 -0.0647693 -0.0177083 0.013992 0.00473715
internal_weight=10800 3516 152 3364 3322 440 172 129 2882 1934 193 130 948 749
internal_count=10800 3516 152 3364 3322 440 172 129 2882 1934 193 130 948 749
is_linear=0
shrinkage=0.05


Tree=375
num_leaves=15
num_cat=0
split_feature=9 8 65 25 43 25 17 8 0 24 65 32 21 22
split_gain=22.3719 114.456 112.436 111.582 112.39 99.1885 154.473 90.9438 112.549 134.436 87.3248 91.744 106.531 111.603
threshold=249.54321200000001 261.98867700000005 258.63541800000007 78.567894293759224 58.125000000000007 107.86518444863286 12.616352131789155 24.000000000000004 230.45112850000001 285.31225600000005 274.28284400000007 28.087500000000002 23.83210466934289 127.35229659895835
decision_type=2 2 2 2 2 2 2 2 2 2 2 2 2 2
left_child=1 10 7 -3 5 6 -5 -2 -9 -10 11 -1 -13 -14
right_child=2 3 -4 4 -6 -7 -8 8 9 -11 -12 12 13 -15
leaf_value=0.00060622473502407225 0.038332876955074341 -0.035558642495166638 0.0035138123608408518 0.026660146081337224 0.0056662698070902157 0.010335749243053475 0.1407742224606699 -0.10594177298586478 -0.0086664267911062062 -0.072249871031117616 0.072651717906658794 0.006536749555509847 -0.11157199594263847 -0.027104075144450724
leaf_weight=8196 54 57 1238 53 135 55 68 43 387 105 40 156 51 162
leaf_count=8196 54 57 1238 53 135 55 68 43 387 105 40 156 51 162
internal_value=-2.40601e-06 0.00102458 -0.00504408 0.0282929 0.0400721 0.0662818 0.0914186 -0.0230071 -0.0292584 -0.0223551 -0.000144724 -0.000493137 -0.0248471 -0.0477556
internal_weight=10800 8973 1827 368 311 176 121 589 535 492 8605 8565 369 213
internal_count=10800 8973 1827 368 311 176 121 589 535 492 8605 8565 369 213
is_linear=0
shrinkage=0.05


Tree=376
num_leaves=15
num_cat=0
split_feature=25 48 22 64 21 36 51 30 64 25 28 29 8 46
split_gain=22.1225 88.0609 24.8867 106.259 742.6 222.302 237.242 151.183 217.375 113.037 103.13 101.426 198.538 136.033
threshold=1.3929144002467906 6.3750000000000009 139.29893664062504 95.335915500000013 1.205119597395808e-05 23.976302083333341 3.5000000000000004 29.212500000000002 238.50712750000002 112.23718932777929 26.737500000000004 21.712500000000002 133.45013200000002 49.260416666666679
decision_type=2 2 2 2 2 2 2 2 2 2 2 2 2 2
left_child=1 -1 -2 10 -5 6 -6 8 11 -9 -4 -7 -13 -14
right_child=2 -3 3 4 5 7 -8 9 -10 -11 -12 12 13 -15
leaf_value=-0.0060980274089212933 -0.0016836597120887167 0.077570973363601511 -0.0045789079769853946 0.21479330841790545 0.0201494284621829 -0.10395976779631005 0.11943753866685763 0.095375622283728409 0.0083177972816458924 -0.0064794402532279485 -0.078735138719179198 0.03739565249751596 0.016691813367556353 -0.067917799688550551
leaf_weight=104 7937 44 1091 43 370 52 71 60 566 49 48 84 60 221
leaf_count=104 7937 44 1091 43 370 52 71 60 566 49 48 84 60 221
internal_value=-2.54504e-06 0.0191302 -0.000270148 0.00386119 0.0122671 0.00644999 0.0363686 -0.00565476 -0.0118644 0.0499449 -0.00777034 -0.0392124 -0.0297293 -0.0498566
internal_weight=10800 148 10652 2715 1576 1533 441 1092 983 109 1139 417 365 281
internal_count=10800 148 10652 2715 1576 1533 441 1092 983 109 1139 417 365 281
is_linear=0
shrinkage=0.05


Tree=377
num_leaves=15
num_cat=0
split_feature=65 65 65 17 2 0 9 53 34 1 17 48 47 47
split_gain=23.1494 443.015 187.565 97.9623 300.704 88.4488 152.903 269.598 112.477 83.7543 115.178 92.2223 83.4361 150.126
threshold=229.58777250000003 223.08690000000004 233.25313400000002 46.226624869382128 149.12810850000002 197.81774900000002 203.33791900000003 -0.98611507088852035 21.542708333333341 286.66023200000001 26.047574671196266 16.625000000000004 76.860677083333357 76.196614583333357
decision_type=2 2 2 2 2 2 2 2 2 2 2 2 2 2
left_child=1 3 -2 -1 -5 8 -7 -8 -4 11 -11 12 13 -9
right_child=2 -3 5 4 -6 6 7 9 -10 10 -12 -13 -14 -15
leaf_value=-0.00093240383466423762 -0.088811743294354539 0.13227083801466508 -0.011990133834491788 0.0093795570961486274 0.1531385064409001 0.070749093435704721 -0.11323988821427777 0.0054799989413093046 -0.10725329575497052 -0.088847097911540496 0.015182955509849959 0.071131761249021763 -0.009863425071945181 0.074575295719469706
leaf_weight=8021 63 63 112 324 40 74 52 918 42 58 48 48 852 85
leaf_count=8021 63 63 112 324 40 74 52 918 42 58 48 48 852 85
internal_value=-9.35133e-07 0.00122057 -0.00438705 0.000220283 0.0255535 -0.00202567 0.000621724 -0.00192928 -0.0384953 0.00100673 -0.0420375 0.00342518 0.00163583 0.011404
internal_weight=10800 8448 2352 8385 364 2289 2135 2061 154 2009 106 1903 1855 1003
internal_count=10800 8448 2352 8385 364 2289 2135 2061 154 2009 106 1903 1855 1003
is_linear=0
shrinkage=0.05


Tree=378
num_leaves=15
num_cat=0
split_feature=4 38 47 40 46 15 2 2 0 22 1 0 17 51
split_gain=22.7637 120.24 105.233 106.321 119.824 85.9894 80.7176 48.8453 80.478 81.9413 82.6065 79.7156 69.6819 67.0419
threshold=277.21077400000007 74.375000000000014 75.100260416666671 59.125000000000007 56.890625000000007 267.10659300000003 272.71499900000009 275.94297850000004 267.1966680000001 145.63369552083336 268.22867000000002 277.21077400000007 28.939753159374042 2.5000000000000004
decision_type=2 2 2 2 2 2 2 2 2 2 2 2 2 2
left_child=5 2 3 4 6 7 -2 8 -1 10 13 -9 -13 -10
right_child=1 -3 -4 -5 -6 -7 -8 11 9 -11 -12 12 -14 -15
leaf_value=-0.00057763905401908078 -0.02948229430210695 -0.05969188420140014 0.077909846575832331 0.058103199088027781 -0.087837063117573666 -0.058191327005624773 0.056691461153185144 -0.068027795948412115 0.11029966332550561 -0.026252044434659186 0.016056789773696616 0.032677737972033875 -0.040112809865780537 0.02913963382598013
leaf_weight=9712 56 48 70 70 41 63 51 68 48 79 309 69 61 55
leaf_count=9712 56 48 70 70 41 63 51 68 48 79 309 69 61 55
internal_value=-3.74668e-07 0.0127903 0.0250354 0.00777916 -0.016253 -0.000412267 0.0117358 -5.67328e-05 0.00042173 0.0201503 0.0290898 -0.0245903 -0.0015233 0.0676587
internal_weight=10800 336 288 218 148 10464 107 10401 10203 491 412 198 130 103
internal_count=10800 336 288 218 148 10464 107 10401 10203 491 412 198 130 103
is_linear=0
shrinkage=0.05


Tree=379
num_leaves=15
num_cat=0
split_feature=9 65 4 65 1 5 13 36 26 37 13 27 26 12
split_gain=23.3289 102.888 63.0126 130.086 169.776 102.133 299.007 141.771 174.486 156.052 94.2138 76.3559 129.165 71.137
threshold=264.13985200000008 271.12187950000003 273.04091050000005 142.44158300000001 228.40515950000002 262.99180150000007 28.030078786841589 23.152734374999998 25.937500000000004 73.375000000000014 3.4955772866549446 23.062500000000004 22.612500000000004 262.87948200000005
decision_type=2 2 2 2 2 2 2 2 2 2 2 2 2 2
left_child=1 2 5 -4 -5 13 7 11 9 -9 -10 12 -7 -1
right_child=-2 -3 3 4 -6 6 -8 8 10 -11 -12 -13 -14 -15
leaf_value=-0.00015565285034449598 -0.0069256668873744782 0.060748777175191004 -0.060121710445465784 0.10587042781407946 0.01312051702412529 0.0085142032973552963 -0.15152759562905244 -0.15727640429381717 -0.041474322489802803 -0.037092456001004102 0.043097625138319058 -0.014033004043071909 0.11626999166044522 0.02074336893269009
leaf_weight=8369 1092 70 41 63 217 87 40 42 62 75 68 107 40 427
leaf_count=8369 1092 70 41 63 217 87 40 42 62 75 68 107 40 427
internal_value=-3.06403e-07 0.000779323 0.000337512 0.0220834 0.0342917 -0.000413993 -0.0219022 -0.0108305 -0.0371817 -0.0812026 0.00275461 0.0170245 0.0430962 0.000861129
internal_weight=10800 9708 9638 321 280 9317 521 481 247 117 130 234 127 8796
internal_count=10800 9708 9638 321 280 9317 521 481 247 117 130 234 127 8796
is_linear=0
shrinkage=0.05


Tree=380
num_leaves=15
num_cat=0
split_feature=36 22 65 0 43 31 61 65 24 43 51 43 53 26
split_gain=22.9303 140.616 120.622 482.084 85.659 268.503 88.4534 86.1004 96.4831 76.937 75.4617 62.8728 250.861 83.0686
threshold=21.733854166666671 127.78606808333335 81.492148500000013 108.34217550000001 64.375000000000014 19.862500000000004 -0.9733555533461492 211.59883000000005 240.77611200000004 60.875000000000007 3.5000000000000004 88.125000000000014 -0.097964660725097366 21.512500000000003
decision_type=2 2 2 2 2 2 2 2 2 2 2 2 2 2
left_child=1 4 -3 -4 5 10 7 8 -6 -5 -1 13 -13 -2
right_child=11 2 3 9 6 -7 -8 -9 -10 -11 -12 12 -14 -15
leaf_value=0.027120308417238687 -0.011676651367114779 -0.00662443669431656 0.16998109693476371 -0.029089594116168363 0.01910946617326276 -0.14433207945632084 -0.0005669573916080319 -0.012074824289551804 0.11696519030956552 0.03197647545942895 -0.035264744987767757 0.10303990939356598 -0.0037821099846280324 0.0006618308052995861
leaf_weight=94 1833 166 62 69 54 41 2448 55 47 196 98 70 243 5324
leaf_count=94 1833 166 62 69 54 41 2448 55 47 196 98 70 243 5324
internal_value=-7.55061e-07 0.00344929 0.0280681 0.045646 -0.000837226 -0.0298151 0.0017661 0.0381475 0.0653466 0.0160267 -0.0047398 -0.00153898 0.0203599 -0.0024994
internal_weight=10800 3330 493 327 2837 233 2604 156 101 265 192 7470 313 7157
internal_count=10800 3330 493 327 2837 233 2604 156 101 265 192 7470 313 7157
is_linear=0
shrinkage=0.05


Tree=381
num_leaves=15
num_cat=0
split_feature=9 65 0 34 47 26 13 0 9 65 65 1 65 6
split_gain=22.9035 161.402 157.41 213.098 89.4662 86.2187 83.9699 137.942 147.131 90.4576 191.645 151.381 151.299 197.517
threshold=202.67053300000003 184.93638550000003 197.81774900000002 26.661458333333332 77.908854166666671 23.387500000000003 34.097678503583971 253.29621200000003 227.85165700000002 229.58777250000003 223.08690000000004 200.78176400000004 236.16558250000006 253.29621200000003
decision_type=2 2 2 2 2 2 2 2 2 2 2 2 2 2
left_child=2 5 -1 4 -4 -2 9 8 -8 10 11 -3 13 -11
right_child=1 6 3 -5 -6 -7 7 -9 -10 12 -12 -13 -14 -15
leaf_value=1.0355366293417369e-05 -0.11242337315982463 0.087649349896412987 0.048570892714113661 -0.011838604712113739 0.12789118340394151 -0.014632919359774815 -0.019962980118854085 0.038761940719776379 -0.1380103981265248 -0.12505463326447888 0.10403603696653035 -0.0022459160980812412 -0.0011874352503465132 0.018444693088531496
leaf_weight=7677 50 52 111 124 53 41 67 42 43 56 58 402 1983 41
leaf_count=7677 50 52 111 124 53 41 67 42 43 56 58 402 1983 41
internal_value=3.26308e-07 -0.00385833 0.00137406 0.0375994 0.0748246 -0.0690019 -0.00167361 -0.0376678 -0.0669364 0.000450879 0.0192562 0.00822046 -0.00418516 -0.064831
internal_weight=10800 2835 7965 288 164 91 2744 152 110 2592 512 454 2080 97
internal_count=10800 2835 7965 288 164 91 2744 152 110 2592 512 454 2080 97
is_linear=0
shrinkage=0.05


Tree=382
num_leaves=15
num_cat=0
split_feature=22 25 13 65 48 9 42 22 64 65 43 25 65 64
split_gain=22.5865 103.965 75.6172 85.6495 142.06 57.341 50.0616 69.3647 49.2731 54.1252 54.0234 60.2123 67.7513 46.2905
threshold=88.043009151041687 77.175853879345468 48.073970756014013 24.000000000000004 7.3750000000000009 279.36115750000005 90.875000000000014 54.491531104166675 230.67651000000004 274.28284400000007 50.375000000000007 90.739545435087265 264.13985200000008 194.63205700000003
decision_type=2 2 2 2 2 2 2 2 2 2 2 2 2 2
left_child=2 -2 3 -1 -5 6 8 -8 9 10 -6 12 -12 -3
right_child=1 13 -4 4 5 -7 7 -9 -10 -11 11 -13 -14 -15
leaf_value=-0.0026202399557169256 -0.0687074398262459 -0.0038863958823275218 -0.061416103775528343 0.098887906735762962 -0.044280689379056208 -0.046996150138538056 0.019006119692190127 -0.062457173500210052 0.058606899595246287 0.069239672960247842 0.014055869490542905 0.067685866705617131 -0.04646477983618269 0.0041467247672151604
leaf_weight=1728 56 4874 43 47 41 40 54 49 64 41 831 48 48 2836
leaf_count=1728 56 4874 43 47 41 40 54 49 64 41 831 48 48 2836
internal_value=3.10013e-07 -0.0014289 0.00365786 0.0046136 0.014505 0.0111649 0.0131814 -0.0199762 0.0163799 0.0136461 0.0112224 0.0137223 0.0107019 -0.000931387
internal_weight=10800 7766 3034 2991 1263 1216 1176 103 1073 1009 968 927 879 7710
internal_count=10800 7766 3034 2991 1263 1216 1176 103 1073 1009 968 927 879 7710
is_linear=0
shrinkage=0.05


Tree=383
num_leaves=15
num_cat=0
split_feature=9 65 8 25 43 25 17 13 43 65 13 34 16 41
split_gain=22.7395 103.913 102.364 97.0337 100.826 89.0955 138.429 84.8322 95.0321 77.0073 86.603 76.7337 167.267 152.919
threshold=249.54321200000001 258.63541800000007 261.98867700000005 78.567894293759224 58.125000000000007 107.86518444863286 12.616352131789155 8.1357829658296019 72.875000000000014 259.83896700000008 32.807139614625974 25.128125000000001 270.06773850000008 87.875000000000014
decision_type=2 2 2 2 2 2 2 2 2 2 2 2 2 2
left_child=2 7 -1 -4 5 6 -5 11 -9 -3 -11 13 -13 -2
right_child=1 9 3 4 -6 -7 -8 8 -10 10 -12 12 -14 -15
leaf_value=-7.016352259838156e-05 0.034814311348103415 0.060980238887396725 -0.032724189645899786 0.025154013591128645 0.0052206377765875965 0.0096123382781765285 0.13317715970502383 -0.1015045320862555 -0.010753821133187524 -0.0023176154164798509 0.066244972388570508 -0.11302774054213212 -0.010039241900949769 -0.044645273006365949
leaf_weight=8605 163 54 57 53 135 55 68 63 53 1137 47 51 164 95
leaf_count=8605 163 54 57 53 135 55 68 63 53 1137 47 51 164 95
internal_value=2.70407e-07 -0.00508265 0.00103566 0.0268234 0.0378072 0.0626318 0.0864553 -0.0223514 -0.0604871 0.00314465 0.000457648 -0.012891 -0.0348792 0.00549653
internal_weight=10800 1827 8973 368 311 176 121 589 116 1238 1184 473 215 258
internal_count=10800 1827 8973 368 311 176 121 589 116 1238 1184 473 215 258
is_linear=0
shrinkage=0.05


Tree=384
num_leaves=15
num_cat=0
split_feature=40 43 22 65 28 43 32 47 13 37 39 65 26 65
split_gain=22.3165 76.5643 121.042 87.5759 35.375 199.086 131.829 225.639 220.472 113.815 187.771 138.819 133.8 154.662
threshold=45.625000000000007 63.375000000000007 139.29893664062504 195.36659100000003 26.812500000000004 61.375000000000007 25.062500000000004 76.348958333333357 4.7398662634105522 50.125000000000007 56.625000000000007 63.145266500000005 27.887500000000003 231.31079250000002
decision_type=2 2 2 2 2 2 2 2 2 2 2 2 2 2
left_child=1 3 -3 -1 -2 9 -7 8 -8 -6 11 -11 -13 -14
right_child=4 2 -4 -5 5 6 7 -9 -10 10 -12 12 13 -15
leaf_value=-0.076224433544387182 0.00075005013954379421 0.0041439093293613441 0.095061479735055146 0.018999579624604371 -0.014167383319017804 -0.0096390704237015803 -0.04502715650349548 0.01488366734639213 -0.16340938323410228 -0.014579049713740294 -0.0087532234860299221 0.011108736673902189 0.16910600958874933 0.056262482863825729
leaf_weight=40 9199 106 55 58 322 326 105 73 63 54 218 55 53 73
leaf_count=40 9199 106 55 58 322 326 105 73 63 54 218 55 53 73
internal_value=3.50071e-07 0.0144716 0.0355978 -0.0202447 -0.000356558 -0.00793693 -0.0304255 -0.0583871 -0.0901247 0.00853398 0.0246662 0.0555737 0.0764683 0.104686
internal_weight=10800 259 161 98 10541 1342 567 241 168 775 453 235 181 126
internal_count=10800 259 161 98 10541 1342 567 241 168 775 453 235 181 126
is_linear=0
shrinkage=0.05


Tree=385
num_leaves=15
num_cat=0
split_feature=65 65 65 25 64 14 11 17 2 65 12 61 53 15
split_gain=22.0135 368.341 165.72 264.197 284.902 123.221 123.412 89.5119 275.339 86.3692 504.351 257.94 362.642 255.107
threshold=229.58777250000003 223.08690000000004 241.68896250000003 108.79148216615197 211.14921150000001 227.15107629166667 259.12192600000009 46.226624869382128 149.12810850000002 152.31669400000001 95.068245000000005 -0.9733555533461492 -0.9733555533461492 65.757307000000011
decision_type=2 2 2 2 2 2 2 2 2 2 2 2 2 2
left_child=1 7 3 4 -2 -6 -7 9 -9 11 -11 13 -13 -1
right_child=2 -3 -4 -5 5 6 -8 8 -10 10 -12 12 -14 -15
leaf_value=0.012671675248757789 -0.10178028638785085 0.12068783942959271 0.00074683174148948038 -0.15549309337289918 -0.042315336257692369 0.096328338620991549 -0.00586213276981086 0.0090185840409965478 0.14658098615160803 -0.17618743288128272 -0.0067677492683272849 -0.11806814514673675 0.00060203319323435861 0.12593532835599036
leaf_weight=132 74 63 2058 41 62 57 60 324 40 45 978 64 6723 79
leaf_count=132 74 63 2058 41 62 57 60 324 40 45 978 64 6723 79
internal_value=5.10774e-07 0.00119167 -0.00427663 -0.0393242 -0.0199604 0.0142422 0.0443174 0.000279563 0.0244955 -0.000822295 -0.014385 0.00116214 -0.000534231 0.0554724
internal_weight=10800 8448 2352 294 253 179 117 8385 364 8021 1023 6998 6787 211
internal_count=10800 8448 2352 294 253 179 117 8385 364 8021 1023 6998 6787 211
is_linear=0
shrinkage=0.05


Tree=386
num_leaves=15
num_cat=0
split_feature=22 19 13 65 31 47 41 30 36 48 42 39 29 22
split_gain=23.114 83.2906 65.5923 61.1336 145.642 196.984 95.824 181.544 77.52 199.394 55.4976 58.8032 59.9213 52.1986
threshold=90.608905307291693 187.04994150000002 48.073970756014013 24.000000000000004 23.912500000000005 66.623697916666686 87.875000000000014 20.712500000000002 18.790104166666669 8.6250000000000018 90.875000000000014 70.875000000000014 19.762500000000003 134.02043159375003
decision_type=2 2 2 2 2 2 2 2 2 2 2 2 2 2
left_child=1 2 3 -1 6 -6 8 10 -5 -10 11 -8 -13 -2
right_child=13 -3 -4 4 5 -7 7 -9 9 -11 -12 12 -14 -15
leaf_value=-0.0024867074595532374 -0.0064580757814026437 0.074456630649453986 -0.056544489688847378 -0.039575127653889861 -0.0019026888523339517 0.15211777357118472 0.054717309843926198 -0.095540071702807372 0.12351890365593135 0.014907712192412379 -0.035099598897408837 0.026365111764220701 -0.031045703923287378 0.0019186449893067348
leaf_weight=1728 3115 40 45 55 41 41 62 56 44 703 78 93 87 4612
leaf_count=1728 3115 40 45 55 41 41 62 56 44 703 78 93 87 4612
internal_value=5.05946e-08 0.00366727 0.00270945 0.00362045 0.0119913 0.0760125 0.00747414 -0.0133293 0.0172318 0.0214617 0.00131035 0.0131419 -0.00140167 -0.00145868
internal_weight=10800 3073 3033 2988 1260 82 1178 376 802 747 320 242 180 7727
internal_count=10800 3073 3033 2988 1260 82 1178 376 802 747 320 242 180 7727
is_linear=0
shrinkage=0.05


Tree=387
num_leaves=15
num_cat=0
split_feature=36 51 20 37 35 33 27 5 65 5 19 43 65 13
split_gain=24.9154 128.795 180.546 120.254 129.507 108.574 102.215 76.0734 106.001 94.8171 88.9731 99.7614 199.175 94.6789
threshold=21.914973958333338 1.5000000000000002 253.49028900000005 58.625000000000007 24.073958333333341 23.965625000000006 21.162500000000005 236.283309 247.83590400000003 241.49687000000003 74.642823000000007 63.875000000000007 157.78331700000004 17.128625512969446
decision_type=2 2 2 2 2 2 2 2 2 2 2 2 2 2
left_child=1 6 7 -4 5 -5 -1 10 9 -9 11 12 -3 -12
right_child=-2 2 3 4 -6 -7 -8 8 -10 -11 13 -13 -14 -15
leaf_value=-0.012201335193479762 -0.0017217003446166211 0.021610549533118806 -0.041438533168058012 0.040516492614542397 -0.0016374842795418708 0.10715779779656304 -0.11264589376202444 -0.10468063653845872 0.016646297628826957 -0.020370634840801358 0.017243909183780319 0.0017387372413509275 -0.1292876077252765 0.09954852366021702
leaf_weight=67 7131 44 48 234 126 83 40 55 84 84 212 2509 42 41
leaf_count=67 7131 44 48 234 126 83 40 55 84 84 212 2509 42 41
internal_value=8.78369e-07 0.00334841 0.00497806 0.0330979 0.0412493 0.0582473 -0.050446 0.000472866 -0.0275834 -0.0542401 0.0026786 -8.57712e-05 -0.0527229 0.0309212
internal_weight=10800 3669 3562 491 443 317 107 3071 223 139 2848 2595 86 253
internal_count=10800 3669 3562 491 443 317 107 3071 223 139 2848 2595 86 253
is_linear=0
shrinkage=0.05


Tree=388
num_leaves=15
num_cat=0
split_feature=39 29 61 31 46 64 24 17 5 1 0 2 18 65
split_gain=23.2491 100.416 352.49 480.895 131.419 261.859 254.957 241.332 129.092 86.7372 153.804 280.922 173.373 140.272
threshold=75.375000000000014 22.512500000000003 -0.2269546835593246 24.962500000000002 79.635416666666671 74.836544500000016 246.46162000000001 19.000867638863912 192.5505325 80.694795500000012 114.10464400000002 111.91807350000002 67.100833937500013 149.900586
decision_type=2 2 2 2 2 2 2 2 2 2 2 2 2 2
left_child=-1 4 3 -3 5 -2 -7 -8 -9 13 11 12 -11 -6
right_child=1 2 -4 -5 9 6 7 8 -10 10 -12 -13 -14 -15
leaf_value=-0.002822034926126512 0.0009294126601136738 0.021560890510445463 0.0059749763725050926 0.22966565300905428 -0.00033413358591013478 0.022339110160186016 -0.19333878154866399 -0.035084069561590991 -0.13353721943937921 0.057887840971256356 0.0031667321127182586 0.16677128336415059 -0.026828019626020473 -0.071924052069495842
leaf_weight=4354 572 79 1230 42 3039 76 40 142 43 157 820 40 97 69
leaf_count=4354 572 79 1230 42 3039 76 40 142 43 157 820 40 97 69
internal_value=2.81114e-07 0.00190678 0.0140205 0.095086 -0.00130744 -0.0189552 -0.0566207 -0.0832723 -0.0585627 0.0023453 0.0143091 0.0452704 0.0255574 -0.00194611
internal_weight=10800 6446 1351 121 5095 873 301 225 185 4222 1114 294 254 3108
internal_count=10800 6446 1351 121 5095 873 301 225 185 4222 1114 294 254 3108
is_linear=0
shrinkage=0.05


Tree=389
num_leaves=15
num_cat=0
split_feature=36 51 20 43 42 27 45 19 46 43 43 53 5 65
split_gain=23.1949 115.384 164.832 110.778 101.231 93.694 75.9738 91.7917 98.9344 89.7612 69.4445 202.096 68.3686 95.8014
threshold=21.914973958333338 1.5000000000000002 253.49028900000005 63.375000000000007 88.375000000000014 21.162500000000005 82.677083333333357 108.00145050000002 74.489583333333357 80.375000000000014 88.125000000000014 -0.097964660725097366 236.283309 247.83590400000003
decision_type=2 2 2 2 2 2 2 2 2 2 2 2 2 2
left_child=1 5 12 4 -4 -1 7 8 -5 -10 -2 -12 -3 -14
right_child=10 2 3 6 -6 -7 -8 -9 9 -11 11 -13 13 -15
leaf_value=-0.01108060132520383 -0.0026492597883380833 0.0025591842034824335 0.026694421482182318 0.14782567955553533 -0.07318257230312325 -0.10723554327538827 -0.0017128343718747299 0.031119329240019589 0.11001192569369223 0.0099833157863102717 0.095631591402466465 -0.0023001179624939478 -0.051471374191959123 0.015917638283880316
leaf_weight=67 6857 2848 61 43 42 40 74 181 40 50 70 204 139 84
leaf_count=67 6857 2848 61 43 42 40 74 181 40 50 70 204 139 84
internal_value=4.72781e-07 0.00323036 0.00477282 0.0316411 -0.0143442 -0.0476865 0.043854 0.0545641 0.0859998 0.0551609 -0.00166157 0.0229757 0.000468139 -0.0261294
internal_weight=10800 3669 3562 491 103 107 388 314 133 90 7131 274 3071 223
internal_count=10800 3669 3562 491 103 107 388 314 133 90 7131 274 3071 223
is_linear=0
shrinkage=0.05


Tree=390
num_leaves=15
num_cat=0
split_feature=15 43 25 36 24 0 19 19 11 13 32 65 2 9
split_gain=21.7142 58.0313 73.3564 84.0845 67.3189 65.3551 57.304 85.2494 100.866 141.987 63.4678 49.5506 58.0222 56.9085
threshold=217.50623400000003 82.875000000000014 104.81560041481056 21.872395833333339 270.16837750000008 254.15196650000004 199.94320350000004 207.58805900000002 206.48847750000002 2.7592496622256166 28.237500000000004 278.29070450000006 217.87700700000002 223.08690000000004
decision_type=2 2 2 2 2 2 2 2 2 2 2 2 2 2
left_child=6 2 3 -2 -5 -6 11 8 -8 -10 -9 13 -13 -1
right_child=1 -3 -4 4 5 -7 7 10 9 -11 -12 12 -14 -15
leaf_value=0.0011261261227580803 -0.0048961494954517203 -0.039925022345920241 -0.0016589745165335693 -0.0014821977153712629 0.10859422630164772 0.040262575465982081 0.020271986168385908 0.032859265154434575 -0.023229851420833975 -0.13053481023547783 -0.03258160243313464 0.070426580497923372 0.0081902210771873148 -0.0099693618912572862
leaf_weight=8134 112 58 439 50 55 99 43 89 75 52 62 51 135 1346
leaf_count=8134 112 58 439 50 55 99 43 89 75 52 62 51 135 1346
internal_value=1.32919e-06 0.007854 0.0115724 0.0299012 0.0489363 0.0652099 -0.000638646 -0.0213887 -0.0455664 -0.0678423 0.00595193 5.25869e-05 0.0255404 -0.000450131
internal_weight=10800 813 755 316 204 154 9987 321 170 127 151 9666 186 9480
internal_count=10800 813 755 316 204 154 9987 321 170 127 151 9666 186 9480
is_linear=0
shrinkage=0.05


Tree=391
num_leaves=15
num_cat=0
split_feature=36 51 20 37 35 28 44 17 14 13 12 16 16 64
split_gain=21.4208 103.961 151.335 103.101 110.947 98.576 84.0861 65.0305 64.3795 104.084 81.5136 92.7993 128.706 87.3125
threshold=21.914973958333338 1.5000000000000002 253.49028900000005 58.625000000000007 24.073958333333341 23.712500000000002 82.281250000000014 26.047574671196266 234.89606320833335 1.7041383089792135 240.70344600000001 232.48416900000004 223.22694000000004 132.91702300000003
decision_type=2 2 2 2 2 2 2 2 2 2 2 2 2 2
left_child=1 6 8 -4 5 7 -1 -5 10 -10 11 12 -3 -13
right_child=-2 2 3 4 -6 -7 -8 -9 9 -11 -12 13 -14 -15
leaf_value=-0.10054407438174601 -0.0015957784692291295 0.00090084289638872573 -0.038698505507592039 -0.0095482317190284712 -0.0018302399023458012 0.10474586494088377 -0.0098734233125265872 0.051997619101909323 0.011371084400029347 -0.099738873759420921 0.036492928171987245 -0.071688482680403426 0.079630468146137473 -0.0086872955368137404
leaf_weight=41 7131 2529 48 55 126 72 66 190 43 40 158 81 52 168
leaf_count=41 7131 2529 48 55 126 72 66 190 43 40 158 81 52 168
internal_value=1.43606e-06 0.00310534 0.00456946 0.0303143 0.0378623 0.0535953 -0.0452257 0.0381986 0.000444775 -0.0427258 0.00165785 -0.000299209 0.00251725 -0.0293864
internal_weight=10800 3669 3562 491 443 317 107 245 3071 83 2988 2830 2581 249
internal_count=10800 3669 3562 491 443 317 107 245 3071 83 2988 2830 2581 249
is_linear=0
shrinkage=0.05


Tree=392
num_leaves=15
num_cat=0
split_feature=47 65 47 65 38 32 3 45 30 0 9 31 40 47
split_gain=20.9359 80.9483 107.766 226.032 393.152 185.391 80.5138 76.2113 69.6375 67.365 166.784 66.6229 85.5854 197.562
threshold=80.829427083333357 280.98983350000009 81.476562500000014 96.61214750000002 85.875000000000014 24.262500000000003 261.89570950000001 92.364583333333357 16.862500000000004 242.21224350000003 235.35129550000002 19.612500000000004 86.625000000000014 77.584635416666671
decision_type=2 2 2 2 2 2 2 2 2 2 2 2 2 2
left_child=7 2 3 -2 5 -5 8 11 -4 10 -10 12 -1 -14
right_child=1 -3 6 4 -6 -7 -8 -9 9 -11 -12 -13 13 -15
leaf_value=0.0084939347321022676 0.0045042825242692036 0.064249378327457682 0.060507615631836098 0.01551518239790485 -0.20756100983154485 -0.1069792064495993 0.062770133697408803 0.064580977279098437 -0.0031686033340009817 0.031723655574787103 -0.082262000292539605 -0.00084734922725974776 -0.017292188198828117 0.13758882779982828
leaf_weight=918 215 41 42 83 40 48 48 46 1396 121 69 7652 40 41
leaf_count=918 215 41 42 83 40 48 48 46 1396 121 69 7652 40 41
internal_value=1.1001e-06 -0.00447449 -0.00587145 -0.0296532 -0.0723762 -0.0298387 -0.000379862 0.00108372 -0.00227917 -0.00397895 -0.00694739 0.000738663 0.0128757 0.0618262
internal_weight=10800 2103 2062 386 171 131 1676 8697 1628 1586 1465 8651 999 81
internal_count=10800 2103 2062 386 171 131 1676 8697 1628 1586 1465 8651 999 81
is_linear=0
shrinkage=0.05


Tree=393
num_leaves=15
num_cat=0
split_feature=40 43 22 65 6 25 33 19 3 46 26 38 28 13
split_gain=20.8561 67.655 110.169 79.8405 34.8775 87.0982 96.8261 159.867 112.721 100.699 79.6066 135.67 124.633 82.3185
threshold=45.625000000000007 63.375000000000007 139.29893664062504 195.36659100000003 261.54221350000006 99.971251996581813 22.518750000000004 98.748339000000001 165.57299300000003 75.947916666666671 27.562500000000004 55.875000000000007 27.362500000000004 25.2274034091941
decision_type=2 2 2 2 2 2 2 2 2 2 2 2 2 2
left_child=1 3 -3 -1 -2 -6 7 -7 9 -9 12 -12 13 -8
right_child=4 2 -4 -5 5 6 10 8 -10 -11 11 -13 -14 -15
leaf_value=-0.072099287937985868 0.0006131303482087724 0.0038422770892861781 0.090579109522514051 0.018816212924607733 -0.080432469313737098 -0.019623745231214781 -0.028126837458319922 0.12788124267411019 0.0056671107759360571 0.024746351747578662 -0.029856423884140032 0.068168348864172446 -0.086690172691502282 0.023479488533223049
leaf_weight=40 9491 106 55 58 40 173 341 55 87 42 75 65 73 99
leaf_count=40 9491 106 55 58 40 173 341 55 87 42 75 65 73 99
internal_value=1.19237e-06 0.0139909 0.0338491 -0.0186456 -0.00034384 -0.00898629 -0.00607998 0.0148313 0.0471576 0.0839331 -0.0175176 0.0158158 -0.0266274 -0.0164885
internal_weight=10800 259 161 98 10541 1050 1010 357 184 97 653 140 513 440
internal_count=10800 259 161 98 10541 1050 1010 357 184 97 653 140 513 440
is_linear=0
shrinkage=0.05


Tree=394
num_leaves=15
num_cat=0
split_feature=4 38 33 26 38 15 9 45 22 2 5 9 5 17
split_gain=20.9194 102.837 98.2751 99.1361 120.208 74.8663 62.7682 45.2871 45.0052 43.5457 74.5153 71.4096 60.8757 121.532
threshold=277.21077400000007 74.375000000000014 27.940625000000004 28.987500000000004 56.375000000000007 267.10659300000003 241.18139200000005 42.354166666666679 146.02372800520837 275.94297850000004 268.80763500000006 247.46176750000004 273.99435950000003 38.082873828881382
decision_type=2 2 2 2 2 2 2 2 2 2 2 2 2 2
left_child=5 2 6 -4 8 7 -2 -1 -5 12 11 -11 -9 -14
right_child=1 -3 3 4 -6 -7 -8 9 -10 10 -12 -13 13 -15
leaf_value=0.04603924050417571 0.10616078003076837 -0.054771533486794456 -0.061334275553623842 0.019473154903812843 0.079245684529512625 -0.054306227504275745 0.021276664742756458 0.00064805921845120091 -0.047986557591292597 -0.095485765776260112 0.018068905522628433 -0.017179992302214796 0.00023166330730808632 -0.090658495761454114
leaf_weight=52 47 48 44 54 58 63 41 9992 44 46 68 78 111 54
leaf_count=52 47 48 44 54 58 63 41 9992 44 46 68 78 111 54
internal_value=1.35022e-06 0.0122629 0.0235862 0.00411483 0.0228479 -0.000393505 0.0672959 -6.17604e-05 -0.0109937 -0.000297827 -0.0238254 -0.0467604 0.000149221 -0.0298812
internal_weight=10800 336 288 200 156 10464 88 10401 98 10349 192 124 10157 165
internal_count=10800 336 288 200 156 10464 88 10401 98 10349 192 124 10157 165
is_linear=0
shrinkage=0.05


Tree=395
num_leaves=15
num_cat=0
split_feature=15 4 43 45 25 19 15 64 25 4 9 10 33 34
split_gain=21.4671 57.0582 84.1585 72.7686 94.3647 56.1726 73.8516 155.901 73.2778 51.2616 88.8922 65.0919 91.5826 63.5182
threshold=217.18543900000003 232.23885200000004 81.875000000000014 74.177083333333357 104.81560041481056 199.94320350000004 207.58805900000002 229.01913550000003 106.87927892455518 277.21077400000007 271.84868150000005 272.43981575000004 30.128125000000004 26.418750000000006
decision_type=2 2 2 2 2 2 2 2 2 2 2 2 2 2
left_child=5 -2 3 4 -3 -1 7 -7 -8 13 11 -11 -13 -6
right_child=1 2 -4 -5 9 6 8 -9 -10 10 -12 12 -14 -15
leaf_value=3.8696867547318154e-05 0.062485109004709466 0.036508167934155573 -0.053940299989884359 -0.046737616291028211 0.026446378513771508 -0.00078121995214711537 -0.024235935066479135 -0.11633572707497426 0.039492667258224069 0.00041143409730984445 -0.047758192750950196 0.11469796895980836 0.009332435191949694 -0.035973325670875661
leaf_weight=9654 44 269 56 53 55 65 133 52 67 78 42 42 40 150
leaf_count=9654 44 269 56 53 55 65 133 52 67 78 42 42 40 150
internal_value=6.78241e-07 0.00772672 0.00458186 0.00914513 0.013589 -0.000642384 -0.0213191 -0.0526894 -0.00279659 -0.00161135 0.0162244 0.0332121 0.0640318 -0.0191795
internal_weight=10800 829 785 729 676 9971 317 117 200 407 202 160 82 205
internal_count=10800 829 785 729 676 9971 317 117 200 407 202 160 82 205
is_linear=0
shrinkage=0.05


end of trees

feature_importances:
consumo_alvo_semana_anterior=655
consumo_lag_10080m=325
consumo_atual_kw=288
temperatura_externa_c_atual=265
consumo_lag_30m=225
origem_hora=196
temperatura_externa_c_media_1440m=180
consumo_alvo_dia_anterior=159
consumo_std_60m=149
consumo_mean_1440m=140
origem_hora_cos=140
consumo_std_180m=122
umidade_relativa_pct_media_1440m=122
consumo_std_1440m=115
consumo_max_1440m=112
consumo_max_180m=94
umidade_relativa_pct_lag_1440m=93
temperatura_externa_c_lag_60m=85
umidade_relativa_pct_atual=84
consumo_lag_1440m=80
consumo_std_360m=78
temperatura_externa_c_lag_720m=75
temperatura_externa_c_lag_1440m=73
umidade_relativa_pct_media_360m=72
consumo_lag_60m=71
temperatura_externa_c_media_360m=70
alvo_hora_cos=70
consumo_max_360m=69
umidade_relativa_pct_lag_180m=68
origem_hora_sin=66
consumo_min_180m=63
temperatura_externa_c_media_60m=63
consumo_lag_180m=60
umidade_relativa_pct_lag_360m=60
consumo_max_60m=59
temperatura_externa_c_media_180m=59
origem_mes=57
consumo_lag_120m=54
umidade_relativa_pct_lag_720m=51
consumo_min_360m=48
temperatura_externa_c_lag_360m=48
consumo_lag_360m=47
alvo_hora_sin=46
consumo_mean_180m=45
umidade_relativa_pct_lag_60m=43
umidade_relativa_pct_media_180m=41
origem_dia_semana=41
consumo_mean_360m=39
temperatura_externa_c_lag_180m=36
consumo_min_60m=34
origem_semana_sin=33
consumo_lag_720m=31
consumo_lag_15m=30
umidade_relativa_pct_lag_15m=30
consumo_mean_60m=22
temperatura_externa_c_lag_15m=19
umidade_relativa_pct_media_60m=18
origem_semana_cos=10
alvo_semana_cos=7
alvo_dia_semana=6
alvo_semana_sin=2
alvo_hora=1

parameters:
[boosting: gbdt]
[objective: regression]
[metric: l1]
[tree_learner: serial]
[device_type: cpu]
[data_sample_strategy: bagging]
[data: ]
[valid: ]
[num_iterations: 400]
[learning_rate: 0.05]
[num_leaves: 15]
[num_threads: 2]
[seed: 20260905]
[deterministic: 1]
[force_col_wise: 1]
[force_row_wise: 0]
[histogram_pool_size: -1]
[max_depth: -1]
[min_data_in_leaf: 40]
[min_sum_hessian_in_leaf: 0.001]
[bagging_fraction: 1]
[pos_bagging_fraction: 1]
[neg_bagging_fraction: 1]
[bagging_freq: 0]
[bagging_seed: 23218]
[bagging_by_query: 0]
[feature_fraction: 1]
[feature_fraction_bynode: 1]
[feature_fraction_seed: 28090]
[extra_trees: 0]
[extra_seed: 14360]
[early_stopping_round: 0]
[early_stopping_min_delta: 0]
[first_metric_only: 0]
[max_delta_step: 0]
[lambda_l1: 0]
[lambda_l2: 1]
[linear_lambda: 0]
[min_gain_to_split: 0]
[drop_rate: 0.1]
[max_drop: 50]
[skip_drop: 0.5]
[xgboost_dart_mode: 0]
[uniform_drop: 0]
[drop_seed: 16970]
[top_rate: 0.2]
[other_rate: 0.1]
[min_data_per_group: 100]
[max_cat_threshold: 32]
[cat_l2: 10]
[cat_smooth: 10]
[max_cat_to_onehot: 4]
[top_k: 20]
[monotone_constraints: ]
[monotone_constraints_method: basic]
[monotone_penalty: 0]
[feature_contri: ]
[forcedsplits_filename: ]
[refit_decay_rate: 0.9]
[cegb_tradeoff: 1]
[cegb_penalty_split: 0]
[cegb_penalty_feature_lazy: ]
[cegb_penalty_feature_coupled: ]
[path_smooth: 0]
[interaction_constraints: ]
[verbosity: -1]
[saved_feature_importance_type: 0]
[use_quantized_grad: 0]
[num_grad_quant_bins: 4]
[quant_train_renew_leaf: 0]
[stochastic_rounding: 1]
[linear_tree: 0]
[max_bin: 255]
[max_bin_by_feature: ]
[min_data_in_bin: 3]
[bin_construct_sample_cnt: 200000]
[data_random_seed: 5037]
[is_enable_sparse: 1]
[enable_bundle: 1]
[use_missing: 1]
[zero_as_missing: 0]
[feature_pre_filter: 1]
[pre_partition: 0]
[two_round: 0]
[header: 0]
[label_column: ]
[weight_column: ]
[group_column: ]
[ignore_column: ]
[categorical_feature: ]
[forcedbins_filename: ]
[precise_float_parser: 0]
[parser_config_file: ]
[objective_seed: 15411]
[num_class: 1]
[is_unbalance: 0]
[scale_pos_weight: 1]
[sigmoid: 1]
[boost_from_average: 1]
[reg_sqrt: 0]
[alpha: 0.9]
[fair_c: 1]
[poisson_max_delta_step: 0.7]
[tweedie_variance_power: 1.5]
[lambdarank_truncation_level: 30]
[lambdarank_norm: 1]
[label_gain: ]
[lambdarank_position_bias_regularization: 0]
[eval_at: ]
[multi_error_top_k: 1]
[auc_mu_weights: ]
[num_machines: 1]
[local_listen_port: 12400]
[time_out: 120]
[machine_list_filename: ]
[machines: ]
[gpu_platform_id: -1]
[gpu_device_id: -1]
[gpu_device_id_list: ]
[gpu_use_dp: 0]
[num_gpu: 1]

end of parameters

pandas_categorical:[]
