tree
version=v4
num_class=1
num_tree_per_iteration=1
label_index=0
max_feature_idx=65
objective=regression
feature_names=consumo_atual_kw consumo_lag_15m consumo_lag_30m consumo_lag_60m consumo_lag_120m consumo_lag_180m consumo_lag_360m consumo_lag_720m consumo_lag_1440m consumo_lag_10080m consumo_mean_60m consumo_min_60m consumo_max_60m consumo_std_60m consumo_mean_180m consumo_min_180m consumo_max_180m consumo_std_180m consumo_mean_360m consumo_min_360m consumo_max_360m consumo_std_360m consumo_mean_1440m consumo_min_1440m consumo_max_1440m consumo_std_1440m temperatura_externa_c_atual temperatura_externa_c_lag_15m temperatura_externa_c_lag_60m temperatura_externa_c_lag_180m temperatura_externa_c_lag_360m temperatura_externa_c_lag_720m temperatura_externa_c_lag_1440m temperatura_externa_c_media_60m temperatura_externa_c_media_180m temperatura_externa_c_media_360m temperatura_externa_c_media_1440m umidade_relativa_pct_atual umidade_relativa_pct_lag_15m umidade_relativa_pct_lag_60m umidade_relativa_pct_lag_180m umidade_relativa_pct_lag_360m umidade_relativa_pct_lag_720m umidade_relativa_pct_lag_1440m umidade_relativa_pct_media_60m umidade_relativa_pct_media_180m umidade_relativa_pct_media_360m umidade_relativa_pct_media_1440m origem_hora origem_dia_semana origem_fim_de_semana origem_mes origem_hora_sin origem_hora_cos origem_semana_sin origem_semana_cos alvo_hora alvo_dia_semana alvo_fim_de_semana alvo_mes alvo_hora_sin alvo_hora_cos alvo_semana_sin alvo_semana_cos consumo_alvo_dia_anterior consumo_alvo_semana_anterior
feature_infos=[22.399999999999999:324.71375799999998] [22.399999999999999:324.71375799999998] [22.399999999999999:324.71375799999998] [22.399999999999999:324.71375799999998] [22.399999999999999:324.71375799999998] [22.399999999999999:324.71375799999998] [22.399999999999999:324.71375799999998] [22.399999999999999:324.71375799999998] [22.399999999999999:324.71375799999998] [22.399999999999999:324.71375799999998] [22.399999999999999:321.24876725000001] [22.399999999999999:318.278571] [22.399999999999999:324.71375799999998] [0:82.540869055199337] [22.399999999999999:313.28577408333337] [22.399999999999999:302.53573799999998] [22.399999999999999:324.71375799999998] [0:92.970139865692389] [22.399999999999999:295.13563500000004] [22.399999999999999:249.29458700000001] [22.399999999999999:324.71375799999998] [0:116.53386463160022] [23.200000000000003:159.49963871874999] none [25.600000000000001:324.71375799999998] [1.3929144002343703:128.71471884334804] [15:33.700000000000003] [15:33.700000000000003] [15:33.700000000000003] [15:33.700000000000003] [15:33.700000000000003] [15:33.700000000000003] [15:33.700000000000003] [15:33.4375] [15:32.71875] [15.333333333333334:31.620833333333334] [16.439843749999998:27.283072916666669] [31:98] [31:98] [31:98] [31:98] [31:98] [31:98] [31:98] [32.5:95.625] [33.666666666666664:95.083333333333329] [37.041666666666664:94] [59.309895833333336:91.638020833333329] [0:23.75] [0:6] [0:1] [1:4] [-1:1] [-1:1] [-0.97492791218182362:0.97492791218182362] [-0.90096886790241903:1] [0:23.75] [0:6] [0:1] [1:4] [-1:1] [-1:1] [-0.97492791218182362:0.97492791218182362] [-0.90096886790241903:1] [22.399999999999999:324.71375799999998] [22.399999999999999:324.71375799999998]
tree_sizes=1391 1414 1411 1412 1412 1405 1418 1415 1412 1418 1419 1410 1417 1417 1412 1417 1420 1417 1418 1411 1418 1409 1410 1405 1405 1418 1418 1414 1402 1427 1422 1425 1419 1417 1419 1420 1431 1429 1424 1432 1431 1426 1421 1429 1431 1430 1419 1434 1411 1437 1429 1423 1426 1438 1421 1428 1424 1426 1423 1420 1423 1426 1434 1416 1434 1426 1443 1434 1432 1422 1427 1424 1434 1431 1428 1427 1428 1426 1422 1431 1429 1426 1430 1434 1436 1433 1435 1437 1431 1440 1433 1428 1439 1430 1430 1436 1435 1447 1439 1430 1439 1435 1442 1419 1449 1440 1451 1437 1429 1456 1430 1436 1436 1418 1435 1439 1435 1425 1420 1434 1439 1420 1451 1451 1443

Tree=0
num_leaves=15
num_cat=0
split_feature=65 65 65 53 60 48 33 36 36 48 4 48 30 36
split_gain=8.95289e+07 9.47972e+06 3.48519e+06 301140 285485 236544 224987 209473 139528 67861.3 66016 56501 43100.3 38794.1
threshold=151.88152850000003 42.523274000000008 229.01913550000003 -0.83146961230254512 -0.8814490726585632 7.8750000000000009 19.003125000000004 22.179427083333334 22.889062500000005 3.8750000000000004 71.967546000000013 8.8750000000000018 20.337500000000002 18.395963541666671
decision_type=2 2 2 2 2 2 2 2 2 2 2 2 2 2
left_child=1 -1 3 -2 12 6 13 -6 11 -9 -10 -5 -3 -4
right_child=2 4 5 8 7 -7 -8 9 10 -11 -12 -13 -14 -15
leaf_value=104.06210569285707 109.56359517072882 109.22670282128119 113.77849523085135 112.77782398651451 107.33315381836827 113.39987316259291 116.22629315750224 109.56324726305927 113.88584174180042 108.35757067466763 112.74381055620618 111.76401013495523 110.53649318443546 115.19134437798775
leaf_weight=5440 78 132 84 284 595 103 1771 138 307 728 276 326 123 415
leaf_count=5440 78 132 84 284 595 103 1771 138 307 728 276 326 123 415
internal_value=108.333 105.084 114.711 112.592 108.324 115.843 115.952 108.055 112.789 108.551 113.354 112.243 109.865 114.965
internal_weight=10800 7156 3644 1271 1716 2373 2270 1461 1193 866 583 610 255 499
internal_count=10800 7156 3644 1271 1716 2373 2270 1461 1193 866 583 610 255 499
is_linear=0
shrinkage=1


Tree=1
num_leaves=15
num_cat=0
split_feature=65 65 65 53 60 48 35 36 35 48 4 36 20 30
split_gain=8.08107e+07 8.55603e+06 3.14493e+06 271770 257829 213094 203130 189758 132924 101973 70952.9 42129.6 41850.2 38932.6
threshold=151.88152850000003 42.523274000000008 229.01913550000003 -0.83146961230254512 -0.8814490726585632 7.8750000000000009 19.947395833333335 21.850390625000006 19.877083333333335 8.8750000000000018 86.131610500000008 18.395963541666671 268.31435900000002 20.337500000000002
decision_type=2 2 2 2 2 2 2 2 2 2 2 2 2 2
left_child=1 -1 3 -2 13 6 11 -6 -5 -10 -9 -4 -12 -3
right_child=2 4 5 8 7 -7 -8 10 9 -11 12 -13 -14 -15
leaf_value=-4.0569479119403029 1.1702857274043408 0.8497949623929939 5.1768651132022638 3.3183836780560365 -1.0890041593596402 4.8164069249079784 7.5315690224271625 0.74757279955510858 5.156001435648097 4.0356005496146032 -0.53206867626098608 6.5934430378057263 0.25544315348903185 2.0946484050443099
leaf_weight=5440 78 132 84 310 471 103 1676 315 403 480 356 510 319 123
leaf_count=5440 78 132 84 310 471 103 1676 315 403 480 356 510 319 123
internal_value=0.000200974 -3.08608 6.06015 4.04766 -0.00770212 7.1359 7.23898 -0.264011 4.23464 4.5522 0.129189 6.40216 -0.160069 1.45609
internal_weight=10800 7156 3644 1271 1716 2373 2270 1461 1193 883 990 594 675 255
internal_count=10800 7156 3644 1271 1716 2373 2270 1461 1193 883 990 594 675 255
is_linear=0
shrinkage=0.05


Tree=2
num_leaves=15
num_cat=0
split_feature=65 65 65 53 60 48 33 36 36 48 48 30 36 36
split_gain=7.29405e+07 7.72224e+06 2.83824e+06 245234 232861 191968 184664 172609 120337 104728 57620.9 35168 33651.7 30888.7
threshold=151.88152850000003 42.523274000000008 229.01913550000003 -0.83146961230254512 -0.8814490726585632 7.8750000000000009 19.003125000000004 22.179427083333334 20.759114583333339 8.8750000000000018 3.8750000000000004 20.337500000000002 24.062760416666674 18.395963541666671
decision_type=2 2 2 2 2 2 2 2 2 2 2 2 2 2
left_child=1 -1 3 -2 11 6 13 -6 -5 -10 -9 -3 -12 -4
right_child=2 4 5 8 7 -7 -8 10 9 -11 12 -13 -14 -15
leaf_value=-3.8541375711108365 1.1125121321859239 0.80762471176571859 4.9210670650706581 2.9762839003505874 -0.90574572486896698 4.577902184999906 7.125838380042909 1.1325090217933382 4.8501525622312265 3.7681483959042752 -0.306102679705336 1.9907605448076802 0.373287304336819 6.1861215353012087
leaf_weight=5440 78 132 84 233 595 103 1771 138 445 515 377 123 351 415
leaf_count=5440 78 132 84 233 595 103 1771 138 445 515 377 123 351 415
internal_value=0.000357994 -2.93179 5.75766 3.84581 -0.00724926 6.77961 6.87746 -0.250831 4.02344 4.27423 0.199664 1.38386 0.0215231 5.98343
internal_weight=10800 7156 3644 1271 1716 2373 2270 1461 1193 960 866 255 728 499
internal_count=10800 7156 3644 1271 1716 2373 2270 1461 1193 960 866 255 728 499
is_linear=0
shrinkage=0.05


Tree=3
num_leaves=15
num_cat=0
split_feature=65 65 65 53 60 35 36 48 36 4 4 36 65 20
split_gain=6.58367e+07 6.9698e+06 2.56148e+06 221286 210302 175326 157329 132670 112946 59873.9 49045.5 48023.1 45626.5 36279.1
threshold=151.88152850000003 42.523274000000008 229.01913550000003 -0.83146961230254512 -0.8814490726585632 19.947395833333335 21.850390625000006 7.8750000000000009 22.889062500000005 86.131610500000008 71.967546000000013 18.395963541666671 190.22173450000003 268.31435900000002
decision_type=2 2 2 2 2 2 2 2 2 2 2 2 2 2
left_child=1 -1 3 -2 -3 -4 -6 -7 11 -8 -10 -5 -13 -11
right_child=2 4 5 8 6 7 9 -9 10 13 -12 12 -14 -15
leaf_value=-3.6614662589669296 1.0575906165038482 1.3152144203195348 5.6887522569887201 1.7399633685747784 -0.98947798667743925 6.7995558368498612 0.68780237986128545 4.4480777418109732 4.788168113262623 -0.49232982468513475 3.8037642193184866 2.7895049733459634 3.7905062797221731 0.24089024239918216
leaf_weight=5440 78 255 627 47 471 1676 315 70 307 356 276 188 375 319
leaf_count=5440 78 255 627 47 471 1676 315 70 307 356 276 188 375 319
internal_value=0.000500907 -2.7852 5.47027 3.65402 -0.00679676 6.44111 -0.23828 6.70788 3.82275 0.119746 4.32945 3.33219 3.46179 -0.145972
internal_weight=10800 7156 3644 1271 1716 2373 1461 1746 1193 990 583 610 563 675
internal_count=10800 7156 3644 1271 1716 2373 1461 1746 1193 990 583 610 563 675
is_linear=0
shrinkage=0.05


Tree=4
num_leaves=15
num_cat=0
split_feature=65 65 65 53 60 48 36 36 35 48 48 36 52 16
split_gain=5.94252e+07 6.29045e+06 2.31112e+06 199715 189868 160020 154856 142175 103574 76935 48936.6 37657 35772.2 32608.3
threshold=151.88152850000003 42.523274000000008 229.01913550000003 -0.83146961230254512 -0.8814490726585632 7.8750000000000009 20.649218750000006 22.179427083333334 19.91822916666667 8.8750000000000018 3.8750000000000004 23.077213541666669 0.72947329433276253 252.74933100000001
decision_type=2 2 2 2 2 2 2 2 2 2 2 2 2 2
left_child=1 -1 3 -2 13 6 -4 -6 12 -10 -9 -8 -5 -3
right_child=2 4 5 8 7 -7 11 10 9 -11 -12 -13 -14 -15
leaf_value=-3.4784265300496231 1.005380440022372 0.31557277415479934 5.2117014521393337 2.329710799455643 -0.82076457407850545 4.1112586333201486 6.0975189080498637 1.0421482425585067 4.4450251777668051 3.4683065857917139 0.018302814315989187 6.6317339215959823 3.4411048715764831 1.5927049152592925
leaf_weight=5440 78 69 361 175 595 103 860 138 398 478 728 1049 142 186
leaf_count=5440 78 69 361 175 595 103 860 138 398 478 728 1049 142 186
internal_value=0.000624026 -2.64596 5.19723 3.47203 -0.00643472 6.11942 6.20868 -0.226385 3.63232 3.91663 0.18247 6.39439 2.83681 1.24971
internal_weight=10800 7156 3644 1271 1716 2373 2270 1461 1193 876 866 1909 317 255
internal_count=10800 7156 3644 1271 1716 2373 2270 1461 1193 876 866 1909 317 255
is_linear=0
shrinkage=0.05


Tree=5
num_leaves=15
num_cat=0
split_feature=65 65 65 53 60 35 36 48 36 35 52 4 30 36
split_gain=5.36386e+07 5.67745e+06 2.08559e+06 180232 171445 145055 131923 106942 96088.7 51506.1 42376.6 40041.5 31367.9 29545.1
threshold=151.88152850000003 42.523274000000008 229.01913550000003 -0.83146961230254512 -0.8814490726585632 19.947395833333335 23.839973958333342 7.8750000000000009 22.889062500000005 19.91822916666667 0.72947329433276253 71.967546000000013 21.062500000000004 18.395963541666671
decision_type=2 2 2 2 2 2 2 2 2 2 2 2 2 2
left_child=1 -1 3 -2 12 13 9 -7 10 -6 -5 -10 -3 -4
right_child=2 4 5 8 6 7 -8 -9 11 -11 -12 -13 -14 -15
leaf_value=-3.3045372397687984 0.95574775831597047 0.82857782383108403 4.11928983289142 2.6463588510149272 -1.1073901460857283 6.1387590288902656 0.46565189644663224 4.0261387435483256 4.332772957194936 -0.31239242071457124 3.533927184740703 3.4431174749932136 2.0593956947326659 5.2806738366957751
leaf_weight=5440 78 182 85 371 288 1676 478 70 307 695 239 276 73 542
leaf_count=5440 78 182 85 371 288 1676 478 70 307 695 239 276 73 542
internal_value=0.00075674 -2.51368 4.93787 3.299 -0.00605043 5.81391 -0.215057 6.05641 3.45128 -0.5462 2.99933 3.91822 1.1876 5.13004
internal_weight=10800 7156 3644 1271 1716 2373 1461 1746 1193 983 610 583 255 627
internal_count=10800 7156 3644 1271 1716 2373 1461 1746 1193 983 610 583 255 627
is_linear=0
shrinkage=0.05


Tree=6
num_leaves=15
num_cat=0
split_feature=65 65 65 53 60 48 36 36 36 48 4 36 20 12
split_gain=4.84154e+07 5.12418e+06 1.88197e+06 162655 154868 133869 127626 120191 89015.4 72951.8 50311.3 33143.1 30649.2 28565.6
threshold=151.88152850000003 42.523274000000008 229.01913550000003 -0.83146961230254512 -0.8814490726585632 7.8750000000000009 20.649218750000006 21.850390625000006 20.759114583333339 8.8750000000000018 86.131610500000008 23.077213541666669 268.31435900000002 256.18699950000007
decision_type=2 2 2 2 2 2 2 2 2 2 2 2 2 2
left_child=1 -1 3 -2 13 6 -4 -6 -5 -10 -9 -8 -12 -3
right_child=2 4 5 8 7 -7 11 10 9 -11 12 -13 -14 -15
leaf_value=-3.1393406973672118 0.90856524989763399 0.45255702872468967 4.7005841692508259 2.3811653343021359 -0.86091701601586557 3.6889558278597323 5.4984248618769449 0.62931112950266921 3.9746918892112015 3.072823451846376 -0.45333597617470389 5.9939808589390351 0.22059627397917214 1.5453482966634293
leaf_weight=5440 78 98 361 233 471 103 860 315 445 515 356 1049 319 157
leaf_count=5440 78 98 361 233 471 103 860 315 445 515 356 1049 319 157
internal_value=0.00087216 -2.388 4.69145 3.13464 -0.0056916 5.52363 5.60521 -0.204337 3.2793 3.49458 0.108589 5.77373 -0.134985 1.12878
internal_weight=10800 7156 3644 1271 1716 2373 2270 1461 1193 960 990 1909 675 255
internal_count=10800 7156 3644 1271 1716 2373 2270 1461 1193 960 990 1909 675 255
is_linear=0
shrinkage=0.05


Tree=7
num_leaves=15
num_cat=0
split_feature=65 65 65 60 53 48 36 36 35 48 35 30 36 36
split_gain=4.37007e+07 4.71373e+06 1.63029e+06 152876 121406 120609 115095 113704 81699.3 56931.8 43362.7 35778.2 29904.3 28008
threshold=157.21786850000004 42.523274000000008 229.01913550000003 -0.8814490726585632 -0.83146961230254512 7.8750000000000009 20.649218750000006 23.839973958333342 19.91822916666667 8.8750000000000018 19.780208333333338 21.062500000000004 23.077213541666669 18.395963541666671
decision_type=2 2 2 2 2 2 2 2 2 2 2 2 2 2
left_child=1 -1 4 11 -2 6 -4 10 13 -10 -5 -3 -8 -6
right_child=2 3 5 7 8 -7 12 -9 9 -11 -12 -13 -14 -15
leaf_value=-2.9824025739358859 0.8562629371881485 0.71775217249835899 4.4662042006603269 -1.0401500875769505 1.2529346396525702 3.5062815464459933 5.2238228402486664 0.43641720941704609 3.8327946922886911 2.9898340139962452 -0.29670696471032149 1.9771733342129509 5.6945673221406485 2.6171906450059681
leaf_weight=5440 63 193 361 270 47 103 860 480 397 473 715 80 1049 269
leaf_count=5440 63 193 361 270 47 103 860 480 397 473 715 80 1049 269
internal_value=0.000960976 -2.25829 4.47768 0.00861919 3.01137 5.24786 5.32531 -0.194001 3.12503 3.37845 -0.501342 1.09268 5.48534 2.41887
internal_weight=10800 7178 3622 1738 1249 2373 2270 1465 1186 870 985 273 1909 316
internal_count=10800 7178 3622 1738 1249 2373 2270 1465 1186 870 985 273 1909 316
is_linear=0
shrinkage=0.05


Tree=8
num_leaves=15
num_cat=0
split_feature=65 65 65 53 60 35 36 36 48 35 36 65 6 4
split_gain=3.94457e+07 4.17387e+06 1.53265e+06 132666 126213 109971 100155 77773.3 76864.1 39173.1 35883.9 34907.5 31254.7 29623.9
threshold=151.88152850000003 42.523274000000008 229.01913550000003 -0.83146961230254512 -0.8814490726585632 19.947395833333335 23.839973958333342 22.889062500000005 7.8750000000000009 19.91822916666667 18.395963541666671 190.22173450000003 91.930868000000018 71.967546000000013
decision_type=2 2 2 2 2 2 2 2 2 2 2 2 2 2
left_child=1 -1 3 -2 -3 -4 9 10 12 -6 -5 -12 -7 -9
right_child=2 4 5 7 6 8 -8 13 -10 -11 11 -13 -14 -15
leaf_value=-2.8333098406126518 0.81956740693200991 1.0190290305996315 4.3912072698022149 1.1915930489699045 -0.9623952900842605 5.4555496338294072 0.40865442892108778 3.7366079011520785 3.4729721149928134 -0.26909193009574328 2.0853487103073687 2.9515288429057347 4.9349974045268175 2.971092001711849
leaf_weight=5440 78 255 627 47 288 1058 478 307 70 695 188 375 618 276
leaf_count=5440 78 255 627 47 288 1058 478 307 70 695 188 375 618 276
internal_value=0.00104835 -2.15521 4.23489 2.82997 -0.00512715 4.98587 -0.184456 2.96061 5.19678 -0.472988 2.555 2.6665 5.26666 3.37991
internal_weight=10800 7156 3644 1271 1716 2373 1461 1193 1746 983 610 563 1676 583
internal_count=10800 7156 3644 1271 1716 2373 1461 1193 1746 983 610 563 1676 583
is_linear=0
shrinkage=0.05


Tree=9
num_leaves=15
num_cat=0
split_feature=65 65 65 60 48 48 36 36 53 29 48 26 30 36
split_gain=3.56068e+07 3.83894e+06 1.32711e+06 124852 101336 100856 96154.6 92946.4 63717.2 48922.5 45972.3 41357.4 32205.9 28178.7
threshold=157.21786850000004 42.523274000000008 229.01913550000003 -0.8814490726585632 8.8750000000000018 7.8750000000000009 20.649218750000006 21.850390625000006 -0.83146961230254512 21.212500000000002 3.8750000000000004 19.912500000000005 21.062500000000004 25.21510416666667
decision_type=2 2 2 2 2 2 2 2 2 2 2 2 2 2
left_child=1 -1 4 12 11 6 -4 -5 -6 -10 -9 -2 -3 -8
right_child=2 3 5 7 8 -7 13 10 9 -11 -12 -13 -14 -15
leaf_value=-2.6916702278921041 2.5215458352881743 0.63192622304423574 4.0233682732555751 -0.75239629588674672 0.77378068142570555 3.1461060744065508 4.8548819100042309 0.8425121430134358 2.0677117261019622 2.9840421197089282 -0.056331535928372305 3.5073667860611035 1.8260903405554503 5.4668629579765851
leaf_weight=5440 165 193 361 472 63 103 1609 171 362 263 822 396 80 300
leaf_count=5440 165 193 361 472 63 103 1609 171 362 263 822 396 80 300
internal_value=0.001132 -2.0382 4.04207 0.00757607 2.71911 4.73696 4.80773 -0.175534 2.30463 2.45745 0.0991461 3.22242 0.987252 4.95387
internal_weight=10800 7178 3622 1738 1249 2373 2270 1465 688 625 993 561 273 1909
internal_count=10800 7178 3622 1738 1249 2373 2270 1465 688 625 993 561 273 1909
is_linear=0
shrinkage=0.05


Tree=10
num_leaves=15
num_cat=0
split_feature=65 65 65 36 35 48 48 48 30 60 20 48 34 6
split_gain=3.21397e+07 3.4649e+06 1.19758e+06 116483 91981.8 91479.8 69159.7 61748.5 58770.2 39959.8 38279.2 34286.9 30398.1 28938.3
threshold=157.21786850000004 42.523274000000008 229.01913550000003 22.985156249999999 19.947395833333335 8.8750000000000018 10.875000000000002 7.8750000000000009 21.612500000000004 -0.8814490726585632 193.72655350000002 3.8750000000000004 19.460416666666671 91.930868000000018
decision_type=2 2 2 2 2 2 2 2 2 2 2 2 2 2
left_child=1 -1 5 9 -4 10 -5 13 -7 -3 -2 -11 -13 -6
right_child=2 3 4 6 7 8 -8 -9 -10 11 -12 12 -14 -15
leaf_value=-2.5571114897486962 2.8280059557611295 0.43357389529854279 3.9572335625909698 1.0570748310003963 4.9348930029288232 1.6882703487059953 0.086958064446048561 3.1466796552631218 2.627829682240721 0.18368062580785446 3.8734148397678285 -1.26805857412073 -0.4612207343289364 4.4418882406971179
leaf_weight=5440 439 136 627 300 1058 323 472 70 365 154 122 150 526 618
leaf_count=5440 439 136 627 300 1058 323 472 70 365 154 122 150 526 618
internal_value=0.00121029 -1.93629 3.84037 0.00726891 4.50048 2.58363 0.464826 4.69319 2.18982 -0.358501 3.06184 -0.488652 -0.641861 4.75586
internal_weight=10800 7178 3622 1738 2373 1249 772 1746 688 966 561 830 676 1676
internal_count=10800 7178 3622 1738 2373 1249 772 1746 688 966 561 830 676 1676
is_linear=0
shrinkage=0.05


Tree=11
num_leaves=15
num_cat=0
split_feature=65 65 65 36 29 48 52 31 48 60 32 36 20 48
split_gain=2.90133e+07 3.18539e+06 1.03504e+06 111683 85245.2 80151 62365.1 49170.6 40250.8 36368.7 36306.3 34794.2 35978.8 29831.6
threshold=160.79779250000004 42.523274000000008 229.01913550000003 22.985156249999999 20.637500000000003 8.8750000000000018 0.29012925520284133 23.162500000000005 7.8750000000000009 -0.8814490726585632 17.925000000000001 18.395963541666671 140.69577750000002 3.8750000000000004
decision_type=2 2 2 2 2 2 2 2 2 2 2 2 2 2
left_child=1 -1 5 9 11 10 -5 -7 -6 -3 -2 -4 -13 -11
right_child=2 3 4 6 8 7 -8 -9 -10 13 -12 12 -14 -15
leaf_value=-2.4292794966386584 1.7310131449853221 0.39971700146479505 2.8529689833175307 0.12623014144761407 4.5851182641001307 1.7009889393324518 1.0526632126263331 2.5750475647380053 2.9845902112065534 0.15818340614055978 3.0732650624700342 4.1133086744619876 3.0157535707107699 -0.60989604980373235
leaf_weight=5440 61 141 85 505 1359 361 283 308 48 155 497 783 98 676
leaf_count=5440 61 141 85 505 1359 361 283 308 48 155 497 783 98 676
internal_value=0.00126535 -1.83118 3.66565 0.0178112 4.2758 2.48311 0.459859 2.10664 4.53267 -0.340661 2.92989 3.89736 3.99478 -0.466614
internal_weight=10800 7200 3600 1760 2373 1227 788 669 1407 972 558 966 881 831
internal_count=10800 7200 3600 1760 2373 1227 788 669 1407 972 558 966 881 831
is_linear=0
shrinkage=0.05


Tree=12
num_leaves=15
num_cat=0
split_feature=65 65 65 36 48 27 48 60 60 30 26 35 6 46
split_gain=2.61883e+07 2.87495e+06 934127 101084 77165.2 74337.8 72356.7 47119.4 46220 45448.9 33223.1 30194.1 25600.1 29806.8
threshold=160.79779250000004 42.523274000000008 229.01913550000003 23.581770833333337 7.8750000000000009 19.012500000000003 8.8750000000000018 -0.8814490726585632 -0.8814490726585632 21.612500000000004 19.912500000000005 19.746875000000003 91.930868000000018 82.078125000000014
decision_type=2 2 2 2 2 2 2 2 2 2 2 2 2 2
left_child=1 -1 6 7 5 -4 10 -3 -5 -8 -2 -9 13 -7
right_child=2 3 4 8 -6 12 9 11 -10 -11 -12 -13 -14 -15
leaf_value=-2.3078378541003781 2.1558512259974623 0.48685095024960384 3.5833446013347046 1.4237090612536876 2.6730920406488274 4.8120239506211391 1.5522120269905231 -0.86443724965541069 0.31882823237205454 2.3913011805183078 3.0390965548648112 -0.23264001919228497 3.9964318246644326 4.2138927666976418
leaf_weight=5440 164 174 533 115 103 429 313 260 520 356 394 691 628 680
leaf_count=5440 164 174 533 115 103 429 313 260 520 356 394 691 628 680
internal_value=0.00131933 -1.73963 3.48274 0.0169527 4.06238 4.12422 2.35932 -0.267679 0.520849 2.00163 2.78383 -0.406098 4.28802 4.4494
internal_weight=10800 7200 3600 1760 2373 2270 1227 1125 635 669 558 951 1737 1109
internal_count=10800 7200 3600 1760 2373 2270 1227 1125 635 669 558 951 1737 1109
is_linear=0
shrinkage=0.05


Tree=13
num_leaves=15
num_cat=0
split_feature=65 65 65 53 36 29 48 36 52 36 20 36 32 21
split_gain=2.36404e+07 2.49781e+06 916228 92309.8 83818.4 71472.6 62702.7 56425.4 34475.8 31450.5 30301.6 29743.7 26202.4 25249.2
threshold=151.88152850000003 42.523274000000008 229.01913550000003 -0.83146961230254512 22.179427083333334 20.762500000000003 10.875000000000002 22.950130208333338 0.88144907265856365 18.395963541666671 140.69577750000002 18.395963541666671 22.112500000000004 92.175285834314948
decision_type=2 2 2 2 2 2 2 2 2 2 2 2 2 2
left_child=1 -1 3 -2 13 9 12 11 -7 -4 -11 -5 -6 -3
right_child=2 4 5 7 6 8 -8 -9 -10 10 -12 -13 -14 -15
leaf_value=-2.192467139955173 0.51862440935418574 -0.58742840485606662 2.5354246095169426 0.73533772360533478 0.33270502112217643 3.8472633944971069 -0.034046303236297669 2.6656057571780245 4.3958915489438981 3.7200755598521469 2.7426110712687173 2.0638773828486636 1.1404212321004559 0.14827243282440924
leaf_weight=5440 78 543 85 47 189 748 620 570 629 807 104 576 216 148
leaf_count=5440 78 543 85 47 189 748 620 570 629 807 104 576 216 148
internal_value=0.00137948 -1.6679 3.27902 2.19276 -0.00461611 3.85967 0.282205 2.30169 4.10088 3.52241 3.61162 1.96499 0.765235 -0.429868
internal_weight=10800 7156 3644 1271 1716 2373 1025 1193 1377 996 911 623 405 691
internal_count=10800 7156 3644 1271 1716 2373 1025 1193 1377 996 911 623 405 691
is_linear=0
shrinkage=0.05


Tree=14
num_leaves=15
num_cat=0
split_feature=65 65 65 60 48 36 48 36 35 32 35 0 36 20
split_gain=2.13461e+07 2.38253e+06 726130 90613.6 66392.2 65000.3 64994.3 63662.6 43064.6 30634.7 29009.1 25267.2 24035 18074.3
threshold=162.90215500000002 42.523274000000008 229.01913550000003 -0.8814490726585632 7.8750000000000009 24.062760416666674 8.8750000000000018 20.649218750000006 20.065104166666671 17.925000000000001 19.746875000000003 248.17799000000002 25.21510416666667 193.72655350000002
decision_type=2 2 2 2 2 2 2 2 2 2 2 2 2 2
left_child=1 -1 6 11 7 10 9 -4 -8 -2 -5 -3 -9 -11
right_child=2 3 4 5 -6 -7 8 12 -10 13 -12 -13 -14 -15
leaf_value=-2.0828639508082443 1.4618459126641674 -0.044571411220923715 3.0888031427372886 -0.80712838287493494 2.3811114288293402 0.37135175112083318 1.1218508276119399 3.7552403414767728 2.0558589938725347 2.497665085074722 -0.19983840532812108 1.0471459958562044 4.2985175389388077 3.250636057349725
leaf_weight=5440 61 68 361 263 103 438 172 1609 479 371 775 238 300 122
leaf_count=5440 61 68 361 263 103 438 172 1609 479 371 775 238 300 122
internal_value=0.00141249 -1.56317 3.159 0.0235891 3.66705 -0.138885 2.15629 3.72432 1.81118 2.55783 -0.354337 0.805187 3.84282 2.6902
internal_weight=10800 7222 3578 1782 2373 1476 1205 2270 651 554 1038 306 1909 493
internal_count=10800 7222 3578 1782 2373 1476 1205 2270 651 554 1038 306 1909 493
is_linear=0
shrinkage=0.05


Tree=15
num_leaves=15
num_cat=0
split_feature=65 65 65 60 29 48 36 48 35 32 35 30 6 45
split_gain=1.92678e+07 2.15029e+06 655198 81812.5 60584.7 58725.8 58678.2 45437.1 39281.4 27615.9 26204.5 22850.7 22302.4 26104.7
threshold=162.90215500000002 42.523274000000008 229.01913550000003 -0.8814490726585632 19.912500000000005 8.8750000000000018 24.062760416666674 7.8750000000000009 19.523437500000004 17.925000000000001 19.780208333333338 21.062500000000004 91.930868000000018 82.989583333333357
decision_type=2 2 2 2 2 2 2 2 2 2 2 2 2 2
left_child=1 -1 5 11 -4 9 10 12 -7 -2 -5 -3 13 -6
right_child=2 3 4 6 7 8 -8 -9 -10 -11 -12 -13 -14 -15
leaf_value=-1.9787399485496406 1.3899325458272811 0.46911558360258621 3.0213279698678837 -0.75739435075744721 4.1545313210613966 0.92877853313317671 0.35282645641026833 2.3829709280759861 1.9144656986340054 2.5562734975505936 -0.18648025744935837 1.4010266267108857 3.4169965765553139 3.6063697430965891
leaf_weight=5440 61 210 580 272 451 129 438 77 522 493 766 96 619 646
leaf_count=5440 61 210 580 272 451 129 438 77 522 493 766 96 619 646
internal_value=0.00144458 -1.48503 3.00138 0.0224199 3.48398 2.04891 -0.131962 3.63187 1.72087 2.43059 -0.336669 0.765091 3.68649 3.83531
internal_weight=10800 7222 3578 1782 2373 1205 1476 1793 651 554 1038 306 1716 1097
internal_count=10800 7222 3578 1782 2373 1205 1476 1793 651 554 1038 306 1716 1097
is_linear=0
shrinkage=0.05


Tree=16
num_leaves=15
num_cat=0
split_feature=65 65 65 60 30 31 48 48 30 20 36 26 0 32
split_gain=1.73919e+07 1.94075e+06 591374 73892 56102.3 54455.6 53021.8 46623.1 35957.2 35450.2 28276.7 26380.4 22002.6 21314.8
threshold=162.90215500000002 42.523274000000008 229.01913550000003 -0.8814490726585632 18.762500000000003 24.962500000000002 8.8750000000000018 7.8750000000000009 21.387500000000003 267.01345100000009 23.077213541666669 20.212500000000002 248.17799000000002 22.012500000000003
decision_type=2 2 2 2 2 2 2 2 2 2 2 2 2 2
left_child=1 -1 6 12 -4 9 11 10 -8 -5 -6 -2 -3 -12
right_child=2 3 4 5 7 -7 8 -9 -10 -11 13 -13 -14 -15
leaf_value=-1.8798210964332587 1.8758206996086397 -0.065490991740986923 2.4328682828735522 -0.49619894158829736 3.2314767253562096 0.34467776665828009 1.2139172385306392 2.2445915859937666 1.9711489565814961 0.16410618539670963 3.8046646393685246 2.6037693717130801 0.95293390841055747 3.2737958170786627
leaf_weight=5440 227 68 181 766 1049 434 291 94 360 276 693 327 238 356
leaf_count=5440 227 68 181 766 1049 434 291 94 360 276 693 327 238 356
internal_value=0.00147733 -1.41078 2.85164 0.0213348 3.31013 -0.125384 1.94674 3.38143 1.63504 -0.321311 3.43127 2.30941 0.727141 3.62779
internal_weight=10800 7222 3578 1782 2373 1476 1205 2192 651 1042 2098 554 306 1049
internal_count=10800 7222 3578 1782 2373 1476 1205 2192 651 1042 2098 554 306 1049
is_linear=0
shrinkage=0.05


Tree=17
num_leaves=15
num_cat=0
split_feature=65 65 65 60 29 36 48 35 52 48 52 20 28 26
split_gain=1.56987e+07 1.75192e+06 533713 64639.9 51479.4 50738.5 47876.2 33686.2 28860 28660.7 25210.2 24303.7 19928.9 18169.6
threshold=162.90215500000002 63.145266500000005 229.01913550000003 -0.8814490726585632 20.637500000000003 21.733854166666671 8.8750000000000018 20.065104166666671 0.88144907265856365 3.8750000000000004 0.88144907265856365 193.72655350000002 19.962500000000002 16.862500000000004
decision_type=2 2 2 2 2 2 2 2 2 2 2 2 2 2
left_child=1 -1 6 12 10 -5 11 -8 -6 -7 -4 -2 -3 -12
right_child=2 3 4 5 8 9 7 -9 -10 -11 13 -13 -14 -15
leaf_value=-1.7822344820413882 2.0073731795022174 -0.26360951332335775 2.5254245025771009 -0.55159655919156536 3.1192658015410419 0.66656347124148052 0.94447204931235396 1.7698161777791879 3.6076129464017068 -0.033992643427099289 1.9563513290591357 2.8347046782330771 0.86017137438743974 3.1571968857417261
leaf_weight=5462 432 46 398 445 767 176 172 479 640 833 40 122 260 528
leaf_count=5462 432 46 398 445 767 176 172 479 640 833 40 122 260 528
internal_value=0.0015038 -1.34025 2.70938 0.0316496 3.14494 -0.107478 1.84972 1.55354 3.3438 0.0887444 2.85213 2.19434 0.690929 3.07622
internal_weight=10800 7222 3578 1760 2373 1454 1205 651 1407 1009 966 554 306 568
internal_count=10800 7222 3578 1760 2373 1454 1205 651 1407 1009 966 554 306 568
is_linear=0
shrinkage=0.05


Tree=18
num_leaves=15
num_cat=0
split_feature=65 65 65 36 64 30 48 36 60 60 34 9 48 35
split_gain=1.41704e+07 1.58224e+06 482022 60250.8 47620.8 46027 38934.8 38800.4 28389.5 28388.1 24058.9 20656.9 20429.8 24689.5
threshold=162.90215500000002 42.523274000000008 230.94556050000003 23.581770833333337 228.38420300000004 18.762500000000003 7.8750000000000009 20.302864583333335 -0.8814490726585632 -0.8814490726585632 21.078125000000004 241.68896250000003 3.8750000000000004 19.746875000000003
decision_type=2 2 2 2 2 2 2 2 2 2 2 2 2 2
left_child=1 -1 4 9 7 -4 10 -2 -5 -3 -7 -9 -11 -14
right_child=2 3 5 8 -6 6 -8 11 -10 12 -12 -13 13 -15
leaf_value=-1.6967519515096605 0.98613446261837245 0.36657929417266644 2.1922123530723527 1.0930770933475407 2.7979562604995003 2.9412910805360695 1.9845443444305593 1.9486937326087048 0.24522030092790265 0.21333562796282923 3.3102125202660013 1.4146849388969875 -0.89558431206910749 -0.25093514180917315
leaf_weight=5440 179 185 178 121 104 1183 88 675 523 156 903 268 197 600
leaf_count=5440 179 185 178 121 104 1183 88 675 523 156 903 268 197 600
internal_value=0.00152497 -1.27324 2.57421 0.0198489 1.76785 2.9936 3.05818 1.66997 0.40597 -0.198824 3.1025 1.79859 -0.308851 -0.4112
internal_weight=10800 7222 3578 1782 1226 2352 2174 1122 644 1138 2086 943 953 797
internal_count=10800 7222 3578 1782 1226 2352 2174 1122 644 1138 2086 943 953 797
is_linear=0
shrinkage=0.05


Tree=19
num_leaves=15
num_cat=0
split_feature=65 65 65 36 48 48 29 48 29 61 0 35 6 46
split_gain=1.27906e+07 1.42804e+06 434972 55293.3 44132.7 42830.7 42497.2 30368.2 30202.7 23945.2 20015.7 19853.8 19356.2 22208.5
threshold=162.90215500000002 42.523274000000008 230.94556050000003 22.179427083333334 8.8750000000000018 10.875000000000002 19.912500000000005 7.8750000000000009 21.812500000000004 -0.93540483100319605 236.46333700000002 21.567708333333336 109.34509250000001 82.078125000000014
decision_type=2 2 2 2 2 2 2 2 2 2 2 2 2 2
left_child=1 -1 4 10 9 -5 -4 12 -6 -2 -3 -11 13 -8
right_child=2 3 6 5 8 -7 7 -9 -10 11 -12 -13 -14 -15
leaf_value=-1.6119298344958992 1.6961330167830937 -0.49117357778350074 2.4557431116700172 0.62101538748783847 1.1481749303767099 -0.02056929798710622 3.423258188911106 1.9040961618224781 1.8770577306616798 2.0836834188570013 0.092897270133961818 3.1315243061851055 2.7313872436951394 2.9424127850864754
leaf_weight=5440 314 506 575 444 435 626 459 71 218 192 206 67 516 731
leaf_count=5440 314 506 575 444 435 626 459 71 218 192 206 67 516 731
internal_value=0.00152586 -1.20959 2.44575 0.0188781 1.67975 0.24599 2.84415 2.96837 1.39401 2.0024 -0.322294 2.36575 3.01152 3.1306
internal_weight=10800 7222 3578 1782 1226 1070 2352 1777 653 573 712 259 1706 1190
internal_count=10800 7222 3578 1782 1226 1070 2352 1777 653 573 712 259 1706 1190
is_linear=0
shrinkage=0.05


Tree=20
num_leaves=15
num_cat=0
split_feature=65 65 65 53 36 48 27 36 48 36 25 13 21 10
split_gain=1.15459e+07 1.21805e+06 445872 61727.3 45461.9 41560.3 38195.4 38053.1 36923.3 18926.2 26337.7 18442.2 17779.1 14742.6
threshold=151.88152850000003 42.523274000000008 229.01913550000003 -0.83146961230254512 22.179427083333334 7.8750000000000009 19.912500000000005 20.649218750000006 10.875000000000002 25.21510416666667 105.41375802674405 36.388953741497446 1.205119597395808e-05 246.32372725000002
decision_type=2 2 2 2 2 2 2 2 2 2 2 2 2 2
left_child=1 -1 3 -2 13 7 -5 -4 12 -9 -11 -8 -6 -3
right_child=2 4 5 6 8 -7 11 9 -10 10 -12 -13 -14 -15
leaf_value=-1.5313481868441723 0.16930563850151492 -0.4303675262115334 2.2529191243714393 1.1052453512060738 -0.041173547146084545 1.6850529373838352 1.6870984826467734 2.758636783513686 -0.034966009321522072 4.0664308303441761 2.9186644852161407 2.365081633290937 0.75495209843627642 0.15108685080400286
leaf_weight=5440 78 556 361 280 90 103 790 1609 620 77 223 123 315 135
leaf_count=5440 78 556 361 280 90 103 790 1609 620 77 223 123 315 135
internal_value=0.00155132 -1.16503 2.29215 1.53437 -0.003531 2.69721 1.6234 2.74237 0.207704 2.8337 3.22579 1.78092 0.57837 -0.316715
internal_weight=10800 7156 3644 1271 1716 2373 1193 2270 1025 1909 300 913 405 691
internal_count=10800 7156 3644 1271 1716 2373 1193 2270 1025 1909 300 913 405 691
is_linear=0
shrinkage=0.05


Tree=21
num_leaves=15
num_cat=0
split_feature=65 65 65 36 36 30 52 0 8 36 65 48 47 34
split_gain=1.04242e+07 1.16288e+06 353918 47364.8 39389.1 37110.9 30770.1 30412.1 23846.2 20299.3 20907.2 19326.9 18485 18176.6
threshold=162.90215500000002 63.145266500000005 230.94556050000003 24.084375000000005 22.950130208333338 18.762500000000003 0.88144907265856365 248.17799000000002 257.88623600000005 18.395963541666671 190.22173450000003 3.8750000000000004 77.815104166666671 21.876041666666669
decision_type=2 2 2 2 2 2 2 2 2 2 2 2 2 2
left_child=1 -1 4 7 9 12 13 11 -6 -2 -11 -3 -4 -7
right_child=2 3 5 -5 8 6 -8 -9 -10 10 -12 -13 -14 -15
leaf_value=-1.4518943645808804 0.25153168743970444 0.18924930110371735 0.87324068488144302 0.42599815601429808 1.9478858369027447 2.24623354328007 2.8184183847047288 0.27370325018580144 0.97663288242969815 0.92660184157459435 1.548109151041785 -0.39920715130840612 2.1250878738842425 2.6919983128845555
leaf_weight=5462 48 171 40 520 498 648 1098 324 76 218 386 745 138 428
leaf_count=5462 48 171 40 520 498 648 1098 324 76 218 386 745 138 428
internal_value=0.00155649 -1.0918 2.20812 0.0259176 1.51717 2.56749 2.62534 -0.142066 1.82121 1.24712 1.32569 -0.289267 1.85022 2.42588
internal_weight=10800 7222 3578 1760 1226 2352 2174 1240 574 652 604 916 178 1076
internal_count=10800 7222 3578 1760 1226 2352 2174 1240 574 652 604 916 178 1076
is_linear=0
shrinkage=0.05


Tree=22
num_leaves=15
num_cat=0
split_feature=65 65 65 53 48 26 36 36 48 34 48 36 6 57
split_gain=9.41402e+06 952630 392185 63257.9 41850.8 40249.7 38779.9 33282 29554.2 23196.5 19991.7 17464.2 16263.2 15040.5
threshold=147.22057950000001 42.523274000000008 225.63727100000003 -0.83146961230254512 7.8750000000000009 19.912500000000005 22.179427083333334 18.395963541666671 10.875000000000002 21.078125000000004 3.8750000000000004 23.976302083333341 111.10307700000001 3.5000000000000004
decision_type=2 2 2 2 2 2 2 2 2 2 2 2 2 2
left_child=1 -1 3 -2 7 13 -3 -4 -8 10 -9 -7 -11 -5
right_child=2 6 4 5 -6 11 8 9 -10 12 -12 -13 -14 -15
leaf_value=-1.3822134995631403 0.13069812641917075 -0.31293616064930124 1.4674382854910459 1.0781065318918877 1.5052496514012736 1.4305701539023703 0.51626104256658234 2.1018189591278169 -0.038888203072229476 2.8927823717059615 2.5278904995115679 1.9007285923123498 2.4205122613633603 0.11533289820540185
leaf_weight=5440 100 667 84 220 123 576 393 492 612 561 807 327 348 50
leaf_count=5440 100 667 84 220 123 576 393 492 612 561 807 327 348 50
internal_value=0.00155016 -1.06145 2.05119 1.33926 2.42575 1.4421 -0.0176168 2.47447 0.178497 2.5121 2.36826 1.60274 2.71484 0.900899
internal_weight=10800 7112 3688 1273 2415 1173 1672 2292 1005 2208 1299 903 909 270
internal_count=10800 7112 3688 1273 2415 1173 1672 2292 1005 2208 1299 903 909 270
is_linear=0
shrinkage=0.05


Tree=23
num_leaves=15
num_cat=0
split_feature=65 65 65 60 48 36 29 30 18 4 48 26 52 61
split_gain=8.49764e+06 963770 274677 51594 41098.1 34241.1 32010 24560.4 20594.2 19748.4 19046 16905.1 17432.9 16332.8
threshold=165.07754800000001 63.145266500000005 230.94556050000003 -0.8814490726585632 8.8750000000000018 21.733854166666671 20.762500000000003 19.962500000000002 50.832282041666673 140.54611250000002 3.8750000000000004 16.025000000000002 0.88144907265856365 -0.93540483100319605
decision_type=2 2 2 2 2 2 2 2 2 2 2 2 2 2
left_child=1 -1 4 9 13 -5 11 -6 -8 -3 -7 -4 -13 -2
right_child=2 3 6 5 7 10 8 -9 -10 -11 -12 12 -14 -15
leaf_value=-1.3104452393271211 1.4408477113944542 1.6270623614148396 1.257326226007371 -0.46025473078849111 0.45079364966006347 0.53479614218033977 2.6025971772984962 1.2552473976474587 2.1438951218569722 0.44892301631855291 -0.03628358196107586 1.8749099786417471 2.3383000482374161 1.9963967523093407
leaf_weight=5462 310 40 62 450 118 176 993 517 377 283 833 385 535 259
leaf_count=5462 310 40 62 450 118 176 993 517 377 283 833 385 535 259
internal_value=0.00154836 -0.981081 2.003 0.0286187 1.38675 -0.0980661 2.31773 1.1067 2.47803 0.599394 0.0637608 2.09182 2.14663 1.69678
internal_weight=10800 7244 3556 1782 1204 1459 2352 635 1370 323 1009 982 920 569
internal_count=10800 7244 3556 1782 1204 1459 2352 635 1370 323 1009 982 920 569
is_linear=0
shrinkage=0.05


Tree=24
num_leaves=15
num_cat=0
split_feature=65 65 65 60 48 35 48 27 30 36 4 64 18 34
split_gain=7.67026e+06 870500 247898 47768.7 37113.4 32603.4 29598 27859.7 22364 18023.2 17884 14782.7 14571.9 17660.4
threshold=165.07754800000001 42.523274000000008 230.94556050000003 -0.8814490726585632 8.8750000000000018 20.219270833333336 7.8750000000000009 19.012500000000003 19.087500000000002 26.654427083333335 140.54611250000002 230.35291300000003 50.127245479166682 22.328125000000004
decision_type=2 2 2 2 2 2 2 2 2 2 2 2 2 2
left_child=1 -1 4 10 11 -5 7 -4 -6 -7 -3 -2 13 -9
right_child=2 3 6 5 8 9 -8 12 -10 -11 -12 -13 -14 -15
leaf_value=-1.247605370169417 1.4940799592774447 1.5476934642326541 1.9097428597144361 -0.52781602163519448 0.34823042822963735 -0.013904417257838295 1.318343913370801 2.3277662304637601 1.1774177886137882 0.96631608690534321 0.42655589229908514 2.2099567143813426 2.0559756269572698 2.8236049876270068
leaf_weight=5440 478 40 529 342 97 1091 96 1073 538 48 283 91 404 250
leaf_count=5440 478 40 529 342 97 1091 96 1073 538 48 283 91 404 250
internal_value=0.00154574 -0.932022 1.90306 0.0197907 1.31762 -0.100455 2.20207 2.23907 1.0515 0.0282157 0.569745 1.61225 2.33878 2.42352
internal_weight=10800 7244 3556 1804 1204 1481 2352 2256 635 1139 323 569 1727 1323
internal_count=10800 7244 3556 1804 1204 1481 2352 2256 635 1139 323 569 1727 1323
is_linear=0
shrinkage=0.05


Tree=25
num_leaves=15
num_cat=0
split_feature=65 65 65 60 48 36 29 30 52 4 64 21 35 7
split_gain=6.9235e+06 785728 224080 43150.6 39370.5 29928.7 26711.9 21287.1 19103.8 16195.5 16128.9 15160.6 14730.7 12952.3
threshold=165.07754800000001 42.523274000000008 234.11312400000003 -0.8814490726585632 8.8750000000000018 24.084375000000005 21.262500000000003 21.612500000000004 0.88144907265856365 140.54611250000002 230.35291300000003 1.3134761892532257e-05 19.746875000000003 236.23412350000004
decision_type=2 2 2 2 2 2 2 2 2 2 2 2 2 2
left_child=1 -1 4 9 10 12 8 -6 13 -3 -2 -8 -5 -4
right_child=2 3 6 5 7 -7 11 -9 -10 -11 -12 -13 -14 -15
leaf_value=-1.1852365211580764 1.4172011711065764 1.4721962405414117 1.5048061553516492 -0.55915092724101922 0.67797321891160434 0.25330861490947759 2.5874718497504654 1.2612645833291438 2.1250500991533574 0.40530319474162013 2.0536689820574292 2.1447145786743427 -0.12972782076228984 1.9979338730188241
leaf_weight=5440 495 40 320 268 295 434 354 344 768 283 133 582 779 265
leaf_count=5440 495 40 320 268 295 434 354 344 768 283 133 582 779 265
internal_value=0.00154632 -0.885413 1.80813 0.0188676 1.27282 -0.0954184 2.10375 0.993463 1.95617 0.541562 1.55505 2.31475 -0.240076 1.73122
internal_weight=10800 7244 3556 1804 1267 1481 2289 639 1353 323 628 936 1047 585
internal_count=10800 7244 3556 1804 1267 1481 2289 639 1353 323 628 936 1047 585
is_linear=0
shrinkage=0.05


Tree=26
num_leaves=15
num_cat=0
split_feature=65 65 65 64 60 36 30 36 4 18 34 47 30 35
split_gain=6.24953e+06 709183 202699 42148.4 38982.6 27027.7 26915.2 23287.5 21142.7 17940.6 20329 15711.9 15065.7 13237.5
threshold=165.07754800000001 42.523274000000008 236.71232250000003 230.35291300000003 -0.8814490726585632 24.062760416666674 18.762500000000003 18.395963541666671 152.23935200000003 45.201941791666677 22.328125000000004 77.815104166666671 21.062500000000004 19.746875000000003
decision_type=2 2 2 2 2 2 2 2 2 2 2 2 2 2
left_child=1 -1 3 7 12 13 11 -2 -9 10 -8 -4 -3 -6
right_child=2 4 6 -5 5 -7 9 8 -10 -11 -12 -13 -14 -15
leaf_value=-1.1259856134494248 0.035106357856064425 0.28049736968031874 0.50572303144670117 1.9367425560299816 -0.53129730882697834 0.23859006588735487 2.070829770979119 1.2034571298983556 0.031655206840212752 1.7974961192652863 2.6113605924554775 1.654321461597472 1.0147213931077894 -0.12394766753164994
leaf_weight=5440 48 221 40 182 268 438 1306 1060 40 529 221 130 102 775
leaf_count=5440 48 221 40 182 268 438 1306 1060 40 529 221 130 102 775
internal_value=0.00154318 -0.84114 1.71794 1.22788 0.0179642 -0.0906622 2.01007 1.11391 1.16091 2.06075 2.15072 1.3886 0.514774 -0.229025
internal_weight=10800 7244 3556 1330 1804 1481 2226 1148 1100 2056 1527 170 323 1043
internal_count=10800 7244 3556 1330 1804 1481 2226 1148 1100 2056 1527 170 323 1043
is_linear=0
shrinkage=0.05


Tree=27
num_leaves=15
num_cat=0
split_feature=65 65 65 64 60 31 30 20 30 18 34 4 47 48
split_gain=5.64098e+06 640189 182972 38129.6 34301.6 25450.9 24252.4 22476 21940.2 16189.4 18386.3 14592 14179.7 13465.3
threshold=165.07754800000001 63.145266500000005 236.71232250000003 228.38420300000004 -0.8814490726585632 24.962500000000002 18.762500000000003 267.01345100000009 18.112500000000004 45.201941791666677 22.328125000000004 140.54611250000002 77.815104166666671 8.8750000000000018
decision_type=2 2 2 2 2 2 2 2 2 2 2 2 2 2
left_child=1 -1 3 8 11 7 12 -6 -2 10 -8 -3 -4 -10
right_child=2 4 6 -5 5 -7 9 -9 13 -11 -12 -13 -14 -15
leaf_value=-1.0675226555406536 0.39273716765901323 1.372372674360508 0.48105361846888939 1.8222197245496017 -0.3561379031032067 0.24269241449052328 1.9673674909048804 0.17083530507217198 1.3369626067861518 1.7077909047761055 2.4813807255512961 0.36001713485129078 1.5722367723479527 0.96505115407523867
leaf_weight=5462 114 40 40 191 752 431 1306 276 447 529 221 283 130 578
leaf_count=5462 114 40 40 191 752 431 1306 276 447 529 221 283 130 578
internal_value=0.00151973 -0.799085 1.63221 1.16661 0.0238389 -0.0794571 1.90976 -0.214626 1.05517 1.95787 2.04333 0.489235 1.3198 1.12839
internal_weight=10800 7244 3556 1330 1782 1459 2226 1028 1139 2056 1527 323 170 1025
internal_count=10800 7244 3556 1330 1782 1459 2226 1028 1139 2056 1527 323 170 1025
is_linear=0
shrinkage=0.05


Tree=28
num_leaves=15
num_cat=0
split_feature=65 65 65 64 0 31 30 36 9 36 25 32 17 48
split_gain=5.09176e+06 578226 165139 34507 33470.1 24051.7 21853 19768.2 19195.9 15290.6 22171 17625.1 14866 13319.5
threshold=165.07754800000001 42.523274000000008 236.71232250000003 230.35291300000003 255.57108200000002 24.087500000000002 18.762500000000003 18.395963541666671 259.06076850000005 25.21510416666667 103.64242086319869 22.387500000000003 61.075702236085867 22.125000000000004
decision_type=2 2 2 2 2 2 2 2 2 2 2 2 2 2
left_child=1 -1 3 7 5 12 -4 -2 -9 11 -11 -8 -3 -7
right_child=2 4 6 -5 -6 13 9 8 -10 10 -12 -13 -14 -15
leaf_value=-1.0163303632548661 0.011814787162809957 -0.30971716965788498 1.2544127048804747 1.7498214788124209 0.3975833010802246 0.3652509818880636 1.8641270464074069 1.1304878322616296 0.50973332383650904 3.152781108573631 1.9874573856951245 1.3846618229601564 0.5959730451305707 -0.18449857608814324
leaf_weight=5440 48 834 170 182 436 320 1518 954 146 53 248 237 47 167
leaf_count=5440 48 834 170 182 436 320 1518 954 146 53 248 237 47 167
internal_value=0.00150598 -0.759126 1.55078 1.10845 0.0166131 -0.105009 1.81445 1.00533 1.04863 1.86013 2.20241 1.8002 -0.260779 0.176741
internal_weight=10800 7244 3556 1330 1804 1368 2226 1148 1100 2056 301 1755 881 487
internal_count=10800 7244 3556 1330 1804 1368 2226 1148 1100 2056 301 1755 881 487
is_linear=0
shrinkage=0.05


Tree=29
num_leaves=15
num_cat=0
split_feature=65 65 65 48 28 52 17 29 61 21 52 16 52 21
split_gain=4.59608e+06 521884 149077 32085.4 30766.8 36682.3 20507.8 18034.5 16651.8 14236.2 13317.4 17527 13068.1 13352.2
threshold=165.07754800000001 42.523274000000008 236.71232250000003 8.8750000000000018 19.962500000000002 0.29012925520284133 2.2746480028614838e-05 21.612500000000004 -0.9733555533461492 1.205119597395808e-05 -0.47114434510950048 267.06350950000007 0.88144907265856365 1.5867666474616041e-05
decision_type=2 2 2 2 2 2 2 2 2 2 2 2 2 2
left_child=1 -1 3 8 -3 10 -4 -5 -2 -7 -6 -12 -8 -14
right_child=2 4 6 7 5 9 12 -9 -10 -11 11 -13 13 -15
leaf_value=-0.96552316742420108 1.0211383445067301 -0.43492681750404344 1.825930643756724 0.59316183542126844 0.63412492398231757 -0.082297416673143317 1.2344435890247816 1.1481379618636403 1.5224901275093439 0.58167770068174685 -0.25963144184776055 0.21778267141785068 0.9454777841057096 1.818630932394866
leaf_weight=5440 322 312 1553 408 62 100 305 232 368 413 644 273 55 313
leaf_count=5440 322 312 1553 408 62 100 305 232 368 413 644 273 55 313
internal_value=0.00149038 -0.721171 1.47343 1.05315 0.0158064 0.11029 1.72395 0.795818 1.29034 0.45234 -0.0692244 -0.117418 1.48626 1.69105
internal_weight=10800 7244 3556 1330 1804 1492 2226 640 690 513 979 917 673 368
internal_count=10800 7244 3556 1330 1804 1492 2226 640 690 513 979 917 673 368
is_linear=0
shrinkage=0.05


Tree=30
num_leaves=15
num_cat=0
split_feature=65 65 65 64 0 31 29 36 4 22 34 20 17 34
split_gain=4.14854e+06 471028 134529 29188.7 28185.8 20468.5 19835.7 17742.4 17351.3 14169.6 13674.1 13633.5 12429.8 12087.9
threshold=165.07754800000001 42.523274000000008 236.71232250000003 230.35291300000003 256.03719150000006 24.087500000000002 21.162500000000005 18.395963541666671 152.23935200000003 135.02732832812504 16.614583333333339 151.88152850000003 61.075702236085867 22.451041666666672
decision_type=2 2 2 2 2 2 2 2 2 2 2 2 2 2
left_child=1 -1 3 7 5 12 10 -2 13 -8 -4 -12 -3 -9
right_child=2 4 6 -5 -6 -7 9 8 -10 -11 11 -13 -14 -15
leaf_value=-0.91725589504708172 -0.034436777291097204 -0.28198529426648472 0.83461194163874586 1.5904003539697722 0.36999904171779613 0.16554487836089171 2.2127126082395896 0.90220322938892794 -0.073623304396140871 1.7112756188130476 1.6012059415357927 0.99764432313767348 0.53789556914446313 1.3413775635199929
leaf_weight=5440 48 843 75 182 426 487 194 862 40 732 1116 109 48 198
leaf_count=5440 48 843 75 182 426 487 194 862 40 732 1116 109 48 198
internal_value=0.00146123 -0.685114 1.3999 1.00066 0.0150342 -0.0948896 1.63788 0.905857 0.946882 1.8186 1.50785 1.54836 -0.237263 0.985425
internal_weight=10800 7244 3556 1330 1804 1378 2226 1148 1100 926 1300 1225 891 1060
internal_count=10800 7244 3556 1330 1804 1378 2226 1148 1100 926 1300 1225 891 1060
is_linear=0
shrinkage=0.05


Tree=31
num_leaves=15
num_cat=0
split_feature=65 65 65 53 26 48 52 22 34 33 52 48 46 43
split_gain=3.74579e+06 378995 155340 34389.9 27139 23293.5 21898.3 20697.3 19217.3 17055.2 15457.2 13620.4 12523.6 12598
threshold=147.22057950000001 63.145266500000005 225.63727100000003 -0.83146961230254512 19.912500000000005 7.8750000000000009 0.19509032201612822 136.54920041145837 21.078125000000004 26.131250000000005 0.84874750804349197 3.8750000000000004 82.807291666666671 82.625000000000014
decision_type=2 2 2 2 2 2 2 2 2 2 2 2 2 2
left_child=1 -1 3 -2 -5 8 9 10 11 -3 -8 -4 -13 -14
right_child=2 6 5 4 -6 -7 7 -9 -10 -11 -12 12 13 -15
leaf_value=-0.86966940256597014 -0.043399217964546516 -0.28021429372515999 1.2387342690660958 0.47968037379967871 1.0536892942852183 0.8486681536741314 0.18776443769522133 0.56545407313478091 1.7485295501908102 0.19901249797940257 -0.48073976394558743 1.9400665149638792 0.94998919974874563 1.5595587482392681
leaf_weight=5462 100 722 528 270 903 123 302 257 909 249 120 190 107 558
leaf_count=5462 100 722 528 270 903 123 302 257 909 249 120 190 107 558
internal_value=0.00143892 -0.66909 1.29433 0.846268 0.922086 1.53006 -0.00498579 0.212662 1.56624 -0.157245 -0.00301864 1.44526 1.5712 1.46305
internal_weight=10800 7112 3688 1273 1173 2415 1650 679 2292 971 422 1383 855 665
internal_count=10800 7112 3688 1273 1173 2415 1650 679 2292 971 422 1383 855 665
is_linear=0
shrinkage=0.05


Tree=32
num_leaves=15
num_cat=0
split_feature=65 65 48 52 33 27 48 64 46 25 32 35 48 52
split_gain=3.38138e+06 383567 110775 35756.2 26853.8 25666.7 23687.3 21263.2 17158.2 23615.2 20952.9 14695.4 13644.9 11838.3
threshold=165.07754800000001 42.523274000000008 8.8750000000000018 0.88144907265856365 22.934375000000003 20.937500000000004 10.875000000000002 244.17024200000003 82.005208333333357 105.41375802674405 20.987500000000004 20.448958333333337 3.8750000000000004 -0.47114434510950048
decision_type=2 2 2 2 2 2 2 2 2 2 2 2 2 2
left_child=1 -1 3 4 7 12 -7 -2 9 10 -5 -4 -3 -8
right_child=2 5 11 8 -6 6 13 -9 -10 -11 -12 -13 -14 -15
leaf_value=-0.82792600923722959 0.99925764443157772 0.10910353420385675 0.33580167117808435 1.8835784671783449 1.7107641708581971 0.39260078193214926 0.72364670075476178 1.3973646658585654 1.4750056524650228 1.4685665815406377 3.0442747813004716 0.84124972098073558 -0.49414897966893423 -0.084642869617475691
leaf_weight=5440 868 133 222 124 265 505 47 568 848 179 64 418 314 805
leaf_count=5440 868 133 222 124 265 505 47 568 848 179 64 418 314 805
internal_value=0.00140908 -0.618442 1.26394 1.39474 1.24472 0.0133694 0.121627 1.15759 1.60357 1.89583 2.29273 0.66672 -0.314815 -0.039258
internal_weight=10800 7244 3556 2916 1701 1804 1357 1436 1215 367 188 640 447 852
internal_count=10800 7244 3556 2916 1701 1804 1357 1436 1215 367 188 640 447 852
is_linear=0
shrinkage=0.05


Tree=33
num_leaves=15
num_cat=0
split_feature=65 65 65 53 26 9 24 48 36 16 52 48 46 24
split_gain=3.0528e+06 308721 126573 29575.8 23555.7 20179 19161.2 20222.5 17472.2 14937.4 13037.8 21586.1 12655.6 16385.4
threshold=147.22057950000001 42.523274000000008 225.63727100000003 -0.83146961230254512 19.912500000000005 200.20144850000003 274.65417650000006 10.875000000000002 18.666666666666668 267.06350950000007 0.84874750804349197 2.8750000000000004 83.005208333333357 290.03840000000008
decision_type=2 2 2 2 2 2 2 2 2 2 2 2 2 2
left_child=1 -1 3 -2 -5 8 9 -8 -4 -3 11 -10 13 -12
right_child=2 6 5 4 -6 -7 7 -9 10 -11 12 -13 -14 -15
leaf_value=-0.78653729240194536 -0.060726120890957296 -0.20686780085037176 0.75572102856464118 0.42244229981352704 0.95702942130403112 0.4503669086843729 0.52347941086238081 -0.025476637279740134 1.3597881758433561 0.57255805525364301 1.8833471289091706 0.4695149926566764 1.3989681738014852 1.209568009584669
leaf_weight=5440 100 903 103 270 903 58 274 430 918 65 417 75 719 125
leaf_count=5440 100 903 103 270 903 58 274 430 918 65 417 75 719 125
internal_value=0.0013987 -0.603935 1.16858 0.764131 0.834443 1.38137 -0.00970906 0.188619 1.40408 -0.153993 1.43336 1.29309 1.54271 1.73047
internal_weight=10800 7112 3688 1273 1173 2415 1672 704 2357 968 2254 993 1261 542
internal_count=10800 7112 3688 1273 1173 2415 1672 704 2357 968 2254 993 1261 542
is_linear=0
shrinkage=0.05


Tree=34
num_leaves=15
num_cat=0
split_feature=65 65 48 52 33 34 52 64 46 25 32 29 21 52
split_gain=2.75614e+06 312179 93055.8 28727.4 23642.3 21978.3 24784.1 16847.9 14395.1 20637.9 19117.9 13345.8 11615.9 11591
threshold=165.07754800000001 63.145266500000005 8.8750000000000018 0.88144907265856365 22.790625000000006 19.917708333333337 0.29012925520284133 240.69470000000004 82.005208333333357 105.41375802674405 20.987500000000004 21.862500000000004 1.205119597395808e-05 -0.47114434510950048
decision_type=2 2 2 2 2 2 2 2 2 2 2 2 2 2
left_child=1 -1 3 4 7 -3 13 -2 9 10 -5 -4 -8 -7
right_child=2 5 11 8 -6 6 12 -9 -10 -11 -12 -13 -14 -15
leaf_value=-0.74570025648146399 0.89507428282091106 -0.37237029845844832 0.42921327087568018 1.6976410465240477 1.547701621645331 0.59437778018988097 -0.10354266977682709 1.2492917506768029 1.3306571646814003 1.3172491749127708 2.8016841881091779 0.91368127678121847 0.49985181592994987 -0.096626252698555473
leaf_weight=5462 834 301 424 124 282 64 99 585 848 179 64 216 403 915
leaf_count=5462 834 301 424 124 282 64 99 585 848 179 64 216 403 915
internal_value=0.00137005 -0.558248 1.14122 1.2611 1.1266 0.0164077 0.0956213 1.04188 1.44831 1.71581 2.08632 0.593892 0.380886 -0.050893
internal_weight=10800 7244 3556 2916 1701 1782 1481 1419 1215 367 188 640 502 979
internal_count=10800 7244 3556 2916 1701 1782 1481 1419 1215 367 188 640 502 979
is_linear=0
shrinkage=0.05


Tree=35
num_leaves=15
num_cat=0
split_feature=65 65 48 52 0 33 48 31 31 46 25 32 30 48
split_gain=2.48795e+06 282604 84004.3 25958.4 22602.3 21433.3 16141.6 14811.4 13164.7 13049.9 19244.5 18208.7 12471.1 10266
threshold=165.07754800000001 28.000000000000004 8.8750000000000018 0.88144907265856365 256.03719150000006 22.934375000000003 2.8750000000000004 17.925000000000001 28.612500000000004 81.901041666666671 105.41375802674405 20.987500000000004 19.962500000000002 3.8750000000000004
decision_type=2 2 2 2 2 2 2 2 2 2 2 2 2 2
left_child=1 -1 3 5 7 6 -2 -3 -9 10 11 -5 -4 -8
right_child=2 4 12 9 -6 -7 13 8 -10 -11 -12 -13 -14 -15
leaf_value=-0.7143965145236657 1.1446280484765732 -0.94954656678803107 0.099084088090462846 1.6099237377904043 0.31902941149273406 1.486413484229181 0.57826231213924595 -0.10714893069728859 0.49388030060490939 1.2659070951170794 1.252202788744559 2.7006214860826732 0.66907531304879697 0.98439356234870345
leaf_weight=5376 793 48 118 118 426 265 288 1297 97 856 178 63 522 355
leaf_count=5376 793 48 118 118 426 265 288 1297 97 856 178 63 522 355
internal_value=0.00135691 -0.530337 1.08433 1.19823 -0.000525022 1.07038 0.992621 -0.0950844 -0.0650029 1.37619 1.6349 2.00231 0.564302 0.803668
internal_weight=10800 7244 3556 2916 1868 1701 1436 1442 1394 1215 359 181 640 643
internal_count=10800 7244 3556 2916 1868 1701 1436 1442 1394 1215 359 181 640 643
is_linear=0
shrinkage=0.05


Tree=36
num_leaves=15
num_cat=0
split_feature=65 65 65 53 36 61 27 17 25 0 36 64 49 52
split_gain=2.2472e+06 227479 92081.1 26254.6 21277 18652.4 20789.5 15824.6 15667.4 11834.8 11245.9 11167.1 10484.6 9272.74
threshold=147.22057950000001 28.000000000000004 236.71232250000003 -0.83146961230254512 23.063020833333336 -0.9733555533461492 20.937500000000004 2.2746480028614838e-05 110.55984742745123 265.35616800000008 18.395963541666671 239.59825550000002 4.5000000000000009 -0.47114434510950048
decision_type=2 2 2 2 2 2 2 2 2 2 2 2 2 2
left_child=1 -1 3 -2 10 -3 -7 -4 11 13 -5 -6 -12 -8
right_child=2 5 7 4 8 6 9 -9 -10 -11 12 -13 -14 -15
leaf_value=-0.6786833337631637 -0.087514370318391543 0.66465383077714035 1.2941734746098519 -0.1664900503064371 0.9671061993707939 -0.37206343912626089 0.6675424143833959 0.99880305182089268 0.31721913501756588 0.39080633861632114 0.67728039656399686 1.6141315384608945 -0.04703233810649677 -0.058573313770501546
leaf_weight=5376 100 93 1553 48 451 401 45 673 81 202 647 81 54 995
leaf_count=5376 100 93 1553 48 451 401 45 673 81 202 647 81 54 995
internal_value=0.00133921 -0.518019 1.00275 0.693641 0.751017 -0.0203745 -0.0595303 1.20536 0.969874 0.0415942 0.570844 1.06846 0.621497 -0.0265438
internal_weight=10800 7112 3688 1462 1362 1736 1643 2226 613 1242 749 532 701 1040
internal_count=10800 7112 3688 1462 1362 1736 1643 2226 613 1242 749 532 701 1040
is_linear=0
shrinkage=0.05


Tree=37
num_leaves=15
num_cat=0
split_feature=65 65 65 53 36 61 27 29 25 32 36 22 0 36
split_gain=2.0283e+06 205328 83082.4 23704.7 19223.4 16850.1 18770.8 15186.8 14141.7 11431.8 13124.6 15569.6 10684.5 10155.3
threshold=147.22057950000001 28.000000000000004 236.71232250000003 -0.83146961230254512 23.063020833333336 -0.9733555533461492 20.937500000000004 18.962500000000002 110.55984742745123 22.012500000000003 23.077213541666669 148.4124377447917 265.35616800000008 18.395963541666671
decision_type=2 2 2 2 2 2 2 2 2 2 2 2 2 2
left_child=1 -1 3 -2 13 -3 -7 -4 -6 10 -9 -12 -8 -5
right_child=2 5 7 4 8 6 12 9 -10 -11 11 -13 -14 -15
leaf_value=-0.64475548070049526 -0.083181974063120279 0.63177468006281146 0.80803461241411678 -0.15833542819077873 1.0152820097956996 -0.35350655328056113 -0.02518733854165818 1.1297503410301941 0.30155161231211047 0.95366625887510503 1.5153080791234972 0.68993222811328836 0.37136228200176669 0.5904670723101676
leaf_weight=5376 100 93 299 48 532 401 1040 872 81 402 587 66 202 701
leaf_count=5376 100 93 299 48 532 401 1040 872 81 402 587 66 202 701
internal_value=0.00130087 -0.492114 0.952686 0.659071 0.713589 -0.0193185 -0.0565347 1.14514 0.921617 1.19701 1.26048 1.43307 0.0395547 0.542333
internal_weight=10800 7112 3688 1462 1362 1736 1643 2226 613 1927 1525 653 1242 749
internal_count=10800 7112 3688 1462 1362 1736 1643 2226 613 1927 1525 653 1242 749
is_linear=0
shrinkage=0.05


Tree=38
num_leaves=15
num_cat=0
split_feature=65 65 65 36 47 9 36 36 8 34 51 22 65 61
split_gain=1.83079e+06 185946 75328.9 22407.7 16866.1 15653.1 15090.9 14242.7 16248.6 13816.6 12868.2 12725.4 11452.3 11426.3
threshold=147.22057950000001 77.844594000000015 225.63727100000003 20.302864583333335 78.065104166666671 200.20144850000003 24.591927083333335 25.307031250000005 257.88623600000005 17.001041666666669 1.5000000000000002 143.83039347916667 24.000000000000004 -0.9733555533461492
decision_type=2 2 2 2 2 2 2 2 2 2 2 2 2 2
left_child=1 12 3 4 -2 9 13 8 -5 -4 -8 -9 -1 -3
right_child=2 6 5 7 -6 -7 10 11 -10 -11 -12 -13 -14 -15
leaf_value=-0.63345444538647888 -0.63525930831306865 0.52128073769279681 0.50991798323560877 0.67581998954260836 0.39882207767368527 0.2527874501074775 0.7996333908101525 1.8666803293449936 -0.0074520194275798845 1.1149801725348221 0.11059171616138402 0.83221290604634712 -0.43753866395860347 -0.10041388763958595
leaf_weight=4672 56 78 101 842 127 58 98 42 97 2256 216 109 900 1148
leaf_count=4672 56 78 101 842 127 58 98 42 97 2256 216 109 900 1148
internal_value=0.00126703 -0.467508 0.905143 0.593121 0.0806492 1.0693 0.018798 0.679007 0.605304 1.08928 0.327499 1.13033 -0.601894 -0.0604681
internal_weight=10800 7112 3688 1273 183 2415 1540 1090 939 2357 314 151 5572 1226
internal_count=10800 7112 3688 1273 183 2415 1540 1090 939 2357 314 151 5572 1226
is_linear=0
shrinkage=0.05


Tree=39
num_leaves=15
num_cat=0
split_feature=65 65 48 52 33 17 30 32 46 25 32 30 65 43
split_gain=1.65265e+06 188500 60410.1 20109.2 17449.9 17435.5 17484.3 12853.8 11330.6 15815.4 16184.8 11118.7 10333.7 9841.61
threshold=165.07754800000001 77.844594000000015 8.8750000000000018 0.88144907265856365 22.934375000000003 61.075702236085867 21.112500000000004 21.962500000000002 82.078125000000014 105.41375802674405 20.987500000000004 18.762500000000003 24.000000000000004 82.625000000000014
decision_type=2 2 2 2 2 2 2 2 2 2 2 2 2 2
left_child=1 12 3 4 11 6 -3 -8 9 10 -5 -2 -1 -10
right_child=2 5 -4 8 -6 -7 7 -9 13 -11 -12 -13 -14 -15
leaf_value=-0.60178850705787401 0.37443919888489163 -0.16658930607723543 0.44298546417992618 1.3451288620630901 1.2428050733598552 0.64193600254302685 -0.086823014674607568 0.33950399569828404 0.70519837842501232 1.0233353572532289 2.3460419561312746 0.84432314360924221 -0.41568603178901758 1.1242476142137743
leaf_weight=4672 142 829 640 128 265 109 295 439 187 180 64 1294 900 656
leaf_count=4672 142 829 640 128 265 109 295 439 187 180 64 1294 900 656
internal_value=0.00122806 -0.432114 0.883871 0.980451 0.868114 0.0334883 -0.00932671 0.168275 1.13688 1.37061 1.68919 0.798151 -0.571809 1.03224
internal_weight=10800 7244 3556 2916 1701 1672 1563 734 1215 372 192 1436 5572 843
internal_count=10800 7244 3556 2916 1701 1672 1563 734 1215 372 192 1436 5572 843
is_linear=0
shrinkage=0.05


Tree=40
num_leaves=15
num_cat=0
split_feature=65 65 48 29 32 7 52 17 4 64 36 29 65 55
split_gain=1.49183e+06 170140 54545.8 19097.6 16079.3 14811.7 14492.2 14446.4 12006.4 11686 10461.3 9614.91 9324.41 9306.61
threshold=165.07754800000001 77.844594000000015 8.8750000000000018 21.162500000000005 19.262500000000003 181.68180900000002 0.84874750804349197 48.345515703555257 123.73782950000002 249.19958150000005 26.592968750000008 21.612500000000004 24.000000000000004 -0.56174490092936669
decision_type=2 2 2 2 2 2 2 2 2 2 2 2 2 2
left_child=1 12 3 6 -3 -5 -2 10 -9 -7 13 -4 -1 -6
right_child=2 4 11 5 7 9 -8 8 -10 -11 -12 -13 -14 -15
leaf_value=-0.57170552001273944 0.67465410366566225 -0.47330457540228965 0.27363228509635246 1.3747589621210405 -0.24028828274016478 0.53211430845824814 0.96599035137665601 1.2129505510737257 0.27277145998416152 1.0539608613790548 0.72878777494235925 0.67752164507628521 -0.39492477610227672 0.06766560264507375
leaf_weight=4672 844 143 408 331 336 130 895 40 204 716 48 232 900 901
leaf_count=4672 844 143 408 331 336 130 895 40 204 716 48 232 900 901
internal_value=0.00120906 -0.41051 0.83981 0.931583 0.0318357 1.08813 0.825063 0.0793575 0.431221 0.974495 0.0122611 0.420871 -0.543228 -0.0161089
internal_weight=10800 7244 3556 2916 1672 1177 1739 1529 244 846 1285 640 5572 1237
internal_count=10800 7244 3556 2916 1672 1177 1739 1529 244 846 1285 640 5572 1237
is_linear=0
shrinkage=0.05


Tree=41
num_leaves=15
num_cat=0
split_feature=65 65 48 29 0 22 52 31 24 24 31 30 37 4
split_gain=1.34655e+06 153997 49228.4 17246.6 15916.1 13474.9 13122.7 11977.5 11504.9 14812.7 9169.68 8938.69 8615.54 8372.81
threshold=165.07754800000001 28.000000000000004 8.8750000000000018 21.162500000000005 256.03719150000006 135.02732832812504 0.88144907265856365 17.925000000000001 277.75656700000008 297.26105400000006 28.612500000000004 19.962500000000002 54.375000000000007 189.68383650000004
decision_type=2 2 2 2 2 2 2 2 2 2 2 2 2 2
left_child=1 -1 3 6 7 -5 -2 -3 -7 -10 -9 -4 -6 -14
right_child=2 4 11 5 12 8 -8 10 9 -11 -12 -13 13 -15
leaf_value=-0.52585120489323744 0.65727390325814095 -0.84660540697525966 0.0067574624566971763 1.3743685692298313 0.80453900732100014 0.6270148746903168 0.93559803300819289 -0.086361723711810293 1.1996258313214876 0.70497427900370802 0.4152459056743858 0.48859016922290083 0.84762583407686987 0.088695284905326036
leaf_weight=5376 951 48 118 237 63 222 788 1297 491 227 97 522 40 323
leaf_count=5376 951 48 118 237 63 222 788 1297 491 227 97 522 40 323
internal_value=0.0011771 -0.38998 0.797898 0.885083 0.00112003 1.03385 0.783857 -0.0782308 0.946625 1.04444 -0.0511852 0.399901 0.269275 0.174423
internal_weight=10800 7244 3556 2916 1868 1177 1739 1442 940 718 1394 640 426 363
internal_count=10800 7244 3556 2916 1868 1177 1739 1442 940 718 1394 640 426 363
is_linear=0
shrinkage=0.05


Tree=42
num_leaves=15
num_cat=0
split_feature=65 65 48 28 52 24 33 32 36 37 24 44 48 35
split_gain=1.21543e+06 139212 44439.4 16839.4 15982.3 14566 12199 11514.8 9964.04 9813.54 9305.45 11867.4 9101.37 8703.24
threshold=165.07754800000001 77.844594000000015 8.8750000000000018 16.025000000000002 0.88144907265856365 278.64649100000008 22.934375000000003 26.762500000000003 18.666666666666668 58.625000000000007 238.41033300000004 81.156250000000014 2.8750000000000004 22.788541666666671
decision_type=2 2 2 2 2 2 2 2 2 2 2 2 2 2
left_child=1 -1 3 -2 6 8 12 9 -3 -7 -10 -12 -5 -4
right_child=2 5 13 4 -6 7 -8 -9 10 -11 11 -13 -14 -15
leaf_value=-0.49052681751708338 0.13278016289135061 -0.75225579646917495 0.28449007396395576 0.81504234441606449 1.0034829389200883 1.052417305780917 1.0730935135057995 -0.088392934784850982 0.5015123012335333 0.29292887722626987 0.032526464565556808 -0.34434528676712028 0.55546281391787744 0.7389833414899325
leaf_weight=5572 82 51 507 775 1174 48 265 186 72 337 677 301 620 133
leaf_count=5572 82 51 507 775 1174 48 265 186 72 337 677 301 620 133
internal_value=0.00114923 -0.370477 0.758087 0.840923 0.861358 0.0296489 0.7603 0.234351 -0.07663 0.3901 -0.0431293 -0.083697 0.700154 0.379945
internal_weight=10800 7244 3556 2916 2834 1672 1660 571 1101 385 1050 978 1395 640
internal_count=10800 7244 3556 2916 2834 1672 1660 571 1101 385 1050 978 1395 640
is_linear=0
shrinkage=0.05


Tree=43
num_leaves=15
num_cat=0
split_feature=65 65 65 30 51 61 26 17 24 36 36 18 43 8
split_gain=1.09744e+06 112954 46785.2 16355.1 13761.5 13283.8 14089.3 12512.9 11654.2 14126.6 11069.8 10859.2 10381.4 10204.4
threshold=147.22057950000001 28.000000000000004 238.36019300000004 19.812500000000004 2.5000000000000004 -0.9733555533461492 26.262500000000003 2.2746480028614838e-05 318.1844445000001 23.976302083333341 18.395963541666671 152.80239556250004 85.375000000000014 258.65802250000007
decision_type=2 2 2 2 2 2 2 2 2 2 2 2 2 2
left_child=1 -1 3 4 -2 -3 -7 -4 9 13 -6 -8 -11 -5
right_child=2 5 7 8 10 6 11 -9 -10 12 -12 -13 -14 -15
leaf_value=-0.47504177735555519 -0.52808671124532069 0.56693447168837208 0.92772957372209308 0.53419077547075877 -0.30808705682104287 -0.11748534505606095 0.99927280007728525 0.6638352655975398 -0.096854074843346127 0.75675316498757905 0.49612688206953515 0.13788371739399888 1.564020343790663 -0.16410001986905148
leaf_weight=5376 58 93 1528 715 54 1314 41 656 62 318 195 288 46 56
leaf_count=5376 58 93 1528 715 54 1314 41 656 62 318 195 288 46 56
internal_value=0.00111401 -0.361828 0.700926 0.485766 0.159542 -0.0111592 -0.0442064 0.848805 0.569231 0.605669 0.321184 0.247933 0.862776 0.483325
internal_weight=10800 7112 3688 1504 307 1736 1643 2184 1197 1135 249 329 364 771
internal_count=10800 7112 3688 1504 307 1736 1643 2184 1197 1135 249 329 364 771
is_linear=0
shrinkage=0.05


Tree=44
num_leaves=15
num_cat=0
split_feature=65 65 65 36 8 53 57 29 61 22 26 36 32 36
split_gain=991478 74490.2 64587.6 19555.1 14497.4 13307.7 16434.3 12570.7 11550.8 11066.6 10356.4 8431.36 7723.92 9508.83
threshold=127.67835750000002 28.000000000000004 217.19465950000003 25.307031250000005 197.46853500000003 -0.83146961230254512 4.5000000000000009 19.012500000000003 -0.9733555533461492 143.52257702604172 26.237500000000004 18.666666666666668 22.512500000000003 23.077213541666669
decision_type=2 2 2 2 2 2 2 2 2 2 2 2 2 2
left_child=1 -1 3 5 7 -2 11 -4 -3 -5 -10 -7 13 -9
right_child=2 8 4 9 -6 6 -8 12 10 -11 -12 -13 -14 -15
leaf_value=-0.45129408067501409 -0.019693796058998125 0.65248909843595415 0.56766649149666148 1.538428560362922 0.011866710440362575 -0.21908185637515523 -0.20838135246670358 0.77759530995905612 -0.14766889296071936 0.61944515545453349 0.18153107413514094 0.47849279582618592 0.62653756045704656 1.0211929563523683
leaf_weight=5376 266 56 483 44 60 45 107 835 1065 132 307 882 322 820
leaf_count=5376 266 56 483 44 60 45 107 835 1065 132 307 882 322 820
internal_value=0.00108127 -0.366043 0.626119 0.36309 0.779974 0.295671 0.37674 0.798696 -0.0450046 0.856585 -0.0739282 0.44443 0.854823 0.898834
internal_weight=10800 6804 3996 1476 2520 1300 1034 2460 1428 176 1372 927 1977 1655
internal_count=10800 6804 3996 1476 2520 1300 1034 2460 1428 176 1372 927 1977 1655
is_linear=0
shrinkage=0.05


Tree=45
num_leaves=15
num_cat=0
split_feature=65 65 65 36 8 36 51 30 61 52 48 17 22 8
split_gain=894929 67237.2 58286 17688.9 13085.7 12044 12332.4 11455.5 10441.8 10422.9 12081.7 10801.9 10021.9 9806.69
threshold=127.67835750000002 28.000000000000004 217.19465950000003 25.307031250000005 197.46853500000003 20.610677083333339 2.5000000000000004 16.862500000000004 -0.9733555533461492 0.84874750804349197 2.8750000000000004 1.1809109315730381e-05 143.52257702604172 260.64287600000006
decision_type=2 2 2 2 2 2 2 2 2 2 2 2 2 2
left_child=1 -1 3 5 7 6 -2 -4 -3 10 -9 -12 -5 -7
right_child=2 8 4 12 -6 13 -8 9 -10 -11 11 -13 -14 -15
leaf_value=-0.42873357993110484 -0.65130151874075337 0.62043699988147671 -0.039821436885330415 1.4632165320714314 0.011283100899079907 0.41248707797762985 0.16326701068726268 0.72587967941619824 -0.070230592175292567 0.87115584208055086 -0.26729788324765619 0.58385862083511153 0.5887057703912707 -0.072939937858510828
leaf_weight=5376 59 56 44 44 60 919 205 972 1372 1290 61 93 132 117
leaf_count=5376 59 56 44 44 60 919 205 972 1372 1290 61 93 132 117
internal_value=0.00105233 -0.347739 0.594878 0.345009 0.741035 0.280889 -0.0205475 0.758822 -0.0427304 0.773377 0.660684 0.247163 0.814365 0.357648
internal_weight=10800 6804 3996 1476 2520 1300 264 2460 1428 2416 1126 154 176 1036
internal_count=10800 6804 3996 1476 2520 1300 264 2460 1428 2416 1126 154 176 1036
is_linear=0
shrinkage=0.05


Tree=46
num_leaves=15
num_cat=0
split_feature=65 65 48 30 36 22 8 28 32 49 24 25 25 48
split_gain=807885 93383.1 31561.4 14282.8 13676.5 18855.8 12415.1 12043.6 11509.4 10424.7 27105.4 11919.7 11533.4 9177.63
threshold=165.07754800000001 80.564241500000009 8.8750000000000018 21.112500000000004 25.21510416666667 143.30230728645839 197.46853500000003 16.025000000000002 21.162500000000005 3.5000000000000004 284.15934500000009 104.00661095731722 105.87116616192273 3.8750000000000004
decision_type=2 2 2 2 2 2 2 2 2 2 2 2 2 2
left_child=1 -1 4 -3 6 -6 7 -2 -5 13 11 -11 -12 -9
right_child=2 3 -4 8 5 -7 -8 9 -10 10 12 -13 -14 -15
leaf_value=-0.3986041337437613 0.066373924462192022 -0.10520728075987956 0.29952018603758068 -0.081662448438468815 1.5867559202173924 0.76453737662323717 -0.041695959501398303 0.61800108526056741 0.33193975891148103 0.39567287019685488 1.6426610702692077 -0.2825896101422829 0.71147111468686319 0.84079422591783937
leaf_weight=5616 82 879 640 254 93 291 64 890 495 180 42 100 166 1008
leaf_count=5616 82 879 640 254 93 291 64 890 495 180 42 100 166 1008
internal_value=0.0010178 -0.301963 0.618138 0.0314523 0.687941 0.967273 0.645213 0.663036 0.191758 0.683505 0.475512 0.153293 0.90646 0.736704
internal_weight=10800 7244 3556 1628 2916 384 2532 2468 749 2386 488 280 208 1898
internal_count=10800 7244 3556 1628 2916 384 2532 2468 749 2386 488 280 208 1898
is_linear=0
shrinkage=0.05


Tree=47
num_leaves=15
num_cat=0
split_feature=65 65 65 36 8 29 36 47 61 8 26 22 48 52
split_gain=731008 54824.5 47518.5 15212.7 10939.5 10668.4 10665.7 11049.9 9348.32 8898.35 8885.05 8756.27 7281.15 8482.64
threshold=127.67835750000002 28.000000000000004 217.19465950000003 25.307031250000005 197.46853500000003 19.012500000000003 20.610677083333339 78.065104166666671 -0.9733555533461492 268.29391150000009 26.237500000000004 143.52257702604172 10.875000000000002 -0.47114434510950048
decision_type=2 2 2 2 2 2 2 2 2 2 2 2 2 2
left_child=1 -1 3 6 5 -4 7 -2 -3 -8 12 -5 -10 -14
right_child=2 8 4 11 -6 -7 9 -9 10 -11 -12 -13 13 -15
leaf_value=-0.38737440685678731 -0.41765410492726424 0.58866161931502192 0.47338526063898878 1.3536137608687084 0.0025591850708254048 0.73757908005174155 0.36056769451219689 0.23763859033774418 0.030132284391519548 -0.27320397051714235 0.17177332440608895 0.53656539750614562 0.34609503136915076 -0.29330429562895877
leaf_weight=5376 108 56 483 44 60 1977 978 156 416 58 307 132 56 593
leaf_count=5376 108 56 483 44 60 1977 978 156 416 58 307 132 56 593
internal_value=0.000996301 -0.314237 0.537689 0.312077 0.669657 0.68592 0.252622 -0.0310001 -0.0388175 0.324857 -0.064839 0.747321 -0.133143 -0.237685
internal_weight=10800 6804 3996 1476 2520 2460 1300 264 1428 1036 1372 176 1065 649
internal_count=10800 6804 3996 1476 2520 2460 1300 264 1428 1036 1372 176 1065 649
is_linear=0
shrinkage=0.05


Tree=48
num_leaves=15
num_cat=0
split_feature=65 65 48 30 37 36 25 8 28 32 17 42 65 36
split_gain=659977 75899.4 26059.6 13508.5 11969.5 11953.7 16833 10466.3 10452.9 9516.06 8506.79 7766.78 7671.22 6881.31
threshold=165.07754800000001 82.382441500000013 8.8750000000000018 21.112500000000004 54.875000000000007 25.21510416666667 103.64242086319869 197.46853500000003 16.025000000000002 23.012500000000003 61.075702236085867 83.875000000000014 24.000000000000004 26.360937500000002
decision_type=2 2 2 2 2 2 2 2 2 2 2 2 2 2
left_child=1 12 5 10 -5 7 -7 8 -2 -10 -3 13 -1 -6
right_child=2 3 -4 4 11 6 -8 -9 9 -11 -12 -13 -14 -15
leaf_value=-0.3852888597504322 0.042994338493928856 -0.14729280130171171 0.26922808046831914 0.750243658923051 0.01917024293109338 1.6146494258533826 0.72958416170789864 -0.048306350461565534 0.63811979944639274 0.12847145245093661 0.4204317487569319 0.73683091681054302 -0.2314942037714956 0.65603998797419283
leaf_weight=4672 82 793 640 84 545 65 319 64 2290 96 71 46 988 45
leaf_count=4672 82 793 640 84 545 65 319 64 2290 96 71 46 988 45
internal_value=0.000962536 -0.272883 0.558738 0.0330392 0.192852 0.622165 0.883205 0.582244 0.598608 0.617677 -0.100207 0.118172 -0.358488 0.0687729
internal_weight=10800 7244 3556 1584 720 2916 384 2532 2468 2386 864 636 5660 590
internal_count=10800 7244 3556 1584 720 2916 384 2532 2468 2386 864 636 5660 590
is_linear=0
shrinkage=0.05


Tree=49
num_leaves=15
num_cat=0
split_feature=65 65 65 24 57 25 36 61 17 27 13 55 34 21
split_gain=596646 49098.4 34924.9 15114 19842.3 17326.1 12518.4 9522.77 9337.01 8357.08 7405.72 6403.49 6355.85 6259.7
threshold=132.38898100000003 28.000000000000004 238.36019300000004 278.56941200000006 3.5000000000000004 110.55984742745123 18.395963541666671 -0.9733555533461492 2.2746480028614838e-05 20.937500000000004 35.787237843658509 -0.56174490092936669 22.451041666666672 1.5867666474616041e-05
decision_type=2 2 2 2 2 2 2 2 2 2 2 2 2 2
left_child=1 -1 3 4 6 -5 -2 -3 12 11 -8 -9 -4 -10
right_child=2 7 8 5 -6 -7 10 9 13 -11 -12 -13 -14 -15
leaf_value=-0.34975521434566137 -0.37508132540788808 0.5645594723923848 0.64690606574620313 0.68799203893378502 -0.21727587852760089 0.013624876150028492 0.30759116011802279 -0.71837521214038136 0.027660486694068127 0.01401027303244072 0.72102859408015352 -0.16476243668987139 0.91826145004343107 0.5221233279961679
leaf_weight=5376 60 64 1259 434 209 122 773 63 72 1099 126 290 269 584
leaf_count=5376 60 64 1259 434 209 122 773 63 72 1099 126 290 269 584
internal_value=0.000938458 -0.278899 0.494394 0.32585 0.223386 0.54031 0.319548 -0.0275638 0.627228 -0.0540334 0.366274 -0.265316 0.695247 0.467978
internal_weight=10800 6892 3908 1724 1168 556 959 1516 2184 1452 899 353 1528 656
internal_count=10800 6892 3908 1724 1168 556 959 1516 2184 1452 899 353 1528 656
is_linear=0
shrinkage=0.05


Tree=50
num_leaves=15
num_cat=0
split_feature=65 65 65 36 51 29 43 36 36 8 48 45 22 25
split_gain=538696 40119.4 35504.1 12637.2 9501.47 9007.66 9842.88 8887.72 8291.19 7762.8 7740.84 9617.18 7734.01 7556.94
threshold=127.67835750000002 28.000000000000004 217.19465950000003 20.610677083333339 2.5000000000000004 22.787500000000005 72.875000000000014 25.307031250000005 18.395963541666671 268.29391150000009 3.8750000000000004 89.062500000000014 143.52257702604172 104.66497572821065
decision_type=2 2 2 2 2 2 2 2 2 2 2 2 2 2
left_child=1 -1 3 4 -2 6 -4 9 -6 -5 -3 -12 -9 -7
right_child=2 10 5 7 8 13 -8 12 -10 -11 11 -13 -14 -15
leaf_value=-0.33227070543609499 -0.6002801545212666 0.28370084252054173 0.10161498275798138 0.31190064230399162 -0.44672925531864166 1.1039545072500523 0.55856551600939996 1.2321018204424119 0.29281790301108818 -0.27983265842421584 -0.039507664575956815 -0.59028852569706303 0.46526570238761211 0.64613954961664455
leaf_weight=5376 59 168 126 978 49 129 1939 44 156 58 1176 84 132 326
leaf_count=5376 59 168 126 978 49 129 1939 44 156 58 1176 84 132 326
internal_value=0.000903564 -0.269706 0.461623 0.266611 -0.0467202 0.575694 0.530746 0.334844 0.114738 0.278535 -0.0341005 -0.0766654 0.662853 0.778074
internal_weight=10800 6804 3996 1476 264 2520 2065 1212 205 1036 1428 1260 176 455
internal_count=10800 6804 3996 1476 264 2520 2065 1212 205 1036 1428 1260 176 455
is_linear=0
shrinkage=0.05


Tree=51
num_leaves=15
num_cat=0
split_feature=65 65 52 48 30 65 1 42 37 46 32 24 64 37
split_gain=487166 56159.9 21301 15499.6 13556.8 10398.9 10286.3 10231.8 9132.09 8936.42 12872.6 11793.2 7519.39 7461.34
threshold=165.07754800000001 86.489938500000008 0.84874750804349197 2.8750000000000004 21.112500000000004 229.01913550000003 187.41312900000003 85.375000000000014 54.875000000000007 83.005208333333357 21.387500000000003 290.03840000000008 85.310375500000006 79.875000000000014
decision_type=2 2 2 2 2 2 2 2 2 2 2 2 2 2
left_child=1 12 3 -2 13 -5 -7 8 -6 11 -11 -4 -1 -3
right_child=2 4 9 5 7 6 -8 -9 -10 10 -12 -13 -14 -15
leaf_value=-0.33198343067668207 0.53110078184624687 -0.0065331099929297398 0.9101219390432379 0.30462122100512218 0.69743997480558317 -0.82645402731640005 0.22682518451116407 0.96945646972191035 0.088202311373413445 0.62065783553305964 0.10525885103146236 0.36420229685898048 -0.18193234111492834 -0.34613483842663673
leaf_weight=4729 972 596 440 1115 68 41 51 40 571 658 149 130 1019 221
leaf_count=4729 972 596 440 1115 68 41 51 40 571 658 149 130 1019 221
internal_value=0.000870918 -0.234406 0.48009 0.382478 0.038464 0.262451 -0.24641 0.203416 0.154024 0.634163 0.525745 0.78647 -0.305419 -0.0987068
internal_weight=10800 7244 3556 2179 1496 1207 92 679 639 1377 807 570 5748 817
internal_count=10800 7244 3556 2179 1496 1207 92 679 639 1377 807 570 5748 817
is_linear=0
shrinkage=0.05


Tree=52
num_leaves=15
num_cat=0
split_feature=65 65 65 36 29 31 32 47 33 32 22 24 53 57
split_gain=440066 32537.6 28597.7 11215.8 8426.91 15071.2 9152.9 8729.23 9724.05 11237.2 8444.47 8611.36 8156.23 9819.71
threshold=127.67835750000002 28.000000000000004 217.19465950000003 25.307031250000005 20.487500000000004 22.087500000000002 22.012500000000003 85.757812500000014 16.993750000000002 19.237500000000004 148.4124377447917 277.75656700000008 -0.83146961230254512 4.5000000000000009
decision_type=2 2 2 2 2 2 2 2 2 2 2 2 2 2
left_child=1 -1 3 12 7 -6 10 8 -4 -10 11 -7 -2 -14
right_child=2 -3 4 -5 5 6 -8 -9 9 -11 -12 -13 13 -15
leaf_value=-0.30008695011181485 -0.055548295233580063 -0.031564239420692787 -0.23588022910989823 0.61587949956064825 1.1660534273488101 0.53367824915102946 0.3462137309892569 0.88115262643674785 0.58888515945638742 0.2262955136171895 0.10744431832269447 0.84234031306372759 0.30701883880618225 -0.19739352935166271
leaf_weight=5376 266 1428 63 176 107 520 399 88 421 437 72 413 927 107
leaf_count=5376 266 1428 63 176 107 520 399 88 421 437 72 413 927 107
internal_value=0.00084183 -0.243743 0.417254 0.24223 0.519632 0.594602 0.550252 0.406884 0.360662 0.404688 0.630834 0.671066 0.19121 0.254681
internal_weight=10800 6804 3996 1476 2520 1511 1404 1009 921 858 1005 933 1300 1034
internal_count=10800 6804 3996 1476 2520 1511 1404 1009 921 858 1005 933 1300 1034
is_linear=0
shrinkage=0.05


Tree=53
num_leaves=15
num_cat=0
split_feature=65 65 65 24 57 24 36 17 52 21 27 13 36 51
split_gain=397244 29365.6 25848.8 12930.2 17766.3 14817.5 10195.6 7983.13 7337.77 7814.05 7606.16 6975.53 6105.99 5803.01
threshold=127.67835750000002 28.000000000000004 238.36019300000004 280.08090150000004 3.5000000000000004 307.27302800000007 18.395963541666671 1.9866838054813594e-05 0.19509032201612822 1.205119597395808e-05 20.937500000000004 35.787237843658509 23.976302083333341 3.5000000000000004
decision_type=2 2 2 2 2 2 2 2 2 2 2 2 2 2
left_child=1 -1 3 4 6 12 -2 -4 10 -10 -3 -8 -5 -14
right_child=2 8 7 5 -6 -7 11 -9 9 -11 -12 -13 13 -15
leaf_value=-0.28508539257915089 -0.36675522313002618 -0.40534726265632648 0.57801213077900193 0.36250539183889696 -0.23192017894791334 -0.05757206335925219 0.24133611859643234 0.37179565382576768 -0.13350329117469137 0.26938958295015331 -0.043331921973572766 0.63375462795974635 0.60905224619110909 1.1850928119544324
leaf_weight=5376 61 180 1486 190 228 113 825 698 190 325 733 131 207 57
leaf_count=5376 61 180 1486 190 228 113 825 698 190 325 733 131 207 57
internal_value=0.000821933 -0.231559 0.396456 0.256616 0.166253 0.45439 0.255659 0.512306 -0.0299871 0.120779 -0.115069 0.295715 0.581663 0.737427
internal_weight=10800 6804 3996 1812 1245 567 1017 2184 1428 515 913 956 454 264
internal_count=10800 6804 3996 1812 1245 567 1017 2184 1428 515 913 956 454 264
is_linear=0
shrinkage=0.05


Tree=54
num_leaves=15
num_cat=0
split_feature=65 65 65 24 57 25 30 36 42 36 25 17 22 55
split_gain=358766 29613.9 21111.1 11037.5 15248.6 13803.7 10429.5 9288.4 8353.13 7796.5 9947.6 7810.58 6385.91 6733.15
threshold=132.38898100000003 86.489938500000008 238.36019300000004 280.08090150000004 3.5000000000000004 110.83558801624868 21.112500000000004 18.395963541666671 83.125000000000014 25.21510416666667 103.64242086319869 2.2746480028614838e-05 150.54473906770835 -0.56174490092936669
decision_type=2 2 2 2 2 2 2 2 2 2 2 2 2 2
left_child=1 -1 3 4 7 -5 -3 -2 12 11 -11 -4 13 -8
right_child=2 6 9 5 -6 -7 8 -9 -10 10 -12 -13 -14 -15
leaf_value=-0.26243348536586236 -0.34859264810554319 -0.12855258859394483 0.51654003773192103 0.57769579580345432 -0.21958744948995965 -0.030931555990837824 -0.32079443480704251 0.2893328507186152 0.7897043910026551 1.351745331062461 0.58775939742110894 0.29496049376844796 0.61459268884999418 0.15015833614431429
leaf_weight=5748 60 596 1312 414 209 120 96 921 49 52 242 578 55 348
leaf_count=5748 60 596 1312 414 209 120 96 921 49 52 242 578 55 348
internal_value=0.000793468 -0.216203 0.383437 0.252399 0.167412 0.441123 0.0161089 0.250001 0.173389 0.486713 0.72701 0.448968 0.111411 0.0478386
internal_weight=10800 6892 3908 1724 1190 534 1144 981 548 2184 294 1890 499 444
internal_count=10800 6892 3908 1724 1190 534 1144 981 548 2184 294 1890 499 444
is_linear=0
shrinkage=0.05


Tree=55
num_leaves=15
num_cat=0
split_feature=65 65 52 30 48 51 61 46 24 43 30 36 36 26
split_gain=323823 26777.8 20026.2 14728.8 9047.48 8797.6 7596.63 7413.1 11980.9 11649 12628.3 9318.32 11832.2 6847.91
threshold=132.38898100000003 28.000000000000004 0.84874750804349197 19.812500000000004 2.8750000000000004 2.5000000000000004 -0.9733555533461492 83.005208333333357 290.03840000000008 82.625000000000014 21.962500000000002 21.246223958333335 20.649218750000006 26.262500000000003
decision_type=2 2 2 2 2 2 2 2 2 2 2 2 2 2
left_child=1 -1 3 5 -5 -2 -3 8 -4 -9 11 12 -11 -8
right_child=2 6 7 4 -6 -7 13 9 -10 10 -12 -13 -14 -15
leaf_value=-0.25771452644976717 -0.37596183300373104 0.50907968993370356 0.78162261800853172 0.4603179634757173 0.24687854017444122 0.14276777007200611 -0.099761871037899019 0.054532901576587134 0.25123096417140711 0.34628996000548079 1.0368990115746104 0.21547156386831792 1.0234779077016616 0.16549900560534311
leaf_weight=5376 104 64 440 868 1171 368 1144 174 142 156 98 276 111 308
leaf_count=5376 104 64 440 868 1171 368 1144 174 142 156 98 276 111 308
internal_value=0.000771672 -0.205386 0.364304 0.279683 0.337921 0.0279182 -0.0197745 0.516095 0.652867 0.417744 0.516099 0.420373 0.630586 -0.0434192
internal_weight=10800 6892 3908 2511 2039 472 1516 1397 582 815 641 543 267 1452
internal_count=10800 6892 3908 2511 2039 472 1516 1397 582 815 641 543 267 1452
is_linear=0
shrinkage=0.05


Tree=56
num_leaves=15
num_cat=0
split_feature=65 65 52 34 30 53 37 48 30 36 46 32 25 43
split_gain=292876 34237.7 15001.3 11036.4 10437 7420.92 8430.77 7076.82 6977.52 6919.05 6785.64 10725.6 9326.65 8630.29
threshold=165.07754800000001 86.489938500000008 0.84874750804349197 19.855208333333337 19.912500000000005 -0.95642797789208678 54.875000000000007 2.8750000000000004 18.962500000000002 18.891406250000006 83.005208333333357 21.387500000000003 105.41375802674405 78.375000000000014
decision_type=2 2 2 2 2 2 2 2 2 2 2 2 2 2
left_child=1 -1 4 8 -2 6 -5 -6 9 -3 12 -12 13 -4
right_child=2 3 10 5 7 -7 -8 -9 -10 -11 11 -13 -14 -15
leaf_value=-0.23711713577312407 0.04988514718661706 -0.50781325946251554 1.400728502363529 0.31510750876139793 0.44607930964309173 0.1895351963526955 -0.16573967625877062 0.24710403936194605 -0.58778956094224533 0.25334640122667146 0.49391877965071374 0.024020019888877871 0.39944763449642823 0.6930011885015519
leaf_weight=5748 374 47 52 117 843 750 400 962 104 78 658 149 246 272
leaf_count=5748 374 47 52 117 843 750 400 962 104 78 658 149 246 272
internal_value=0.000753917 -0.181671 0.372321 0.0313851 0.29044 0.0891656 -0.056523 0.340228 -0.287298 -0.0346085 0.501587 0.407296 0.634136 0.810547
internal_weight=10800 7244 3556 1496 2179 1267 517 1805 229 125 1377 807 570 324
internal_count=10800 7244 3556 1496 2179 1267 517 1805 229 125 1377 807 570 324
is_linear=0
shrinkage=0.05


Tree=57
num_leaves=15
num_cat=0
split_feature=65 65 52 34 30 48 65 1 53 37 27 30 31 46
split_gain=264379 30895.9 13551.1 9971.27 9475.84 7288.21 9346.32 7051.8 6697.28 7613.91 6656.6 6301.48 6392.9 6260.15
threshold=165.07754800000001 86.489938500000008 0.84874750804349197 19.855208333333337 18.725000000000005 2.8750000000000004 229.01913550000003 188.24832300000006 -0.95642797789208678 54.875000000000007 24.962500000000002 18.962500000000002 18.275000000000002 81.901041666666671
decision_type=2 2 2 2 2 2 2 2 2 2 2 2 2 2
left_child=1 -1 4 11 -2 -6 -7 -8 9 -5 -10 12 -3 -4
right_child=2 3 13 8 5 6 7 -9 10 -11 -12 -13 -14 -15
leaf_value=-0.22526333419912914 -0.060172266441319761 -0.48031003183248089 0.64123078328807193 0.29948565298217839 0.41207247039926931 0.26312417666450394 -0.74425817475255052 0.15378376647182135 0.12562318258253993 -0.15747335727078066 0.58885873531584032 -0.55867998671318808 0.24845937016682751 0.40647426550800392
leaf_weight=5748 191 48 409 117 914 988 41 45 663 400 87 104 77 968
leaf_count=5748 191 48 409 117 914 988 41 45 663 400 87 104 77 968
internal_value=0.000730175 -0.172592 0.353758 0.029799 0.275935 0.308241 0.219577 -0.277986 0.0847207 -0.0536825 0.180071 -0.273116 -0.0329791 0.476617
internal_weight=10800 7244 3556 1496 2179 1988 1074 86 1267 517 750 229 125 1377
internal_count=10800 7244 3556 1496 2179 1988 1074 86 1267 517 750 229 125 1377
is_linear=0
shrinkage=0.05


Tree=58
num_leaves=15
num_cat=0
split_feature=65 65 53 36 22 49 46 24 24 30 52 51 34 22
split_gain=238807 22699.6 14871.3 11784.6 14848.7 10124.5 22767 10776.4 12943.7 8965.77 8673.03 8507.97 7260.02 11635.6
threshold=135.43170250000003 24.000000000000004 -0.83146961230254512 25.173697916666672 143.30230728645839 3.5000000000000004 76.609375000000014 277.22543400000006 273.12119300000006 16.862500000000004 0.84874750804349197 2.5000000000000004 20.317708333333339 136.69453288541669
decision_type=2 2 2 2 2 2 2 2 2 2 2 2 2 2
left_child=1 -1 -2 5 -5 9 -7 8 -8 -4 -11 12 -12 -14
right_child=2 -3 3 4 -6 6 7 -9 -10 10 11 -13 13 -15
leaf_value=-0.23716813117463406 -0.10561079639715679 -0.044872893345923821 -0.243354394479144 1.0503761631706039 0.4091170974959033 1.1868037309497594 0.033632679877042874 0.28041725885449331 -0.69210567534724365 0.29370883005042703 0.052560563960578288 0.62476689099469052 0.93117215413149901 0.19768621040617718
leaf_weight=4672 197 2286 61 120 367 47 276 296 78 1506 159 510 90 135
leaf_count=4672 197 2286 61 120 367 47 276 296 78 1506 159 510 90 135
internal_value=0.000697888 -0.174006 0.317057 0.339923 0.568956 0.304435 0.135946 0.0582547 -0.127775 0.352079 0.367308 0.490824 0.311771 0.493903
internal_weight=10800 6958 3842 3645 487 3158 697 650 354 2461 2400 894 384 225
internal_count=10800 6958 3842 3645 487 3158 697 650 354 2461 2400 894 384 225
is_linear=0
shrinkage=0.05


Tree=59
num_leaves=15
num_cat=0
split_feature=65 65 48 36 49 24 25 22 29 51 34 25 45 35
split_gain=215770 17868.9 14882.2 10372.4 11992.8 21194.2 12539.1 11844.1 7686.32 8066.26 10754 8869.47 10986.1 6955.38
threshold=127.67835750000002 24.000000000000004 9.3750000000000018 25.21510416666667 3.5000000000000004 284.15934500000009 105.87116616192273 143.30230728645839 16.862500000000004 2.5000000000000004 19.917708333333337 99.460662613930012 82.989583333333357 22.985416666666669
decision_type=2 2 2 2 2 2 2 2 2 2 2 2 2 2
left_child=1 -1 3 4 8 -6 -7 -5 -2 10 -10 12 -12 -4
right_child=2 -3 13 7 5 6 -8 -9 9 -11 11 -13 -14 -15
leaf_value=-0.22531225321610734 -0.086335092167491509 -0.050604299185697144 0.02568427338025896 1.0499756178259849 -0.11747933528133372 1.2293921099768745 0.30564013160048775 0.42192742667589633 -0.1852324833439892 0.47005901586717513 0.85873222170204944 0.19074089716971721 0.27653810045820604 0.38969472237382874
leaf_weight=4672 91 2132 642 99 386 44 207 314 113 1152 144 453 187 164
leaf_count=4672 91 2132 642 99 386 44 207 314 113 1152 144 453 187 164
internal_value=0.000680298 -0.170584 0.292262 0.340757 0.305778 0.115096 0.471809 0.574649 0.362457 0.382421 0.269471 0.335161 0.531643 0.100142
internal_weight=10800 6804 3996 3190 2777 637 251 413 2140 2049 897 784 331 806
internal_count=10800 6804 3996 3190 2777 637 251 413 2140 2049 897 784 331 806
is_linear=0
shrinkage=0.05


Tree=60
num_leaves=15
num_cat=0
split_feature=65 65 9 36 31 49 43 22 36 25 41 64 44 47
split_gain=194788 16126.9 13913.7 10666.3 16755.6 10305.5 8785.96 10517.9 14248.8 10502.7 8139.25 7035.04 5982.7 5945.82
threshold=127.67835750000002 24.000000000000004 239.85918950000004 23.063020833333336 22.162500000000005 3.5000000000000004 87.125000000000014 143.60332484375002 25.257291666666671 106.2518192023753 82.875000000000014 240.69470000000004 89.281250000000014 82.251302083333357
decision_type=2 2 2 2 2 2 2 2 2 2 2 2 2 2
left_child=1 -1 3 5 -5 11 7 8 -6 -9 -4 13 -7 -2
right_child=2 -3 10 4 6 12 -8 9 -10 -11 -12 -13 -14 -15
leaf_value=-0.21404905235540325 0.12696535337857123 -0.048075269359163723 0.34105710092446079 1.1409863607982795 0.3538633291462332 0.072303967913644726 0.67454735956021716 -0.57733337770808824 0.95844931266246702 0.22654771529965548 -0.082327018781722369 0.41816682894181456 -0.51478427661692405 0.42598097323863349
leaf_weight=4672 687 2132 160 74 603 290 209 43 116 537 384 624 50 219
leaf_count=4672 687 2132 160 74 603 290 209 43 116 537 384 624 50 219
internal_value=0.000667361 -0.162057 0.277709 0.314738 0.410348 0.233676 0.373762 0.324886 0.4526 0.166059 0.042595 0.288976 -0.015289 0.199634
internal_weight=10800 6804 3996 3452 1582 1870 1508 1299 719 580 544 1530 340 906
internal_count=10800 6804 3996 3452 1582 1870 1508 1299 719 580 544 1530 340 906
is_linear=0
shrinkage=0.05


Tree=61
num_leaves=15
num_cat=0
split_feature=65 65 64 32 8 36 36 41 20 4 6 34 32 22
split_gain=176002 16345.3 11506.1 10204.7 8827.37 8374.96 6943.13 7100.22 6407.02 5997.63 5651.23 8585.01 7043.97 8593.95
threshold=118.09247850000001 191.01635350000001 86.418312 18.012500000000003 255.20086750000004 25.055729166666669 18.666666666666668 89.375000000000014 263.33635400000009 195.79710850000004 74.178696000000016 22.042708333333337 19.962500000000002 127.35229659895835
decision_type=2 2 2 2 2 2 2 2 2 2 2 2 2 2
left_child=2 3 -1 -2 6 8 7 -3 9 -5 11 12 13 -8
right_child=1 4 -4 5 -6 -7 10 -9 -10 -11 -12 -13 -14 -15
leaf_value=-0.19961048211715851 -0.66151015748354525 -0.23105553114247102 -0.046349083765276841 0.057490979741909365 -0.37219844308305294 0.50350463637188692 0.33495326085650873 0.54279383682623139 0.35858662498558497 -0.36675006807634708 0.24683596374163974 0.6340340703959414 0.26436856285174831 0.75455287520702075
leaf_weight=4932 43 106 1630 676 46 122 335 40 153 94 1112 302 1015 194
leaf_count=4932 43 106 1630 676 46 122 335 40 153 94 1112 302 1015 194
internal_value=0.000649276 0.251778 -0.161553 0.0845979 0.309476 0.115902 0.319695 -0.0167918 0.0641802 0.00529201 0.336303 0.390034 0.341929 0.489966
internal_weight=10800 4238 6562 1088 3150 1045 3104 146 923 770 2958 1846 1544 529
internal_count=10800 4238 6562 1088 3150 1045 3104 146 923 770 2958 1846 1544 529
is_linear=0
shrinkage=0.05


Tree=62
num_leaves=15
num_cat=0
split_feature=65 65 53 28 30 51 25 24 57 31 51 42 25 51
split_gain=158867 15896.5 11069.6 9182.03 8562.13 7677.81 7501.4 10503.8 16062.8 9427.17 9043.51 7302.65 7076.52 8713.23
threshold=135.43170250000003 86.489938500000008 -0.83146961230254512 19.012500000000003 21.112500000000004 2.5000000000000004 110.55984742745123 277.75656700000008 3.5000000000000004 30.012500000000003 2.5000000000000004 83.125000000000014 99.297997961420336 2.5000000000000004
decision_type=2 2 2 2 2 2 2 2 2 2 2 2 2 2
left_child=1 -1 -2 5 -3 -4 7 8 12 -9 -10 -6 -5 -14
right_child=2 4 3 6 11 -7 -8 9 10 -11 -12 -13 13 -15
leaf_value=-0.17653803189791667 -0.10595051336732478 -0.1044958528657326 -0.20705263414387162 0.44321267420789145 0.10623748701676411 0.19974935687511389 0.049510780600357358 0.52976125787663664 0.082556415871482033 0.029884958425623793 -0.57944518467959238 0.73311821876787675 -0.094804827766659272 0.32624703240500047
leaf_weight=5748 197 631 140 737 529 656 235 864 213 106 67 50 167 460
leaf_count=5748 197 631 140 737 529 656 235 864 213 106 67 50 167 460
internal_value=0.000625241 -0.141869 0.258656 0.278386 0.0228353 0.128031 0.320335 0.344654 0.267373 0.475223 -0.0773495 0.161543 0.338142 0.214128
internal_weight=10800 6958 3842 3645 1210 796 2849 2614 1644 970 280 579 1364 627
internal_count=10800 6958 3842 3645 1210 796 2849 2614 1644 970 280 579 1364 627
is_linear=0
shrinkage=0.05


Tree=63
num_leaves=15
num_cat=0
split_feature=65 65 64 32 9 53 36 46 22 32 46 24 26 36
split_gain=143583 13631.2 9845.87 9168.99 8267.06 7225.03 6989.27 6377.4 12749.2 8977.99 8045.32 7701.31 5741.46 5603.2
threshold=118.09247850000001 191.01635350000001 86.418312 18.862500000000004 203.33791900000003 0.38268343236508956 25.055729166666669 82.942708333333357 135.9634828697917 21.387500000000003 80.572916666666671 283.32550850000001 22.987500000000004 25.173697916666672
decision_type=2 2 2 2 2 2 2 2 2 2 2 2 2 2
left_child=2 3 -1 -2 5 7 -5 8 10 11 -3 -9 -7 -10
right_child=1 4 -4 6 -6 12 -8 9 13 -11 -12 -13 -14 -15
leaf_value=-0.18110912369279852 -0.45136540055081442 1.3191373183656097 -0.039338410649695454 0.065769756966668744 -0.053581694814122539 0.18921069455338385 0.46800167767134138 0.32716048694240013 0.18379544037499745 -0.043643167413050132 0.58627737574679883 0.9488084827769887 0.43554340535937652 0.58706821341582227
leaf_weight=4932 76 66 1630 890 175 1397 122 574 202 154 92 54 285 151
leaf_count=4932 76 66 1630 890 175 1397 122 574 202 154 92 54 285 151
internal_value=0.000599681 0.227424 -0.145905 0.0747566 0.280114 0.299755 0.114674 0.388708 0.526271 0.298259 0.89878 0.382038 0.231184 0.357471
internal_weight=10800 4238 6562 1088 3150 2975 1012 1293 511 782 158 628 1682 353
internal_count=10800 4238 6562 1088 3150 2975 1012 1293 511 782 158 628 1682 353
is_linear=0
shrinkage=0.05


Tree=64
num_leaves=15
num_cat=0
split_feature=65 65 5 36 25 22 24 57 30 30 42 25 24 5
split_gain=129675 13344.1 10057.6 7707.86 10281.4 9644.94 9451.64 21103.4 7618.19 7163.16 6675.44 6524.66 5927.45 5639.81
threshold=135.43170250000003 85.353944000000013 62.684561500000008 25.173697916666672 110.83558801624868 143.30230728645839 278.11863750000003 3.5000000000000004 21.112500000000004 16.862500000000004 83.125000000000014 103.36778959771125 297.26105400000006 95.543330000000012
decision_type=2 2 2 2 2 2 2 2 2 2 2 2 2 2
left_child=1 -1 3 4 6 -5 7 9 -3 -2 -10 -9 -8 -4
right_child=2 8 13 5 -6 -7 12 11 10 -11 -12 -13 -14 -15
leaf_value=-0.16026211542843138 -0.2513040505830319 -0.097236891841604792 -0.11416951318422114 0.86607134736943669 -0.23457029168093535 0.32429373690607277 0.51827023521209614 -0.00044752137055472724 0.099315586531954492 0.29724639866102714 0.69831244127423164 -0.48667231878829659 0.10602412582674157 0.17331467917591625
leaf_weight=5726 61 646 271 113 108 303 465 188 536 1660 50 108 108 457
leaf_count=5726 61 646 271 113 108 303 465 188 536 1660 50 108 108 457
internal_value=0.000589797 -0.128149 0.233713 0.27282 0.241762 0.473183 0.261707 0.210611 0.0211145 0.277669 0.151527 -0.178895 0.440889 0.0662881
internal_weight=10800 6958 3842 3114 2698 416 2590 2017 1232 1721 586 296 573 728
internal_count=10800 6958 3842 3114 2698 416 2590 2017 1232 1721 586 296 573 728
is_linear=0
shrinkage=0.05


Tree=65
num_leaves=15
num_cat=0
split_feature=65 65 26 64 22 8 36 46 8 0 48 55 9 52
split_gain=117153 11663.6 10755 8605.83 6118.93 5858.25 5762.5 6813.19 6618.91 5573.86 5272.45 4892.24 5528.49 4517.87
threshold=118.09247850000001 213.72926950000002 19.012500000000003 101.20536200000002 136.48103394270836 197.46853500000003 25.307031250000005 68.630208333333357 268.63102150000003 262.99180150000007 6.8750000000000009 -0.22252093395631442 266.42450100000002 0.35206144883412582
decision_type=2 2 2 2 2 2 2 2 2 2 2 2 2 2
left_child=3 2 -2 -1 -5 13 8 -8 9 11 -6 -4 -13 -3
right_child=1 5 6 4 10 -7 7 -9 -10 -11 -12 12 -14 -15
leaf_value=-0.15971696301718366 -0.21804589467662339 0.14961116070626304 -0.019516858762556127 -0.10044681376641525 0.42311012210618515 -0.15965856713327498 -0.17560751874272418 0.5516484911796774 -0.34720373322834841 0.4882109562697865 0.03359445740103377 0.24922944785598405 -0.27367551300807724 0.3174948093199661
leaf_weight=5299 227 503 445 784 113 76 40 156 73 104 366 534 55 2025
leaf_count=5299 227 503 445 784 113 76 40 156 73 104 366 534 55 2025
internal_value=0.000568354 0.205455 0.100655 -0.131767 -0.0144676 0.271153 0.152191 0.403091 0.111284 0.140974 0.126174 0.105611 0.20002 0.284163
internal_weight=10800 4238 1634 6562 1263 2604 1407 196 1211 1138 479 1034 589 2528
internal_count=10800 4238 1634 6562 1263 2604 1407 196 1211 1138 479 1034 589 2528
is_linear=0
shrinkage=0.05


Tree=66
num_leaves=15
num_cat=0
split_feature=65 65 52 30 40 43 12 55 22 64 17 33 62 46
split_gain=105800 11121.3 8682.57 7487.6 6259.9 5343.45 5067.56 7610.14 6645.33 7288.86 5310.84 4572.65 7102.46 3965.23
threshold=135.43170250000003 24.000000000000004 0.84874750804349197 19.812500000000004 83.375000000000014 64.875000000000014 267.01345100000009 -0.56174490092936669 136.48103394270836 102.09860400000001 39.497481753897517 23.965625000000006 0.87837969732492682 83.005208333333357
decision_type=2 2 2 2 2 2 2 2 2 2 2 2 2 2
left_child=1 -1 3 4 -2 -5 7 10 -9 -10 -3 -7 -13 -4
right_child=2 6 13 5 -6 11 -8 8 9 -11 -12 12 -14 -15
leaf_value=-0.15995146044821551 -0.2806734022637829 -0.38049975582506768 0.41118268189430629 -0.12511053484230927 0.10728468074265757 0.18915139625857291 0.1785195866828182 -0.058847558057281327 -0.42210095708453377 0.27449519885920509 0.066757428696275586 0.58094454188831157 -0.15700451869790147 0.23918066333764273
leaf_weight=4672 159 257 578 121 296 1668 268 1330 42 300 89 167 40 813
leaf_count=4672 159 257 578 121 296 1668 268 1330 42 300 89 167 40 813
internal_value=0.000543447 -0.115742 0.211115 0.154383 -0.0286057 0.19609 -0.0253574 -0.0525082 -0.00828057 0.187967 -0.265593 0.216874 0.438276 0.310896
internal_weight=10800 6958 3842 2451 455 1996 2286 2018 1672 342 346 1875 207 1391
internal_count=10800 6958 3842 2451 455 1996 2286 2018 1672 342 346 1875 207 1391
is_linear=0
shrinkage=0.05


Tree=67
num_leaves=15
num_cat=0
split_feature=65 65 60 34 9 53 40 47 22 46 37 5 24 61
split_gain=95698.8 14175.2 9252.83 7675.05 7644.6 5757.55 5738.44 7955.82 7313.42 12042.2 5552.32 5908.13 5401.91 5731.37
threshold=175.81884250000004 87.445244000000017 -0.9733555533461492 19.855208333333337 203.33791900000003 0.32143946530316164 84.375000000000014 82.251302083333357 135.9634828697917 80.572916666666671 54.875000000000007 195.75313100000002 246.78300350000004 -0.84874750804349197
decision_type=2 2 2 2 2 2 2 2 2 2 2 2 2 2
left_child=1 -1 -3 12 5 6 8 -8 9 -2 -5 -12 13 -4
right_child=4 2 3 10 -6 -7 7 -9 -10 -11 11 -13 -14 -15
leaf_value=-0.13745063619237582 1.2389946545324018 0.47525773518505177 0.43645764489968619 0.36152182007868461 -0.027978319692334077 0.18668979150653559 0.096311398502327866 0.53582134055395192 0.28961396127706396 0.440391107985937 0.072935295199059835 -0.20451304456865305 -0.52898849513204327 -0.25962810418941079
leaf_weight=5770 61 108 41 126 287 1900 417 136 415 208 884 244 104 99
leaf_count=5770 61 108 41 126 287 1900 417 136 415 208 884 244 104 99
internal_value=0.000518419 -0.100887 0.030481 -0.0018813 0.218933 0.241524 0.325529 0.205173 0.422392 0.625405 0.0480919 0.0127919 -0.257859 -0.0541247
internal_weight=10800 7376 1606 1498 3424 3137 1237 553 684 269 1254 1128 244 140
internal_count=10800 7376 1606 1498 3424 3137 1237 553 684 269 1254 1128 244 140
is_linear=0
shrinkage=0.05


Tree=68
num_leaves=15
num_cat=0
split_feature=65 36 43 57 22 46 65 36 46 24 44 47 36 24
split_gain=86396.9 9524.04 9968.83 10055.2 9244.51 6844.78 6623.87 6553.23 6004.46 5907.52 9747.01 5282.4 8835.97 5134.31
threshold=118.09247850000001 25.173697916666672 82.875000000000014 4.5000000000000009 143.30230728645839 68.401041666666671 24.000000000000004 23.694531250000008 83.005208333333357 207.69808350000002 82.968750000000014 85.757812500000014 18.666666666666668 257.54432450000007
decision_type=2 2 2 2 2 2 2 2 2 2 2 2 2 2
left_child=6 2 9 7 -3 -6 -1 11 -9 10 -2 12 -4 -5
right_child=1 4 3 13 5 -7 -8 8 -10 -11 -12 -13 -14 -15
leaf_value=-0.14508453541232616 0.80544360810890803 0.73441416269686444 -0.34878589154283207 -0.55096393370481789 -0.25146906336223512 0.33514973889391186 -0.034132776817820065 0.24973145709718977 0.68610885014795531 0.0071365548834591945 0.086958609082848651 0.55328695578318021 0.20732902394708741 0.10457882770037248
leaf_weight=4672 63 132 74 60 57 357 1890 174 146 1288 181 101 1547 58
leaf_count=4672 63 132 74 60 57 357 1890 174 146 1288 181 101 1547 58
internal_value=0.000506274 0.176455 0.147554 0.216726 0.371253 0.253972 -0.113138 0.242674 0.450346 0.0499503 0.274999 0.203843 0.181743 -0.230577
internal_weight=10800 4238 3692 2160 546 414 6562 2042 320 1532 244 1722 1621 118
internal_count=10800 4238 3692 2160 546 414 6562 2042 320 1532 244 1722 1621 118
is_linear=0
shrinkage=0.05


Tree=69
num_leaves=15
num_cat=0
split_feature=65 5 28 49 36 24 46 32 7 22 53 64 52 51
split_gain=77991.5 8804.75 7568.47 9199.54 12636.4 7532.81 8175.21 9009.96 6799.58 6656.24 6364.53 6150.28 5713.59 5681.34
threshold=118.09247850000001 62.684561500000008 19.012500000000003 3.5000000000000004 19.924479166666668 300.20324800000009 80.692708333333357 21.762500000000003 242.82119850000004 135.9634828697917 0.72947329433276265 101.20536200000002 0.58216583101416164 2.5000000000000004
decision_type=2 2 2 2 2 2 2 2 2 2 2 2 2 2
left_child=11 2 3 13 -5 6 8 -8 9 12 -9 -1 -4 -2
right_child=1 -3 5 4 -6 -7 7 10 -10 -11 -12 -13 -14 -15
leaf_value=-0.13111073799143141 -0.22641598943439201 0.03810171272655799 0.36725387529090603 0.104440832560958 -0.78360111844890268 -0.015984486054660001 0.30202543144221033 -0.069849018113142466 0.24887696806704193 0.3848708944521142 0.3061244982375223 -0.0083234872712637294 1.010114036726022 0.22196918688728015
leaf_weight=5299 81 1002 53 97 67 240 959 368 343 243 161 1263 108 516
leaf_count=5299 81 1002 53 97 67 240 959 368 343 243 161 1263 108 516
internal_value=0.000492255 0.167663 0.207757 0.0697405 -0.260907 0.250148 0.27872 0.21072 0.413712 0.552698 0.0449394 -0.107483 0.802063 0.160856
internal_weight=10800 4238 3236 761 164 2475 2235 1488 747 404 529 6562 161 597
internal_count=10800 4238 3236 761 164 2475 2235 1488 747 404 529 6562 161 597
is_linear=0
shrinkage=0.05


Tree=70
num_leaves=15
num_cat=0
split_feature=65 5 37 30 36 25 49 24 47 22 22 29 51 51
split_gain=70671 14496.3 7283.91 7696.31 7244.95 7738.56 7664.9 12303.9 13303.5 10147.3 7080.13 6673.38 6551.97 5583.89
threshold=91.658325500000018 62.684561500000008 54.875000000000007 23.512500000000003 25.173697916666672 103.64242086319869 3.5000000000000004 274.65417650000006 69.212239583333357 131.20599068750002 147.37491395312503 16.862500000000004 2.5000000000000004 2.5000000000000004
decision_type=2 2 2 2 2 2 2 2 2 2 2 2 2 2
left_child=-1 4 -3 -4 6 -6 10 9 -9 -8 11 -2 -11 -13
right_child=1 2 3 -5 5 -7 7 8 -10 12 -12 13 -14 -15
leaf_value=-0.11699296083936495 -0.16307321785344292 0.41127795401577638 -0.085534980404141481 0.17534888750643701 0.84308016422120025 0.2894964591409474 0.08589628804717421 1.0075574837186758 0.14154416165436093 -0.074409353595624853 -0.2026185248760467 0.16009038785354826 -0.61925263976878375 0.33558129012394866
leaf_weight=5858 96 106 1063 384 76 365 268 50 344 102 93 777 120 1098
leaf_count=5858 96 106 1063 384 76 365 268 50 344 102 93 777 120 1098
internal_value=0.000475735 0.139713 0.0131962 -0.0162292 0.197668 0.38659 0.169285 0.0460232 0.253717 -0.121156 0.222029 0.242158 -0.370375 0.262982
internal_weight=10800 4942 1553 1447 3389 441 2948 884 394 490 2064 1971 222 1875
internal_count=10800 4942 1553 1447 3389 441 2948 884 394 490 2064 1971 222 1875
is_linear=0
shrinkage=0.05


Tree=71
num_leaves=15
num_cat=0
split_feature=65 5 37 30 36 25 24 57 25 44 36 30 30 46
split_gain=63793.3 13084.5 6579.85 6947.42 6545.98 7169.36 7977.4 16047.6 6997.61 5587.4 5620.15 5432 5233.94 5163.41
threshold=91.658325500000018 62.684561500000008 54.875000000000007 23.512500000000003 25.173697916666672 110.83558801624868 278.11863750000003 3.5000000000000004 103.64242086319869 89.281250000000014 24.272005208333336 16.862500000000004 21.962500000000002 84.765625000000014
decision_type=2 2 2 2 2 2 2 2 2 2 2 2 2 2
left_child=-1 4 12 -4 5 6 7 11 -6 10 -9 -2 -3 -8
right_child=1 2 3 -5 8 -7 13 9 -10 -11 -12 -13 -14 -15
leaf_value=-0.11114431152960791 -0.26199350691130086 0.049938710366508793 -0.081262250953437976 0.16660421424630015 0.80147362295296287 -0.22477494300310982 0.23310858920009836 0.014360403966857123 0.27506118310422034 -0.53304903288682304 -0.58840251239863306 0.2151880640252205 0.75058461290139422 0.53754261708885864
leaf_weight=5858 61 55 1063 384 76 115 436 319 365 74 43 1694 51 206
leaf_count=5858 61 55 1063 384 76 115 436 319 365 74 43 1694 51 206
internal_value=0.000462077 0.13275 0.0125525 -0.0154146 0.187811 0.160832 0.176559 0.131034 0.367389 -0.140213 -0.0586622 0.198463 0.390906 0.331477
internal_weight=10800 4942 1553 1447 3389 2948 2833 2191 441 436 362 1755 106 642
internal_count=10800 4942 1553 1447 3389 2948 2833 2191 441 436 362 1755 106 642
is_linear=0
shrinkage=0.05


Tree=72
num_leaves=15
num_cat=0
split_feature=65 30 65 64 64 36 55 46 8 42 47 36 21 17
split_gain=57678.9 8264.7 7921.13 5860.02 5442.75 4612.49 7309.38 6062.85 4633.08 4962.08 4474.96 4474.9 4017.25 4012.63
threshold=116.18365950000002 16.862500000000004 261.5324245000001 264.27020500000009 201.55550250000002 25.347395833333334 -0.22252093395631442 69.223958333333357 262.36879000000005 68.625000000000014 72.658854166666671 21.664192708333335 95.718381665912645 1.1809109315730381e-05
decision_type=2 2 2 2 2 2 2 2 2 2 2 2 2 2
left_child=4 -2 3 5 12 6 -3 -7 9 -8 -11 -12 -1 -5
right_child=1 2 -4 13 -6 7 8 -9 -10 10 11 -13 -14 -15
leaf_value=-0.11126455187402369 -0.34835994506387841 -0.050891428084060109 0.25951132698340451 0.17020084812061587 0.095286078111381789 -0.16205152880061757 0.023360122649786555 0.44278070499124222 -0.2404108176007867 0.55605350406426524 0.29951128142545141 0.063946767152639514 0.12860426542452641 0.51137946480954133
leaf_weight=5978 83 902 1229 243 361 54 491 171 79 89 409 398 179 134
leaf_count=5978 83 902 1229 243 361 54 491 171 79 89 409 398 179 134
internal_value=0.000444728 0.142987 0.15278 0.108541 -0.0932058 0.0816924 0.0610657 0.297546 0.129938 0.15119 0.221136 0.183557 -0.104271 0.292501
internal_weight=10800 4282 4199 2970 6518 2593 2368 225 1466 1387 896 807 6157 377
internal_count=10800 4282 4199 2970 6518 2593 2368 225 1466 1387 896 807 6157 377
is_linear=0
shrinkage=0.05


Tree=73
num_leaves=15
num_cat=0
split_feature=65 5 37 30 28 36 36 47 24 24 25 46 36 31
split_gain=52189.7 10930.7 5987.02 6128.67 5905.96 7827.04 11673.1 8061.47 6083.79 6122.46 11672.2 9403.84 7296.19 6779.81
threshold=91.658325500000018 62.684561500000008 54.875000000000007 23.512500000000003 19.012500000000003 21.282552083333339 20.71901041666667 78.065104166666671 300.20324800000009 277.75656700000008 99.297997961420336 83.005208333333357 21.125520833333336 22.387500000000003
decision_type=2 2 2 2 2 2 2 2 2 2 2 2 2 2
left_child=-1 4 -3 -4 5 6 7 -2 9 10 11 13 -13 -6
right_child=1 2 3 -5 8 -7 -8 -9 -10 -11 -12 12 -14 -15
leaf_value=-0.1005170376203925 -0.22651056285942472 0.37113150494678004 -0.078297273795333994 0.15450652805870618 0.85289567669834754 -0.27307682457250476 0.69215836580842738 0.17659503250878739 -0.032747413358492662 0.33856035085534897 0.025896894445775306 0.45311109360655871 0.015984441655888863 0.35717227888336428
leaf_weight=5858 182 106 1063 384 98 150 79 384 240 851 724 138 305 238
leaf_count=5858 182 106 1063 384 98 150 79 384 240 851 724 138 305 238
internal_value=0.000430076 0.120084 0.0102238 -0.0164525 0.170409 0.0511002 0.126796 0.0468036 0.206941 0.231381 0.170512 0.304711 0.152869 0.50386
internal_weight=10800 4942 1553 1447 3389 795 645 566 2594 2354 1503 779 443 336
internal_count=10800 4942 1553 1447 3389 795 645 566 2594 2354 1503 779 443 336
is_linear=0
shrinkage=0.05


Tree=74
num_leaves=15
num_cat=0
split_feature=65 17 9 64 22 32 12 37 47 53 40 47 22 46
split_gain=47516.6 8876.47 6029.66 5015.69 5934.52 5496.69 4814.29 4481.03 5295.08 4068.07 4308.44 7356.2 4883.05 9655.29
threshold=179.52949750000002 61.075702236085867 203.33791900000003 102.81548550000001 136.48103394270836 25.762500000000003 260.6494575000001 54.875000000000007 64.480468750000014 0.32143946530316164 85.625000000000014 82.251302083333357 135.9634828697917 80.572916666666671
decision_type=2 2 2 2 2 2 2 2 2 2 2 2 2 2
left_child=1 3 9 -1 -5 -6 -3 8 -7 10 12 -12 13 -2
right_child=2 6 -4 4 5 7 -8 -9 -10 -11 11 -13 -14 -15
leaf_value=-0.10256834077759783 1.0346356908640553 0.083658894350839744 -0.078009656934052943 -0.081501672051787863 0.21577544629735423 -0.17644424729230929 0.59009273053632805 -0.22265839767478932 0.62870573372375682 0.12897905872145884 0.015414350188739313 0.44628329014624746 0.21398970519399479 0.33261757141559345
leaf_weight=5530 61 148 253 1007 437 40 68 170 40 1872 365 135 431 243
leaf_count=5530 61 148 253 1007 437 40 68 170 40 1872 365 135 431 243
internal_value=0.000421195 -0.0700578 0.156456 -0.079513 -0.00423357 0.108979 0.245076 -0.0778162 0.228922 0.175567 0.246024 0.132408 0.323029 0.476413
internal_weight=10800 7440 3360 7224 1694 687 216 250 80 3107 1235 500 735 304
internal_count=10800 7440 3360 7224 1694 687 216 250 80 3107 1235 500 735 304
is_linear=0
shrinkage=0.05


Tree=75
num_leaves=15
num_cat=0
split_feature=65 17 8 21 30 46 64 22 31 51 47 47 37 65
split_gain=42893.7 8018.99 5490.1 4858.56 4711.56 5980.5 4633.61 5013.79 4586.86 8798.68 6979.58 7750.98 4492.07 4884.01
threshold=179.52949750000002 61.075702236085867 257.88623600000005 98.266410409459311 19.912500000000005 91.427083333333357 193.37852400000003 137.21175876562504 22.237500000000004 1.5000000000000002 78.825520833333357 82.251302083333357 90.375000000000014 267.69387700000004
decision_type=2 2 2 2 2 2 2 2 2 2 2 2 2 2
left_child=1 3 4 6 12 8 -1 -8 9 -6 -11 -12 -2 -14
right_child=2 -3 -4 -5 5 -7 7 -9 -10 10 11 -13 13 -15
leaf_value=-0.097187026245783126 -0.035588520548625664 0.23297779749014547 -0.31790132902322282 0.11467297359440778 -0.11574490502476693 -0.37367244806695493 -0.068285442311316724 0.22330007343265562 0.16416636483560221 0.63261198302298527 -0.091952436587007927 0.53459546052917994 0.044903190844716168 0.676398927287436
leaf_weight=6288 492 216 61 320 89 46 374 242 2140 209 100 96 77 50
leaf_count=6288 492 216 61 320 89 46 374 242 2140 209 100 96 77 50
internal_value=0.000414153 -0.0665486 0.148665 -0.0755355 0.157385 0.186094 -0.084367 0.0464423 0.196008 0.333333 0.432062 0.216084 0.0329898 0.296866
internal_weight=10800 7440 3360 7224 3299 2680 6904 616 2634 494 405 196 619 127
internal_count=10800 7440 3360 7224 3299 2680 6904 616 2634 494 405 196 619 127
is_linear=0
shrinkage=0.05


Tree=76
num_leaves=15
num_cat=0
split_feature=65 17 8 21 12 64 22 36 34 64 24 36 36 46
split_gain=38716.8 7239.73 5156.07 4401.43 4355.87 4251.89 4526.75 4025.87 4277.98 3896.8 4982.37 3847.53 4988.36 3785.6
threshold=179.52949750000002 61.075702236085867 198.75511050000003 95.718381665912645 260.6494575000001 193.37852400000003 137.21175876562504 24.250520833333336 22.892708333333335 243.19934200000003 257.54432450000007 18.666666666666668 17.040625000000002 91.739583333333357
decision_type=2 2 2 2 2 2 2 2 2 2 2 2 2 2
left_child=1 3 11 5 -3 -1 9 -8 -9 -7 -11 12 -2 -13
right_child=2 4 -4 -5 -6 6 7 8 -10 10 -12 13 -14 -15
leaf_value=-0.093524754883996211 0.37925718143218901 0.067933311564972829 -0.085358639268411529 0.091005296308224973 0.54953563284074913 0.098013339395965307 0.46404654887349656 -0.29823685912041192 0.25497614774172023 -0.71226344664649277 -0.089051889985799798 0.17883956010849622 -0.26875253570852459 -0.2075558668317703
leaf_weight=6216 40 148 233 392 68 185 95 55 92 40 149 2916 107 64
leaf_count=6216 40 148 233 392 68 185 95 55 92 40 149 2916 107 64
internal_value=0.0004005 -0.0632184 0.141248 -0.0717576 0.221383 -0.0811084 0.0441327 0.212181 0.0473751 -0.0648803 -0.224003 0.158155 -0.0910522 0.170474
internal_weight=10800 7440 3360 7224 216 6832 616 242 147 374 189 3127 147 2980
internal_count=10800 7440 3360 7224 216 6832 616 242 147 374 189 3127 147 2980
is_linear=0
shrinkage=0.05


Tree=77
num_leaves=15
num_cat=0
split_feature=65 5 33 36 25 24 57 25 36 28 51 46 46 51
split_gain=35075.6 8543.52 5332.93 4906.68 6252.95 6042.1 11725.9 6034.59 5375.5 9589.22 5945.41 4779.71 4634.07 7175.8
threshold=87.445244000000017 62.684561500000008 20.918750000000006 25.173697916666672 110.83558801624868 278.11863750000003 3.5000000000000004 103.64242086319869 19.924479166666668 19.012500000000003 2.5000000000000004 69.406250000000014 82.078125000000014 2.5000000000000004
decision_type=2 2 2 2 2 2 2 2 2 2 2 2 2 2
left_child=-1 3 -3 4 5 6 12 -5 -8 -10 -11 -9 -2 -14
right_child=1 2 -4 7 -6 -7 8 11 9 10 -12 -13 13 -15
leaf_value=-0.083742415563319517 0.30681386625975687 -0.17266692959659935 0.049338954080337408 0.70037389440195907 -0.24125379138658276 0.26815245521988035 0.2461082872003317 -0.24379827094078066 -0.77232899293303492 0.037370910303355341 -0.46130517541271887 0.28319113042370098 -0.067759443187783361 0.18241890322706811
leaf_weight=5770 377 341 1293 76 115 643 75 49 63 220 81 316 405 976
leaf_count=5770 377 341 1293 76 115 643 75 49 63 220 81 316 405 976
internal_value=0.000381996 0.09688 0.0029312 0.14207 0.118776 0.133434 0.0939016 0.297535 -0.137029 -0.21643 -0.0979075 0.211972 0.151614 0.109054
internal_weight=10800 5030 1634 3396 2955 2840 2197 441 439 364 301 365 1758 1381
internal_count=10800 5030 1634 3396 2955 2840 2197 441 439 364 301 365 1758 1381
is_linear=0
shrinkage=0.05


Tree=78
num_leaves=15
num_cat=0
split_feature=65 17 31 21 8 64 43 37 34 46 8 22 64 24
split_gain=31700.8 6832.39 5096.51 4866.88 4762.69 4290.02 4144.56 4284.32 3287 5383.58 3280.56 3257.31 3657.44 4149.9
threshold=191.01635350000001 76.423149597557384 21.962500000000002 95.718381665912645 255.20086750000004 193.37852400000003 54.625000000000007 54.375000000000007 17.001041666666669 92.843750000000014 268.91444550000006 136.95541188020837 243.19934200000003 257.54432450000007
decision_type=2 2 2 2 2 2 2 2 2 2 2 2 2 2
left_child=1 3 -3 5 8 -1 -5 -8 9 -2 -9 12 -7 -14
right_child=4 2 -4 6 -6 11 7 10 -10 -11 -12 -13 13 -15
leaf_value=-0.083472175950278449 -0.31191558437321776 -0.012988576076247477 0.66462547116373716 -0.31185283979231659 -0.36614041217464083 0.099743904112041093 0.61694383187727497 0.17365317302626662 0.15220626241496879 0.37608965279125589 -0.18500165505016722 0.17014999527876315 -0.65113769595215965 -0.082355911881973345
leaf_weight=6381 92 54 56 54 46 202 43 287 2972 40 81 303 40 149
leaf_count=6381 92 54 56 54 46 202 43 287 2972 40 81 303 40 149
internal_value=0.000363038 -0.0546061 0.334858 -0.0603316 0.133834 -0.0706325 0.0962137 0.150455 0.141359 -0.102169 0.0944227 0.0473721 -0.0479643 -0.205526
internal_weight=10800 7650 110 7540 3150 7075 465 411 3104 132 368 694 391 189
internal_count=10800 7650 110 7540 3150 7075 465 411 3104 132 368 694 391 189
is_linear=0
shrinkage=0.05


Tree=79
num_leaves=15
num_cat=0
split_feature=65 30 65 43 37 36 45 57 24 24 51 36 22 42
split_gain=28674 7398.29 6984.53 5077.1 5417.71 4222.59 6147.83 4304.68 6789.3 5482.28 4928.89 8126 10757.3 6065.98
threshold=87.445244000000017 16.862500000000004 261.5324245000001 52.875000000000007 51.875000000000007 26.360937500000002 70.781250000000014 3.5000000000000004 274.65417650000006 273.12119300000006 1.5000000000000002 22.750520833333336 147.37491395312503 79.125000000000014
decision_type=2 2 2 2 2 2 2 2 2 2 2 2 2 2
left_child=-1 -2 3 -3 -5 7 -7 10 9 -9 13 -12 -13 -6
right_child=1 2 -4 4 5 6 -8 8 -10 -11 11 12 -14 -15
leaf_value=-0.075715340087469468 -0.34494938467888492 -0.28971454143524172 0.19932779835819125 0.56403507709503176 0.07550689658293358 -0.15399966203584903 0.59734259754060259 -0.10100519037501542 0.084951438865711368 -0.57708945059114036 0.050632065409526854 0.37330232059909663 -0.10081930685257062 -0.31134426285910188
leaf_weight=5770 96 99 1229 54 285 40 82 382 545 71 1318 518 155 156
leaf_count=5770 96 99 1229 54 285 40 82 382 545 71 1318 518 155 156
internal_value=0.000346039 0.0875951 0.0960792 0.0617857 0.0715135 0.0638692 0.351752 0.0535301 -0.0338858 -0.17673 0.0894014 0.122891 0.264119 -0.0617332
internal_weight=10800 5030 4934 3705 3606 3552 122 3430 998 453 2432 1991 673 441
internal_count=10800 5030 4934 3705 3606 3552 122 3430 998 453 2432 1991 673 441
is_linear=0
shrinkage=0.05


Tree=80
num_leaves=15
num_cat=0
split_feature=65 17 31 8 21 64 43 37 31 24 25 26 57 36
split_gain=26010.6 5941.13 4431.81 4163.83 4099.34 3658.07 3550.03 3613.33 3066.23 3743.54 9694.51 5842.94 4921.08 4640.45
threshold=191.01635350000001 76.423149597557384 21.962500000000002 255.20086750000004 95.718381665912645 193.37852400000003 54.625000000000007 54.375000000000007 31.062500000000004 277.75656700000008 104.00661095731722 21.262500000000003 3.5000000000000004 23.424218750000005
decision_type=2 2 2 2 2 2 2 2 2 2 2 2 2 2
left_child=1 4 -3 8 5 -1 -6 -8 9 10 11 -2 13 -12
right_child=3 2 -4 -5 6 -7 7 -9 -10 -11 12 -13 -14 -15
leaf_value=-0.076112676424212794 0.095439902354541889 -0.010687373470176351 0.62122058918568923 -0.34623353802301787 -0.28879596943205055 0.044709815470093076 0.56747806072235107 0.087608883436012086 -0.28664632694933306 0.2140275932094392 -0.29276937150458493 0.32773824195970447 -0.42479170444302072 0.2371180041356559
leaf_weight=6381 1456 54 56 46 54 694 43 368 43 992 74 332 116 91
leaf_count=6381 1456 54 56 46 54 694 43 368 43 992 74 332 116 91
internal_value=0.000328692 -0.0494632 0.31371 0.121229 -0.0548024 -0.0642563 0.088869 0.13907 0.128266 0.134186 0.0958209 0.138733 -0.17675 -0.000860521
internal_weight=10800 7650 110 3150 7540 7075 465 411 3104 3061 2069 1788 281 165
internal_count=10800 7650 110 3150 7540 7075 465 411 3104 3061 2069 1788 281 165
is_linear=0
shrinkage=0.05


Tree=81
num_leaves=15
num_cat=0
split_feature=65 17 31 9 53 65 21 25 41 25 25 47 32 8
split_gain=23470.6 5370.23 4007.1 3781.65 3747.96 3975.64 3701.66 3518.11 4481.99 6746.04 6934.04 4294.63 4146.95 3471.83
threshold=191.01635350000001 76.423149597557384 21.962500000000002 203.33791900000003 0.32143946530316164 259.33671700000008 95.718381665912645 116.47412627920416 81.875000000000014 105.3195466553865 104.10919296887657 78.065104166666671 21.387500000000003 264.65405750000008
decision_type=2 2 2 2 2 2 2 2 2 2 2 2 2 2
left_child=1 6 -3 4 7 -6 -1 8 9 10 11 -2 -10 -8
right_child=3 2 -4 -5 5 -7 13 -9 12 -11 -12 -13 -14 -15
leaf_value=-0.061043735454036657 0.24422498918830643 -0.010162721791050652 0.5907044976426844 -0.11023897815347566 0.019562429249529195 0.17234081006278601 0.18986751366476851 -0.26030622015639054 0.2019824618962518 0.088707992741290265 1.0548334998389086 0.80100393258440106 -0.079818713709891576 -0.091889781750738628
leaf_weight=7075 147 54 56 175 1045 718 291 40 616 152 47 45 165 174
leaf_count=7075 147 54 56 175 1045 718 291 40 616 152 47 45 165 174
internal_value=0.000314429 -0.0469839 0.298299 0.11516 0.128452 0.0818454 -0.0520601 0.196122 0.211909 0.349989 0.515098 0.378194 0.142421 0.0844648
internal_weight=10800 7650 110 3150 2975 1763 7540 1212 1172 391 239 192 781 465
internal_count=10800 7650 110 3150 2975 1763 7540 1212 1172 391 239 192 781 465
is_linear=0
shrinkage=0.05


Tree=82
num_leaves=15
num_cat=0
split_feature=65 36 46 43 34 57 24 47 22 24 22 64 37 32
split_gain=21375 6600.08 6517.98 5210.63 6036.64 4638.67 10099.2 8662.01 5794.98 4322.69 4315.59 5493.77 4183.21 3918.85
threshold=87.445244000000017 18.395963541666671 92.843750000000014 74.625000000000014 24.739583333333336 3.5000000000000004 277.22543400000006 69.101562500000014 131.20599068750002 296.45735250000007 148.4124377447917 272.19199400000008 54.875000000000007 21.962500000000002
decision_type=2 2 2 2 2 2 2 2 2 2 2 2 2 2
left_child=-1 2 -2 12 5 10 8 -8 -7 13 11 -5 -3 -9
right_child=1 3 -4 4 -6 6 7 9 -10 -11 -12 -13 -14 -15
leaf_value=-0.06535942917455681 -0.38696153782468912 0.27561520084621399 0.31233101073144515 0.13613700690726735 0.51410406702693467 0.01881370292421123 0.71802369578490177 0.12862236697692425 -0.34693728796102935 0.49714133807881311 -0.13989742760394894 0.42885879121257819 -0.026029830039661639 -0.24393353035906329
leaf_weight=5770 138 126 43 2235 93 217 62 239 215 54 128 172 1209 99
leaf_count=5770 138 126 43 2235 93 217 62 239 215 54 128 172 1209 99
internal_value=0.000311437 0.0756416 -0.220028 0.0867213 0.11866 0.107763 0.00926405 0.173746 -0.163596 0.0860529 0.142172 0.157224 0.00262503 0.0191033
internal_weight=10800 5030 181 4849 3514 3421 886 454 432 392 2535 2407 1335 338
internal_count=10800 5030 181 4849 3514 3421 886 454 432 392 2535 2407 1335 338
is_linear=0
shrinkage=0.05


Tree=83
num_leaves=15
num_cat=0
split_feature=65 30 65 43 37 36 32 26 0 45 60 42 51 40
split_gain=19296.5 5989.18 5166.02 4213.49 4584.41 3522.13 4825.71 4991.12 4274.82 3764.14 3636.05 5902.86 5325.83 3769.91
threshold=87.445244000000017 16.862500000000004 261.5324245000001 52.875000000000007 51.875000000000007 25.710807291666665 23.062500000000004 25.012500000000003 265.71171600000008 73.614583333333357 -0.58216583101416164 74.125000000000014 2.5000000000000004 83.125000000000014
decision_type=2 2 2 2 2 2 2 2 2 2 2 2 2 2
left_child=-1 -2 3 -3 -5 6 7 10 -8 -7 11 -6 13 -13
right_child=1 2 -4 4 5 9 8 -9 -10 -11 -12 12 -14 -15
leaf_value=-0.062092022315092782 -0.317285008590246 -0.27018010304868223 0.1683078870974572 0.51193273977799858 0.42397647076408917 0.012444409522988382 -0.14758769831262361 0.54957081214436954 0.14732158751663521 0.40605135582280244 0.01511142216005735 0.051372961424883234 0.17485954347121258 -0.34467312259972099
leaf_weight=5770 96 99 1229 54 151 108 530 52 159 138 1655 150 510 99
leaf_count=5770 96 99 1229 54 151 108 530 52 159 138 1655 150 510 99
internal_value=0.000304293 0.0718783 0.0795129 0.050021 0.0588843 0.0518546 0.0382346 0.0692282 -0.0794168 0.233998 0.0592799 0.139503 0.0824253 -0.10684
internal_weight=10800 5030 4934 3705 3606 3552 3306 2617 689 246 2565 910 759 249
internal_count=10800 5030 4934 3705 3606 3552 3306 2617 689 246 2565 910 759 249
is_linear=0
shrinkage=0.05


Tree=84
num_leaves=15
num_cat=0
split_feature=65 17 31 8 64 22 24 30 55 29 28 47 34 34
split_gain=17449.8 4552.74 3473.42 3388.32 3182.63 3094.93 4585.71 5384.4 3088.3 3228.01 2836.03 2740.88 5269.03 3131.63
threshold=191.01635350000001 76.423149597557384 21.962500000000002 255.20086750000004 102.81548550000001 136.48103394270836 302.68069650000001 23.962500000000002 -0.56174490092936669 18.762500000000003 21.112500000000004 85.757812500000014 17.001041666666669 17.462500000000002
decision_type=2 2 2 2 2 2 2 2 2 2 2 2 2 2
left_child=1 4 -3 11 -1 8 -7 -8 10 -10 -6 12 -2 -14
right_child=3 2 -4 -5 5 6 7 -9 9 -11 -12 -13 13 -15
leaf_value=-0.064331986054068077 -0.27050072783114099 -0.0097550394318320546 0.54966518967820888 -0.32231354795871897 -0.45210050716087591 0.1331895252231908 -0.44344757178538963 0.25823711334239868 0.20129791723710358 -0.048925004396197666 -0.037021478992842492 0.33615821091338033 0.44875137740463922 0.10007269940151974
leaf_weight=5592 94 54 56 46 81 696 78 41 152 817 83 123 65 2822
leaf_count=5592 94 54 56 46 81 696 78 41 152 817 83 123 65 2822
internal_value=0.000295186 -0.0404878 0.277427 0.0993209 -0.0451619 0.00987305 0.0841259 -0.201553 -0.0435662 -0.00950729 -0.243528 0.105671 0.0960514 0.108076
internal_weight=10800 7650 110 3150 7540 1948 815 119 1133 969 164 3104 2981 2887
internal_count=10800 7650 110 3150 7540 1948 815 119 1133 969 164 3104 2981 2887
is_linear=0
shrinkage=0.05


Tree=85
num_leaves=15
num_cat=0
split_feature=48 49 24 24 47 25 51 34 36 22 46 51 48 35
split_gain=15935 4517.07 8287.22 7956.24 7323.83 8410.53 5485.6 6672.42 6143.97 5948.79 7491.9 9570.37 8781.43 4870.04
threshold=9.8750000000000018 3.5000000000000004 274.65417650000006 273.12119300000006 69.101562500000014 107.86359787652296 2.5000000000000004 19.917708333333337 22.750520833333336 143.60332484375002 82.807291666666671 1.5000000000000002 5.3750000000000009 20.861979166666671
decision_type=2 2 2 2 2 2 2 2 2 2 2 2 2 2
left_child=1 6 3 -3 5 -4 7 -1 -8 10 11 -9 -13 -12
right_child=-2 2 4 -5 -6 -7 8 9 -10 -11 13 12 -14 -15
leaf_value=-0.31443039717728172 -0.051240324325285129 -0.027368752129942404 0.71378219372758245 -0.53939572322515794 0.046933493680298609 0.061097488095683439 0.11791764482637231 0.022581934922167826 0.35224017158756893 -0.10283758944751305 -0.28479940098288481 0.26289996042953317 0.90319148430770102 0.12365039631666751
leaf_weight=122 6280 1200 106 80 442 92 1060 179 380 323 116 140 87 193
leaf_count=122 6280 1200 106 80 442 92 1060 179 380 323 116 140 87 193
internal_value=0.000282182 0.071862 0.0136842 -0.0597665 0.16045 0.412346 0.114802 0.0338388 0.179954 0.0750354 0.155421 0.29635 0.511183 -0.0301076
internal_weight=10800 4520 1920 1280 640 198 2600 1160 1440 1038 715 406 227 309
internal_count=10800 4520 1920 1280 640 198 2600 1160 1440 1038 715 406 227 309
is_linear=0
shrinkage=0.05


Tree=86
num_leaves=15
num_cat=0
split_feature=65 36 46 43 47 22 34 47 36 47 22 22 22 36
split_gain=14610.8 5328.58 4748.56 4077.17 3625.71 7445.13 7295.78 9666.31 6431.45 6304.12 8488.87 6054.21 5378.19 5256.41
threshold=85.353944000000013 18.666666666666668 92.843750000000014 70.875000000000014 77.319010416666671 117.52774970833336 19.960416666666671 82.251302083333357 23.063020833333336 75.553385416666671 125.64656252604168 139.88877832291669 123.479334484375 21.497656250000002
decision_type=2 2 2 2 2 2 2 2 2 2 2 2 2 2
left_child=-1 2 -2 -3 9 8 12 11 -6 -5 -11 13 -7 -8
right_child=1 3 -4 4 5 6 7 -9 -10 10 -12 -13 -14 -15
leaf_value=-0.054466594803150761 -0.31078586603737685 -0.019857211376232514 0.27542262178930371 0.094447698567877464 0.16389019126393672 0.071737379272778831 0.22931576047825347 0.50254054897654377 0.80991486378691424 -0.13562386128005019 0.41001621278924 0.21572216308010478 -0.29337924194920267 -0.15777525074003884
leaf_weight=5726 162 958 43 1726 318 149 108 112 43 88 365 244 309 449
leaf_count=5726 162 958 43 1726 318 149 108 112 43 88 365 244 309 449
internal_value=0.000274018 0.0620473 -0.187085 0.0725728 0.0952128 0.0411805 -0.0120637 0.0696232 0.242865 0.138122 0.303955 0.00853926 -0.174699 -0.0824434
internal_weight=10800 5074 205 4869 3911 1732 1371 913 361 2179 453 801 458 557
internal_count=10800 5074 205 4869 3911 1732 1371 913 361 2179 453 801 458 557
is_linear=0
shrinkage=0.05


Tree=87
num_leaves=15
num_cat=0
split_feature=48 49 24 24 47 25 51 34 36 22 46 51 48 65
split_gain=13372.4 3738.69 7097.45 7098.57 6719.21 7572.97 4956.98 5712.09 5324.95 5296.69 6661.89 9665.01 8371.26 6202.07
threshold=9.8750000000000018 3.5000000000000004 274.65417650000006 273.12119300000006 69.101562500000014 107.86359787652296 2.5000000000000004 19.917708333333337 22.750520833333336 143.52257702604172 83.005208333333357 1.5000000000000002 5.6250000000000009 255.65984850000004
decision_type=2 2 2 2 2 2 2 2 2 2 2 2 2 2
left_child=1 6 3 -3 5 -4 7 -1 -8 10 11 -9 -13 -12
right_child=-2 2 4 -5 -6 -7 8 9 -10 -11 13 12 -14 -15
leaf_value=-0.29428103904985647 -0.046929597611760146 -0.024461427155097359 0.67603834336884672 -0.50810163138825215 0.040017150123403927 0.056720171051640671 0.10908628672736186 0.0044813356045985001 0.32723044157639303 -0.10101618364205488 -0.40696169061307935 0.23982487939065322 0.83735617056806044 0.11482972272925757
leaf_weight=122 6280 1200 106 80 442 92 1060 211 380 325 86 159 93 164
leaf_count=122 6280 1200 106 80 442 92 1060 211 380 325 86 159 93 164
internal_value=0.000268652 0.0658409 0.0129122 -0.055062 0.148734 0.390005 0.104907 0.0279474 0.166839 0.0660669 0.142262 0.254383 0.46278 -0.0655728
internal_weight=10800 4520 1920 1280 640 198 2600 1160 1440 1038 713 463 252 250
internal_count=10800 4520 1920 1280 640 198 2600 1160 1440 1038 713 463 252 250
is_linear=0
shrinkage=0.05


Tree=88
num_leaves=15
num_cat=0
split_feature=65 36 46 43 36 25 22 24 25 53 25 57 24 47
split_gain=12206.5 4853.09 4738.15 3703.04 3700.08 6035.62 6006.38 4999.11 4814.17 4482.64 4420.13 5339.08 7309.43 7435.78
threshold=85.353944000000013 18.395963541666671 92.843750000000014 54.625000000000007 25.173697916666672 110.83558801624868 143.30230728645839 283.46498150000008 108.0147368726637 0.83146961230254501 110.25738953028021 3.5000000000000004 284.15934500000009 69.212239583333357
decision_type=2 2 2 2 2 2 2 2 2 2 2 2 2 2
left_child=-1 2 -2 -3 5 10 -6 -8 -9 -7 11 -5 -13 -14
right_child=1 3 -4 4 6 9 7 8 -10 -11 -12 12 13 -15
leaf_value=-0.049774452215902959 -0.33914290590734364 -0.17685839183334459 0.25716599097306075 0.096169164748121538 0.46279420193950865 -0.39599744143178234 -0.13362066047024224 0.54642281232424728 0.094386910496186041 0.1715681917794353 0.40837287716369364 -0.12032423415322779 0.71936566245097389 0.056741708342957754
leaf_weight=5726 138 151 43 2866 150 121 153 80 218 48 93 733 51 229
leaf_count=5726 138 151 43 2866 150 121 153 80 218 48 93 733 51 229
internal_value=0.000259959 0.0567224 -0.196844 0.0661405 0.073914 0.0570591 0.18976 0.098127 0.21716 -0.234734 0.0695302 0.0613033 -0.0373377 0.179564
internal_weight=10800 5074 181 4893 4742 4141 601 451 298 169 3972 3879 1013 280
internal_count=10800 5074 181 4893 4742 4141 601 451 298 169 3972 3879 1013 280
is_linear=0
shrinkage=0.05


Tree=89
num_leaves=15
num_cat=0
split_feature=52 49 24 24 47 25 51 30 34 47 22 47 36 22
split_gain=11361.4 4292.95 5646.27 7103.22 5498.04 7453.66 5314.1 5852.36 5469.25 5110.78 7088.85 6253.16 5493.22 4969.42
threshold=0.097964660725097366 3.5000000000000004 274.65417650000006 273.12119300000006 69.101562500000014 107.86359787652296 2.5000000000000004 16.862500000000004 19.917708333333337 77.319010416666671 125.64656252604168 75.100260416666671 22.514973958333339 143.52257702604172
decision_type=2 2 2 2 2 2 2 2 2 2 2 2 2 2
left_child=-1 6 3 -3 5 -4 8 -8 -2 10 12 -12 -9 -10
right_child=1 2 4 -5 -6 -7 7 9 13 -11 11 -13 -14 -15
leaf_value=-0.048115574462772592 -0.29557016541361808 -0.027163533961726456 0.57356603449049193 -0.48358949861683692 0.019933604038032897 0.0056045905895809704 -0.25485375107950475 -0.3045631154473214 0.12104197622726792 0.087780541776282001 0.19472285133240164 0.51710156501400095 0.33330574051610062 -0.10034913706337607
leaf_weight=5715 124 1350 126 90 488 106 82 84 814 791 328 280 55 367
leaf_count=5715 124 1350 126 90 488 106 82 84 814 791 328 280 55 367
internal_value=0.000254357 0.0546158 0.00115018 -0.056006 0.115382 0.315204 0.0940842 0.154544 0.0189697 0.176523 0.270249 0.343792 -0.051591 0.0522172
internal_weight=10800 5085 2160 1440 720 232 2925 1620 1305 1538 747 608 139 1181
internal_count=10800 5085 2160 1440 720 232 2925 1620 1305 1538 747 608 139 1181
is_linear=0
shrinkage=0.05


Tree=90
num_leaves=15
num_cat=0
split_feature=48 65 64 7 17 47 17 21 8 26 0 64 51 65
split_gain=10446.6 3098.34 3137.05 3185.45 3164.47 2843.17 2978 2524.89 2835.6 2908.54 2890.63 2440.78 2400.47 2246.76
threshold=9.6250000000000018 262.22140250000007 265.84829400000007 285.25181400000002 1.1809109315730381e-05 85.757812500000014 2.0018641137551049e-06 95.718381665912645 264.65405750000008 25.012500000000003 277.21077400000007 202.88842150000002 2.5000000000000004 122.25693200000002
decision_type=2 2 2 2 2 2 2 2 2 2 2 2 2 2
left_child=1 2 3 -1 -4 6 -3 11 9 12 -11 -2 -9 -10
right_child=7 5 4 -5 -6 -7 -8 8 13 10 -12 -13 -14 -15
leaf_value=0.019999397655997102 -0.052641115571664593 0.17026696873110495 0.066451985536523539 -0.39097265762587391 0.34671021738442881 0.51321316737195721 0.0031218141744413026 -0.23980390103212718 0.068961597546603123 0.47213633986982972 -0.029369929323836072 0.27337860341729792 0.16528050599224642 -0.28852527574994247
leaf_weight=2666 5864 764 332 47 144 45 409 57 100 100 40 57 98 77
leaf_count=2666 5864 764 332 47 144 45 409 57 100 100 40 57 98 77
internal_value=0.000243208 0.0594635 0.0335339 0.0127383 0.151785 0.12727 0.112039 -0.0405831 0.0706044 0.165323 0.329657 -0.049457 0.0157317 -0.0873025
internal_weight=10800 4407 3189 2713 476 1218 1173 6393 472 295 140 5921 155 177
internal_count=10800 4407 3189 2713 476 1218 1173 6393 472 295 140 5921 155 177
is_linear=0
shrinkage=0.05


Tree=91
num_leaves=15
num_cat=0
split_feature=48 24 25 24 64 49 35 36 31 22 47 47 46 48
split_gain=9429.12 2877.86 5468 4231.17 3661.21 3250.45 4011.84 5429.14 4785.21 4266.95 7916.81 7685.02 4330.2 3504.23
threshold=9.6250000000000018 274.65417650000006 103.78186874622266 300.20324800000009 231.61522200000005 2.5000000000000004 21.369270833333339 22.152604166666674 22.862500000000004 125.64656252604168 77.506510416666671 78.173177083333357 82.703125000000014 2.1250000000000004
decision_type=2 2 2 2 2 2 2 2 2 2 2 2 2 2
left_child=1 2 5 -3 -5 6 7 9 -8 11 13 -1 -12 -11
right_child=-2 3 -4 4 -6 -7 8 -9 -10 10 12 -13 -14 -15
leaf_value=-0.33917075936731544 -0.038551050669630604 0.16050565100439257 -0.154200091705054 -0.48886085518613637 0.018397510430651673 -0.00046198657005922596 0.67471759415279009 -0.16228327030674533 0.17078877198335973 0.044689423425330055 0.29241879127541748 0.13951566671344456 -0.220443652887993 0.54609864202507763
leaf_weight=113 6393 1096 357 41 232 1359 58 212 240 44 68 316 101 170
leaf_count=113 6393 1096 357 41 232 1359 58 212 240 44 68 316 101 170
internal_value=0.00023613 0.0564986 0.0293573 0.116664 -0.0592903 0.053848 0.109636 0.0625173 0.270797 0.121336 0.24241 0.0129326 -0.0135786 0.443693
internal_weight=10800 4407 3038 1369 273 2681 1322 1024 298 812 383 429 169 214
internal_count=10800 4407 3038 1369 273 2681 1322 1024 298 812 383 429 169 214
is_linear=0
shrinkage=0.05


Tree=92
num_leaves=15
num_cat=0
split_feature=65 36 46 36 57 24 47 25 51 47 47 51 34 22
split_gain=8624.91 4048.13 3453.28 3079.84 3211.49 11758.7 7504.64 7941.28 6003.65 6480.9 6445.66 5173.13 4749.28 5386.16
threshold=85.353944000000013 18.666666666666668 92.843750000000014 19.066145833333337 3.5000000000000004 278.91518350000007 69.101562500000014 107.86359787652296 2.5000000000000004 77.319010416666671 82.084635416666671 2.5000000000000004 19.917708333333337 145.83517119791671
decision_type=2 2 2 2 2 2 2 2 2 2 2 2 2 2
left_child=-1 2 -2 -3 8 11 7 -7 12 -10 -11 -6 -5 -14
right_child=1 3 -4 4 5 6 -8 -9 9 10 -12 -13 13 -15
leaf_value=-0.041830807168577247 -0.27491011428046813 0.40149044874124229 0.22508841169659388 -0.2652089798090787 -0.066045227788352215 0.78440248420155501 0.030707950275719816 0.10304130049716485 0.2318310579331492 -0.070857711253068043 0.19579784100968392 -0.36899658532908047 0.083729573841977989 -0.1425054460694842
leaf_weight=5726 162 63 43 144 407 78 481 94 931 522 399 215 1199 336
leaf_count=5726 162 63 43 144 407 78 481 94 931 522 399 215 1199 336
internal_value=0.000227302 0.0476887 -0.169449 0.0568638 0.0522636 -0.0157459 0.132352 0.414779 0.0768185 0.138871 0.0447511 -0.171187 0.00833086 0.0341479
internal_weight=10800 5074 205 4869 4806 1275 653 172 3531 1852 921 622 1679 1535
internal_count=10800 5074 205 4869 4806 1275 653 172 3531 1852 921 622 1679 1535
is_linear=0
shrinkage=0.05


Tree=93
num_leaves=15
num_cat=0
split_feature=48 65 64 7 17 47 17 21 37 51 8 64 43 26
split_gain=8039.58 2726.87 2693.62 2813.61 2726 2448.94 2468.22 2080.56 2613.56 3241.74 3127.91 2157.32 2017.39 1777.03
threshold=9.6250000000000018 262.22140250000007 265.84829400000007 285.25181400000002 1.1809109315730381e-05 85.757812500000014 2.0018641137551049e-06 95.718381665912645 54.375000000000007 3.5000000000000004 264.65405750000008 203.85721250000003 84.375000000000014 24.637500000000003
decision_type=2 2 2 2 2 2 2 2 2 2 2 2 2 2
left_child=1 2 3 -1 -4 6 -3 11 -9 10 13 -2 -6 -10
right_child=7 5 4 -5 12 -7 -8 8 9 -11 -12 -13 -14 -15
leaf_value=0.015404138233278065 -0.046592285013493349 0.1546597570382984 0.058234105206950493 -0.37083562488357225 0.1659359299483594 0.47395621154295364 0.0024926444960803522 0.38606944254466469 -0.086579298724730816 0.31526756152123603 -0.24313275209963325 0.26527684362871307 0.55070441849856522 0.19975568285832804
leaf_weight=2666 5866 764 332 47 88 45 409 55 98 76 124 55 56 119
leaf_count=2666 5866 764 332 47 88 45 409 55 98 76 124 55 56 119
internal_value=0.000219759 0.0521715 0.0278474 0.00857875 0.137422 0.115782 0.10165 -0.0355956 0.0653345 0.0222089 -0.043837 -0.043651 0.318334 0.0706391
internal_weight=10800 4407 3189 2713 476 1218 1173 6393 472 417 341 5921 144 217
internal_count=10800 4407 3189 2713 476 1218 1173 6393 472 417 341 5921 144 217
is_linear=0
shrinkage=0.05


Tree=94
num_leaves=15
num_cat=0
split_feature=48 65 64 7 61 17 47 40 22 48 49 22 32 64
split_gain=7256.71 2463.05 2564.47 2668.58 2301.3 2291.83 2166.79 1952.91 3519.91 5175.57 2432.42 2428.86 2638.22 2858.48
threshold=9.6250000000000018 261.5324245000001 265.84829400000007 284.01228000000009 -0.9733555533461492 1.1809109315730381e-05 85.757812500000014 82.875000000000014 136.82405300000002 5.6250000000000009 3.5000000000000004 141.27762205208333 19.237500000000004 248.40562600000001
decision_type=2 2 2 2 2 2 2 2 2 2 2 2 2 2
left_child=1 2 3 -1 -3 -4 7 8 9 -6 11 12 13 -9
right_child=-2 4 5 -5 6 -7 -8 10 -10 -11 -12 -13 -14 -15
leaf_value=0.014342977939761543 -0.033809632108145367 0.28528307397265612 0.059692284622377606 -0.33756031459028074 0.10991234990793307 0.30014860425119172 0.43949955116684847 -0.016142659075558185 0.052989856812516715 0.77205166846513751 -0.19675302128222857 0.2838782968558371 -0.078165366106045742 0.3819632418680845
leaf_weight=2630 6393 160 320 54 73 143 40 100 250 49 109 99 299 81
leaf_count=2630 6393 160 320 54 73 143 40 100 250 49 109 99 299 81
internal_value=0.000217291 0.0495748 0.0259063 0.00713987 0.108622 0.134445 0.0826903 0.0688242 0.160956 0.379968 0.0188476 0.0597048 0.012975 0.163135
internal_weight=10800 4407 3147 2684 1260 463 1100 1060 372 122 688 579 480 181
internal_count=10800 4407 3147 2684 1260 463 1100 1060 372 122 688 579 480 181
is_linear=0
shrinkage=0.05


Tree=95
num_leaves=15
num_cat=0
split_feature=52 65 24 24 47 51 47 31 51 24 29 47 36 47
split_gain=6687.2 2915.16 3165.48 3966.06 3219.57 3244.33 3408.93 12004.1 2866.84 4948.54 2534.81 2402.08 4442.47 4236.13
threshold=1.0000000180025095e-35 261.5324245000001 300.20324800000009 278.56941200000006 79.027343750000014 3.5000000000000004 69.815104166666671 23.962500000000002 1.5000000000000002 283.25600400000002 23.312500000000004 81.894531250000014 22.678906250000008 77.319010416666671
decision_type=2 2 2 2 2 2 2 2 2 2 2 2 2 2
left_child=-1 2 3 11 5 6 7 -5 -9 -10 -4 13 -13 -2
right_child=1 -3 10 4 -6 -7 -8 8 9 -11 -12 12 -14 -15
leaf_value=-0.039292573304671119 0.033179933260567999 0.10665339009460262 -0.23609278603045622 0.98412990362145192 -0.16470625026109206 0.33803830052046357 -0.035293171787807602 0.26012690992272919 0.37727265334874394 -0.21132737277746202 0.14852009529417212 0.053782981690456172 0.58017156734022979 -0.10303116749664989
leaf_weight=5377 1467 1241 196 42 87 184 268 140 49 124 54 596 42 933
leaf_count=5377 1467 1241 196 42 87 184 268 140 49 124 54 596 42 933
internal_value=0.000215859 0.0393892 0.0194079 0.0303903 0.122896 0.154067 0.0992778 0.200683 0.0927567 -0.043404 -0.152756 0.00313684 0.0892892 -0.019793
internal_weight=10800 5423 4182 3932 894 807 623 355 313 173 250 3038 638 2400
internal_count=10800 5423 4182 3932 894 807 623 355 313 173 250 3038 638 2400
is_linear=0
shrinkage=0.05


Tree=96
num_leaves=15
num_cat=0
split_feature=65 36 24 57 24 26 24 24 24 31 47 22 47 36
split_gain=6150.89 3716.28 3034.35 2825.98 5713.15 5740.16 4965.82 4747.95 5949.74 4622.21 7999.46 4247.1 4137 4078.78
threshold=85.353944000000013 18.666666666666668 207.69808350000002 2.5000000000000004 278.91518350000007 17.925000000000001 300.20324800000009 296.45735250000007 288.22990800000008 25.012500000000003 69.695312500000014 146.95078990625004 85.015625000000014 21.246223958333335
decision_type=2 2 2 2 2 2 2 2 2 2 2 2 2 2
left_child=-1 2 -2 13 5 -5 7 8 9 10 -6 -11 -7 -3
right_child=1 3 -4 4 6 12 -8 -9 -10 11 -12 -13 -14 -15
leaf_value=-0.035302685844092872 0.0046036749292650949 0.19761666194041216 -0.3813590084081111 0.46632880909102303 0.8214263076820072 -0.11425418608924461 -0.13804747639124856 0.42679082048998684 -0.21792523437291386 -0.044237471203458438 0.1493297524113012 0.32332934562902937 0.22036415263826009 0.049894458596198982
leaf_weight=5726 114 611 91 48 62 1089 187 127 124 281 151 108 100 1981
leaf_count=5726 114 611 91 48 62 1089 187 127 124 281 151 108 100 1981
internal_value=0.00021475 0.0402952 -0.167746 0.049087 0.00843783 -0.0641601 0.0947661 0.145907 0.0962521 0.16122 0.347888 0.0583793 -0.0859498 0.0847791
internal_weight=10800 5074 205 4869 2277 1237 1040 853 726 602 213 389 1189 2592
internal_count=10800 5074 205 4869 2277 1237 1040 853 726 602 213 389 1189 2592
is_linear=0
shrinkage=0.05


Tree=97
num_leaves=15
num_cat=0
split_feature=52 49 22 24 24 47 25 36 36 36 36 51 47 46
split_gain=5741.51 2955.56 4014.87 3736.43 5169.59 4968.23 6052.3 3648.83 5665.46 4861.72 7468.51 4548.85 4864.77 3942.54
threshold=0.25881904510252091 3.5000000000000004 148.4124377447917 274.65417650000006 273.12119300000006 69.212239583333357 107.86359787652296 26.521093750000002 23.663020833333334 21.497656250000002 20.71901041666667 3.5000000000000004 79.141927083333357 81.276041666666671
decision_type=2 2 2 2 2 2 2 2 2 2 2 2 2 2
left_child=-1 2 7 4 -3 6 -5 8 9 10 11 -2 -13 -11
right_child=1 3 -4 5 -6 -7 -8 -9 -10 13 -12 12 -14 -15
leaf_value=-0.030714713736858957 0.21125606532184743 -0.027066579801057603 -0.17879827453030483 0.52013786285509911 -0.43980562672202972 -0.0062788580166012256 -0.0064935361006946274 -0.27988339060102591 0.22003203617320391 0.16354872886466273 0.33934835337303321 -0.37754654273824784 0.045213031332328249 -0.086738718459877906
leaf_weight=6280 194 1200 143 122 80 420 98 63 720 204 298 102 200 676
leaf_count=6280 194 1200 143 122 80 420 98 63 720 204 298 102 200 676
internal_value=0.000212014 0.0431783 0.0779122 -0.00387325 -0.053186 0.0946813 0.28658 0.0929197 0.102843 0.0523379 0.141963 0.0229285 -0.0983481 -0.0285978
internal_weight=10800 4520 2600 1920 1280 640 220 2457 2394 1674 794 496 302 880
internal_count=10800 4520 2600 1920 1280 640 220 2457 2394 1674 794 496 302 880
is_linear=0
shrinkage=0.05


Tree=98
num_leaves=15
num_cat=0
split_feature=5 65 28 54 31 32 24 25 25 47 46 47 22 35
split_gain=5302.14 3089.82 2639.23 2716.98 2081.07 3785.75 3608.42 5524.54 4301.9 3765.66 3563.3 5265.66 8294.08 5741.89
threshold=24.000000000000004 42.523274000000008 24.087500000000002 1.0000000180025095e-35 30.012500000000003 22.862500000000004 274.65417650000006 103.78186874622266 110.55984742745123 81.811197916666671 82.171875000000014 77.319010416666671 125.64656252604168 21.369270833333339
decision_type=2 2 2 2 2 2 2 2 2 2 2 2 2 2
left_child=1 -1 4 -4 6 -6 7 9 -8 10 -3 12 13 -12
right_child=-2 2 3 -5 5 -7 8 -9 -10 -11 11 -13 -14 -15
leaf_value=-0.028575798778181734 -0.030594156428863341 0.14383824411513965 0.59987044930458067 0.04255586157574557 -0.2434173493672506 0.21329679316215555 0.19202269736816993 -0.1666507370005183 -0.11208349073233824 0.20995545650555827 -0.21569269094420518 -0.13531593547071652 0.28205273380007245 0.26959982142136324
leaf_weight=1216 6092 481 45 42 140 66 813 301 135 356 237 518 277 81
leaf_count=1216 6092 481 45 42 140 66 813 301 135 356 237 518 277 81
internal_value=0.000201721 0.0400486 0.0639467 0.334363 0.0569412 -0.0967679 0.0668665 0.0323755 0.148644 0.0631667 0.0302721 -0.0188923 0.0825218 -0.0916228
internal_weight=10800 4708 3492 87 3405 206 3199 2251 948 1950 1594 1113 595 318
internal_count=10800 4708 3492 87 3405 206 3199 2251 948 1950 1594 1113 595 318
is_linear=0
shrinkage=0.05


Tree=99
num_leaves=15
num_cat=0
split_feature=48 65 64 7 21 44 65 61 64 47 40 42 32 32
split_gain=4829.33 1831.89 1953.74 2221.35 1961.76 2224.97 1962.94 1902.98 1824.49 1692.31 1619.66 2732.4 2707.72 1873.44
threshold=9.3750000000000018 262.22140250000007 265.84829400000007 285.25181400000002 1.4088495625161608e-05 74.843750000000014 232.07051700000002 -0.9733555533461492 202.88842150000002 83.795572916666671 82.875000000000014 69.875000000000014 21.062500000000004 19.237500000000004
decision_type=2 2 2 2 2 2 2 2 2 2 2 2 2 2
left_child=1 2 3 -1 -4 -6 -7 -3 -2 10 11 -9 -13 -12
right_child=8 7 4 -5 5 6 -8 9 -10 -11 13 12 -14 -15
leaf_value=0.010047537141022642 -0.029933234974579462 0.25758946292803853 0.016701698491722344 -0.33327447902411222 -0.0077245505979737714 0.58977990101794808 0.20354961458175819 0.041821248960231656 0.20887685076414067 0.37678362755754663 0.14233041756781581 0.1645930361275266 0.66630890863697712 -0.04212995852686921
leaf_weight=2553 6426 153 249 47 73 48 106 231 80 42 192 81 40 479
leaf_count=2553 6426 153 249 47 73 48 106 231 80 42 192 81 40 479
internal_value=0.000196359 0.0413464 0.0207823 0.00371558 0.1138 0.219769 0.326961 0.0932204 -0.0269651 0.0693873 0.0564113 0.14311 0.334552 0.0107848
internal_weight=10800 4294 3076 2600 476 227 154 1218 6506 1065 1023 352 121 671
internal_count=10800 4294 3076 2600 476 227 154 1218 6506 1065 1023 352 121 671
is_linear=0
shrinkage=0.05


Tree=100
num_leaves=15
num_cat=0
split_feature=52 30 49 51 34 47 22 47 36 22 47 41 26 25
split_gain=4422.04 2407.78 2679.48 5294.18 3806.62 3701.65 4973.39 5318.95 4029.8 3700.8 8554.01 5438.57 3858.87 3768.09
threshold=1.0000000180025095e-35 16.025000000000002 3.5000000000000004 2.5000000000000004 19.917708333333337 77.319010416666671 125.64656252604168 75.628906250000014 22.514973958333339 143.52257702604172 66.623697916666686 77.875000000000014 24.087500000000002 99.107873749544453
decision_type=2 2 2 2 2 2 2 2 2 2 2 2 2 2
left_child=-1 -2 3 4 -3 6 8 -8 -5 10 -6 12 -11 -12
right_child=1 2 -4 5 9 -7 7 -9 -10 11 13 -13 -14 -15
leaf_value=-0.031930633669015322 -0.24742995882897001 -0.26611810840490296 -0.0047413102992140931 -0.2594353211903444 0.57099859523121266 0.05488510616297148 0.14712746689860254 0.43985217504561525 0.26622088422377904 -0.1432358965457928 0.12753980459876085 0.12787895742558728 -0.61824411707265048 -0.090709672105827921
leaf_weight=5377 75 126 2299 92 79 858 389 259 59 185 435 151 55 361
leaf_count=5377 75 126 2299 92 79 858 389 259 59 185 435 151 55 361
internal_value=0.000197029 0.0320522 0.0360171 0.0667412 -0.00514903 0.127101 0.204484 0.264624 -0.0536463 0.0210137 0.0781397 -0.106699 -0.254206 0.0285702
internal_weight=10800 5423 5348 3049 1392 1657 799 648 151 1266 875 391 240 796
internal_count=10800 5423 5348 3049 1392 1657 799 648 151 1266 875 391 240 796
is_linear=0
shrinkage=0.05


Tree=101
num_leaves=15
num_cat=0
split_feature=65 64 61 47 17 43 47 47 57 47 8 21 51 25
split_gain=4100.15 2920.31 1848.09 1648.67 1628.43 3082.86 2526.53 3056.37 2550.68 2153.12 1992.73 1624.25 2033.92 2234.87
threshold=261.5324245000001 264.27020500000009 -0.9733555533461492 85.757812500000014 40.056471688961274 82.125000000000014 74.028645833333357 75.553385416666671 1.5000000000000002 76.537760416666671 227.55406500000001 1.4088495625161608e-05 3.5000000000000004 105.14883836263762
decision_type=2 2 2 2 2 2 2 2 2 2 2 2 2 2
left_child=1 4 -2 -4 -1 6 8 -8 -6 10 -9 -3 13 -13
right_child=2 11 3 -5 5 -7 7 9 -10 -11 -12 12 -14 -15
leaf_value=-0.026510390334249304 0.24320528248891882 0.018268533348820584 0.049614727631883661 0.37289408038302169 0.27634835853197864 0.15597822439227557 -0.36140837510536006 -0.071861357532623335 0.0054709183540800387 -0.10665477352933242 0.41162782447710122 0.42786557677449011 0.52012948204831388 0.040751973813093166
leaf_weight=7667 160 257 1060 40 106 369 90 40 463 259 44 48 40 157
leaf_count=7667 160 257 1060 40 106 369 90 40 463 259 44 48 40 157
internal_value=0.000187513 -0.0110115 0.0849214 0.0616983 -0.0175355 0.0326372 -0.012895 -0.103782 0.0563294 -0.0353294 0.183258 0.106248 0.198088 0.13303
internal_weight=10800 9540 1260 1100 9038 1371 1002 433 569 343 84 502 245 205
internal_count=10800 9540 1260 1100 9038 1371 1002 433 569 343 84 502 245 205
is_linear=0
shrinkage=0.05


Tree=102
num_leaves=15
num_cat=0
split_feature=5 65 26 31 32 36 36 24 25 47 36 47 36 47
split_gain=3805.24 2295.99 2439.41 2007.27 3284.77 3132.27 3861.26 3696.53 6867.67 4024.55 3368.61 3238.08 3362.07 9854.07
threshold=24.000000000000004 42.523274000000008 25.137500000000003 30.012500000000003 22.862500000000004 25.173697916666672 24.415364583333336 274.28284400000007 103.78186874622266 69.101562500000014 24.179687500000004 81.811197916666671 23.063020833333336 75.294270833333357
decision_type=2 2 2 2 2 2 2 2 2 2 2 2 2 2
left_child=1 -1 3 5 -5 6 7 8 11 -9 -11 12 -3 -14
right_child=-2 2 -4 4 -6 -7 -8 9 -10 10 -12 -13 13 -15
leaf_value=-0.02521157779309198 -0.025901832842497252 -0.0096104137364029889 0.42037385036547986 -0.23429859862759198 0.18102835425188846 0.21911560109687234 -0.15867568136703583 0.51357141894428693 -0.25333013257967912 0.08488593762358107 0.53073467597689328 0.19251549608368917 0.033365562763276763 0.78213453997265214
leaf_weight=1216 6092 1249 44 144 70 280 216 72 196 547 45 356 219 54
leaf_count=1216 6092 1249 44 144 70 280 216 72 196 547 45 356 219 54
internal_value=0.000187191 0.0339439 0.0545446 0.0497557 -0.0982339 0.0595758 0.0443845 0.0604559 0.0275503 0.163041 0.119614 0.0569839 0.0251772 0.183788
internal_weight=10800 4708 3492 3448 214 3234 2954 2738 2074 664 592 1878 1522 273
internal_count=10800 4708 3492 3448 214 3234 2954 2738 2074 664 592 1878 1522 273
is_linear=0
shrinkage=0.05


Tree=103
num_leaves=15
num_cat=0
split_feature=65 64 17 24 24 22 25 43 32 21 25 37 47 43
split_gain=3506.26 2555.19 1718.21 1886.33 2669.1 2005.86 1799.41 2288.74 1534.68 1518.89 1802.61 1789.52 1381.68 1453.1
threshold=261.5324245000001 265.84829400000007 2.0018641137551049e-06 263.86678650000005 273.57706450000006 127.28854346354167 104.33527907377577 83.875000000000014 21.662500000000005 1.4088495625161608e-05 105.14883836263762 76.875000000000014 79.027343750000014 86.875000000000014
decision_type=2 2 2 2 2 2 2 2 2 2 2 2 2 2
left_child=1 -1 3 5 -5 8 7 -6 -2 -3 -11 -12 13 -8
right_child=2 9 -4 4 6 -7 12 -9 -10 10 11 -13 -14 -15
leaf_value=-0.016016536212199665 0.082384370106753702 0.017558148089765645 0.00046170238491813874 -0.11023315674306562 0.56883962390323484 0.50448428911241627 -0.038258204365326981 0.11285565441557721 0.41957587686536668 0.4634214366208762 -0.085061537316351229 0.24594384708131353 0.32153010219335559 0.24430533629226484
leaf_weight=9077 148 242 452 148 47 54 198 66 43 49 65 107 46 58
leaf_count=9077 148 242 452 148 47 54 198 66 43 49 65 107 46 58
internal_value=0.000188251 -0.010168 0.0785455 0.122171 0.0715486 0.237737 0.136486 0.305839 0.160087 0.104279 0.198734 0.121086 0.0723186 0.0264616
internal_weight=10800 9540 1260 808 563 245 415 113 191 463 221 172 302 256
internal_count=10800 9540 1260 808 563 245 415 113 191 463 221 172 302 256
is_linear=0
shrinkage=0.05


Tree=104
num_leaves=15
num_cat=0
split_feature=52 30 49 51 44 22 47 9 41 48 26 65 47 22
split_gain=3272.15 2086.32 2096.33 4713.72 3504.75 3867.24 6818.22 5788.65 4862.28 4022.6 3479.29 3307.27 3195.18 4414.54
threshold=1.0000000180025095e-35 16.025000000000002 3.5000000000000004 2.5000000000000004 83.031250000000014 143.52257702604172 72.183593750000014 196.22379650000002 77.875000000000014 5.8750000000000009 24.087500000000002 253.37260750000004 77.319010416666671 125.64656252604168
decision_type=2 2 2 2 2 2 2 2 2 2 2 2 2 2
left_child=-1 -2 3 4 5 6 9 -8 10 -3 -7 -6 13 -5
right_child=1 2 -4 12 11 8 7 -9 -10 -11 -12 -13 -14 -15
leaf_value=-0.027445107338360471 -0.23256009195588137 0.12397918620069202 -0.0047664156791883136 -0.055857304816967573 -0.51344826426999324 -0.13772522994126618 0.13331777769784778 -0.19304127277066119 0.11589328006145815 0.55103142289265705 -0.59181055277585981 -0.077494853229845992 0.048326006308154611 0.24397129347377122
leaf_weight=5377 75 119 2299 151 57 175 323 233 151 103 55 176 858 648
leaf_count=5377 75 119 2299 151 57 175 323 233 151 103 55 176 858 648
internal_value=0.000191484 0.0275937 0.0312848 0.0584608 -0.00937098 0.0262438 0.0901259 -0.00354883 -0.104098 0.323699 -0.248403 -0.185883 0.115416 0.187309
internal_weight=10800 5423 5348 3049 1392 1159 778 556 381 222 230 233 1657 799
internal_count=10800 5423 5348 3049 1392 1159 778 556 381 222 230 233 1657 799
is_linear=0
shrinkage=0.05


Tree=105
num_leaves=15
num_cat=0
split_feature=65 36 52 36 37 32 64 28 57 36 47 36 47 47
split_gain=2966.16 2829.3 3082.41 2841.87 2275.52 3835.41 2810.09 2422.49 3326.21 5402.65 2967.77 2983.98 2525.79 4378.26
threshold=85.353944000000013 18.666666666666668 -0.47114434510950048 19.066145833333337 51.875000000000007 26.062500000000004 92.200525500000012 19.012500000000003 3.5000000000000004 19.526302083333338 82.084635416666671 22.610416666666669 77.319010416666671 76.050781250000014
decision_type=2 2 2 2 2 2 2 2 2 2 2 2 2 2
left_child=-1 -2 -3 -4 -5 7 -7 8 -6 -10 12 -12 13 -9
right_child=1 2 3 4 5 6 -8 10 9 -11 11 -13 -14 -15
leaf_value=-0.02448530820620274 -0.15350463582220877 0.36510369726589748 0.36449607615433044 0.26122741262511456 0.012426192494142601 0.0818780253996097 -0.26576093318652733 0.037807179551871462 0.25454771018825301 -0.38809269814611341 0.12054558334021788 0.52022995625512081 -0.027140722984146187 0.23816449264358416
leaf_weight=5726 205 69 62 100 502 83 190 1993 42 138 229 58 1088 315
leaf_count=5726 205 69 62 100 502 83 190 1993 42 138 229 58 1088 315
internal_value=0.00017905 0.0280121 0.0356844 0.030874 0.0264323 0.0213147 -0.160155 0.0326984 -0.0538052 -0.237565 0.048727 0.202844 0.0356465 0.0652436
internal_weight=10800 5074 4869 4800 4738 4638 273 4365 682 180 3683 287 3396 2308
internal_count=10800 5074 4869 4800 4738 4638 273 4365 682 180 3683 287 3396 2308
is_linear=0
shrinkage=0.05


Tree=106
num_leaves=15
num_cat=0
split_feature=65 64 61 47 21 36 36 55 30 65 37 30 36 51
split_gain=2884.06 2141.06 1642.34 1414.9 1356.28 1615.8 2444.02 1337.85 2858.06 1918.11 4001.13 3628.12 3367.55 3375.14
threshold=261.5324245000001 265.84829400000007 -0.9733555533461492 85.757812500000014 1.4088495625161608e-05 24.828906250000006 24.062760416666674 -0.56174490092936669 18.512500000000003 73.362583000000015 54.125000000000007 21.112500000000004 18.395963541666671 2.5000000000000004
decision_type=2 2 2 2 2 2 2 2 2 2 2 2 2 2
left_child=1 7 -2 -4 -3 6 -6 8 -1 -9 11 -11 -12 -14
right_child=2 4 3 -5 5 -7 -8 9 -10 10 12 -13 13 -15
leaf_value=-0.26986862992384925 0.2204380951335897 0.013613184679437569 0.038174649896321806 0.33762441310213837 0.13183500515153776 0.056479996764811427 0.62907316917326395 -0.023326105314003837 -0.033127574757598033 0.072860797752554593 -0.23172005755560743 0.70620264977943614 -0.036644697877420952 0.088009534067469863
leaf_weight=134 160 242 1060 40 64 117 40 4215 2302 51 125 40 957 1253
leaf_count=134 160 242 1060 40 64 117 40 4215 2302 51 125 40 957 1253
internal_value=0.000176567 -0.00921595 0.0712422 0.0493605 0.0955472 0.184801 0.32725 -0.0145696 -0.0462557 -0.00294161 0.03247 0.355903 0.0197182 0.0340381
internal_weight=10800 9540 1260 1100 463 221 104 9077 2436 6641 2426 91 2335 2210
internal_count=10800 9540 1260 1100 463 221 104 9077 2436 6641 2426 91 2335 2210
is_linear=0
shrinkage=0.05


Tree=107
num_leaves=15
num_cat=0
split_feature=5 65 28 54 65 21 47 36 36 35 47 52 47 12
split_gain=2664.85 1562.52 2285.47 2234.29 1681.02 4225.54 1890.88 1823.7 7108.09 3908.5 3704.22 2912.59 1994.11 1907.01
threshold=24.000000000000004 42.523274000000008 24.087500000000002 1.0000000180025095e-35 95.986739000000014 7.028973393161898e-06 85.757812500000014 20.71901041666667 21.214843750000004 19.523437500000004 78.173177083333357 0.58216583101416164 75.938802083333357 73.427172500000026
decision_type=2 2 2 2 2 2 2 2 2 2 2 2 2 2
left_child=1 -1 4 -4 5 -3 7 10 11 -10 12 -9 -6 -12
right_child=-2 2 3 -5 6 -7 -8 8 9 -11 13 -13 -14 -15
leaf_value=-0.020375740587950095 -0.021656899007984044 -0.096219696701489027 0.5377931689438612 0.032566166218630108 -0.042741160918684573 0.46879863783921283 0.20463012481811427 -0.036159940433233631 -0.25301243603581519 0.03194839884574751 -0.023436795255738198 0.43341870624572043 -0.36205133301348003 0.2670972668742006
leaf_weight=1216 6092 60 45 42 84 72 150 42 126 2292 238 151 117 73
leaf_count=1216 6092 60 45 42 84 72 150 42 126 2292 238 151 117 73
internal_value=0.000175607 0.0284248 0.0454193 0.297032 0.0389051 0.21318 0.0318136 0.0234503 0.0403713 0.0170009 -0.062751 0.331571 -0.22948 0.0453968
internal_weight=10800 4708 3492 87 3405 132 3273 3123 2611 2418 512 193 201 311
internal_count=10800 4708 3492 87 3405 132 3273 3123 2611 2418 512 193 201 311
is_linear=0
shrinkage=0.05


Tree=108
num_leaves=15
num_cat=0
split_feature=65 64 17 24 24 24 64 36 32 49 32 32 34 17
split_gain=2481.14 1843.42 1480.86 1670.41 2501.78 3058.51 1573.1 1465.68 1284.28 1839.63 1243.49 1235.83 1350.32 1217.18
threshold=261.5324245000001 265.84829400000007 2.0018641137551049e-06 263.86678650000005 274.28284400000007 278.51062050000002 248.40562600000001 23.614322916666669 20.012500000000003 3.5000000000000004 21.662500000000005 19.962500000000002 19.983333333333338 39.782880387175481
decision_type=2 2 2 2 2 2 2 2 2 2 2 2 2 2
left_child=1 13 3 6 11 -6 10 -7 9 -3 -2 -5 -13 -1
right_child=2 8 -4 4 5 7 -8 -9 -10 -11 -12 12 -14 -15
leaf_value=-0.021336322926810009 0.083716838871759763 0.42218226566300043 -0.0063888659396478149 0.16904325228093603 0.45587651795811124 0.28505176090531881 0.46958699901493228 0.012789788883122983 0.037481363230941478 0.040607407372166865 0.38599811987104743 -0.36513045830453966 -0.049538841441033349 0.029299362562795802
leaf_weight=7674 154 60 452 40 62 62 48 230 337 66 43 46 123 1403
leaf_count=7674 154 60 452 40 62 62 48 230 337 66 43 46 123 1403
internal_value=0.000172014 -0.00853972 0.0660867 0.106588 0.0589712 0.139811 0.215324 0.0713744 0.0886692 0.224203 0.151313 -0.0779675 -0.137082 -0.0135074
internal_weight=10800 9540 1260 808 563 354 245 292 463 126 197 209 169 9077
internal_count=10800 9540 1260 808 563 354 245 292 463 126 197 209 169 9077
is_linear=0
shrinkage=0.05


Tree=109
num_leaves=15
num_cat=0
split_feature=65 64 61 17 43 55 30 36 65 37 24 52 52 36
split_gain=2246.32 1582.01 1334.06 1319.42 1417.73 1223.69 2556.82 1734.81 1652.82 3115.9 2713.74 2605.3 7388.33 2304.09
threshold=262.22140250000007 265.84829400000007 -0.9733555533461492 1.1809109315730381e-05 84.375000000000014 -0.56174490092936669 18.512500000000003 19.526302083333338 24.000000000000004 54.125000000000007 281.72766850000005 -0.47114434510950048 -0.41248606129204551 18.666666666666668
decision_type=2 2 2 2 2 2 2 2 2 2 2 2 2 2
left_child=1 5 -2 -3 -5 6 7 -1 -7 10 -10 -11 -13 -14
right_child=2 3 -4 4 -6 8 -8 -9 9 11 -12 12 13 -15
leaf_value=0.02135857899741429 0.20169541470271041 0.025765001376518878 0.044164501806728956 0.079798314440815601 0.40108608744646379 -0.025457601834790091 -0.030467756615347119 -0.37065722300818094 0.044782235436141495 0.3281208871534238 0.53381609586152168 -0.51913635785763079 -0.16920737592150381 0.030047614948992038
leaf_weight=40 153 332 1065 88 56 3456 2316 94 59 64 54 64 152 2807
leaf_count=40 153 332 1065 88 56 3456 2316 94 59 64 54 64 152 2807
internal_value=0.000172437 -0.00795972 0.0641021 0.0808044 0.206648 -0.0126081 -0.0428113 -0.254346 -0.00148583 0.0244036 0.281112 0.0149187 0.00818158 0.0197584
internal_weight=10800 9582 1218 476 144 9106 2450 134 6656 3200 113 3087 3023 2959
internal_count=10800 9582 1218 476 144 9106 2450 134 6656 3200 113 3087 3023 2959
is_linear=0
shrinkage=0.05


Tree=110
num_leaves=15
num_cat=0
split_feature=5 53 31 24 25 25 31 51 31 47 47 22 47 47
split_gain=2061.83 1427.15 2602.88 2299.86 4387.4 3428.37 2376 2442.47 4464.7 5048.61 3378.17 2791.43 2811.96 2301.78
threshold=24.000000000000004 0.72947329433276265 30.012500000000003 274.65417650000006 103.78186874622266 110.55984742745123 21.962500000000002 1.5000000000000002 24.712500000000002 70.485677083333357 66.623697916666686 143.52257702604172 68.554687500000014 78.065104166666671
decision_type=2 2 2 2 2 2 2 2 2 2 2 2 2 2
left_child=1 2 3 4 -1 6 -5 10 9 -9 -8 12 -10 -6
right_child=-2 -3 -4 5 13 -7 7 8 11 -11 -12 -13 -14 -15
leaf_value=0.017058976494607705 -0.01903752069217186 0.073578460315678593 -0.17479195331049327 -0.077294427482411276 -0.068976321626244716 -0.12735144776224303 0.43924505185674545 0.94583412932186595 0.57673841155305205 0.27807959384985809 -0.04750007638655742 -0.065307614515450862 0.098621013970936047 -0.3747565194964409
leaf_weight=2265 6092 1144 181 111 141 150 43 40 48 96 187 109 84 109
leaf_count=2265 6092 1144 181 111 141 150 43 40 48 96 187 109 84 109
internal_value=0.000166572 0.0250148 0.00941022 0.0193143 -0.00491344 0.0894382 0.134843 0.173699 0.251884 0.479948 0.0450077 0.121732 0.275511 -0.203258
internal_weight=10800 4708 3564 3383 2515 868 718 607 377 136 230 241 132 250
internal_count=10800 4708 3564 3383 2515 868 718 607 377 136 230 241 132 250
is_linear=0
shrinkage=0.05


Tree=111
num_leaves=15
num_cat=0
split_feature=65 64 17 24 24 22 22 21 21 44 65 32 32 32
split_gain=1978.85 1354.55 1257.96 1422.99 2313.57 1563.4 1302.94 1623.04 1167.61 1492.49 1401.48 1110.12 1097.19 1586.6
threshold=262.22140250000007 265.84829400000007 2.0018641137551049e-06 263.86678650000005 273.57706450000006 127.28854346354167 136.67899589062503 1.2382070770162167e-05 1.4088495625161608e-05 74.656250000000014 232.07051700000002 21.662500000000005 22.087500000000002 21.862500000000004
decision_type=2 2 2 2 2 2 2 2 2 2 2 2 2 2
left_child=1 -1 3 5 -5 11 -6 -8 -3 -10 -11 -2 13 -4
right_child=2 8 12 4 6 -7 7 -9 9 10 -12 -13 -14 -15
leaf_value=-0.011768803351697927 0.064555576562780104 -0.0001878983972594142 -0.0081835711993312327 -0.11806837515712812 0.33678536927490904 0.43964836260057849 -0.019150538250428492 0.20036612673730447 -0.031471392639899912 0.46215070009231574 0.13881603407751872 0.35426819953027855 -0.17260025244024468 0.31889032019036162
leaf_weight=9106 146 249 316 144 56 52 190 150 72 49 106 42 81 41
leaf_count=9106 146 249 316 144 56 52 190 150 72 49 106 42 81 41
internal_value=0.000165068 -0.0074676 0.0601681 0.0982061 0.0530026 0.199272 0.115351 0.0779986 0.0746676 0.156419 0.243339 0.130811 -0.00764014 0.0301654
internal_weight=10800 9582 1218 780 540 240 396 340 476 227 155 188 438 357
internal_count=10800 9582 1218 780 540 240 396 340 476 227 155 188 438 357
is_linear=0
shrinkage=0.05


Tree=112
num_leaves=15
num_cat=0
split_feature=52 25 42 24 22 22 31 25 47 51 65 16 8 25
split_gain=1791.16 1764.41 3863.38 2290.38 5719.58 6114.06 4768.04 2701.83 2397.13 3092.46 2455.04 2159.18 3213.92 1994.48
threshold=1.0000000180025095e-35 110.83558801624868 62.625000000000007 283.32550850000001 143.60332484375002 141.27762205208333 30.012500000000003 105.95393409112792 65.746093750000014 3.5000000000000004 261.85281600000008 267.06350950000007 257.88623600000005 113.18053534021867
decision_type=2 2 2 2 2 2 2 2 2 2 2 2 2 2
left_child=-1 3 13 4 5 11 8 -6 -5 10 -10 12 -2 -3
right_child=1 2 -4 6 7 -7 -8 -9 9 -11 -12 -13 -14 -15
leaf_value=-0.020281374121714553 0.014319182257212213 -0.17868836271266142 -0.25314035129684936 0.44749040840000948 -0.57531063123182813 0.30132093610766808 -0.32498404345785581 -0.12254347068421981 0.0051753113901064005 0.33786844757534568 0.2470971265978153 0.23506156881227913 -0.20091813052339214 0.22315768888784629
leaf_weight=5377 3685 44 172 57 54 188 59 84 437 124 137 103 181 98
leaf_count=5377 3685 44 172 57 54 188 59 84 437 124 137 103 181 98
internal_value=0.00016586 0.0204397 -0.0944179 0.0275159 0.0129309 0.0234751 0.104362 -0.302578 0.138299 0.112446 0.0632455 0.0102418 0.00419276 0.0982632
internal_weight=10800 5423 314 5109 4295 4157 814 138 755 698 574 3969 3866 142
internal_count=10800 5423 314 5109 4295 4157 814 138 755 698 574 3969 3866 142
is_linear=0
shrinkage=0.05


Tree=113
num_leaves=15
num_cat=0
split_feature=65 64 22 40 48 51 24 22 22 35 24 31 65 32
split_gain=1649.45 1249.66 1181.14 2424.09 3381.45 2139.14 1703.33 1858.51 2306.7 2155.95 1557.41 1327.16 1293.64 1100.29
threshold=261.5324245000001 264.27020500000009 136.1301436666667 82.875000000000014 5.6250000000000009 2.5000000000000004 274.28284400000007 143.52257702604172 140.65084647395835 21.875520833333336 283.46498150000008 23.762500000000003 271.06198250000006 20.087500000000002
decision_type=2 2 2 2 2 2 2 2 2 2 2 2 2 2
left_child=1 -1 3 4 -2 -5 11 8 -8 -9 -11 -4 -7 -3
right_child=2 13 6 5 -6 12 7 9 -10 10 -12 -13 -14 -15
leaf_value=-0.011212672188419502 0.10493841051744919 0.19064492765460572 -0.31958272329025106 -0.081649063359173935 0.61437120693922054 0.038158537832307909 0.011318498454056681 -0.26622972651525884 0.3986186076800029 -0.1901894412882765 0.13806116830759271 -0.033968843774184486 0.24517577554296405 0.02444565838649463
leaf_weight=9038 95 136 56 192 49 169 79 65 74 46 156 143 136 366
leaf_count=9038 95 136 56 192 49 169 79 65 74 46 156 143 136 366
internal_value=0.000158195 -0.00694491 0.0539017 0.101418 0.281329 0.0488309 0.00461239 0.0616803 0.200012 -0.018039 0.0627424 -0.115539 0.130967 0.0697613
internal_weight=10800 9540 1260 641 144 497 619 420 153 267 202 199 305 502
internal_count=10800 9540 1260 641 144 497 619 420 153 267 202 199 305 502
is_linear=0
shrinkage=0.05


Tree=114
num_leaves=15
num_cat=0
split_feature=52 24 46 22 43 12 42 35 47 22 61 22 22 25
split_gain=1549.77 1783.97 2131.46 3735.5 3116.58 2221.65 2917.8 1830.16 4180.51 1882.32 1750.1 1673.7 2106.16 1906.46
threshold=0.25881904510252091 300.20324800000009 80.692708333333357 33.07783888020834 81.875000000000014 111.91807350000002 82.875000000000014 21.735416666666669 71.428385416666671 148.5701428385417 -0.9733555533461492 126.75886509895834 124.53395978125 100.59176676770393
decision_type=2 2 2 2 2 2 2 2 2 2 2 2 2 2
left_child=-1 2 3 -2 11 -6 -7 8 -5 -9 -3 12 -4 -13
right_child=1 10 4 7 5 6 -8 9 -10 -11 -12 13 -14 -15
leaf_value=-0.015913475403809847 0.51241649593017546 -0.36779914608970288 -0.033040392440446514 0.5127638425678015 0.02207322832519594 0.48646731737811688 0.091341904575700628 0.0081806691132069367 0.081724298476156865 0.34405434964732695 -0.041296710072081882 -0.31672848540024379 0.30829657912999392 -0.077888154236372201
leaf_weight=6280 48 49 469 67 1640 58 228 804 329 43 231 105 49 400
leaf_count=6280 48 49 469 67 1640 58 228 804 329 43 231 105 49 400
internal_value=0.00015428 0.0224771 0.0305564 0.0841093 0.0070917 0.0445465 0.172888 0.0671711 0.155761 0.0256177 -0.0995402 -0.0633989 -0.000219953 -0.128076
internal_weight=10800 4520 4240 1291 2949 1926 286 1243 396 847 280 1023 518 505
internal_count=10800 4520 4240 1291 2949 1926 286 1243 396 847 280 1023 518 505
is_linear=0
shrinkage=0.05


Tree=115
num_leaves=15
num_cat=0
split_feature=65 61 47 64 55 30 31 21 51 41 41 47 47 9
split_gain=1412.68 1211.22 1114.91 1094.43 1055.74 2323.69 1586.05 1369.2 3044.64 2607.52 3583.18 3583.72 2188.88 1906.53
threshold=261.5324245000001 -0.9733555533461492 85.757812500000014 264.27020500000009 -0.56174490092936669 18.512500000000003 18.862500000000004 81.772065941470899 1.5000000000000002 85.625000000000014 76.875000000000014 77.319010416666671 74.424479166666671 254.29835200000005
decision_type=2 2 2 2 2 2 2 2 2 2 2 2 2 2
left_child=3 -2 -3 4 5 6 -1 -6 12 10 -10 -12 -9 -11
right_child=1 2 -4 -5 7 -7 -8 8 9 13 11 -13 -14 -15
leaf_value=-0.072913157024553851 0.1779989097923943 0.021195656996170757 0.28696650513788552 0.065364095257598884 -0.0069148195900895233 -0.026793674240193938 -0.4183947894206414 0.091493206719557449 -0.13540174687362236 0.17178848774977101 0.50655327134016082 -0.0027924723619100998 -0.3485497470654082 -0.12203413625599957
leaf_weight=69 160 1060 40 502 6069 2288 64 50 45 102 122 48 63 118
leaf_count=69 160 1060 40 502 6069 2288 64 50 45 102 122 48 63 118
internal_value=0.000153577 0.0498906 0.0311119 -0.00642 -0.0104139 -0.0386583 -0.241042 -7.57166e-05 0.0755407 0.13558 0.258985 0.363563 -0.154746 0.0143536
internal_weight=10800 1260 1100 9540 9038 2421 133 6617 548 435 215 170 113 220
internal_count=10800 1260 1100 9540 9038 2421 133 6617 548 435 215 170 113 220
is_linear=0
shrinkage=0.05


Tree=116
num_leaves=15
num_cat=0
split_feature=5 7 48 2 4 47 13 62 53 6 26 22 35 52
split_gain=1324.4 1339.15 1373.67 7524.35 2657.85 2410.43 1919.36 1208.27 1197.5 2162.06 1864.72 3373.55 1528.88 1500.03
threshold=24.000000000000004 278.24387350000006 22.125000000000004 79.495687500000017 94.447084000000018 72.252604166666671 36.388953741497446 -0.8783796973249266 0.72947329433276265 105.92669050000002 22.487500000000004 23.216666666666672 23.167708333333341 0.41248606129204562
decision_type=2 2 2 2 2 2 2 2 2 2 2 2 2 2
left_child=8 2 6 4 7 -6 -2 -4 9 -1 13 -12 -11 -10
right_child=1 -3 3 -5 5 -7 -8 -9 10 12 11 -13 -14 -15
leaf_value=0.012242560281890635 -0.012906780334934725 0.219815758317709 -0.33882882512278029 -0.5762817280420236 -0.087686904290547749 0.22845186629500758 0.24878552921221289 -0.077906571673884178 -0.029110701925232692 -0.41185102287966474 0.54425908954251767 0.082194656866626192 -0.011127382483747271 0.097435340088710742
leaf_weight=3469 5340 59 53 69 103 143 70 255 467 51 52 157 44 468
leaf_count=3469 5340 59 53 69 103 143 70 255 467 51 52 157 44 468
internal_value=0.000146767 -0.0152446 -0.0175794 -0.0878252 -0.0260598 0.0962657 -0.00947539 -0.123757 0.0200617 0.0057685 0.0645466 0.199202 -0.228302 0.0342664
internal_weight=10800 6092 6033 623 554 246 5410 308 4708 3564 1144 209 95 935
internal_count=10800 6092 6033 623 554 246 5410 308 4708 3564 1144 209 95 935
is_linear=0
shrinkage=0.05


Tree=117
num_leaves=15
num_cat=0
split_feature=30 65 52 52 20 5 49 64 32 47 51 20 54 64
split_gain=1310.81 1446.06 2569.51 9475.6 1742.85 2873.52 2332.78 2317.14 2978.33 2435.32 3958.57 1830.45 1820.54 1644.57
threshold=16.025000000000002 24.000000000000004 -0.47114434510950048 -0.41248606129204551 267.01345100000009 196.19506050000004 1.5000000000000002 125.03435300000002 25.187500000000004 72.091145833333357 1.5000000000000002 274.50906300000003 0.6078576107927941 24.000000000000004
decision_type=2 2 2 2 2 2 2 2 2 2 2 2 2 2
left_child=-1 -2 -3 -4 5 13 -7 9 -9 11 -11 -6 -12 -5
right_child=1 2 3 4 7 6 -8 8 -10 10 12 -13 -14 -15
leaf_value=-0.18576056840334168 -0.019178533883760542 0.29761179490704781 -0.52303016553690407 0.11878013799030025 0.59946464674145572 0.03165858535753454 -0.31154596164822579 0.25357716544954617 -0.27013554753552022 -0.26571784625973621 0.058780308028877674 0.19325048212105267 0.44557636401109529 0.013201406236057818
leaf_weight=93 4655 80 80 398 50 84 119 43 70 56 66 64 56 4886
leaf_count=93 4655 80 80 398 50 84 119 43 70 56 66 64 56 4886
internal_value=0.000138908 0.00177081 0.0178849 0.0140885 0.0214689 0.0140696 -0.170071 0.121433 -0.0703704 0.195646 0.079275 0.375078 0.238505 0.0211747
internal_weight=10800 10707 6052 5972 5892 5487 203 405 113 292 178 114 122 5284
internal_count=10800 10707 6052 5972 5892 5487 203 405 113 292 178 114 122 5284
is_linear=0
shrinkage=0.05


Tree=118
num_leaves=15
num_cat=0
split_feature=30 65 52 52 20 5 49 31 4 30 65 36 47 64
split_gain=1184.36 1305.47 2322.1 8562.65 1576.82 2603.11 2422.97 2124.73 1942.27 2447.12 2836.39 1977.35 2153.35 1438.49
threshold=16.025000000000002 24.000000000000004 -0.47114434510950048 -0.41248606129204551 267.01345100000009 195.75313100000002 1.5000000000000002 25.012500000000003 270.02924000000007 21.612500000000004 104.88401750000001 22.238281250000004 72.091145833333357 24.000000000000004
decision_type=2 2 2 2 2 2 2 2 2 2 2 2 2 2
left_child=-1 -2 -3 -4 5 13 -7 8 9 11 -11 -6 -13 -5
right_child=1 2 3 4 7 6 -8 -9 -10 10 -12 12 -14 -15
leaf_value=-0.17657134888218123 -0.018219812868778173 0.28291491756652609 -0.4972015181441366 0.11229432435663603 0.36564023274442425 0.037976865597826606 -0.3036299410230312 -0.13363002873957158 -0.11454052111277213 0.64948157050779898 0.1671536349345531 0.264777507491055 -0.18240508859356244 0.012855927223878738
leaf_weight=93 4655 80 80 392 45 90 121 70 51 55 69 41 74 4884
leaf_count=93 4655 80 80 392 45 90 121 70 51 55 69 41 74 4884
internal_value=0.000133983 0.00168518 0.0169959 0.0133869 0.0204028 0.0133648 -0.158429 0.115487 0.167784 0.218707 0.384574 0.0885697 -0.0220666 0.020264
internal_weight=10800 10707 6052 5972 5892 5487 211 405 335 284 124 160 115 5276
internal_count=10800 10707 6052 5972 5892 5487 211 405 335 284 124 160 115 5276
is_linear=0
shrinkage=0.05


Tree=119
num_leaves=15
num_cat=0
split_feature=65 32 24 22 64 32 33 48 24 29 17 43 42 57
split_gain=1141.61 1316.99 1961.41 2978.47 1769.64 1296.29 1213.84 1161.14 1432.61 1032.48 988.633 2376.71 1922.55 2878.31
threshold=267.06350950000007 19.962500000000002 277.75656700000008 143.52257702604172 244.17024200000003 21.012500000000003 21.190625000000004 6.1250000000000009 269.18851250000006 16.025000000000002 39.782880387175481 82.125000000000014 83.125000000000014 1.5000000000000002
decision_type=2 2 2 2 2 2 2 2 2 2 2 2 2 2
left_child=9 4 7 5 -2 -4 -5 -3 -9 -1 -11 12 13 -12
right_child=1 2 3 6 -6 -7 -8 8 -10 10 11 -13 -14 -15
leaf_value=-0.21344284757466642 -0.0081546741184489492 -0.006352574321974923 0.17138885688846528 -0.23227201305063711 0.24634356488185449 0.56565669673245134 0.074459487219737247 -0.019283671691170279 -0.39646037856535038 -0.010203961295994858 0.2195409953340712 0.14022743575092989 -0.11270558359701251 -0.015155184729898489
leaf_weight=58 115 299 45 41 167 40 138 52 48 8372 168 388 294 575
leaf_count=58 115 299 45 41 167 40 138 52 48 8372 168 388 294 575
internal_value=0.000129445 0.0525958 0.01403 0.11951 0.142897 0.361347 0.00330247 -0.0558859 -0.202461 -0.00490641 -0.00365017 0.0348341 -0.00469663 0.0381358
internal_weight=10800 945 663 264 282 85 179 399 100 9855 9797 1425 1037 743
internal_count=10800 945 663 264 282 85 179 399 100 9855 9797 1425 1037 743
is_linear=0
shrinkage=0.05


Tree=120
num_leaves=15
num_cat=0
split_feature=64 25 31 24 7 25 65 32 25 65 22 22 12 22
split_gain=1080.19 1781.96 1040.37 1817.86 1216.89 1237 2544 2621.95 1794.15 2855.93 3551.23 2865.68 1565.96 1516.53
threshold=273.57706450000006 106.87927892455518 30.012500000000003 300.20324800000009 278.24387350000006 110.83558801624868 79.608916500000007 26.112500000000004 107.86518444863286 63.145266500000005 148.13106922916668 145.39236452083335 255.20086750000004 143.60332484375002
decision_type=2 2 2 2 2 2 2 2 2 2 2 2 2 2
left_child=2 -2 4 -4 5 8 -7 -8 13 -10 11 -11 -13 -1
right_child=1 -3 3 -5 -6 6 7 -9 9 10 -12 12 -14 -15
leaf_value=-0.00032633618296345503 0.2265986089471399 0.013113708049859479 -0.034995753773289513 -0.41545044101271417 0.1479067322694593 -0.013470159686959474 -0.052582944184541708 -0.53752811261198741 -0.015696562474724115 0.045521047679802119 -0.14689102363586426 0.30596179275558549 0.6866184725225265 -0.10327852863528773
leaf_weight=8721 135 348 135 40 134 313 57 54 270 58 49 64 50 372
leaf_count=8721 135 348 135 40 134 313 57 54 270 58 49 64 50 372
internal_value=0.000124841 0.0731283 -0.00329964 -0.123823 -0.001208 -0.00321912 -0.0866906 -0.291195 0.000482346 0.0934807 0.226334 0.332895 0.477435 -0.00454906
internal_weight=10800 483 10317 175 10142 10008 424 111 9584 491 221 172 114 9093
internal_count=10800 483 10317 175 10142 10008 424 111 9584 491 221 172 114 9093
is_linear=0
shrinkage=0.05


Tree=121
num_leaves=15
num_cat=0
split_feature=30 65 32 36 24 36 21 25 47 7 36 54 34 17
split_gain=1008.63 1104.59 1566.29 1629.65 1253.71 2232.71 1446.56 1155.86 2052.13 1239.48 1111 1083.48 943.982 898.919
threshold=16.025000000000002 267.06350950000007 19.237500000000004 20.71901041666667 277.75656700000008 23.549088541666666 1.2382070770162167e-05 100.05873108459177 75.221354166666671 268.75405100000006 25.138281250000002 0.6078576107927941 19.415625000000002 39.782880387175481
decision_type=2 2 2 2 2 2 2 2 2 2 2 2 2 2
left_child=-1 13 3 11 7 -6 -7 8 -4 -9 -8 -3 -5 -2
right_child=1 2 4 12 5 6 10 9 -10 -11 -12 -13 -14 -15
leaf_value=-0.16295057037211164 -0.0096498141308270832 -0.073563389319020345 -0.083513686168301224 0.50204093796866278 0.42317932142151726 -0.075497356200094151 0.031712432135076775 -0.16216295177100529 0.24641440226582856 0.11922237334050695 0.35575545988976959 0.23556486131704371 0.18413779197967259 0.033391388808221213
leaf_weight=93 8359 73 110 41 44 127 61 197 81 48 46 45 57 1418
leaf_count=93 8359 73 110 41 44 127 61 197 81 48 46 45 57 1418
internal_value=0.000119087 0.00155058 0.0535915 0.171235 0.0178121 0.100595 0.0383958 -0.035081 0.0569581 -0.106774 0.173025 0.0453134 0.320866 -0.00340459
internal_weight=10800 10707 930 216 714 278 234 436 191 245 107 118 98 9777
internal_count=10800 10707 930 216 714 278 234 436 191 245 107 118 98 9777
is_linear=0
shrinkage=0.05


Tree=122
num_leaves=15
num_cat=0
split_feature=48 31 48 24 49 25 24 22 17 31 36 65 46 64
split_gain=1000.85 1611.15 1489.41 1644.67 1452.58 1078.91 2123.27 3058.78 3024.58 3868.49 2847.35 4751.77 2946.7 2786.03
threshold=2.8750000000000004 30.012500000000003 1.6250000000000002 291.63912650000003 2.5000000000000004 110.83558801624868 283.32550850000001 143.60332484375002 43.405931023160676 21.962500000000002 25.257291666666671 82.382441500000013 75.130208333333357 84.14788750000001
decision_type=2 2 2 2 2 2 2 2 2 2 2 2 2 2
left_child=2 5 3 -1 -3 6 7 10 -8 -10 -2 -12 -13 -9
right_child=1 4 -4 -5 -6 -7 8 13 9 -11 11 12 -14 -15
leaf_value=-0.028977259720881512 -0.01089161697244425 -0.35701218264698353 0.10219822955157776 0.20378942978294456 -0.054657522159358186 -0.070804270542478259 0.023621123181233036 -0.0081787846186786028 -0.19069067729481806 0.30938595175359618 -0.017679780526269302 0.54825927107816652 0.078420027302937553 -0.37103349612517794
leaf_weight=707 6747 58 565 84 123 547 1166 102 47 203 203 83 56 109
leaf_count=707 6747 58 565 84 123 547 1166 102 47 203 203 83 56 109
internal_value=0.000120374 -0.00564852 0.040273 -0.00403257 -0.152974 -0.00275356 0.00152481 -0.00934607 0.0575352 0.214986 -0.00374888 0.136784 0.360884 -0.196491
internal_weight=10800 9444 1356 791 181 9263 8716 7300 1416 250 7089 342 139 211
internal_count=10800 9444 1356 791 181 9263 8716 7300 1416 250 7089 342 139 211
is_linear=0
shrinkage=0.05


Tree=123
num_leaves=15
num_cat=0
split_feature=64 25 31 34 57 36 65 31 42 30 47 53 34 47
split_gain=910.341 1526.98 876.767 1719.87 984.6 1488.73 1828.64 3578.78 6261.92 4901.35 3175.72 4680.04 4936.73 3464.87
threshold=273.57706450000006 106.87927892455518 30.575000000000006 22.788541666666671 2.5000000000000004 18.666666666666668 77.844594000000015 22.162500000000005 82.875000000000014 21.862500000000004 73.216145833333343 1.0000000180025095e-35 22.001041666666669 64.023437500000014
decision_type=2 2 2 2 2 2 2 2 2 2 2 2 2 2
left_child=2 -2 4 -4 5 -1 -7 8 -8 -10 13 -12 -13 -9
right_child=1 -3 3 -5 -6 6 7 10 9 -11 11 12 -14 -15
leaf_value=-0.08379983273930415 0.20920034642057384 0.011580000766539643 -0.39762849288015834 0.038556517887057044 -0.015206485836196736 -0.016809193228287403 0.30768843650817873 -0.25281992655188318 -0.018720205207680102 0.38309900117191403 -0.30765540677058012 -0.048704364344887174 0.34261487141497193 0.14064689713861048
leaf_weight=343 135 348 40 50 5800 1617 319 62 551 87 150 704 90 504
leaf_count=343 135 348 40 50 5800 1617 319 62 551 87 150 704 90 504
internal_value=0.000115076 0.0671336 -0.00302866 -0.157543 -0.00165363 0.016102 0.0245108 0.0515899 0.127181 0.0365871 0.00362967 -0.0525022 -0.00397311 0.0971764
internal_weight=10800 483 10317 90 10227 4427 4084 2467 957 638 1510 944 794 566
internal_count=10800 483 10317 90 10227 4427 4084 2467 957 638 1510 944 794 566
is_linear=0
shrinkage=0.05


Tree=124
num_leaves=15
num_cat=0
split_feature=48 31 46 48 25 57 36 65 47 47 21 22 51 51
split_gain=900.502 1390.93 1387.6 1343.99 1500.6 964.755 1379.61 3052.52 1344.38 3642.06 4214.81 1652.98 1895.08 1625.24
threshold=2.8750000000000004 30.012500000000003 78.338541666666671 1.6250000000000002 110.42341374092932 3.5000000000000004 26.432291666666668 63.145266500000005 64.023437500000014 65.746093750000014 81.772065941470899 143.60332484375002 1.5000000000000002 2.5000000000000004
decision_type=2 2 2 2 2 2 2 2 2 2 2 2 2 2
left_child=3 5 -3 4 -1 8 -7 -8 11 10 -10 -2 -13 -11
right_child=1 2 -4 -5 -6 6 7 -9 9 13 -12 12 -14 -15
leaf_value=-0.023025915943478893 0.062902874534620956 -0.050958261013147425 -0.35211859245191923 0.097021724902794371 0.24326929810146491 -0.026994743784304456 -0.035444808445910934 0.45607904757683476 0.098343711438993953 -0.027381876114975473 0.62346376676340498 -0.0072652424747745199 -0.38616395602623621 0.031398313954815037
leaf_weight=735 84 127 54 565 56 3819 92 47 176 1988 48 59 74 2876
leaf_count=735 84 127 54 565 56 3819 92 47 176 1988 48 59 74 2876
internal_value=0.000110674 -0.00536137 -0.142248 0.0381972 -0.0038898 -0.00267152 -0.02135 0.132824 0.0112656 0.0164722 0.21314 -0.110328 -0.21939 0.00737315
internal_weight=10800 9444 181 1356 791 9263 3958 139 5305 5088 224 217 133 4864
internal_count=10800 9444 181 1356 791 9263 3958 139 5305 5088 224 217 133 4864
is_linear=0
shrinkage=0.05


end of trees

feature_importances:
consumo_alvo_semana_anterior=254
temperatura_externa_c_media_1440m=175
origem_hora=105
umidade_relativa_pct_media_1440m=84
consumo_max_1440m=81
consumo_mean_1440m=75
temperatura_externa_c_lag_360m=64
consumo_std_1440m=62
consumo_alvo_dia_anterior=55
origem_hora_sin=53
temperatura_externa_c_lag_1440m=49
umidade_relativa_pct_media_360m=42
origem_mes=42
temperatura_externa_c_lag_720m=38
consumo_std_180m=35
temperatura_externa_c_media_180m=34
temperatura_externa_c_media_360m=32
origem_hora_cos=32
alvo_hora_sin=27
consumo_lag_1440m=26
consumo_std_360m=26
temperatura_externa_c_lag_180m=25
temperatura_externa_c_atual=23
umidade_relativa_pct_atual=23
umidade_relativa_pct_lag_1440m=23
alvo_dia_semana=22
alvo_hora_cos=20
origem_dia_semana=19
consumo_lag_120m=18
consumo_lag_180m=15
consumo_max_360m=15
consumo_atual_kw=13
temperatura_externa_c_lag_60m=13
umidade_relativa_pct_lag_720m=13
consumo_lag_10080m=12
temperatura_externa_c_media_60m=12
consumo_lag_720m=10
origem_semana_cos=10
temperatura_externa_c_lag_15m=9
consumo_lag_360m=8
consumo_max_60m=7
umidade_relativa_pct_lag_180m=7
umidade_relativa_pct_lag_360m=7
umidade_relativa_pct_media_60m=7
consumo_mean_360m=5
umidade_relativa_pct_media_180m=5
consumo_std_60m=4
consumo_max_180m=4
origem_semana_sin=4
consumo_lag_15m=2
alvo_semana_sin=2
consumo_lag_30m=1
consumo_mean_60m=1

parameters:
[boosting: gbdt]
[objective: regression]
[metric: l1]
[tree_learner: serial]
[device_type: cpu]
[data_sample_strategy: bagging]
[data: ]
[valid: ]
[num_iterations: 400]
[learning_rate: 0.05]
[num_leaves: 15]
[num_threads: 2]
[seed: 20260905]
[deterministic: 1]
[force_col_wise: 1]
[force_row_wise: 0]
[histogram_pool_size: -1]
[max_depth: -1]
[min_data_in_leaf: 40]
[min_sum_hessian_in_leaf: 0.001]
[bagging_fraction: 1]
[pos_bagging_fraction: 1]
[neg_bagging_fraction: 1]
[bagging_freq: 0]
[bagging_seed: 23218]
[bagging_by_query: 0]
[feature_fraction: 1]
[feature_fraction_bynode: 1]
[feature_fraction_seed: 28090]
[extra_trees: 0]
[extra_seed: 14360]
[early_stopping_round: 0]
[early_stopping_min_delta: 0]
[first_metric_only: 0]
[max_delta_step: 0]
[lambda_l1: 0]
[lambda_l2: 1]
[linear_lambda: 0]
[min_gain_to_split: 0]
[drop_rate: 0.1]
[max_drop: 50]
[skip_drop: 0.5]
[xgboost_dart_mode: 0]
[uniform_drop: 0]
[drop_seed: 16970]
[top_rate: 0.2]
[other_rate: 0.1]
[min_data_per_group: 100]
[max_cat_threshold: 32]
[cat_l2: 10]
[cat_smooth: 10]
[max_cat_to_onehot: 4]
[top_k: 20]
[monotone_constraints: ]
[monotone_constraints_method: basic]
[monotone_penalty: 0]
[feature_contri: ]
[forcedsplits_filename: ]
[refit_decay_rate: 0.9]
[cegb_tradeoff: 1]
[cegb_penalty_split: 0]
[cegb_penalty_feature_lazy: ]
[cegb_penalty_feature_coupled: ]
[path_smooth: 0]
[interaction_constraints: ]
[verbosity: -1]
[saved_feature_importance_type: 0]
[use_quantized_grad: 0]
[num_grad_quant_bins: 4]
[quant_train_renew_leaf: 0]
[stochastic_rounding: 1]
[linear_tree: 0]
[max_bin: 255]
[max_bin_by_feature: ]
[min_data_in_bin: 3]
[bin_construct_sample_cnt: 200000]
[data_random_seed: 5037]
[is_enable_sparse: 1]
[enable_bundle: 1]
[use_missing: 1]
[zero_as_missing: 0]
[feature_pre_filter: 1]
[pre_partition: 0]
[two_round: 0]
[header: 0]
[label_column: ]
[weight_column: ]
[group_column: ]
[ignore_column: ]
[categorical_feature: ]
[forcedbins_filename: ]
[precise_float_parser: 0]
[parser_config_file: ]
[objective_seed: 15411]
[num_class: 1]
[is_unbalance: 0]
[scale_pos_weight: 1]
[sigmoid: 1]
[boost_from_average: 1]
[reg_sqrt: 0]
[alpha: 0.9]
[fair_c: 1]
[poisson_max_delta_step: 0.7]
[tweedie_variance_power: 1.5]
[lambdarank_truncation_level: 30]
[lambdarank_norm: 1]
[label_gain: ]
[lambdarank_position_bias_regularization: 0]
[eval_at: ]
[multi_error_top_k: 1]
[auc_mu_weights: ]
[num_machines: 1]
[local_listen_port: 12400]
[time_out: 120]
[machine_list_filename: ]
[machines: ]
[gpu_platform_id: -1]
[gpu_device_id: -1]
[gpu_device_id_list: ]
[gpu_use_dp: 0]
[num_gpu: 1]

end of parameters

pandas_categorical:[]
