tree
version=v4
num_class=1
num_tree_per_iteration=1
label_index=0
max_feature_idx=65
objective=regression
feature_names=consumo_atual_kw consumo_lag_15m consumo_lag_30m consumo_lag_60m consumo_lag_120m consumo_lag_180m consumo_lag_360m consumo_lag_720m consumo_lag_1440m consumo_lag_10080m consumo_mean_60m consumo_min_60m consumo_max_60m consumo_std_60m consumo_mean_180m consumo_min_180m consumo_max_180m consumo_std_180m consumo_mean_360m consumo_min_360m consumo_max_360m consumo_std_360m consumo_mean_1440m consumo_min_1440m consumo_max_1440m consumo_std_1440m temperatura_externa_c_atual temperatura_externa_c_lag_15m temperatura_externa_c_lag_60m temperatura_externa_c_lag_180m temperatura_externa_c_lag_360m temperatura_externa_c_lag_720m temperatura_externa_c_lag_1440m temperatura_externa_c_media_60m temperatura_externa_c_media_180m temperatura_externa_c_media_360m temperatura_externa_c_media_1440m umidade_relativa_pct_atual umidade_relativa_pct_lag_15m umidade_relativa_pct_lag_60m umidade_relativa_pct_lag_180m umidade_relativa_pct_lag_360m umidade_relativa_pct_lag_720m umidade_relativa_pct_lag_1440m umidade_relativa_pct_media_60m umidade_relativa_pct_media_180m umidade_relativa_pct_media_360m umidade_relativa_pct_media_1440m origem_hora origem_dia_semana origem_fim_de_semana origem_mes origem_hora_sin origem_hora_cos origem_semana_sin origem_semana_cos alvo_hora alvo_dia_semana alvo_fim_de_semana alvo_mes alvo_hora_sin alvo_hora_cos alvo_semana_sin alvo_semana_cos consumo_alvo_dia_anterior consumo_alvo_semana_anterior
feature_infos=[22.399999999999999:324.71375799999998] [22.399999999999999:324.71375799999998] [22.399999999999999:324.71375799999998] [22.399999999999999:324.71375799999998] [22.399999999999999:324.71375799999998] [22.399999999999999:324.71375799999998] [22.399999999999999:324.71375799999998] [22.399999999999999:324.71375799999998] [22.399999999999999:324.71375799999998] [22.399999999999999:324.71375799999998] [22.399999999999999:321.24876725000001] [22.399999999999999:318.278571] [22.399999999999999:324.71375799999998] [0:82.540869055199337] [22.399999999999999:313.28577408333337] [22.399999999999999:302.53573799999998] [22.399999999999999:324.71375799999998] [0:92.970139865692389] [22.399999999999999:295.13563500000004] [22.399999999999999:249.29458700000001] [22.399999999999999:324.71375799999998] [0:116.53386463160022] [23.200000000000003:159.49963871874999] none [25.600000000000001:324.71375799999998] [1.3929144002343703:128.71471884334804] [15:33.700000000000003] [15:33.700000000000003] [15:33.700000000000003] [15:33.700000000000003] [15:33.700000000000003] [15:33.700000000000003] [15:33.700000000000003] [15:33.4375] [15:32.71875] [15.333333333333334:31.620833333333334] [16.439843749999998:27.283072916666669] [31:98] [31:98] [31:98] [31:98] [31:98] [31:98] [31:98] [32.5:95.625] [33.666666666666664:95.083333333333329] [37.041666666666664:94] [59.309895833333336:91.638020833333329] [0:23.75] [0:6] [0:1] [1:4] [-1:1] [-1:1] [-0.97492791218182362:0.97492791218182362] [-0.90096886790241903:1] [0:23.75] [0:6] [0:1] [1:4] [-1:1] [-1:1] [-0.97492791218182362:0.97492791218182362] [-0.90096886790241903:1] [22.399999999999999:324.71375799999998] [22.399999999999999:324.71375799999998]
tree_sizes=1397 1413 1408 1416 1413 1408 1407 1417 1424 1412 1419 1424 1423 1410 1412 1423 1415 1417 1407 1413 1415 1417 1419 1419 1415 1419 1409 1428 1421 1416 1437 1414 1428 1419 1416 1424 1416 1430 1431 1424 1420 1412 1420 1418 1428 1421 1418 1432 1424 1417 1431 1434 1439 1436 1433 1427 1440 1433 1430 1437 1424 1450 1429 1418 1427 1436 1437 1427 1427 1423 1432 1419 1422 1425 1433 1434 1439 1436 1443 1426 1437 1439 1440 1439 1428 1421 1425 1430 1438 1433 1432 1430 1439 1450 1449 1430 1444 1423 1438 1421 1424 1431 1421 1435 1428 1437 1430 1427 1435 1427 1423 1437 1444 1451 1434 1450 1455 1444 1431 1451 1440 1436 1447 1456

Tree=0
num_leaves=15
num_cat=0
split_feature=65 65 65 60 53 34 36 53 34 48 61 29 17 36
split_gain=8.93425e+07 9.63911e+06 3.3531e+06 306309 256008 227397 207398 180432 136281 88677.4 56090.4 52345.6 40291.1 32168.2
threshold=156.28901650000003 42.523274000000008 229.94297600000002 -0.8814490726585632 -0.29012925520284105 19.917708333333337 22.638802083333342 0.25881904510252057 19.983333333333338 6.1250000000000009 -0.68322629814330815 20.337500000000002 2.4022257355649861e-05 18.091406250000002
decision_type=2 2 2 2 2 2 2 2 2 2 2 2 2 2
left_child=1 -1 4 11 -2 13 -5 -7 12 -10 -8 -3 -6 -4
right_child=2 3 5 6 8 7 10 -9 9 -11 -12 -13 -14 -15
leaf_value=103.86253581466323 109.39401652057505 109.01294501556472 113.57883738855392 107.1816115613268 112.17446376699222 113.28953635310033 109.06042350584526 116.02875967722443 113.54331747477551 112.4639949550713 108.12966714945799 110.41486590892667 110.98953155636157 114.89303464191072
leaf_weight=5447 66 142 84 643 227 70 220 1747 389 456 605 128 125 451
leaf_count=5447 66 142 84 643 227 70 220 1747 389 456 605 128 125 451
internal_value=108.122 104.897 114.533 108.139 112.449 115.65 107.854 115.926 112.616 112.967 108.379 109.684 111.763 114.697
internal_weight=10800 7185 3615 1738 1263 2352 1468 1817 1197 845 825 270 352 535
internal_count=10800 7185 3615 1738 1263 2352 1468 1817 1197 845 825 270 352 535
is_linear=0
shrinkage=1


Tree=1
num_leaves=15
num_cat=0
split_feature=65 65 65 53 60 34 36 53 36 48 48 53 29 36
split_gain=8.06431e+07 8.5352e+06 3.15092e+06 277656 253208 204921 187603 162353 127771 63665.8 49871.5 49716.3 36893.9 29035.6
threshold=151.48849750000002 42.523274000000008 229.94297600000002 -0.29012925520284105 -0.8814490726585632 19.917708333333337 22.638802083333342 0.25881904510252057 23.024739583333339 6.1250000000000009 6.1250000000000009 0.72947329433276265 20.337500000000002 18.395963541666671
decision_type=2 2 2 2 2 2 2 2 2 2 2 2 2 2
left_child=1 -1 3 -2 12 13 -6 -7 9 -5 -10 -8 -3 -4
right_child=2 4 5 8 6 7 11 -9 10 -11 -12 -13 -14 -15
leaf_value=-4.0470048676153292 1.1766572374105455 0.8657391072776085 5.2265499114990241 4.3002132753662714 -0.89753717719293946 4.9123237609863288 0.021732891932201615 7.511173112987108 5.3581055162510198 3.260179836239633 4.3337216745015068 0.92461234699602768 2.0833638683694309 6.4413953601512137
leaf_weight=5447 79 132 90 301 640 70 622 1747 260 340 305 201 121 445
leaf_count=5447 79 132 90 301 640 70 622 1747 260 340 305 201 121 445
internal_value=0.000195146 -3.07842 6.06264 4.06618 -0.00331762 7.1512 -0.256154 7.41381 4.25432 3.75449 4.81375 0.243096 1.45399 6.24716
internal_weight=10800 7163 3637 1285 1716 2352 1463 1817 1206 641 565 823 253 535
internal_count=10800 7163 3637 1285 1716 2352 1463 1817 1206 641 565 823 253 535
is_linear=0
shrinkage=0.05


Tree=2
num_leaves=15
num_cat=0
split_feature=65 65 65 60 53 53 33 36 34 48 53 29 36 17
split_gain=7.27959e+07 7.85003e+06 2.72905e+06 250014 208314 185481 176435 169147 116485 71949.2 47719.8 44540.8 37369.9 36194.2
threshold=156.28901650000003 42.523274000000008 229.94297600000002 -0.8814490726585632 -0.29012925520284105 0.25881904510252057 19.931250000000002 22.638802083333342 19.983333333333338 6.1250000000000009 0.956427977892087 21.062500000000004 18.395963541666671 2.4022257355649861e-05
decision_type=2 2 2 2 2 2 2 2 2 2 2 2 2 2
left_child=1 -1 4 11 -2 -4 12 -5 13 -10 -9 -3 -7 -6
right_child=2 3 5 7 8 6 -8 10 9 -11 -12 -13 -14 -15
leaf_value=-3.8446917747435942 1.1509353208897719 1.0028510279934473 4.5463771938048687 -0.85015855017956921 3.6580196623216596 4.9680939559098132 7.151497571113322 0.10891978387981655 4.9008852799733482 3.9282988062050985 1.4162736508753393 2.4414087094758687 6.2753949423588677 2.5416020075480148
leaf_weight=5447 66 195 96 643 227 90 1698 749 389 456 76 75 468 125
leaf_count=5447 66 195 96 643 227 90 1698 749 389 456 76 75 468 125
internal_value=0.000377413 -2.91129 5.78667 0.0145754 3.90661 6.79416 6.88775 -0.242859 4.05747 4.3813 0.230924 1.40998 6.0738 3.26989
internal_weight=10800 7185 3615 1738 1263 2352 2256 1468 1197 845 825 270 558 352
internal_count=10800 7185 3615 1738 1263 2352 2256 1468 1197 845 825 270 558 352
is_linear=0
shrinkage=0.05


Tree=3
num_leaves=15
num_cat=0
split_feature=65 65 65 60 53 34 36 53 34 31 48 48 29 21
split_gain=6.57068e+07 7.08524e+06 2.46269e+06 225814 187969 167576 155625 130733 106443 61050.8 54705.3 45943.6 40278.3 27712.7
threshold=156.28901650000003 42.523274000000008 229.94297600000002 -0.8814490726585632 -0.29012925520284105 19.917708333333337 21.963281250000005 0.25881904510252057 20.278125000000006 23.212500000000002 6.1250000000000009 6.1250000000000009 21.062500000000004 1.4402954876835646e-05
decision_type=2 2 2 2 2 2 2 2 2 2 2 2 2 2
left_child=1 -1 4 12 -2 -4 -5 -7 11 -8 13 -6 -3 -10
right_child=2 3 5 6 8 7 9 -9 10 -11 -12 -13 -14 -15
leaf_value=-3.6524923071812254 1.0942474849188506 0.95296433114883861 5.6375493156376173 -0.94714417777471249 3.7495562181560276 4.4460497197970543 -0.2067314633228175 6.7797871279771051 5.3168228041195711 0.59379561392674873 3.8048273913831596 2.6850739206586565 2.3209444406785464 4.2697154863207949
leaf_weight=5447 66 195 535 499 217 70 551 1747 140 418 414 223 75 203
leaf_count=5447 66 195 535 499 217 70 551 1747 140 418 414 223 75 203
internal_value=0.00054095 -2.76572 5.49788 0.0139651 3.71192 6.45494 -0.230693 6.69237 3.85522 0.13885 4.22124 3.21737 1.34012 4.71132
internal_weight=10800 7185 3615 1738 1263 2352 1468 1817 1197 969 757 440 270 343
internal_count=10800 7185 3615 1738 1263 2352 1468 1817 1197 969 757 440 270 343
is_linear=0
shrinkage=0.05


Tree=4
num_leaves=15
num_cat=0
split_feature=65 65 65 60 53 53 33 36 36 48 31 26 29 36
split_gain=5.93084e+07 6.39484e+06 2.22177e+06 203967 169641 154120 143218 140483 97740.7 76377.2 55111.3 37994.3 37715.5 34180.4
threshold=156.28901650000003 42.523274000000008 229.94297600000002 -0.8814490726585632 -0.29012925520284105 0.25881904510252057 19.931250000000002 21.963281250000005 20.71901041666667 6.1250000000000009 23.212500000000002 21.612500000000004 20.337500000000002 18.395963541666671
decision_type=2 2 2 2 2 2 2 2 2 2 2 2 2 2
left_child=1 -1 4 12 -2 -4 13 -5 -6 -10 -9 -11 -3 -7
right_child=2 3 5 7 8 6 -8 10 9 11 -12 -13 -14 -15
leaf_value=-3.4699013415937383 1.040351676940918 0.7050563264143217 4.0854223644610537 -0.89988169877231128 2.7236309758687423 4.4436390216533956 6.4554777139772597 -0.19641361156001055 4.3839868184162363 3.0404079804053676 0.56417670123376895 3.9529134539575539 1.8942231928655344 5.6745635693515544
leaf_weight=5447 66 142 96 499 235 90 1698 551 445 285 418 232 128 468
leaf_count=5447 66 142 96 499 235 90 1698 551 445 285 418 232 128 468
internal_value=0.000684418 -2.62744 5.22351 0.0133449 3.52716 6.13255 6.21781 -0.219177 3.66329 3.88976 0.131928 3.45673 1.27372 5.48433
internal_weight=10800 7185 3615 1738 1263 2352 2256 1468 1197 962 969 517 270 558
internal_count=10800 7185 3615 1738 1263 2352 2256 1468 1197 962 969 517 270 558
is_linear=0
shrinkage=0.05


Tree=5
num_leaves=15
num_cat=0
split_feature=65 65 65 53 60 53 34 36 36 48 53 48 36 36
split_gain=5.35348e+07 5.66198e+06 2.08762e+06 185162 167666 138829 129033 127149 95670.4 46232.9 40036.3 32965 27974.9 27812.7
threshold=151.48849750000002 42.523274000000008 229.94297600000002 -0.29012925520284105 -0.8814490726585632 0.25881904510252057 19.917708333333337 22.340885416666669 23.024739583333339 6.1250000000000009 0.956427977892087 6.1250000000000009 18.395963541666671 24.135286458333336
decision_type=2 2 2 2 2 2 2 2 2 2 2 2 2 2
left_child=1 -1 3 -2 -3 -4 12 -6 9 -5 13 -10 -7 -9
right_child=2 4 5 8 7 6 -8 10 11 -11 -12 -13 -14 -15
leaf_value=-3.2964380853151614 0.95567402708809834 1.1829071896708034 3.8832572307783302 3.5012483382067145 -0.75544900575425178 4.22389885200249 6.1195864821462393 -0.20446008332851698 4.3948593874087285 2.6185222157285359 1.2833095685431832 3.5607463796154351 5.3603212592715312 0.39538836082615691
leaf_weight=5447 79 253 96 301 615 90 1747 406 260 340 75 305 419 367
leaf_count=5447 79 253 96 301 615 90 1747 406 260 340 75 305 419 367
internal_value=0.00080945 -2.50755 4.9403 3.31524 -0.00295805 5.82636 5.90729 -0.2087 3.46888 3.03784 0.188244 3.95167 5.16806 0.080475
internal_weight=10800 7163 3637 1285 1716 2352 2256 1463 1206 641 848 565 509 773
internal_count=10800 7163 3637 1285 1716 2352 2256 1463 1206 641 848 565 509 773
is_linear=0
shrinkage=0.05


Tree=6
num_leaves=15
num_cat=0
split_feature=65 65 65 60 53 26 36 34 53 16 52 36 48 36
split_gain=4.83243e+07 5.20784e+06 1.80825e+06 166468 137992 128249 116407 84360.5 57070.7 48287.7 46357 42248 39919.8 38218.6
threshold=156.28901650000003 42.523274000000008 229.94297600000002 -0.8814490726585632 -0.29012925520284105 20.637500000000003 21.963281250000005 20.278125000000006 0.25881904510252057 172.67916100000005 0.97335555334614943 18.395963541666671 6.1250000000000009 18.395963541666671
decision_type=2 2 2 2 2 2 2 2 2 2 2 2 2 2
left_child=1 -1 4 -3 -2 10 -5 13 -7 -8 11 -4 -9 -6
right_child=2 3 5 6 7 8 9 12 -10 -11 -12 -13 -14 -15
leaf_value=-3.1316463596495239 0.94203998810653367 1.1503756380169154 4.0150246840256916 -0.81795549509041021 1.4268062519577316 3.8091960302213348 0.64979189757295086 4.0520795980165172 5.9186303135869025 -0.11405100416592351 3.5413909878647121 5.2845839623629196 3.2770446119466463 2.9131099409186749
leaf_weight=5447 66 270 90 499 52 40 298 343 1331 671 56 835 414 388
leaf_count=5447 66 270 90 499 52 40 298 343 1331 671 56 835 414 388
internal_value=0.00092284 -2.37139 4.71536 0.0117421 3.18499 5.53546 -0.19832 3.30777 5.85991 0.121284 5.07652 5.16553 3.6331 2.74109
internal_weight=10800 7185 3615 1738 1263 2352 1468 1197 1371 969 981 925 757 440
internal_count=10800 7185 3615 1738 1263 2352 1468 1197 1371 969 981 925 757 440
is_linear=0
shrinkage=0.05


Tree=7
num_leaves=15
num_cat=0
split_feature=65 65 65 60 53 53 33 33 36 31 48 29 26 17
split_gain=4.36192e+07 4.70024e+06 1.63237e+06 150289 130043 122402 108423 108020 81168.5 57715.5 53762.6 33922.8 31662.1 25790.1
threshold=156.28901650000003 42.523274000000008 228.24203700000001 -0.8814490726585632 0.25881904510252057 -0.29012925520284105 20.065625000000004 19.931250000000002 20.71901041666667 23.212500000000002 6.1250000000000009 20.337500000000002 21.487500000000004 2.2746480028614838e-05
decision_type=2 2 2 2 2 2 2 2 2 2 2 2 2 2
left_child=1 -1 5 11 -4 -2 -5 -6 -7 -8 -10 -3 -12 -9
right_child=2 3 4 6 7 8 9 13 10 -11 12 -13 -14 -15
leaf_value=-2.9750928407548631 0.89564101375750649 0.55499623362626227 3.4901771160440713 -0.90416106876503 4.6972843903239516 2.2549645553555404 -0.20874998955355184 5.7235473023342109 3.7511408979341696 0.5489487664628615 2.5684469954993894 1.6810640714427298 3.396027496408244 5.239642255631523
leaf_weight=5447 66 142 108 388 561 227 684 1038 436 396 270 128 243 666
leaf_count=5447 66 142 108 388 561 227 684 1038 436 396 270 128 243 666
internal_value=0.00102904 -2.25283 4.48008 0.01118 5.24933 3.0073 -0.188414 5.33163 3.12495 0.0693237 3.33045 1.09307 2.9663 5.5376
internal_weight=10800 7185 3615 1738 2373 1242 1468 2265 1176 1080 949 270 513 1704
internal_count=10800 7185 3615 1738 2373 1242 1468 2265 1176 1080 949 270 513 1704
is_linear=0
shrinkage=0.05


Tree=8
num_leaves=15
num_cat=0
split_feature=65 65 65 53 36 53 36 36 60 48 14 36 26 26
split_gain=3.9373e+07 4.16158e+06 1.53447e+06 134434 125140 117180 99449.7 74539.4 66917.1 51378.9 47793.7 42899.9 33579.4 27826.6
threshold=151.48849750000002 42.523274000000008 228.24203700000001 -0.29012925520284105 23.424218750000005 0.25881904510252057 22.950130208333338 20.237630208333339 -0.8814490726585632 6.1250000000000009 75.816505000000021 18.395963541666671 19.912500000000005 21.487500000000004
decision_type=2 2 2 2 2 2 2 2 2 2 2 2 2 2
left_child=1 -1 3 -2 8 -4 11 -5 -3 -9 -6 -7 -10 -11
right_child=2 4 5 7 10 6 -8 9 12 13 -12 -13 -14 -15
leaf_value=-2.8263654531361251 0.8167157843708992 0.64751443461577107 3.3172692745103749 1.9443185264017524 1.0842804247977236 3.5841961535778672 5.4326859118681003 3.5149541195910028 -0.93849459106431299 2.4349987827363564 0.20120914118635991 4.8257350088023454 -0.28790055000570641 3.1849428466796876
leaf_weight=5447 79 149 108 163 252 90 1064 469 288 304 390 1111 637 249
leaf_count=5447 79 149 108 163 252 90 1064 469 288 304 390 1111 637 249
internal_value=0.00111978 -2.15003 4.2372 2.8262 -0.00278544 4.98727 5.0654 2.95937 -0.332817 3.1192 0.548982 4.73576 -0.491259 2.77782
internal_weight=10800 7163 3637 1264 1716 2373 2265 1185 1074 1022 642 1201 925 553
internal_count=10800 7163 3637 1264 1716 2373 2265 1185 1074 1022 642 1201 925 553
is_linear=0
shrinkage=0.05


Tree=9
num_leaves=15
num_cat=0
split_feature=65 65 65 60 53 26 33 36 31 53 36 65 29 29
split_gain=3.55408e+07 3.82779e+06 1.32885e+06 125031 101214 100975 89429 67015 48884.6 42054.4 39389.3 34575.1 33683.7 30961.4
threshold=156.28901650000003 42.523274000000008 229.94297600000002 -0.8814490726585632 -0.29012925520284105 20.487500000000004 20.065625000000004 23.152734374999998 23.587500000000002 0.25881904510252057 18.395963541666671 189.71873300000001 18.512500000000003 21.062500000000004
decision_type=2 2 2 2 2 2 2 2 2 2 2 2 2 2
left_child=1 -1 4 13 -2 12 -5 10 -8 -7 -6 -12 -4 -3
right_child=2 3 5 6 7 9 8 -9 -10 -11 11 -13 -14 -15
leaf_value=-2.6850730713943731 0.81130102356868017 0.65866743523855609 3.6327038552420485 -0.82225748832627255 1.1458883528439505 3.328831057115035 -0.174037442130133 3.2709246973310848 0.54074424646732189 5.0778792577631338 2.0663672629392376 2.8818522294362388 4.4816502742939166 1.8551010379665778
leaf_weight=5447 66 195 174 388 52 43 724 521 356 1359 211 413 776 75
leaf_count=5447 66 195 174 388 52 43 724 521 356 1359 211 413 776 75
internal_value=0.00118852 -2.03328 4.04425 0.00983145 2.73233 4.74728 -0.172219 2.83749 0.061858 5.02665 2.4991 2.60985 4.33014 0.996629
internal_weight=10800 7185 3615 1738 1263 2352 1468 1197 1080 1402 676 624 950 270
internal_count=10800 7185 3615 1738 1263 2352 1468 1197 1080 1402 676 624 950 270
is_linear=0
shrinkage=0.05


Tree=10
num_leaves=15
num_cat=0
split_feature=65 65 65 60 53 53 36 36 36 48 36 31 35 26
split_gain=3.20797e+07 3.45481e+06 1.20032e+06 112938 99463.7 89734.6 83927.7 82649.9 62149.6 43241.5 32780.1 28709.3 28099.3 24626.3
threshold=156.28901650000003 42.523274000000008 228.24203700000001 -0.8814490726585632 0.25881904510252057 -0.29012925520284105 20.53151041666667 23.424218750000005 20.71901041666667 6.1250000000000009 23.214062500000004 19.762500000000003 21.369270833333339 21.487500000000004
decision_type=2 2 2 2 2 2 2 2 2 2 2 2 2 2
left_child=1 -1 5 12 -4 -2 -6 11 -7 -10 -8 -5 -3 -11
right_child=2 3 4 7 6 8 10 -9 9 13 -12 -13 -14 -15
leaf_value=-2.5508440215156991 0.77134142193609656 0.6165780962148073 2.965904868414643 -0.9076347533747553 3.8097963869218994 1.9196771017292091 4.4649688807861461 0.32853314426727592 3.2361313243820682 2.1848407164710912 4.9295588338097858 -0.28026742356858064 1.7431428847999513 2.912461289030607
leaf_weight=5447 66 192 108 249 337 227 940 539 436 270 988 680 78 243
leaf_count=5447 66 192 108 249 337 227 940 539 436 270 988 680 78 243
internal_value=0.00124979 -1.93162 3.84241 0.00939905 4.50205 2.57948 4.57395 -0.163623 2.68021 2.85992 4.70548 -0.449216 0.947261 2.5345
internal_weight=10800 7185 3615 1738 2373 1242 2265 1468 1176 949 1928 929 270 513
internal_count=10800 7185 3615 1738 2373 1242 2265 1468 1176 949 1928 929 270 513
is_linear=0
shrinkage=0.05


Tree=11
num_leaves=15
num_cat=0
split_feature=65 65 65 53 36 53 26 36 60 14 52 36 65 53
split_gain=2.89563e+07 3.05903e+06 1.12845e+06 99211.4 95184.7 89629 76712.1 59269.7 48636.1 37831.5 34224.1 32253.2 32966.7 27025.4
threshold=151.48849750000002 42.523274000000008 228.24203700000001 -0.29012925520284105 23.424218750000005 0.25881904510252057 19.012500000000003 23.024739583333339 -0.8814490726585632 75.816505000000021 -0.2901292552028415 18.395963541666671 189.71873300000001 0.956427977892087
decision_type=2 2 2 2 2 2 2 2 2 2 2 2 2 2
left_child=1 -1 3 -2 8 -4 -7 11 -3 -6 -8 -5 -13 -10
right_child=2 4 5 7 9 6 10 -9 13 -11 -12 12 -14 -15
leaf_value=-2.4233253180718108 0.6978413168713451 0.54544716772871715 2.8189700721600737 0.95388064784746551 0.95495880474686157 3.7268158640486471 4.089518568471167 2.9220922566923426 -0.50972449045442925 0.1693331592166058 4.6360061438712563 1.7566559036371068 2.5763564188659038 0.43709187634760538
leaf_weight=5447 79 149 108 50 252 444 480 553 843 390 1341 196 386 82
leaf_count=5447 79 149 108 50 252 444 480 553 843 390 1341 196 386 82
internal_value=0.00130828 -1.84346 3.63406 2.42405 -0.00250316 4.27729 4.34555 2.53845 -0.290337 0.478715 4.49428 2.19867 2.30379 -0.425409
internal_weight=10800 7163 3637 1264 1716 2373 2265 1185 1074 642 1821 632 582 925
internal_count=10800 7163 3637 1264 1716 2373 2265 1185 1074 642 1821 632 582 925
is_linear=0
shrinkage=0.05


Tree=12
num_leaves=15
num_cat=0
split_feature=65 65 65 60 53 36 33 53 36 31 48 36 29 32
split_gain=2.61384e+07 2.81353e+06 977435 93878.4 86538.5 73323.9 72929.9 71653.1 59739.5 38994 38505.1 32651.5 25490.9 23640.8
threshold=156.28901650000003 42.523274000000008 226.32048450000002 -0.8814490726585632 0.25881904510252057 22.950130208333338 20.046875000000004 -0.29012925520284105 20.237630208333339 23.212500000000002 6.1250000000000009 18.395963541666671 20.337500000000002 23.012500000000003
decision_type=2 2 2 2 2 2 2 2 2 2 2 2 2 2
left_child=1 -1 7 12 -4 11 -5 -2 -9 -8 -10 -6 -3 -7
right_child=2 3 4 6 5 13 9 8 10 -11 -12 -13 -14 -15
leaf_value=-2.3021813293210562 0.69897869629646425 0.39775265234333657 2.678832663022555 -0.74695091906856348 2.8518281307849254 4.583328665157425 -0.16946879421238142 1.4621210812345931 2.8910148689390009 0.45036659483331026 2.2496318913381037 3.9220275515216891 1.3727420220707449 3.9393526208545517
leaf_weight=5447 66 142 116 378 90 822 690 151 460 400 544 1120 128 246
leaf_count=5447 66 142 116 378 90 822 690 151 460 400 544 1120 128 246
internal_value=0.00135095 -1.74338 3.46862 0.00825878 4.05621 4.12515 -0.14949 2.31414 2.40575 0.058198 2.54608 3.84485 0.86333 4.43882
internal_weight=10800 7185 3615 1738 2394 2278 1468 1221 1155 1090 1004 1210 270 1068
internal_count=10800 7185 3615 1738 2394 2278 1468 1221 1155 1090 1004 1210 270 1068
is_linear=0
shrinkage=0.05


Tree=13
num_leaves=15
num_cat=0
split_feature=65 65 65 36 26 48 29 60 60 48 21 48 48 35
split_gain=2.35933e+07 2.53934e+06 882324 85931.4 74386.3 66688.9 52777.8 40254.9 39915 33862.1 33431.7 29031.8 28785.3 26508.1
threshold=156.28901650000003 42.523274000000008 228.24203700000001 23.424218750000005 20.637500000000003 6.1250000000000009 21.262500000000003 -0.8814490726585632 -0.8814490726585632 5.1250000000000009 1.4305838189958214e-05 21.125000000000004 5.1250000000000009 21.679166666666671
decision_type=2 2 2 2 2 2 2 2 2 2 2 2 2 2
left_child=1 -1 5 8 12 10 -7 -5 -3 -6 13 -11 -4 -2
right_child=2 3 4 7 9 6 -8 -9 -10 11 -12 -13 -14 -15
leaf_value=-2.18709339580872 2.7031237597078892 0.46389812820631526 3.7260979611069054 1.3303167525108335 4.3536012117014637 1.4033945814642754 2.2866422392348871 0.28373580922027702 -0.38909779862610883 2.5640768913122325 2.2418072061967687 3.9141217027391706 3.1149552938917529 3.8988797007380307
leaf_weight=5447 184 160 645 110 744 321 376 539 929 51 288 587 346 73
leaf_count=5447 184 160 645 110 744 321 376 539 929 51 288 587 346 73
internal_value=0.0013958 -1.65622 3.29553 0.00788335 3.86109 2.21274 1.88246 0.462896 -0.263462 4.10576 2.63091 3.81038 3.51608 3.05657
internal_weight=10800 7185 3615 1738 2373 1242 697 649 1089 1382 545 638 991 257
internal_count=10800 7185 3615 1738 2373 1242 697 649 1089 1382 545 638 991 257
is_linear=0
shrinkage=0.05


Tree=14
num_leaves=15
num_cat=0
split_feature=65 65 65 60 26 36 48 29 9 21 48 29 28 48
split_gain=2.13057e+07 2.37682e+06 728518 83319.9 66891.5 63896.2 59720.6 44287.7 31161.2 28274.7 27569.1 26946.6 25127.4 22774.6
threshold=162.68421800000002 63.145266500000005 229.94297600000002 -0.8814490726585632 20.712500000000002 21.850390625000006 6.1250000000000009 21.262500000000003 95.335915500000013 1.4305838189958214e-05 5.1250000000000009 18.512500000000003 21.062500000000004 21.125000000000004
decision_type=2 2 2 2 2 2 2 2 2 2 2 2 2 2
left_child=1 -1 6 -3 11 -5 9 -8 -7 12 -6 -4 -2 -12
right_child=2 3 4 5 10 8 7 -9 -10 -11 13 -13 -14 -15
leaf_value=-2.0735889790219408 2.5998368844389916 0.79180239315242762 2.7377440098353798 -0.59511006663726318 4.1361735971962537 0.48121186058214999 1.3859936989330857 2.2167419430951991 -0.10230873903095723 2.1903810772813599 2.4286015701293948 3.475937283781422 3.745008030690645 3.7246325788826784
leaf_weight=5469 191 303 174 473 737 360 304 360 624 289 44 818 75 579
leaf_count=5469 191 303 174 473 737 360 304 360 624 289 44 818 75 579
internal_value=0.00146359 -1.55935 3.16068 0.0388417 3.67529 -0.118181 2.16555 1.83906 0.111446 2.55216 3.91041 3.34934 2.93554 3.63714
internal_weight=10800 7229 3571 1760 2352 1457 1219 664 984 555 1360 992 266 623
internal_count=10800 7229 3571 1760 2352 1457 1219 664 984 555 1360 992 266 623
is_linear=0
shrinkage=0.05


Tree=15
num_leaves=15
num_cat=0
split_feature=65 65 65 60 53 33 36 36 48 31 36 47 30 32
split_gain=1.92319e+07 2.14632e+06 658181 77568.5 67935 60672.1 58658.4 55519.4 38269.1 29615.6 24930.9 24077.3 22330.4 21609.1
threshold=162.68421800000002 42.523274000000008 226.32048450000002 -0.8814490726585632 0.25881904510252057 20.003125000000004 20.263281250000002 20.237630208333339 6.1250000000000009 24.487500000000004 23.214062500000004 78.065104166666671 19.712500000000002 23.012500000000003
decision_type=2 2 2 2 2 2 2 2 2 2 2 2 2 2
left_child=1 -1 7 12 -4 -5 -6 11 -9 -7 -8 -2 -3 -12
right_child=2 3 4 5 6 9 10 8 -10 -11 13 -13 -14 -15
leaf_value=-1.974098251779699 0.090946159857075395 -0.084515918628312647 2.2618048928741716 -0.66922687008094639 2.836985979653079 -0.096120207184909365 3.4432148135360792 2.5149432526636435 1.8836320420152735 0.48442814774294896 3.9753903366300514 1.5069024978113958 0.97145698524671475 3.3584709207719889
leaf_weight=5447 40 63 116 379 282 798 1004 456 560 302 756 121 240 236
leaf_count=5447 40 63 116 379 282 798 1004 456 560 302 756 121 240 236
internal_value=0.00151607 -1.4814 3.00304 0.0248949 3.47944 -0.124544 3.54042 2.03193 2.16917 0.0635619 3.63834 1.15785 0.752342 3.83215
internal_weight=10800 7229 3571 1782 2394 1479 2278 1177 1016 1100 1996 161 303 992
internal_count=10800 7229 3571 1782 2394 1479 2278 1177 1016 1100 1996 161 303 992
is_linear=0
shrinkage=0.05


Tree=16
num_leaves=15
num_cat=0
split_feature=65 65 65 36 53 36 34 60 60 52 45 48 31 17
split_gain=1.73594e+07 1.93713e+06 594075 71528.4 61238.3 52922.1 52531.4 33802.1 32260.7 25114.6 30114 23967.9 22840.1 22661.4
threshold=162.68421800000002 42.523274000000008 226.32048450000002 23.663020833333334 0.25881904510252057 20.302864583333335 19.983333333333338 -0.8814490726585632 -0.8814490726585632 0.29012925520284133 81.302083333333357 6.1250000000000009 18.425000000000001 2.4022257355649861e-05
decision_type=2 2 2 2 2 2 2 2 2 2 2 2 2 2
left_child=1 -1 6 7 -4 -6 13 -3 -5 -7 -11 -8 -9 -2
right_child=2 3 4 8 5 9 11 12 -10 10 -12 -13 -14 -15
leaf_value=-1.8754114591427662 1.7399673089524297 0.40576578329908114 2.14968125045809 1.1920035634221149 2.7060761900701884 3.232050260081011 2.4601882473282193 -1.0463943968745881 0.27776531352043671 4.0240776404090548 3.4285951357763764 1.8975046989954276 -0.24750008727343098 0.91108837757312089
leaf_weight=5447 213 185 116 118 290 849 367 99 516 367 772 456 864 141
leaf_count=5447 213 185 116 118 290 849 367 99 516 367 772 456 864 141
internal_value=0.00153519 -1.40734 2.8532 0.0236671 3.3058 3.3637 1.93059 -0.21171 0.449532 3.45822 3.62383 2.1511 -0.33063 1.41332
internal_weight=10800 7229 3571 1782 2394 2278 1177 1148 634 1988 1139 823 963 354
internal_count=10800 7229 3571 1782 2394 2278 1177 1148 634 1988 1139 823 963 354
is_linear=0
shrinkage=0.05


Tree=17
num_leaves=15
num_cat=0
split_feature=65 65 65 31 53 36 34 60 48 35 36 31 9 32
split_gain=1.56693e+07 1.74911e+06 536174 65083.6 55202.6 48379.3 47756.8 37471.8 25372.8 24706.4 24297.6 22178.2 21896.9 18717.6
threshold=162.68421800000002 63.145266500000005 226.32048450000002 21.962500000000002 0.25881904510252057 22.950130208333338 20.355208333333337 -0.8814490726585632 6.1250000000000009 20.315625000000004 18.091406250000002 18.425000000000001 75.408333500000012 23.012500000000003
decision_type=2 2 2 2 2 2 2 2 2 2 2 2 2 2
left_child=1 -1 6 11 -4 10 8 -5 -2 -9 -6 -3 -8 -7
right_child=2 3 4 7 5 13 12 9 -10 -11 -12 -13 -14 -15
leaf_value=-1.7781148263893791 1.8385966656299737 -0.9227680053751286 2.0431158623124799 0.95819005115008038 2.0943351308037257 3.5747575832021625 2.3021705044065794 -0.63475057564156012 1.0792607295513155 0.26628184956718592 3.0324038115558949 -0.18226326777422358 1.7073710194070832 3.0189803826181514
leaf_weight=5469 207 117 116 184 84 822 460 85 249 661 1126 713 261 246
leaf_count=5469 207 117 116 184 84 822 460 85 249 661 1126 713 261 246
internal_value=0.00155684 -1.33698 2.71085 0.0340333 3.14083 3.19581 1.83436 0.321112 1.42723 0.162905 2.96906 -0.287632 2.08952 3.44969
internal_weight=10800 7229 3571 1760 2394 2278 1177 930 456 746 1210 830 721 1068
internal_count=10800 7229 3571 1760 2394 2278 1177 930 456 746 1210 830 721 1068
is_linear=0
shrinkage=0.05


Tree=18
num_leaves=15
num_cat=0
split_feature=65 65 65 53 36 26 36 11 48 36 52 65 17 48
split_gain=1.41446e+07 1.49222e+06 550440 59845 53685.1 50547.7 42159.3 33248.2 23603.6 22867.5 22297.7 20601.7 20493 17902
threshold=151.48849750000002 42.523274000000008 226.32048450000002 -0.29012925520284105 22.340885416666669 20.487500000000004 23.249348958333339 91.053470000000019 5.1250000000000009 18.395963541666671 0.97335555334614943 189.71873300000001 2.2746480028614838e-05 21.125000000000004
decision_type=2 2 2 2 2 2 2 2 2 2 2 2 2 2
left_child=1 -1 3 -2 -3 10 9 -6 -7 -5 12 -11 -4 -10
right_child=2 4 5 6 7 8 -8 -9 13 11 -12 -13 -14 -15
leaf_value=-1.6927686870535741 0.34790025180205708 -0.33144841736988251 2.9310234326964775 0.45318559563281585 0.59786850454680418 3.381806098059112 2.1362462634563939 0.0057445701406159573 2.0101410624750873 1.1959255682388406 1.7422421790086309 1.8074958044549694 2.3851868576656989 3.0228101218541465
leaf_weight=5447 79 718 623 48 386 764 482 612 56 221 64 413 288 599
leaf_count=5447 79 718 623 48 386 764 482 612 56 221 64 413 288 599
internal_value=0.00156414 -1.28777 2.54055 1.6846 -0.00198886 2.98408 1.77495 0.235132 3.17982 1.51684 2.69623 1.59653 2.76127 2.93943
internal_weight=10800 7163 3637 1243 1716 2394 1164 998 1419 682 975 634 911 655
internal_count=10800 7163 3637 1243 1716 2394 1164 998 1419 682 975 634 911 655
is_linear=0
shrinkage=0.05


Tree=19
num_leaves=15
num_cat=0
split_feature=65 65 65 64 36 34 30 60 60 48 26 37 31 48
split_gain=1.27703e+07 1.4244e+06 436746 63995.8 55250.3 43187.8 31632.7 27144.6 25211.5 22571.7 20323.9 19557.1 18939.3 18900.3
threshold=162.68421800000002 63.145266500000005 232.458088 231.22191750000005 23.663020833333334 19.917708333333337 19.162500000000005 -0.8814490726585632 -0.8814490726585632 6.1250000000000009 22.812500000000004 83.375000000000014 19.762500000000003 5.1250000000000009
decision_type=2 2 2 2 2 2 2 2 2 2 2 2 2 2
left_child=1 -1 3 6 7 -4 11 -3 -6 -8 13 -2 -9 -7
right_child=2 4 5 -5 8 10 9 12 -10 -11 -12 -13 -14 -15
leaf_value=-1.6048946812629048 -0.0001721957915051039 0.37312332159609246 2.4411560970408317 2.835341054514835 1.0604620564885501 3.031799107153244 1.9802399056214914 -0.66112654418684547 0.25192715710300267 1.4821979728441823 3.3118586173125091 1.2481861970717869 -0.1532193394016019 2.6199359424370159
leaf_weight=5469 42 185 523 113 118 852 407 249 514 576 405 123 694 530
leaf_count=5469 42 185 523 113 118 852 407 249 514 576 405 123 694 530
internal_value=0.00157848 -1.20681 2.44744 1.69664 0.0304198 2.85638 1.58219 -0.179245 0.404325 1.69021 2.97647 0.932335 -0.287891 2.87586
internal_weight=10800 7229 3571 1261 1760 2310 1148 1128 632 983 1787 165 943 1382
internal_count=10800 7229 3571 1261 1760 2310 1148 1128 632 983 1787 165 943 1382
is_linear=0
shrinkage=0.05


Tree=20
num_leaves=15
num_cat=0
split_feature=65 65 65 64 60 26 36 30 9 26 48 48 17 65
split_gain=1.1527e+07 1.28645e+06 394126 57858.4 51334.5 42546.9 40294.1 28695.5 23640.4 22600.9 21276.2 19315.9 18736 16926.9
threshold=162.68421800000002 42.523274000000008 232.458088 231.22191750000005 -0.8814490726585632 20.212500000000002 20.263281250000002 19.962500000000002 79.608916500000007 22.812500000000004 6.1250000000000009 5.1250000000000009 1.9866838054813594e-05 205.18064900000005
decision_type=2 2 2 2 2 2 2 2 2 2 2 2 2 2
left_child=1 -1 3 7 -3 -6 -4 13 -7 11 -9 -8 -11 -2
right_child=2 4 6 -5 5 8 9 10 -10 12 -12 -13 -14 -15
leaf_value=-1.5279158017533818 0.50032929418924843 0.61147304296318916 2.122921344311568 2.6948175815113804 -0.54391195804124048 0.44788779692988601 2.8395593615941253 1.9041948198049496 -0.080183869312347486 3.591032822601723 1.4138584396862028 2.4559789354644379 2.8306985437623728 1.4633836995137026
leaf_weight=5447 105 303 273 113 397 288 1040 389 794 164 572 592 241 82
leaf_count=5447 105 303 273 113 397 288 1040 389 794 164 572 592 241 82
internal_value=0.00158388 -1.14647 2.32533 1.61211 0.0196883 -0.101881 2.71381 1.50328 0.0606587 2.79192 1.61411 2.70201 3.14667 0.928169
internal_weight=10800 7229 3571 1261 1782 1479 2310 1148 1082 2037 961 1632 405 187
internal_count=10800 7229 3571 1261 1782 1479 2310 1148 1082 2037 961 1632 405 187
is_linear=0
shrinkage=0.05


Tree=21
num_leaves=15
num_cat=0
split_feature=65 65 65 64 60 33 29 34 28 53 48 30 48 36
split_gain=1.0406e+07 1.18213e+06 341142 65852.7 56585.1 41586.7 38892.2 27525.3 21363.7 21187 18265 17797 16110.4 15417.5
threshold=164.68652700000004 42.523274000000008 236.27183600000004 231.22191750000005 -0.8814490726585632 20.003125000000004 18.512500000000003 18.712500000000002 21.812500000000004 0.956427977892087 6.1250000000000009 19.712500000000002 5.1250000000000009 24.062760416666674
decision_type=2 2 2 2 2 2 2 2 2 2 2 2 2 2
left_child=1 -1 3 7 11 -6 -4 -2 12 13 -9 -3 -8 -7
right_child=2 4 6 -5 5 9 8 10 -10 -11 -12 -13 -14 -15
leaf_value=-1.4515340267474082 0.84153880398010927 -0.11580705887423114 1.8354627706918372 2.4999691203583119 -0.55203803059124912 -0.1639722305620484 2.6588847140129044 1.7996305853484071 2.8571368461908895 0.78238982525500633 1.3532534015692876 0.81472564905998301 2.2489840644679657 0.23978333506922664
leaf_weight=5447 167 64 165 171 384 636 754 418 870 90 567 255 437 375
leaf_count=5447 167 64 165 171 384 636 754 418 870 90 567 255 437 375
internal_value=0.00160062 -1.08419 2.21967 1.58162 0.0251598 -0.10473 2.59801 1.44325 2.65814 0.0516386 1.54431 0.628257 2.5105 -0.0141223
internal_weight=10800 7251 3549 1323 1804 1485 2226 1152 2061 1101 985 319 1191 1011
internal_count=10800 7251 3549 1323 1804 1485 2226 1152 2061 1101 985 319 1191 1011
is_linear=0
shrinkage=0.05


Tree=22
num_leaves=15
num_cat=0
split_feature=65 65 65 64 36 60 28 48 34 53 48 45 24 18
split_gain=9.39283e+06 1.06721e+06 307861 59498.3 49865.1 43567.8 35296.8 25145.2 24787.5 18209.6 17965.4 19505.5 28732.3 14313.9
threshold=164.68652700000004 63.145266500000005 236.27183600000004 231.22191750000005 20.649218750000006 -0.8814490726585632 18.962500000000002 6.1250000000000009 18.636458333333337 0.956427977892087 5.1250000000000009 81.302083333333357 290.03840000000008 27.949899145833339
decision_type=2 2 2 2 2 2 2 2 2 2 2 2 2 2
left_child=1 -1 3 7 -3 13 -4 -2 -9 -7 11 12 -8 -6
right_child=2 4 6 -5 5 9 10 8 -10 -11 -12 -13 -14 -15
leaf_value=-1.3761834904693162 1.6424048647884153 -0.51710408330853308 1.9222537294566202 2.3756974009580389 1.5787665450324617 -0.036204520392093605 3.2265317733714123 0.32247354188297372 1.2768863245273823 0.64229698000697921 2.3481107356859812 2.5169341250449144 2.1740568970640499 0.56931669868370327
leaf_weight=5469 496 334 277 171 41 1065 301 78 578 108 795 758 95 234
leaf_count=5469 496 334 277 171 41 1065 301 78 578 108 795 758 95 234
internal_value=0.00159299 -1.02998 2.10891 1.50279 0.0326888 0.159775 2.46832 1.37126 1.16407 0.0267601 2.54491 2.67833 2.98016 0.724991
internal_weight=10800 7251 3549 1323 1782 1448 2226 1152 656 1173 1949 1154 396 275
internal_count=10800 7251 3549 1323 1782 1448 2226 1152 656 1173 1949 1154 396 275
is_linear=0
shrinkage=0.05


Tree=23
num_leaves=15
num_cat=0
split_feature=65 65 65 64 60 26 29 53 36 33 64 22 34 32
split_gain=8.47842e+06 963826 277882 53759.8 46439.8 35354.2 32497.8 23694.5 23591.6 19044.3 18983.6 17331.8 16780.3 15747
threshold=164.68652700000004 42.523274000000008 236.27183600000004 231.22191750000005 -0.8814490726585632 20.212500000000002 18.512500000000003 -0.29012925520284105 18.395963541666671 21.243750000000002 201.91442500000002 134.27631088020837 21.376041666666669 22.012500000000003
decision_type=2 2 2 2 2 2 2 2 2 2 2 2 2 2
left_child=1 -1 3 7 12 -6 -4 -2 -9 -8 -7 -11 -3 -12
right_child=2 4 6 -5 5 10 9 8 -10 11 13 -13 -14 -15
leaf_value=-1.3101741372576194 0.10448589208649427 0.35349832637814665 1.6487087848674822 2.2576031485269237 -0.494262099328593 -0.067944529358765549 2.2550748318277729 0.29943403106815414 1.3968167544647168 3.0311362558634496 0.14438637515536284 2.4563560237254864 1.1823215693594462 0.94654765954322151
leaf_weight=5447 40 237 165 171 402 808 1145 52 1060 190 184 726 82 91
leaf_count=5447 40 237 165 171 402 808 1145 52 1060 190 184 726 82 91
internal_value=0.00159978 -0.978478 2.00372 1.42786 0.0232157 -0.0944555 2.34518 1.30284 1.34582 2.40011 0.0542682 2.57875 0.569579 0.412297
internal_weight=10800 7251 3549 1323 1804 1485 2226 1152 1112 2061 1083 916 319 275
internal_count=10800 7251 3549 1323 1804 1485 2226 1152 1112 2061 1083 916 319 275
is_linear=0
shrinkage=0.05


Tree=24
num_leaves=15
num_cat=0
split_feature=65 65 65 64 60 33 29 48 34 52 3 37 24 9
split_gain=7.65277e+06 869948 250822 48580.9 41941.4 32000.1 29301.8 22396.2 21492.5 18967 19754.2 21130.9 23748.8 17090.5
threshold=164.68652700000004 42.523274000000008 236.27183600000004 231.22191750000005 -0.8814490726585632 20.003125000000004 18.512500000000003 6.1250000000000009 18.712500000000002 0.97335555334614943 70.579213000000024 82.875000000000014 290.03840000000008 79.608916500000007
decision_type=2 2 2 2 2 2 2 2 2 2 2 2 2 2
left_child=1 -1 3 7 -3 -6 -4 -2 -9 10 11 12 -8 -7
right_child=2 4 6 -5 5 13 9 8 -10 -11 -12 -13 -14 -15
leaf_value=-1.2446775098729239 1.493399144718105 0.54134005238913241 1.5667699430003224 2.1453792549843014 -0.48209358443814487 0.36433295145242539 2.8486065758860173 0.3158431450194783 1.1558317740946273 1.3642942112000265 1.9714186932901088 2.2533745362242246 2.0044124087026298 -0.074824869499603833
leaf_weight=5447 496 319 165 171 384 306 405 89 567 60 392 1084 120 795
leaf_count=5447 496 319 165 171 384 306 405 89 567 60 392 1084 120 795
internal_value=0.00158551 -0.929549 1.90372 1.35662 0.0221121 -0.0897149 2.22813 1.23778 1.04252 2.2803 2.30707 2.38756 2.65983 0.0474497
internal_weight=10800 7251 3549 1323 1804 1485 2226 1152 656 2061 2001 1609 525 1101
internal_count=10800 7251 3549 1323 1804 1485 2226 1152 656 2061 2001 1609 525 1101
is_linear=0
shrinkage=0.05


Tree=25
num_leaves=15
num_cat=0
split_feature=65 65 65 64 36 60 28 53 36 48 17 36 24 51
split_gain=6.90789e+06 785351 226408 43895.2 39186.6 32884.8 28317.9 20765.8 20600.7 17942.8 16422.9 15430.5 14643.6 15680.9
threshold=164.68652700000004 63.145266500000005 236.27183600000004 231.22191750000005 20.649218750000006 -0.8814490726585632 21.262500000000003 -0.29012925520284105 18.395963541666671 5.1250000000000009 1.9866838054813594e-05 24.196093750000006 290.03840000000008 1.5000000000000002
decision_type=2 2 2 2 2 2 2 2 2 2 2 2 2 2
left_child=1 -1 3 7 -3 -6 9 -2 -9 -4 12 -7 13 -8
right_child=2 4 6 -5 5 11 10 8 -10 -11 -12 -13 -14 -15
leaf_value=-1.1800620680469918 0.055299498358877701 -0.45885727740296017 2.0994989885952009 2.0387339651584626 0.63223891559097434 -0.10113744055864099 2.2639452642324023 0.23941920815773732 1.2638940436423218 1.6897957962429471 2.0887770696507739 0.2846516561588282 2.069361602615666 2.9891614355482496
leaf_weight=5469 40 334 818 171 275 788 146 52 1060 448 446 385 147 221
leaf_count=5469 40 334 818 171 275 788 146 52 1060 448 446 385 147 221
internal_value=0.00158136 -0.883078 1.80878 1.28898 0.0285243 0.141184 2.117 1.17602 1.21625 1.95597 2.3271 0.0256202 2.52944 2.70759
internal_weight=10800 7251 3549 1323 1782 1448 2226 1152 1112 1266 960 1173 514 367
internal_count=10800 7251 3549 1323 1782 1448 2226 1152 1112 1266 960 1173 514 367
is_linear=0
shrinkage=0.05


Tree=26
num_leaves=15
num_cat=0
split_feature=65 65 65 64 36 36 34 31 52 65 60 10 37 24
split_gain=6.23555e+06 709225 204417 39906 35537.1 26501.8 20816 17978.5 17367.8 16878.7 16770.5 14848.3 19456.7 22385
threshold=164.68652700000004 42.523274000000008 236.27183600000004 226.10228050000003 23.424218750000005 20.263281250000002 18.712500000000002 18.425000000000001 0.97335555334614943 118.805513 -0.8814490726585632 31.238853250000002 82.875000000000014 290.03840000000008
decision_type=2 2 2 2 2 2 2 2 2 2 2 2 2 2
left_child=1 -1 3 6 7 -4 -2 -3 11 -6 -9 12 13 -7
right_child=2 4 5 -5 9 8 -8 10 -10 -11 -12 -13 -14 -15
leaf_value=-1.1234627709164668 0.58376152041446738 -0.73038361209134273 1.5250064766820621 1.8832936864910703 0.12144012114567555 2.612115005228123 1.1971550050584392 0.37016164286609959 1.2037784952609265 0.64328618744233002 -0.17448937473074935 1.7688399410551523 2.0364308888302709 1.8119323813070463
leaf_weight=5447 165 119 262 197 439 402 961 169 60 239 838 313 1063 126
leaf_count=5447 165 119 262 197 439 402 961 169 60 239 838 313 1063 126
internal_value=0.00157623 -0.83893 1.71858 1.22467 0.0203364 2.01144 1.10787 -0.151832 2.07552 0.306071 -0.0828067 2.10235 2.16681 2.42495
internal_weight=10800 7251 3549 1323 1804 2226 1126 1126 1964 678 1007 1904 1591 528
internal_count=10800 7251 3549 1323 1804 2226 1126 1126 1964 678 1007 1904 1591 528
is_linear=0
shrinkage=0.05


Tree=27
num_leaves=15
num_cat=0
split_feature=65 65 65 53 53 36 31 33 24 8 21 43 17 65
split_gain=5.62894e+06 571066 236037 44100.4 30556.9 29252.7 28700.9 23376.3 18897.8 17958.7 17449.5 15571.7 14672.5 13369.4
threshold=146.96493750000002 42.523274000000008 224.60736200000005 -0.29012925520284105 0.25881904510252057 22.816927083333336 19.762500000000003 21.243750000000002 278.91518350000007 261.38013950000004 1.4088495625161608e-05 82.875000000000014 2.2746480028614838e-05 90.727547000000001
decision_type=2 2 2 2 2 2 2 2 2 2 2 2 2 2
left_child=1 -1 3 -2 -4 -5 -3 12 -8 13 -9 -7 -6 -10
right_child=2 6 4 5 7 11 8 10 9 -11 -12 -13 -14 -15
leaf_value=-1.0672999478471787 0.042327106671067531 -0.47889779920682962 1.1026426709833599 0.86871194765419024 1.9018362275730458 1.1242985311117011 -0.055977462395145963 2.4948280939763907 -0.085450937375426306 -0.45618391411844644 1.9807995699893284 1.6546638966702365 1.5363512609686172 0.58698785608057047
leaf_weight=5447 103 273 125 582 892 310 901 244 94 63 707 271 447 341
leaf_count=5447 103 273 125 582 892 310 901 244 94 63 707 271 447 341
internal_value=0.00156097 -0.819231 1.58875 1.0344 1.87881 1.12215 -0.0109226 1.92067 0.0806747 0.327528 2.11517 1.3741 1.78106 0.441817
internal_weight=10800 7119 3681 1266 2415 1163 1672 2290 1399 498 951 581 1339 435
internal_count=10800 7119 3681 1266 2415 1163 1672 2290 1399 498 951 581 1339 435
is_linear=0
shrinkage=0.05


Tree=28
num_leaves=15
num_cat=0
split_feature=65 65 65 64 36 60 28 48 35 53 26 18 48 32
split_gain=5.08284e+06 577257 167151 33663.6 30525.2 26449.1 23523.3 19646.2 17761.8 14211.7 13806.2 14199.9 12254.2 13656.5
threshold=164.68652700000004 63.145266500000005 236.27183600000004 231.22191750000005 20.649218750000006 -0.8814490726585632 18.725000000000005 6.1250000000000009 21.735416666666669 0.956427977892087 22.812500000000004 45.201941791666677 5.1250000000000009 23.012500000000003
decision_type=2 2 2 2 2 2 2 2 2 2 2 2 2 2
left_child=1 -1 3 7 -3 -6 -4 -2 -9 -7 12 -12 13 -8
right_child=2 4 6 -5 5 9 10 8 -10 -11 11 -13 -14 -15
leaf_value=-1.0119322868758707 1.2449865644865143 -0.40592263898019915 1.3352168964097899 1.7615064710378647 0.56405907552891776 -0.035590437520994313 1.9652448767283834 0.55626417853214982 1.0798565576503527 0.56381719240303574 2.5908974768510507 1.9159623105238386 1.6147549487637916 1.1822077158725623
leaf_weight=5469 496 334 239 171 275 1065 937 322 334 108 133 256 596 65
leaf_count=5469 496 334 239 171 275 1065 937 322 334 108 133 256 596 65
internal_value=0.00153456 -0.757316 1.55173 1.10511 0.0242361 0.123669 1.81656 1.00623 0.824087 0.0200312 1.87375 2.15278 1.80452 1.91568
internal_weight=10800 7251 3549 1323 1782 1448 2226 1152 656 1173 1987 389 1598 1002
internal_count=10800 7251 3549 1323 1782 1448 2226 1152 656 1173 1987 389 1598 1002
is_linear=0
shrinkage=0.05


Tree=29
num_leaves=15
num_cat=0
split_feature=65 65 65 64 36 29 28 48 47 31 60 52 10 37
split_gain=4.58817e+06 521145 150882 30484.9 29045.6 21424.2 17520.5 15496.3 15350.3 14810 14238.7 13404.1 14064.1 14993.2
threshold=164.68652700000004 42.523274000000008 236.27183600000004 226.10228050000003 23.663020833333334 18.762500000000003 22.862500000000004 6.1250000000000009 78.256510416666671 18.112500000000004 -0.8814490726585632 0.97335555334614943 31.238853250000002 82.875000000000014
decision_type=2 2 2 2 2 2 2 2 2 2 2 2 2 2
left_child=1 -1 3 6 9 8 7 -2 -4 -3 -6 12 13 -7
right_child=2 4 5 -5 10 11 -8 -9 -10 -11 -12 -13 -14 -15
leaf_value=-0.96335737246598796 1.0916650336395282 -0.68070047918942067 0.3636910200119019 1.6255373260815338 0.7741654798388482 2.0785102979110106 1.3733563666296478 0.67466284790339903 1.4512204528751231 -0.07344470960231253 0.1730529977220841 1.0076205649336831 1.4849132129327576 1.7445159250766307
leaf_weight=5447 396 110 44 197 121 547 201 529 132 1056 517 60 334 1109
leaf_count=5447 396 110 44 197 121 547 201 529 132 1056 517 60 334 1109
internal_value=0.0015269 -0.719453 1.47436 1.05003 0.0171196 1.72597 0.947986 0.854171 1.18293 -0.131267 0.28809 1.77199 1.79452 1.85603
internal_weight=10800 7251 3549 1323 1804 2226 1126 925 176 1166 638 2050 1990 1656
internal_count=10800 7251 3549 1323 1804 2226 1126 925 176 1166 638 2050 1990 1656
is_linear=0
shrinkage=0.05


Tree=30
num_leaves=15
num_cat=0
split_feature=65 65 65 53 36 53 36 33 43 21 31 17 14 35
split_gain=4.14378e+06 418919 172664 35245.1 24035.7 23973.1 22808.7 18867.8 16463.3 14975.2 14954 13752.1 19101 12884.9
threshold=146.96493750000002 42.523274000000008 224.60736200000005 -0.29012925520284105 23.249348958333339 0.25881904510252057 24.196093750000006 21.243750000000002 82.375000000000014 1.4088495625161608e-05 18.112500000000004 2.9592160239579114e-06 98.91149525000003 21.735416666666669
decision_type=2 2 2 2 2 2 2 2 2 2 2 2 2 2
left_child=1 -1 3 -2 -5 -4 10 -7 -6 -9 -3 -12 -13 -8
right_child=2 6 5 4 8 7 13 9 -10 -11 11 12 -14 -15
leaf_value=-0.91519832430782133 0.002629508378987129 -0.72379850117783806 0.92487964876114381 0.77723406855712407 0.97474465323402026 1.5233762532075061 -0.28768596828628618 2.1723960170940475 1.5787608601117249 1.6991923171584891 -0.54641441306961125 0.22874541295527384 -0.20856632621360882 0.42108890723253856
leaf_weight=5447 103 94 125 690 265 1339 77 244 208 707 133 462 541 365
leaf_count=5447 103 94 125 690 265 1339 77 244 208 707 133 462 541 365
internal_value=0.0015067 -0.70273 1.36331 0.889175 0.967622 1.61139 -0.0104215 1.64845 1.24313 1.82276 -0.121133 -0.0706714 -0.0071054 0.297244
internal_weight=10800 7119 3681 1266 1163 2415 1672 2290 473 951 1230 1136 1003 442
internal_count=10800 7119 3681 1266 1163 2415 1672 2290 473 951 1230 1136 1003 442
is_linear=0
shrinkage=0.05


Tree=31
num_leaves=15
num_cat=0
split_feature=65 65 65 53 36 53 36 17 45 25 32 17 43 31
split_gain=3.74046e+06 370462 161800 36047.1 22884.3 21619.1 21357.7 17885 19630.8 17795 15289.4 15236.9 13517.1 12754.9
threshold=145.113167 42.523274000000008 224.60736200000005 -0.29012925520284105 22.816927083333336 0.25881904510252057 24.196093750000006 2.2746480028614838e-05 81.302083333333357 105.86682911295337 21.062500000000004 31.898947475167009 82.875000000000014 18.112500000000004
decision_type=2 2 2 2 2 2 2 2 2 2 2 2 2 2
left_child=1 -1 3 -2 -5 -4 13 8 9 10 -7 -9 -6 -3
right_child=2 6 5 4 12 7 -8 11 -10 -11 -12 -13 -14 -15
leaf_value=-0.86944684835257524 -0.0049510917920842137 -0.68783796047791845 0.87900268097097678 0.6961896014121064 0.91022948720224639 1.924243662092421 0.28644158635502576 1.1632040522296296 1.5522249045272165 1.555539785630522 2.7826720693837044 1.5884414168424481 1.4003213316093397 -0.075388651526327122
leaf_weight=5447 116 91 125 587 312 161 434 427 984 170 91 457 273 1125
leaf_count=5447 116 91 125 587 312 161 434 427 984 170 91 457 273 1125
internal_value=0.00146662 -0.670656 1.28946 0.835819 0.918968 1.53095 -0.0142742 1.56614 1.67923 1.97099 2.24401 1.38458 1.14094 -0.121749
internal_weight=10800 7097 3703 1288 1172 2415 1650 2290 1406 422 252 884 585 1216
internal_count=10800 7097 3703 1288 1172 2415 1650 2290 1406 422 252 884 585 1216
is_linear=0
shrinkage=0.05


Tree=32
num_leaves=15
num_cat=0
split_feature=65 65 65 64 60 26 36 48 35 53 52 52 42 26
split_gain=3.37737e+06 382549 111535 24245.5 24111.9 18790.6 18283.7 16819.3 14474.1 12157.6 13888.3 15832.9 11877.7 11210.6
threshold=164.68652700000004 63.145266500000005 236.27183600000004 236.98761950000002 -0.8814490726585632 20.212500000000002 20.263281250000002 6.1250000000000009 18.893750000000004 0.72947329433276265 -0.93540483100319605 -0.9103761370219875 73.125000000000014 22.987500000000004
decision_type=2 2 2 2 2 2 2 2 2 2 2 2 2 2
left_child=1 -1 3 7 12 -6 -4 -2 -9 10 -7 -12 -3 -8
right_child=2 4 6 -5 5 9 13 8 -10 -11 11 -13 -14 -15
leaf_value=-0.82439542988645531 1.038595179988189 1.1210917165279388 1.0799539539637222 1.5259906060355051 -0.36462496644817294 0.65265231640501464 1.4732653372022508 0.046529085369953926 0.74589268773227002 0.37241564139215783 -0.85629213484935462 -0.035958762554418607 0.2799779357134306 1.7896623345692952
leaf_weight=5469 522 49 262 139 388 65 1590 85 577 219 63 728 270 374
leaf_count=5469 522 49 262 139 388 65 1590 85 577 219 63 728 270 374
internal_value=0.00145396 -0.617121 1.26509 0.900265 0.0191135 -0.0668369 1.48142 0.82558 0.656301 0.0408828 -0.0442726 -0.102294 0.412277 1.5344
internal_weight=10800 7251 3549 1323 1782 1463 2226 1184 662 1075 856 791 319 1964
internal_count=10800 7251 3549 1323 1782 1463 2226 1184 662 1075 856 791 319 1964
is_linear=0
shrinkage=0.05


Tree=33
num_leaves=15
num_cat=0
split_feature=65 65 65 64 60 29 65 29 36 48 47 40 26 18
split_gain=3.04844e+06 345286 100650 21935 21782.7 17108.3 17240.3 16951 14270.1 13883 13532.1 11415.7 11015.7 12375.6
threshold=164.68652700000004 63.145266500000005 236.27183600000004 231.22191750000005 -0.8814490726585632 21.112500000000004 84.261643500000005 18.512500000000003 18.091406250000002 6.1250000000000009 78.256510416666671 86.625000000000014 22.987500000000004 36.676776666666676
decision_type=2 2 2 2 2 2 2 2 2 2 2 2 2 2
left_child=1 -1 3 8 11 -6 -7 10 -2 -10 -4 -3 -9 -14
right_child=2 4 7 -5 5 6 -8 12 9 -11 -12 -13 13 -15
leaf_value=-0.78318324058866595 -0.06699664467299471 0.64536863566127167 0.11821980023800971 1.3849549110545669 -0.23398356191307684 -0.39143096783331466 0.22563494865126149 1.3896573329317909 1.0184333266182379 0.65698790589162104 1.1681139890670778 0.039730827609697983 2.1745681947132325 1.5079720535984746
leaf_weight=5469 48 185 41 171 733 139 591 1687 472 632 124 134 105 269
leaf_count=5469 48 185 41 171 733 139 591 1687 472 632 124 134 105 269
internal_value=0.00141848 -0.586263 1.20194 0.855379 0.0181906 -0.063503 0.107764 1.40744 0.775637 0.812301 0.909515 0.391882 1.44685 1.70042
internal_weight=10800 7251 3549 1323 1782 1463 730 2226 1152 1104 165 319 2061 374
internal_count=10800 7251 3549 1323 1782 1463 730 2226 1152 1104 165 319 2061 374
is_linear=0
shrinkage=0.05


Tree=34
num_leaves=15
num_cat=0
split_feature=65 65 65 53 36 53 26 25 28 64 13 43 52 52
split_gain=2.75185e+06 273005 119058 32402 22770.2 19419.9 23375 18474.5 15538.1 13728.3 13087 11616.9 11317.1 14206.1
threshold=145.113167 28.000000000000004 236.27183600000004 -0.29012925520284105 23.152734374999998 0.956427977892087 19.262500000000003 110.65619292753755 18.725000000000005 234.25517050000002 35.787237843658509 82.125000000000014 -0.93540483100319605 -0.9103761370219875
decision_type=2 2 2 2 2 2 2 2 2 2 2 2 2 2
left_child=1 -1 3 -2 11 6 -3 9 -4 -6 12 -5 -8 -14
right_child=2 5 8 4 7 -7 10 -9 -10 -11 -12 -13 13 -15
leaf_value=-0.75006980100677056 -0.0446132749467332 -0.48289844787377922 0.94794360361217211 0.21857568905309394 1.0465471730653 0.58793221155802411 0.55658903945894811 0.39215865026299773 1.3835363744137812 1.7291952383645037 0.31324232924230322 0.73316035715338501 -0.79679721414377658 -0.056802997515700115
leaf_weight=5383 116 283 239 134 413 119 67 90 1987 93 290 631 69 886
leaf_count=5383 116 283 239 134 413 119 67 90 1987 93 290 631 69 886
internal_value=0.00138856 -0.575109 1.10613 0.757203 0.825526 -0.0255101 -0.0716176 1.05779 1.33721 1.17518 0.0173964 0.643427 -0.0667762 -0.111046
internal_weight=10800 7097 3703 1477 1361 1714 1595 596 2226 506 1312 765 1022 955
internal_count=10800 7097 3703 1477 1361 1714 1595 596 2226 506 1312 765 1022 955
is_linear=0
shrinkage=0.05


Tree=35
num_leaves=15
num_cat=0
split_feature=65 65 65 53 36 53 26 43 43 34 13 48 36 17
split_gain=2.48382e+06 246394 107416 29254.8 21011.1 17541 21103.6 16159.8 15894.8 14889.3 11815.5 11788.9 11461.4 10928.3
threshold=145.113167 28.000000000000004 236.27183600000004 -0.29012925520284105 22.816927083333336 0.956427977892087 19.262500000000003 80.625000000000014 82.875000000000014 21.542708333333341 35.787237843658509 5.1250000000000009 18.395963541666671 1.9866838054813594e-05
decision_type=2 2 2 2 2 2 2 2 2 2 2 2 2 2
left_child=1 -1 3 -2 7 6 -3 -5 -6 11 -8 -4 -9 -11
right_child=2 5 9 4 8 -7 10 12 -10 13 -12 -13 -14 -15
leaf_value=-0.71257328582376822 -0.042401674912016622 -0.45883854369200033 1.2702916866893881 -0.1219543384158448 0.74497975385825677 0.5587805721660456 -0.063451866531892082 -0.062714901894330974 1.2314709001508628 1.5835399661263994 0.29763403177210146 0.94553123111898152 0.73386160871501516 1.232428916362492
leaf_weight=5383 116 283 818 72 358 119 1022 49 329 512 290 453 553 443
leaf_count=5383 116 283 818 72 358 119 1022 49 329 512 290 453 553 443
internal_value=0.00134587 -0.546358 1.05091 0.719481 0.784401 -0.024231 -0.0680513 0.584475 0.979409 1.27041 0.0165272 1.15538 0.669028 1.42213
internal_weight=10800 7097 3703 1477 1361 1714 1595 674 687 2226 1312 1271 602 955
internal_count=10800 7097 3703 1477 1361 1714 1595 674 687 2226 1312 1271 602 955
is_linear=0
shrinkage=0.05


Tree=36
num_leaves=15
num_cat=0
split_feature=65 65 65 60 53 52 27 52 17 44 25 32 26 45
split_gain=2.24252e+06 254279 73834.5 19080.3 19061 19038 15466.7 13933.4 16842 14754.7 17013.2 18240.3 12749.7 12099.7
threshold=164.68652700000004 42.523274000000008 236.27183600000004 -0.8814490726585632 1.0000000180025095e-35 0.29012925520284133 23.612500000000004 0.97335555334614943 2.2746480028614838e-05 82.968750000000014 105.86682911295337 21.062500000000004 22.037500000000005 86.052083333333357
decision_type=2 2 2 2 2 2 2 2 2 2 2 2 2 2
left_child=1 -1 4 -3 -2 12 -5 8 9 10 11 -4 -6 -7
right_child=2 3 7 6 5 13 -8 -9 -10 -11 -12 -13 -14 -15
leaf_value=-0.67310710994857703 0.40244696709849503 0.36198247122927568 1.547973462442557 -0.13939612317472477 0.54683796813301111 1.4275245043539233 0.279539896623962 0.49255893670994305 1.0507453796632342 1.217822706212383 1.1855469493226634 2.4708683112772505 1.0163581352138744 0.78033732008628964
leaf_weight=5447 329 319 191 1217 471 185 268 68 840 868 178 81 212 126
leaf_count=5447 329 319 191 1217 471 185 268 68 840 868 178 81 212 126
internal_value=0.00131161 -0.502736 1.03099 0.0117707 0.734155 0.843431 -0.0636529 1.207 1.22927 1.34217 1.57879 1.83085 0.693848 1.16866
internal_weight=10800 7251 3549 1804 1323 994 1485 2226 2158 1318 450 272 683 311
internal_count=10800 7251 3549 1804 1323 994 1485 2226 2158 1318 450 272 683 311
is_linear=0
shrinkage=0.05


Tree=37
num_leaves=15
num_cat=0
split_feature=65 65 65 36 47 53 26 27 53 53 52 17 18 13
split_gain=2.02437e+06 201052 87498.8 24678.6 16989.1 15863.7 18759.5 15668.9 14163.6 13911.4 13107.9 12352.8 10927.2 10211.5
threshold=145.113167 28.000000000000004 224.60736200000005 20.172395833333336 77.966145833333357 0.956427977892087 19.262500000000003 22.087500000000002 0.25881904510252057 -0.29012925520284105 0.41248606129204562 2.2746480028614838e-05 40.980180208333344 35.787237843658509
decision_type=2 2 2 2 2 2 2 2 2 2 2 2 2 2
left_child=1 -1 3 4 -2 6 -3 8 -4 -5 -10 -12 -9 -8
right_child=2 5 7 9 -6 -7 13 12 10 -11 11 -13 -14 -15
leaf_value=-0.64330214439139866 -0.68678998505731803 -0.43163191037052506 0.49814998726953164 0.10470143295005784 0.38278977515836882 0.53292395869890852 -0.057797451871597488 1.7057272726400741 0.94093865412333066 0.75434363415370176 1.2677847625882261 0.56651280410850136 1.2037788630593198 0.27788583358743346
leaf_weight=5383 52 283 109 90 123 119 1022 172 815 1023 899 70 350 290
leaf_count=5383 52 283 109 90 123 119 1022 172 815 1023 899 70 350 290
internal_value=0.00130143 -0.493158 0.948836 0.615238 0.0628754 -0.0215129 -0.0631864 1.12643 1.05799 0.701953 1.0919 1.21776 1.37212 0.016556
internal_weight=10800 7097 3703 1288 175 1714 1595 2415 1893 1113 1784 969 522 1312
internal_count=10800 7097 3703 1288 175 1714 1595 2415 1893 1113 1784 969 522 1312
is_linear=0
shrinkage=0.05


Tree=38
num_leaves=15
num_cat=0
split_feature=65 65 65 24 53 52 8 27 65 48 36 57 52 52
split_gain=1.82746e+06 207602 60406.7 18133.2 16582.6 16991.2 16314.6 12864 11703.7 11312.2 10891.3 14049.9 14632.9 11480
threshold=164.68652700000004 77.844594000000015 236.27183600000004 278.91518350000007 1.0000000180025095e-35 0.29012925520284133 261.38013950000004 18.962500000000002 24.000000000000004 21.125000000000004 18.666666666666668 3.5000000000000004 0.29012925520284133 -0.68322629814330782
decision_type=2 2 2 2 2 2 2 2 2 2 2 2 2 2
left_child=1 8 4 10 -2 9 -5 -4 -1 -6 -3 -12 13 -13
right_child=2 3 7 6 5 -7 -8 -9 -10 -11 11 12 -14 -15
leaf_value=-0.63204661056526712 0.35303188638366534 -0.7819928847826445 0.77934600399745013 0.38042191600504138 0.56345722042642077 1.071300775754767 -0.51733908276808893 1.1377521644911586 -0.43404964496868437 1.3358532098623424 0.093246510732416993 -0.65156176506921104 -0.62080568017278404 0.18128395628099894
leaf_weight=4679 329 51 299 458 632 311 56 1927 900 51 704 53 174 176
leaf_count=4679 329 51 299 458 632 311 56 1927 900 51 704 53 174 176
internal_value=0.00126606 -0.45375 0.93078 0.0349447 0.662295 0.7642 0.281797 1.08998 -0.600189 0.623001 -0.0747739 -0.0415156 -0.276579 -0.0134655
internal_weight=10800 7251 3549 1672 1323 994 514 2226 5579 683 1158 1107 403 229
internal_count=10800 7251 3549 1672 1323 994 514 2226 5579 683 1158 1107 403 229
is_linear=0
shrinkage=0.05


Tree=39
num_leaves=15
num_cat=0
split_feature=65 65 65 53 24 57 25 53 26 26 36 57 51 65
split_gain=1.65038e+06 163985 71254.3 21270.2 17513.5 18764.3 18306 13615.4 15649.8 12189.7 11834.1 11174.3 9855.08 8939.22
threshold=145.113167 28.000000000000004 236.27183600000004 -0.29012925520284105 277.75656700000008 3.5000000000000004 110.65619292753755 0.956427977892087 19.262500000000003 20.712500000000002 18.395963541666671 3.5000000000000004 1.5000000000000002 86.489938500000008
decision_type=2 2 2 2 2 2 2 2 2 2 2 2 2 2
left_child=1 -1 3 -2 5 10 -6 8 -3 11 -5 -4 -7 -10
right_child=2 7 9 4 6 12 -8 -9 13 -11 -12 -13 -14 -15
leaf_value=-0.58084103832627487 -0.062615227206554422 -0.39442133613350527 0.96411386701774304 -0.1189357412311266 1.0173664683395107 0.45801735288005763 0.22759404271984329 0.4943581237643957 -0.23399405028200429 1.1366207202770757 0.66197735598408136 0.45431062933057548 -0.39379864387999985 0.083252686041811075
leaf_weight=5383 116 283 811 52 413 58 90 119 282 1288 669 127 79 1030
leaf_count=5383 116 283 811 52 413 58 90 119 282 1288 669 127 79 1030
internal_value=0.00121321 -0.445242 0.856758 0.586817 0.642174 0.503772 0.876787 -0.0192883 -0.0578963 1.03553 0.60557 0.895647 -0.0324701 0.0149377
internal_weight=10800 7097 3703 1477 1361 858 503 1714 1595 2226 721 938 137 1312
internal_count=10800 7097 3703 1477 1361 858 503 1714 1595 2226 721 938 137 1312
is_linear=0
shrinkage=0.05


Tree=40
num_leaves=15
num_cat=0
split_feature=65 65 65 30 37 64 21 21 36 52 17 44 25 32
split_gain=1.48962e+06 147998 64306 19699.4 15881.4 13887.1 13308.8 13403.2 13268.4 11564.4 13932.8 12711.5 17025.2 16765
threshold=145.113167 28.000000000000004 236.27183600000004 19.962500000000002 82.625000000000014 266.4081935000001 1.4402954876835646e-05 9.1621876858736614e-06 24.196093750000006 0.97335555334614943 2.2746480028614838e-05 82.656250000000014 105.86682911295337 21.062500000000004
decision_type=2 2 2 2 2 2 2 2 2 2 2 2 2 2
left_child=1 -1 3 4 -2 6 7 -5 -3 10 11 12 13 -4
right_child=2 8 9 5 -6 -7 -8 -9 -10 -11 -12 -13 -14 -15
leaf_value=-0.55180437924426173 -0.63691498691556403 -0.10220562075597897 1.3112989939071917 0.62792990446566521 0.35350713409035589 1.513534543849528 0.46995493772344626 1.2087078513325873 0.21211052407270634 0.33559104571307918 0.84228638603886885 0.99703918794084889 0.93742779582738889 2.2142294624183751
leaf_weight=5383 51 1257 175 320 182 43 734 147 457 68 840 896 169 78
leaf_count=5383 51 1257 175 320 182 43 734 147 457 68 840 896 169 78
internal_value=0.00116974 -0.422984 0.813979 0.557536 0.134924 0.636519 0.603886 0.812936 -0.0183254 0.983807 1.00407 1.10646 1.33588 1.59729
internal_weight=10800 7097 3703 1477 233 1244 1201 467 1714 2226 2158 1318 422 253
internal_count=10800 7097 3703 1477 233 1244 1201 467 1714 2226 2158 1318 422 253
is_linear=0
shrinkage=0.05


Tree=41
num_leaves=15
num_cat=0
split_feature=65 65 64 25 45 24 8 34 45 24 57 32 51 22
split_gain=1.34507e+06 153273 45958 30976.7 31760.6 15028 14484.5 11804.2 12284.2 10333.4 19785 12441.7 11865.8 11329.4
threshold=164.68652700000004 77.844594000000015 240.43210950000005 1.3929144003015315 80.635416666666671 278.91518350000007 261.38013950000004 18.462500000000002 93.885416666666671 277.75656700000008 3.5000000000000004 21.012500000000003 3.5000000000000004 148.4124377447917
decision_type=2 2 2 2 2 2 2 2 2 2 2 2 2 2
left_child=1 -1 3 4 -2 -3 -7 8 -5 10 11 -4 -12 -11
right_child=2 5 9 7 -6 6 -8 -9 -10 13 12 -13 -14 -15
leaf_value=-0.51504035485704769 2.0658015670447516 -0.069186559600419681 1.1153573340527108 -0.019808604020032695 0.8173433678150348 0.34836231722153549 -0.49748656143221948 0.56705097855686937 0.94160811770253072 1.2106861001950628 0.67322717266039811 0.63311022506732695 -0.21635836396823849 0.71861077501376469
leaf_weight=5579 57 1158 502 175 461 458 56 1153 40 657 110 189 56 149
leaf_count=5579 57 1158 502 175 461 458 56 1153 40 657 110 189 56 149
internal_value=0.00115631 -0.389213 0.798608 0.629001 0.958438 0.030696 0.255421 0.50365 0.162591 0.990465 0.866797 0.98456 0.373627 1.12072
internal_weight=10800 7251 3549 1886 518 1672 514 1368 215 1663 857 691 166 806
internal_count=10800 7251 3549 1886 518 1672 514 1368 215 1663 857 691 166 806
is_linear=0
shrinkage=0.05


Tree=42
num_leaves=15
num_cat=0
split_feature=65 65 65 53 24 57 25 53 26 33 36 22 51 24
split_gain=1.21491e+06 121156 53078.9 17147 14753.3 16255.2 16135.1 12075.5 13294.5 10296.5 9553.98 9177.3 8514.72 8244.33
threshold=145.113167 28.000000000000004 236.27183600000004 -0.29012925520284105 277.75656700000008 3.5000000000000004 110.65619292753755 0.956427977892087 19.262500000000003 21.243750000000002 18.395963541666671 134.27631088020837 1.5000000000000002 277.75656700000008
decision_type=2 2 2 2 2 2 2 2 2 2 2 2 2 2
left_child=1 -1 3 -2 5 10 -6 8 -3 -4 -5 -11 -7 -13
right_child=2 7 9 4 6 12 -8 -9 -10 11 -12 13 -14 -15
leaf_value=-0.49847203978457744 -0.080706496498523628 -0.36232084229483574 0.79780501314246366 -0.13086254927066138 0.89909172010594518 0.38244317370956232 0.15843123173811935 0.46793521970204899 0.014977755406291579 1.3337730064442022 0.5704226811466836 0.64315863040850518 -0.40941402532916982 1.0356743652972014
leaf_weight=5383 116 283 1310 52 413 58 90 119 1312 190 669 187 79 539
leaf_count=5383 116 283 1310 52 413 58 90 119 1312 190 669 187 79 539
internal_value=0.00113448 -0.381918 0.73518 0.502204 0.551909 0.424981 0.767145 -0.0157907 -0.0521512 0.889471 0.519733 1.01955 -0.0738332 0.935596
internal_weight=10800 7097 3703 1477 1361 858 503 1714 1595 2226 721 916 137 726
internal_count=10800 7097 3703 1477 1361 858 503 1714 1595 2226 721 916 137 726
is_linear=0
shrinkage=0.05


Tree=43
num_leaves=15
num_cat=0
split_feature=65 65 65 36 47 27 36 42 21 35 51 47 18 36
split_gain=1.09661e+06 109347 48016.7 16100.1 14344.6 12269 11183.7 10818 14987.8 10076.4 10454.9 14634 9621.26 9332.89
threshold=145.113167 28.000000000000004 219.14604000000003 20.172395833333336 77.966145833333357 22.087500000000002 24.196093750000006 73.625000000000014 1.4402954876835646e-05 21.626562500000002 1.5000000000000002 64.203125000000014 40.980180208333344 24.179687500000004
decision_type=2 2 2 2 2 2 2 2 2 2 2 2 2 2
left_child=1 -1 3 4 -2 13 -3 8 -5 -8 -11 -12 -7 -4
right_child=2 6 5 7 -6 12 9 -9 -10 10 11 -13 -14 -15
leaf_value=-0.47355305829692917 -0.79298233405094265 -0.092007968125832285 0.80245440488553121 1.0343815704698922 0.2601060378869049 1.3478014911242895 -0.38631450096145276 0.3603580329270637 0.46803985772053186 0.72377744895740626 -0.60713711171238516 0.30410609130437177 0.88688862297224669 0.43487075429579936
leaf_weight=5383 43 1257 1744 188 121 174 63 558 315 102 53 239 364 196
leaf_count=5383 43 1257 1744 188 121 174 63 558 315 102 53 239 364 196
internal_value=0.00110008 -0.362825 0.698492 0.441828 -0.0191411 0.825144 -0.0149977 0.513031 0.681347 0.196561 0.290504 0.137202 1.03818 0.76556
internal_weight=10800 7097 3703 1225 164 2478 1714 1061 503 457 394 292 538 1940
internal_count=10800 7097 3703 1225 164 2478 1714 1061 503 457 394 292 538 1940
is_linear=0
shrinkage=0.05


Tree=44
num_leaves=15
num_cat=0
split_feature=65 65 65 29 43 18 53 26 26 48 32 18 48 48
split_gain=991470 73062.8 64477.1 19395.7 13442.5 12991.4 11679.6 11151.2 9762.21 9337.32 12494.7 8908.01 8099.2 7610.68
threshold=127.49180350000002 28.000000000000004 219.14604000000003 21.262500000000003 82.625000000000014 22.733333333333338 0.956427977892087 22.087500000000002 19.962500000000002 5.1250000000000009 23.012500000000003 50.832282041666673 22.375000000000004 1.1250000000000002
decision_type=2 2 2 2 2 2 2 2 2 2 2 2 2 2
left_child=1 -1 3 4 -2 -5 8 9 -3 10 13 -9 -11 -4
right_child=2 6 7 5 -6 -7 -8 11 -10 12 -12 -13 -14 -15
leaf_value=-0.44987981776425956 -0.13776017303383628 -0.34853477640104763 0.38457730976213894 0.90047787153484793 0.32391177450913977 0.42360873076259087 0.55564390750307779 1.2624109531060244 -0.013894866305177897 0.43957418166589979 0.15461051040801452 0.82738173649792213 0.77135517764726336 0.89140184254485855
leaf_weight=5383 214 272 82 201 593 503 75 194 1081 418 68 331 337 1048
leaf_count=5383 214 272 82 201 593 503 75 194 1081 418 68 331 337 1048
internal_value=0.00106484 -0.365547 0.62697 0.369167 0.201467 0.560844 -0.0475544 0.783957 -0.0813768 0.728029 0.815403 0.99023 0.588492 0.854996
internal_weight=10800 6811 3989 1511 807 704 1428 2478 1353 1953 1198 525 755 1130
internal_count=10800 6811 3989 1511 807 704 1428 2478 1353 1953 1198 525 755 1130
is_linear=0
shrinkage=0.05


Tree=45
num_leaves=15
num_cat=0
split_feature=65 65 65 64 21 28 30 53 31 45 48 24 57 32
split_gain=894953 65994.6 59269.9 20669.3 20474.4 16991.4 13687.6 12725.9 10295.4 10170.4 8983.57 8659.43 16934.4 11098.7
threshold=127.49180350000002 42.523274000000008 190.56998100000001 240.43210950000005 1.4305838189958214e-05 23.712500000000002 19.962500000000002 1.0000000180025095e-35 20.987500000000004 83.427083333333357 1.1250000000000002 277.75656700000008 3.5000000000000004 21.012500000000003
decision_type=2 2 2 2 2 2 2 2 2 2 2 2 2 2
left_child=1 -1 6 4 5 7 9 -4 -3 -2 -9 12 13 -5
right_child=2 8 3 11 -6 -7 -8 10 -10 -11 -12 -13 -14 -15
leaf_value=-0.42514312437102308 -0.84985012342763511 -0.23768954041261253 0.068461479396792133 0.937309100274478 0.35075723109034185 1.7218653678894045 0.32062471094046746 0.10903572989282784 0.057324337241282768 0.046009044172935006 0.78757011708608293 0.93772287343095684 0.24979408989677176 0.48344001528402591
leaf_weight=5447 42 432 79 502 660 40 677 53 932 120 667 794 166 189
leaf_count=5447 42 432 79 502 660 40 677 53 932 120 667 794 166 189
internal_value=0.0010393 -0.347272 0.5957 0.695155 0.559939 0.723879 0.221913 0.671827 -0.0362168 -0.19004 0.737843 0.817509 0.70517 0.814046
internal_weight=10800 6811 3989 3150 1499 839 839 799 1364 162 720 1651 857 691
internal_count=10800 6811 3989 3150 1499 839 839 799 1364 162 720 1651 857 691
is_linear=0
shrinkage=0.05


Tree=46
num_leaves=15
num_cat=0
split_feature=65 65 64 25 45 29 41 43 34 45 65 47 36 48
split_gain=808176 93302.9 30570 21393.2 25364.7 15097.4 20604.7 12194 9901.77 10751.9 9230.5 8650.31 10368.3 8636.27
threshold=164.68652700000004 82.382441500000013 240.43210950000005 1.3929144003015315 80.635416666666671 21.112500000000004 86.375000000000014 82.375000000000014 18.462500000000002 93.885416666666671 24.000000000000004 78.825520833333357 21.325911458333337 1.1250000000000002
decision_type=2 2 2 2 2 2 2 2 2 2 2 2 2 2
left_child=1 10 3 4 -2 7 -7 -3 9 -5 -1 -9 -13 -6
right_child=2 5 -4 8 13 6 -8 11 -10 -11 -12 12 -14 -15
leaf_value=-0.42575167460319324 1.7430835362138422 -0.28052763161894217 0.77558892015211045 -0.10529284317321569 0.093020836862199238 0.1349561587965051 1.1882685177326202 0.35146585687424969 0.43480179252561374 0.79385047118838248 -0.25706220563610355 0.15920122920258628 -0.50813025229338871 0.71630887978778268
leaf_weight=4679 57 454 1663 175 65 657 49 182 1153 40 988 147 95 396
leaf_count=4679 57 454 1663 175 65 657 49 182 1153 40 988 147 95 396
internal_value=0.00100843 -0.301583 0.619147 0.480864 0.754553 0.0376492 0.209639 -0.100729 0.376755 0.0648904 -0.396392 0.0919989 -0.103781 0.628818
internal_weight=10800 7251 3549 1886 518 1584 706 878 1368 215 5667 424 242 461
internal_count=10800 7251 3549 1886 518 1584 706 878 1368 215 5667 424 242 461
is_linear=0
shrinkage=0.05


Tree=47
num_leaves=15
num_cat=0
split_feature=65 65 65 53 52 46 25 29 30 32 61 47 17 17
split_gain=730455 53642.6 48529.1 18110.1 13823.7 17587.5 20857 12235.7 9920.26 9636.27 9288.03 8893.33 11659.9 9374.92
threshold=127.49180350000002 77.844594000000015 190.56998100000001 1.0000000180025095e-35 0.35206144883412582 82.078125000000014 105.3195466553865 21.262500000000003 20.012500000000003 21.012500000000003 -0.9733555533461492 82.351562500000014 2.2746480028614838e-05 8.291695780468328e-06
decision_type=2 2 2 2 2 2 2 2 2 2 2 2 2 2
left_child=1 -1 7 -4 8 6 9 -2 -5 -6 -3 12 13 -7
right_child=2 10 3 4 5 11 -8 -9 -10 -11 -12 -13 -14 -15
leaf_value=-0.37962493838732364 0.037838732671746811 0.60827834229720268 0.025559836847723023 0.12732226657822276 1.0942225008441342 0.56292949242360413 0.63331225625298759 0.42468724621840837 0.58369183809261116 1.7667329374504719 -0.045252009586254423 0.9761344356369227 -0.18765030168757146 1.2454395857724279
leaf_weight=5579 488 56 120 131 224 723 234 351 1382 75 1176 159 48 54
leaf_count=5579 488 56 120 131 224 723 234 351 1382 75 1176 159 48 54
internal_value=0.000980294 -0.313696 0.538217 0.628211 0.652062 0.759122 0.991199 0.199992 0.544288 1.26824 -0.0150768 0.632535 0.565212 0.611902
internal_weight=10800 6811 3989 3150 3030 1517 533 839 1513 299 1232 984 825 777
internal_count=10800 6811 3989 3150 3030 1517 533 839 1513 299 1232 984 825 777
is_linear=0
shrinkage=0.05


Tree=48
num_leaves=15
num_cat=0
split_feature=65 65 65 53 36 43 17 45 24 64 17 52 22 36
split_gain=659386 50124.5 42432.1 16350 12562 13013.7 12498.6 14270.6 17879.2 13779.9 11521.2 10560.7 9550.2 9242.87
threshold=128.45911150000003 28.000000000000004 190.56998100000001 1.0000000180025095e-35 23.663020833333334 80.125000000000014 2.2746480028614838e-05 82.739583333333357 290.03840000000008 239.30476000000002 8.291695780468328e-06 0.5277851165098012 135.9634828697917 23.192187500000003
decision_type=2 2 2 2 2 2 2 2 2 2 2 2 2 2
left_child=1 -1 4 -4 -2 -6 7 8 11 -8 -9 -5 13 -13
right_child=2 -3 3 6 5 -7 9 10 -10 -11 -12 12 -14 -15
leaf_value=-0.36697830653474028 0.047709569242903913 -0.035747608737885274 0.02429240414918947 0.74271747687688239 0.13691505654837544 0.81102068330684718 0.27803247622455118 0.53621272749514903 0.35285978724283207 0.62867245696743757 1.07355719559959 1.1896096263613021 0.95062235381135984 2.0943048700373224
leaf_weight=5383 530 1450 120 246 151 136 463 1023 134 719 111 90 198 46
leaf_count=5383 530 1450 120 246 151 136 463 1023 134 719 111 90 198 46
internal_value=0.000965885 -0.296705 0.513637 0.596909 0.192243 0.458059 0.619571 0.701064 0.87685 0.491675 0.589709 0.997094 1.18167 1.50866
internal_weight=10800 6833 3967 3150 817 287 3030 1848 714 1182 1134 580 334 136
internal_count=10800 6833 3967 3150 817 287 3030 1848 714 1182 1134 580 334 136
is_linear=0
shrinkage=0.05


Tree=49
num_leaves=15
num_cat=0
split_feature=65 65 64 25 45 29 41 43 47 32 24 25 34 45
split_gain=595726 68960.5 23735.1 17016.7 20126.6 13004.2 18325.5 10788.9 8005.44 9718.45 11559.8 13089.2 7871.51 9336.91
threshold=164.68652700000004 82.382441500000013 240.43210950000005 1.3929144003015315 81.302083333333357 21.112500000000004 86.375000000000014 82.375000000000014 77.506510416666671 20.162500000000005 277.75656700000008 104.64478702079667 18.462500000000002 93.708333333333357
decision_type=2 2 2 2 2 2 2 2 2 2 2 2 2 2
left_child=1 -1 3 4 -2 7 -7 -3 9 -4 -11 -12 13 -5
right_child=2 5 8 12 -6 6 -8 -9 -10 10 11 -13 -14 -15
leaf_value=-0.34034465575549983 1.3798765515839613 -0.26474247235252146 1.0052495046446086 -0.12180621950009039 0.51845516148012705 0.1220066815167439 1.1153333655744793 0.085664892969762582 0.5184730714132898 0.35670270270802185 1.4531532441538113 0.69254611699862123 0.36876558767659096 0.70837303457692979
leaf_weight=5667 80 454 281 174 438 657 49 424 584 228 64 506 1153 41
leaf_count=5667 80 454 281 174 438 657 49 424 584 228 64 506 1153 41
internal_value=0.000956769 -0.258836 0.531665 0.409837 0.653896 0.0328056 0.192429 -0.0956203 0.6695 0.750686 0.659901 0.780343 0.317013 0.0390536
internal_weight=10800 7251 3549 1886 518 1584 706 878 1663 1079 798 570 1368 215
internal_count=10800 7251 3549 1886 518 1584 706 878 1663 1079 798 570 1368 215
is_linear=0
shrinkage=0.05


Tree=50
num_leaves=15
num_cat=0
split_feature=65 65 65 53 52 46 25 30 53 45 27 47 17 17
split_gain=538258 40052 35928.9 14224 11103.7 13504.9 16643.5 10464.9 8902.77 8857.75 8835.13 8106.85 9377.33 7813.9
threshold=127.49180350000002 28.000000000000004 190.56998100000001 1.0000000180025095e-35 0.35206144883412582 82.078125000000014 105.3195466553865 19.962500000000002 0.956427977892087 83.885416666666671 22.012500000000003 82.351562500000014 2.2746480028614838e-05 8.291695780468328e-06
decision_type=2 2 2 2 2 2 2 2 2 2 2 2 2 2
left_child=1 -1 7 -4 10 6 -6 9 -3 -2 -5 12 13 -7
right_child=2 8 3 4 5 11 -8 -9 -10 -11 -12 -13 -14 -15
leaf_value=-0.33161874228831034 -0.7595699203821521 -0.063274145167045145 0.0056044928667959111 0.37843362312186568 1.1073340841829777 0.47884138068927129 0.54045238524477213 0.25742175301171533 0.49288038748659591 0.048691570333702944 0.63620375005149876 0.8732801545225084 -0.19318992304710711 1.1013466106761587
leaf_weight=5383 47 1353 120 1012 299 723 234 677 75 115 501 159 48 54
leaf_count=5383 47 1353 120 1012 299 723 234 677 75 115 501 159 48 54
internal_value=0.000944097 -0.269179 0.462117 0.539551 0.560689 0.656601 0.859937 0.171096 -0.0337399 -0.189025 0.464153 0.545699 0.481585 0.523464
internal_weight=10800 6811 3989 3150 3030 1517 533 839 1428 162 1513 984 825 777
internal_count=10800 6811 3989 3150 3030 1517 533 839 1428 162 1513 984 825 777
is_linear=0
shrinkage=0.05


Tree=51
num_leaves=15
num_cat=0
split_feature=65 65 65 29 43 36 29 41 52 52 24 65 26 32
split_gain=486036 47067.8 24074 12627.9 12307.1 20714.3 13683.8 11016.7 9341.18 8141.7 7573.57 7319.54 6949.71 7694.14
threshold=141.29982250000003 82.382441500000013 238.83536200000003 21.112500000000004 82.625000000000014 23.762239583333336 22.037500000000005 86.625000000000014 0.97335555334614943 -0.35206144883412566 278.91518350000007 24.000000000000004 22.812500000000004 23.012500000000003
decision_type=2 2 2 2 2 2 2 2 2 2 2 2 2 2
left_child=1 11 4 -3 6 -6 -2 10 9 -4 -5 -1 13 -11
right_child=2 3 8 7 5 -7 -8 -9 -10 12 -12 -13 -14 -15
leaf_value=-0.33355545936486664 -0.11195979626123875 -0.12129444886416262 0.38782830270086893 -0.049856613761327537 0.29459000574185012 0.83511533306740793 0.38164055415855025 0.97437620305615236 -0.066688058773676548 0.62217586436926309 0.30618851937076735 -0.18346175195722719 0.87101406609175602 0.15888438872536836
leaf_weight=4679 293 750 420 301 795 228 268 40 56 1322 295 988 268 97
leaf_count=4679 293 750 420 301 795 228 268 40 56 1322 295 988 268 97
internal_value=0.000918061 -0.243557 0.461037 0.0176153 0.312606 0.415757 0.124102 0.181357 0.569541 0.586474 0.126591 -0.307425 0.635671 0.59064
internal_weight=10800 7053 3747 1386 1584 1023 561 636 2163 2107 596 5667 1687 1419
internal_count=10800 7053 3747 1386 1584 1023 561 636 2163 2107 596 5667 1687 1419
is_linear=0
shrinkage=0.05


Tree=52
num_leaves=15
num_cat=0
split_feature=65 65 64 21 29 29 41 21 32 21 43 41 64 49
split_gain=439112 50840.6 18354.7 15174.3 15039.3 12540.7 14257.9 10265.8 10370.5 8624.7 7912.13 7864.62 7425.9 6931.03
threshold=164.68652700000004 86.489938500000008 240.95308300000002 1.4305838189958214e-05 21.937500000000004 21.112500000000004 86.375000000000014 1.0749051175988377e-05 20.487500000000004 2.0423881254350706e-06 82.375000000000014 84.375000000000014 83.963386000000014 2.5000000000000004
decision_type=2 2 2 2 2 2 2 2 2 2 2 2 2 2
left_child=1 12 3 4 7 10 -7 8 9 13 11 -3 -1 -2
right_child=2 5 -4 -5 -6 6 -8 -9 -10 -11 -12 -13 -14 -15
leaf_value=-0.31627308306828839 0.83860139032484793 -0.064875410887696799 0.57862378080515953 0.2006318303300596 0.77529199094051959 0.13303589912303504 1.0114005361199379 0.85008829216380699 -0.030247385518506489 0.16040772220925303 0.068128828538066136 -0.50015049699437009 -0.16817099124358442 0.27723308422712872
leaf_weight=4719 141 258 1650 898 307 616 49 90 187 184 400 173 1036 92
leaf_count=4719 141 258 1650 898 307 616 49 90 187 184 400 173 1036 92
internal_value=0.000890518 -0.222154 0.456529 0.350194 0.484033 0.0375043 0.199179 0.35426 0.279096 0.417559 -0.0919582 -0.240345 -0.289646 0.619077
internal_weight=10800 7251 3549 1899 1001 1496 665 694 604 417 831 431 5755 233
internal_count=10800 7251 3549 1899 1001 1496 665 694 604 417 831 431 5755 233
is_linear=0
shrinkage=0.05


Tree=53
num_leaves=15
num_cat=0
split_feature=65 65 65 53 9 26 48 30 45 25 36 52 52 22
split_gain=396739 29492.2 27324.8 11754.1 9184.8 11267.3 9036.6 8686.13 7873.18 7131.12 9781.56 7086.88 10486.7 7350.82
threshold=127.49180350000002 24.000000000000004 190.56998100000001 1.0000000180025095e-35 95.869577000000007 22.787500000000005 1.1250000000000002 19.962500000000002 83.427083333333357 103.64242086319869 24.743229166666669 -0.93540483100319605 -0.9103761370219875 136.69453288541669
decision_type=2 2 2 2 2 2 2 2 2 2 2 2 2 2
left_child=1 -1 7 -4 5 6 -5 8 -2 10 -7 -3 -13 -14
right_child=2 11 3 4 -6 9 -8 -9 -10 -11 -12 12 13 -15
leaf_value=-0.30126874260922787 -0.76554796626834687 0.4544321251208665 -0.020842456799154439 0.19607058637725411 0.20133074168325926 0.63011523939669134 0.50113412043671346 0.22166923292277929 0.022794852470440316 0.59878502991164761 1.4564543117795674 -0.65750015479854396 -0.13442181620359703 0.072960130636910758
leaf_weight=4679 42 60 120 278 265 79 2014 677 120 325 69 78 1375 619
leaf_count=4679 42 60 120 278 265 79 2014 677 120 325 69 78 1375 619
internal_value=0.000863649 -0.231047 0.396796 0.464324 0.483539 0.510504 0.464234 0.143014 -0.185033 0.733259 1.02256 -0.0768642 -0.092461 -0.0700397
internal_weight=10800 6811 3989 3150 3030 2765 2292 839 162 473 148 2132 2072 1994
internal_count=10800 6811 3989 3150 3030 2765 2292 839 162 473 148 2132 2072 1994
is_linear=0
shrinkage=0.05


Tree=54
num_leaves=15
num_cat=0
split_feature=65 65 65 53 28 46 52 32 45 36 54 54 61 43
split_gain=358108 26980.5 24674.8 10611.1 8766.89 9007.47 10325.2 11298.6 10581.6 8506.18 9628.96 8407.75 7764.98 6719.75
threshold=127.49180350000002 28.000000000000004 190.56998100000001 1.0000000180025095e-35 18.725000000000005 89.864583333333357 0.35206144883412582 21.962500000000002 81.781250000000014 25.307031250000005 -0.8783796973249266 1.0000000180025095e-35 -0.9733555533461492 82.875000000000014
decision_type=2 2 2 2 2 2 2 2 2 2 2 2 2 2
left_child=1 -1 9 13 -5 6 -6 -8 11 10 -2 -9 -3 -4
right_child=2 12 3 4 5 -7 7 8 -10 -11 -12 -13 -14 -15
leaf_value=-0.27074570382597901 -0.52842120965321859 0.54560070633888247 -0.48039822080172601 0.21605636771634087 0.41244393504679211 0.020960728246718647 0.72401055434532469 1.1732484894414101 0.19613792253291515 0.58413043840134404 0.1321159055185786 0.43903648306482607 -0.049983433079319073 0.2792193427077822
leaf_weight=5383 59 56 47 332 1375 99 799 61 253 93 687 111 1372 73
leaf_count=5383 59 56 47 332 1375 99 799 61 253 93 687 111 1372 73
internal_value=0.000831926 -0.219498 0.376995 0.441165 0.459422 0.489277 0.507101 0.613013 0.403128 0.135832 0.0792376 0.704702 -0.0262617 -0.019809
internal_weight=10800 6811 3989 3150 3030 2698 2599 1224 425 839 746 172 1428 120
internal_count=10800 6811 3989 3150 3030 2698 2599 1224 425 839 746 172 1428 120
is_linear=0
shrinkage=0.05


Tree=55
num_leaves=15
num_cat=0
split_feature=65 65 65 35 53 24 24 24 57 51 25 36 49 46
split_gain=323243 25163.3 21590.4 10469.8 9582.25 8955.31 11269.8 8386.58 22305.5 13037.8 11321.7 8574.2 7505.75 7370.02
threshold=128.45911150000003 84.261643500000005 190.56998100000001 21.369270833333339 1.0000000180025095e-35 278.11863750000003 318.1844445000001 277.75656700000008 3.5000000000000004 3.5000000000000004 110.55984742745123 18.395963541666671 3.5000000000000004 87.005208333333357
decision_type=2 2 2 2 2 2 2 2 2 2 2 2 2 2
left_child=1 -1 5 -3 -4 12 -7 8 11 -10 -9 13 -2 -6
right_child=2 3 4 -5 7 6 -8 10 9 -11 -12 -13 -14 -15
leaf_value=-0.2501323444211167 0.1277435198125213 -0.15012623592805124 -0.018901630635719657 0.1553309524509833 -0.21797152074246573 0.51664174648102024 -0.30917085683813283 0.63291939098213545 0.18101452777975172 -0.58222457214638046 0.20380752480281666 0.47196704426920449 -0.28656779749701355 0.58859226477465465
leaf_weight=5711 395 538 120 584 86 222 50 832 180 80 190 1621 150 41
leaf_count=5711 395 538 120 584 86 222 50 832 180 80 190 1621 150 41
internal_value=0.00080604 -0.20761 0.359756 0.0088607 0.419154 0.130511 0.364262 0.436503 0.37675 -0.0551592 0.55342 0.440988 0.0133969 0.0449793
internal_weight=10800 6833 3967 1122 3150 817 272 3030 2008 260 1022 1748 545 127
internal_count=10800 6833 3967 1122 3150 817 272 3030 2008 260 1022 1748 545 127
is_linear=0
shrinkage=0.05


Tree=56
num_leaves=15
num_cat=0
split_feature=65 65 65 21 17 21 35 49 52 42 52 29 32 52
split_gain=291787 23032.4 20460.4 11135.4 11966.7 11993.1 11318.5 8280.24 8174.12 7606.65 6801.66 6433.67 6163.62 6078.18
threshold=127.49180350000002 24.000000000000004 238.83536200000003 1.4305838189958214e-05 8.291695780468328e-06 9.1621876858736614e-06 24.798437500000002 4.5000000000000009 0.97335555334614943 72.625000000000014 -0.35206144883412566 18.512500000000003 22.237500000000004 -0.93540483100319605
decision_type=2 2 2 2 2 2 2 2 2 2 2 2 2 2
left_child=1 -1 3 4 5 -2 7 11 10 -7 -4 -5 -13 -3
right_child=2 13 8 6 -6 9 -8 -9 -10 -11 -12 12 -14 -15
leaf_value=-0.26017020480245606 0.17468450708422675 0.43014793894330011 0.2790898290387025 -0.21880620297576703 0.9790960022934565 1.0087422526308469 0.46511382836526122 -0.41243675007539643 -0.14950359505519534 0.18595590137622575 0.50512458191132426 0.23306469613176606 -0.097927102960564727 -0.076310983111204031
leaf_weight=4679 409 60 420 132 75 83 207 84 56 43 1687 611 182 2072
leaf_count=4679 409 60 420 132 75 83 207 84 56 43 1687 611 182 2072
internal_value=0.000770653 -0.198114 0.340319 0.216885 0.391078 0.306972 0.129252 0.059957 0.444374 0.731625 0.460222 0.103255 0.157072 -0.0618629
internal_weight=10800 6811 3989 1826 610 535 1216 1009 2163 126 2107 925 793 2132
internal_count=10800 6811 3989 1826 610 535 1216 1009 2163 126 2107 925 793 2132
is_linear=0
shrinkage=0.05


Tree=57
num_leaves=15
num_cat=0
split_feature=65 65 65 26 18 36 28 46 31 36 43 26 64 36
split_gain=263376 20789.2 18570.8 8423.47 7811.95 7150.35 7808.5 7431.39 7281.27 7005.47 10530.2 7846.16 6927.14 8093.04
threshold=127.49180350000002 24.000000000000004 190.56998100000001 22.787500000000005 36.676776666666676 24.217317708333336 18.725000000000005 89.864583333333357 29.762500000000003 23.663020833333334 80.125000000000014 23.112500000000004 268.76862150000005 21.214843750000004
decision_type=2 2 2 2 2 2 2 2 2 2 2 2 2 2
left_child=1 -1 9 5 -5 6 -4 12 -7 -2 11 -11 13 -8
right_child=2 -3 3 4 -6 8 7 -9 -10 10 -12 -13 -14 -15
leaf_value=-0.24716446205082102 0.0076031963708340575 -0.058761497211631208 0.15361678725466091 0.86397602946350449 0.43896763490211932 -0.054477586574142894 0.5691604553460422 0.00028335462013880417 0.44639056825943224 -0.19178083393265283 0.6268294062974642 0.58795565803845729 0.65859989874039504 0.3172459648825055
leaf_weight=4679 544 2132 348 151 395 209 455 104 110 113 138 44 292 1086
leaf_count=4679 544 2132 348 151 395 209 455 104 110 113 138 44 292 1086
internal_value=0.000746225 -0.188207 0.32334 0.37901 0.557871 0.341307 0.372264 0.411446 0.119091 0.114129 0.309879 0.0290822 0.434762 0.391948
internal_weight=10800 6811 3989 3150 546 2604 2285 1937 319 839 295 157 1833 1541
internal_count=10800 6811 3989 3150 546 2604 2285 1937 319 839 295 157 1833 1541
is_linear=0
shrinkage=0.05


Tree=58
num_leaves=15
num_cat=0
split_feature=65 65 65 21 17 21 35 35 49 52 42 52 34 40
split_gain=237753 19252 17125.5 9902.45 10630.6 10519.3 9813.8 9596.07 7304.62 7252.45 6699.18 6083.91 5932.54 5671.34
threshold=127.49180350000002 86.489938500000008 238.83536200000003 1.4305838189958214e-05 8.291695780468328e-06 9.1621876858736614e-06 21.369270833333339 24.798437500000002 4.5000000000000009 0.97335555334614943 72.625000000000014 -0.41248606129204551 16.935416666666672 87.875000000000014
decision_type=2 2 2 2 2 2 2 2 2 2 2 2 2 2
left_child=1 -1 3 4 5 -2 -3 8 12 11 -7 -4 -5 -8
right_child=2 6 9 7 -6 10 13 -9 -10 -11 -12 -13 -14 -15
leaf_value=-0.21480256874907744 0.15545247353022784 -0.14254613097305327 0.22536085293678979 -0.47167516466644077 0.91272584237158305 0.93704228752425733 0.1169952867373607 0.42092624210501806 -0.39579110341913565 -0.15676051158654064 0.16518448225476526 0.45518842113508573 0.11703873442245145 0.7285809612673958
leaf_weight=5755 409 502 348 44 75 83 514 207 84 56 43 1759 881 40
leaf_count=5755 409 502 348 44 75 83 514 207 84 56 43 1759 881 40
internal_value=0.000727975 -0.178799 0.307229 0.194305 0.358564 0.279319 0.0174302 0.111679 0.0478817 0.402425 0.677005 0.417354 0.0885559 0.162386
internal_weight=10800 6811 3989 1826 610 535 1056 1216 1009 2163 126 2107 925 554
internal_count=10800 6811 3989 1826 610 535 1056 1216 1009 2163 126 2107 925 554
is_linear=0
shrinkage=0.05


Tree=59
num_leaves=15
num_cat=0
split_feature=65 65 64 21 29 24 24 57 36 53 52 21 36 34
split_gain=214615 26620.2 10905.6 10739.3 11757.1 9916.27 8919.23 8620.8 9644.15 8763.68 7920.36 7905.2 9311.15 7077.73
threshold=164.68652700000004 86.489938500000008 240.95308300000002 1.4305838189958214e-05 21.937500000000004 278.91518350000007 283.25600400000002 3.5000000000000004 18.666666666666668 0.72947329433276265 0.29012925520284133 1.0749051175988377e-05 21.355208333333337 23.660416666666674
decision_type=2 2 2 2 2 2 2 2 2 2 2 2 2 2
left_child=1 -1 3 4 11 7 -7 8 -3 -9 -11 12 -2 -8
right_child=2 5 -4 -5 -6 6 13 9 -10 10 -12 -13 -14 -15
leaf_value=-0.20406430006167017 0.38951277975688009 -0.61382658481597907 0.41332805709882914 0.11160075317133836 0.60721733662263533 0.72450896942615506 -0.014642123421688727 -0.55541515701139976 0.10048403081481248 0.1208808538002917 -0.64453614728395336 0.6700946276004498 -0.0053533051544579976 0.44734089159639556
leaf_weight=5755 267 50 1650 898 307 74 268 143 643 157 42 90 337 119
leaf_count=5755 267 50 1650 898 307 74 268 143 643 157 42 90 337 119
internal_value=0.000704786 -0.155227 0.319244 0.237321 0.349882 0.0326595 0.225282 -0.0532713 0.0481363 -0.258296 -0.0430794 0.235336 0.169554 0.128201
internal_weight=10800 7251 3549 1899 1001 1496 461 1035 693 342 199 694 604 387
internal_count=10800 7251 3549 1899 1001 1496 461 1035 693 342 199 694 604 387
is_linear=0
shrinkage=0.05


Tree=60
num_leaves=15
num_cat=0
split_feature=65 65 65 53 9 26 32 30 45 43 47 24 47 36
split_gain=193950 16421.3 14195.5 7370.28 6852.75 8390.62 7173.91 6226.1 6147.17 5844.77 5716 6722.7 5629.23 10268.6
threshold=127.49180350000002 24.000000000000004 190.56998100000001 1.0000000180025095e-35 95.869577000000007 22.037500000000005 23.212500000000002 19.962500000000002 83.427083333333357 82.875000000000014 78.783854166666671 318.1844445000001 85.121093750000014 18.395963541666671
decision_type=2 2 2 2 2 2 2 2 2 2 2 2 2 2
left_child=1 -1 7 9 5 6 12 8 -2 -4 11 -9 13 -5
right_child=2 -3 3 4 -6 -7 -8 10 -10 -11 -12 -13 -14 -15
leaf_value=-0.2138700097391748 -0.69599415008411858 -0.04642869685040818 -0.48697268553078177 -0.211621911264956 0.098064733147306057 0.53359459934957443 -0.022786881764315897 0.30090092264854518 0.0007487057731294435 0.22153739458503754 -0.10269620918397662 -0.2942130136883484 0.69949998960144955 0.3484229974886921
leaf_weight=4679 42 2132 47 85 265 582 143 468 120 73 157 52 105 1850
leaf_count=4679 42 2132 47 85 265 582 143 468 120 73 157 52 105 1850
internal_value=0.000676711 -0.161472 0.277507 0.326178 0.341395 0.364672 0.319413 0.0946025 -0.18305 -0.0576936 0.161214 0.240939 0.3434 0.323725
internal_weight=10800 6811 3989 3150 3030 2765 2183 839 162 120 677 520 2040 1935
internal_count=10800 6811 3989 3150 3030 2765 2183 839 162 120 677 520 2040 1935
is_linear=0
shrinkage=0.05


Tree=61
num_leaves=15
num_cat=0
split_feature=65 65 65 21 17 21 35 52 49 52 52 52 57 22
split_gain=175046 14820.5 12832.3 7881.99 9416.01 8947.93 8047.78 6465.01 6065.97 5300.87 5103.4 9406.67 5300.61 6123.85
threshold=127.49180350000002 24.000000000000004 238.83536200000003 1.4305838189958214e-05 8.291695780468328e-06 9.7600226787990613e-06 24.798437500000002 0.97335555334614943 4.5000000000000009 -0.35206144883412566 -0.93540483100319605 -0.9103761370219875 2.5000000000000004 137.21175876562504
decision_type=2 2 2 2 2 2 2 2 2 2 2 2 2 2
left_child=1 -1 3 4 5 -2 8 9 -5 -4 -3 -12 -13 -14
right_child=2 10 7 6 -6 -7 -8 -9 -10 -11 11 12 13 -15
leaf_value=-0.20317879224944321 0.14333790370261057 0.40669824124359694 0.20046829468617108 0.070842878751458754 0.83383532699785745 0.68111270241280819 0.3753788225209484 -0.18150250997328968 -0.37052140523405641 0.39975042122436061 -0.59247029980149457 0.10969604943535829 -0.14792832336718317 0.070116458675415771
leaf_weight=4679 442 60 420 925 75 93 207 56 84 1687 78 474 1058 462
leaf_count=4679 442 60 420 925 75 93 207 56 84 1687 78 474 1058 462
internal_value=0.000643469 -0.1534 0.263637 0.165889 0.31243 0.237917 0.0921816 0.34604 0.0337685 0.36014 -0.0441084 -0.0573525 -0.0361336 -0.0816517
internal_weight=10800 6811 3989 1826 610 535 1216 2163 1009 2107 2132 2072 1994 1520
internal_count=10800 6811 3989 1826 610 535 1216 2163 1009 2107 2132 2072 1994 1520
is_linear=0
shrinkage=0.05


Tree=62
num_leaves=15
num_cat=0
split_feature=65 65 65 29 22 32 51 22 25 24 46 24 24 24
split_gain=158002 13375.2 11880.6 6583.66 9314.48 7901.32 7337.56 7122.49 12875.8 11378.5 6861.28 6682.64 8108.86 7067.9
threshold=127.49180350000002 24.000000000000004 190.56998100000001 21.937500000000004 23.216666666666672 21.962500000000002 1.5000000000000002 127.35229659895835 99.971251996581813 273.14664800000008 84.765625000000014 277.75656700000008 288.22990800000008 273.66791750000004
decision_type=2 2 2 2 2 2 2 2 2 2 2 2 2 2
left_child=1 -1 -2 5 6 7 -5 -4 -9 -10 11 13 -13 -6
right_child=2 -3 3 4 10 -7 -8 8 9 -11 -12 12 -14 -15
leaf_value=-0.1930220304340379 0.083159469548790235 -0.041906541953299091 0.17481252918772777 0.35808148670655032 0.25245292051089785 -0.031179947883126294 1.0282604028890423 0.75281691921701854 -0.096404888149156098 0.44141709288407371 0.64690856810021624 0.52511813653012118 0.18706773037586033 -0.19853294906089036
leaf_weight=4679 839 2132 808 77 322 252 90 182 152 276 148 410 315 118
leaf_count=4679 839 2132 808 77 322 252 90 182 152 276 148 410 315 118
internal_value=0.000619605 -0.145732 0.250482 0.295007 0.371874 0.226704 0.723227 0.272524 0.401453 0.250635 0.326669 0.285466 0.378701 0.131331
internal_weight=10800 6811 3989 3150 1480 1670 167 1418 610 428 1313 1165 725 440
internal_count=10800 6811 3989 3150 1480 1670 167 1418 610 428 1313 1165 725 440
is_linear=0
shrinkage=0.05


Tree=63
num_leaves=15
num_cat=0
split_feature=65 9 54 28 45 57 65 24 65 24 24 6 51 22
split_gain=142700 15142.7 13783.5 10707.8 12195.1 12913.2 9457.57 9100.78 6471.83 6454.88 7119.02 7152.7 6131.76 8930.6
threshold=118.09247850000001 97.706414000000009 -0.8783796973249266 21.162500000000005 76.906250000000014 3.5000000000000004 24.000000000000004 257.54432450000007 267.06350950000007 297.26105400000006 296.45735250000007 24.000000000000004 1.5000000000000002 140.30157283854169
decision_type=2 2 2 2 2 2 2 2 2 2 2 2 2 2
left_child=6 2 7 4 -4 8 -1 -2 -6 10 11 12 -5 -14
right_child=1 -3 3 9 5 -7 -8 -9 -10 -11 -12 -13 13 -15
leaf_value=-0.18337299199949983 -0.81280225946548146 0.012175228480292961 1.0443423447740634 0.30089710207436893 0.19601022374935559 -0.065245365322782453 -0.050816675306345621 0.11806968859707317 0.42792673209777982 0.160407837640275 0.96755728213513492 0.31501162865999083 0.89503085845556019 0.24568852889537812
leaf_weight=4679 46 687 42 135 1162 389 1890 59 407 254 60 722 194 74
leaf_count=4679 46 687 42 135 1162 389 1890 59 407 254 60 722 194 74
internal_value=0.000606628 0.22704 0.268676 0.285922 0.210902 0.1925 -0.145248 -0.293562 0.256404 0.389971 0.439 0.409976 0.57891 0.717315
internal_weight=10800 4231 3544 3439 2000 1958 6569 105 1569 1439 1185 1125 403 268
internal_count=10800 4231 3544 3439 2000 1958 6569 105 1569 1439 1185 1125 403 268
is_linear=0
shrinkage=0.05


Tree=64
num_leaves=15
num_cat=0
split_feature=65 9 54 28 45 57 65 24 29 32 22 36 36 24
split_gain=128821 13672.2 12457.4 9670.64 11038.8 11656.4 8535.54 8231.35 6300.23 7248.55 10076.5 6442.77 6613.31 5829.2
threshold=118.09247850000001 97.706414000000009 -0.8783796973249266 21.162500000000005 76.906250000000014 3.5000000000000004 24.000000000000004 257.54432450000007 16.862500000000004 20.587500000000002 127.35229659895835 21.355208333333337 20.874609375000002 297.26105400000006
decision_type=2 2 2 2 2 2 2 2 2 2 2 2 2 2
left_child=6 2 7 4 -4 8 -1 -2 -6 10 11 12 -10 -5
right_child=1 -3 3 13 5 -7 -8 -9 9 -11 -12 -13 -14 -15
leaf_value=-0.17420630239268653 -0.77302681841748833 0.011567353530310442 0.99333957549357832 0.417164898025497 -0.24334301345515996 -0.06199146412312985 -0.048277187067448962 0.11226460357584681 0.19188525350460955 0.1027212657909217 0.53805525686696132 -0.11721873793539693 0.61362112976732808 0.15241889665222855
leaf_weight=4679 46 687 42 1185 63 389 1890 59 398 477 392 118 121 254
leaf_count=4679 46 687 42 1185 63 389 1890 59 398 477 392 118 121 254
internal_value=0.000592826 0.215733 0.255295 0.271692 0.200397 0.18289 -0.137987 -0.279211 0.243603 0.264122 0.338768 0.215478 0.2912 0.370572
internal_weight=10800 4231 3544 3439 2000 1958 6569 105 1569 1506 1029 637 519 1439
internal_count=10800 4231 3544 3439 2000 1958 6569 105 1569 1506 1029 637 519 1439
is_linear=0
shrinkage=0.05


Tree=65
num_leaves=15
num_cat=0
split_feature=65 9 54 34 45 57 65 53 24 29 65 47 31 24
split_gain=116303 13618.8 11221.6 8776.04 7462.07 10644.1 7450.87 7036.51 6688.73 6313.61 6298.96 5541.71 5275.68 5468.67
threshold=116.18365950000002 100.74374050000002 -0.8783796973249266 21.502083333333335 76.593750000000014 3.5000000000000004 63.145266500000005 0.956427977892087 257.54432450000007 16.862500000000004 267.06350950000007 75.042968750000014 19.962500000000002 241.61597150000003
decision_type=2 2 2 2 2 2 2 2 2 2 2 2 2 2
left_child=6 2 8 4 -4 9 -1 12 -2 -6 -11 -12 -8 -14
right_child=1 -3 3 -5 5 -7 7 -9 -10 10 11 -13 13 -15
leaf_value=-0.15570626639633336 -0.65132990302862948 -0.0059753757818108814 0.85048683058647878 0.35112613213338162 -0.24646299563799845 -0.055717863315148677 -0.26272102111692064 0.57451560608092311 0.11411816560831228 0.19551327465110072 0.084796376141545546 0.53407494705864944 0.46653535725578427 -0.018765780412376493
leaf_weight=5469 53 658 41 1454 65 396 208 48 60 1164 90 294 62 738
leaf_count=5469 53 658 41 1454 65 396 208 48 60 1164 90 294 62 738
internal_value=0.000571123 0.203254 0.241308 0.257137 0.190334 0.176445 -0.132232 -0.0106278 -0.247461 0.233442 0.253739 0.429269 -0.0390336 0.0193805
internal_weight=10800 4275 3617 3504 2050 2009 6525 1056 113 1613 1548 384 1008 800
internal_count=10800 4275 3617 3504 2050 2009 6525 1056 113 1613 1548 384 1008 800
is_linear=0
shrinkage=0.05


Tree=66
num_leaves=15
num_cat=0
split_feature=65 9 54 34 65 45 57 24 29 32 22 21 36 36
split_gain=104969 12292.7 10138.5 7918.17 6817.66 6755.6 9608.04 6048.15 5703.15 5782.05 8924.47 6784.16 5648.94 5907.81
threshold=116.18365950000002 100.74374050000002 -0.8783796973249266 21.502083333333335 24.000000000000004 76.593750000000014 3.5000000000000004 257.54432450000007 16.862500000000004 20.587500000000002 127.35229659895835 7.028973393161898e-06 21.355208333333337 20.874609375000002
decision_type=2 2 2 2 2 2 2 2 2 2 2 2 2 2
left_child=4 2 7 5 -1 -4 8 -2 -7 10 12 -12 13 -10
right_child=1 -3 3 -5 -6 6 -8 -9 9 -11 11 -13 -14 -15
leaf_value=-0.15771419429371503 -0.61936648123794136 -0.0056770600610284057 0.80897497235538529 0.33358189105190644 -0.044215967562695052 -0.23432655850368922 -0.052938986863818975 0.10850579528534998 0.16706479222065407 0.10049039747804883 0.84612702376702265 0.37134360448755449 -0.11994026993252652 0.55788430217653517
leaf_weight=4679 53 658 41 1454 1846 65 396 60 402 498 101 302 118 127
leaf_count=4679 53 658 41 1454 1846 65 396 60 402 498 101 302 118 127
internal_value=0.000550784 0.193105 0.229259 0.244304 -0.125616 0.180851 0.167636 -0.235324 0.221787 0.241078 0.307598 0.492134 0.192073 0.261767
internal_weight=10800 4275 3617 3504 6525 2050 2009 113 1613 1548 1050 403 647 529
internal_count=10800 4275 3617 3504 6525 2050 2009 113 1613 1548 1050 403 647 529
is_linear=0
shrinkage=0.05


Tree=67
num_leaves=15
num_cat=0
split_feature=65 9 54 26 65 24 24 25 25 49 47 36 36 22
split_gain=94752.4 11120.7 9200.1 7078.76 6402.75 5468.91 5466.08 16319.4 11692.9 7683.08 7214.19 8133.52 5782.08 5699.08
threshold=116.18365950000002 99.208772000000025 -0.8783796973249266 22.787500000000005 86.489938500000008 257.54432450000007 278.11863750000003 104.10919296887657 110.83558801624868 3.5000000000000004 82.251302083333357 18.091406250000002 25.257291666666671 148.4124377447917
decision_type=2 2 2 2 2 2 2 2 2 2 2 2 2 2
left_child=4 2 5 6 -1 -2 7 10 13 -9 11 -4 -10 -8
right_child=1 -3 3 -5 -6 -7 8 9 12 -11 -12 -13 -14 -15
leaf_value=-0.13745081546341661 -0.58897165093157022 -0.00098221597723999058 -0.32039570357741382 0.38988444442645864 0.016051790338002348 0.103169448282875 0.45964400279803014 -0.0080554533122469581 -0.37458322006335232 -0.59780614878568394 0.43192022907430466 0.19130998670291177 0.27962978297266466 -0.024829831978549127
leaf_weight=5755 53 686 81 597 770 60 557 143 80 89 301 1503 57 68
leaf_count=5755 53 686 81 597 770 60 557 143 80 89 301 1503 57 68
internal_value=0.000532779 0.183476 0.218724 0.23317 -0.119337 -0.223782 0.200549 0.159082 0.315394 -0.235891 0.207793 0.164958 -0.102339 0.406978
internal_weight=10800 4275 3589 3476 6525 113 2879 2117 762 232 1885 1584 137 625
internal_count=10800 4275 3589 3476 6525 113 2879 2117 762 232 1885 1584 137 625
is_linear=0
shrinkage=0.05


Tree=68
num_leaves=15
num_cat=0
split_feature=65 65 29 41 36 8 53 52 46 25 32 47 57 30
split_gain=85949.5 15302.1 9580.04 11062.4 6419.31 5682.89 5681.31 5618.55 7331.09 13603.7 6486 6021.5 5535.66 5132.3
threshold=190.56998100000001 86.489938500000008 21.262500000000003 86.375000000000014 18.091406250000002 256.84630900000008 1.0000000180025095e-35 0.41248606129204562 82.078125000000014 105.3195466553865 21.012500000000003 82.351562500000014 2.5000000000000004 20.012500000000003
decision_type=2 2 2 2 2 2 2 2 2 2 2 2 2 2
left_child=1 -1 4 -4 -3 12 -2 13 9 10 -9 -10 -6 -8
right_child=6 2 3 -5 5 -7 7 8 11 -11 -12 -13 -14 -15
leaf_value=-0.13057947348038937 -0.11633539629084143 -0.5873897650412151 0.1056491752975193 0.77136099193902585 0.11980029264788912 -0.45909330441389939 -0.1152188623966328 0.54814395427598928 0.16601783585478078 0.1649223642679653 1.1109663018158504 0.51043958536833278 -0.12342589759314825 0.19710576851941455
leaf_weight=5755 120 55 766 67 459 73 144 212 783 221 69 151 475 1450
leaf_count=5755 120 55 766 67 459 73 144 212 783 221 69 151 475 1450
internal_value=0.000505297 -0.0900064 0.0332153 0.160055 -0.0663305 -0.037317 0.220278 0.233644 0.305414 0.459513 0.689795 0.222187 -0.00389582 0.168836
internal_weight=10800 7650 1895 833 1062 1007 3150 3030 1436 502 281 934 934 1594
internal_count=10800 7650 1895 833 1062 1007 3150 3030 1436 502 281 934 934 1594
is_linear=0
shrinkage=0.05


Tree=69
num_leaves=15
num_cat=0
split_feature=65 65 24 24 47 57 36 53 51 22 52 57 4 53
split_gain=77591.1 13809.6 8730.97 8357.32 8138.7 6482.17 8359.58 7179.15 7794.75 5838.72 5664.36 5504.64 5341.02 5130.18
threshold=190.56998100000001 86.489938500000008 278.91518350000007 307.27302800000007 69.101562500000014 3.5000000000000004 18.666666666666668 0.72947329433276265 2.5000000000000004 140.47510308854169 0.29012925520284133 3.5000000000000004 116.52852050000001 1.0000000180025095e-35
decision_type=2 2 2 2 2 2 2 2 2 2 2 2 2 2
left_child=1 -1 5 4 9 6 -3 8 -7 -4 -9 -11 -5 -2
right_child=13 2 3 12 -6 7 -8 10 -10 11 -12 -13 -14 -15
leaf_value=-0.12405163408803953 -0.11056670339639524 -0.54528984336529751 1.0212422957420351 -0.503374048974365 0.13759404515388651 -0.1962436761216898 0.070010073092117001 0.12326770639621919 -0.88927170997485527 0.011276854463254236 -0.52228668089522878 0.73262760054831411 0.22889350071185974 0.22200397375424685
leaf_weight=5755 120 58 49 63 344 113 857 161 63 55 42 50 40 3030
leaf_count=5755 120 58 49 63 344 113 857 161 63 55 42 50 40 3030
internal_value=0.000490042 -0.0855081 0.0315499 0.188864 0.273602 -0.0416043 0.0304547 -0.215195 -0.447939 0.574565 -0.0122008 0.358448 -0.219532 0.209304
internal_weight=10800 7650 1895 601 498 1294 915 379 176 154 203 105 103 3150
internal_count=10800 7650 1895 601 498 1294 915 379 176 154 203 105 103 3150
is_linear=0
shrinkage=0.05


Tree=70
num_leaves=15
num_cat=0
split_feature=65 65 29 41 36 8 57 46 53 52 46 25 32 32
split_gain=70028.3 12465.5 8251.69 10003.1 5203.23 5050.09 4849.06 4680.6 4631.44 5079.34 6627.98 12293.3 5876.59 5647.14
threshold=190.56998100000001 85.353944000000013 21.262500000000003 86.375000000000014 18.091406250000002 256.84630900000008 2.5000000000000004 86.296875000000014 1.0000000180025095e-35 0.41248606129204562 82.078125000000014 105.3195466553865 21.012500000000003 21.962500000000002
decision_type=2 2 2 2 2 2 2 2 2 2 2 2 2 2
left_child=1 -1 4 -4 -3 6 7 -6 -2 -10 11 12 -11 -12
right_child=8 2 3 -5 5 -7 -8 -9 9 10 13 -13 -14 -15
leaf_value=-0.11813802997863299 -0.1050840533161459 -0.53176710435322361 0.095224325188636563 0.72800680657520012 0.23141079650549759 -0.4316779530247053 -0.11700218867611241 -0.094402691227315511 0.1493037161662836 0.50981734564457915 0.26656632088408144 0.14566319377941858 1.0452699088624546 -0.02677770908681475
leaf_weight=5733 120 55 773 67 292 74 480 176 1594 212 722 221 69 212
leaf_count=5733 120 55 773 67 292 74 480 176 1594 212 722 221 69 212
internal_value=0.00046395 -0.0812357 0.0291289 0.146502 -0.0624664 -0.0367154 -0.00546256 0.108943 0.19884 0.210907 0.279138 0.425641 0.644539 0.200025
internal_weight=10800 7650 1917 840 1077 1022 948 468 3150 3030 1436 502 281 934
internal_count=10800 7650 1917 840 1077 1022 948 468 3150 3030 1436 502 281 934
is_linear=0
shrinkage=0.05


Tree=71
num_leaves=15
num_cat=0
split_feature=65 65 24 24 47 29 57 36 53 51 42 52 65 24
split_gain=63216.3 11249.8 7597.43 7265.25 7415.13 5665.79 5662.71 6836.91 6497.8 7155.14 5519.18 5127.22 5038.26 4804.96
threshold=190.56998100000001 85.353944000000013 278.91518350000007 307.27302800000007 69.101562500000014 23.812500000000004 3.5000000000000004 18.666666666666668 0.72947329433276265 2.5000000000000004 74.625000000000014 0.29012925520284133 110.75068800000001 296.45735250000007
decision_type=2 2 2 2 2 2 2 2 2 2 2 2 2 2
left_child=1 -1 6 4 10 -5 7 -3 9 -8 -4 12 -10 -6
right_child=-2 2 3 5 13 -7 8 -9 11 -11 -12 -13 -14 -15
leaf_value=-0.11223216602088613 0.18892962403635868 -0.49429003545793437 0.74031843060679803 -0.49402954597885795 0.026290063283152199 0.2576681891774259 -0.18120152847922366 0.061889802817047826 0.52548791588499 -0.84074901901758636 0.10171381986754782 -0.49452044943044354 -0.070400875494150181 0.48045926996179533
leaf_weight=5733 3150 58 106 64 274 40 114 870 51 64 50 42 111 73
leaf_count=5733 3150 58 106 64 274 40 114 870 51 64 50 42 111 73
internal_value=0.000448833 -0.0771755 0.0276694 0.173746 0.252352 -0.205215 -0.0400975 0.0266339 -0.201856 -0.421714 0.537589 -0.0088971 0.119267 0.122942
internal_weight=10800 7650 1917 607 503 104 1310 928 382 178 156 204 162 347
internal_count=10800 7650 1917 607 503 104 1310 928 382 178 156 204 162 347
is_linear=0
shrinkage=0.05


Tree=72
num_leaves=15
num_cat=0
split_feature=65 9 34 47 57 47 36 41 43 52 43 40 49 24
split_gain=57069.8 8025.6 6602.05 6319.02 7045.6 12047.7 6431.74 5495.11 5974.61 5841.65 7030.64 8777.36 5522.8 5255.33
threshold=116.18365950000002 100.74374050000002 21.502083333333335 85.121093750000014 4.5000000000000009 77.506510416666671 18.395963541666671 82.625000000000014 81.375000000000014 0.41248606129204562 83.375000000000014 74.125000000000014 1.5000000000000002 300.20324800000009
decision_type=2 2 2 2 2 2 2 2 2 2 2 2 2 2
left_child=-1 2 3 4 6 -6 -2 9 -9 -8 11 -11 -13 -4
right_child=1 -3 13 -5 5 -7 7 8 -10 10 -12 12 -14 -15
leaf_value=-0.092603629602203807 -0.28792626392096282 -0.018193477890645019 0.29182103824503675 0.42679724205063274 0.2566946265952928 -0.92965922680768098 0.11602989140479845 -0.25997157529980308 0.10076447847444694 0.87825304184641162 0.71111459503216412 0.47294917987038698 -0.10854007476591505 0.029455864962730744
leaf_weight=6525 95 658 1266 150 41 43 489 132 838 41 111 59 127 225
leaf_count=6525 95 658 1266 150 41 43 489 132 838 41 111 59 127 225
internal_value=0.000424982 0.142404 0.171617 0.114959 0.0910826 -0.354398 0.111038 0.132278 0.0514574 0.226896 0.386476 0.225309 0.0774536 0.252275
internal_weight=10800 4275 3617 2126 1976 84 1892 1797 970 827 338 227 186 1491
internal_count=10800 4275 3617 2126 1976 84 1892 1797 970 827 338 227 186 1491
is_linear=0
shrinkage=0.05


Tree=73
num_leaves=15
num_cat=0
split_feature=65 65 31 8 24 24 57 25 25 47 61 24 45 26
split_gain=51798.5 9541.75 5919.98 6862.3 4939.11 6542.32 6397.97 8081.48 7378.8 5187.55 4889.91 4513.66 7754.69 4404.13
threshold=190.56998100000001 28.000000000000004 19.762500000000003 258.65802250000007 278.91518350000007 283.25600400000002 2.5000000000000004 103.46998804815223 100.97654148591421 78.559895833333357 -0.29012925520284105 243.00175000000004 88.343750000000014 22.087500000000002
decision_type=2 2 2 2 2 2 2 2 2 2 2 2 2 2
left_child=1 -1 -3 4 6 10 7 8 9 -4 -6 -8 -13 -2
right_child=13 2 3 -5 5 -7 11 -9 -10 -11 -12 12 -14 -15
leaf_value=-0.10608706588996644 0.13987194934115191 -0.17010668582908167 0.27412880307176346 -0.30700391741395 0.22036296393154031 0.11460008441821418 0.2804670817577945 -0.23245127505417598 0.72568055581588009 -0.11826791766582193 0.89324024432840265 -0.090199351077828505 -0.79071400969527494 0.28359573341829603
leaf_weight=5383 2469 358 263 124 58 506 69 117 64 123 51 492 42 681
leaf_count=5383 2469 358 263 124 58 506 69 117 64 123 51 492 42 681
internal_value=0.000411081 -0.0698544 0.0161891 0.0511964 0.0762378 0.190831 0.0158911 0.136346 0.232537 0.149108 0.540454 -0.0974111 -0.146671 0.171024
internal_weight=10800 7650 2267 1909 1785 615 1170 567 450 386 109 603 534 3150
internal_count=10800 7650 2267 1909 1785 615 1170 567 450 386 109 603 534 3150
is_linear=0
shrinkage=0.05


Tree=74
num_leaves=15
num_cat=0
split_feature=65 64 25 22 24 29 33 65 53 52 45 25 32 51
split_gain=46749.1 8713.63 5876.17 7836.56 4324.74 5409.09 4226.24 4122.2 4098.21 4569.23 6171.68 12790 9729.27 6573.91
threshold=190.56998100000001 102.75268950000002 100.22833971946149 130.26329514062505 307.27302800000007 23.962500000000002 19.065625000000004 63.145266500000005 1.0000000180025095e-35 0.47114434510950087 82.677083333333357 105.3195466553865 21.012500000000003 2.5000000000000004
decision_type=2 2 2 2 2 2 2 2 2 2 2 2 2 2
left_child=1 -1 3 -3 6 -6 -4 -8 -2 -10 11 12 -11 -12
right_child=8 2 4 -5 5 -7 7 -9 9 10 13 -13 -14 -15
leaf_value=-0.098456265856158798 -0.12328718509063248 -0.013987872712907157 -0.36098293502663459 -0.43720801073771254 -0.3839567680462348 0.3050703039983424 -0.066377302972727981 0.19199897860211843 0.11849323325828112 0.45537601264862765 -0.021868281187790058 0.093407938775161042 1.1942273150230276 0.26367279525093468
leaf_weight=5617 120 690 42 129 93 40 188 851 1675 205 309 206 57 578
leaf_count=5617 120 690 42 129 93 40 188 851 1675 205 309 206 57 578
internal_value=0.000395696 -0.0663571 0.0223347 -0.0811008 0.0921247 -0.176 0.125245 0.145229 0.162479 0.173834 0.242106 0.38893 0.620048 0.164288
internal_weight=10800 7650 2033 819 1214 133 1081 1039 3150 3030 1355 468 262 887
internal_count=10800 7650 2033 819 1214 133 1081 1039 3150 3030 1355 468 262 887
is_linear=0
shrinkage=0.05


Tree=75
num_leaves=15
num_cat=0
split_feature=65 9 26 8 30 47 32 54 34 47 22 24 36 17
split_gain=42361.4 11222.5 5941.1 5988.28 5258.06 9512.28 5600.67 10458.8 9292 7858.65 6668.31 7728.43 7332.38 11066.2
threshold=87.445244000000017 95.869577000000007 19.012500000000003 258.65802250000007 19.962500000000002 78.365885416666671 20.162500000000005 1.0000000180025095e-35 20.601041666666671 77.710937500000014 135.9634828697917 274.65417650000006 22.962760416666672 1.9810494292234628e-06
decision_type=2 2 2 2 2 2 2 2 2 2 2 2 2 2
left_child=-1 4 -3 -4 5 -2 7 -6 -8 -9 12 -12 -10 -14
right_child=1 2 3 -5 6 -7 8 9 10 -11 11 -13 13 -15
leaf_value=-0.091948122573147995 -0.2555843078941813 -0.27552737581635312 0.058702111850691574 -0.37102340254085986 0.05808360673565699 0.16743704963158973 -0.10680417763422252 0.55057783380622871 0.11970614178605594 0.17840288661408507 -0.11672183610112197 0.17804920620330361 0.73913194826186712 0.16387026038952174
leaf_weight=5777 210 192 1029 87 343 358 342 362 275 235 288 966 177 159
leaf_count=5777 210 192 1029 87 343 358 342 362 275 235 288 966 177 159
internal_value=0.00038108 0.106567 -0.0193764 0.0248998 0.150903 0.010864 0.176167 0.278367 0.132532 0.40462 0.176455 0.110312 0.311803 0.468204
internal_weight=10800 5023 1308 1116 3715 568 3147 940 2207 597 1865 1254 611 336
internal_count=10800 5023 1308 1116 3715 568 3147 940 2207 597 1865 1254 611 336
is_linear=0
shrinkage=0.05


Tree=76
num_leaves=15
num_cat=0
split_feature=65 65 36 57 25 24 52 51 24 42 47 25 25 30
split_gain=38350.4 7412.1 4599.02 4615.83 6156.8 7206.7 6450.97 4719.23 6301.91 4816.56 4344.8 5658.11 8247.68 5310.56
threshold=190.56998100000001 24.000000000000004 17.625651041666668 2.5000000000000004 104.14334355566672 300.20324800000009 -0.68322629814330782 2.5000000000000004 296.45735250000007 74.875000000000014 72.658854166666671 103.14478863480169 100.97654148591421 22.987500000000004
decision_type=2 2 2 2 2 2 2 2 2 2 2 2 2 2
left_child=1 -1 -3 10 6 7 -5 9 -9 -6 13 12 -12 -4
right_child=-2 2 3 4 5 -7 -8 8 -10 -11 11 -13 -14 -15
leaf_value=-0.099304521478648877 0.14717050131461171 -0.45992062091827396 0.52791055832780776 -0.42451842420217067 0.49620844276682025 -0.25921861712888972 -0.059251822960737735 -0.053877953123895733 0.50664423137414649 -0.0059012873683656972 0.046340045593757054 -0.22253987539952957 0.67320407959869355 0.061141448897811083
leaf_weight=4679 3150 52 115 134 154 122 1161 281 60 69 476 160 58 129
leaf_count=4679 3150 52 115 134 154 122 1161 281 60 69 476 160 58 129
internal_value=0.000366639 -0.0600933 0.0016726 0.0100503 -0.0332157 0.0878123 -0.0973461 0.163205 0.0459407 0.341514 0.101364 0.0374019 0.115557 0.282392
internal_weight=10800 7650 2971 2919 1981 686 1295 564 341 223 938 694 534 244
internal_count=10800 7650 2971 2919 1981 686 1295 564 341 223 938 694 534 244
is_linear=0
shrinkage=0.05


Tree=77
num_leaves=15
num_cat=0
split_feature=65 9 8 0 24 57 24 33 22 64 52 51 65 47
split_gain=34620.5 9588.98 5099.51 5625.43 4713.04 13981 9365.52 5878.98 5862.01 5342.43 5116.39 7316.16 4149.46 4024.05
threshold=87.445244000000017 95.869577000000007 258.65802250000007 95.543330000000012 277.75656700000008 3.5000000000000004 300.20324800000009 23.965625000000006 140.65084647395835 227.84071900000004 0.29012925520284133 2.5000000000000004 116.85155100000001 85.403645833333357
decision_type=2 2 2 2 2 2 2 2 2 2 2 2 2 2
left_child=-1 4 3 -3 5 7 -6 13 10 -8 12 -12 -7 -2
right_child=1 2 -4 -5 6 8 9 -9 -10 -11 11 -13 -14 -15
leaf_value=-0.083115770785189919 0.12235279361963075 -0.20820866057327314 -0.3790040076305361 0.060649026347539908 0.28437335011087767 0.39527774221662965 -0.47788859433249425 0.63272576411328618 -0.71208745749985303 0.067427093015526837 -0.082803865189447351 -0.72812361102856582 -0.06069672954878931 0.42670063415927628
leaf_weight=5777 1758 242 91 975 1013 69 56 62 40 211 158 60 173 115
leaf_count=5777 1758 242 91 975 1013 69 56 62 40 211 158 60 173 115
internal_value=0.000352352 0.0963473 -0.0200685 0.00705973 0.13733 0.0964322 0.214996 0.157323 -0.139059 -0.0483026 -0.0877942 -0.262929 0.0704042 0.141257
internal_weight=10800 5023 1308 1217 3715 2435 1280 1935 500 267 460 218 242 1873
internal_count=10800 5023 1308 1217 3715 2435 1280 1935 500 267 460 218 242 1873
is_linear=0
shrinkage=0.05


Tree=78
num_leaves=15
num_cat=0
split_feature=65 64 25 22 26 36 41 62 24 25 47 47 36 45
split_gain=31399.6 6414.82 4481.44 7056.86 3570.23 6424.52 4882.69 5278.96 4519.83 10988.6 7277.83 4547.2 6251.78 4335.22
threshold=190.56998100000001 102.75268950000002 100.22833971946149 130.26329514062505 22.087500000000002 24.217317708333336 45.875000000000007 1.0000000180025095e-35 274.28284400000007 104.00661095731722 69.368489583333357 82.251302083333357 18.091406250000002 82.989583333333357
decision_type=2 2 2 2 2 2 2 2 2 2 2 2 2 2
left_child=1 -1 3 -3 5 8 -6 -8 9 11 -10 12 -2 -12
right_child=4 2 -4 -5 6 -7 7 -9 10 -11 13 -13 -14 -15
leaf_value=-0.081917536616033293 -0.33057264700347999 -0.0049353153403045129 0.082667978727143765 -0.406536040191467 -0.091274100007733922 -0.12908784908647755 0.5069230419854639 0.18473133261343747 0.85184014461313695 -0.30868026458162379 -0.010955878571034052 0.32035421781635282 0.12325508553305947 0.31614411656604441
leaf_weight=5617 80 690 1214 129 98 261 188 395 47 153 155 270 1212 291
leaf_count=5617 80 690 1214 129 98 261 188 395 47 153 155 270 1212 291
internal_value=0.000331298 -0.054376 0.0217215 -0.0686097 0.133167 0.105135 0.234495 0.289319 0.132868 0.0944122 0.266181 0.134068 0.0949204 0.202696
internal_weight=10800 7650 2033 819 3150 2469 681 583 2208 1715 493 1562 1292 446
internal_count=10800 7650 2033 819 3150 2469 681 583 2208 1715 493 1562 1292 446
is_linear=0
shrinkage=0.05


Tree=79
num_leaves=15
num_cat=0
split_feature=65 29 65 64 24 52 40 32 35 24 47 47 49 36
split_gain=28631.9 5688.56 5696.26 6747.58 5584.61 3996.71 6373.26 9362.45 7593.16 5749.73 4811.14 4730.49 5929.47 4118.27
threshold=116.18365950000002 16.025000000000002 261.5324245000001 266.08733850000004 318.1844445000001 0.68322629814330837 82.875000000000014 21.387500000000003 21.369270833333339 263.14637150000004 64.480468750000014 71.519531250000014 3.5000000000000004 21.325911458333337
decision_type=2 2 2 2 2 2 2 2 2 2 2 2 2 2
left_child=-1 -2 3 4 5 -3 10 8 13 -9 -7 -12 -13 -8
right_child=1 2 -4 -5 -6 6 7 9 -10 -11 11 12 -14 -15
leaf_value=-0.065573419520491297 -0.35990184971103162 0.0020079496979085697 0.19821600373025672 0.28086150896848461 -0.35764795862847854 -0.17577914531741823 0.20928624810326141 0.13762659642047115 0.58475615328976083 -0.48454426544319307 0.65127096416445474 0.43268193257520499 -0.23654914737051849 -0.062463048434167404
leaf_weight=6525 65 1447 1237 337 83 41 280 55 83 111 110 102 48 276
leaf_count=6525 65 1447 1237 337 83 41 280 55 83 111 110 102 48 276
internal_value=0.000319464 0.100885 0.108083 0.0705262 0.0435395 0.0567173 0.128228 0.054671 0.141604 -0.278814 0.324118 0.40332 0.21838 0.0745192
internal_weight=10800 4275 4210 2973 2636 2553 1106 805 639 166 301 260 150 556
internal_count=10800 4275 4210 2973 2636 2553 1106 805 639 166 301 260 150 556
is_linear=0
shrinkage=0.05


Tree=80
num_leaves=15
num_cat=0
split_feature=65 9 26 32 22 20 24 24 57 22 64 26 52 51
split_gain=26175.1 7382.67 4875.98 4758.45 5140.22 4478.42 5318.91 6732.71 11650.2 5253.32 5109.23 5073.24 4750.4 6380.71
threshold=87.445244000000017 95.335915500000013 19.012500000000003 22.037500000000005 132.31922835937505 291.91166700000002 300.20324800000009 277.75656700000008 3.5000000000000004 140.65084647395835 227.84071900000004 24.087500000000002 0.29012925520284133 2.5000000000000004
decision_type=2 2 2 2 2 2 2 2 2 2 2 2 2 2
left_child=-1 5 -3 4 -4 6 7 8 11 12 -8 -2 -10 -14
right_child=1 2 3 -5 -6 -7 10 -9 9 -11 -12 -13 13 -15
leaf_value=-0.072269894754497258 0.12697492713127023 -0.24927917409390596 -0.040563333766403226 -0.095149800761849909 0.24371046890469361 0.52837435580564274 -0.57299862139839297 0.23871841505188837 0.070203183585182766 -0.67429044639191982 0.002190808725894475 0.68299984995807916 -0.083355316025960566 -0.68606576554965781
leaf_weight=5777 1888 193 296 489 342 65 48 981 240 40 182 41 158 60
leaf_count=5777 1888 193 296 489 342 65 48 981 240 40 182 41 158 60
internal_value=0.000306983 0.0837761 -0.0177428 0.022094 0.111965 0.119959 0.112519 0.128229 0.083489 -0.131925 -0.11981 0.139141 -0.0831907 -0.251614
internal_weight=10800 5023 1320 1127 638 3703 3638 3408 2427 498 230 1929 458 218
internal_count=10800 5023 1320 1127 638 3703 3638 3408 2427 498 230 1929 458 218
is_linear=0
shrinkage=0.05


Tree=81
num_leaves=15
num_cat=0
split_feature=65 8 36 57 24 47 24 24 51 26 22 47 36 45
split_gain=23621.6 6988.27 6508.05 5848.2 19771.6 17859.3 13654.1 8832.62 7209.34 7902.67 10286.9 9169.53 7004.03 6570.57
threshold=87.445244000000017 258.65802250000007 18.395963541666671 3.5000000000000004 274.65417650000006 69.212239583333357 273.12119300000006 307.27302800000007 2.5000000000000004 19.762500000000003 143.3531295416667 68.554687500000014 23.976302083333341 78.145833333333357
decision_type=2 2 2 2 2 2 2 2 2 2 2 2 2 2
left_child=-1 2 -2 8 6 7 -5 -6 9 -4 11 -11 -10 -12
right_child=1 -3 3 4 5 -7 -8 -9 12 10 13 -13 -14 -15
leaf_value=-0.068657024812675646 -0.19707594119166771 -0.35227786056373434 -0.30381515111707685 -0.087830217455248563 0.78863821826104463 0.029862188626149075 -0.69619724216132328 0.011906642597168685 0.155776875128632 0.55292647253368465 -0.26208094942655807 0.11437433176708145 0.41408285451876675 0.17129173790308416
leaf_weight=5777 192 91 139 452 144 517 115 49 1544 136 276 925 316 127
leaf_count=5777 192 91 139 452 144 517 115 49 1544 136 276 925 316 127
internal_value=0.000288946 0.0795822 0.0876203 0.0991914 0.00772341 0.183427 -0.212229 0.592515 0.132909 0.0551474 0.0894133 0.171056 0.19986 -0.125423
internal_weight=10800 5023 4932 4740 1277 710 567 193 3463 1603 1464 1061 1860 403
internal_count=10800 5023 4932 4740 1277 710 567 193 3463 1603 1464 1061 1860 403
is_linear=0
shrinkage=0.05


Tree=82
num_leaves=15
num_cat=0
split_feature=65 64 25 22 47 36 46 53 52 32 45 54 43 36
split_gain=21534.6 4821.28 3573.76 6353.73 3312.97 5308.2 3971 3537.28 4215.13 5612.79 5445.27 4285.51 3605.36 3577.02
threshold=190.56998100000001 102.75268950000002 100.22833971946149 130.26329514062505 85.121093750000014 18.395963541666671 89.609375000000014 1.0000000180025095e-35 0.47114434510950087 21.912500000000005 82.239583333333357 1.0000000180025095e-35 82.875000000000014 23.762239583333336
decision_type=2 2 2 2 2 2 2 2 2 2 2 2 2 2
left_child=1 -1 3 -3 5 -2 7 12 -9 -10 11 -11 -7 -12
right_child=4 2 -4 -5 -6 6 -8 8 9 10 13 -13 -14 -15
leaf_value=-0.068906717261895609 -0.25831440825574103 0.00068522263523838152 0.075366324806440274 -0.3803754546550604 0.36922851067443357 -0.50498989199034194 -0.13765345096884185 0.081802796684297449 0.2830095450198904 0.61260593882922476 -0.41294411414343379 0.068482606204188598 0.093901025270253929 0.02377381240125416
leaf_weight=5617 99 690 1214 129 118 43 150 1519 795 57 68 97 58 146
leaf_count=5617 99 690 1214 129 118 43 150 1519 795 57 68 97 58 146
internal_value=0.000275753 -0.0450298 0.0209414 -0.059726 0.110283 0.100087 0.112268 0.125783 0.136735 0.20835 0.0467318 0.272532 -0.163523 -0.116272
internal_weight=10800 7650 2033 819 3150 3032 2933 2783 2682 1163 368 154 101 214
internal_count=10800 7650 2033 819 3150 3032 2933 2783 2682 1163 368 154 101 214
is_linear=0
shrinkage=0.05


Tree=83
num_leaves=15
num_cat=0
split_feature=65 8 30 47 22 49 46 32 22 26 27 21 47 49
split_gain=19497.7 6234.67 5709.59 7238.19 4986.57 6216.86 4911.64 5479.2 9949.27 6678.47 6051.62 5516.43 4972.25 4683.14
threshold=87.445244000000017 258.65802250000007 19.962500000000002 78.256510416666671 125.64656252604168 2.5000000000000004 91.427083333333357 20.587500000000002 127.28854346354167 22.787500000000005 19.512500000000003 7.028973393161898e-06 82.167968750000014 1.0000000180025095e-35
decision_type=2 2 2 2 2 2 2 2 2 2 2 2 2 2
left_child=-1 2 3 4 -2 -6 7 8 -4 12 -10 -12 13 -9
right_child=1 -3 6 -5 5 -7 -8 9 10 -11 11 -13 -14 -15
leaf_value=-0.062377857466750709 -0.37386043543375813 -0.33560322293120887 0.0039396956535214982 0.0825204088376916 0.34998471454053481 -0.39554961733520033 -0.41088596815648287 0.18202635075566409 0.68908580632022254 0.18523117455508692 0.56604223926352648 0.19052827369868391 0.31969829182638682 -0.035857086235075109
leaf_weight=5777 205 91 439 459 66 47 45 292 88 878 116 612 128 1557
leaf_count=5777 205 91 439 459 66 47 45 292 88 878 116 612 128 1557
internal_value=0.00026125 0.0723012 0.0798939 -0.0444644 -0.227438 0.0391456 0.103154 0.108881 0.195926 0.0705629 0.299081 0.251057 0.01957 -0.00136844
internal_weight=10800 5023 4932 777 318 113 4155 4110 1255 2855 816 728 1977 1849
internal_count=10800 5023 4932 777 318 113 4155 4110 1255 2855 816 728 1977 1849
is_linear=0
shrinkage=0.05


Tree=84
num_leaves=15
num_cat=0
split_feature=65 15 49 46 25 22 20 24 22 45 47 32 48 48
split_gain=17873 4126.09 4257.71 5632.62 4971.9 4546.04 3158.37 3948.78 4464.23 4131.14 7868.1 5129.6 3128.23 4850.1
threshold=190.56998100000001 24.000000000000004 2.5000000000000004 83.005208333333357 103.46998804815223 144.58368682812502 260.70380750000004 300.20324800000009 137.21175876562504 72.177083333333357 68.201822916666686 21.312500000000004 1.1250000000000002 1.0000000180025095e-35
decision_type=2 2 2 2 2 2 2 2 2 2 2 2 2 2
left_child=1 2 3 4 -1 -6 7 8 -4 -10 -11 -12 13 -2
right_child=12 -3 6 -5 5 -7 -8 -9 9 10 11 -13 -14 -15
leaf_value=0.51330684578018404 0.29910224082357273 -0.071623213481313883 -0.05070917895777477 0.006012180955382064 -0.30628623123435927 0.37838829441034066 0.38442451782200648 -0.35335763492170846 -0.3118266088763873 0.59460931295876973 0.25494036617914612 -0.21214639553624504 0.11828177780462193 -0.13869449235255146
leaf_weight=133 81 4514 2002 399 47 48 45 92 44 90 131 105 2793 276
leaf_count=133 81 4514 2002 399 47 48 45 92 44 90 131 105 2793 276
internal_value=0.000252607 -0.0410219 0.00303472 0.11947 0.317128 0.0399926 -0.0260985 -0.0337488 -0.0212089 0.138118 0.199615 0.0471081 0.100472 -0.0388044
internal_weight=10800 7650 3136 627 228 95 2509 2464 2372 370 326 236 3150 357
internal_count=10800 7650 3136 627 228 95 2509 2464 2372 370 326 236 3150 357
is_linear=0
shrinkage=0.05


Tree=85
num_leaves=15
num_cat=0
split_feature=65 64 25 22 24 29 33 46 47 29 24 43 24 25
split_gain=16130.2 3775.24 2963.42 5858.45 2917.6 4234.3 2912.49 3450.25 5609.76 4944.95 4899.72 3815.84 3295.43 3659.23
threshold=190.56998100000001 102.75268950000002 100.22833971946149 130.26329514062505 307.27302800000007 23.962500000000002 19.065625000000004 69.406250000000014 68.201822916666686 23.962500000000002 298.46041100000008 71.125000000000014 296.45735250000007 106.87927892455518
decision_type=2 2 2 2 2 2 2 2 2 2 2 2 2 2
left_child=1 -1 3 -3 6 -6 -4 9 10 -8 11 -9 13 -10
right_child=-2 2 4 -5 5 -7 7 8 12 -11 -12 -13 -14 -15
leaf_value=-0.060093986300268167 0.09545282993065321 0.0039588083802181932 -0.30741197338630988 -0.36194371343805243 -0.3352491614766242 0.27433965598664634 -0.5267888744619299 0.18571197378552623 0.10100576029862839 0.067743582672772626 0.015024313475873512 0.76461215370718172 0.38007854840585165 -0.2322526433702671
leaf_weight=5617 3150 690 42 129 93 40 46 44 490 136 58 84 83 98
leaf_count=5617 3150 690 42 129 93 40 46 44 490 136 58 84 83 98
internal_value=0.000245089 -0.0389654 0.0194117 -0.0540453 0.0689716 -0.151235 0.0961793 0.112774 0.154735 -0.0845804 0.396981 0.568597 0.0870944 0.0451627
internal_weight=10800 7650 2033 819 1214 133 1081 1039 857 182 186 128 671 588
internal_count=10800 7650 2033 819 1214 133 1081 1039 857 182 186 128 671 588
is_linear=0
shrinkage=0.05


Tree=86
num_leaves=15
num_cat=0
split_feature=65 15 49 46 22 22 51 35 46 45 47 36 46 25
split_gain=14557.9 3569.19 3742.36 4878.05 4621.5 3134.2 2916.73 3653.05 3717.44 2948.67 2899.97 4532 3391.72 3251.76
threshold=190.56998100000001 24.000000000000004 2.5000000000000004 83.005208333333357 138.22031733854172 144.58368682812502 2.5000000000000004 17.091145833333339 86.296875000000014 86.135416666666671 85.121093750000014 18.395963541666671 89.609375000000014 110.55984742745123
decision_type=2 2 2 2 2 2 2 2 2 2 2 2 2 2
left_child=1 2 3 4 -1 -6 -5 -8 9 -9 11 -2 13 -13
right_child=10 -3 -4 6 5 -7 7 8 -10 -11 -12 12 -14 -15
leaf_value=0.50378090640710249 -0.24998202446708456 -0.065478701441018125 -0.023355601125107373 -0.24497147392523422 -0.1968240600464673 0.34641220642595877 -0.34889858475951263 0.1392881637811661 0.0062667156244779745 0.69062339627908342 0.33291322415491115 0.12002045680704945 -0.13853425012519027 -0.087953571113643103
leaf_weight=123 99 4514 2509 88 57 48 42 54 171 44 118 2581 150 202
leaf_count=123 99 4514 2509 88 57 48 42 54 171 44 118 2581 150 202
internal_value=0.000233132 -0.0370174 0.00395803 0.113119 0.297062 0.0524378 0.00752919 0.0795325 0.14747 0.391302 0.0906817 0.0811478 0.0924061 0.104899
internal_weight=10800 7650 3136 627 228 105 399 311 269 98 3150 3032 2933 2783
internal_count=10800 7650 3136 627 228 105 399 311 269 98 3150 3032 2933 2783
is_linear=0
shrinkage=0.05


Tree=87
num_leaves=15
num_cat=0
split_feature=65 64 22 64 24 36 36 48 48 65 53 52 41 22
split_gain=13137.3 3327.88 4034 3509.49 3713.71 2992.72 3141.4 2830 4380.26 12780.5 3246.81 3327.22 3410.04 5761
threshold=190.56998100000001 193.78432000000004 136.69453288541669 242.83959950000005 257.54432450000007 24.521093750000002 25.307031250000005 1.1250000000000002 1.0000000180025095e-35 220.96832750000002 1.0000000180025095e-35 -0.22695468355932472 82.625000000000014 144.7904826822917
decision_type=2 2 2 2 2 2 2 2 2 2 2 2 2 2
left_child=1 -1 3 -3 -5 -4 -7 8 -2 -10 -9 -12 13 -13
right_child=7 2 5 4 -6 6 -8 10 9 -11 11 12 -14 -15
leaf_value=-0.045881734846786981 0.27485604764575639 0.1049185055663277 0.32899106211248746 -0.62783486436053026 -0.085929591939223157 -0.13918808992499504 0.25591854189179447 -0.15045006009172801 0.016165908557814284 -0.87382326649159803 0.031707971320046408 0.30036468134811178 0.086123115930274274 0.014340243211836239
leaf_weight=6919 81 174 177 40 140 106 94 120 228 48 835 646 950 242
leaf_count=6919 81 174 177 40 140 106 94 120 228 48 835 646 950 242
internal_value=0.000225104 -0.0351612 0.0662336 -0.0549199 -0.209156 0.17984 0.0468614 0.0861472 -0.0463049 -0.141211 0.103088 0.114522 0.152106 0.22252
internal_weight=10800 7650 731 354 180 377 200 3150 357 276 2793 2673 1838 888
internal_count=10800 7650 731 354 180 377 200 3150 357 276 2793 2673 1838 888
is_linear=0
shrinkage=0.05


Tree=88
num_leaves=15
num_cat=0
split_feature=65 8 34 41 65 57 36 46 52 22 36 47 24 46
split_gain=12109 5069.36 5108.02 8624.76 4509.55 4425.46 6382.46 5854.9 7224.19 5315.07 5305.78 4526.16 4325.03 4207.59
threshold=87.445244000000017 258.65802250000007 21.459375000000001 85.375000000000014 267.06350950000007 2.5000000000000004 18.395963541666671 83.005208333333357 0.58216583101416164 138.80926445833336 21.282552083333339 75.976562500000014 273.57706450000006 86.177083333333357
decision_type=2 2 2 2 2 2 2 2 2 2 2 2 2 2
left_child=-1 2 4 -4 5 6 -2 8 -8 -10 11 -9 -12 -14
right_child=1 -3 3 -5 -6 -7 7 10 9 -11 12 -13 13 -15
leaf_value=-0.049152317953741441 -0.25937410524487498 -0.31081421893575922 0.089822434082070524 0.43493810458481308 0.15430268608802136 -0.092439609940574652 0.052450657603224274 0.58308540121013042 0.61326842308044438 0.042059769365808061 -0.23950402235859927 0.069721480252390555 0.45473180698617449 -0.099512770787342317
leaf_weight=5777 149 91 1922 199 508 955 261 50 143 57 266 274 52 96
leaf_count=5777 149 91 1922 199 508 955 261 50 143 57 266 274 52 96
internal_value=0.000211487 0.0569838 0.0638316 0.122392 0.0196177 -0.0101454 0.0481818 0.0865862 0.226174 0.451493 -0.000796704 0.150495 -0.119276 0.0969668
internal_weight=10800 5023 4932 2121 2811 2303 1348 1199 461 200 738 324 414 148
internal_count=10800 5023 4932 2121 2811 2303 1348 1199 461 200 738 324 414 148
is_linear=0
shrinkage=0.05


Tree=89
num_leaves=15
num_cat=0
split_feature=65 29 8 24 57 22 25 34 47 47 22 47 25 57
split_gain=10935.6 4491.18 4322.22 3956.54 13647.4 7336.45 5569.01 7206.64 7198.12 7667.82 5550.71 7142.79 6986.09 6901.17
threshold=86.489938500000008 16.025000000000002 258.65802250000007 277.75656700000008 3.5000000000000004 142.14642354166668 110.65619292753755 21.965625000000006 64.480468750000014 66.093750000000014 148.4124377447917 69.368489583333357 109.81433337420579 3.5000000000000004
decision_type=2 2 2 2 2 2 2 2 2 2 2 2 2 2
left_child=-1 -2 3 4 -3 -6 8 -8 -5 -10 11 13 -13 -11
right_child=1 2 -4 6 5 -7 7 -9 9 10 -12 12 -14 -15
leaf_value=-0.046895745956786972 -0.32015426113635681 0.085459546543070211 -0.27601590135154569 -0.23169551643699704 -0.11777104437777818 -0.69883517662684125 -0.38977753813895916 0.10504757977610867 0.66344706112908769 0.23762055896875225 -0.24305930592616401 0.086642389996890348 0.52932508320796612 0.82978096291422843
leaf_weight=5755 78 2562 93 100 583 59 107 230 85 131 74 764 100 79
leaf_count=5755 78 2562 93 100 583 59 107 230 85 131 74 764 100 79
internal_value=0.000207596 0.0539386 0.0598765 0.0663409 0.0337986 -0.172175 0.128718 -0.0527514 0.174601 0.207714 0.173422 0.202318 0.138432 0.463263
internal_weight=10800 5045 4967 4874 3204 642 1670 337 1333 1233 1148 1074 864 210
internal_count=10800 5045 4967 4874 3204 642 1670 337 1333 1233 1148 1074 864 210
is_linear=0
shrinkage=0.05


Tree=90
num_leaves=15
num_cat=0
split_feature=15 49 32 29 22 36 24 24 47 35 31 36 36 22
split_gain=10036.3 6498.5 6624.61 5933.94 5991.57 9797.75 5121.16 14292.9 8444.36 9012.61 4659.34 4382.46 5920.59 7323.53
threshold=24.000000000000004 3.5000000000000004 22.237500000000004 16.862500000000004 148.13106922916668 23.976302083333341 274.65417650000006 273.12119300000006 69.212239583333357 21.875520833333336 27.237500000000004 21.325911458333337 20.874609375000002 128.03112266666668
decision_type=2 2 2 2 2 2 2 2 2 2 2 2 2 2
left_child=1 2 3 -1 5 11 7 -3 9 -8 -11 12 13 -5
right_child=-2 6 -4 4 -6 -7 8 -9 -10 10 -12 -13 -14 -15
leaf_value=-0.25705175434876432 -0.053112513854611881 -0.022667494148903872 -0.056280390890965676 0.034068598822290241 -0.24106295259358981 0.3818714302461908 0.98771829496655217 -0.70762442214579524 -0.0170290137275689 -0.12437171740326243 0.3844332698552359 0.048412227491367074 0.40994571542900626 0.55853392571592941
leaf_weight=94 4857 2122 586 455 95 415 44 78 459 70 123 1085 240 77
leaf_count=94 4857 2122 586 455 95 415 44 78 459 70 123 1085 240 77
internal_value=0.000198203 0.0437687 0.0947288 0.130695 0.146195 0.162487 -0.00986265 -0.0472628 0.108254 0.349944 0.200203 0.11328 0.204266 0.110884
internal_weight=10800 5943 3047 2461 2367 2272 2896 2200 696 237 193 1857 772 532
internal_count=10800 5943 3047 2461 2367 2272 2896 2200 696 237 193 1857 772 532
is_linear=0
shrinkage=0.05


Tree=91
num_leaves=15
num_cat=0
split_feature=15 49 32 29 22 36 24 24 47 35 31 36 36 22
split_gain=9060.11 5865.58 5980.31 5359.87 5411.82 8843.69 4628.41 12917 7632.58 8156.35 4209.28 3958.52 5344.44 6618.9
threshold=24.000000000000004 3.5000000000000004 22.237500000000004 16.862500000000004 148.13106922916668 23.976302083333341 274.65417650000006 273.12119300000006 69.212239583333357 21.875520833333336 27.237500000000004 21.325911458333337 20.874609375000002 128.03112266666668
decision_type=2 2 2 2 2 2 2 2 2 2 2 2 2 2
left_child=1 2 3 -1 5 11 7 -3 9 -8 -11 12 13 -5
right_child=-2 6 -4 4 -6 -7 8 -9 -10 10 -12 -13 -14 -15
leaf_value=-0.24433445425017886 -0.05045743523487272 -0.021534652449453826 -0.05347116632114151 0.032368903809325084 -0.22913535732465484 0.36282375623408236 0.93942985640631782 -0.67269106695923631 -0.016179414385241335 -0.11824072073672859 0.36536662112320628 0.045993844739506178 0.38953348275165833 0.53096526196369764
leaf_weight=94 4857 2122 586 455 95 415 44 78 459 70 123 1085 240 77
leaf_count=94 4857 2122 586 455 95 415 44 78 459 70 123 1085 240 77
internal_value=0.00019443 0.0415919 0.0900068 0.124179 0.138911 0.154394 -0.00936088 -0.0449162 0.10293 0.332709 0.19026 0.107644 0.194118 0.105395
internal_weight=10800 5943 3047 2461 2367 2272 2896 2200 696 237 193 1857 772 532
internal_count=10800 5943 3047 2461 2367 2272 2896 2200 696 237 193 1857 772 532
is_linear=0
shrinkage=0.05


Tree=92
num_leaves=15
num_cat=0
split_feature=65 52 64 49 47 43 56 40 65 32 65 64 47 36
split_gain=8455.43 3827.71 3472.68 4424.93 3724.45 3073.5 3243.09 3684.52 4593.99 4587.51 2653.78 5854.48 2549.16 2699.61
threshold=241.37499250000005 0.97335555334614943 266.08733850000004 3.5000000000000004 68.201822916666686 82.625000000000014 15.875000000000002 85.625000000000014 75.408333500000012 21.387500000000003 224.60736200000005 235.37003250000004 85.015625000000014 18.091406250000002
decision_type=2 2 2 2 2 2 2 2 2 2 2 2 2 2
left_child=2 12 5 -4 -5 10 -7 8 -8 -10 -1 -12 13 -2
right_child=1 -3 3 4 -6 6 7 -9 9 -11 11 -13 -14 -15
leaf_value=-0.043355463699812746 -0.23861878460547967 -0.35077466143605612 0.62287983049384577 0.42892545139789579 -0.078966391560478286 -0.03059623214621628 -0.032960774901617862 -0.0087628838741808275 0.33082445312101377 -0.13421984059285255 -0.75950544245722817 0.038817735515394303 0.35996297015527084 0.099549623397165346
leaf_weight=5571 60 47 43 49 129 1613 198 617 347 62 40 52 90 1882
leaf_count=5571 60 47 43 49 129 1613 198 617 347 62 40 52 90 1882
internal_value=0.000190543 0.0907768 -0.0214122 0.173817 0.0624617 -0.0265081 0.0159669 0.0773032 0.164658 0.260173 -0.0477858 -0.312714 0.101157 0.0889841
internal_weight=10800 2079 8721 221 178 8500 2837 1224 607 409 5663 92 2032 1942
internal_count=10800 2079 8721 221 178 8500 2837 1224 607 409 5663 92 2032 1942
is_linear=0
shrinkage=0.05


Tree=93
num_leaves=15
num_cat=0
split_feature=65 64 47 43 36 17 15 30 36 65 24 47 31 47
split_gain=7744.28 6064.65 2924.22 2746.83 3678.15 3690.75 4450.35 4411.78 3319.7 3508.23 3123.31 3020.93 5423.49 2573.82
threshold=261.5324245000001 266.08733850000004 85.015625000000014 80.125000000000014 24.022526041666669 1.0026559406380949e-06 24.000000000000004 23.912500000000005 18.395963541666671 71.13744800000002 248.42321500000003 77.669270833333357 23.062500000000004 81.589843750000014
decision_type=2 2 2 2 2 2 2 2 2 2 2 2 2 2
left_child=1 3 -2 -1 5 7 8 11 -7 -10 -11 -5 -13 -14
right_child=2 -3 -4 4 -6 6 -8 -9 9 10 -12 12 13 -15
leaf_value=-0.047099017280698832 0.10189273208498002 0.1648097756205987 0.51271745367182631 0.050637571235586487 0.14668032211277668 -0.1384839421226865 -0.062762785705484617 -0.61109371403368506 -0.0243410158035237 0.25178510730192599 0.071915798785732205 -0.02869674842470863 -0.52151485943952502 -0.053377350510620494
leaf_weight=5335 1216 445 44 279 427 167 1007 40 420 418 572 278 112 40
leaf_count=5335 1216 445 44 279 427 167 1007 40 420 418 572 278 112 40
internal_value=0.000181956 -0.0152091 0.116634 -0.0240343 0.00869576 -0.00902052 0.0193145 -0.10667 0.0717318 0.0967102 0.148038 -0.0773909 -0.160385 -0.399475
internal_weight=10800 9540 1260 9095 3760 3333 2584 749 1577 1410 990 709 430 152
internal_count=10800 9540 1260 9095 3760 3333 2584 749 1577 1410 990 709 430 152
is_linear=0
shrinkage=0.05


Tree=94
num_leaves=15
num_cat=0
split_feature=65 64 47 43 36 6 65 56 17 47 31 47 36 36
split_gain=6992.41 5474.8 2646.77 2477.91 3363.38 2803.73 2742.44 2590.29 2820.49 3069.01 5466.83 2806.47 2625.05 4125.04
threshold=261.5324245000001 266.08733850000004 85.015625000000014 80.125000000000014 23.581770833333337 28.000000000000004 63.145266500000005 8.8750000000000018 1.0781840591110191e-06 77.669270833333357 23.062500000000004 81.589843750000014 20.950520833333336 22.670312500000005
decision_type=2 2 2 2 2 2 2 2 2 2 2 2 2 2
left_child=1 3 -2 -1 7 6 -6 -5 9 12 -11 -12 -9 -14
right_child=2 -3 -4 4 5 -7 -8 8 -10 10 11 -13 13 -15
leaf_value=-0.044744506705498413 0.096802282122353311 0.15658776241818217 0.48765127241611483 -0.086414950462578535 -0.025822493686861948 -0.021080343775716225 0.26714478147735238 -0.26176877679924171 0.050936687085011728 -0.021735154749549387 -0.54629203332405474 -0.050773576265428125 0.40609863179564565 -0.059985070695124924
leaf_weight=5335 1216 445 44 876 108 252 304 47 1580 262 101 40 86 104
leaf_count=5335 1216 445 44 876 108 252 304 47 1580 262 101 40 86 104
internal_value=0.000171994 -0.0144529 0.110827 -0.0228379 0.00824876 0.110272 0.190471 -0.0136608 0.0150735 -0.073405 -0.157227 -0.407067 0.0691901 0.152001
internal_weight=10800 9540 1260 9095 3760 664 412 3096 2220 640 403 141 237 190
internal_count=10800 9540 1260 9095 3760 664 412 3096 2220 640 403 141 237 190
is_linear=0
shrinkage=0.05


Tree=95
num_leaves=15
num_cat=0
split_feature=65 64 6 47 41 45 44 25 32 43 46 52 25 24
split_gain=6313.24 4992.73 2580.23 2398.66 2457.76 2514.4 2337.48 4481.58 8663.42 2427.07 2170.66 2079.38 5358.13 4922.01
threshold=261.5324245000001 260.01001200000002 282.29026750000008 84.773437500000014 87.875000000000014 87.260416666666671 82.656250000000014 104.64478702079667 21.062500000000004 87.375000000000014 87.942708333333357 0.63405362205439497 110.83558801624868 280.08090150000004
decision_type=2 2 2 2 2 2 2 2 2 2 2 2 2 2
left_child=1 11 -3 4 5 6 7 8 -2 -9 -6 -1 13 -13
right_child=3 2 -4 -5 10 -7 -8 9 -10 -11 -12 12 -14 -15
leaf_value=-0.03757372839307499 0.10374234201446658 0.089780078185033863 0.44009081336573286 0.45602952558943566 0.10010254905595409 0.31115893774798942 0.011971335471995796 -0.089842038806527857 0.75134961526745414 0.33723132510979975 -0.26877034864870897 0.0011037044586707267 -0.31960658000649089 0.20144848820972974
leaf_weight=6618 154 574 57 46 76 146 479 159 77 41 82 1812 111 368
leaf_count=6618 154 574 57 46 76 146 479 159 77 41 82 1812 111 368
internal_value=0.000164998 -0.0137315 0.122071 0.105309 0.091655 0.119168 0.0880577 0.172394 0.32192 -0.0010498 -0.0918242 -0.0233626 0.0176874 0.0350002
internal_weight=10800 9540 631 1260 1214 1056 910 431 231 200 158 8909 2291 2180
internal_count=10800 9540 631 1260 1214 1056 910 431 231 200 158 8909 2291 2180
is_linear=0
shrinkage=0.05


Tree=96
num_leaves=15
num_cat=0
split_feature=15 49 24 25 29 32 49 30 48 17 29 6 36 36
split_gain=5708.46 4034.27 4995.78 6534.18 3927.74 4240.79 7480.55 6352.52 5925.89 5177.71 3839.5 5799.61 3704.96 5573.06
threshold=24.000000000000004 3.5000000000000004 297.26105400000006 109.81433337420579 16.025000000000002 21.762500000000003 1.5000000000000002 24.112500000000004 8.6250000000000018 1.0026559406380949e-06 21.812500000000004 97.515739500000009 21.325911458333337 20.71901041666667
decision_type=2 2 2 2 2 2 2 2 2 2 2 2 2 2
left_child=1 2 3 4 -1 10 9 8 -8 -7 12 -12 13 -6
right_child=-2 -3 -4 -5 5 6 7 -9 -10 -11 11 -13 -14 -15
leaf_value=-0.27588128225008646 -0.040039343489050257 -0.0092298620792114153 -0.12697872555396741 0.56380561496027648 0.065993514758481739 0.65109941278185168 -0.55259344374298969 0.046378317520620799 -0.021125327655010753 0.089388166824937804 0.45841767991063609 0.089888225954997805 0.0074579994961021167 0.34633872462252308
leaf_weight=74 4857 2896 282 71 491 48 127 220 89 255 200 229 684 277
leaf_count=74 4857 2896 282 71 491 48 127 220 89 255 200 229 684 277
internal_value=0.000166415 0.0330263 0.0731783 0.0936307 0.0810347 0.0912169 -0.0102654 -0.142754 -0.334715 0.180221 0.131071 0.262363 0.0921264 0.167426
internal_weight=10800 5943 3047 2765 2694 2620 739 436 216 303 1881 429 1452 768
internal_count=10800 5943 3047 2765 2694 2620 739 436 216 303 1881 429 1452 768
is_linear=0
shrinkage=0.05


Tree=97
num_leaves=15
num_cat=0
split_feature=65 64 47 41 17 51 22 39 51 32 42 18 57 31
split_gain=5429.54 4413.21 2175.23 2191.9 2223.35 3189.07 2554.15 5838.93 4031.28 3987.76 2478.58 2415.06 2028.42 1965.41
threshold=261.5324245000001 266.08733850000004 85.403645833333357 87.875000000000014 2.0018641137551049e-06 1.5000000000000002 143.83039347916667 82.875000000000014 2.5000000000000004 20.012500000000003 54.375000000000007 74.743776583333343 3.5000000000000004 26.175000000000001
decision_type=2 2 2 2 2 2 2 2 2 2 2 2 2 2
left_child=1 -1 3 4 5 13 7 9 -9 -7 -10 -6 -5 -2
right_child=2 -3 -4 12 11 6 -8 8 10 -11 -12 -13 -14 -15
leaf_value=-0.020251464436970859 -0.28689382951310338 0.14084194024016969 0.44741130013798563 0.025668985377016826 -0.12236804761702108 0.24976600140479266 -0.0045500516801713466 -0.20739433639927915 0.61828261250402872 0.84671375440127816 0.17244088516509448 0.11400617466003884 -0.36797798088063366 0.096390514429217089
leaf_weight=9095 46 445 42 113 167 50 82 56 40 66 136 302 45 115
leaf_count=9095 46 445 42 113 167 50 82 56 40 66 136 302 45 115
internal_value=0.000164079 -0.0127232 0.0976717 0.0852546 0.111146 0.175574 0.246503 0.305503 0.159453 0.593743 0.276689 0.0297575 -0.0880549 -0.0142143
internal_weight=10800 9540 1260 1218 1060 591 430 348 232 116 176 469 158 161
internal_count=10800 9540 1260 1218 1060 591 430 348 232 116 176 469 158 161
is_linear=0
shrinkage=0.05


Tree=98
num_leaves=15
num_cat=0
split_feature=15 49 24 25 36 46 6 47 47 22 47 36 46 47
split_gain=4908.78 3458.13 4461.91 5891.05 3826.63 3690 4692.6 4166.62 5721.78 8958.35 5926.66 5336.25 7840.98 4892.74
threshold=24.000000000000004 3.5000000000000004 297.26105400000006 109.81433337420579 26.592968750000008 81.901041666666671 97.515739500000009 82.251302083333357 77.319010416666671 125.64656252604168 72.779947916666671 22.152604166666674 87.942708333333357 78.959635416666671
decision_type=2 2 2 2 2 2 2 2 2 2 2 2 2 2
left_child=1 2 3 4 5 6 -1 8 9 10 -7 12 -11 -10
right_child=-2 -3 -4 -5 -6 7 -8 -9 13 11 -12 -13 -14 -15
leaf_value=0.28605723692716295 -0.037119660482401805 -0.0084874301243295022 -0.12134847315225764 0.53357144310656524 -0.38219483508004082 0.24303461846378116 0.061150162265358077 0.1965289389554786 -0.28046029316658372 0.56184230814866032 -0.2403856839748576 0.039365708651383974 -0.20662741806448959 -0.0029402361167676487
leaf_weight=422 4857 2896 282 71 44 89 515 337 243 182 214 153 40 455
leaf_count=422 4857 2896 282 71 44 89 515 337 243 182 214 153 40 455
internal_value=0.000163754 0.0306353 0.0678097 0.0871387 0.0751794 0.0829149 0.162639 0.0392367 0.000599035 0.103973 -0.0980586 0.267042 0.423074 -0.0998184
internal_weight=10800 5943 3047 2765 2694 2650 937 1713 1376 678 303 375 222 698
internal_count=10800 5943 3047 2765 2694 2650 937 1713 1376 678 303 375 222 698
is_linear=0
shrinkage=0.05


Tree=99
num_leaves=15
num_cat=0
split_feature=65 64 6 22 24 24 7 32 24 34 28 47 21 43
split_gain=4709.73 3918.3 2301.35 1944.9 4966.72 5341.38 5613.53 3499.62 3353.86 3167.88 2325.78 2250.62 1860.51 1659.08
threshold=261.5324245000001 260.01001200000002 282.29026750000008 144.7904826822917 274.28284400000007 263.86678650000005 248.10863000000003 21.062500000000004 283.46498150000008 22.01979166666667 21.262500000000003 76.794270833333357 7.3566204200819428e-06 80.125000000000014
decision_type=2 2 2 2 2 2 2 2 2 2 2 2 2 2
left_child=1 13 -3 4 5 6 10 -6 -5 -10 11 -2 -7 -1
right_child=3 2 -4 8 7 12 -8 -9 9 -11 -12 -13 -14 -15
leaf_value=-0.038270127361237749 -0.1062125919153914 0.077980717710097847 0.40877481373348118 -0.35788518620319054 0.18442660705125952 -0.35190125930655219 0.63764878348038911 0.59795869986216232 -0.22056333105095099 0.2240146077118623 0.31539265592396259 0.16751934374878363 -0.036484157692289333 0.0056375208869060408
leaf_weight=5278 143 574 57 60 153 55 56 77 60 116 99 156 285 3631
leaf_count=5278 143 574 57 60 153 55 56 77 60 116 99 156 285 3631
internal_value=0.000158539 -0.0118441 0.108462 0.0909731 0.120773 0.061321 0.173387 0.324859 -0.0382939 0.0720641 0.10663 0.0366864 -0.0883899 -0.0203763
internal_weight=10800 9540 631 1260 1024 794 454 230 236 176 398 299 340 8909
internal_count=10800 9540 631 1260 1024 794 454 230 236 176 398 299 340 8909
is_linear=0
shrinkage=0.05


Tree=100
num_leaves=15
num_cat=0
split_feature=65 64 44 26 47 41 17 51 53 22 39 32 51 42
split_gain=4253.96 3571.28 1836.03 3495.43 1764.81 1868.38 1862.63 2742.88 2132.85 2066.37 5039.99 3368.58 3216.19 2062.57
threshold=261.5324245000001 266.08733850000004 83.343750000000014 21.312500000000004 84.773437500000014 87.875000000000014 2.0018641137551049e-06 1.5000000000000002 0.97335555334614943 143.83039347916667 82.875000000000014 20.012500000000003 2.5000000000000004 54.375000000000007
decision_type=2 2 2 2 2 2 2 2 2 2 2 2 2 2
left_child=1 -1 -3 -4 5 6 7 -2 -8 10 11 -9 -12 -14
right_child=4 2 3 -5 -6 -7 8 9 -10 -11 12 -13 13 -15
leaf_value=-0.018021758020956954 -0.018403682977903957 0.058770591087004886 0.11079103645974214 0.65922221626554223 0.38727984162087137 -0.085197587583050044 -0.054865086680929799 0.22809453954299294 0.16900093386932163 -0.0024726721637669102 -0.18687273747565455 0.77669304297931163 0.5570454785736596 0.15046996069922502
leaf_weight=9095 161 308 96 41 46 158 302 50 163 82 56 66 40 136
leaf_count=9095 161 308 96 41 46 158 302 50 163 82 56 66 40 136
internal_value=0.000157593 -0.0112495 0.126893 0.278508 0.0864662 0.0747586 0.0987494 0.157578 0.0238026 0.223359 0.276426 0.544199 0.140779 0.245499
internal_weight=10800 9540 445 137 1260 1214 1056 591 465 430 348 116 232 176
internal_count=10800 9540 445 137 1260 1214 1056 591 465 430 348 116 232 176
is_linear=0
shrinkage=0.05


Tree=101
num_leaves=15
num_cat=0
split_feature=15 25 24 24 36 47 47 25 22 24 22 47 34 25
split_gain=3932.3 3029.76 4999.97 7542.24 4859.27 4840.89 6124.64 3817.19 7209.13 4110.55 3219.49 4908.47 5665.23 4427.46
threshold=24.000000000000004 110.83558801624868 274.65417650000006 274.34720900000008 25.257291666666671 64.480468750000014 66.093750000000014 103.78186874622266 142.02304463541671 273.57706450000006 148.4124377447917 69.984375000000014 21.211458333333336 110.03308882300996
decision_type=2 2 2 2 2 2 2 2 2 2 2 2 2 2
left_child=1 2 3 7 -3 -4 -7 9 -9 -1 11 12 -8 -13
right_child=-2 4 5 -5 -6 6 10 8 -10 -11 -12 13 -14 -15
leaf_value=0.025874298723076169 -0.033207331849931181 -0.31187683446396314 -0.22364146033547036 -0.61346766352653503 0.069800197696258157 0.54915213324129586 0.85285276307201974 -0.25763328829973575 0.24468733953802213 0.48222045183181761 -0.21292527866150654 0.023696560060626967 0.22062475504965462 0.38503328558326388
leaf_weight=3800 4857 164 94 47 168 87 40 288 94 49 69 674 273 96
leaf_count=3800 4857 164 94 47 168 87 40 288 94 49 69 674 273 96
internal_value=0.000162358 0.0274352 0.0361259 0.00976912 -0.119109 0.120642 0.146921 0.0168357 -0.133709 0.0318076 0.116094 0.137234 0.303879 0.0691873
internal_weight=10800 5943 5611 4278 332 1333 1239 4231 382 3849 1152 1083 313 770
internal_count=10800 5943 5611 4278 332 1333 1239 4231 382 3849 1152 1083 313 770
is_linear=0
shrinkage=0.05


Tree=102
num_leaves=15
num_cat=0
split_feature=65 64 6 47 41 46 44 24 24 57 49 17 31 32
split_gain=3761.01 3149.61 2019.11 1602.59 1609.54 1731.28 1716.78 1732.64 5179.53 3118.4 2643.96 2974.85 2616.3 2425.42
threshold=261.5324245000001 260.01001200000002 282.29026750000008 85.757812500000014 87.875000000000014 87.942708333333357 89.906250000000014 277.22543400000006 278.51062050000002 2.5000000000000004 1.5000000000000002 1.9810494292234628e-06 23.862500000000004 20.112500000000004
decision_type=2 2 2 2 2 2 2 2 2 2 2 2 2 2
left_child=1 -1 -3 4 6 -6 7 10 -9 -10 11 12 -2 -12
right_child=3 2 -4 -5 5 -7 -8 8 9 -11 13 -13 -14 -15
leaf_value=-0.018215641387917966 0.65188341257048821 0.068753851448550174 0.37857439341987004 0.38898333819901071 0.093756352969771861 -0.23564845039901963 0.33822480670051347 0.66676587131288323 -0.071111484379384249 0.2463308957212095 0.10340711530297995 0.0049637578448720196 0.15979028056566436 -0.16938024580056124
leaf_weight=8909 40 574 57 40 76 82 66 44 150 158 130 177 82 215
leaf_count=8909 40 574 57 40 76 82 66 44 150 158 130 177 82 215
internal_value=0.000159801 -0.010566 0.0972955 0.0813137 0.0709159 -0.0776074 0.0930648 0.0764963 0.165533 0.0920025 0.0276489 0.136245 0.32512 -0.066589
internal_weight=10800 9540 631 1260 1220 158 1062 996 352 308 644 299 122 345
internal_count=10800 9540 631 1260 1220 158 1062 996 352 308 644 299 122 345
is_linear=0
shrinkage=0.05


Tree=103
num_leaves=15
num_cat=0
split_feature=65 64 44 26 24 24 43 36 25 17 47 41 32 24
split_gain=3400.86 2862.82 1617.57 3027.64 1571.5 1745.23 1501.45 2545.21 2680.02 2426.77 3335.87 4974.52 4383.4 3695.01
threshold=261.5324245000001 266.08733850000004 83.343750000000014 21.312500000000004 281.72766850000005 274.65417650000006 80.125000000000014 23.581770833333337 1.5482871124677646 1.0781840591110191e-06 77.669270833333357 87.875000000000014 20.987500000000004 268.06765750000005
decision_type=2 2 2 2 2 2 2 2 2 2 2 2 2 2
left_child=1 6 4 -4 5 -3 -1 9 -9 10 -8 12 -12 -14
right_child=-2 2 3 -5 -6 -7 7 8 -10 -11 11 -13 13 -15
leaf_value=-0.033151469561967656 0.077334391717360673 -0.0046340137720108036 0.099896747384642826 0.61025680019741968 -0.019085729069002303 0.4515824580226433 0.056376582699115663 0.35736239601013275 0.058055613652224947 0.012444535769981505 -0.15686129519817274 0.0080113863336172576 -0.90430211101969094 -0.26884772108590349
leaf_weight=5335 1260 40 96 41 225 43 237 85 579 2420 146 200 47 46
leaf_count=5335 1260 40 96 41 225 43 237 85 579 2420 146 200 47 46
internal_value=0.000163879 -0.0100355 0.113648 0.255948 0.049729 0.234281 -0.0160989 0.00809907 0.0968503 -0.0109605 -0.0946426 -0.176115 -0.329587 -0.596195
internal_weight=10800 9540 445 137 308 83 9095 3760 664 3096 676 439 239 93
internal_count=10800 9540 445 137 308 83 9095 3760 664 3096 676 439 239 93
is_linear=0
shrinkage=0.05


Tree=104
num_leaves=15
num_cat=0
split_feature=15 25 36 24 24 47 47 25 22 24 22 47 33 46
split_gain=3168.83 2784.13 4282.59 4118.99 6761.13 4224.06 5452.61 3414.45 6431.86 3659.42 2847.99 4331.71 5231.02 3869.72
threshold=24.000000000000004 110.83558801624868 25.257291666666671 274.65417650000006 274.34720900000008 64.480468750000014 66.093750000000014 103.78186874622266 142.02304463541671 273.57706450000006 148.4124377447917 69.984375000000014 21.184375000000006 84.276041666666671
decision_type=2 2 2 2 2 2 2 2 2 2 2 2 2 2
left_child=1 3 -3 4 7 -5 -7 9 -9 -1 11 12 -8 -13
right_child=-2 2 -4 5 -6 6 10 8 -10 -11 -12 13 -14 -15
leaf_value=0.024301210158223754 -0.029798330208643222 -0.29680146834954169 0.061527956132198407 -0.21190849521246397 -0.58103383233149841 0.5137394877827981 0.80900841129989165 -0.24369490523806495 0.23077539608078568 0.45487735581398009 -0.20428406782980477 -0.028470324555949767 0.20162932771652342 0.2010962483457652
leaf_weight=3800 4857 164 168 94 47 87 40 288 94 49 69 470 273 300
leaf_count=3800 4857 164 168 94 47 87 40 288 94 49 69 470 273 300
internal_value=0.00015728 0.0246398 -0.115838 0.032971 0.0090486 0.109681 0.13423 0.0157393 -0.126643 0.0298994 0.105149 0.125033 0.281579 0.061116
internal_weight=10800 5943 332 5611 4278 1333 1239 4231 382 3849 1152 1083 313 770
internal_count=10800 5943 332 5611 4278 1333 1239 4231 382 3849 1152 1083 313 770
is_linear=0
shrinkage=0.05


Tree=105
num_leaves=15
num_cat=0
split_feature=65 6 44 25 52 49 42 51 34 30 17 21 46 54
split_gain=2984.15 2698.09 2858.93 2263.95 2263.64 3843.86 4199.87 5127.3 3847.71 8481.82 3636.58 3948.28 3252.22 2703.4
threshold=261.5324245000001 291.57821000000007 74.281250000000014 115.78609002188314 0.63405362205439497 3.5000000000000004 73.625000000000014 1.5000000000000002 21.334375000000001 22.712500000000002 8.291695780468328e-06 9.1621876858736614e-06 83.005208333333357 0.6078576107927941
decision_type=2 2 2 2 2 2 2 2 2 2 2 2 2 2
left_child=1 3 -3 4 -1 6 10 -8 12 -10 11 -6 -9 -13
right_child=-2 2 -4 -5 5 -7 7 8 9 -11 -12 13 -14 -15
leaf_value=-0.023199504469938129 0.072441818817237255 -0.012275450090144545 0.55121508094651461 -0.1755296999047587 -0.07628504813023626 -0.031799335890019986 -0.21679294112376699 0.32474894172898155 0.68675029396643528 -0.21919430770525117 0.39696436477391872 0.52098681063336494 -0.017247650362918036 0.068806398716388328
leaf_weight=6792 1260 46 43 206 145 1187 171 81 70 40 171 67 456 65
leaf_count=6792 1260 46 43 206 145 1187 171 81 70 40 171 67 456 65
internal_value=0.000153587 -0.00940051 0.263072 -0.0119939 -0.0083314 0.0328289 0.0934015 0.0259233 0.0903079 0.358309 0.216277 0.103708 0.0348462 0.300514
internal_weight=10800 9540 89 9451 9245 2453 1266 818 647 110 448 277 537 132
internal_count=10800 9540 89 9451 9245 2453 1266 818 647 110 448 277 537 132
is_linear=0
shrinkage=0.05


Tree=106
num_leaves=15
num_cat=0
split_feature=64 25 36 17 51 48 35 31 25 22 29 24 51 24
split_gain=2751.51 2404.71 3961.08 4639.47 4116.8 4002.06 2564.92 2337.69 2234.95 6752.94 1988.88 1791.25 3434.37 3155.39
threshold=251.87867050000003 1.5164131271460508 23.168489583333336 1.9810494292234628e-06 1.5000000000000002 1.1250000000000002 22.955208333333335 24.312500000000004 98.293890486145685 132.44845944791669 16.025000000000002 274.65417650000006 3.5000000000000004 278.51062050000002
decision_type=2 2 2 2 2 2 2 2 2 2 2 2 2 2
left_child=1 2 5 4 -4 -1 -5 -6 -2 -10 -3 12 -11 -13
right_child=8 10 3 6 7 -7 -8 -9 9 11 -12 13 -14 -15
leaf_value=-0.46250167822708255 0.30281604762408842 -0.26630766373593362 -0.034086709036289346 -0.23458046588030729 0.83063940689677285 0.031732418130644979 0.21912918181742655 0.37028730077588046 -0.35687083360187866 0.072086672655289938 -0.015800422495433265 0.36142151777723197 -0.21506885659726832 0.079605750132367786
leaf_weight=45 88 79 45 65 41 373 58 91 97 414 8323 112 138 831
leaf_count=45 88 79 45 65 41 373 58 91 97 414 8323 112 138 831
internal_value=0.00015447 -0.010679 0.0770855 0.215387 0.378569 -0.0224514 -0.0205943 0.518446 0.0589359 0.0452735 -0.0181872 0.0715869 3.86945e-05 0.113424
internal_weight=10800 9120 718 300 177 418 123 132 1680 1592 8402 1495 552 943
internal_count=10800 9120 718 300 177 418 123 132 1680 1592 8402 1495 552 943
is_linear=0
shrinkage=0.05


Tree=107
num_leaves=15
num_cat=0
split_feature=64 20 25 36 17 51 48 48 13 35 48 0 62 31
split_gain=2552.55 3407.87 2470.03 3582.56 4194.5 3722.33 3619.66 2348.41 4871.31 2318.74 2205.11 2336.01 2198.47 2117.54
threshold=194.73059800000001 291.91166700000002 1.5164131271460508 23.168489583333336 1.9810494292234628e-06 1.5000000000000002 1.1250000000000002 19.375000000000004 19.788001413163581 22.955208333333335 19.125000000000004 134.10144150000002 -0.8783796973249266 24.312500000000004
decision_type=2 2 2 2 2 2 2 2 2 2 2 2 2 2
left_child=2 -2 3 6 5 -5 -1 10 12 -6 -4 -12 -9 -7
right_child=1 -3 7 4 9 13 -8 8 -10 -11 11 -13 -14 -15
leaf_value=-0.4398793112000694 0.030032610240341703 0.34937908729148465 -0.018295393404634434 -0.032419429233540659 -0.22302915447137575 0.79009629601524001 0.030150039548198768 -0.32186624039378436 -0.4653322541012484 0.20835842424530093 0.026016002074933389 0.49464989117411684 -0.028190505690580587 0.35197417786871288
leaf_weight=45 2939 85 6234 45 65 41 373 71 84 58 70 42 557 91
leaf_count=45 2939 85 6234 45 65 41 373 71 84 58 70 42 557 91
internal_value=0.000149906 0.0391215 -0.0150088 0.0732813 0.204809 0.359968 -0.0213803 -0.0239995 -0.110039 -0.0195708 -0.0143303 0.204576 -0.0618516 0.492975
internal_weight=10800 3024 7776 718 300 177 418 7058 712 123 6346 112 628 132
internal_count=10800 3024 7776 718 300 177 418 7058 712 123 6346 112 628 132
is_linear=0
shrinkage=0.05


Tree=108
num_leaves=15
num_cat=0
split_feature=65 6 44 25 65 52 49 32 35 49 51 46 51 25
split_gain=2380.87 2261.32 2561.15 2072.71 2061.67 1973.58 3350.49 3682.38 8670.22 4689.22 4898.46 4386.75 4112.73 3566.27
threshold=261.5324245000001 291.57821000000007 74.281250000000014 115.78609002188314 84.261643500000005 0.68322629814330837 3.5000000000000004 21.762500000000003 21.369270833333339 1.5000000000000002 1.5000000000000002 82.942708333333357 2.5000000000000004 106.96458984243075
decision_type=2 2 2 2 2 2 2 2 2 2 2 2 2 2
left_child=1 3 -3 5 -5 -1 7 8 11 10 -9 -7 -13 -11
right_child=-2 2 -4 4 -6 6 -8 9 -10 13 -12 12 -14 -15
leaf_value=-0.020498346331961362 0.064715039644916192 -0.019391933843701525 0.51378728151321418 -0.00081450320178210139 -0.3168599476072288 0.3022544712528375 -0.029748174558528247 -0.15656037314723925 0.41323878585305662 -0.44565676867942072 0.49123304351393521 -0.30588846383712343 0.051839191066976799 0.057452093509205604
leaf_weight=6959 1260 46 43 98 108 140 1101 58 218 93 57 96 467 56
leaf_count=6959 1260 46 43 98 108 140 1101 58 218 93 57 96 467 56
internal_value=0.00014589 -0.008388 0.241058 -0.0107623 -0.167239 -0.00725792 0.0330397 0.0913526 0.138511 -0.0730661 0.165987 0.0528515 -0.00959298 -0.257446
internal_weight=10800 9540 89 9451 206 9245 2286 1185 921 264 115 703 563 149
internal_count=10800 9540 89 9451 206 9245 2286 1185 921 264 115 703 563 149
is_linear=0
shrinkage=0.05


Tree=109
num_leaves=15
num_cat=0
split_feature=15 25 36 24 24 47 47 25 22 24 46 22 47 34
split_gain=2177.64 2341.18 3705.46 3336.22 6003.25 3577.07 4621.02 3087.93 5582.6 3257.14 2727.04 2622.44 3787.03 4854.66
threshold=24.000000000000004 110.83558801624868 25.257291666666671 274.65417650000006 274.34720900000008 64.480468750000014 66.093750000000014 103.78186874622266 142.02304463541671 273.57706450000006 68.838541666666671 148.4124377447917 69.984375000000014 21.211458333333336
decision_type=2 2 2 2 2 2 2 2 2 2 2 2 2 2
left_child=1 3 -3 4 7 10 -7 9 -9 -1 -5 12 13 -8
right_child=-2 2 -4 5 -6 6 11 8 -10 -11 -12 -13 -14 -15
leaf_value=0.02103818348319542 -0.024691207433488842 -0.27670929010167267 0.056604748821029297 -0.42748310298912906 -0.5494786215325197 0.46906878118487927 0.76639445293240438 -0.23159255267968437 0.21046208693989016 0.42725670671463017 0.1127991398773724 -0.2039461479655334 0.052269005852276722 0.18143576450346813
leaf_weight=3800 4857 164 168 54 47 87 40 288 94 49 40 69 770 273
leaf_count=3800 4857 164 168 54 47 87 40 288 94 49 40 69 770 273
internal_value=0.000141369 0.0204369 -0.108381 0.0280769 0.00654771 0.0971139 0.119707 0.0128527 -0.122549 0.0263192 -0.198808 0.0929391 0.112025 0.258394
internal_weight=10800 5943 332 5611 4278 1333 1239 4231 382 3849 94 1152 1083 313
internal_count=10800 5943 332 5611 4278 1333 1239 4231 382 3849 94 1152 1083 313
is_linear=0
shrinkage=0.05


Tree=110
num_leaves=15
num_cat=0
split_feature=65 64 17 47 34 24 22 24 24 32 49 47 22 47
split_gain=2103.88 2064.43 1621.65 1480.54 1457.93 1678.33 3851.81 3304.34 3715.91 2527.23 2289.87 2198.34 2190.85 1874.56
threshold=261.5324245000001 260.01001200000002 1.1809109315730381e-05 85.757812500000014 17.462500000000002 263.86678650000005 127.28854346354167 277.22543400000006 278.51062050000002 20.087500000000002 1.5000000000000002 78.319010416666671 136.23133531250002 72.402343750000014
decision_type=2 2 2 2 2 2 2 2 2 2 2 2 2 2
left_child=1 -1 -3 4 -2 6 -6 9 -9 11 -11 -7 -10 -12
right_child=3 2 -4 -5 5 7 -8 8 12 10 13 -13 -14 -15
leaf_value=-0.014078318652262212 -0.23525919914245608 0.0037754348298506949 0.16423175986184296 0.35647349175883503 0.0876448659738953 0.26474194526672362 0.57227857746976496 0.5142221341912564 0.38877428215410981 0.10589032440135877 -0.11996788635140375 -0.11710038124709517 0.016116380217743347 -0.43713260231496287
leaf_weight=8909 42 334 297 40 326 76 46 51 44 53 104 73 320 85
leaf_count=8909 42 334 297 40 326 76 46 51 44 53 104 73 320 85
internal_value=0.000137001 -0.00788513 0.0794396 0.060834 0.0508569 0.0612489 0.148946 0.0206388 0.118769 -0.0835517 -0.183012 0.0781313 0.0621047 -0.264158
internal_weight=10800 9540 631 1260 1220 1178 372 806 415 391 242 149 364 189
internal_count=10800 9540 631 1260 1220 1178 372 806 415 391 242 149 364 189
is_linear=0
shrinkage=0.05


Tree=111
num_leaves=15
num_cat=0
split_feature=65 6 44 25 65 52 49 46 51 47 35 22 46 51
split_gain=1901.93 2004.48 2305.52 1732.06 1803.83 1648.76 3096.45 3365.73 5438.86 6215.24 5056.15 5017.24 6269.74 4270.31
threshold=261.5324245000001 291.57821000000007 74.281250000000014 115.78609002188314 84.261643500000005 0.63405362205439497 3.5000000000000004 83.005208333333357 2.5000000000000004 72.779947916666671 21.385937500000004 139.86141939583337 70.223958333333357 1.5000000000000002
decision_type=2 2 2 2 2 2 2 2 2 2 2 2 2 2
left_child=1 3 -3 5 -5 -1 7 11 9 -9 -10 13 -13 -7
right_child=-2 2 -4 4 -6 6 -8 8 10 -11 -12 12 -14 -15
leaf_value=-0.019211184718572007 0.057847722546539242 -0.019720328591288406 0.48612520925023345 0.002866834838583012 -0.29271968303060314 -0.0057214775717402081 -0.029399213266126996 0.27181811871317529 0.041506398223296603 -0.38974054166777194 0.53438941317385635 -0.56666353844651363 0.12547981267633998 0.41328114936881244
leaf_weight=6792 1260 46 43 98 108 82 1187 47 508 137 57 40 161 234
leaf_count=6792 1260 46 43 98 108 82 1187 47 508 137 57 40 161 234
internal_value=0.000137329 -0.00749006 0.227363 -0.00972549 -0.152766 -0.00652203 0.0286059 0.0829717 0.0151792 -0.2202 0.0920872 0.180967 -0.0143835 0.304878
internal_weight=10800 9540 89 9451 206 9245 2453 1266 749 184 565 517 201 316
internal_count=10800 9540 89 9451 206 9245 2453 1266 749 184 565 517 201 316
is_linear=0
shrinkage=0.05


Tree=112
num_leaves=15
num_cat=0
split_feature=29 15 49 51 29 22 45 51 39 21 52 43 48 62
split_gain=1824.5 2023.36 2110.78 4092.98 3972.81 4849.71 8810.46 5739.67 4623.43 4086.76 3762.9 3179.48 2729.8 2503.64
threshold=16.025000000000002 24.000000000000004 3.5000000000000004 2.5000000000000004 19.762500000000003 143.3531295416667 82.906250000000014 1.5000000000000002 75.625000000000014 8.7437006731502298e-06 0.68322629814330837 71.875000000000014 3.6250000000000004 0.87837969732492682
decision_type=2 2 2 2 2 2 2 2 2 2 2 2 2 2
left_child=-1 2 3 4 -2 6 7 -6 11 12 -9 -7 -8 -10
right_child=1 -3 -4 -5 5 8 9 10 13 -11 -12 -13 -14 -15
leaf_value=-0.2191875168261059 -0.28342783741910405 -0.021856273276208225 -0.008610480970280476 0.10533805397207069 0.021193387828332008 0.0018190612384517278 0.02535417701887048 0.20608012810778276 -0.073945348154656684 0.031122657874327025 0.58959157799111039 -0.45324148580314605 -0.44231911090267179 0.31907741182907062
leaf_weight=93 122 4843 2891 1610 183 55 45 138 153 266 121 126 100 54
leaf_count=93 122 4843 2891 1610 183 55 45 138 153 266 121 126 100 54
internal_value=0.000133287 0.00205858 0.0218099 0.0513842 -0.0123776 0.0144755 0.0811203 0.235835 -0.131872 -0.0854325 0.386828 -0.315713 -0.298 0.0296234
internal_weight=10800 10707 5864 2973 1363 1241 853 442 388 411 259 181 145 207
internal_count=10800 10707 5864 2973 1363 1241 853 442 388 411 259 181 145 207
is_linear=0
shrinkage=0.05


Tree=113
num_leaves=15
num_cat=0
split_feature=64 22 36 29 32 36 47 57 46 35 22 25 57 36
split_gain=1825.13 1759.94 3267.28 1582.58 1548.14 2997.19 3247.09 2756.86 3348.54 2675.28 2573.42 2049.94 2136.13 2766.43
threshold=274.43622250000004 145.98387160937503 25.257291666666671 16.025000000000002 22.112500000000004 23.424218750000005 75.490885416666671 3.5000000000000004 81.588541666666671 22.355208333333337 148.13106922916668 1.3929144002552951 2.5000000000000004 23.309375000000003
decision_type=2 2 2 2 2 2 2 2 2 2 2 2 2 2
left_child=3 -2 -3 -1 5 11 7 10 9 -9 -7 -5 13 -13
right_child=1 2 -4 4 -6 6 -8 8 -10 -11 -12 12 -14 -15
leaf_value=-0.20834472978368718 0.22890798880041321 -0.16473719264402634 0.17886436051002852 -0.32714518892268341 -0.022689225183153486 0.14328879290677499 0.33321003849974007 0.36835986071425242 -0.4741534860804677 -0.077614442966280783 -0.21710119404726558 0.047884478790304608 -0.031349695920289376 -0.36716785147422698
leaf_weight=93 164 126 151 47 4869 613 122 40 43 186 53 1950 2303 40
leaf_count=93 164 126 151 47 4869 613 122 40 43 186 53 1950 2303 40
internal_value=0.000125683 0.099628 0.0225387 -0.00411951 -0.00224931 0.0161917 0.091651 0.0598098 -0.0750885 0.00259407 0.114327 -0.00220316 0.00142968 0.0393615
internal_weight=10800 441 277 10359 10266 5397 1057 935 269 226 666 4340 4293 1990
internal_count=10800 441 277 10359 10266 5397 1057 935 269 226 666 4340 4293 1990
is_linear=0
shrinkage=0.05


Tree=114
num_leaves=15
num_cat=0
split_feature=64 22 36 22 45 48 29 17 65 24 7 24 22 51
split_gain=1648.23 1589.43 2950.96 1452.22 3512.26 3794.09 1627.19 1402.18 1323.48 2660.34 2911.81 1706.1 2380.7 1760.63
threshold=274.43622250000004 145.98387160937503 25.257291666666671 23.216666666666672 81.302083333333357 1.1250000000000002 16.025000000000002 1.9810494292234628e-06 267.06350950000007 263.86678650000005 248.10863000000003 274.28284400000007 143.60332484375002 1.5000000000000002
decision_type=2 2 2 2 2 2 2 2 2 2 2 2 2 2
left_child=3 -2 -3 4 -1 -6 -5 -7 -8 10 -10 -11 13 -13
right_child=1 2 -4 6 5 7 8 -9 9 11 -12 12 -14 -15
leaf_value=0.37800069331754876 0.21753195491591187 -0.15656519050555906 0.16997998073991194 -0.23310422754846513 -0.30256320392026714 0.18476980742671201 -0.011382974154337614 0.0036366529058753042 0.091407459418882023 -0.076813177608731964 0.54723494123094363 0.0020569748040742994 -0.13462447042070461 0.42016153192038042
leaf_weight=80 164 126 151 79 75 184 9098 253 109 267 51 40 56 67
leaf_count=80 164 126 151 79 75 184 9098 253 109 267 51 40 56 67
internal_value=0.000116669 0.0946741 0.0214143 -0.00391755 0.0720563 0.0236088 -0.0085294 0.080151 -0.00667425 0.0658322 0.239199 0.000918315 0.127937 0.265327
internal_weight=10800 441 277 10359 592 512 9767 437 9688 590 160 430 163 107
internal_count=10800 441 277 10359 592 512 9767 437 9688 590 160 430 163 107
is_linear=0
shrinkage=0.05


Tree=115
num_leaves=15
num_cat=0
split_feature=6 44 65 25 65 46 52 42 25 25 21 25 17 25
split_gain=1536.75 2048.58 1452.23 1526.63 1895.28 1355.69 1305.98 2498.48 4048 4277.9 3300.42 2830.2 2718.08 2669.56
threshold=291.57821000000007 74.281250000000014 261.5324245000001 114.01916304218766 79.608916500000007 77.901041666666671 0.68322629814330837 73.375000000000014 103.12805452538002 100.97654148591421 9.7600226787990613e-06 104.44557423686149 8.0390826113909323e-06 99.460662613930012
decision_type=2 2 2 2 2 2 2 2 2 2 2 2 2 2
left_child=2 -2 3 6 -5 -6 -1 10 9 13 12 -10 -8 -9
right_child=1 -3 -4 4 5 -7 7 8 11 -11 -12 -13 -14 -15
leaf_value=-0.015961727941884569 -0.029708448997526254 0.40938519737068213 0.049000165058481301 -0.0028676567877184101 -0.42005340560622839 -0.065612601602207055 -0.054715623157502717 0.041205365634945625 -0.30985849325226833 0.38580826735685031 0.19404079754234238 -0.042863003364642979 0.29593650288521672 -0.22893408869067661
leaf_weight=6925 53 52 1244 133 68 45 368 815 157 82 424 268 64 102
leaf_count=6925 53 52 1244 133 68 45 368 815 157 82 424 268 64 102
internal_value=0.000115926 0.189558 -0.0017615 -0.00844755 -0.131118 -0.280718 -0.00515535 0.0276593 -0.012928 0.0420655 0.0951145 -0.14199 -0.00220368 0.0109405
internal_weight=10800 105 10695 9451 246 113 9205 2280 1424 999 856 425 432 917
internal_count=10800 105 10695 9451 246 113 9205 2280 1424 999 856 425 432 917
is_linear=0
shrinkage=0.05


Tree=116
num_leaves=15
num_cat=0
split_feature=64 35 48 22 36 24 48 41 6 52 49 46 31 51
split_gain=1416.75 1360 1220.56 1158.21 2765.53 1077.05 3057.17 1809.15 1500.27 1435.53 3231.59 4698.2 5983.83 5134.27
threshold=275.14392900000001 16.005208333333339 23.375000000000004 145.98387160937503 25.257291666666671 307.27302800000007 10.125000000000002 74.875000000000014 286.66023200000001 0.5277851165098012 2.5000000000000004 82.942708333333357 22.787500000000005 2.5000000000000004
decision_type=2 2 2 2 2 2 2 2 2 2 2 2 2 2
left_child=1 -1 5 -2 -5 8 7 -7 9 -3 11 12 -11 -13
right_child=3 2 -4 4 -6 6 -8 -9 -10 10 -12 13 -14 -15
leaf_value=-0.28092545467344199 0.19924078145874788 -0.016065036034322019 0.11965360469624993 -0.14524504630565643 0.17621123220823293 -0.47383907957718918 0.0081683500494629264 -0.087851587196780476 0.28030995727378005 0.43189896558441465 -0.019137851958479134 -0.17189137010326133 0.06548820935277036 0.093858437761664401
leaf_weight=43 153 6594 200 124 143 64 270 58 46 185 1770 257 279 614
leaf_count=43 153 6594 200 124 143 64 270 58 46 185 1770 257 279 614
internal_value=0.000111078 -0.00353551 -0.00235456 0.0900282 0.0269358 -0.00477331 -0.0859266 -0.292543 -0.00150037 -0.00286569 0.0251615 0.0838659 0.212193 0.0153383
internal_weight=10800 10380 10337 420 267 10137 392 122 9745 9699 3105 1335 464 871
internal_count=10800 10380 10337 420 267 10137 392 122 9745 9699 3105 1335 464 871
is_linear=0
shrinkage=0.05


Tree=117
num_leaves=15
num_cat=0
split_feature=6 44 29 15 25 36 24 25 30 57 47 47 24 25
split_gain=1331.49 1798.84 1293.41 1475.51 2100.99 2641.35 2000.09 5347.61 3871.16 3211.42 2807.5 3967.02 2573.75 2421.79
threshold=291.57821000000007 74.281250000000014 16.025000000000002 24.000000000000004 110.83558801624868 25.21510416666667 274.65417650000006 103.78186874622266 22.237500000000004 3.5000000000000004 64.480468750000014 66.093750000000014 273.57706450000006 106.87927892455518
decision_type=2 2 2 2 2 2 2 2 2 2 2 2 2 2
left_child=2 -2 -1 4 6 -6 7 12 -9 -10 -8 -12 -4 -13
right_child=1 -3 3 -5 5 -7 10 8 9 -11 11 13 -14 -15
leaf_value=-0.18629467618512982 -0.029003218520018793 0.38243812166576119 0.021331481124312719 -0.020615024976158233 -0.2585917280790837 0.033628299099664333 -0.1844690284070461 -0.31353631274863369 0.14818386312812393 -0.23726212564975985 0.42132501453161242 0.12591084051916326 0.38248233079910277 -0.026927165006142319
leaf_weight=93 53 52 3721 4773 151 157 94 209 128 92 87 744 49 397
leaf_count=93 53 52 3721 4773 151 157 94 209 128 92 87 744 49 397
internal_value=0.000106357 0.176444 -0.0016412 -4.01663e-06 0.0168737 -0.110009 0.0239707 0.007078 -0.159982 -0.0133469 0.0775802 0.0977731 0.0261257 0.0727553
internal_weight=10800 105 10695 10602 5829 308 5521 4199 429 220 1322 1228 3770 1141
internal_count=10800 105 10695 10602 5829 308 5521 4199 429 220 1322 1228 3770 1141
is_linear=0
shrinkage=0.05


Tree=118
num_leaves=15
num_cat=0
split_feature=64 22 29 48 51 29 17 47 61 45 65 24 7 24
split_gain=1277.79 1168.34 3305.37 5508.24 2201.29 1310.07 1168.53 1857.84 1262.43 1348.48 1049.53 2364.01 2597.32 1511.09
threshold=275.14392900000001 23.216666666666672 21.937500000000004 1.1250000000000002 1.5000000000000002 16.025000000000002 2.0018641137551049e-06 80.488281250000014 -0.81241147629688992 84.364583333333357 267.06350950000007 263.86678650000005 248.10863000000003 274.28284400000007
decision_type=2 2 2 2 2 2 2 2 2 2 2 2 2 2
left_child=1 2 3 -1 -4 -3 8 -8 -5 -10 -7 12 -12 -13
right_child=-2 5 4 6 -6 10 7 -9 9 -11 11 13 -14 -15
leaf_value=-0.44577278648953772 0.085495873008668871 -0.20899682709947232 0.051306271323790925 -0.011543270474409357 0.41263660861852958 -0.01003805969399367 -0.14411062868469854 0.17681949500964111 0.48617459337803581 0.1189285812784846 0.082583694237877037 -0.076091083782071731 0.51303666904568679 0.11414053913380146
leaf_weight=61 420 79 77 67 93 9112 117 72 41 64 109 267 51 170
leaf_count=61 420 79 77 67 93 9112 117 72 41 64 109 267 51 170
internal_value=0.000102236 -0.0033609 0.0647881 -0.0103319 0.250232 -0.0074889 0.0642749 -0.0215644 0.158178 0.265563 -0.00582792 0.0583407 0.222125 -0.0019963
internal_weight=10800 10380 592 422 170 9788 361 189 172 105 9709 597 160 437
internal_count=10800 10380 592 422 170 9788 361 189 172 105 9709 597 160 437
is_linear=0
shrinkage=0.05


Tree=119
num_leaves=15
num_cat=0
split_feature=6 44 48 25 17 24 22 43 14 25 47 24 65 22
split_gain=1198.7 1624.13 1166.27 1141.03 1885.45 1604.41 4334.65 3236.42 2736.72 3489.93 2691.98 4430.65 5204.81 1715.81
threshold=291.57821000000007 74.281250000000014 23.375000000000004 110.83558801624868 57.647390690892948 283.32550850000001 143.60332484375002 86.125000000000014 215.97083291666669 106.38974418390383 69.501302083333357 285.75061850000003 75.408333500000012 139.16137977604168
decision_type=2 2 2 2 2 2 2 2 2 2 2 2 2 2
left_child=2 -2 3 5 -5 6 13 10 9 -8 11 12 -7 -1
right_child=1 -3 -4 4 -6 7 8 -9 -10 -11 -12 -13 -14 -15
leaf_value=-0.0094698453916781319 -0.027794961072504523 0.36315102211709294 0.11107670267216035 -0.046565811878240521 -0.39086804065506819 -0.016322577498280085 -0.49931391367205874 0.19916925339008495 0.0088446885036925476 -0.03504637379876592 -0.033241636462692521 -0.012536231889022337 0.57058091268915201 0.071946991281715084
leaf_weight=7305 53 52 224 535 42 64 107 282 95 65 936 240 91 709
leaf_count=7305 53 52 224 535 42 64 107 282 95 65 936 240 91 709
internal_value=0.000102422 0.167416 -0.0015557 -0.00397556 -0.0722606 1.35958e-05 -0.00887397 0.0456188 -0.206679 -0.325081 0.0129608 0.122251 0.329695 -0.00225881
internal_weight=10800 105 10695 10471 577 9894 8281 1613 267 172 1331 395 155 8014
internal_count=10800 105 10695 10471 577 9894 8281 1613 267 172 1331 395 155 8014
is_linear=0
shrinkage=0.05


Tree=120
num_leaves=15
num_cat=0
split_feature=28 56 6 12 25 36 25 57 24 24 22 21 25 47
split_gain=1113.81 1249.47 1459.86 1971.48 1966.17 2002.56 1596.35 1691.88 2149.5 4478.71 3271.07 4224.97 3053.8 2738.22
threshold=16.025000000000002 8.8750000000000018 282.29026750000008 113.88367950000001 110.83558801624868 25.21510416666667 110.25738953028021 2.5000000000000004 269.18851250000006 269.23038800000006 125.64656252604168 7.3566204200819428e-06 94.211639178575226 77.966145833333357
decision_type=2 2 2 2 2 2 2 2 2 2 2 2 2 2
left_child=-1 -2 4 -4 6 -6 7 8 10 -10 12 -12 -3 -13
right_child=1 2 3 -5 5 -7 -8 -9 9 -11 11 13 -14 -15
leaf_value=-0.17126360436941082 -0.020371067350994539 0.049812223482307155 0.010269474102616576 0.46539271807386762 -0.21820170247292783 0.01998665407245849 0.2177228602326729 -0.0076602166923190182 -0.42703351612950935 0.014775181710325559 0.55350555091193232 0.24106004081231142 -0.31182019217841089 0.0094813326039755973
leaf_weight=93 4032 1000 55 41 181 171 98 3472 60 961 65 260 61 250
leaf_count=93 4032 1000 55 41 181 171 98 3472 60 961 65 260 61 250
internal_value=9.84753e-05 0.00160277 0.014877 0.207439 0.0120361 -0.102762 0.0185408 0.015321 0.045343 -0.0115805 0.0808534 0.176784 0.0287469 0.127782
internal_weight=10800 10707 6675 96 6579 352 6227 6129 2657 1021 1636 575 1061 510
internal_count=10800 10707 6675 96 6579 352 6227 6129 2657 1021 1636 575 1061 510
is_linear=0
shrinkage=0.05


Tree=121
num_leaves=15
num_cat=0
split_feature=64 35 57 52 25 47 46 51 31 22 7 46 36 47
split_gain=1091.84 1000.8 970.338 2363.4 4116.08 4759.46 4311.26 5821.84 4303.43 3776.44 3685.78 2963.33 2767.58 3342.18
threshold=275.14392900000001 16.005208333333339 2.5000000000000004 0.5277851165098012 103.31627607694045 72.553385416666671 83.005208333333357 2.5000000000000004 23.762500000000003 125.64656252604168 86.255541500000007 74.984375000000014 22.036197916666669 76.589843750000014
decision_type=2 2 2 2 2 2 2 2 2 2 2 2 2 2
left_child=1 -1 3 -3 6 11 8 10 -5 -9 -8 -6 13 -11
right_child=-2 2 -4 4 5 -7 7 9 -10 12 -12 -13 -14 -15
leaf_value=-0.24106151940809056 0.079031753628968207 -0.0088770839735124504 -0.015363184237697359 0.42485299292363621 -0.13158839523453605 -0.21871851604968848 -0.041764627970060558 0.021388065755765323 0.064054049817669031 0.42439627602696417 -0.53542266935110094 0.34128724155237988 0.63255614762504897 -0.033693658150732518
leaf_weight=43 420 3059 5905 189 54 221 117 302 147 79 55 83 47 79
leaf_count=43 420 3059 5905 189 54 221 117 302 147 79 55 83 47 79
internal_value=9.55222e-05 -0.00310573 -0.00209266 0.0155879 0.0700618 -0.0755564 0.121447 0.0488053 0.267662 0.134054 -0.201803 0.155295 0.299121 0.19658
internal_weight=10800 10380 10337 4432 1373 358 1015 679 336 507 172 137 205 158
internal_count=10800 10380 10337 4432 1373 358 1015 679 336 507 172 137 205 158
is_linear=0
shrinkage=0.05


Tree=122
num_leaves=15
num_cat=0
split_feature=48 48 13 25 48 3 55 1 35 25 17 34 65 46
split_gain=1043.01 1330.62 4632 2597.94 1876.72 2090.24 1876.04 1668.26 1622.04 1180.24 1542.51 1320 1276.32 2483.69
threshold=21.375000000000004 19.375000000000004 21.72925436017967 105.78084749261848 19.125000000000004 177.37939750000001 -0.56174490092936669 95.543330000000012 28.095833333333335 110.83558801624868 57.647390690892948 21.965625000000006 24.000000000000004 81.484375000000014
decision_type=2 2 2 2 2 2 2 2 2 2 2 2 2 2
left_child=1 4 3 6 9 -6 7 -3 -8 12 11 -11 -1 -14
right_child=-2 2 -4 -5 5 -7 8 -9 -10 10 -12 -13 13 -15
leaf_value=-0.016180284944553737 0.045752453729898709 -0.41006372478669112 -0.45375265037507884 0.14357075587525006 0.0045585115350061855 0.43609473997583753 -0.054428091249479199 -0.081312922262069265 0.27378119041280047 -0.21296927818306247 -0.36092138941897906 -0.0081444101091474302 0.079805076695050894 -0.0047661657505353727
leaf_weight=4231 1120 68 69 170 61 51 460 89 40 97 42 399 1302 2601
leaf_count=4231 1120 68 69 170 61 51 460 89 40 97 42 399 1302 2601
internal_value=9.4269e-05 -0.00519268 -0.0632006 -0.0301066 0.000730867 0.203182 -0.0751959 -0.225396 -0.0276773 -0.00190694 -0.0735591 -0.0485488 0.00284075 0.0234591
internal_weight=10800 9680 896 827 8784 112 657 157 500 8672 538 496 8134 3903
internal_count=10800 9680 896 827 8784 112 657 157 500 8672 538 496 8134 3903
is_linear=0
shrinkage=0.05


Tree=123
num_leaves=15
num_cat=0
split_feature=48 6 44 48 34 52 32 49 24 24 35 46 46 51
split_gain=973.72 998.271 1425.08 934.682 915.581 1037.97 2694.75 3464.46 2987.02 3053.11 2679.26 3388.2 2968.52 3249.86
threshold=23.375000000000004 291.57821000000007 74.281250000000014 1.0000000180025095e-35 16.226041666666671 0.5277851165098012 21.762500000000003 3.5000000000000004 284.15934500000009 285.31225600000005 21.369270833333339 82.234375000000014 82.848958333333357 2.5000000000000004
decision_type=2 2 2 2 2 2 2 2 2 2 2 2 2 2
left_child=1 3 -3 -1 -5 -6 7 10 -9 -10 12 -12 -7 -14
right_child=-2 2 -4 4 5 6 -8 8 9 -11 11 -13 13 -15
leaf_value=0.13874063002631853 0.10301267351375686 -0.03218345867159466 0.33392615875158954 -0.17265982841267999 -0.015149186377754909 0.23444997372096213 -0.042738090078310392 -0.064198811639294695 0.51856777690674949 0.030462673732088271 0.11058435641245279 0.44369856514360601 -0.20253463165064867 0.063444435848661107
leaf_weight=113 224 53 52 80 6844 195 1178 768 45 106 230 114 138 660
leaf_count=113 224 53 52 80 6844 195 1178 768 45 106 230 114 138 660
internal_value=8.66901e-05 -0.00210282 0.150568 -0.00364798 -0.00521461 -0.00389461 0.0185338 0.0505324 -0.0241905 0.178379 0.101874 0.221943 0.0600972 0.0172521
internal_weight=10800 10576 105 10471 10358 10278 3434 2256 919 151 1337 344 993 798
internal_count=10800 10576 105 10471 10358 10278 3434 2256 919 151 1337 344 993 798
is_linear=0
shrinkage=0.05


end of trees

feature_importances:
consumo_alvo_semana_anterior=266
temperatura_externa_c_media_1440m=145
consumo_max_1440m=108
umidade_relativa_pct_media_1440m=81
origem_hora_cos=80
consumo_std_1440m=71
origem_hora=69
consumo_mean_1440m=63
origem_hora_sin=59
temperatura_externa_c_lag_180m=52
consumo_alvo_dia_anterior=51
temperatura_externa_c_lag_1440m=45
temperatura_externa_c_atual=43
consumo_std_180m=41
umidade_relativa_pct_media_360m=36
temperatura_externa_c_media_180m=35
origem_mes=35
alvo_dia_semana=34
alvo_hora_sin=34
umidade_relativa_pct_media_180m=31
temperatura_externa_c_lag_720m=30
consumo_std_360m=27
umidade_relativa_pct_lag_1440m=27
origem_dia_semana=27
temperatura_externa_c_media_360m=25
temperatura_externa_c_lag_360m=18
temperatura_externa_c_media_60m=17
umidade_relativa_pct_lag_360m=17
consumo_lag_360m=16
consumo_lag_10080m=15
temperatura_externa_c_lag_60m=14
umidade_relativa_pct_media_60m=13
consumo_lag_1440m=12
consumo_min_180m=12
umidade_relativa_pct_lag_720m=10
origem_semana_sin=10
consumo_mean_360m=9
temperatura_externa_c_lag_15m=6
consumo_std_60m=5
umidade_relativa_pct_atual=5
umidade_relativa_pct_lag_180m=5
alvo_hora_cos=5
consumo_lag_720m=4
consumo_mean_180m=4
consumo_max_360m=3
umidade_relativa_pct_lag_60m=3
alvo_hora=3
alvo_semana_sin=3
consumo_atual_kw=2
consumo_lag_60m=2
consumo_mean_60m=2
consumo_lag_15m=1
consumo_lag_120m=1
consumo_min_60m=1
consumo_max_60m=1
consumo_max_180m=1
origem_semana_cos=1

parameters:
[boosting: gbdt]
[objective: regression]
[metric: l1]
[tree_learner: serial]
[device_type: cpu]
[data_sample_strategy: bagging]
[data: ]
[valid: ]
[num_iterations: 400]
[learning_rate: 0.05]
[num_leaves: 15]
[num_threads: 2]
[seed: 20260905]
[deterministic: 1]
[force_col_wise: 1]
[force_row_wise: 0]
[histogram_pool_size: -1]
[max_depth: -1]
[min_data_in_leaf: 40]
[min_sum_hessian_in_leaf: 0.001]
[bagging_fraction: 1]
[pos_bagging_fraction: 1]
[neg_bagging_fraction: 1]
[bagging_freq: 0]
[bagging_seed: 23218]
[bagging_by_query: 0]
[feature_fraction: 1]
[feature_fraction_bynode: 1]
[feature_fraction_seed: 28090]
[extra_trees: 0]
[extra_seed: 14360]
[early_stopping_round: 0]
[early_stopping_min_delta: 0]
[first_metric_only: 0]
[max_delta_step: 0]
[lambda_l1: 0]
[lambda_l2: 1]
[linear_lambda: 0]
[min_gain_to_split: 0]
[drop_rate: 0.1]
[max_drop: 50]
[skip_drop: 0.5]
[xgboost_dart_mode: 0]
[uniform_drop: 0]
[drop_seed: 16970]
[top_rate: 0.2]
[other_rate: 0.1]
[min_data_per_group: 100]
[max_cat_threshold: 32]
[cat_l2: 10]
[cat_smooth: 10]
[max_cat_to_onehot: 4]
[top_k: 20]
[monotone_constraints: ]
[monotone_constraints_method: basic]
[monotone_penalty: 0]
[feature_contri: ]
[forcedsplits_filename: ]
[refit_decay_rate: 0.9]
[cegb_tradeoff: 1]
[cegb_penalty_split: 0]
[cegb_penalty_feature_lazy: ]
[cegb_penalty_feature_coupled: ]
[path_smooth: 0]
[interaction_constraints: ]
[verbosity: -1]
[saved_feature_importance_type: 0]
[use_quantized_grad: 0]
[num_grad_quant_bins: 4]
[quant_train_renew_leaf: 0]
[stochastic_rounding: 1]
[linear_tree: 0]
[max_bin: 255]
[max_bin_by_feature: ]
[min_data_in_bin: 3]
[bin_construct_sample_cnt: 200000]
[data_random_seed: 5037]
[is_enable_sparse: 1]
[enable_bundle: 1]
[use_missing: 1]
[zero_as_missing: 0]
[feature_pre_filter: 1]
[pre_partition: 0]
[two_round: 0]
[header: 0]
[label_column: ]
[weight_column: ]
[group_column: ]
[ignore_column: ]
[categorical_feature: ]
[forcedbins_filename: ]
[precise_float_parser: 0]
[parser_config_file: ]
[objective_seed: 15411]
[num_class: 1]
[is_unbalance: 0]
[scale_pos_weight: 1]
[sigmoid: 1]
[boost_from_average: 1]
[reg_sqrt: 0]
[alpha: 0.9]
[fair_c: 1]
[poisson_max_delta_step: 0.7]
[tweedie_variance_power: 1.5]
[lambdarank_truncation_level: 30]
[lambdarank_norm: 1]
[label_gain: ]
[lambdarank_position_bias_regularization: 0]
[eval_at: ]
[multi_error_top_k: 1]
[auc_mu_weights: ]
[num_machines: 1]
[local_listen_port: 12400]
[time_out: 120]
[machine_list_filename: ]
[machines: ]
[gpu_platform_id: -1]
[gpu_device_id: -1]
[gpu_device_id_list: ]
[gpu_use_dp: 0]
[num_gpu: 1]

end of parameters

pandas_categorical:[]
