tree
version=v4
num_class=1
num_tree_per_iteration=1
label_index=0
max_feature_idx=65
objective=regression
feature_names=consumo_atual_kw consumo_lag_15m consumo_lag_30m consumo_lag_60m consumo_lag_120m consumo_lag_180m consumo_lag_360m consumo_lag_720m consumo_lag_1440m consumo_lag_10080m consumo_mean_60m consumo_min_60m consumo_max_60m consumo_std_60m consumo_mean_180m consumo_min_180m consumo_max_180m consumo_std_180m consumo_mean_360m consumo_min_360m consumo_max_360m consumo_std_360m consumo_mean_1440m consumo_min_1440m consumo_max_1440m consumo_std_1440m temperatura_externa_c_atual temperatura_externa_c_lag_15m temperatura_externa_c_lag_60m temperatura_externa_c_lag_180m temperatura_externa_c_lag_360m temperatura_externa_c_lag_720m temperatura_externa_c_lag_1440m temperatura_externa_c_media_60m temperatura_externa_c_media_180m temperatura_externa_c_media_360m temperatura_externa_c_media_1440m umidade_relativa_pct_atual umidade_relativa_pct_lag_15m umidade_relativa_pct_lag_60m umidade_relativa_pct_lag_180m umidade_relativa_pct_lag_360m umidade_relativa_pct_lag_720m umidade_relativa_pct_lag_1440m umidade_relativa_pct_media_60m umidade_relativa_pct_media_180m umidade_relativa_pct_media_360m umidade_relativa_pct_media_1440m origem_hora origem_dia_semana origem_fim_de_semana origem_mes origem_hora_sin origem_hora_cos origem_semana_sin origem_semana_cos alvo_hora alvo_dia_semana alvo_fim_de_semana alvo_mes alvo_hora_sin alvo_hora_cos alvo_semana_sin alvo_semana_cos consumo_alvo_dia_anterior consumo_alvo_semana_anterior
feature_infos=[22.399999999999999:324.71375799999998] [22.399999999999999:324.71375799999998] [22.399999999999999:324.71375799999998] [22.399999999999999:324.71375799999998] [22.399999999999999:324.71375799999998] [22.399999999999999:324.71375799999998] [22.399999999999999:324.71375799999998] [22.399999999999999:324.71375799999998] [22.399999999999999:324.71375799999998] [22.399999999999999:324.71375799999998] [22.399999999999999:321.24876725000001] [22.399999999999999:318.278571] [22.399999999999999:324.71375799999998] [0:82.540869055199337] [22.399999999999999:313.28577408333337] [22.399999999999999:302.53573799999998] [22.399999999999999:324.71375799999998] [0:92.970139865692389] [22.399999999999999:295.13563500000004] [22.399999999999999:249.29458700000001] [22.399999999999999:324.71375799999998] [0:116.53386463160022] [23.200000000000003:159.49963871874999] none [25.600000000000001:324.71375799999998] [1.3929144002343703:128.71471884334804] [15:33.700000000000003] [15:33.700000000000003] [15:33.700000000000003] [15:33.700000000000003] [15:33.700000000000003] [15:33.700000000000003] [15:33.700000000000003] [15:33.4375] [15:32.71875] [15.333333333333334:31.620833333333334] [16.439843749999998:27.283072916666669] [31:98] [31:98] [31:98] [31:98] [31:98] [31:98] [31:98] [32.5:95.625] [33.666666666666664:95.083333333333329] [37.041666666666664:94] [59.309895833333336:91.638020833333329] [0:23.75] [0:6] [0:1] [1:4] [-1:1] [-1:1] [-0.97492791218182362:0.97492791218182362] [-0.90096886790241903:1] [0:23.75] [0:6] [0:1] [1:4] [-1:1] [-1:1] [-0.97492791218182362:0.97492791218182362] [-0.90096886790241903:1] [22.399999999999999:324.71375799999998] [22.399999999999999:324.71375799999998]
tree_sizes=1394 1412 1414 1416 1419 1411 1421 1413 1420 1427 1413 1414 1419 1412 1406 1416 1408 1416 1410 1407 1412 1418 1415 1409 1405 1405 1416 1417 1417 1420 1417 1416 1414 1414 1422 1417 1421 1417 1425 1428 1428 1429 1433 1435 1431 1425 1416 1428 1424 1431 1424 1417 1422 1424 1431 1437 1415 1430 1429 1417 1426 1426 1437 1417 1432 1425 1424 1440 1438 1415 1421 1429 1431 1430 1423 1433 1439 1432 1434 1422 1431 1432 1438 1435 1428 1436 1440 1432 1430 1449 1435 1433 1436 1443 1438 1426 1434 1449 1421 1437 1443 1444 1416 1450 1443 1449 1440 1450 1426 1433 1443 1472 1442 1438 1413 1457

Tree=0
num_leaves=15
num_cat=0
split_feature=65 65 65 53 60 48 35 36 35 52 14 36 30 20
split_gain=8.95393e+07 9.48473e+06 3.48008e+06 297835 286159 233126 224530 211196 139809 98532.1 74345.4 47889.9 42636.8 36788.7
threshold=151.93998750000003 42.523274000000008 229.01913550000003 -0.88144907265856332 -0.8814490726585632 8.1250000000000018 19.947395833333335 21.850390625000006 19.877083333333335 0.68322629814330837 39.473303791666673 18.395963541666671 20.337500000000002 268.13249400000001
decision_type=2 2 2 2 2 2 2 2 2 2 2 2 2 2
left_child=1 -1 3 -2 12 6 11 -6 -5 -10 -9 -4 -3 -12
right_child=2 4 5 8 7 -7 -8 10 9 -11 13 -13 -14 -15
leaf_value=104.07081193698227 109.57039675955758 109.24175526909896 113.78720704544084 111.85877392963127 107.19872491764337 113.41246676576004 116.27118009289651 109.1149945478433 112.622652129193 113.73180025993372 107.84766042155205 115.29036958951026 110.54226784390218 108.59037126077473
leaf_weight=5440 77 133 84 311 475 102 1665 314 488 395 367 522 123 304
leaf_count=5440 77 133 84 311 475 102 1665 314 488 395 367 522 123 304
internal_value=108.342 105.093 114.721 112.604 108.334 115.852 115.959 108.064 112.798 113.124 108.481 115.091 109.873 108.184
internal_weight=10800 7156 3644 1271 1716 2373 2271 1460 1194 883 985 606 256 671
internal_count=10800 7156 3644 1271 1716 2373 2271 1460 1194 883 985 606 256 671
is_linear=0
shrinkage=1


Tree=1
num_leaves=15
num_cat=0
split_feature=65 65 65 53 60 48 33 36 36 52 14 18 30 32
split_gain=8.0819e+07 8.56044e+06 3.1407e+06 268752 258446 210009 203776 192677 131642 58582.3 56249 48726.4 38514.2 36628.5
threshold=151.93998750000003 42.523274000000008 229.01913550000003 -0.88144907265856332 -0.8814490726585632 8.1250000000000018 19.003125000000004 22.179427083333334 22.889062500000005 0.68322629814330837 39.473303791666673 81.785676770833348 20.337500000000002 17.925000000000001
decision_type=2 2 2 2 2 2 2 2 2 2 2 2 2 2
left_child=1 -1 3 -2 12 6 -4 -6 9 -5 -9 -10 -3 -11
right_child=2 4 5 8 7 -7 -8 10 11 13 -12 -13 -14 -15
leaf_value=-4.0573830889025455 1.1680493357854012 0.85538812117623308 6.3015368163941154 3.2259797202856522 -0.95705504142244924 4.819689567343703 7.4991539492849588 0.79302291827163662 5.2496208628670118 3.038302318255107 -0.067344900273188027 4.2551752253359325 2.091426552495649 4.5615124023712434
leaf_weight=5440 77 133 502 330 594 102 1769 280 304 59 586 280 123 221
leaf_count=5440 77 133 502 330 594 102 1769 280 304 59 586 280 123 221
internal_value=0.000175994 -3.08627 6.06044 4.04929 -0.00709427 7.13547 7.23731 -0.264298 4.23397 3.70336 0.211428 4.78092 1.45509 4.2525
internal_weight=10800 7156 3644 1271 1716 2373 2271 1460 1194 610 866 584 256 280
internal_count=10800 7156 3644 1271 1716 2373 2271 1460 1194 610 866 584 256 280
is_linear=0
shrinkage=0.05


Tree=2
num_leaves=15
num_cat=0
split_feature=65 65 65 53 60 35 36 48 36 14 52 18 36 30
split_gain=7.29486e+07 7.72626e+06 2.8336e+06 242564 233413 189318 174956 152293 118972 61319.9 49111.1 48068.2 38202.2 34790.1
threshold=151.93998750000003 42.523274000000008 229.01913550000003 -0.88144907265856332 -0.8814490726585632 19.947395833333335 21.850390625000006 8.1250000000000018 22.709635416666668 39.473303791666673 0.68322629814330837 81.785676770833348 18.395963541666671 20.337500000000002
decision_type=2 2 2 2 2 2 2 2 2 2 2 2 2 2
left_child=1 -1 3 -2 13 12 -6 -7 10 -8 -5 -10 -4 -3
right_child=2 4 5 8 6 7 9 -9 11 -11 -12 -13 -14 -15
leaf_value=-3.8545510082949486 1.1103956269912232 0.8129378830541425 4.8449672920759337 3.0310533429730326 -1.0381943832488121 7.1590144009721817 0.70467193280893659 4.6613775783114964 4.9574473744905916 -0.14082659127199718 4.0067277228695231 4.0101846846523665 6.1742308314842518 1.9876985315353641
leaf_weight=5440 77 133 85 309 475 1665 314 71 324 671 260 301 552 123
leaf_count=5440 77 133 85 309 475 1665 314 71 324 671 260 301 552 123
internal_value=0.000346768 -2.93196 5.75797 3.84767 -0.00666048 6.77909 -0.251091 7.05961 4.02312 0.129144 3.48313 4.50838 6.00473 1.38291
internal_weight=10800 7156 3644 1271 1716 2373 1460 1736 1194 985 569 625 637 256
internal_count=10800 7156 3644 1271 1716 2373 1460 1736 1194 985 569 625 637 256
is_linear=0
shrinkage=0.05


Tree=3
num_leaves=15
num_cat=0
split_feature=65 65 65 53 60 48 36 36 36 52 48 36 1 36
split_gain=6.5845e+07 6.97335e+06 2.55697e+06 218905 210808 175117 170125 159499 113001 84366.6 49419 37973.4 32335.4 32155
threshold=151.93998750000003 42.523274000000008 229.01913550000003 -0.88144907265856332 -0.8814490726585632 8.1250000000000018 20.649218750000006 22.179427083333334 20.759114583333339 0.68322629814330837 4.1250000000000009 23.077213541666669 256.03719150000006 23.792968750000004
decision_type=2 2 2 2 2 2 2 2 2 2 2 2 2 2
left_child=1 -1 3 -2 12 6 -4 -6 -5 -10 -9 -8 -3 -12
right_child=2 4 5 8 7 -7 11 10 9 -11 13 -13 -14 -15
leaf_value=-3.6618591005717587 1.0555875894350883 0.58641367372201414 5.4915508039705045 2.8115419184907955 -0.86884962753713646 4.3281178224433976 6.4259347037381902 1.0263142639318028 3.6162087609161611 4.5923872439356215 -0.33849024655793919 6.9704703757876452 1.7519336004927757 0.3314239713066176
leaf_weight=5440 77 97 363 234 594 102 859 147 522 438 331 1049 159 388
leaf_count=5440 77 97 363 234 594 102 859 147 522 438 331 1049 159 388
internal_value=0.000507215 -2.78537 5.47062 3.65596 -0.00625972 6.44061 6.53355 -0.238553 3.82263 4.06591 0.194279 6.72881 1.31431 0.0229794
internal_weight=10800 7156 3644 1271 1716 2373 2271 1460 1194 960 866 1908 256 719
internal_count=10800 7156 3644 1271 1716 2373 2271 1460 1194 960 866 1908 256 719
is_linear=0
shrinkage=0.05


Tree=4
num_leaves=15
num_cat=0
split_feature=65 65 65 53 60 48 36 36 35 52 14 36 20 30
split_gain=5.94326e+07 6.29383e+06 2.30769e+06 197527 190370 157763 153420 144945 104602 65514.2 52007.9 34261.1 31411 30821.1
threshold=151.93998750000003 42.523274000000008 229.01913550000003 -0.88144907265856332 -0.8814490726585632 8.1250000000000018 20.649218750000006 21.850390625000006 19.877083333333335 0.68322629814330837 39.473303791666673 23.077213541666669 268.13249400000001 21.062500000000004
decision_type=2 2 2 2 2 2 2 2 2 2 2 2 2 2
left_child=1 -1 3 -2 13 6 -4 -6 -5 -10 -9 -8 -12 -3
right_child=2 4 5 8 7 -7 11 10 9 -11 12 -13 -14 -15
leaf_value=-3.4787995411179296 1.0034848949848079 0.90409184703005752 5.2177274599180121 2.8222479801911575 -0.94304249273190488 4.1138129836147277 6.1050116139788964 0.64949830073804149 3.5044049159149453 4.409092927942373 -0.43997899589898148 6.6222787417457214 0.24628363626520533 2.1400107188963555
leaf_weight=5440 77 186 363 311 475 102 859 314 488 395 367 1049 304 70
leaf_count=5440 77 186 363 311 475 102 859 314 488 395 367 1049 304 70
internal_value=0.000639923 -2.64611 5.19757 3.47364 -0.00587425 6.11907 6.20729 -0.22662 3.63196 3.91364 0.119469 6.39272 -0.12916 1.24905
internal_weight=10800 7156 3644 1271 1716 2373 2271 1460 1194 883 985 1908 671 256
internal_count=10800 7156 3644 1271 1716 2373 2271 1460 1194 883 985 1908 671 256
is_linear=0
shrinkage=0.05


Tree=5
num_leaves=15
num_cat=0
split_feature=65 65 65 53 60 35 36 48 36 35 36 65 48 36
split_gain=5.36447e+07 5.68055e+06 2.08269e+06 178239 171958 143927 133252 110248 97073.5 47169.6 45057.6 41926.1 34255.7 33589.5
threshold=151.93998750000003 42.523274000000008 229.01913550000003 -0.88144907265856332 -0.8814490726585632 19.947395833333335 23.792968750000004 8.1250000000000018 22.889062500000005 19.746875000000003 18.395963541666671 190.22173450000003 9.1250000000000018 18.395963541666671
decision_type=2 2 2 2 2 2 2 2 2 2 2 2 2 2
left_child=1 -1 3 -2 -3 13 9 -7 10 -6 -5 -12 -10 -4
right_child=2 4 5 8 6 7 -8 -9 12 -11 11 -13 -14 -15
leaf_value=-3.3048916138570292 0.95395390300605554 1.1871900502229944 4.0776164321012276 1.463582264383634 -1.136705196684769 6.1424947003642769 0.46553587110798145 4.0153116226196293 4.2925189164738669 -0.3441911281697565 2.481033809727462 3.4353296614707789 3.4590200077728386 5.2952513679242266
leaf_weight=5440 77 256 85 47 253 1665 481 71 318 726 188 375 266 552
leaf_count=5440 77 256 85 47 253 1665 481 71 318 726 188 375 266 552
internal_value=0.000760114 -2.51381 4.93816 3.30042 -0.00550608 5.81358 -0.215306 6.05786 3.45081 -0.549949 2.99648 3.12163 3.91944 5.13942
internal_weight=10800 7156 3644 1271 1716 2373 1460 1736 1194 979 610 563 584 637
internal_count=10800 7156 3644 1271 1716 2373 1460 1736 1194 979 610 563 584 637
is_linear=0
shrinkage=0.05


Tree=6
num_leaves=15
num_cat=0
split_feature=65 65 65 53 60 48 36 36 36 52 48 48 36 1
split_gain=4.84213e+07 5.12681e+06 1.87928e+06 160862 155254 131773 126385 121209 87619.5 42515.9 41811.1 30916.1 30103.5 29030.8
threshold=151.93998750000003 42.523274000000008 229.01913550000003 -0.88144907265856332 -0.8814490726585632 8.1250000000000018 20.649218750000006 22.179427083333334 22.889062500000005 0.68322629814330837 4.1250000000000009 9.1250000000000018 23.077213541666669 250.23162800000003
decision_type=2 2 2 2 2 2 2 2 2 2 2 2 2 2
left_child=1 -1 3 -2 13 6 -4 -6 9 -5 -9 -10 -8 -3
right_child=2 4 5 8 7 -7 12 10 11 -11 -12 -13 -14 -15
leaf_value=-3.1396774732284394 0.90686771590740267 0.15182224353154503 4.7061757611704396 2.4442787082713897 -0.75403398056052817 3.6926326788744883 5.5056629686577381 0.93805493863702238 4.0785658000778637 3.3118203098663659 0.015185573977780427 3.2867168501521768 5.9848499272664393 1.4181943251215148
leaf_weight=5440 77 59 363 330 594 102 859 147 318 280 719 266 1049 197
leaf_count=5440 77 59 363 330 594 102 859 147 318 280 719 266 1049 197
internal_value=0.000872443 -2.38815 4.69174 3.13603 -0.00522578 5.52332 5.60388 -0.204575 3.27891 2.84726 0.17274 3.72413 5.77211 1.12806
internal_weight=10800 7156 3644 1271 1716 2373 2271 1460 1194 610 866 584 1908 256
internal_count=10800 7156 3644 1271 1716 2373 2271 1460 1194 610 866 584 1908 256
is_linear=0
shrinkage=0.05


Tree=7
num_leaves=15
num_cat=0
split_feature=65 65 65 60 53 35 36 48 35 52 35 30 36 48
split_gain=4.37068e+07 4.71611e+06 1.62765e+06 152975 119489 119178 115721 88799.2 82029.4 48262.6 40277.6 35951.2 29844.4 28358.9
threshold=157.60646400000005 42.523274000000008 229.01913550000003 -0.8814490726585632 -0.88144907265856332 19.947395833333335 23.792968750000004 8.1250000000000018 19.91822916666667 0.68322629814330837 19.746875000000003 21.062500000000004 18.395963541666671 4.1250000000000009
decision_type=2 2 2 2 2 2 2 2 2 2 2 2 2 2
left_child=1 -1 4 11 -2 12 10 13 -6 -10 -5 -3 -4 -7
right_child=2 3 5 6 8 7 -8 -9 9 -11 -12 -13 -14 -15
leaf_value=-2.9827223775141865 0.85650471165066677 0.72664699921704301 3.6441230263820916 -1.0467840319170671 2.4200981624447815 5.276522856796344 0.43886580781564732 3.635267072253757 3.0249547688851983 3.8080177706938523 -0.31565654043051938 2.0023477147022883 4.7801838117740898 5.7717065114282367
leaf_weight=5440 62 197 85 254 318 771 483 71 480 389 727 77 552 894
leaf_count=5440 62 197 85 254 318 771 483 71 480 389 727 77 552 894
internal_value=0.000979506 -2.25843 4.47801 0.00905255 3.01288 5.24757 -0.194073 5.46971 3.1247 3.37946 -0.505833 1.09112 4.63454 5.54571
internal_weight=10800 7178 3622 1738 1249 2373 1464 1736 1187 869 981 274 637 1665
internal_count=10800 7178 3622 1738 1249 2373 1464 1736 1187 869 981 274 637 1665
is_linear=0
shrinkage=0.05


Tree=8
num_leaves=15
num_cat=0
split_feature=65 65 65 53 36 48 33 36 52 52 60 48 35 32
split_gain=3.94514e+07 4.17605e+06 1.53048e+06 131243 128433 110239 104612 77527.8 72428.8 54713.6 50012.9 31838.1 32094.4 28355
threshold=151.93998750000003 42.523274000000008 229.01913550000003 -0.88144907265856332 22.962760416666672 8.1250000000000018 19.065625000000004 20.759114583333339 0.19509032201612822 0.68322629814330837 -0.8814490726585632 4.1250000000000009 19.746875000000003 22.112500000000004
decision_type=2 2 2 2 2 2 2 2 2 2 2 2 2 2
left_child=1 -1 3 -2 10 6 -4 -5 -6 -9 -3 -12 -13 -10
right_child=2 4 5 7 8 -7 -8 9 13 -11 11 12 -14 -15
leaf_value=-2.8336138161068742 0.8178070780558464 0.53018938784953207 4.4117644207238698 2.1256172764554937 0.10776201658776151 3.3131171476493764 5.2528229357999408 2.8002452506617881 0.43350235351333688 3.5844329934456898 0.093439711857487368 -1.2589775170943591 -0.47396309081709287 1.4917522067193829
leaf_weight=5440 77 127 528 234 482 102 1743 522 99 438 163 178 487 180
leaf_count=5440 77 127 528 234 482 102 1743 522 99 438 163 178 487 180
internal_value=0.00107879 -2.15534 4.23523 2.83129 -0.004692 4.98568 5.05931 2.96035 0.479536 3.16139 -0.390651 -0.53236 -0.685662 1.11913
internal_weight=10800 7156 3644 1271 1716 2373 2271 1194 761 960 955 828 665 279
internal_count=10800 7156 3644 1271 1716 2373 2271 1194 761 960 955 828 665 279
is_linear=0
shrinkage=0.05


Tree=9
num_leaves=15
num_cat=0
split_feature=65 65 65 60 48 53 36 36 35 52 35 30 36 52
split_gain=3.56104e+07 3.841e+06 1.32528e+06 124980 99307.6 97318.2 96583.5 96431.2 68927.6 41039.6 36871.9 30783.1 28363.5 26756.4
threshold=157.60646400000005 42.523274000000008 229.01913550000003 -0.8814490726585632 8.1250000000000018 -0.88144907265856332 20.649218750000006 24.062760416666674 19.669270833333336 0.68322629814330837 20.042708333333337 21.062500000000004 25.173697916666672 0.68322629814330837
decision_type=2 2 2 2 2 2 2 2 2 2 2 2 2 2
left_child=1 -1 5 11 6 -2 -4 10 13 -10 -5 -3 -8 -7
right_child=2 3 4 7 -6 8 12 -9 9 -11 -12 -13 -14 -15
leaf_value=-2.6919591381014811 0.77411792439127725 0.64899731743140054 4.023158262064169 -0.90158568554193974 3.1490695592269158 1.5931268442203017 4.8511050573326253 0.45505421038387051 2.7183760227081546 3.4254482193711668 -0.24480349353853736 1.8290942864540296 5.4519005892780683 2.5935695724487307
leaf_weight=5440 62 197 363 301 102 135 1592 428 500 403 735 77 316 149
leaf_count=5440 62 197 363 301 102 135 1592 428 500 403 735 77 316 149
internal_value=0.00111928 -2.03831 4.04226 0.00801313 4.73667 2.72021 4.80655 -0.175588 2.82112 3.03738 -0.436311 0.986076 4.95341 2.12527
internal_weight=10800 7178 3622 1738 2373 1249 2271 1464 1187 903 1036 274 1908 284
internal_count=10800 7178 3622 1738 2373 1249 2271 1464 1187 903 1036 274 1908 284
is_linear=0
shrinkage=0.05


Tree=10
num_leaves=15
num_cat=0
split_feature=65 65 65 36 35 53 52 36 48 60 36 48 65 48
split_gain=3.21428e+07 3.46671e+06 1.19596e+06 113425 91428 87812 66428.2 64684.4 63778.9 41656.6 37538 28581.8 28348.8 27239.2
threshold=157.60646400000005 42.523274000000008 229.01913550000003 22.962760416666672 19.947395833333335 -0.88144907265856332 0.19509032201612822 22.889062500000005 8.1250000000000018 -0.8814490726585632 18.395963541666671 4.1250000000000009 190.22173450000003 4.1250000000000009
decision_type=2 2 2 2 2 2 2 2 2 2 2 2 2 2
left_child=1 -1 5 9 -4 -2 -5 10 13 -3 -7 -11 -12 -6
right_child=2 3 4 6 8 7 -8 -9 -10 11 12 -13 -14 -15
leaf_value=-2.5573859067726521 0.73602640716920775 0.45246373327529954 3.9642408773069473 0.10071379291798058 4.5048907539387448 0.92695862033093968 1.0593197568168278 3.0644366671915715 3.1374066260125901 0.10460916645599135 1.8966682961917816 -0.63157717194282514 2.6805479468183315 4.9727635431556063
leaf_weight=5440 62 137 637 483 771 47 288 579 71 164 186 666 375 894
leaf_count=5440 62 137 637 483 771 47 288 579 71 164 186 666 375 894
internal_value=0.00119143 -1.9364 3.84054 0.00766384 4.5002 2.58464 0.459701 2.6805 4.69447 -0.352853 2.31044 -0.486163 2.42449 4.75894
internal_weight=10800 7178 3622 1738 2373 1249 771 1187 1736 967 608 830 561 1665
internal_count=10800 7178 3622 1738 2373 1249 771 1187 1736 967 608 830 561 1665
is_linear=0
shrinkage=0.05


Tree=11
num_leaves=15
num_cat=0
split_feature=65 65 65 36 53 29 52 36 18 36 1 36 21 65
split_gain=2.90132e+07 3.06959e+06 1.12442e+06 99802.7 96559.9 84889.1 70393.4 60908.4 39359.4 35307.1 35675.5 33088.8 32454 29044
threshold=151.93998750000003 42.523274000000008 229.01913550000003 22.179427083333334 -0.88144907265856332 20.637500000000003 0.19509032201612822 22.889062500000005 50.832282041666673 18.395963541666671 167.68715100000003 18.395963541666671 90.1357875311936 190.22173450000003
decision_type=2 2 2 2 2 2 2 2 2 2 2 2 2 2
left_child=1 -1 4 12 -2 9 -5 11 -7 -4 -11 -6 -3 -13
right_child=2 3 5 6 7 8 -8 -9 -10 10 -12 13 -14 -15
leaf_value=-2.4295399925766175 0.7018604767628206 -0.65143289603673793 2.8524330017178556 -0.014145193502878267 0.88157626142104473 4.7037267298684631 0.83988331141929662 2.9097987526298592 4.0301894700085681 4.0853973397690071 2.6933891345714702 1.7602192959457481 0.17080772123029156 2.5468770100715314
leaf_weight=5440 77 537 85 638 47 1036 387 584 350 845 57 188 154 375
leaf_count=5440 77 537 85 638 47 1036 387 584 350 845 57 188 154 375
internal_value=0.00124493 -1.84802 3.6323 -0.00416992 2.42893 4.27554 0.308807 2.53963 4.53667 3.90463 4.00051 2.18105 -0.468202 2.28778
internal_weight=10800 7156 3644 1716 1271 2373 1025 1194 1386 987 902 610 691 563
internal_count=10800 7156 3644 1716 1271 2373 1025 1194 1386 987 902 610 691 563
is_linear=0
shrinkage=0.05


Tree=12
num_leaves=15
num_cat=0
split_feature=65 65 65 60 48 48 36 36 30 26 48 12 36 36
split_gain=2.61898e+07 2.82325e+06 973737 97666.6 81223.1 77620.6 75143.4 75035 49322.4 38674.6 34464.2 26088 25498.7 22739.8
threshold=157.60646400000005 42.523274000000008 229.01913550000003 -0.8814490726585632 9.1250000000000018 8.1250000000000018 20.649218750000006 21.850390625000006 21.262500000000003 20.487500000000004 4.1250000000000009 260.6494575000001 25.173697916666672 24.627343750000005
decision_type=2 2 2 2 2 2 2 2 2 2 2 2 2 2
left_child=1 -1 4 11 9 6 -4 -5 -6 -2 -9 -3 -8 -12
right_child=2 3 5 7 8 -7 12 10 -10 -11 13 -13 -14 -15
leaf_value=-2.3080853824513823 2.236789042674578 0.38626841512109555 3.4345122332101341 -0.67060382389395157 1.4488077293958097 2.6620547489055153 4.158553263561874 0.71239661393595533 2.3612737433863926 3.0567562669126547 -0.21084056732438683 1.3642164555433043 4.7148745052445955 0.38338603761282058
leaf_weight=5440 259 139 363 476 301 102 1592 182 307 382 585 135 316 221
leaf_count=5440 259 139 363 476 301 102 1592 182 307 382 585 135 316 221
internal_value=0.00129875 -1.74769 3.46692 0.00670541 2.33369 4.06215 4.12383 -0.155597 1.91266 2.72944 0.0929502 0.871313 4.25311 -0.0476343
internal_weight=10800 7178 3622 1738 1249 2373 2271 1464 608 641 988 274 1908 806
internal_count=10800 7178 3622 1738 1249 2373 2271 1464 608 641 988 274 1908 806
is_linear=0
shrinkage=0.05


Tree=13
num_leaves=15
num_cat=0
split_feature=65 65 65 60 29 36 48 48 30 26 48 0 36 6
split_gain=2.36493e+07 2.64158e+06 803533 100348 71502.6 70642.7 69772.5 50721.6 42820.5 35509.2 29143.7 26372.8 22471.6 22082.5
threshold=163.10669200000004 42.523274000000008 229.01913550000003 -0.8814490726585632 19.962500000000002 21.850390625000006 9.1250000000000018 8.1250000000000018 21.262500000000003 20.487500000000004 4.1250000000000009 250.23162800000003 18.395963541666671 91.930868000000018
decision_type=2 2 2 2 2 2 2 2 2 2 2 2 2 2
left_child=1 -1 6 11 12 -5 9 13 -8 -2 -7 -3 -4 -6
right_child=2 3 4 5 7 10 8 -9 -10 -11 -12 -13 -14 -15
leaf_value=-2.1927022728186456 2.1614912114402123 -0.022669105760861133 2.5421900871188146 -0.64505983330698258 4.2302033705022746 0.65268865728346759 1.4143073730670943 2.6515890839981711 2.2919648418747069 2.9519396235519126 -0.036880467857383657 1.0924854837482174 3.4988839068468014 3.8000763429005944
leaf_weight=5440 257 68 85 478 1100 188 282 72 290 376 809 239 517 599
leaf_count=5440 257 68 85 478 1100 188 282 72 290 376 809 239 517 599
internal_value=0.0013437 -1.64549 3.32492 0.0253133 3.85936 -0.146002 2.27011 4.0243 1.8625 2.63493 0.0936723 0.846209 3.36824 4.08088
internal_weight=10800 7222 3578 1782 2373 1475 1205 1771 572 633 997 307 602 1699
internal_count=10800 7222 3578 1782 2373 1475 1205 1771 572 633 997 307 602 1699
is_linear=0
shrinkage=0.05


Tree=14
num_leaves=15
num_cat=0
split_feature=65 65 65 60 36 29 48 30 18 1 52 35 0 27
split_gain=2.13468e+07 2.38414e+06 725175 90597.7 67001.9 66966.2 62983.2 38658.8 32626 32402 28151.1 27983.8 23812.4 23468.2
threshold=163.10669200000004 42.523274000000008 229.01913550000003 -0.8814490726585632 24.062760416666674 20.637500000000003 9.1250000000000018 21.262500000000003 46.97620929166667 193.98858950000002 0.84874750804349197 19.746875000000003 250.23162800000003 16.025000000000002
decision_type=2 2 2 2 2 2 2 2 2 2 2 2 2 2
left_child=1 -1 6 12 11 10 9 -8 -7 -2 -4 -5 -3 -12
right_child=2 3 5 4 -6 8 7 -9 -10 -11 13 -13 -14 -15
leaf_value=-2.083087450983419 2.3253132721552485 -0.021552069064067758 2.9667267215443172 -0.8097693119038637 0.38093755842789634 4.0647569247931701 1.3438418976988895 2.177760466185632 3.4839736601747116 3.2879255419192108 2.2787525456126145 -0.20801556685937059 1.0380887976991169 3.6438194804813548
leaf_weight=5440 519 68 373 256 436 982 282 290 404 114 40 783 239 574
leaf_count=5440 519 68 373 256 436 982 282 290 404 114 40 783 239 574
internal_value=0.00138935 -1.56322 3.15903 0.0240768 -0.138703 3.66674 2.15697 1.7697 3.8981 2.50359 3.33824 -0.356918 0.804072 3.55874
internal_weight=10800 7222 3578 1782 1475 2373 1205 572 1386 633 987 1039 307 614
internal_count=10800 7222 3578 1782 1475 2373 1205 572 1386 633 987 1039 307 614
is_linear=0
shrinkage=0.05


Tree=15
num_leaves=15
num_cat=0
split_feature=65 65 65 60 64 36 29 36 52 18 30 35 30 18
split_gain=1.92687e+07 2.15175e+06 655026 81798.5 61735 60485.2 60012.9 46840 32784.6 28960.3 26018.3 25339.5 22620.2 20890.4
threshold=163.10669200000004 42.523274000000008 230.94556050000003 -0.8814490726585632 228.38420300000004 24.062760416666674 20.637500000000003 20.302864583333335 0.68322629814330837 50.832282041666673 18.512500000000003 20.042708333333337 21.062500000000004 45.999148000000012
decision_type=2 2 2 2 2 2 2 2 2 2 2 2 2 2
left_child=1 -1 4 12 7 11 10 -2 -9 -8 -4 -5 -3 -12
right_child=2 3 6 5 -6 -7 9 8 -10 -11 13 -13 -14 -15
leaf_value=-1.9789521974361333 1.2020067017136533 0.47941300139452026 2.5775589098875553 -0.72324014598332154 3.2349962243579684 0.36193426689921582 3.8513817183514862 1.8365346688857902 2.4511718748774198 3.2755442001977642 3.4240315179268048 -0.18021853451454051 1.4168723082971029 2.6720173942508985
leaf_weight=5440 181 215 173 303 104 436 1033 553 388 346 667 736 92 133
leaf_count=5440 181 215 173 303 104 436 1033 553 388 346 667 736 92 133
internal_value=0.00143039 -1.48507 3.00143 0.0228836 2.06144 -0.131789 3.49033 1.94988 2.0923 3.70938 3.17638 -0.339121 0.764034 3.3025
internal_weight=10800 7222 3578 1782 1226 1475 2352 1122 941 1379 973 1039 307 800
internal_count=10800 7222 3578 1782 1226 1475 2352 1122 941 1379 973 1039 307 800
is_linear=0
shrinkage=0.05


Tree=16
num_leaves=15
num_cat=0
split_feature=65 65 65 60 48 48 36 26 30 32 64 35 0 26
split_gain=1.73928e+07 1.94207e+06 591142 73879.7 57424.5 56071.2 54601.8 52573.3 33654.9 31029 23094.4 23074.1 20743.9 19445.3
threshold=163.10669200000004 42.523274000000008 230.94556050000003 -0.8814490726585632 8.1250000000000018 9.1250000000000018 24.062760416666674 19.012500000000003 21.262500000000003 17.925000000000001 230.35291300000003 19.746875000000003 250.23162800000003 16.862500000000004
decision_type=2 2 2 2 2 2 2 2 2 2 2 2 2 2
left_child=1 -1 5 12 7 9 11 13 -7 -2 -11 -5 -3 -4
right_child=2 3 4 6 -6 8 -8 -9 -10 10 -12 -13 -14 -15
leaf_value=-1.8800226683740207 1.1943414193578066 -0.044113333544869356 2.0988348388671874 -0.73341710933842896 2.078745017500268 1.1944656521476833 0.34387896280454422 3.5057973752079779 1.9710232263762657 2.2460741498427303 3.1457139435634822 -0.18700094502892914 0.94456188848242173 3.0401118749471414
leaf_weight=5440 63 68 74 256 96 282 436 1726 291 498 92 783 239 456
leaf_count=5440 63 68 74 256 96 282 436 1726 291 498 92 783 239 456
internal_value=0.00146956 -1.41082 2.8517 0.0217775 3.31615 1.95872 -0.125218 3.36786 1.59159 2.27795 2.39144 -0.322209 0.72614 2.91289
internal_weight=10800 7222 3578 1782 2352 1226 1475 2256 573 653 590 1039 307 530
internal_count=10800 7222 3578 1782 2352 1226 1475 2256 573 653 590 1039 307 530
is_linear=0
shrinkage=0.05


Tree=17
num_leaves=15
num_cat=0
split_feature=65 65 65 36 48 64 36 36 60 52 52 26 34 47
split_gain=1.56993e+07 1.75322e+06 533364 64751.4 51744.9 50693.8 47800.3 39986.2 34749.5 27174.9 26388.9 26186.9 23112.5 18659.8
threshold=163.10669200000004 63.145266500000005 230.94556050000003 22.962760416666672 8.1250000000000018 228.38420300000004 22.79322916666667 20.302864583333335 -0.8814490726585632 0.68322629814330837 0.19509032201612822 16.862500000000004 20.001041666666669 78.065104166666671
decision_type=2 2 2 2 2 2 2 2 2 2 2 2 2 2
left_child=1 -1 5 10 6 7 11 13 -5 -9 -3 -4 -12 -2
right_child=2 3 4 8 -6 -7 -8 9 -10 -11 12 -13 -14 -15
leaf_value=-1.7824428455047987 0.26347506080033645 -0.46164279947808962 1.9952923227945965 1.0208511472581336 1.9758793048022949 2.9245329302833198 3.4385758003587199 1.6588748781151719 0.19856973831714736 2.2182651737968229 -0.32097359872811165 3.0247088406312446 0.44614153582213528 1.3900829277244897
leaf_weight=5462 52 569 74 160 96 104 1125 553 640 388 191 1057 200 129
leaf_count=5462 52 569 74 160 96 104 1125 553 640 388 191 1057 200 129
internal_value=0.0014836 -1.34029 2.7094 0.0321132 3.15057 1.86118 3.19966 1.7601 0.364095 1.89164 -0.244629 2.95918 0.0715498 1.06964
internal_weight=10800 7222 3578 1760 2352 1226 2256 1122 800 941 960 1131 391 181
internal_count=10800 7222 3578 1760 2352 1226 2256 1122 800 941 960 1131 391 181
is_linear=0
shrinkage=0.05


Tree=18
num_leaves=15
num_cat=0
split_feature=65 65 65 60 29 48 36 35 52 32 48 52 64 30
split_gain=1.41706e+07 1.58329e+06 481264 60578.3 46695.3 46447.1 46166.1 30329.5 25776.1 25696.6 25475.1 22524.4 19280.3 18582.6
threshold=163.10669200000004 42.523274000000008 230.94556050000003 -0.8814490726585632 20.712500000000002 9.1250000000000018 21.850390625000006 19.577083333333338 0.88144907265856365 17.775000000000002 4.1250000000000009 0.84874750804349197 236.58133150000003 21.062500000000004
decision_type=2 2 2 2 2 2 2 2 2 2 2 2 2 2
left_child=1 -1 5 13 11 9 -5 -7 -6 -2 -8 -4 -11 -3
right_child=2 3 4 6 8 7 10 -9 -10 12 -12 -13 -14 -15
leaf_value=-1.6969331163274217 1.0281809459298346 0.40031426685686544 2.3923716707865395 -0.51631214335514142 2.9681405384251072 0.72275802480881335 0.60352902620064997 1.6229002803925909 3.4359802967712305 2.046378589286046 -0.041173771258650557 2.9159364257428533 2.9769710457843281 1.2495764646298624
leaf_weight=5440 58 215 374 478 732 121 188 452 636 527 809 610 68 92
leaf_count=5440 58 215 374 478 732 121 188 452 636 527 809 610 68 92
internal_value=0.00149273 -1.27328 2.5742 0.0202362 2.99326 1.76847 -0.112871 1.43441 3.188 2.05896 0.080878 2.71957 2.15755 0.658047
internal_weight=10800 7222 3578 1782 2352 1226 1475 573 1368 653 997 984 595 307
internal_count=10800 7222 3578 1782 2352 1226 1475 573 1368 653 997 984 595 307
is_linear=0
shrinkage=0.05


Tree=19
num_leaves=15
num_cat=0
split_feature=65 65 65 36 48 64 36 36 21 60 52 36 25 65
split_gain=1.27909e+07 1.42903e+06 434270 56207.6 45295.8 42066.9 41572.5 33397.7 27915 25426.9 22698.9 21505.5 23791.3 17731.1
threshold=163.10669200000004 42.523274000000008 230.94556050000003 23.581770833333337 8.1250000000000018 228.38420300000004 20.649218750000006 20.302864583333335 95.718381665912645 -0.8814490726585632 0.68322629814330837 25.173697916666672 105.3195466553865 204.87737250000004
decision_type=2 2 2 2 2 2 2 2 2 2 2 2 2 2
left_child=1 -1 5 8 6 7 -4 13 -3 -5 -9 -8 -13 -2
right_child=2 3 4 9 -6 -7 11 10 -10 -11 -12 12 -14 -15
leaf_value=-1.6121020229615135 0.51900380560411852 -0.30450032881813294 2.3772532996708668 1.0498273314659794 1.7475501349291851 2.648825932003203 2.9027570184242455 1.4959384937081419 0.34865561300945103 0.24197931968898492 2.0068898773438519 4.1550083737040673 3.0917290868430305 1.5228221870675873
leaf_weight=5440 103 943 360 119 96 104 1580 553 197 523 388 85 231 78
leaf_count=5440 103 943 360 119 96 104 1580 553 197 523 388 85 231 78
internal_value=0.0015112 -1.20962 2.44577 0.019272 2.84385 1.68039 2.8897 1.58834 -0.191424 0.39312 1.70852 2.9857 3.38994 0.957579
internal_weight=10800 7222 3578 1782 2352 1226 2256 1122 1140 642 941 1896 316 181
internal_count=10800 7222 3578 1782 2352 1226 2256 1122 1140 642 941 1896 316 181
is_linear=0
shrinkage=0.05


Tree=20
num_leaves=15
num_cat=0
split_feature=65 65 65 36 48 36 26 9 10 60 36 65 48 6
split_gain=1.15459e+07 1.29039e+06 391906 50027.4 40828.5 39795.7 38193.9 25530.4 24571.5 22473.6 21240.1 20426.5 18834.2 17251.9
threshold=163.10669200000004 63.145266500000005 230.94556050000003 23.581770833333337 8.1250000000000018 22.950130208333338 19.012500000000003 260.54473700000011 242.57667200000003 -0.8814490726585632 18.395963541666671 190.22173450000003 4.1250000000000009 91.930868000000018
decision_type=2 2 2 2 2 2 2 2 2 2 2 2 2 2
left_child=1 -1 5 8 6 10 -4 -7 12 -5 -2 -12 -3 -8
right_child=2 3 4 9 -6 7 13 -9 -10 -11 11 -13 -14 -15
leaf_value=-1.5284672375077646 0.30450798498124493 0.16267301100698939 2.3590707215885658 0.99777338247125358 1.6610734283924105 2.0342034283988104 2.9886815593387652 1.0398389222312578 0.21523001251810769 0.23796054337626873 1.0080427892711186 1.6250388699299005 -0.43394267897115946 2.6283452231729147
leaf_weight=5462 48 165 530 119 96 498 1115 78 298 521 217 385 657 611
leaf_count=5462 48 165 530 119 96 498 1115 78 298 521 217 385 657 611
internal_value=0.00153833 -1.14914 2.32379 0.0282632 2.70196 1.5967 2.7455 1.90159 -0.173217 0.380574 1.32402 1.40467 -0.314132 2.86272
internal_weight=10800 7222 3578 1760 2352 1226 2256 576 1120 640 650 602 822 1726
internal_count=10800 7222 3578 1760 2352 1226 2256 576 1120 640 650 602 822 1726
is_linear=0
shrinkage=0.05


Tree=21
num_leaves=15
num_cat=0
split_feature=65 65 65 53 36 30 52 27 52 46 48 25 52 7
split_gain=1.04235e+07 1.10059e+06 401546 53181.6 42828.3 39559.8 34663.6 32659.6 32012.8 22057.8 19665.2 19455.2 17331.3 17669.2
threshold=151.93998750000003 42.523274000000008 229.01913550000003 -0.88144907265856332 22.179427083333334 18.512500000000003 0.19509032201612822 19.912500000000005 0.88144907265856365 82.078125000000014 8.1250000000000018 105.41375802674405 0.68322629814330837 236.23412350000004
decision_type=2 2 2 2 2 2 2 2 2 2 2 2 2 2
left_child=1 -1 3 -2 -3 -4 -6 -5 10 11 -7 -10 -9 -14
right_child=2 4 5 7 6 8 -8 12 9 -11 -12 -13 13 -15
leaf_value=-1.455102494191957 0.18263854512359756 -0.30679909483902423 1.8186818316831428 1.0601988017559052 -0.024399925003495762 2.4857305881842766 0.57487753695549115 1.4908448670300241 3.5304291976125621 2.6458976754590289 1.6853957028479929 2.7357304494025301 2.280506101532362 1.5808273683667808
leaf_weight=5440 77 691 176 279 638 993 387 525 189 742 93 180 200 190
leaf_count=5440 77 691 176 279 638 993 387 525 189 742 93 180 200 190
internal_value=0.00153224 -1.1069 2.17794 1.45881 -0.00282122 2.56234 0.202204 1.54089 2.62106 2.81641 2.41881 3.15121 1.68614 1.94455
internal_weight=10800 7156 3644 1271 1716 2373 1025 1194 2197 1111 1086 369 915 390
internal_count=10800 7156 3644 1271 1716 2373 1025 1194 2197 1111 1086 369 915 390
is_linear=0
shrinkage=0.05


Tree=22
num_leaves=15
num_cat=0
split_feature=65 65 65 53 48 34 52 27 35 26 48 16 52 36
split_gain=9.41171e+06 954276 392594 59483.5 40916.6 40605.4 41631.1 37712.9 36255 21190.7 19342.6 17425.9 19120.9 17159.4
threshold=147.25452700000002 42.523274000000008 225.63727100000003 -0.88144907265856332 8.1250000000000018 20.556250000000002 0.19509032201612822 19.912500000000005 21.369270833333339 16.862500000000004 4.1250000000000009 268.80294900000007 -0.41248606129204551 23.976302083333341
decision_type=2 2 2 2 2 2 2 2 2 2 2 2 2 2
left_child=1 -1 3 -2 8 -3 11 -5 9 -4 -11 12 -7 -9
right_child=2 5 4 7 -6 6 -8 13 -10 10 -12 -13 -14 -15
leaf_value=-1.3823607198150474 0.15990201205573976 -0.45823289636400544 1.4407941157023112 0.91353223238456516 1.511072049053704 0.64801968824968004 0.5396428631370267 1.4219702271253079 2.7151637159941218 2.0800137574045281 2.5062412166474588 0.25761226683227351 -0.31495516260829542 1.8873282810165124
leaf_weight=5440 99 396 74 270 122 56 404 575 957 474 788 272 544 329
leaf_count=5440 99 396 74 270 122 56 404 575 957 474 788 272 544 329
internal_value=0.00154955 -1.06132 2.05094 1.33864 2.42569 -0.016586 0.120728 1.43782 2.47368 2.2988 2.34793 -0.0737518 -0.224149 1.59323
internal_weight=10800 7112 3688 1273 2415 1672 1276 1174 2293 1336 1262 872 600 904
internal_count=10800 7112 3688 1273 2415 1672 1276 1174 2293 1336 1262 872 600 904
is_linear=0
shrinkage=0.05


Tree=23
num_leaves=15
num_cat=0
split_feature=65 65 65 60 48 36 29 30 52 48 48 18 27 48
split_gain=8.49657e+06 947749 287393 40874.9 33730.3 32974.3 32813.4 23230 21888.3 21083.1 19903.4 17995.5 15520 14560.6
threshold=163.10669200000004 63.145266500000005 230.94556050000003 -0.8814490726585632 9.1250000000000018 21.733854166666671 21.262500000000003 21.262500000000003 0.84874750804349197 6.6250000000000009 4.1250000000000009 49.270529291666669 16.025000000000002 3.1250000000000004
decision_type=2 2 2 2 2 2 2 2 2 2 2 2 2 2
left_child=1 -1 4 -3 9 -5 8 -6 13 -2 -7 -8 -10 -4
right_child=2 3 6 5 7 10 11 -9 12 -11 -12 -13 -14 -15
leaf_value=-1.3106513382302696 1.3895257534678369 0.54671204676912111 2.0071773162032618 -0.44592295808905968 0.75911988046072931 0.53481906776395727 2.7036115360115076 1.4012315150911678 1.3098658864091082 1.9891663057118774 -0.035413357709168952 2.191550644125257 2.3741341472260746 1.2185717995102341
leaf_weight=5462 407 307 494 444 282 187 657 291 40 246 822 279 809 73
leaf_count=5462 407 307 494 444 282 187 657 291 40 246 822 279 809 73
internal_value=0.00153653 -0.985565 1.99367 0.0234823 1.37102 -0.0873693 2.31751 1.08709 2.15983 1.61812 0.0706939 2.55348 2.32559 1.90797
internal_weight=10800 7222 3578 1760 1226 1453 2352 573 1416 653 1009 936 849 567
internal_count=10800 7222 3578 1760 1226 1453 2352 573 1416 653 1009 936 849 567
is_linear=0
shrinkage=0.05


Tree=24
num_leaves=15
num_cat=0
split_feature=65 65 65 53 24 48 27 35 52 16 34 7 48 36
split_gain=7.66956e+06 777604 319955 50656.7 35651.9 33863.1 33657.4 29973.4 29260.9 19939 17906.3 17397.2 15673 15595.8
threshold=147.25452700000002 42.523274000000008 225.63727100000003 -0.88144907265856332 274.65417650000006 8.1250000000000018 19.912500000000005 21.369270833333339 0.19509032201612822 267.06350950000007 16.614583333333339 181.68180900000002 4.1250000000000009 25.307031250000005
decision_type=2 2 2 2 2 2 2 2 2 2 2 2 2 2
left_child=1 -1 3 -2 9 7 -5 10 -6 -3 -4 -9 -12 -8
right_child=2 4 5 6 8 -7 13 11 -10 -11 12 -13 -14 -15
leaf_value=-1.2477348553391641 0.1210451284646988 -0.27649589520660078 1.2926753847222581 0.80523940202714772 0.0075325185143927777 1.3581554856726794 1.352227638431295 2.8181085790778106 0.67061227550730118 0.6120945282718715 1.8804353290908271 2.3100348281585519 2.26368717186305 1.9329977661987829
leaf_weight=5440 99 892 75 270 450 122 760 264 263 67 478 693 783 144
leaf_count=5440 99 892 75 270 450 122 760 264 263 67 478 693 783 144
internal_value=0.00153671 -0.957933 1.85155 1.20852 -0.0148533 2.18987 1.30004 2.23351 0.252715 -0.213842 2.07457 2.45299 2.12002 1.44677
internal_weight=10800 7112 3688 1273 1672 2415 1174 2293 713 959 1336 957 1261 904
internal_count=10800 7112 3688 1273 1672 2415 1174 2293 713 959 1336 957 1261 904
is_linear=0
shrinkage=0.05


Tree=25
num_leaves=15
num_cat=0
split_feature=65 65 65 64 36 29 10 36 53 18 34 61 52 29
split_gain=6.92546e+06 771574 234053 37913.7 35620.2 27473 24661.8 23192.7 23189.3 22205.5 20750.2 15598.2 13876 14061
threshold=163.10669200000004 63.145266500000005 234.11312400000003 230.35291300000003 24.084375000000005 19.012500000000003 242.138204 18.395963541666671 -0.88144907265856332 45.201941791666677 22.328125000000004 -0.9733555533461492 0.68322629814330837 21.487500000000004
decision_type=2 2 2 2 2 2 2 2 2 2 2 2 2 2
left_child=1 -1 3 7 6 -4 11 -2 -9 10 -7 -3 13 -10
right_child=2 4 5 -5 -6 9 -8 8 12 -11 -12 -13 -14 -15
leaf_value=-1.1829639275658705 0.086118527942774248 0.46221370013321145 1.7370499327086133 2.0481885149859003 0.3696522163056068 2.2028312489764237 0.22367471030280406 0.056961312093013944 0.89155782977781028 1.8926587568309732 2.7454505595755072 -0.32666041250106959 1.463766473496624 1.396301109232801
leaf_weight=5462 48 67 440 137 516 1115 361 42 362 500 234 816 466 234
leaf_count=5462 48 67 440 137 516 1115 361 42 362 500 234 816 466 234
internal_value=0.00153351 -0.889645 1.80007 1.25943 0.0208003 2.10384 -0.124081 1.16393 1.21067 2.19014 2.29892 -0.266347 1.2562 1.09174
internal_weight=10800 7222 3578 1289 1760 2289 1244 1152 1104 1849 1349 883 1062 596
internal_count=10800 7222 3578 1289 1760 2289 1244 1152 1104 1849 1349 883 1062 596
is_linear=0
shrinkage=0.05


Tree=26
num_leaves=15
num_cat=0
split_feature=65 65 65 53 34 52 36 48 26 49 48 36 46 61
split_gain=6.25226e+06 632904 260011 41302.3 30947.8 30738.8 29348.7 29051.9 25436.9 18512.1 17748.1 17315.1 15574.5 14482.1
threshold=147.25452700000002 42.523274000000008 225.63727100000003 -0.88144907265856332 20.556250000000002 0.19509032201612822 23.214062500000004 8.1250000000000018 21.612500000000004 4.5000000000000009 4.1250000000000009 18.395963541666671 83.005208333333357 -0.9733555533461492
decision_type=2 2 2 2 2 2 2 2 2 2 2 2 2 2
left_child=1 -1 3 -2 13 -6 9 8 10 11 -4 -5 -12 -3
right_child=2 4 7 6 5 -7 -8 -9 -10 -11 12 -13 -14 -15
leaf_value=-1.126222271911363 0.11023998476006092 0.44808708826700849 1.6828687227063064 0.032319949993065429 -0.061187153453429267 0.46589199757272448 1.4644553726321401 1.2075505285849417 2.2771567473150469 -0.012657402867966511 2.345535072357424 1.0961002457070432 1.8954817393536414 -0.50643489061730784
leaf_weight=5440 99 44 614 41 872 404 504 122 693 46 309 583 677 352
leaf_count=5440 99 44 614 41 872 404 504 122 693 46 309 583 677 352
internal_value=0.00152191 -0.864771 1.67188 1.0922 -0.0139496 0.105928 1.17484 1.97686 2.01725 0.955119 1.90332 1.02637 2.03876 -0.399515
internal_weight=10800 7112 3688 1273 1672 1276 1174 2415 2293 670 1600 624 986 396
internal_count=10800 7112 3688 1273 1672 1276 1174 2415 2293 670 1600 624 986 396
is_linear=0
shrinkage=0.05


Tree=27
num_leaves=15
num_cat=0
split_feature=65 65 65 60 64 35 30 52 17 30 36 25 32 36
split_gain=5.64432e+06 639920 183504 39775 38622.6 28776.9 26430.1 21032.2 20387.5 18982.1 17994.5 22414.6 18454.1 15800.6
threshold=165.21005450000004 42.523274000000008 236.71232250000003 -0.8814490726585632 230.35291300000003 20.667187500000004 18.762500000000003 0.68322629814330837 61.075702236085867 19.012500000000003 25.173697916666672 103.64242086319869 22.512500000000003 26.654427083333335
decision_type=2 2 2 2 2 2 2 2 2 2 2 2 2 2
left_child=1 -1 4 8 7 -5 -4 9 -3 -2 12 -12 -8 -7
right_child=2 3 6 5 -6 13 10 -9 -10 -11 11 -13 -14 -15
leaf_value=-1.0699214913568564 0.22703462515771392 0.36192404471291562 1.3075786718540947 -0.44687598218493491 1.8448942112792386 0.0020105863294229425 1.9555027250824226 1.3032107124228278 1.5337785792905232 0.98161571566825323 3.255421200133207 2.1088608579746082 1.4288704734717683 0.92118486774211028
leaf_weight=5440 99 281 176 413 182 1020 1534 498 42 551 56 258 202 48
leaf_count=5440 99 281 176 413 182 1020 1534 498 42 551 56 258 202 48
internal_value=0.00149823 -0.799343 1.63268 0.0167309 1.1664 -0.0929931 1.91062 1.05732 0.518565 0.867213 1.96173 2.32303 1.89508 0.0441449
internal_weight=10800 7244 3556 1804 1330 1481 2226 1148 323 650 2050 314 1736 1068
internal_count=10800 7244 3556 1804 1330 1481 2226 1148 323 650 2050 314 1736 1068
is_linear=0
shrinkage=0.05


Tree=28
num_leaves=15
num_cat=0
split_feature=65 65 65 60 64 35 30 36 17 52 18 34 47 36
split_gain=5.09486e+06 577612 165641 35931.1 34894.4 25982 23885.5 18574.7 18456.8 17899 17043.5 19599.4 14828.7 14290.7
threshold=165.21005450000004 42.523274000000008 236.71232250000003 -0.8814490726585632 228.38420300000004 20.667187500000004 18.512500000000003 18.395963541666671 61.075702236085867 0.68322629814330837 45.201941791666677 22.328125000000004 77.768229166666671 26.654427083333335
decision_type=2 2 2 2 2 2 2 2 2 2 2 2 2 2
left_child=1 -1 4 8 7 -5 12 -2 -3 -9 11 -8 -4 -7
right_child=2 3 6 5 -6 13 10 9 -10 -11 -12 -13 -14 -15
leaf_value=-1.016435248710241 0.038182891814076171 0.34389201309994288 0.3721685884929285 -0.42458614736507477 1.7353666389981908 0.0019101549737633413 1.8686658411218016 0.86646163940705978 1.4588731061580571 1.2805461449044968 1.595682692888283 2.3900803292900457 1.4885819344293505 0.87606559140341622
leaf_weight=5440 48 281 40 413 191 1020 1340 626 42 465 495 226 125 48
leaf_count=5440 48 281 40 413 191 1020 1340 626 42 465 495 226 125 48
internal_value=0.00149607 -0.759367 1.55124 0.0159601 1.10824 -0.0883274 1.81532 1.00165 0.492929 1.04396 1.86222 1.94539 1.22181 0.0419808
internal_weight=10800 7244 3556 1804 1330 1481 2226 1139 323 1091 2061 1566 165 1068
internal_count=10800 7244 3556 1804 1330 1481 2226 1139 323 1091 2061 1566 165 1068
is_linear=0
shrinkage=0.05


Tree=29
num_leaves=15
num_cat=0
split_feature=65 65 65 60 64 31 20 30 52 17 30 36 25 32
split_gain=4.59876e+06 521566 149503 31667.6 31618.5 24304.3 23009.6 21560.9 17233.7 16708.9 16660.7 15535.3 20061.8 16440.5
threshold=165.21005450000004 63.145266500000005 236.71232250000003 -0.8814490726585632 230.35291300000003 24.812500000000004 267.01345100000009 18.762500000000003 0.68322629814330837 61.075702236085867 19.012500000000003 25.173697916666672 103.64242086319869 22.512500000000003
decision_type=2 2 2 2 2 2 2 2 2 2 2 2 2 2
left_child=1 -1 4 9 8 6 -5 -4 10 -3 -2 13 -13 -9
right_child=2 3 7 5 -6 -7 -8 11 -10 -11 -12 12 -14 -15
leaf_value=-0.96368501800501627 0.18284590471722187 0.32675838963498516 1.1800714175916662 -0.35949280892098845 1.6668594026500412 0.22496014606787643 0.18099803150489541 1.7660099613278231 1.1768592460181766 1.3876258010088012 0.88937925433578047 2.9850666815774485 1.9042457860409063 1.2705021835680079
leaf_weight=5462 99 281 176 736 182 455 268 1534 498 42 551 56 258 202
leaf_count=5462 99 281 176 736 182 455 268 1534 498 42 551 56 258 202
internal_value=0.00148087 -0.72139 1.47385 0.0213897 1.05298 -0.0778602 -0.215182 1.72472 0.954286 0.468561 0.782215 1.77089 2.10587 1.70912
internal_weight=10800 7244 3556 1782 1330 1459 1004 2226 1148 323 650 2050 314 1736
internal_count=10800 7244 3556 1782 1330 1459 1004 2226 1148 323 650 2050 314 1736
is_linear=0
shrinkage=0.05


Tree=30
num_leaves=15
num_cat=0
split_feature=65 65 65 60 64 25 36 36 17 8 18 40 24 64
split_gain=4.15108e+06 470989 134950 29283.6 28566.1 22433.4 19524.8 16359.9 15126.5 14973.6 14885.1 18751.1 25968.2 14146.4
threshold=165.21005450000004 42.523274000000008 236.71232250000003 -0.8814490726585632 230.35291300000003 104.19667212036495 20.338411458333336 18.395963541666671 61.075702236085867 258.65802250000007 45.201941791666677 82.875000000000014 290.03840000000008 203.89876950000004
decision_type=2 2 2 2 2 2 2 2 2 2 2 2 2 2
left_child=1 -1 4 8 7 -5 -4 -2 -3 -9 11 12 -8 -7
right_child=2 3 6 5 -6 13 10 9 -10 -11 -12 -13 -14 -15
leaf_value=-0.9174474530043879 0.003013803095233684 0.31047840221976558 1.2401984867128268 -0.22029976877635404 1.5839718460792402 0.016100075005361158 2.2478544691278111 1.0066783325682944 1.3198580513166827 0.37942110604986001 1.4426361615893089 1.6470420143580196 1.3596780349897302 0.58948224981968567
leaf_weight=5440 48 281 283 971 182 357 366 993 42 107 474 989 114 153
leaf_count=5440 48 281 283 971 182 357 366 993 42 107 474 989 114 153
internal_value=0.00147078 -0.685315 1.40034 0.0148042 1.00047 -0.0793436 1.63869 0.90667 0.445398 0.946063 1.69606 1.7768 2.04018 0.188932
internal_weight=10800 7244 3556 1804 1330 1481 2226 1148 323 1100 1943 1469 480 510
internal_count=10800 7244 3556 1804 1330 1481 2226 1148 323 1100 1943 1469 480 510
is_linear=0
shrinkage=0.05


Tree=31
num_leaves=15
num_cat=0
split_feature=65 65 65 36 48 17 45 35 52 29 25 48 18 29
split_gain=3.74691e+06 425145 121819 27702.3 26931.3 20931.7 22158.5 18412.2 16310.1 15796.3 15572.4 14679 13432.1 12863.3
threshold=165.21005450000004 63.145266500000005 236.71232250000003 20.874609375000002 9.1250000000000018 61.075702236085867 88.010416666666671 21.242708333333336 0.22695468355932452 21.612500000000004 100.05873108459177 4.1250000000000009 43.759879333333338 16.862500000000004
decision_type=2 2 2 2 2 2 2 2 2 2 2 2 2 2
left_child=1 -1 4 -3 11 6 8 12 -5 -6 -9 -2 13 -4
right_child=2 3 7 5 9 -7 -8 10 -10 -11 -12 -13 -14 -15
leaf_value=-0.86979682078493326 0.95474677508185923 -0.37713837873866052 0.81198947271879973 -0.0069511292464316463 0.49424931957849605 1.2039520618527435 -0.81774611784861639 2.1841630169219033 0.35612022051193976 1.059392378717027 1.6287844294675289 1.4051151712978027 1.0522849651674429 1.5478029101596449
leaf_weight=5462 451 352 67 833 373 42 64 162 491 187 814 319 212 971
leaf_count=5462 451 352 67 833 373 42 64 162 491 187 814 319 212 971
internal_value=0.00145284 -0.651042 1.33047 0.019574 0.950562 0.117422 0.0837008 1.55694 0.12786 0.684519 1.72311 1.14291 1.42591 1.50114
internal_weight=10800 7244 3556 1782 1330 1430 1388 2226 1324 560 976 770 1250 1038
internal_count=10800 7244 3556 1782 1330 1430 1388 2226 1324 560 976 770 1250 1038
is_linear=0
shrinkage=0.05


Tree=32
num_leaves=15
num_cat=0
split_feature=65 65 65 1 64 31 36 25 36 1 36 9 31 17
split_gain=3.38216e+06 384023 109948 25865.4 24465.4 18730.8 17113.1 17399.6 14761.3 14233.5 13966.2 13731.2 12564.1 10496.2
threshold=165.21005450000004 42.523274000000008 236.71232250000003 256.03719150000006 231.61522200000005 24.812500000000004 25.173697916666672 103.64242086319869 18.395963541666671 167.68715100000003 18.666666666666668 260.54473700000011 17.925000000000001 48.345515703555257
decision_type=2 2 2 2 2 2 2 2 2 2 2 2 2 2
left_child=1 -1 4 5 8 12 9 -8 -2 10 -4 -10 -3 -14
right_child=2 3 6 -5 -6 -7 7 -9 11 -11 -12 -13 13 -15
leaf_value=-0.82810164376055351 -0.039543826695607631 -0.97945965131123869 0.84935346342096441 0.35373305910085906 1.4535301512917558 0.18182246282268202 2.6435309677793271 1.6423107799876151 0.92380666293072167 0.62731363044345179 1.477691069601339 0.39790422787940871 -0.22077753240815723 0.42567269486539505
leaf_weight=5440 48 50 98 426 176 430 56 258 961 57 1757 145 831 67
leaf_count=5440 48 50 98 426 176 430 56 258 961 57 1757 145 831 67
internal_value=0.0014294 -0.618493 1.26411 0.013693 0.90318 -0.0916085 1.47925 1.8287 0.818059 1.42094 1.44497 0.855281 -0.215694 -0.172126
internal_weight=10800 7244 3556 1804 1330 1378 2226 314 1154 1912 1855 1106 948 898
internal_count=10800 7244 3556 1804 1330 1378 2226 314 1154 1912 1855 1106 948 898
is_linear=0
shrinkage=0.05


Tree=33
num_leaves=15
num_cat=0
split_feature=65 65 65 33 48 52 30 29 48 47 18 40 24 49
split_gain=3.0529e+06 346581 99249.5 24296 23016.8 22555.5 15669.9 13892.9 12944.8 12737.3 12686.7 15591.7 21213.8 12891.3
threshold=165.21005450000004 42.523274000000008 236.71232250000003 21.065625000000004 9.1250000000000018 0.22695468355932452 18.512500000000003 21.612500000000004 4.1250000000000009 77.768229166666671 45.999148000000012 82.875000000000014 290.03840000000008 3.5000000000000004
decision_type=2 2 2 2 2 2 2 2 2 2 2 2 2 2
left_child=1 -1 4 -3 8 -5 9 -6 -2 -4 11 12 -8 -13
right_child=2 3 6 5 7 -7 10 -9 -10 -11 -12 13 -14 -15
leaf_value=-0.78670414800351218 0.85946110597496395 -0.27501855859481117 0.14462863735672904 -0.022936924929575372 0.43397455320427103 0.41708483003563307 1.9281884166690493 0.96369506350936407 1.2818930090323557 1.172702369803474 1.2124202577913568 1.4773446398069221 1.1356743890663672 0.985000500127584
leaf_weight=5440 451 520 40 839 373 445 387 187 319 125 486 907 115 166
leaf_count=5440 451 520 40 839 373 445 387 187 319 125 486 907 115 166
internal_value=0.00139918 -0.587576 1.20104 0.0130017 0.858124 0.129769 1.40545 0.612266 1.0359 0.925845 1.44338 1.51383 1.74926 1.40216
internal_weight=10800 7244 3556 1804 1330 1284 2226 560 770 165 2061 1575 502 1073
internal_count=10800 7244 3556 1804 1330 1284 2226 560 770 165 2061 1575 502 1073
is_linear=0
shrinkage=0.05


Tree=34
num_leaves=15
num_cat=0
split_feature=65 65 65 32 64 52 35 52 65 30 25 36 8 46
split_gain=2.75579e+06 313174 89589.1 21255 20922.8 18228.5 15322.6 14529.6 13649.7 13613.4 13436 13271.4 12211.6 11632
threshold=165.21005450000004 77.844594000000015 236.71232250000003 19.812500000000004 231.61522200000005 0.25881904510252091 21.242708333333336 0.88144907265856365 24.000000000000004 21.487500000000004 100.05873108459177 18.395963541666671 258.65802250000007 80.572916666666671
decision_type=2 2 2 2 2 2 2 2 2 2 2 2 2 2
left_child=1 8 4 -3 11 9 -4 -7 -1 -5 13 -2 -13 -8
right_child=2 3 6 5 -6 7 10 -9 -10 -11 -12 12 -14 -15
leaf_value=-0.77275992682677586 -0.075758111615646259 -0.46979278680863301 1.2162173935364811 -0.21651040266034169 1.3241553533817036 0.44306234300247066 2.547539788372112 -0.19595367860387672 -0.5585223683167444 0.17020737272817818 1.3994665965822704 0.82663346076926292 0.26387106929008569 1.5925345489570688
leaf_weight=4672 48 180 1250 485 176 471 52 109 900 427 814 998 108 110
leaf_count=4672 48 180 1250 485 176 471 52 109 900 427 814 998 108 110
internal_value=0.0013798 -0.558202 1.14115 0.0419383 0.815351 0.103949 1.33536 0.322841 -0.738262 -0.0354604 1.48655 0.736672 0.771968 1.91283
internal_weight=10800 7244 3556 1672 1330 1492 2226 580 5572 912 976 1154 1106 162
internal_count=10800 7244 3556 1672 1330 1492 2226 580 5572 912 976 1154 1106 162
is_linear=0
shrinkage=0.05


Tree=35
num_leaves=15
num_cat=0
split_feature=65 65 65 1 48 31 36 25 35 1 65 36 48 37
split_gain=2.48753e+06 283349 80875.1 22632.7 19728.9 15303.5 14259.9 14561.7 12640.5 12312.6 12036.2 11471.3 11399.5 10326.1
threshold=165.21005450000004 28.000000000000004 236.71232250000003 256.03719150000006 9.1250000000000018 24.212500000000002 25.173697916666672 103.64242086319869 19.577083333333338 167.68715100000003 90.727547000000001 18.666666666666668 4.1250000000000009 54.875000000000007
decision_type=2 2 2 2 2 2 2 2 2 2 2 2 2 2
left_child=1 -1 4 5 12 -3 9 -8 -6 11 -7 -4 -2 -5
right_child=2 3 6 13 8 10 7 -9 -10 -11 -12 -13 -14 -15
leaf_value=-0.71460479004178679 0.77386829994229478 -0.21519350372795035 0.69986579132576787 0.80292264372110367 0.086481363255874966 -0.26510944002783382 2.329871828514233 1.4172080948661194 0.66964228608777943 0.48067288456548907 0.27496439526196459 1.2676134439768001 1.1698630484746537 0.19403595802867238
leaf_weight=5376 451 930 98 87 118 142 56 258 442 57 370 1757 319 339
leaf_count=5376 451 930 98 87 118 142 56 258 442 57 370 1757 319 339
internal_value=0.00134549 -0.530303 1.08422 0.00020621 0.774671 -0.0944172 1.26874 1.58686 0.547135 1.2157 0.124953 1.23801 0.939228 0.319975
internal_weight=10800 7244 3556 1868 1330 1442 2226 314 560 1912 512 1855 770 426
internal_count=10800 7244 3556 1868 1330 1442 2226 314 560 1912 512 1855 770 426
is_linear=0
shrinkage=0.05


Tree=36
num_leaves=15
num_cat=0
split_feature=65 65 65 36 61 16 9 36 47 26 8 22 25 52
split_gain=2.24643e+06 228238 93267.3 22864.5 19734.2 22610.4 18782.1 15799.4 15285.7 14633.2 14508.3 13307.2 12515.5 12025.8
threshold=147.25452700000002 28.000000000000004 221.91032300000003 20.302864583333335 -0.9733555533461492 267.06350950000007 203.33791900000003 25.307031250000005 78.065104166666671 21.612500000000004 258.65802250000007 143.91240567187504 104.19667212036495 0.88144907265856365
decision_type=2 2 2 2 2 2 2 2 2 2 2 2 2 2
left_child=1 -1 3 8 -3 12 9 10 -2 13 -5 -9 -6 -4
right_child=2 4 6 7 5 -7 -8 11 -10 -11 -12 -13 -14 -15
leaf_value=-0.67888116848963176 -0.58394953627829194 0.68513878734504929 0.9635907535515198 0.72744472763626522 -0.25528590423267117 0.29429599192246036 0.4844735541186917 1.9653858273528344 0.422909314783942 1.3982605116593012 0.10136187314846606 0.90126597998298219 0.089087745904217697 1.2428910425126738
leaf_weight=5376 53 93 704 801 921 353 95 42 124 726 105 106 369 932
leaf_count=5376 53 93 704 801 921 353 95 42 124 726 105 106 369 932
internal_value=0.00131977 -0.517949 1.00256 0.646455 -0.0194746 -0.0597508 1.18063 0.734694 0.119834 1.20841 0.655077 1.21441 -0.156786 1.12337
internal_weight=10800 7112 3688 1231 1736 1643 2457 1054 177 2362 906 148 1290 1636
internal_count=10800 7112 3688 1231 1736 1643 2457 1054 177 2362 906 148 1290 1636
is_linear=0
shrinkage=0.05


Tree=37
num_leaves=15
num_cat=0
split_feature=65 65 65 17 35 36 64 22 36 31 18 40 24 49
split_gain=2.02836e+06 231508 66033.6 19557 17744.4 17425 14392.9 12911.1 12704.4 11349.2 10978.5 13298.8 21738.3 11973.6
threshold=165.21005450000004 77.844594000000015 236.71232250000003 61.075702236085867 19.669270833333336 22.950130208333338 262.77837700000003 135.28062036979171 20.338411458333336 22.262500000000003 50.127245479166682 82.875000000000014 290.03840000000008 3.5000000000000004
decision_type=2 2 2 2 2 2 2 2 2 2 2 2 2 2
left_child=1 -1 5 4 -3 -2 7 -7 -4 -9 11 12 -10 -13
right_child=2 3 8 -5 -6 6 -8 9 10 -11 -12 13 -14 -15
leaf_value=-0.63360269235052835 0.52609779742413332 -0.36708683293651451 0.82658035408862895 1.0427086618035399 0.080749411601197696 1.2647440549246101 1.7303173243999481 -0.010370482818689198 1.6508568348502621 0.78076788044254775 0.94843275295451412 1.2219256865238275 0.8728793544497917 0.75235706261144242
leaf_weight=5572 699 263 283 46 1363 128 47 51 386 405 390 877 122 168
leaf_count=5572 699 263 283 46 1363 128 47 51 386 405 390 877 122 168
internal_value=0.00128968 -0.478789 0.979128 0.0372018 0.00813231 0.69942 0.890284 0.819837 1.14586 0.692456 1.19191 1.25241 1.4661 1.14723
internal_weight=10800 7244 3556 1672 1626 1330 631 584 2226 456 1943 1553 508 1045
internal_count=10800 7244 3556 1672 1626 1330 631 584 2226 456 1943 1553 508 1045
is_linear=0
shrinkage=0.05


Tree=38
num_leaves=15
num_cat=0
split_feature=65 65 65 17 10 48 25 29 31 30 65 48 31 32
split_gain=1.83098e+06 209354 59589.4 18920.9 18068.4 16385.5 13757 11775.7 13128 10642.9 10631.6 10070.3 9982.96 9541.98
threshold=165.21005450000004 28.000000000000004 236.71232250000003 61.075702236085867 263.43669387500006 9.1250000000000018 104.19667212036495 20.712500000000002 22.112500000000004 21.612500000000004 90.727547000000001 4.1250000000000009 17.925000000000001 22.012500000000003
decision_type=2 2 2 2 2 2 2 2 2 2 2 2 2 2
left_child=1 -1 5 4 6 11 12 -4 -9 -7 -8 -2 -3 -10
right_child=2 3 7 -5 -6 9 10 8 13 -11 -12 -13 -14 -15
leaf_value=-0.61326918372306238 0.65951767651141679 -0.86373468006358434 0.95009587539997775 0.99168249969469757 0.41191155870578122 0.24505612092285323 -0.19986673985476511 1.7853064258446854 1.2328022189024423 0.68215720786110445 0.28962049094114412 1.0308791024363018 -0.147016875858273 0.91302370982634473
leaf_weight=5376 451 50 932 46 209 289 162 88 863 271 347 319 1054 343
leaf_count=5376 451 50 932 46 209 289 162 88 863 271 347 319 1054 343
internal_value=0.00127468 -0.454849 0.93032 0.00115938 -0.0243786 0.66461 -0.0811299 1.08871 1.18773 0.457421 0.133744 0.814505 -0.180229 1.14269
internal_weight=10800 7244 3556 1868 1822 1330 1613 2226 1294 560 509 770 1104 1206
internal_count=10800 7244 3556 1868 1822 1330 1613 2226 1294 560 509 770 1104 1206
is_linear=0
shrinkage=0.05


Tree=39
num_leaves=15
num_cat=0
split_feature=65 65 65 64 17 30 32 29 52 35 65 46 32 22
split_gain=1.65273e+06 189132 53855.8 16438.8 15978.8 15598.1 12239.7 12005.3 11393.2 11323.1 10420.5 9799.64 19063.7 10198.8
threshold=165.21005450000004 77.844594000000015 238.36019300000004 226.75070750000003 61.075702236085867 21.112500000000004 21.212500000000002 22.812500000000004 0.84874750804349197 22.955208333333335 24.000000000000004 83.005208333333357 21.387500000000003 135.9634828697917
decision_type=2 2 2 2 2 2 2 2 2 2 2 2 2 2
left_child=1 10 3 9 5 -3 -7 8 -4 -2 -1 13 -13 -10
right_child=2 4 7 -5 -6 6 -8 -9 11 -11 -12 12 -14 -15
leaf_value=-0.60214057594199732 0.49280779043319412 -0.133640689399455 0.82400033603362344 1.0226869200195734 0.94315336936331817 -0.099048487413888692 0.32628375005751803 1.2933619912323135 1.6040267782391244 0.94080125839410433 -0.41526728326022688 1.0853508983790823 0.37295264030098108 1.0707862408629085
leaf_weight=4672 975 885 713 231 46 260 481 390 158 166 900 571 114 238
leaf_count=4672 975 885 713 231 46 260 481 390 158 166 900 571 114 238
internal_value=0.00124504 -0.432108 0.88391 0.637551 0.0342736 0.00799721 0.177112 1.03831 0.982175 0.558752 -0.572036 1.08565 0.967508 1.28705
internal_weight=10800 7244 3556 1372 1672 1626 741 2184 1794 1141 5572 1081 685 396
internal_count=10800 7244 3556 1372 1672 1626 741 2184 1794 1141 5572 1081 685 396
is_linear=0
shrinkage=0.05


Tree=40
num_leaves=15
num_cat=0
split_feature=65 65 48 52 33 1 46 25 32 64 48 52 52 46
split_gain=1.49188e+06 171135 49810.6 22661.7 19112.5 16328.2 12674.8 12885.7 16505.6 12618.8 12485.7 12033.8 13626 10619.7
threshold=165.21005450000004 28.000000000000004 9.1250000000000018 0.88144907265856365 22.934375000000003 255.57108200000002 82.807291666666671 105.41375802674405 21.012500000000003 239.99924150000004 4.1250000000000009 -0.41248606129204551 -0.35206144883412566 88.963541666666671
decision_type=2 2 2 2 2 2 2 2 2 2 2 2 2 2
left_child=1 -1 3 4 9 10 7 8 -5 -2 -3 -12 -13 -14
right_child=2 5 -4 6 -6 -7 -8 -9 -10 -11 11 12 13 -15
leaf_value=-0.55373337021853064 0.6138492182986478 0.22384915126582783 0.4059739420817976 1.3100449114375645 1.1890763238179598 0.26933163968778001 0.96288875908186555 1.0058006533678028 2.3080050341014204 0.91119064418507412 0.44062427666038273 -0.81906322636354112 -0.098328861703791126 -0.72097417212821346
leaf_weight=5376 895 273 560 179 277 436 773 206 57 609 79 80 927 73
leaf_count=5376 895 273 560 179 277 436 773 206 57 609 79 80 927 73
internal_value=0.00122318 -0.410502 0.839837 0.92077 0.80606 0.00178552 1.08812 1.30445 1.5598 0.734774 -0.0798052 -0.151462 -0.195139 -0.144457
internal_weight=10800 7244 3556 2996 1781 1868 1215 442 236 1504 1432 1159 1080 1000
internal_count=10800 7244 3556 2996 1781 1868 1215 442 236 1504 1432 1159 1080 1000
is_linear=0
shrinkage=0.05


Tree=41
num_leaves=15
num_cat=0
split_feature=65 65 65 36 53 57 8 61 36 31 32 27 22 22
split_gain=1.34761e+06 100939 87070.7 22912.2 16450.7 18365 16333.7 15520.5 14507.1 22587 13759.1 12880.8 11935.9 11108.3
threshold=127.67835750000002 28.000000000000004 217.19465950000003 25.307031250000005 -0.88144907265856332 4.5000000000000009 197.46853500000003 -0.9733555533461492 23.063020833333336 22.162500000000005 22.012500000000003 26.237500000000004 143.52257702604172 148.4124377447917
decision_type=2 2 2 2 2 2 2 2 2 2 2 2 2 2
left_child=1 -1 3 4 -2 -6 8 -3 -4 -10 13 -9 -5 -11
right_child=2 7 6 12 5 -7 -8 11 9 10 -12 -13 -14 -15
leaf_value=-0.52605182803074002 -6.6761250250545662e-05 0.7554160327242132 0.82022977512597939 1.6473304865208078 0.51286904261947741 -0.17745548505336048 0.27892619433379412 -0.16886279265713874 2.1761001629299588 1.2134997907921532 0.76361807688872996 0.19827696009245763 0.70440897918839496 0.52103871418468983
leaf_weight=5376 265 56 1312 46 928 107 100 1065 44 641 357 307 130 66
leaf_count=5376 265 56 1312 46 928 107 100 1065 44 641 357 307 130 66
internal_value=0.00119652 -0.426813 0.729893 0.424492 0.351478 0.4414 0.908532 -0.0530999 0.934423 1.06878 1.02099 -0.0866267 0.958769 1.14968
internal_weight=10800 6804 3996 1476 1300 1035 2520 1428 2420 1108 1064 1372 176 707
internal_count=10800 6804 3996 1476 1300 1035 2520 1428 2420 1108 1064 1372 176 707
is_linear=0
shrinkage=0.05


Tree=42
num_leaves=15
num_cat=0
split_feature=65 65 65 36 53 8 51 61 36 31 32 36 27 36
split_gain=1.21645e+06 91111 78589.3 21245.5 14764.2 14739.9 14422.6 14030.4 13113 20471.9 12418.6 12004.4 11627.6 11059.8
threshold=127.67835750000002 28.000000000000004 217.19465950000003 20.610677083333339 -0.88144907265856332 197.46853500000003 2.5000000000000004 -0.9733555533461492 23.063020833333336 22.162500000000005 22.012500000000003 18.395963541666671 26.237500000000004 25.307031250000005
decision_type=2 2 2 2 2 2 2 2 2 2 2 2 2 2
left_child=1 -1 3 6 -5 8 -2 -3 -4 -10 -11 -8 -9 -6
right_child=2 7 5 4 13 -7 11 12 9 10 -12 -13 -14 -15
leaf_value=-0.49975414364803944 -0.68585405806700395 0.71830786194717677 0.77924952198850939 0.13692554104212326 0.50522122347442133 0.26511796202399945 -0.48004441964626321 -0.16042757218591799 2.0697130325105455 1.0923225495527566 0.72554382044176824 0.41079883166612724 0.18839529783210973 0.97592148518552324
leaf_weight=5376 59 56 1312 237 828 100 49 1065 44 707 357 155 307 148
leaf_count=5376 59 56 1312 237 828 100 49 1065 44 707 357 155 307 148
internal_value=0.00117705 -0.40547 0.693505 0.403358 0.491622 0.86322 -0.00404866 -0.0504174 0.887815 1.01555 0.970055 0.195524 -0.0822943 0.577524
internal_weight=10800 6804 3996 1476 1213 2520 263 1428 2420 1108 1064 204 1372 976
internal_count=10800 6804 3996 1476 1213 2520 263 1428 2420 1108 1064 204 1372 976
is_linear=0
shrinkage=0.05


Tree=43
num_leaves=15
num_cat=0
split_feature=65 65 65 30 9 61 52 49 34 33 53 17 46 22
split_gain=1.09799e+06 82239.5 71099.7 18928.5 12719.6 12683.4 12240.6 14583.9 11697.6 10837.2 10670.6 10086.5 9381.98 17415.9
threshold=127.67835750000002 28.000000000000004 221.91032300000003 21.812500000000004 203.33791900000003 -0.9733555533461492 0.47114434510950087 4.5000000000000009 17.001041666666669 20.940625000000004 0.38268343236508956 67.804243861436248 82.005208333333357 135.9634828697917
decision_type=2 2 2 2 2 2 2 2 2 2 2 2 2 2
left_child=1 -1 3 6 8 -3 -2 -8 -4 -7 12 -5 13 -10
right_child=2 5 4 11 -6 9 7 -9 10 -11 -12 -13 -14 -15
leaf_value=-0.47477104863824293 -0.0040024319430813195 0.6830225731197157 0.3261056738666126 0.51093394833681971 0.25530027460384497 -0.32160317404494343 0.45775060249439314 -0.44599689658807251 1.7916798029856016 0.0028814244746193508 0.76210938794431327 1.0543491907345439 0.88006608616725046 0.98659258343743328
leaf_weight=5376 322 56 104 543 95 342 524 48 92 1030 1130 102 764 272
leaf_count=5376 322 56 104 543 95 342 524 48 92 1030 1130 102 764 272
internal_value=0.00114618 -0.385195 0.658902 0.392025 0.825839 -0.0478704 0.242651 0.381266 0.848668 -0.0781785 0.872582 0.598368 0.982477 1.19443
internal_weight=10800 6804 3996 1539 2457 1428 894 572 2362 1372 2258 645 1128 364
internal_count=10800 6804 3996 1539 2457 1428 894 572 2362 1372 2258 645 1128 364
is_linear=0
shrinkage=0.05


Tree=44
num_leaves=15
num_cat=0
split_feature=65 65 65 36 53 57 22 52 61 26 30 46 25 32
split_gain=991105 74227.5 64183.2 17562.1 13258.8 15247.8 11619.1 11556 11466.1 10196.2 10069.1 9913.56 10639.8 13363.4
threshold=127.67835750000002 28.000000000000004 221.91032300000003 25.307031250000005 -0.88144907265856332 4.5000000000000009 143.52257702604172 0.88144907265856365 -0.9733555533461492 26.237500000000004 19.762500000000003 82.807291666666671 105.41375802674405 21.012500000000003
decision_type=2 2 2 2 2 2 2 2 2 2 2 2 2 2
left_child=1 -1 3 4 -2 -6 -5 10 -3 -10 -4 12 13 -9
right_child=2 8 7 6 5 -7 -8 11 9 -11 -12 -13 -14 -15
leaf_value=-0.45103693304617032 -0.0064358747900372607 0.64947058694404469 0.34151554943936085 1.5080579722921055 0.44892859912496252 -0.17797107336766743 0.58877212282368974 1.0936595995248193 -0.15172937684701415 0.16519933257784164 0.73713994683640172 0.78465155274547083 0.8159187120084026 1.9886467329387008
leaf_weight=5376 265 56 193 47 989 107 131 179 1037 335 1049 773 206 57
leaf_count=5376 265 56 193 47 989 107 131 179 1037 335 1049 773 206 57
internal_value=0.00111878 -0.365936 0.626039 0.372475 0.310945 0.387619 0.838574 0.784649 -0.0454642 -0.0742812 0.675986 0.895079 1.08599 1.3173
internal_weight=10800 6804 3996 1539 1361 1096 178 2457 1428 1372 1242 1215 442 236
internal_count=10800 6804 3996 1539 1361 1096 178 2457 1428 1372 1242 1215 442 236
is_linear=0
shrinkage=0.05


Tree=45
num_leaves=15
num_cat=0
split_feature=65 65 65 36 8 51 36 36 24 49 51 30 61 22
split_gain=894662 66999.8 58038.9 17602.6 12319.6 12014.4 11323.1 10813 10775.2 21424.7 11342 10494.9 10365.3 9861.01
threshold=127.67835750000002 28.000000000000004 217.19465950000003 20.610677083333339 197.46853500000003 2.5000000000000004 25.307031250000005 18.395963541666671 277.75656700000008 3.5000000000000004 2.5000000000000004 16.862500000000004 -0.9733555533461492 143.52257702604172
decision_type=2 2 2 2 2 2 2 2 2 2 2 2 2 2
left_child=1 -1 3 5 8 -2 -5 -7 9 11 -11 -4 -3 -8
right_child=2 12 4 6 -6 7 13 -9 -10 10 -12 -13 -14 -15
leaf_value=-0.42848925995786813 -0.64747062568863234 0.61756676351814943 0.007004460562830387 0.36225716666464725 0.19455316179976015 -0.48394132661819467 1.4210397041858511 0.36138995838685872 0.91434718572588047 0.44966288314041636 -0.35343215880134415 0.78323878018193704 -0.070566672395754718 0.56609040892812723
leaf_weight=5376 59 56 45 1037 100 49 46 155 801 151 61 1362 1372 130
leaf_count=5376 59 56 45 1037 100 49 46 155 801 151 61 1362 1372 130
internal_value=0.00110144 -0.347638 0.594839 0.345498 0.740686 -0.0252594 0.42584 0.156974 0.763164 0.687847 0.218009 0.758435 -0.0431678 0.796309
internal_weight=10800 6804 3996 1476 2520 263 1213 204 2420 1619 212 1407 1428 176
internal_count=10800 6804 3996 1476 2520 263 1213 204 2420 1619 212 1407 1428 176
is_linear=0
shrinkage=0.05


Tree=46
num_leaves=15
num_cat=0
split_feature=65 65 48 30 37 52 33 42 36 46 43 25 32 30
split_gain=807901 94116.4 31396.3 14063.4 13912.8 13722.1 14433.7 9613.37 9021.67 8616.07 9765.97 9133.44 13092.9 8522.07
threshold=165.21005450000004 82.382441500000013 9.1250000000000018 21.112500000000004 54.875000000000007 0.88144907265856365 22.934375000000003 83.875000000000014 18.790104166666669 82.848958333333357 82.625000000000014 105.41375802674405 20.987500000000004 21.962500000000002
decision_type=2 2 2 2 2 2 2 2 2 2 2 2 2 2
left_child=1 -1 5 8 -5 6 -2 -6 -3 11 -11 12 -7 -12
right_child=2 3 -4 4 7 9 -8 -9 -10 10 13 -13 -14 -15
leaf_value=-0.39724767294576968 0.53147188272686108 -0.7405860489489986 0.27388605615107509 0.77096115533024712 0.06328618186448931 0.94554590921210979 0.92552052051257749 0.83861292295677714 -0.055240098687880948 0.35496061140904206 0.70896062208820887 0.73029838542719405 1.744120488394248 1.2106588039758073
leaf_weight=5660 1504 50 560 93 573 180 277 42 826 159 490 206 75 105
leaf_count=5660 1504 50 560 93 573 180 277 42 826 159 490 206 75 105
internal_value=0.00106345 -0.301921 0.61819 0.0387404 0.204312 0.682433 0.593243 0.117511 -0.0951579 0.812576 0.706256 0.984564 1.18632 0.799378
internal_weight=10800 7244 3556 1584 708 2996 1781 615 876 1215 754 461 255 595
internal_count=10800 7244 3556 1584 708 2996 1781 615 876 1215 754 461 255 595
is_linear=0
shrinkage=0.05


Tree=47
num_leaves=15
num_cat=0
split_feature=65 65 65 24 24 57 36 52 61 45 30 47 18 34
split_gain=730824 54713.6 47273.3 16341.6 24435 21957.1 13760.7 10047.8 9289.97 9144.05 8962.03 10564.2 7747.83 8273.33
threshold=127.67835750000002 28.000000000000004 238.36019300000004 278.56941200000006 318.1844445000001 3.5000000000000004 18.395963541666671 0.68322629814330837 -0.9733555533461492 88.343750000000014 18.762500000000003 77.768229166666671 50.127245479166682 22.328125000000004
decision_type=2 2 2 2 2 2 2 2 2 2 2 2 2 2
left_child=1 -1 3 5 -5 6 -2 -8 -3 -10 11 -4 13 -12
right_child=2 8 10 4 -6 -7 7 -9 9 -11 12 -13 -14 -15
leaf_value=-0.38721012983132369 -0.3777045207879236 0.58651267415598818 -0.32641417655077848 0.69498747968875374 -0.20506031664737157 -0.1986928415513195 0.26928807191257248 0.61367567549179114 -0.024993484184306348 -0.48190616469054171 0.72356148610888027 0.56857020817280046 0.52127308183469079 1.0413243167251947
leaf_weight=5376 61 56 43 510 88 228 594 331 1253 119 1371 133 389 248
leaf_count=5376 61 56 43 510 88 228 594 331 1253 119 1371 133 389 248
internal_value=0.00104687 -0.314147 0.537672 0.348559 0.562418 0.242838 0.345034 0.393053 -0.0390058 -0.0649458 0.694343 0.3493 0.724397 0.772849
internal_weight=10800 6804 3996 1812 598 1214 986 925 1428 1372 2184 176 2008 1619
internal_count=10800 6804 3996 1812 598 1214 986 925 1428 1372 2184 176 2008 1619
is_linear=0
shrinkage=0.05


Tree=48
num_leaves=15
num_cat=0
split_feature=65 65 65 24 25 57 36 61 36 22 21 8 36 25
split_gain=660026 54379 38622.2 14873.9 23101.8 20357.1 12344.2 9068.27 8968.62 10314.8 8464.8 8373.69 8263.44 10730.1
threshold=132.38898100000003 77.844594000000015 236.71232250000003 278.56941200000006 110.83558801624868 3.5000000000000004 18.395963541666671 -0.9733555533461492 24.627343750000005 142.02304463541671 97.61190750032732 255.20086750000004 25.21510416666667 103.64242086319869
decision_type=2 2 2 2 2 2 2 2 2 2 2 2 2 2
left_child=1 -1 3 5 -5 6 -2 -3 10 -10 -9 -8 -4 -14
right_child=2 7 12 4 -6 -7 11 8 9 -11 -12 -13 13 -15
leaf_value=-0.3616643320057169 -0.35680189572396825 0.57112687891492475 0.61778489826005201 0.71777849461917487 -0.083754874007335223 -0.22459066889843152 0.44012897529851974 -0.15919559318322823 0.87425395378470427 0.072858701732678763 0.26515239758745718 -0.017444620628295274 1.5473870542314319 0.75851938557252296
leaf_weight=5572 60 64 1924 435 113 198 761 867 49 205 135 115 53 249
leaf_count=5572 60 64 1924 435 113 198 761 867 49 205 135 115 53 249
internal_value=0.0010085 -0.293317 0.520011 0.338859 0.552647 0.235151 0.33254 -0.00475111 -0.0345262 0.230281 -0.101816 0.380108 0.656679 0.901613
internal_weight=10800 6892 3908 1682 548 1134 936 1320 1256 254 1002 876 2226 302
internal_count=10800 6892 3908 1682 548 1134 936 1320 1256 254 1002 876 2226 302
is_linear=0
shrinkage=0.05


Tree=49
num_leaves=15
num_cat=0
split_feature=65 65 65 36 43 36 31 53 47 52 52 16 26 62
split_gain=595727 49480.4 35077.3 12702.1 10771.2 11138.6 15014.9 9284.22 9167.95 8904.07 9441.63 10156 7921.64 7437.74
threshold=132.38898100000003 28.000000000000004 217.19465950000003 20.610677083333339 72.625000000000014 23.063020833333336 22.012500000000003 -0.88144907265856332 78.065104166666671 0.097964660725097366 -0.41248606129204551 272.70666550000004 24.962500000000002 1.0000000180025095e-35
decision_type=2 2 2 2 2 2 2 2 2 2 2 2 2 2
left_child=1 -1 3 8 -4 13 -7 -5 -2 10 -3 -12 -9 -6
right_child=2 9 4 7 5 6 -8 12 -10 -11 11 -13 -14 -15
leaf_value=-0.34977334270651111 -0.40612931816716391 0.43848617465207074 0.24362151167123855 0.042047032475238666 0.37885443454656259 1.6597806322574618 0.71816621169413053 0.38347057104810006 0.21299774893713708 0.10758159889689684 -0.27278599005165655 0.1894875647614197 0.92458827507656971 0.62768360053861549
leaf_weight=5376 98 65 192 189 475 44 961 878 150 682 623 146 73 848
leaf_count=5376 98 65 192 189 475 44 961 878 150 682 623 146 73 848
internal_value=0.000979659 -0.278642 0.494054 0.29189 0.605245 0.634952 0.761 0.362383 -0.0323058 -0.0263319 -0.135837 -0.184888 0.425935 0.538699
internal_weight=10800 6892 3908 1388 2520 2328 1005 1140 248 1516 834 769 951 1323
internal_count=10800 6892 3908 1388 2520 2328 1005 1140 248 1516 834 769 951 1323
is_linear=0
shrinkage=0.05


Tree=50
num_leaves=15
num_cat=0
split_feature=65 65 65 13 30 30 42 30 47 22 65 37 18 34
split_gain=537732 44868 31988.8 12217.1 12377 10609.3 10252.9 7810.7 9314.71 7680.18 7438.21 7080.87 6863.14 6840.56
threshold=132.38898100000003 82.382441500000013 238.36019300000004 35.787237843658509 21.762500000000003 21.112500000000004 84.125000000000014 18.512500000000003 77.768229166666671 150.94637326562503 24.000000000000004 54.375000000000007 50.127245479166682 22.328125000000004
decision_type=2 2 2 2 2 2 2 2 2 2 2 2 2 2
left_child=1 10 3 4 -2 -3 9 8 -4 11 -1 -7 13 -9
right_child=2 5 7 -5 -6 6 -8 12 -10 -11 -12 -13 -14 -15
leaf_value=-0.35060077832950765 0.13645121896825299 -0.13001395509093314 -0.39358626545929332 0.70331695817612028 0.42103202376265964 0.55545465730387589 0.86381432861089713 0.62445145496594856 0.47533173382518784 0.66611824499236216 -0.19923879589115179 -0.033435423766861851 0.43274804162816749 0.91283418882084666
leaf_weight=4672 861 650 40 175 688 57 47 1382 125 53 988 425 389 248
leaf_count=4672 861 650 40 175 688 57 47 1382 125 53 988 425 389 248
internal_value=0.000953341 -0.264709 0.469413 0.308114 0.26304 0.00873258 0.163647 0.596539 0.263583 0.10064 -0.324219 0.0372109 0.623606 0.668861
internal_weight=10800 6892 3908 1724 1549 1232 582 2184 165 535 5660 482 2019 1630
internal_count=10800 6892 3908 1724 1549 1232 582 2184 165 535 5660 482 2019 1630
is_linear=0
shrinkage=0.05


Tree=51
num_leaves=15
num_cat=0
split_feature=65 65 48 34 48 46 22 43 56 37 28 30 36 36
split_gain=486308 56705.4 21082.8 13919.3 10075.9 9992.98 21326.4 17797.2 9291.74 10578.6 8914.85 8213.81 11061.6 11009.1
threshold=165.21005450000004 86.489938500000008 9.1250000000000018 19.917708333333337 4.3750000000000009 81.093750000000014 135.9634828697917 82.625000000000014 19.875000000000004 52.625000000000007 22.987500000000004 21.937500000000004 21.325911458333337 20.649218750000006
decision_type=2 2 2 2 2 2 2 2 2 2 2 2 2 2
left_child=1 -1 4 -3 10 6 -6 -7 -5 -10 -2 12 13 -9
right_child=2 3 -4 8 5 7 -8 11 9 -11 -12 -13 -14 -15
leaf_value=-0.3054990548816095 0.37679532684511563 -0.31511872115269179 0.19766078384783214 0.21828726240183 1.5598535716715383 0.23429526428155825 0.65016523072961718 0.52890554374377985 0.38862745891202177 -0.17120590721569723 0.69241699766514553 1.0152410814679902 0.38107455733814277 1.099136465816003
leaf_weight=5748 1179 232 560 746 81 329 319 189 105 413 278 144 319 158
leaf_count=5748 1179 232 560 746 81 329 319 189 105 413 278 144 319 158
internal_value=0.00092737 -0.234142 0.479724 0.0400489 0.532362 0.621875 0.837808 0.545374 0.105435 -0.057196 0.43745 0.671281 0.5955 0.790962
internal_weight=10800 7244 3556 1496 2996 1539 400 1139 1264 518 1457 810 666 347
internal_count=10800 7244 3556 1496 2996 1539 400 1139 1264 518 1457 810 666 347
is_linear=0
shrinkage=0.05


Tree=52
num_leaves=15
num_cat=0
split_feature=65 65 48 32 30 46 47 48 25 24 25 32 25 46
split_gain=439017 51191.5 19038.1 10579.4 9608.19 10373.2 10276.8 9369.75 9077.74 9439.96 13498.9 17214.2 10602.3 8100.15
threshold=165.21005450000004 82.382441500000013 9.1250000000000018 19.812500000000004 18.912500000000005 91.739583333333357 77.768229166666671 4.6250000000000009 110.55984742745123 277.75656700000008 99.646896319244817 20.762500000000003 105.16358070881857 82.078125000000014
decision_type=2 2 2 2 2 2 2 2 2 2 2 2 2 2
left_child=1 -1 4 -3 6 7 -2 -6 9 10 13 -12 -11 -9
right_child=2 3 -4 -5 5 -7 -8 8 -10 12 11 -13 -14 -15
leaf_value=-0.29274079553721083 -0.33255429775454104 -0.35147757160977078 0.18779536135720487 0.072641195676324863 0.45761468812665973 -0.19043797015079433 0.38877772075837536 1.258558580069475 0.16308031656738858 1.2413810401723007 0.77611583151679109 0.053486732671882746 0.68933975966683791 0.66820804674385326
leaf_weight=5660 63 163 560 1421 1397 48 217 70 91 137 137 205 254 377
leaf_count=5660 63 163 560 1421 1397 48 217 70 91 137 137 205 254 377
internal_value=0.000911315 -0.222436 0.455832 0.0288034 0.505853 0.534623 0.225872 0.547735 0.646351 0.68345 0.582358 0.34438 0.885439 0.76326
internal_weight=10800 7244 3556 1584 2996 2716 280 2668 1271 1180 789 342 391 447
internal_count=10800 7244 3556 1584 2996 2716 280 2668 1271 1180 789 342 391 447
is_linear=0
shrinkage=0.05


Tree=53
num_leaves=15
num_cat=0
split_feature=65 65 65 32 43 36 36 25 43 32 41 21 16 53
split_gain=396801 30759.9 26694.8 13217.5 11459.5 11831.9 9441.24 13838.6 8291.06 8125.41 8105.64 7942.84 7662.48 8452.91
threshold=127.67835750000002 24.000000000000004 191.01635350000001 18.275000000000002 72.125000000000014 18.666666666666668 25.257291666666671 105.3195466553865 85.625000000000014 23.012500000000003 90.875000000000014 98.266410409459311 262.87948200000005 -0.88144907265856332
decision_type=2 2 2 2 2 2 2 2 2 2 2 2 2 2
left_child=1 -1 3 -2 -4 10 9 -8 -9 -7 -6 -3 13 -5
right_child=2 11 4 12 5 6 7 8 -10 -11 -12 -13 -14 -15
leaf_value=-0.30316889979409223 -0.72951962737048548 -0.10033914994040823 0.14984370393879351 -0.16374543858201882 -0.18293999408327399 0.49881790269977061 1.265886329219799 0.34311070565327811 1.0213408345442552 -0.0074510853154113495 0.64610935507751099 0.27822671411621491 0.51762673440737783 0.2313457495886122
leaf_weight=4672 40 1984 268 189 104 2341 98 153 64 82 40 148 146 471
leaf_count=4672 40 1984 268 189 104 2341 98 153 64 82 40 148 146 471
internal_value=0.000887924 -0.231363 0.396301 0.146711 0.463266 0.49235 0.515576 0.773889 0.546909 0.481689 0.0502192 -0.0739416 0.191047 0.118129
internal_weight=10800 6804 3996 846 3150 2882 2738 315 217 2423 144 2132 806 660
internal_count=10800 6804 3996 846 3150 2882 2738 315 217 2423 144 2132 806 660
is_linear=0
shrinkage=0.05


Tree=54
num_leaves=15
num_cat=0
split_feature=65 65 65 24 24 57 36 36 52 52 26 48 5 46
split_gain=358168 27951.4 24710.2 11044.6 19371.8 16077.4 9569.22 8325.61 7364.61 9011.19 8028.73 7023.38 6677.98 6594.29
threshold=127.67835750000002 28.000000000000004 238.36019300000004 280.08090150000004 307.27302800000007 3.5000000000000004 18.395963541666671 23.976302083333341 0.0327015646150716 -0.41248606129204551 26.237500000000004 22.625000000000004 69.10047950000002 82.234375000000014
decision_type=2 2 2 2 2 2 2 2 2 2 2 2 2 2
left_child=1 -1 3 5 7 6 -2 -5 9 -3 11 -11 13 -8
right_child=2 8 -4 4 -6 -7 12 -9 -10 10 -12 -13 -14 -15
leaf_value=-0.27201777751369949 -0.36164274465653207 0.44778552620564815 0.48979635118982634 0.30934276110639702 -0.16348485183706019 -0.22276071557799543 0.6379361904828259 0.74466301306668259 0.092587974412730784 -0.48105424947287967 0.059922901800585009 -0.081354993299987077 0.11657837540215976 0.27184148647946221
leaf_weight=5376 61 60 2184 189 113 228 180 269 700 254 220 194 378 394
leaf_count=5376 61 60 2184 189 113 228 180 269 700 254 220 194 378 394
internal_value=0.000859576 -0.219796 0.376531 0.239818 0.421673 0.155872 0.241228 0.566087 -0.0231428 -0.134397 -0.18728 -0.308537 0.280196 0.387555
internal_weight=10800 6804 3996 1812 571 1241 1013 458 1428 728 668 448 952 574
internal_count=10800 6804 3996 1812 571 1241 1013 458 1428 728 668 448 952 574
is_linear=0
shrinkage=0.05


Tree=55
num_leaves=15
num_cat=0
split_feature=65 65 65 24 24 57 36 16 22 55 31 16 22 48
split_gain=323479 27783.5 20255.1 9412.54 17833.2 13856.3 8679.88 7538.7 9803.65 8975.78 7394.66 10166 6885.82 6577.4
threshold=132.38898100000003 24.000000000000004 238.36019300000004 280.08090150000004 297.26105400000006 3.5000000000000004 18.395963541666671 267.06350950000007 150.94637326562503 -0.56174490092936669 21.962500000000002 113.86769350000002 136.48103394270836 8.1250000000000018
decision_type=2 2 2 2 2 2 2 2 2 2 2 2 2 2
left_child=1 -1 3 5 10 6 -2 8 9 -3 -5 -12 -11 -4
right_child=2 7 13 4 -6 -7 -8 -9 -10 12 11 -13 -14 -15
leaf_value=-0.27441571768514356 -0.34259832438814347 -0.37662433485766611 0.47964451593272683 0.072281898651272061 -0.039206469483390641 -0.21185732027427073 0.27412118315270623 0.16584823947142133 0.59389615345001223 -0.11666452926790075 0.40661611500337269 0.97111490261275335 0.16114308757475512 -0.059061466889866333
leaf_weight=4672 60 279 2126 58 157 209 917 317 49 1307 164 159 268 58
leaf_count=4672 60 279 2126 58 157 209 917 317 49 1307 164 159 268 58
internal_value=0.000823942 -0.205225 0.364163 0.235823 0.409165 0.156912 0.235935 -0.0595542 -0.097169 -0.115744 0.593546 0.686636 -0.0693209 0.465318
internal_weight=10800 6892 3908 1724 538 1186 977 2220 1903 1854 381 323 1575 2184
internal_count=10800 6892 3908 1724 538 1186 977 2220 1903 1854 381 323 1575 2184
is_linear=0
shrinkage=0.05


Tree=56
num_leaves=15
num_cat=0
split_feature=65 65 65 32 37 43 36 22 45 43 34 5 44 47
split_gain=292352 27266.4 17845.3 12339.9 10091.5 9708.88 10279.6 11379.9 12985.1 10575.5 9081.92 7674.95 6704.71 6446.07
threshold=118.09247850000001 191.01635350000001 24.000000000000004 18.275000000000002 55.125000000000007 72.125000000000014 22.816927083333336 135.9634828697917 81.677083333333357 87.375000000000014 21.253125000000001 195.75313100000002 88.781250000000014 85.015625000000014
decision_type=2 2 2 2 2 2 2 2 2 2 2 2 2 2
left_child=2 3 -1 -2 -5 -3 13 8 10 -9 -8 12 -6 -7
right_child=1 5 -4 4 11 6 7 9 -10 -11 -12 -13 -14 -15
leaf_value=-0.2606978553789932 -0.6510535443639931 0.1106245803009705 -0.078566905246414187 0.8617766415819208 0.19436761960632315 0.30658967233529982 1.770362123628942 0.35221377209698573 0.51042966080481933 0.76507308487094905 0.87578006966693978 -0.32624630541591859 -0.32228644617887986 0.65661171603284474
leaf_weight=4672 50 268 1890 46 835 1429 40 754 208 196 110 90 67 145
leaf_count=4672 50 268 1890 46 835 1429 40 754 208 196 110 90 67 145
internal_value=0.000790639 0.324452 -0.20826 0.108528 0.145708 0.398973 0.425739 0.529501 0.770129 0.438108 1.12448 0.111669 0.155676 0.339231
internal_weight=10800 4238 6562 1088 1038 3150 2882 1308 358 950 150 992 902 1574
internal_count=10800 4238 6562 1088 1038 3150 2882 1308 358 950 150 992 902 1574
is_linear=0
shrinkage=0.05


Tree=57
num_leaves=15
num_cat=0
split_feature=65 65 64 22 35 30 34 45 36 37 56 32 24 25
split_gain=264040 32352.8 14798 12483.9 14336.9 11126.2 10349.9 7728.74 7523.74 6949.26 10921.5 6771.21 15146.8 9028.62
threshold=165.21005450000004 86.489938500000008 240.69470000000004 104.54825483333336 21.242708333333336 18.112500000000004 19.917708333333337 81.677083333333357 21.282552083333339 51.875000000000007 19.875000000000004 20.087500000000002 277.75656700000008 105.16358070881857
decision_type=2 2 2 2 2 2 2 2 2 2 2 2 2 2
left_child=1 -1 3 4 8 -5 -3 -6 -2 -8 -11 -4 -13 -14
right_child=2 6 11 5 7 -7 9 -9 -10 10 -12 12 13 -15
leaf_value=-0.2263369309892585 0.42412586244762551 -0.27159346794797501 0.59157510047004591 -0.32469285200942649 1.048766261750014 0.20436629131836737 0.45990967566853969 0.48102087009055866 0.027954564593818256 0.17090701210032766 -0.1487261024700981 0.14316714120022722 0.92366705732267418 0.44190761849663263
leaf_weight=5748 288 232 632 109 106 1037 115 144 205 728 421 404 121 510
leaf_count=5748 288 232 632 109 106 1037 115 144 205 728 421 404 121 510
internal_value=0.000773165 -0.172438 0.353575 0.25752 0.417066 0.153806 0.0346674 0.724964 0.259779 0.0910501 0.0537642 0.462201 0.382707 0.535605
internal_weight=10800 7244 3556 1889 743 1146 1496 250 493 1264 1149 1667 1035 631
internal_count=10800 7244 3556 1889 743 1146 1496 250 493 1264 1149 1667 1035 631
is_linear=0
shrinkage=0.05


Tree=58
num_leaves=15
num_cat=0
split_feature=65 65 65 32 37 52 33 5 18 64 25 44 22 48
split_gain=238577 22391.6 15112.7 10761.6 8903.45 8767.85 7059.16 6624.1 6179.08 5910.63 7403.82 5880.84 5095.14 6252.86
threshold=118.09247850000001 191.01635350000001 24.000000000000004 18.275000000000002 55.125000000000007 0.91037613702198772 22.934375000000003 195.75313100000002 85.225806208333353 240.69470000000004 106.96841639146548 88.781250000000014 137.21175876562504 7.1250000000000009
decision_type=2 2 2 2 2 2 2 2 2 2 2 2 2 2
left_child=2 3 -1 -2 -5 6 9 11 -8 10 -3 -6 -4 -14
right_child=1 5 12 4 7 -7 8 -9 -10 -11 -12 -13 13 -15
leaf_value=-0.23635132665325995 -0.61186834188068617 0.21749024526516614 -0.11742775072932797 0.80477258854723999 0.1773475407313892 0.47855484725384345 0.64205734424533389 -0.30659896299079226 0.1852181615859822 0.37205804985650315 -0.34217235433854287 -0.30650151790503194 0.38698421235559355 -0.030274089204860813
leaf_weight=4672 50 981 1398 46 835 1053 247 90 107 700 62 67 117 375
leaf_count=4672 50 981 1398 46 835 1053 247 90 107 700 62 67 117 375
internal_value=0.000752774 0.293135 -0.188095 0.0974646 0.132189 0.360667 0.30127 0.100221 0.504884 0.259651 0.183926 0.141108 -0.0687469 0.0695357
internal_weight=10800 4238 6562 1088 1038 3150 2097 992 354 1743 1043 902 1890 492
internal_count=10800 4238 6562 1088 1038 3150 2097 992 354 1743 1043 902 1890 492
is_linear=0
shrinkage=0.05


Tree=59
num_leaves=15
num_cat=0
split_feature=65 65 5 34 32 34 29 22 24 49 25 47 47 35
split_gain=215332 26647 12263.1 9944.9 10039.4 8949.48 8677.14 8569.81 8509.55 15188.9 8062.68 7425.55 7341.62 6604.05
threshold=165.21005450000004 86.489938500000008 62.684561500000008 22.451041666666672 22.512500000000003 19.877083333333335 16.862500000000004 148.4124377447917 277.75656700000008 3.5000000000000004 103.78186874622266 63.555989583333336 72.183593750000014 21.626562500000002
decision_type=2 2 2 2 2 2 2 2 2 2 2 2 2 2
left_child=1 -1 3 4 6 -3 -2 8 9 -8 -11 -5 13 -10
right_child=2 5 -4 11 -6 -7 7 -9 12 10 -12 -13 -14 -15
leaf_value=-0.20461557037087708 -0.10499503808384091 -0.2554617248620944 0.103871261224164 0.075989936725862003 0.065806002216550988 0.084152946912043586 0.40536633554878582 -0.15781443556770683 1.4366824081965857 0.12469361735864277 -0.59092827147016169 0.6486757638859677 0.46385518607315551 0.64954503739163993
leaf_weight=5748 96 228 558 66 338 1268 1359 71 41 161 51 409 323 83
leaf_count=5748 96 228 558 66 338 1268 1359 71 41 161 51 409 323 83
internal_value=0.000721209 -0.1557 0.319324 0.359377 0.319621 0.0322574 0.358836 0.380191 0.399189 0.344001 -0.0494268 0.569429 0.591945 0.91922
internal_weight=10800 7244 3556 2998 2523 1496 2185 2089 2018 1571 212 475 447 124
internal_count=10800 7244 3556 2998 2523 1496 2185 2089 2018 1571 212 475 447 124
is_linear=0
shrinkage=0.05


Tree=60
num_leaves=15
num_cat=0
split_feature=65 65 65 32 37 43 36 41 36 25 36 36 31 47
split_gain=194924 18309.2 12740.4 9516.14 8045.14 7924.67 8526.26 6973.56 6755.37 11066.8 7074.19 6307.19 6063.28 9811.83
threshold=118.09247850000001 191.01635350000001 24.000000000000004 18.275000000000002 55.125000000000007 72.125000000000014 18.666666666666668 90.875000000000014 25.257291666666671 103.64242086319869 24.415364583333336 24.042447916666671 23.162500000000005 73.548177083333357
decision_type=2 2 2 2 2 2 2 2 2 2 2 2 2 2
left_child=2 3 -1 -2 -5 -3 7 -7 10 -10 11 12 13 -8
right_child=1 5 -4 4 -6 6 8 -9 9 -11 -12 -13 -14 -15
leaf_value=-0.21430771458513753 -0.57896675699979394 0.06570302630533624 -0.06042196832600704 0.76002891051008348 0.090318683635589758 -0.24038532488048078 1.03350670193322 0.52855841706438766 1.1659746466260967 0.43383988262491818 0.040419511951424264 0.67342069535993809 0.26173533090712481 0.39077998474290976
leaf_weight=4672 50 268 1890 46 992 104 63 40 65 250 181 155 1106 918
leaf_count=4672 50 268 1890 46 992 104 63 40 65 250 181 155 1106 918
internal_value=0.000697855 0.264981 -0.170001 0.0880445 0.1207 0.326047 0.350226 -0.0246177 0.369942 0.588127 0.341346 0.365611 0.342439 0.433066
internal_weight=10800 4238 6562 1088 1038 3150 2882 144 2738 315 2423 2242 2087 981
internal_count=10800 4238 6562 1088 1038 3150 2882 144 2738 315 2423 2242 2087 981
is_linear=0
shrinkage=0.05


Tree=61
num_leaves=15
num_cat=0
split_feature=65 5 36 49 24 47 65 25 22 25 29 44 51 29
split_gain=175967 16774.2 11516.5 13351.8 19485.7 13560.5 11498.3 10432.1 8774.62 8434.89 8363.67 7961.97 7523.56 13203.5
threshold=118.09247850000001 62.684561500000008 25.138281250000002 3.5000000000000004 284.15934500000009 73.018229166666671 24.000000000000004 103.64242086319869 147.37491395312503 110.83558801624868 16.862500000000004 89.281250000000014 2.5000000000000004 19.762500000000003
decision_type=2 2 2 2 2 2 2 2 2 2 2 2 2 2
left_child=6 2 3 8 11 -6 -1 -4 10 -7 -2 -5 13 -12
right_child=1 -3 7 4 5 9 -8 -9 -10 -11 12 -13 -14 -15
leaf_value=-0.20359461837628148 -0.097344574232384115 0.073860544793590596 1.0841040989557902 -0.013851062308327812 1.2408442179587755 0.45021902655251322 -0.05740246349558558 0.43344147937788641 -0.1547312261198055 -0.28950008600950244 -0.26777135456360662 -0.5805450770544679 0.46461400133306113 0.34079317516270313
leaf_weight=4672 96 1010 74 411 43 159 1890 367 87 50 102 72 1096 671
leaf_count=4672 96 1010 74 411 43 159 1890 367 87 50 102 72 1096 671
internal_value=0.000683102 0.251787 0.307417 0.269669 0.0866593 0.442165 -0.161503 0.544829 0.335146 0.272717 0.356903 -0.0993521 0.380275 0.260249
internal_weight=10800 4238 3228 2787 735 252 6562 441 2052 209 1965 483 1869 773
internal_count=10800 4238 3228 2787 735 252 6562 441 2052 209 1965 483 1869 773
is_linear=0
shrinkage=0.05


Tree=62
num_leaves=15
num_cat=0
split_feature=65 65 9 53 41 33 61 33 25 24 49 22 64 43
split_gain=158899 15749.9 12028 9281.7 9234.21 8083.23 7941.23 6721.31 6660.33 11022.8 14454.4 6562.76 6537.17 6047.26
threshold=135.48498900000001 63.145266500000005 241.68896250000003 0.38268343236508956 82.875000000000014 22.443750000000005 -0.9733555533461492 20.878125000000004 110.83558801624868 277.75656700000008 3.5000000000000004 53.186015057291677 246.24840400000002 63.375000000000007
decision_type=2 2 2 2 2 2 2 2 2 2 2 2 2 2
left_child=1 -1 3 8 13 12 -3 -8 9 10 -2 -9 -5 -4
right_child=2 6 4 5 -6 -7 7 11 -10 -11 -12 -13 -14 -15
leaf_value=-0.18121099898384677 0.39955154996378905 0.49985920074150753 -0.16960108131170273 0.083110537503984352 -0.10375737074473464 0.43488015896450216 -0.23189373162820789 0.64542985544318254 -0.0040811961146948097 0.63102294217364019 -0.1667747210295345 0.0083047731742262841 0.29637301559023593 0.53031085674961409
leaf_weight=5462 821 75 41 901 363 351 306 41 101 417 130 1074 598 119
leaf_count=5462 821 75 41 901 363 351 306 41 101 417 130 1074 598 119
internal_value=0.000660165 -0.141848 0.258718 0.293827 0.0357755 0.219109 0.00189286 -0.0247227 0.387711 0.416619 0.322042 0.03229 0.168329 0.351019
internal_weight=10800 6958 3842 3319 523 1850 1496 1421 1469 1368 951 1115 1499 160
internal_count=10800 6958 3842 3319 523 1850 1496 1421 1469 1368 951 1115 1499 160
is_linear=0
shrinkage=0.05


Tree=63
num_leaves=15
num_cat=0
split_feature=65 5 64 36 49 24 47 25 22 30 25 44 37 30
split_gain=143460 14086.6 9784.1 9765.8 11420.8 16659.9 12183.6 9345.47 7792.73 7506.83 7281.2 7092.02 6932.98 6780.35
threshold=118.09247850000001 62.684561500000008 86.489938500000008 25.138281250000002 3.5000000000000004 284.15934500000009 73.018229166666671 103.64242086319869 147.37491395312503 16.862500000000004 110.83558801624868 89.281250000000014 55.125000000000007 23.162500000000005
decision_type=2 2 2 2 2 2 2 2 2 2 2 2 2 2
left_child=2 3 -1 4 8 11 -7 -5 9 -2 -8 -6 -3 -14
right_child=1 12 -4 7 5 6 10 -9 -10 -11 -12 -13 13 -15
leaf_value=-0.1808813462190913 -0.21846948893320178 0.68558207119620129 -0.03952675279007048 1.007211659113566 -0.016942183290539283 1.1600086140361698 0.40748825943213896 0.39161528659372025 -0.15742037712850354 0.34215555927949642 -0.27968273543953603 -0.55179239409937431 -0.044403640416695193 0.25227173841786837
leaf_weight=4933 61 42 1629 74 411 43 159 367 87 1904 50 72 704 264
leaf_count=4933 61 42 1629 74 411 43 159 367 87 1904 50 72 704 264
internal_value=0.000639524 0.227366 -0.145802 0.278345 0.243587 0.0743392 0.403062 0.496958 0.304144 0.32465 0.242544 -0.0976467 0.06432 0.0366847
internal_weight=10800 4238 6562 3228 2787 735 252 441 2052 1965 209 483 1010 968
internal_count=10800 4238 6562 3228 2787 735 252 441 2052 1965 209 483 1010 968
is_linear=0
shrinkage=0.05


Tree=64
num_leaves=15
num_cat=0
split_feature=65 65 9 53 41 30 42 33 46 25 24 49 46 51
split_gain=129560 13368.3 10321.5 8139.22 8051.91 7883.6 8270.7 7089.67 7156.46 5658.88 9565.68 12077.2 5680.39 12461.9
threshold=135.48498900000001 87.445244000000017 241.68896250000003 0.38268343236508956 82.875000000000014 21.112500000000004 84.125000000000014 18.990625000000005 87.005208333333357 110.83558801624868 277.75656700000008 3.5000000000000004 82.848958333333357 2.5000000000000004
decision_type=2 2 2 2 2 2 2 2 2 2 2 2 2 2
left_child=1 -1 3 9 -4 -3 -7 8 -5 10 11 12 -2 -14
right_child=2 5 4 7 -6 6 -8 -9 -10 -11 -12 -13 13 -15
leaf_value=-0.15950375743839051 0.58565984561203799 -0.097724147273749118 0.32151043592078721 -0.23585942605216254 -0.10315162612503948 0.10149524615804258 0.78798180026933551 0.23558812590632519 0.3170310820306369 -0.0070349869683530991 0.58042988018801167 -0.1541781134375563 -0.096768619267433978 0.41870213924615984
leaf_weight=5770 213 624 160 170 363 517 47 1592 88 101 417 130 158 450
leaf_count=5770 213 624 160 170 363 517 47 1592 88 101 417 130 158 450
internal_value=0.000620314 -0.128061 0.233639 0.266163 0.0271297 0.0246594 0.159996 0.196205 -0.0467807 0.354071 0.380717 0.292628 0.363479 0.284809
internal_weight=10800 6958 3842 3319 523 1188 564 1850 258 1469 1368 951 821 608
internal_count=10800 6958 3842 3319 523 1188 564 1850 258 1469 1368 951 821 608
is_linear=0
shrinkage=0.05


Tree=65
num_leaves=15
num_cat=0
split_feature=65 65 30 8 42 53 33 47 64 37 4 41 25 25
split_gain=117321 17360.8 8529.78 8222.39 7323.01 7285.79 6173.81 6199.35 6796.28 6010.12 7137.22 5887.19 9932.52 6902.56
threshold=178.66689550000004 87.445244000000017 21.112500000000004 197.46853500000003 84.125000000000014 0.32143946530316164 22.934375000000003 68.201822916666686 241.18139200000005 56.375000000000007 256.03719150000006 81.875000000000014 105.3195466553865 103.58154791507557
decision_type=2 2 2 2 2 2 2 2 2 2 2 2 2 2
left_child=1 -1 -3 5 9 11 7 -7 -9 -4 -11 12 13 -2
right_child=3 2 4 -5 -6 6 -8 8 -10 10 -12 -13 -14 -15
leaf_value=-0.15152995345423012 0.53785919527734183 -0.070164760862487366 0.52353793243309121 0.00097742400279948629 0.64902508172436046 -0.14086728962940095 0.41247830318199807 0.098736890947614009 0.32488831361896653 0.11578105897712961 -0.42838094322120446 0.28824310845959544 0.18673279178749203 1.1193026636097883
leaf_weight=5770 180 909 76 314 68 150 298 765 588 529 67 870 143 73
leaf_count=5770 180 909 76 314 68 150 298 765 588 529 67 870 143 73
internal_value=0.000600844 -0.110647 0.0324117 0.244675 0.158339 0.269616 0.204801 0.163378 0.197187 0.107796 0.0539934 0.361587 0.521588 0.709374
internal_weight=10800 7419 1649 3381 740 3067 1801 1503 1353 672 596 1266 396 253
internal_count=10800 7419 1649 3381 740 3067 1801 1503 1353 672 596 1266 396 253
is_linear=0
shrinkage=0.05


Tree=66
num_leaves=15
num_cat=0
split_feature=65 5 28 49 36 64 24 24 25 51 29 37 36 36
split_gain=105962 11082.1 8334.95 9767.1 12889.5 7994.21 7713.87 8187.35 13032.7 6886.97 6773.09 5955.19 5912.46 6977.4
threshold=118.09247850000001 62.684561500000008 19.012500000000003 3.5000000000000004 19.924479166666668 101.20867800000001 300.20324800000009 277.75656700000008 104.00661095731722 2.5000000000000004 16.862500000000004 55.125000000000007 25.138281250000002 21.214843750000004
decision_type=2 2 2 2 2 2 2 2 2 2 2 2 2 2
left_child=5 2 3 9 -5 -1 7 8 12 -2 -11 -3 13 -4
right_child=1 11 6 4 -6 -7 -8 -9 -10 10 -12 -13 -14 -15
leaf_value=-0.15219447832196878 -0.23677088828961843 0.62661225560099587 0.54214804250833604 0.13312812553873907 -0.75988572163241253 -0.012160973177716927 0.016494993074250616 0.44320823419927002 -0.12277585566266658 -0.12092329494885563 0.34342617724365126 0.02523120821869795 0.8967058356215315 0.22662460904033238
leaf_weight=5300 81 42 214 95 69 1262 241 794 208 96 420 968 40 970
leaf_count=5300 81 42 214 95 69 1262 241 794 208 96 420 968 40 970
internal_value=0.000586846 0.195443 0.240659 0.0958346 -0.244919 -0.125269 0.285276 0.314355 0.242651 0.189695 0.256969 0.0508342 0.304799 0.284063
internal_weight=10800 4238 3228 761 164 6562 2467 2226 1432 597 516 1010 1224 1184
internal_count=10800 4238 3228 761 164 6562 2467 2226 1432 597 516 1010 1224 1184
is_linear=0
shrinkage=0.05


Tree=67
num_leaves=15
num_cat=0
split_feature=65 65 1 8 25 64 55 53 25 36 33 30 34 30
split_gain=96188.8 14391.2 7566 7272.08 6549.71 8220.38 6919.28 6470.49 6157.11 5864.5 5483.79 5462.29 6700.87 5431.91
threshold=178.66689550000004 63.145266500000005 266.52725100000004 197.46853500000003 104.19667212036495 172.51485350000004 -0.56174490092936669 0.32143946530316164 110.65619292753755 18.790104166666669 22.934375000000003 19.162500000000005 19.309375000000003 16.512500000000003
decision_type=2 2 2 2 2 2 2 2 2 2 2 2 2 2
left_child=1 -1 4 7 6 8 -3 13 -6 -8 -9 -11 -13 -2
right_child=3 2 -4 -5 5 -7 9 10 -10 11 -12 12 -14 -15
leaf_value=-0.14184256881535459 -0.22995690469230926 -0.30907111347917082 0.29172160186008361 -0.0075880631981861029 0.057556996618678018 0.33915950161233854 -0.53046881522772449 0.14492419273759724 -0.51241718720773177 0.19928692258224731 0.37966230556767522 -0.54798687417060143 -0.013590697604997369 0.35065636710850806
leaf_weight=5462 41 267 220 314 258 244 52 1503 57 266 298 65 528 1225
leaf_count=5462 41 267 220 314 258 244 52 1503 57 266 298 65 528 1225
internal_value=0.000566063 -0.100165 0.0161689 0.221568 -0.018879 0.121931 -0.0857446 0.245023 -0.0468764 -0.020024 0.183954 0.011457 -0.0729909 0.331686
internal_weight=10800 7419 1957 3381 1737 559 1178 3067 315 911 1801 859 593 1266
internal_count=10800 7419 1957 3381 1737 559 1178 3067 315 911 1801 859 593 1266
is_linear=0
shrinkage=0.05


Tree=68
num_leaves=15
num_cat=0
split_feature=65 65 37 17 30 46 32 22 36 37 25 6 46 31
split_gain=86820.2 13030.6 6994.5 8042.97 6823.95 7637.32 8655.05 7771.59 6902.89 6894.78 6442.31 6513.65 6300.52 5611.88
threshold=178.66689550000004 87.445244000000017 54.375000000000007 35.138980802520152 19.762500000000003 91.739583333333357 22.012500000000003 148.4124377447917 25.671614583333334 90.375000000000014 107.99489200728748 109.34509250000001 72.239583333333357 24.512500000000003
decision_type=2 2 2 2 2 2 2 2 2 2 2 2 2 2
left_child=1 -1 -3 13 9 6 7 10 -8 -2 11 -6 -10 -4
right_child=4 2 3 -5 5 -7 8 -9 12 -11 -12 -13 -14 -15
leaf_value=-0.13058435310893829 -0.018402730714741172 0.36043267609744239 -0.14737243665360691 0.17728192448939228 0.36230636847382036 -0.43401283578174871 0.026182305935711761 -0.15180474250492726 -0.016395492097205026 0.40280078678702314 0.70988297653648091 0.14135751747870004 0.63718371670739271 0.10946827460503138
leaf_weight=5770 510 144 776 437 1344 40 572 87 58 119 105 446 100 292
leaf_count=5770 510 144 776 437 1344 40 572 87 58 119 105 446 100 292
internal_value=0.000535307 -0.095165 0.0287746 -0.00317709 0.210499 0.244451 0.254614 0.308814 0.107238 0.0617973 0.33003 0.307364 0.398668 -0.0771134
internal_weight=10800 7419 1649 1505 3381 2752 2712 1982 730 629 1895 1790 158 1068
internal_count=10800 7419 1649 1505 3381 2752 2712 1982 730 629 1895 1790 158 1068
is_linear=0
shrinkage=0.05


Tree=69
num_leaves=15
num_cat=0
split_feature=65 64 22 32 8 53 37 41 41 25 25 47 47 33
split_gain=78367.1 11902 7841.89 8167.7 6275.52 5656.4 5560.21 8565.82 5036.69 8833.72 6059.04 5549.41 4953.83 4803.7
threshold=178.66689550000004 102.83120150000001 136.48103394270836 26.012500000000003 197.46853500000003 0.32143946530316164 54.875000000000007 77.625000000000014 81.875000000000014 105.3195466553865 103.58154791507557 78.065104166666671 83.154947916666671 22.934375000000003
decision_type=2 2 2 2 2 2 2 2 2 2 2 2 2 2
left_child=1 -1 -3 -4 5 8 7 -5 9 10 11 -2 -10 -7
right_child=4 2 3 6 -6 13 -8 -9 12 -11 -12 -13 -14 -15
leaf_value=-0.12700477406829092 0.28889653141681965 -0.068302035922830809 0.25440327874187812 -0.30711899981266116 -0.01285974711357128 0.12817661792327503 -0.25241962349705999 0.66907558518648147 0.19476275656571043 0.13529519251961675 1.011373423805108 0.90482527351436703 0.5912826542488554 0.34785440702514608
leaf_weight=5561 129 1077 519 40 314 1503 173 49 783 143 73 51 87 298
leaf_count=5561 129 1077 519 40 314 1503 173 49 783 143 73 51 87 298
internal_value=0.000517934 -0.0904043 0.0191506 0.139681 0.199998 0.221788 -0.0876772 0.231799 0.302809 0.450709 0.627752 0.467445 0.235048 0.164698
internal_weight=10800 7419 1858 781 3381 3067 262 89 1266 396 253 180 870 1801
internal_count=10800 7419 1858 781 3381 3067 262 89 1266 396 253 180 870 1801
is_linear=0
shrinkage=0.05


Tree=70
num_leaves=15
num_cat=0
split_feature=65 36 32 22 46 30 57 0 64 51 44 30 53 36
split_gain=70945.9 8635.76 11106 9608.31 8311.89 8213.24 8215.92 7219.08 5779.13 5556.14 4819.26 5460.85 4562.38 4466.2
threshold=116.18365950000002 25.257291666666671 23.012500000000003 143.52257702604172 69.026041666666671 16.862500000000004 4.5000000000000009 265.71171600000008 201.57713250000003 1.5000000000000002 81.406250000000014 19.162500000000005 0.47114434510950071 22.816927083333336
decision_type=2 2 2 2 2 2 2 2 2 2 2 2 2 2
left_child=8 2 5 -3 -5 -2 13 -4 -1 -6 -8 -12 -10 -7
right_child=1 3 7 4 9 6 10 -9 12 -11 11 -13 -14 -15
leaf_value=-0.11473957045655653 -0.31505896864935412 0.69955232710271453 -0.16660841126442469 -0.29415089867331762 0.65569220318976384 0.15368023754353483 0.15225917036518236 0.29697155051936325 -0.024869950543942417 0.18664531561670492 0.13462661386626523 -0.58263879937010932 0.36323485479310708 0.2809377460485063
leaf_weight=6158 85 142 436 65 89 1831 88 103 253 216 40 76 107 1111
leaf_count=6158 85 142 436 65 89 1831 88 103 253 216 40 76 107 1111
internal_value=0.000509432 0.158597 0.132361 0.351143 0.215904 0.167406 0.180538 -0.0776349 -0.103355 0.32521 -0.125817 -0.336269 0.0911701 0.201816
internal_weight=10800 4282 3770 512 370 3231 3146 539 6518 305 204 116 360 2942
internal_count=10800 4282 3770 512 370 3231 3146 539 6518 305 204 116 360 2942
is_linear=0
shrinkage=0.05


Tree=71
num_leaves=15
num_cat=0
split_feature=65 65 30 51 36 64 24 47 47 6 57 65 51 43
split_gain=64035 8057.18 8319.57 10114.4 7101.01 6458.26 6797.11 6231.95 13140.7 6556.23 5798.15 5421.31 4890.54 4649.09
threshold=116.18365950000002 261.5324245000001 19.812500000000004 2.5000000000000004 18.395963541666671 264.27020500000009 318.1844445000001 77.319010416666671 82.251302083333357 91.930868000000018 4.5000000000000009 24.000000000000004 3.5000000000000004 71.375000000000014
decision_type=2 2 2 2 2 2 2 2 2 2 2 2 2 2
left_child=11 2 3 -2 -5 6 7 9 10 13 -9 -1 -7 -4
right_child=1 -3 5 4 -6 12 -8 8 -10 -11 -12 -13 -14 -15
leaf_value=-0.12684409266336558 -0.47697108488786838 0.25687495589302078 0.14063792836439229 -0.34366230213520477 0.12902781471210931 0.2572575942237551 -0.32647849356844311 -0.042871545308889362 0.40438895115660412 0.06293710545081084 -0.65161100853057141 -0.025623464155814409 0.74101276290602991 0.40860711258805199
leaf_weight=4672 115 1260 265 97 419 299 83 573 176 470 41 1846 63 421
leaf_count=4672 115 1260 265 97 419 299 83 573 176 470 41 1846 63 421
internal_value=0.000490561 0.150681 0.106334 -0.0550884 0.0396766 0.14894 0.114119 0.133069 0.0247799 0.206988 -0.0845137 -0.0981851 0.343256 0.305447
internal_weight=10800 4282 3022 631 516 2391 2029 1946 790 1156 614 6518 362 686
internal_count=10800 4282 3022 631 516 2391 2029 1946 790 1156 614 6518 362 686
is_linear=0
shrinkage=0.05


Tree=72
num_leaves=15
num_cat=0
split_feature=65 5 37 30 36 36 25 28 36 36 47 36 24 25
split_gain=57964.7 12547.6 7865.54 7292.4 6525.1 7692.84 7164.05 5614.82 7982.52 10694.5 7716.47 5386.67 6295.88 9700.01
threshold=91.658325500000018 62.684561500000008 54.375000000000007 23.312500000000004 25.138281250000002 24.415364583333336 103.64242086319869 19.012500000000003 21.282552083333339 20.71901041666667 78.065104166666671 21.214843750000004 274.28284400000007 104.00661095731722
decision_type=2 2 2 2 2 2 2 2 2 2 2 2 2 2
left_child=-1 4 -3 -4 5 7 -6 8 9 10 -2 -9 13 -13
right_child=1 2 3 -5 6 -7 -8 11 -10 -11 -12 12 -14 -15
leaf_value=-0.1059178177853602 -0.19987424438156229 0.39618091535223421 -0.087905264081823475 0.17347633215614547 0.79731884147826726 -0.10835990595924833 0.26643192942013427 0.45930614239822454 -0.26072901937345794 0.68428431979846216 0.19397372851829764 0.17347390047012032 0.32029384558394036 -0.30801566138437364
leaf_weight=5858 183 120 1083 353 76 256 378 217 150 79 383 925 622 117
leaf_count=5858 183 120 1083 353 76 256 378 217 150 79 383 925 622 117
internal_value=0.000467917 0.126568 0.00902968 -0.023576 0.180563 0.153152 0.35686 0.178201 0.0666856 0.143114 0.0665063 0.225272 0.194495 0.119167
internal_weight=10800 4942 1556 1436 3386 2932 454 2676 795 645 566 1881 1664 1042
internal_count=10800 4942 1556 1436 3386 2932 454 2676 795 645 566 1881 1664 1042
is_linear=0
shrinkage=0.05


Tree=73
num_leaves=15
num_cat=0
split_feature=65 65 36 64 55 36 64 24 25 47 21 7 51 47
split_gain=52500.3 7072.85 7252.13 5868.9 5745.22 8371.88 4773.93 4430.59 6930.54 5642.81 4319.9 4476.35 4192.69 4008.37
threshold=116.18365950000002 261.5324245000001 18.395963541666671 264.27020500000009 -0.22252093395631442 25.387500000000006 205.38617000000002 278.91518350000007 110.55984742745123 85.015625000000014 1.205119597395808e-05 179.50269900000004 1.5000000000000002 85.757812500000014
decision_type=2 2 2 2 2 2 2 2 2 2 2 2 2 2
left_child=6 2 -2 4 5 7 -1 9 -9 -4 -8 -12 -7 -3
right_child=1 13 3 -5 -6 12 10 8 -10 -11 11 -13 -14 -15
leaf_value=-0.099025468266797353 -0.3261139642861155 0.21817977546545131 -0.18720617427113978 0.293006034701491 0.14434872903369436 0.76640084169127731 -0.10874797360187299 0.18923481330837844 -0.49527871678041857 0.33551392568308014 -0.040676899309511544 0.44501866485345465 0.1612281504098107 0.69007802865606671
leaf_weight=6172 98 1214 555 377 1503 43 151 264 42 56 80 115 84 46
leaf_count=6172 98 1214 555 377 1503 43 151 264 42 56 80 115 84 46
internal_value=0.000455601 0.136448 0.0949009 0.109118 0.0817953 -0.00831203 -0.0888919 -0.0611243 0.0939747 -0.138827 0.0916359 0.246568 0.370516 0.235941
internal_weight=10800 4282 3022 2924 2547 1044 6518 917 306 611 346 195 127 1260
internal_count=10800 4282 3022 2924 2547 1044 6518 917 306 611 346 195 127 1260
is_linear=0
shrinkage=0.05


Tree=74
num_leaves=15
num_cat=0
split_feature=65 5 33 36 36 25 28 51 22 36 65 47 36 24
split_gain=47529.3 11023.1 7404 5611.61 7138.42 6563.47 4995.8 7271.93 7761.36 5507.47 5113.44 4901.52 4741.09 5506.4
threshold=87.445244000000017 62.684561500000008 20.918750000000006 25.138281250000002 24.415364583333336 103.64242086319869 19.012500000000003 2.5000000000000004 130.26329514062505 18.666666666666668 258.94589250000007 81.417968750000014 21.214843750000004 274.28284400000007
decision_type=2 2 2 2 2 2 2 2 2 2 2 2 2 2
left_child=-1 3 -3 4 6 -5 7 10 9 11 -2 -9 -8 -14
right_child=1 2 -4 5 -6 -7 12 8 -10 -11 -12 -13 13 -15
leaf_value=-0.097484511752769273 -0.69792053043208224 -0.20962315840064549 0.058515981517466259 0.74914942863457779 -0.11261275188578655 0.24114554765779223 0.42679798913384803 -0.26500185395457915 -0.37262565323284697 0.27017894360007605 -0.051313935255820169 0.37983620780997163 0.10804843977708051 0.29575108397430694
leaf_weight=5770 46 319 1316 76 257 378 217 104 69 450 88 40 1045 625
leaf_count=5770 46 319 1316 76 257 378 217 104 69 450 88 40 1045 625
internal_value=0.000442015 0.112772 0.006104 0.164126 0.138781 0.327645 0.162885 0.0578268 0.125776 0.1842 -0.276809 -0.0844959 0.207204 0.178431
internal_weight=10800 5030 1635 3395 2941 454 2684 797 663 594 134 144 1887 1670
internal_count=10800 5030 1635 3395 2941 454 2684 797 663 594 134 144 1887 1670
is_linear=0
shrinkage=0.05


Tree=75
num_leaves=15
num_cat=0
split_feature=65 17 43 46 22 52 53 22 64 22 24 53 26 1
split_gain=43184 8242.61 5212.96 6230.06 9842.59 6418.41 5857.75 5817.6 4993.41 5010.24 5362.67 4710.4 4877.49 4238.12
threshold=178.66689550000004 59.481066393397107 82.625000000000014 80.572916666666671 143.60332484375002 0.63405362205439497 0.68322629814330826 135.9634828697917 102.83120150000001 136.48103394270836 302.68069650000001 0.25881904510252057 23.712500000000002 260.48309450000005
decision_type=2 2 2 2 2 2 2 2 2 2 2 2 2 2
left_child=1 8 3 4 5 -2 -5 -7 -1 -10 -11 -4 -13 -3
right_child=2 13 11 6 -6 7 -8 -9 9 10 -12 12 -14 -15
leaf_value=-0.09768817561627316 0.15368091716855481 0.13221570607632971 0.29225266588542526 -0.12106941690807611 -0.028440344016406344 0.98058381127932714 0.19192771730628216 0.35451392664108428 -0.070805670496807582 0.15866731987638816 -0.23176784681753049 0.11640229194755242 0.59402748777564351 0.7299284821464902
leaf_weight=5539 157 103 806 506 274 62 211 95 1030 604 102 1215 55 41
leaf_count=5539 157 103 806 506 274 62 211 95 1030 604 102 1215 55 41
internal_value=0.000423262 -0.0670706 0.148503 0.0701203 0.190612 0.381243 -0.0288211 0.606393 -0.0745013 -0.000506048 0.102011 0.197717 0.137538 0.306258
internal_weight=10800 7419 3381 1305 588 314 717 157 7275 1736 706 2076 1270 144
internal_count=10800 7419 3381 1305 588 314 717 157 7275 1736 706 2076 1270 144
is_linear=0
shrinkage=0.05


Tree=76
num_leaves=15
num_cat=0
split_feature=65 17 8 30 47 46 65 16 55 65 17 22 47 51
split_gain=38986.2 7451.26 4771.06 4672.56 6407.49 5981.54 4634.14 5050.23 6481.44 5979.39 4724.36 4639.66 6209.69 4618.51
threshold=178.66689550000004 59.481066393397107 258.65802250000007 18.725000000000005 77.768229166666671 91.739583333333357 24.000000000000004 267.06350950000007 -0.56174490092936669 151.93998750000003 36.519324205302937 143.52257702604172 70.757812500000014 1.5000000000000002
decision_type=2 2 2 2 2 2 2 2 2 2 2 2 2 2
left_child=1 6 3 4 -2 -5 -1 8 10 -10 -8 12 -9 -14
right_child=2 -3 -4 5 -6 -7 7 11 9 -11 -12 -13 13 -15
leaf_value=-0.10055983909926934 -0.42169368170201782 0.29124252333209433 -0.22688521508907164 0.17884714941546259 0.10248819955213125 -0.34792375933040276 -0.35361123735085132 0.64813816412477887 0.012186524030713129 -0.42971642135787991 0.022313999127776873 -0.15443375590054886 -0.27554667059864318 0.25687095756828787
leaf_weight=4672 79 144 85 2949 214 54 259 73 1774 79 123 91 55 149
leaf_count=4672 79 144 85 2949 214 54 259 73 1774 79 123 91 55 149
internal_value=0.000416701 -0.0637129 0.141115 0.150671 -0.0397977 0.169262 -0.0707779 -0.0173056 -0.0455806 -0.00687499 -0.232825 0.154077 0.25562 0.112683
internal_weight=10800 7419 3381 3296 293 3003 7275 2603 2235 1853 382 368 277 204
internal_count=10800 7419 3381 3296 293 3003 7275 2603 2235 1853 382 368 277 204
is_linear=0
shrinkage=0.05


Tree=77
num_leaves=15
num_cat=0
split_feature=65 5 37 30 36 25 25 57 24 24 47 30 24 36
split_gain=35387.2 8215.16 6750.76 5798.5 4866.58 6064.19 5556.46 4979.21 12133.7 8425.54 7241.19 4598.25 4072.45 4041.27
threshold=91.658325500000018 62.684561500000008 54.375000000000007 23.312500000000004 25.138281250000002 110.83558801624868 103.64242086319869 3.5000000000000004 274.65417650000006 273.12119300000006 69.212239583333357 21.712500000000002 283.46498150000008 18.666666666666668
decision_type=2 2 2 2 2 2 2 2 2 2 2 2 2 2
left_child=-1 4 11 -4 5 7 -6 13 9 -9 -10 -3 -5 -2
right_child=1 2 3 12 6 -7 -8 8 10 -11 -12 -13 -14 -15
leaf_value=-0.082731534463782175 -0.082323223067254869 0.07043723065119524 -0.083747485483667089 0.0030517262443169662 0.68262376169879724 -0.24208820627536626 0.2152781252309405 -0.056905871084062788 0.77752043396796822 -0.65156597127653149 0.14091144308768985 0.68916538347277734 0.34596347050457599 0.19173159668942164
leaf_weight=5858 144 64 1083 203 76 111 378 325 52 72 289 56 150 1939
leaf_count=5858 144 64 1083 203 76 111 378 325 52 72 289 56 150 1939
internal_value=0.000392168 0.0989197 0.00381606 -0.0263878 0.142609 0.118945 0.294841 0.133232 0.0215931 -0.16612 0.239979 0.362486 0.149331 0.172755
internal_weight=10800 4942 1556 1436 3386 2932 454 2821 738 397 341 120 353 2083
internal_count=10800 4942 1556 1436 3386 2932 454 2821 738 397 341 120 353 2083
is_linear=0
shrinkage=0.05


Tree=78
num_leaves=15
num_cat=0
split_feature=65 30 42 65 49 41 54 8 47 31 37 29 7 60
split_gain=32024.2 5316.12 5821.39 5038.06 5514.26 9552.28 4994.23 4589.03 4402.38 4757 6164.69 4177.81 3942.47 3872.14
threshold=116.18365950000002 21.812500000000004 85.375000000000014 267.36735600000003 2.5000000000000004 83.125000000000014 1.0000000180025095e-35 267.02941400000003 85.015625000000014 21.962500000000002 83.125000000000014 20.512500000000003 181.68180900000002 -0.9103761370219875
decision_type=2 2 2 2 2 2 2 2 2 2 2 2 2 2
left_child=-1 3 7 4 5 13 -5 12 9 -6 11 -11 -3 -2
right_child=1 2 -4 6 8 -7 -8 -9 -10 10 -12 -13 -14 -15
leaf_value=-0.069400101024708921 0.46890709614693721 0.2719245817653741 0.55584482947445435 -0.0046713505747984427 -0.27360646023896212 -0.036062795323381025 0.33391521757027604 -0.34572294581195584 0.31794169057832389 0.37639101114646911 -0.24356529023259499 -0.068204838833348311 0.11178544700238413 0.16120817633541498
leaf_weight=6518 148 552 91 177 299 660 282 45 60 113 155 98 1270 332
leaf_count=6518 148 552 91 177 299 660 282 45 60 113 155 98 1270 332
internal_value=0.000381437 0.106593 0.167273 0.0554198 0.0188556 0.08739 0.203623 0.148046 -0.0888807 -0.126009 -0.00501332 0.170549 0.160424 0.25686
internal_weight=10800 4282 1958 2324 1865 1140 459 1867 725 665 366 211 1822 480
internal_count=10800 4282 1958 2324 1865 1140 459 1867 725 665 366 211 1822 480
is_linear=0
shrinkage=0.05


Tree=79
num_leaves=15
num_cat=0
split_feature=65 5 33 36 36 25 34 46 32 37 43 28 36 36
split_gain=29272 7225.31 6255.99 4229.42 5935.71 4961.99 4236.6 4008.32 3921.65 4897.51 3897.76 3718.34 6437.86 8955.88
threshold=87.445244000000017 62.684561500000008 20.918750000000006 25.138281250000002 24.415364583333336 103.64242086319869 23.002083333333335 69.406250000000014 28.987500000000004 54.875000000000007 55.375000000000007 19.012500000000003 21.282552083333339 20.71901041666667
decision_type=2 2 2 2 2 2 2 2 2 2 2 2 2 2
left_child=-1 3 -3 4 11 -5 -6 -7 9 -4 -11 12 13 -2
right_child=1 2 8 5 6 7 -8 -9 -10 10 -12 -13 -14 -15
leaf_value=-0.07648073378708288 0.03810485873603784 -0.19613073326763697 0.35178888328097485 0.63845513633319317 -0.23415327364020999 -0.2122684696259407 0.24008730967198649 0.26114511116799649 -0.393387552164495 -0.30565217483930196 0.058452029737849881 0.16831979090058855 -0.25460844883904948 0.60324756486341358
leaf_weight=5770 568 319 134 76 196 51 61 327 47 78 1057 1887 150 79
leaf_count=5770 568 319 134 76 196 51 61 327 47 78 1057 1887 150 79
internal_value=0.000369571 0.0885236 0.00216552 0.1301 0.108104 0.272041 -0.121096 0.19688 0.0503452 0.0670766 0.0331829 0.130087 0.0394682 0.107934
internal_weight=10800 5030 1635 3395 2941 454 257 378 1316 1269 1135 2684 797 647
internal_count=10800 5030 1635 3395 2941 454 257 378 1316 1269 1135 2684 797 647
is_linear=0
shrinkage=0.05


Tree=80
num_leaves=15
num_cat=0
split_feature=65 5 33 36 36 25 34 46 31 32 24 25 47 46
split_gain=26420.7 6524.41 5646.98 3820.29 5357.39 4486.95 3847.48 3621.45 3598.48 3888.67 3564.4 10290.9 5659.57 7597.25
threshold=87.445244000000017 62.684561500000008 20.918750000000006 25.138281250000002 24.415364583333336 103.64242086319869 22.866666666666671 69.406250000000014 29.475000000000005 22.862500000000004 274.28284400000007 103.78186874622266 81.894531250000014 82.171875000000014
decision_type=2 2 2 2 2 2 2 2 2 2 2 2 2 2
left_child=-1 3 -3 4 10 -5 -6 -7 -9 -10 11 12 13 -2
right_child=1 2 -4 5 6 7 -8 8 9 -11 -12 -13 -14 -15
leaf_value=-0.072657359183079362 0.26561071274744713 -0.18635484214435566 0.047816971676318432 0.60694695697589363 -0.23195699285814372 -0.20185914893562976 0.20227894442422048 0.40980360955776024 -0.16764558663154827 0.32244641633681309 0.22256003416773373 -0.24762915919897299 0.31654321723331935 0.014644642036218049
leaf_weight=5770 421 319 1316 76 188 51 69 167 80 80 679 202 325 1057
leaf_count=5770 421 319 1316 76 188 51 69 167 80 80 679 202 325 1057
internal_value=0.000354272 0.084105 0.00204242 0.123613 0.102708 0.258515 -0.11504 0.187043 0.248128 0.0778812 0.123593 0.0899831 0.127924 0.0862622
internal_weight=10800 5030 1635 3395 2941 454 257 378 327 160 2684 2005 1803 1478
internal_count=10800 5030 1635 3395 2941 454 257 378 327 160 2684 2005 1803 1478
is_linear=0
shrinkage=0.05


Tree=81
num_leaves=15
num_cat=0
split_feature=65 21 16 43 64 32 36 31 36 31 36 36 24 52
split_gain=24041.2 5593.36 4759.43 4260.14 3851.21 3837.91 5578 4943.55 6269.52 5848.47 4360.74 8481.76 7746.28 5342.93
threshold=191.01635350000001 71.025760073765483 267.06350950000007 53.125000000000007 145.53885800000003 22.262500000000003 25.671614583333334 30.337500000000002 22.816927083333336 22.037500000000005 21.325911458333337 20.649218750000006 273.14664800000008 0.63405362205439497
decision_type=2 2 2 2 2 2 2 2 2 2 2 2 2 2
left_child=1 -1 4 -4 -3 7 -7 8 10 -10 11 -2 -12 -13
right_child=5 2 3 -5 -6 6 -8 -9 9 -11 12 13 -14 -15
leaf_value=-0.06495436772777867 0.040561237285169499 -0.079950815164087599 -0.23774756539699646 0.30049316312918684 0.16102000198440966 -0.075258332079864654 0.30376830920271702 -0.26562798699467549 0.73931760232327348 0.22404381484949532 -0.12390790807688611 0.079760007241422001 0.22059490310639376 0.50641432004070308
leaf_weight=6560 505 551 42 261 236 474 121 71 58 885 449 110 255 222
leaf_count=6560 505 551 42 261 236 474 121 71 58 885 449 110 255 222
internal_value=0.000342579 -0.0475272 0.0573189 0.225349 -0.00757755 0.116576 0.00220139 0.1432 0.154988 0.256486 0.0927506 0.169818 0.00101239 0.365717
internal_weight=10800 7650 1090 303 787 3150 595 2555 2484 943 1541 837 704 332
internal_count=10800 7650 1090 303 787 3150 595 2555 2484 943 1541 837 704 332
is_linear=0
shrinkage=0.05


Tree=82
num_leaves=15
num_cat=0
split_feature=52 49 24 24 47 39 51 30 34 22 47 25 40 54
split_gain=21727 8203.01 10299.4 10754.5 7171.29 7140.31 6515.73 8186.42 7153.22 5797.5 10743.3 5564.41 6917.66 6026.33
threshold=0.0327015646150716 3.5000000000000004 274.65417650000006 273.12119300000006 69.101562500000014 73.125000000000014 2.5000000000000004 16.862500000000004 19.917708333333337 143.60332484375002 66.623697916666686 98.910096954066233 83.375000000000014 0.87837969732492682
decision_type=2 2 2 2 2 2 2 2 2 2 2 2 2 2
left_child=-1 6 3 -3 5 -4 8 -8 -2 10 -10 12 -12 -13
right_child=1 2 4 -5 -6 -7 7 -9 9 -11 11 13 -14 -15
leaf_value=-0.069419184734583417 -0.31301538099587062 -0.040703494666154319 0.090265503532156871 -0.59036794311121887 0.045118063474146625 0.63605849367995115 -0.28450191814539044 0.21664969535096087 0.7048990068212152 -0.081376087778291292 0.33388070840400214 0.1105411851877528 -0.14159041097996258 -0.31072833777408748
leaf_weight=5489 126 1410 115 94 512 125 85 1607 79 380 318 225 100 135
leaf_count=5489 126 1410 115 94 512 125 85 1607 79 380 318 225 100 135
internal_value=0.000333452 0.0724234 0.000107288 -0.075427 0.151075 0.375992 0.125809 0.19132 0.0444027 0.0810325 0.153057 0.0961881 0.220065 -0.047858
internal_weight=10800 5311 2256 1504 752 240 3055 1692 1363 1237 857 778 418 360
internal_count=10800 5311 2256 1504 752 240 3055 1692 1363 1237 857 778 418 360
is_linear=0
shrinkage=0.05


Tree=83
num_leaves=15
num_cat=0
split_feature=65 64 22 21 38 36 26 64 43 32 36 31 36 31
split_gain=20050.4 4897.77 4899.95 3814.94 3611.59 3561.13 3606.51 3499.2 4042.77 3327.07 4752.92 4398.62 5651.86 5095.32
threshold=191.01635350000001 194.29537950000002 136.95541188020837 95.718381665912645 55.125000000000007 24.250520833333336 22.112500000000004 243.19934200000003 83.875000000000014 22.262500000000003 25.671614583333334 30.337500000000002 23.077213541666669 22.562500000000004
decision_type=2 2 2 2 2 2 2 2 2 2 2 2 2 2
left_child=1 3 7 -1 -5 -4 -7 -3 -9 11 -11 12 -2 -14
right_child=9 2 5 4 -6 6 -8 8 -10 10 -12 -13 13 -15
leaf_value=-0.065985492075223737 0.087450791037440509 0.10547692626150269 0.43232758521988263 0.47021660882013816 0.032820278260886508 -0.26463369959086741 0.20734927884714549 -0.0072263756127626064 -0.47460943146959533 -0.071518953098670443 0.27835433531674697 -0.25436267100190485 0.69528519792513832 0.21270139137471089
leaf_weight=6487 1625 197 122 53 376 52 171 116 76 474 121 71 58 801
leaf_count=6487 1625 197 122 53 376 52 171 116 76 474 121 71 58 801
internal_value=0.000318194 -0.0433983 0.0793317 -0.0564333 0.0878254 0.216228 0.0966004 -0.042323 -0.193733 0.106467 -2.05936e-05 0.131256 0.142376 0.246056
internal_weight=10800 7650 734 6916 429 345 223 389 192 3150 595 2555 2484 859
internal_count=10800 7650 734 6916 429 345 223 389 192 3150 595 2555 2484 859
is_linear=0
shrinkage=0.05


Tree=84
num_leaves=15
num_cat=0
split_feature=65 64 22 21 38 36 33 64 24 43 22 35 36 46
split_gain=18098.6 4420.02 4425.9 3445.77 3266.23 3226.69 3886.52 3161.39 3733.44 3157.31 4158.63 7005.98 4687.8 3641.33
threshold=191.01635350000001 194.29537950000002 136.95541188020837 95.718381665912645 55.125000000000007 24.289322916666674 22.443750000000005 243.19934200000003 257.54432450000007 82.625000000000014 38.005665614583343 21.242708333333336 24.011067708333339 78.692708333333357
decision_type=2 2 2 2 2 2 2 2 2 2 2 2 2 2
left_child=1 3 7 -1 -5 -4 -7 -3 -9 10 11 -2 -13 -12
right_child=9 2 5 4 -6 6 -8 8 -10 -11 13 12 -14 -15
leaf_value=-0.062686723675132408 -0.086829097300767905 0.10022971772428867 0.39075943174638916 0.44714116476200244 0.031183617482510265 -0.25684200856285017 0.21805332116782666 -0.60770529973797682 -0.069471022261464913 0.13965192311152716 0.10555323335539663 0.78516761384183364 0.17621520581974914 -0.093218329281989032
leaf_weight=6487 99 197 139 53 376 60 146 40 152 1979 395 61 66 550
leaf_count=6487 99 197 139 53 376 60 146 40 152 1979 395 61 66 550
internal_value=0.000308691 -0.0412255 0.075365 -0.0536084 0.0834927 0.205471 0.0791617 -0.0402551 -0.184171 0.101159 0.0360407 0.228211 0.472553 -0.0101102
internal_weight=10800 7650 734 6916 429 345 206 389 192 3150 1171 226 127 945
internal_count=10800 7650 734 6916 429 345 206 389 192 3150 1171 226 127 945
is_linear=0
shrinkage=0.05


Tree=85
num_leaves=15
num_cat=0
split_feature=52 49 24 24 47 30 51 30 34 22 47 9 46 51
split_gain=16504.8 6418.01 8061.62 9978.66 6185.39 6548.54 6047.34 7171.97 6265.16 5047.94 9450.79 4869.3 4943.54 8433.61
threshold=0.0327015646150716 3.5000000000000004 274.65417650000006 273.12119300000006 69.101562500000014 21.962500000000002 2.5000000000000004 16.862500000000004 19.917708333333337 143.60332484375002 66.311197916666671 258.3471090000001 83.005208333333357 1.5000000000000002
decision_type=2 2 2 2 2 2 2 2 2 2 2 2 2 2
left_child=-1 6 3 -3 5 -4 8 -8 -2 10 -10 12 13 -12
right_child=1 2 4 -5 -6 -7 7 -9 9 -11 11 -13 -14 -15
leaf_value=-0.060495852207279814 -0.3025455860377062 -0.034217026381433924 0.91813104847764093 -0.56367688304499575 0.03434171266109478 0.22231276208785045 -0.27187520009140637 0.19717325001140343 0.67364729095149689 -0.085307625666250941 0.013489320698501589 -0.18751428822676341 -0.042622184153510656 0.46608051273971801
leaf_weight=5489 126 1410 40 94 512 200 85 1607 73 380 202 137 236 209
leaf_count=5489 126 1410 40 94 512 200 85 1607 73 380 202 137 236 209
internal_value=0.00029889 0.0631307 -0.000834733 -0.0676608 0.13273 0.341611 0.110352 0.173463 0.0319364 0.0662233 0.133434 0.0823399 0.139682 0.244212
internal_weight=10800 5311 2256 1504 752 240 3055 1692 1363 1237 857 784 647 411
internal_count=10800 5311 2256 1504 752 240 3055 1692 1363 1237 857 784 647 411
is_linear=0
shrinkage=0.05


Tree=86
num_leaves=15
num_cat=0
split_feature=65 36 46 32 37 57 24 36 47 51 35 47 24 24
split_gain=15024.7 5345.66 5198.46 5058.44 4430.16 4058.35 12701.2 8296.94 8122.63 6547.84 6960.75 6778.85 6583.57 6062.11
threshold=87.445244000000017 18.666666666666668 92.843750000000014 25.562500000000004 51.875000000000007 3.5000000000000004 283.46498150000008 24.272005208333336 69.101562500000014 2.5000000000000004 20.448958333333337 77.319010416666671 256.79761150000007 307.27302800000007
decision_type=2 2 2 2 2 2 2 2 2 2 2 2 2 2
left_child=-1 2 -2 5 -5 9 7 -7 13 10 -3 -11 -12 -8
right_child=1 3 -4 4 -6 6 8 -9 -10 11 12 -13 -14 -15
leaf_value=-0.054769819423356736 -0.31684455040750314 -0.18594080533510582 0.29682651519436731 0.23400450046488161 -0.15861814503986291 -0.073879115723167965 0.70196863677691335 -0.68071601501395629 0.070851556900381404 0.28629125025022323 0.30051489304364454 0.090070236141168158 0.024230198938614056 -0.010118746900254683
leaf_weight=5770 161 274 43 88 373 620 109 61 357 847 288 918 850 41
leaf_count=5770 161 274 43 88 373 620 109 61 357 847 288 918 850 41
internal_value=0.000288468 0.0634451 -0.186675 0.0740544 -0.0833264 0.0906912 0.0118361 -0.129154 0.201095 0.120165 0.0398691 0.184343 0.0943536 0.508553
internal_weight=10800 5030 204 4826 461 4365 1188 681 507 3177 1412 1765 1138 150
internal_count=10800 5030 204 4826 461 4365 1188 681 507 3177 1412 1765 1138 150
is_linear=0
shrinkage=0.05


Tree=87
num_leaves=15
num_cat=0
split_feature=52 49 24 24 47 36 36 51 30 30 22 47 46 51
split_gain=13904 5192.3 6619.47 8612.82 5128.47 6123.84 5341.86 4963.15 5921.51 5387.37 4155.72 8753.56 4908.64 8547.28
threshold=0.0327015646150716 3.5000000000000004 274.65417650000006 273.12119300000006 69.101562500000014 24.250520833333336 26.432291666666668 2.5000000000000004 16.862500000000004 19.762500000000003 143.60332484375002 66.311197916666671 83.005208333333357 1.5000000000000002
decision_type=2 2 2 2 2 2 2 2 2 2 2 2 2 2
left_child=-1 7 3 -3 5 -4 -7 9 -9 -2 11 -11 13 -13
right_child=1 2 4 -5 -6 6 -8 8 -10 10 -12 12 -14 -15
leaf_value=-0.055523160639972195 -0.30784204419821914 -0.029075123266165799 0.70586172593491425 -0.52096325742570981 0.031850455524980822 -0.1583541816333309 0.40049018074023102 -0.24706291615269907 0.17913810183229759 0.63867638799789794 -0.080083636501335875 -0.03328413712284891 -0.094499133624666345 0.37347840072220589
leaf_weight=5489 108 1410 69 94 512 77 94 85 1607 73 377 268 289 248
leaf_count=5489 108 1410 69 94 512 77 94 85 1607 73 377 268 289 248
internal_value=0.000276469 0.0579458 0.000411182 -0.0601439 0.12144 0.31164 0.149389 0.100419 0.157594 0.0293795 0.0586213 0.118202 0.0702704 0.162558
internal_weight=10800 5311 2256 1504 752 240 171 3055 1692 1363 1255 878 805 516
internal_count=10800 5311 2256 1504 752 240 171 3055 1692 1363 1255 878 805 516
is_linear=0
shrinkage=0.05


Tree=88
num_leaves=15
num_cat=0
split_feature=65 64 21 8 64 53 64 34 22 7 41 25 32 25
split_gain=12587.4 3413.13 3744.28 2848.37 2560.31 2546.01 3599.88 3154.88 3101.82 3026.03 2818.62 5680.48 4060.63 3919.48
threshold=191.01635350000001 194.29537950000002 1.205119597395808e-05 255.20086750000004 232.51930700000003 0.32143946530316164 244.17024200000003 22.359375000000004 142.14642354166668 196.35041150000004 82.875000000000014 105.3195466553865 21.762500000000003 104.10919296887657
decision_type=2 2 2 2 2 2 2 2 2 2 2 2 2 2
left_child=1 -1 4 5 -3 10 7 8 -7 -9 11 13 -12 -2
right_child=3 2 -4 -5 -6 6 -8 9 -10 -11 12 -13 -14 -15
leaf_value=-0.045253232880572238 0.29754383740103646 0.17846423220347429 0.14380037251683558 -0.22235308903193959 -0.19972471457922603 -0.038796022824387238 0.12465086133369563 0.46491313210483326 -0.46793328808413615 0.0079878617979978264 0.14749590148387876 0.025431114255038439 -0.10221592649019191 0.79762610599573236
leaf_weight=6916 231 60 506 73 168 660 826 58 44 94 726 182 209 47
leaf_count=6916 231 60 506 73 168 660 826 58 44 94 726 182 209 47
internal_value=0.000266364 -0.0343716 0.0680811 0.0843713 -0.0998566 0.091718 0.0502518 -0.0216015 -0.0662428 0.18424 0.141643 0.242885 0.0916284 0.384646
internal_weight=10800 7650 734 3150 228 3077 1682 856 704 152 1395 460 935 278
internal_count=10800 7650 734 3150 228 3077 1682 856 704 152 1395 460 935 278
is_linear=0
shrinkage=0.05


Tree=89
num_leaves=15
num_cat=0
split_feature=52 65 64 24 16 47 17 21 40 43 42 9 17 31
split_gain=11633.3 4706.88 4428.66 5136.49 4382.22 3081.81 3494.26 3020.34 2831.72 2593.21 2487.75 2429.53 2545.68 2615.39
threshold=1.0000000180025095e-35 261.5324245000001 265.84829400000007 302.68069650000001 267.06350950000007 85.757812500000014 2.0018641137551049e-06 1.4088495625161608e-05 86.625000000000014 83.375000000000014 68.875000000000014 272.53009250000008 76.423149597557384 21.962500000000002
decision_type=2 2 2 2 2 2 2 2 2 2 2 2 2 2
left_child=-1 2 3 4 11 6 -3 -4 10 -9 -8 12 -2 -14
right_child=1 5 7 -5 -6 -7 8 9 -10 -11 -12 -13 13 -15
leaf_value=-0.051851474604347372 0.00088617585209815159 0.18563893841148413 0.039659516408211658 -0.31944383124917231 0.22317185608944934 0.53419653811353329 -0.072313565144391176 0.20202890823635722 -0.17485508398008598 0.59057019159459234 0.21625781682204834 -0.24692240885676858 0.0019426220282912255 0.40754903165623546
leaf_weight=5377 3091 768 224 115 243 46 128 183 141 56 177 93 79 79
leaf_count=5377 3091 768 224 115 243 46 128 183 141 56 177 93 79 79
internal_value=0.00025819 0.0519259 0.0262839 0.00802138 0.018612 0.136558 0.121064 0.171895 0.00970027 0.295149 0.0953119 0.00367594 0.0109229 0.206034
internal_weight=10800 5423 4163 3700 3585 1260 1214 463 446 239 305 3342 3249 158
internal_count=10800 5423 4163 3700 3585 1260 1214 463 446 239 305 3342 3249 158
is_linear=0
shrinkage=0.05


Tree=90
num_leaves=15
num_cat=0
split_feature=52 49 24 24 51 30 34 47 46 36 22 47 41 7
split_gain=10502.2 4307.46 5462.99 7997.02 4645.77 5558.18 4933.9 4403.2 5738.62 4029.86 4022.65 7921.85 4580.97 4892.41
threshold=1.0000000180025095e-35 3.5000000000000004 274.65417650000006 273.12119300000006 2.5000000000000004 16.862500000000004 19.917708333333337 69.101562500000014 72.239583333333357 24.250520833333336 143.52257702604172 66.311197916666671 77.875000000000014 133.44937000000002
decision_type=2 2 2 2 2 2 2 2 2 2 2 2 2 2
left_child=-1 4 3 -3 6 -6 -2 8 -4 -10 11 -8 13 -12
right_child=1 2 7 -5 5 -7 10 -9 9 -11 12 -13 -14 -15
leaf_value=-0.04925938161265267 -0.27749068461061549 -0.027319821491152418 -0.11165688476963516 -0.49638107729326819 -0.24279416670625131 0.16321257649529045 0.60399739822825871 0.024436337395349429 0.76881225381867369 0.2595413760918503 -0.63361703964796945 0.063193896447411579 0.13145292729053548 -0.096109346695304076
leaf_weight=5377 126 1440 67 96 88 1639 73 524 58 119 54 802 151 186
leaf_count=5377 126 1440 67 96 88 1639 73 524 58 119 54 802 151 186
internal_value=0.000252394 0.0493442 -0.00250565 -0.05694 0.0876342 0.142396 0.0196401 0.106296 0.281274 0.429803 0.049408 0.10895 -0.0837769 -0.219176
internal_weight=10800 5423 2304 1536 3119 1727 1392 768 244 177 1266 875 391 240
internal_count=10800 5423 2304 1536 3119 1727 1392 768 244 177 1266 875 391 240
is_linear=0
shrinkage=0.05


Tree=91
num_leaves=15
num_cat=0
split_feature=65 36 46 8 57 24 47 36 25 51 47 36 34 25
split_gain=9627.6 4383.42 4703.88 3932.07 3834.34 10733.3 6974.62 5979.06 5707.7 5106.96 5719.86 6740.17 5260.69 6917.82
threshold=87.445244000000017 18.395963541666671 92.843750000000014 265.84829400000007 3.5000000000000004 278.91518350000007 69.101562500000014 24.272005208333336 107.86359787652296 2.5000000000000004 77.319010416666671 22.750520833333336 20.317708333333339 53.330987254116273
decision_type=2 2 2 2 2 2 2 2 2 2 2 2 2 2
left_child=-1 2 -2 4 9 7 8 -6 -7 12 -11 -12 -3 -14
right_child=1 3 -4 -5 5 6 -8 -9 -10 10 11 -13 13 -15
leaf_value=-0.043833478944519097 -0.33353857370498391 -0.16474701323949381 0.26107603148980574 -0.14110898099325855 -0.0954524742187636 0.73265424554164593 0.041018748083204201 -0.58881230236611504 0.14315771812447506 0.24509278094796635 0.038934771671680579 0.67976599127747295 0.33541940134989706 0.021798931158701965
leaf_weight=5770 137 281 43 231 565 77 444 68 88 887 901 42 210 1056
leaf_count=5770 137 281 43 231 565 77 444 68 88 887 901 42 210 1056
internal_value=0.000240144 0.0507964 -0.190834 0.0598016 0.0698777 -0.00523953 0.144494 -0.149297 0.421012 0.0974979 0.15401 0.0681664 0.0305919 0.074045
internal_weight=10800 5030 180 4850 4619 1242 609 633 165 3377 1830 943 1547 1266
internal_count=10800 5030 180 4850 4619 1242 609 633 165 3377 1830 943 1547 1266
is_linear=0
shrinkage=0.05


Tree=92
num_leaves=15
num_cat=0
split_feature=52 65 64 24 0 9 47 47 51 54 17 47 17 40
split_gain=8910.02 3923.4 3716.06 4088.9 3780.88 4977.1 3725.51 9791.59 3178.02 2928.18 2758.44 2679.58 2976.78 2497.55
threshold=0.0327015646150716 261.5324245000001 265.84829400000007 302.68069650000001 255.57108200000002 240.61717000000002 64.480468750000014 69.815104166666671 1.5000000000000002 0.87837969732492682 1.1809109315730381e-05 85.757812500000014 1.9866838054813594e-05 86.875000000000014
decision_type=2 2 2 2 2 2 2 2 2 2 2 2 2 2
left_child=-1 2 3 4 -2 -6 -7 -8 -9 -10 -4 12 -3 -14
right_child=1 11 10 -5 5 6 7 8 9 -11 -12 -13 13 -15
leaf_value=-0.044435026019500772 -0.0073557741254381406 0.16106564530897047 0.068972362793508865 -0.29494116691216321 0.57503223367806144 -0.35466319390318612 0.62366479478868442 -0.21233944766982288 0.013634852439185587 0.41676875807344915 0.32775830433974346 0.49417796597835867 0.085429162763211206 -0.1857091512817603
leaf_weight=5489 2952 841 309 109 57 43 80 107 181 59 154 46 244 129
leaf_count=5489 2952 841 309 109 57 43 80 107 181 59 154 46 244 129
internal_value=0.000233375 0.0463985 0.0224179 0.00519739 0.014683 0.137914 0.0837934 0.128673 0.0130891 0.114057 0.155569 0.123419 0.108975 -0.00858836
internal_weight=10800 5311 4051 3588 3479 527 470 427 347 240 463 1260 1214 373
internal_count=10800 5311 4051 3588 3479 527 470 427 347 240 463 1260 1214 373
is_linear=0
shrinkage=0.05


Tree=93
num_leaves=15
num_cat=0
split_feature=52 65 64 24 16 32 34 64 21 47 25 31 17 9
split_gain=8060.95 3601.65 3370.23 3961.39 3508.01 2530.16 4436.56 2991.19 2497.16 2381.89 2687.36 2355.36 2313.11 2121.37
threshold=1.0000000180025095e-35 261.5324245000001 265.84829400000007 302.68069650000001 267.06350950000007 19.962500000000002 19.960416666666671 245.21874450000004 1.4088495625161608e-05 75.553385416666671 105.4408211443279 22.112500000000004 1.9866838054813594e-05 272.53009250000008
decision_type=2 2 2 2 2 2 2 2 2 2 2 2 2 2
left_child=-1 2 3 4 13 7 -7 -3 -4 10 -10 -8 -13 -2
right_child=1 5 8 -5 -6 6 11 -9 9 -11 -12 12 -14 -15
leaf_value=-0.043147694530445563 0.0075891264404179181 0.083736144778724278 0.027637696597311235 -0.28269905825627262 0.19720150557819938 -0.21024190539740456 0.47986851715970613 0.36789035270199744 0.50701344488124966 0.58428362708376802 0.075421851683357688 0.14293552870490153 -0.068676382856487875 -0.23334893822630354
leaf_weight=5377 3249 185 224 115 243 120 41 186 47 45 147 561 167 93
leaf_count=5377 3249 185 224 115 243 120 41 186 47 45 147 561 167 93
internal_value=0.000229424 0.0432386 0.020809 0.00487812 0.0141793 0.11727 0.0713566 0.226802 0.147833 0.259901 0.182047 0.115515 0.0943651 0.00081659
internal_weight=10800 5423 4163 3700 3585 1260 889 371 463 239 194 769 728 3342
internal_count=10800 5423 4163 3700 3585 1260 889 371 463 239 194 769 728 3342
is_linear=0
shrinkage=0.05


Tree=94
num_leaves=15
num_cat=0
split_feature=65 30 42 25 47 31 36 22 47 47 35 36 24 36
split_gain=7390.13 4002.89 6118.75 5044.74 5505.5 5855.71 3981.79 5202.61 14828.2 11114.3 4980.96 5773.28 4612.72 5385.42
threshold=91.658325500000018 21.812500000000004 84.125000000000014 110.83558801624868 69.582031250000014 23.312500000000004 21.941145833333337 125.64656252604168 77.179687500000014 78.128906250000014 19.669270833333336 21.399479166666669 273.14664800000008 23.64283854166667
decision_type=2 2 2 2 2 2 2 2 2 2 2 2 2 2
left_child=-1 3 -3 4 5 -2 7 9 -9 -6 -10 -12 13 -8
right_child=1 2 -4 -5 6 -7 12 8 10 -11 11 -13 -14 -15
leaf_value=-0.037760833977895057 0.7844321165471636 0.074235663587164255 0.42659254115615186 -0.42721967173345166 -0.2909576679100852 0.041110014002169334 -0.23580907496233139 0.44498745570489479 -0.27326443978710802 0.095901697931464691 0.2766737631790559 -0.17531693597470432 0.03234083652952937 0.28382903212332167
leaf_weight=5858 46 2091 130 65 277 61 464 266 140 558 169 120 500 55
leaf_count=5858 46 2091 130 65 277 61 464 266 140 558 169 120 500 55
internal_value=0.000225523 0.0452512 0.0950426 0.00458926 0.0153137 0.364973 0.000498564 0.0514862 0.152446 -0.0326282 -0.029556 0.0890386 -0.0760334 -0.180302
internal_weight=10800 4942 2221 2721 2656 107 2549 1530 695 835 429 289 1019 519
internal_count=10800 4942 2221 2721 2656 107 2549 1530 695 835 429 289 1019 519
is_linear=0
shrinkage=0.05


Tree=95
num_leaves=15
num_cat=0
split_feature=52 65 64 24 0 9 47 47 51 54 25 24 32 22
split_gain=6826.2 3193.15 2947.39 3460.15 3066.92 4528.23 3386.59 8521.57 2864.9 2534.17 2418 4193.42 4150.89 4021.51
threshold=1.0000000180025095e-35 261.5324245000001 265.84829400000007 302.68069650000001 255.57108200000002 240.61717000000002 64.480468750000014 69.815104166666671 1.5000000000000002 0.87837969732492682 99.971251996581813 277.22543400000006 19.862500000000004 127.35229659895835
decision_type=2 2 2 2 2 2 2 2 2 2 2 2 2 2
left_child=-1 2 3 4 -2 -6 -7 -8 -9 -10 13 12 -12 -3
right_child=1 10 -4 -5 5 6 7 8 9 -11 11 -13 -14 -15
leaf_value=-0.039697945595716495 -0.0067382312826258159 0.13790247559147042 0.13746696729473931 -0.26498753912104617 0.54067337739056553 -0.34584107026457789 0.57672861269962639 -0.20687759517243617 0.0096159534170650526 0.38462876240412397 0.32136683750431988 0.16100458895928638 -0.14818678978237487 0.5500176719133405
leaf_weight=5377 3058 427 463 115 57 43 80 107 181 59 55 415 295 68
leaf_count=5377 3058 427 463 115 57 43 80 107 181 59 55 415 295 68
internal_value=0.000218968 0.0397973 0.0186782 0.00378041 0.0124735 0.123754 0.0721509 0.114953 0.00714095 0.10302 0.109504 0.0536699 -0.0736944 0.195511
internal_weight=10800 5423 4163 3700 3585 527 470 427 347 240 1260 765 350 495
internal_count=10800 5423 4163 3700 3585 527 470 427 347 240 1260 765 350 495
is_linear=0
shrinkage=0.05


Tree=96
num_leaves=15
num_cat=0
split_feature=65 64 4 31 8 26 24 47 65 25 47 46 32 34
split_gain=6214.91 2258.48 3409.48 2115.9 2193.47 2186.06 3810.85 2467.22 2848.53 3206.18 5946.91 2938.89 3214.88 3082.96
threshold=191.01635350000001 194.29537950000002 95.543330000000012 31.062500000000004 255.20086750000004 21.012500000000003 140.98005100000003 68.832031250000014 261.85281600000008 1.3929144002791032 84.575520833333357 80.192708333333357 19.962500000000002 20.944791666666671
decision_type=2 2 2 2 2 2 2 2 2 2 2 2 2 2
left_child=1 -1 -3 4 5 7 -7 -2 9 10 -9 -10 -13 -14
right_child=3 2 -4 -5 -6 6 -8 8 11 -11 -12 12 13 -15
leaf_value=-0.032974539629687404 -0.21400526243555562 0.016701463906436551 0.33216895975849847 -0.28512050329114902 -0.20491140050486334 0.38251886842844562 0.092989055057881853 -0.71209508638049279 0.47903260917826129 0.026372571261112879 0.084729215072897768 0.21006600539922202 -0.10519702828508251 0.21244343219173922
leaf_weight=6916 91 636 98 43 73 128 968 42 54 1013 51 333 244 110
leaf_count=6916 91 636 98 43 73 128 968 42 54 1013 51 333 244 110
internal_value=0.000216385 -0.0241225 0.0592157 0.059314 0.0641711 0.0707108 0.127121 0.0387601 0.0513227 0.000476619 -0.278874 0.127112 0.0987936 -0.00617479
internal_weight=10800 7650 734 3150 3107 3034 1096 1938 1847 1106 93 741 687 354
internal_count=10800 7650 734 3150 3107 3034 1096 1938 1847 1106 93 741 687 354
is_linear=0
shrinkage=0.05


Tree=97
num_leaves=15
num_cat=0
split_feature=52 30 49 51 24 24 30 25 24 22 40 42 47 31
split_gain=5721.84 2587.14 3141.64 4601.18 3671.1 6544.63 3494.02 3639.06 5168.76 5700.76 5116.68 4895.61 4659.97 4525.87
threshold=1.0000000180025095e-35 16.025000000000002 3.5000000000000004 2.5000000000000004 274.65417650000006 273.12119300000006 19.762500000000003 99.107873749544453 277.75656700000008 143.46396390625003 83.125000000000014 78.875000000000014 65.013020833333357 22.112500000000004
decision_type=2 2 2 2 2 2 2 2 2 2 2 2 2 2
left_child=-1 -2 3 6 5 -4 -3 10 11 12 13 -9 -10 -8
right_child=1 2 4 -5 -6 -7 7 8 9 -11 -12 -13 -14 -15
leaf_value=-0.036338740394471679 -0.25326805219642429 -0.25973793427600006 -0.021442003779532908 0.13009114460629242 0.085559863758652488 -0.44581854079187533 0.47570833102083548 -0.085887548906587757 0.67844794067469516 -0.090094340157449784 -0.14535156589783063 -0.64780126301379048 0.11676589131830856 0.095361786475229596
leaf_weight=5377 75 112 1435 1657 768 96 129 118 43 390 111 57 234 198
leaf_count=5377 75 112 1435 1657 768 96 129 118 43 390 111 57 234 198
internal_value=0.000206874 0.0364425 0.040552 0.0738204 -0.00358243 -0.0483258 0.00679184 0.0302978 -0.0305199 0.0330311 0.147015 -0.271552 0.206085 0.2464
internal_weight=10800 5423 5348 3049 2299 1531 1392 1280 842 667 438 175 277 327
internal_count=10800 5423 5348 3049 2299 1531 1392 1280 842 667 438 175 277 327
is_linear=0
shrinkage=0.05


Tree=98
num_leaves=15
num_cat=0
split_feature=65 64 13 8 21 51 47 17 51 32 41 25 2 1
split_gain=5386.66 3800.93 2217.13 2627.68 2086.6 3206.99 2070.26 2302.47 2253.27 2609.51 2445.74 2062.01 1780.99 1755.68
threshold=261.5324245000001 264.27020500000009 41.722284670994675 199.64899450000004 1.4088495625161608e-05 3.5000000000000004 85.757812500000014 1.9866838054813594e-05 3.5000000000000004 19.962500000000002 82.875000000000014 105.24096030238196 71.967546000000013 77.743842000000015
decision_type=2 2 2 2 2 2 2 2 2 2 2 2 2 2
left_child=1 2 -1 12 -3 11 7 -2 9 -9 -11 -6 -4 -14
right_child=6 4 3 -5 5 -7 -8 8 -10 10 -12 -13 13 -15
leaf_value=-0.024802902099170038 0.13044569775635115 0.013617132605291186 -0.12041914870099324 -0.17163507997086555 0.4136674359440804 0.60269926167196708 0.42314235082966212 0.43264448927508464 -0.14694040475111433 0.24436977011624905 -0.16391370139165742 0.053200430901830686 0.49731795371455312 0.15872379990242835
leaf_weight=8722 841 238 40 65 51 44 46 44 178 60 91 169 50 161
leaf_count=8722 841 238 40 65 51 44 46 44 178 60 91 169 50 161
internal_value=0.000194661 -0.0126416 -0.0200846 0.109815 0.121135 0.217646 0.0973165 0.0846325 -0.0187349 0.0984464 -0.00114148 0.138257 0.183092 0.240927
internal_weight=10800 9540 9038 316 502 264 1260 1214 373 195 151 220 251 211
internal_count=10800 9540 9038 316 502 264 1260 1214 373 195 151 220 251 211
is_linear=0
shrinkage=0.05


Tree=99
num_leaves=15
num_cat=0
split_feature=52 65 24 22 31 49 20 61 32 22 47 49 47 29
split_gain=4885.82 2328.58 2702.65 4136.93 3608.96 2870.82 3550.71 2599.36 2211.02 2156.87 2864.89 4596.53 3031.86 3739.18
threshold=0.097964660725097366 261.5324245000001 299.84416550000009 146.20216796354171 24.712500000000002 3.5000000000000004 124.06424400000002 -0.95642797789208678 26.512500000000003 143.60332484375002 74.242187500000014 3.5000000000000004 81.894531250000014 21.612500000000004
decision_type=2 2 2 2 2 2 2 2 2 2 2 2 2 2
left_child=-1 2 3 9 -5 -6 -7 -4 -9 10 11 -2 -12 -14
right_child=1 -3 7 4 5 6 -8 8 -10 -11 12 -13 13 -15
leaf_value=-0.031523918347604124 0.22616086081201164 0.095365330026614015 -0.49072620552757551 0.62782581007998928 -0.056696298277499724 0.0010690377517180011 0.62366562132932701 0.025779686703282442 -0.39024394470744017 -0.21567837770283221 -0.044452325110259511 0.0026255124580245792 0.050082966813949983 0.52327170636918818
leaf_weight=5715 385 1241 44 45 97 43 48 144 40 99 1703 569 583 44
leaf_count=5715 385 1241 44 45 97 43 48 144 40 99 1703 569 583 44
internal_value=0.00019577 0.0358445 0.016609 0.0271513 0.230472 0.132542 0.332681 -0.149977 -0.0662808 0.0130838 0.0200437 0.0929787 -0.00984602 0.0840696
internal_weight=10800 5085 3844 3616 233 188 91 228 184 3383 3284 954 2330 627
internal_count=10800 5085 3844 3616 233 188 91 228 184 3383 3284 954 2330 627
is_linear=0
shrinkage=0.05


Tree=100
num_leaves=15
num_cat=0
split_feature=52 49 46 39 65 7 22 36 42 64 51 42 36 36
split_gain=4435.91 2269.33 3578.38 5089.66 3930.77 4312.38 3076.01 2905.87 3174.26 2844.73 2761.83 3984.26 3396.4 6555.26
threshold=0.29012925520284133 3.5000000000000004 78.338541666666671 72.375000000000014 63.145266500000005 222.12260500000005 148.4124377447917 19.526302083333338 87.125000000000014 272.19199400000008 1.5000000000000002 78.875000000000014 22.750520833333336 21.497656250000002
decision_type=2 2 2 2 2 2 2 2 2 2 2 2 2 2
left_child=-1 6 3 -3 -5 -6 9 8 -4 10 11 -2 13 -12
right_child=1 2 7 4 5 -7 -8 -9 -10 -11 12 -13 -14 -15
leaf_value=-0.026413446003446119 0.061813114049008994 -0.1126434379155663 0.45978808066359272 -0.018788004463055619 0.6890733187848872 0.20181101779731003 -0.15744932891919894 -0.073656024304771736 0.011442679645040551 0.26015847930549713 0.13759140263137318 -0.26497841759676666 0.1990961080366174 -0.098476293556714431
leaf_weight=6393 271 164 53 107 65 150 140 1186 147 206 774 141 530 473
leaf_count=6393 271 164 53 107 65 150 140 1186 147 206 774 141 530 473
internal_value=0.000190364 0.0387803 -0.00297416 0.113628 0.228864 0.351631 0.0696034 -0.0439132 0.131951 0.082936 0.066147 -0.0503965 0.0931809 0.0480413
internal_weight=10800 4407 1872 486 322 215 2535 1386 200 2395 2189 412 1777 1247
internal_count=10800 4407 1872 486 322 215 2535 1386 200 2395 2189 412 1777 1247
is_linear=0
shrinkage=0.05


Tree=101
num_leaves=15
num_cat=0
split_feature=52 30 49 51 44 28 22 47 9 12 41 18 26 31
split_gain=4063.05 2333.19 2340.36 4011.99 3323.67 3817.74 3495.15 5515.31 5197.8 4240.2 3653.24 3817.95 3582.67 3427.06
threshold=1.0000000180025095e-35 16.025000000000002 3.5000000000000004 2.5000000000000004 83.031250000000014 20.512500000000003 143.52257702604172 72.183593750000014 196.22379650000002 118.32658800000002 77.875000000000014 31.933579375000004 24.512500000000003 23.212500000000002
decision_type=2 2 2 2 2 2 2 2 2 2 2 2 2 2
left_child=-1 -2 3 4 6 -6 7 9 13 -3 12 -12 -8 -9
right_child=1 2 -4 -5 5 -7 10 8 -10 -11 11 -13 -14 -15
leaf_value=-0.030609233262641419 -0.24439654231659677 0.13561376322459961 -0.0034677340124187103 0.11588322681364527 -0.35181118576894876 0.054167423305057354 -0.10941659897555607 0.30822440465275625 -0.16771495821766366 0.58693693971172689 -0.28563687685463163 0.26282796602420233 -0.58848230576515204 -0.017006083975774713
leaf_weight=5377 75 139 2299 1657 129 104 181 157 233 83 44 107 49 166
leaf_count=5377 75 139 2299 1657 129 104 181 157 233 83 44 107 49 166
internal_value=0.000186717 0.0307215 0.0346247 0.0633387 0.000752849 -0.171145 0.0354281 0.0961525 0.0118746 0.306227 -0.0884978 0.102183 -0.213584 0.141541
internal_weight=10800 5423 5348 3049 1392 233 1159 778 556 222 381 151 230 323
internal_count=10800 5423 5348 3049 1392 233 1159 778 556 222 381 151 230 323
is_linear=0
shrinkage=0.05


Tree=102
num_leaves=15
num_cat=0
split_feature=65 64 25 24 22 32 35 47 24 22 45 34 17 13
split_gain=3829.75 3055.9 1840.22 3315.73 3293.99 3283.35 2293.45 2593.52 2081.92 2014.74 1852.2 1834.99 1812.02 1796.91
threshold=261.5324245000001 264.27020500000009 99.971251996581813 277.22543400000006 127.35229659895835 19.862500000000004 21.242708333333336 75.221354166666671 278.51062050000002 135.87149117187502 90.010416666666671 19.960416666666671 1.1809109315730381e-05 41.722284670994675
decision_type=2 2 2 2 2 2 2 2 2 2 2 2 2 2
left_child=1 13 4 5 6 -4 10 -8 -5 -10 -2 -7 -3 -1
right_child=2 12 3 8 -6 11 7 -9 9 -11 -12 -13 -14 -15
leaf_value=-0.021569206364256577 -0.007473947085084743 0.041360131235414016 0.27160015294461382 0.42499013995895024 0.4778436857937039 -0.39576607659711677 0.083578386415134778 0.60254548571326527 0.4121242039260411 0.043789438695796296 0.32554851881399449 -0.083550206210734251 0.24214885716436105 0.099621500009641484
leaf_weight=8722 282 333 55 51 68 58 54 43 41 323 48 237 169 316
leaf_count=8722 282 333 55 51 68 58 54 43 41 323 48 237 169 316
internal_value=0.00017583 -0.0106476 0.082068 0.0333824 0.15709 -0.0798448 0.105013 0.317437 0.128838 0.0862931 0.0418029 -0.146065 0.109303 -0.0173214
internal_weight=10800 9540 1260 765 495 350 427 97 415 364 330 295 502 9038
internal_count=10800 9540 1260 765 495 350 427 97 415 364 330 295 502 9038
is_linear=0
shrinkage=0.05


Tree=103
num_leaves=15
num_cat=0
split_feature=65 64 21 43 17 9 55 30 31 36 65 37 30 51
split_gain=3462.91 2772.91 1821.3 2017.57 1771.92 1878.6 1719.65 3101.31 2262.86 2052.42 3130.66 4379.46 3717.78 3485.44
threshold=261.5324245000001 265.84829400000007 1.4088495625161608e-05 83.375000000000014 76.423149597557384 241.68896250000003 -0.56174490092936669 18.012500000000003 18.725000000000005 17.780729166666671 73.362583000000015 54.375000000000007 21.112500000000004 2.5000000000000004
decision_type=2 2 2 2 2 2 2 2 2 2 2 2 2 2
left_child=1 4 -3 -4 6 -6 7 8 -1 -8 -11 12 -12 -13
right_child=-2 2 3 -5 5 -7 9 -9 -10 10 11 13 -14 -15
leaf_value=-0.096853737698327155 0.078050037450212495 0.0065429289042173572 0.12310951973676035 0.46496137588431963 0.36158677980792331 0.030613715150584916 -0.14831386963019566 -0.043113925760880606 -0.54107795195146047 -0.026583245480828934 0.11113239715141909 -0.044836392077131533 0.68972173320486196 0.086474052059333575
leaf_weight=61 1260 224 183 56 60 145 244 2238 54 4093 69 877 46 1190
leaf_count=61 1260 224 183 56 60 145 244 2238 54 4093 69 877 46 1190
internal_value=0.00017869 -0.0101133 0.10911 0.204812 -0.016206 0.128769 -0.01957 -0.0562006 -0.308312 -0.00634176 -0.000798498 0.0475586 0.346519 0.0307661
internal_weight=10800 9540 463 239 9077 205 8872 2353 115 6519 6275 2182 115 2067
internal_count=10800 9540 463 239 9077 205 8872 2353 115 6519 6275 2182 115 2067
is_linear=0
shrinkage=0.05


Tree=104
num_leaves=15
num_cat=0
split_feature=52 30 24 24 22 51 47 31 22 22 36 49 25 31
split_gain=3127.51 2005.67 1903.22 3206.74 5637.15 4525.79 4533.99 7939.4 4047.8 3279.34 3115.19 2663.8 3779.41 3934.14
threshold=1.0000000180025095e-35 16.025000000000002 299.84416550000009 283.32550850000001 143.60332484375002 3.5000000000000004 69.101562500000014 23.962500000000002 141.27762205208333 146.20216796354171 26.432291666666668 2.5000000000000004 103.31627607694045 22.387500000000003
decision_type=2 2 2 2 2 2 2 2 2 2 2 2 2 2
left_child=-1 -2 3 4 8 6 7 -5 11 -6 -9 12 13 -3
right_child=1 2 -4 5 9 -7 -8 10 -10 -11 -12 -13 -14 -15
leaf_value=-0.026844248488067809 -0.22811155664293389 0.16923235243690823 -0.083552125267403979 0.88809646280800425 -0.60161509963701354 0.38335901568547404 -0.019289010446691127 -0.14893096642757672 0.25771008339666185 -0.10012603797789277 0.28390283579938114 -0.016737889774471271 -0.12808541318648345 0.0091008618955564658
leaf_weight=5377 75 815 341 40 52 144 431 68 188 86 104 2137 218 724
leaf_count=5377 75 815 341 40 52 144 431 68 188 86 104 2137 218 724
internal_value=0.000174623 0.0269643 0.0305835 0.0383718 0.021077 0.130964 0.0739327 0.262655 0.0317322 -0.292062 0.112911 0.0207588 0.0663487 0.0939557
internal_weight=10800 5423 5348 5007 4220 787 643 212 4082 138 172 3894 1757 1539
internal_count=10800 5423 5348 5007 4220 787 643 212 4082 138 172 3894 1757 1539
is_linear=0
shrinkage=0.05


Tree=105
num_leaves=15
num_cat=0
split_feature=65 64 17 24 24 22 21 39 65 36 57 60 42 42
split_gain=3028.49 2426.54 1656.83 2227.42 2131.21 1878.29 1647.22 1795.44 2620.7 1546.87 1804.59 3098.58 6303.67 4265.54
threshold=261.5324245000001 265.84829400000007 2.0018641137551049e-06 263.86678650000005 273.57706450000006 127.28854346354167 1.4088495625161608e-05 75.875000000000014 232.07051700000002 17.780729166666671 2.5000000000000004 -0.58216583101416164 82.875000000000014 67.125000000000014
decision_type=2 2 2 2 2 2 2 2 2 2 2 2 2 2
left_child=1 9 3 5 -5 -2 -3 -8 -9 -1 11 12 13 -11
right_child=2 6 -4 4 -6 -7 7 8 -10 10 -12 -13 -14 -15
leaf_value=-0.13908654760493308 0.17099805867157714 0.0045379304522648453 -0.00048353293112763621 -0.10295417595811562 0.12086654200393242 0.51612733135036393 0.011592753498222341 0.61743314570850805 0.16088194688183999 -0.22850453772005583 -0.030144495680749464 -0.013011046609444236 -0.010602355808700101 0.30680464351723019
leaf_weight=244 183 224 477 143 407 50 87 44 108 41 5305 2551 593 343
leaf_count=244 183 224 477 143 407 50 87 44 108 41 5305 2551 593 343
internal_value=0.000168845 -0.00945598 0.0729922 0.117697 0.0625919 0.246949 0.102073 0.193087 0.296213 -0.0151555 -0.0117167 0.0159937 0.0916624 0.249204
internal_weight=10800 9540 1260 783 550 233 463 239 152 9077 8833 3528 977 384
internal_count=10800 9540 1260 783 550 233 463 239 152 9077 8833 3528 977 384
is_linear=0
shrinkage=0.05


Tree=106
num_leaves=15
num_cat=0
split_feature=65 64 13 8 47 17 51 32 41 21 51 13 61 34
split_gain=2734.92 2195.53 1582.28 2256.38 1556.19 1854.19 1924.8 2212.34 1966.89 1430.42 2175.9 1313.38 4224.88 1371.72
threshold=261.5324245000001 261.98867700000005 41.722284670994675 199.64899450000004 85.757812500000014 1.9866838054813594e-05 3.5000000000000004 19.962500000000002 82.875000000000014 1.4088495625161608e-05 3.5000000000000004 35.446355820630309 -0.29012925520284105 16.614583333333339
decision_type=2 2 2 2 2 2 2 2 2 2 2 2 2 2
left_child=1 2 11 -4 5 -2 7 -7 -9 -3 -11 13 -13 -1
right_child=4 9 3 -5 -6 6 -8 8 -10 10 -12 12 -14 -15
leaf_value=-0.23847310549539069 0.099504778005687133 -0.002033792661085151 0.1647796826354164 -0.16458627966543038 0.35178962121618557 0.38174999329778886 -0.15279257640128113 0.20271959484432689 -0.16343134290174299 0.10009294526365314 0.4606369630210102 -0.57711128611117601 0.0098428346654948068 -0.014621557075554074
leaf_weight=68 841 252 246 65 46 44 178 60 91 263 49 43 101 8453
leaf_count=68 841 252 246 65 46 44 178 60 91 263 49 43 101 8453
internal_value=0.000166812 -0.00897961 -0.0149957 0.0956343 0.0693705 0.0583886 -0.034334 0.0740253 -0.0175644 0.0866227 0.158008 -0.0189769 -0.168199 -0.0164357
internal_weight=10800 9540 8976 311 1260 1214 373 195 151 564 312 8665 144 8521
internal_count=10800 9540 8976 311 1260 1214 373 195 151 564 312 8665 144 8521
is_linear=0
shrinkage=0.05


Tree=107
num_leaves=15
num_cat=0
split_feature=61 48 49 48 17 17 17 65 37 37 24 28 47 47
split_gain=2521.55 5795.5 3208.56 2657.03 2249.14 2805.45 2840.08 2629.05 2960.85 4904.17 2289.99 2013.62 1830.12 4645.42
threshold=-0.32143946530316164 22.375000000000004 3.5000000000000004 22.125000000000004 37.104270425335379 1.9866838054813594e-05 3.0723743743217493e-06 259.33671700000008 83.125000000000014 84.125000000000014 300.20324800000009 21.862500000000004 81.589843750000014 80.488281250000014
decision_type=2 2 2 2 2 2 2 2 2 2 2 2 2 2
left_child=4 3 -3 -2 5 6 7 8 10 -10 -1 -5 13 -11
right_child=1 2 -4 11 -6 -7 -8 -9 9 12 -12 -13 -14 -15
leaf_value=0.066372859301569068 -0.017493144807580688 -0.60341817580736601 -0.062972734503600067 0.045025400569041571 0.13729002407409643 -0.053260762407672017 0.17191472799759411 0.091817518588818092 -0.62145778254738882 -0.05139710729275191 -0.20031324643013854 0.4727983531231682 0.051442416842873755 -0.53290695692102108
leaf_weight=844 6287 64 48 65 437 1022 372 900 41 305 88 47 221 59
leaf_count=844 6287 64 48 65 437 1022 372 900 41 305 88 47 221 59
internal_value=0.000160592 -0.019447 -0.374406 -0.0131767 0.0299238 0.0177109 0.0433508 0.0238316 -0.0154751 -0.0994943 0.0410045 0.227133 -0.0619142 -0.13069
internal_weight=10800 6511 112 6399 4289 3852 2830 2458 1558 626 932 112 585 364
internal_count=10800 6511 112 6399 4289 3852 2830 2458 1558 626 932 112 585 364
is_linear=0
shrinkage=0.05


Tree=108
num_leaves=15
num_cat=0
split_feature=5 35 64 64 6 37 36 47 32 22 26 22 42 14
split_gain=2317.85 1482.25 1866.37 1556.05 2242.31 3010.46 4942.65 2515.93 2164.32 2131.19 2116.96 2016.62 1526.16 1837.01
threshold=24.000000000000004 19.413020833333338 97.655819500000021 102.83120150000001 206.87174400000004 54.875000000000007 25.886588541666672 68.201822916666686 27.637500000000003 141.46262681770835 23.487500000000004 147.99442397395833 70.125000000000014 37.518434958333351
decision_type=2 2 2 2 2 2 2 2 2 2 2 2 2 2
left_child=-1 2 -2 -3 5 6 9 10 12 -5 -6 -9 13 -7
right_child=1 3 -4 4 7 8 -8 11 -10 -11 -12 -13 -14 -15
leaf_value=0.026493263802458301 -0.039424140293999474 -0.027053708999318995 -0.26265769531019034 0.14157908079879625 -0.33093387633562088 0.0070238921757975487 -0.23959024068677712 0.16982104635191342 -0.28842471523532348 0.62805076281432637 0.12195492157462373 0.558851333335042 0.065563910993877914 -0.22582594068681305
leaf_weight=4708 302 4442 135 41 41 212 41 188 80 51 66 40 313 140
leaf_count=4708 302 4442 135 41 41 212 41 188 80 51 66 40 313 140
internal_value=0.00014744 -0.0202141 -0.108829 -0.0133482 0.0368223 -0.0052088 0.213001 0.146669 -0.0443977 0.415107 -0.0530393 0.240214 -0.0146521 -0.0859642
internal_weight=10800 6092 437 5655 1213 878 133 335 745 92 107 228 665 352
internal_count=10800 6092 437 5655 1213 878 133 335 745 92 107 228 665 352
is_linear=0
shrinkage=0.05


Tree=109
num_leaves=15
num_cat=0
split_feature=65 64 47 17 17 43 24 24 40 42 22 48 17 9
split_gain=2171.88 1801.01 1531.09 1514.33 1503.89 1724.17 1492.75 2048.34 1481.34 1515.42 1722.46 1466.51 1414.61 1631.09
threshold=262.22140250000007 265.84829400000007 85.757812500000014 2.0018641137551049e-06 1.1809109315730381e-05 83.875000000000014 263.86678650000005 273.57706450000006 85.375000000000014 69.125000000000014 136.82405300000002 2.1250000000000004 76.423149597557384 241.68896250000003
decision_type=2 2 2 2 2 2 2 2 2 2 2 2 2 2
left_child=1 12 3 6 -3 -6 11 -8 9 -5 -11 -2 -1 -14
right_child=2 4 -4 8 5 -7 7 -9 -10 10 -12 -13 13 -15
leaf_value=-0.015810730710103704 -0.060848015074485118 0.024880133534243665 0.34607114174970144 -0.086097316528039591 0.078288806849404383 0.41903947716759093 -0.1142006898744564 0.10888205970736858 -0.14823863317509869 0.30486368044133649 -0.023193416959391193 0.27042620504817338 0.33365949474152973 0.02528820831889976
leaf_weight=8901 41 321 45 123 94 61 139 388 151 82 77 172 60 145
leaf_count=8901 41 321 45 123 94 61 139 388 151 82 77 172 60 145
internal_value=0.000141482 -0.0078548 0.063003 0.0518581 0.0868539 0.214217 0.0952701 0.0499375 -0.0223819 0.0452952 0.146841 0.206673 -0.0128145 0.116725
internal_weight=10800 9582 1218 1173 476 155 740 527 433 282 159 213 9106 205
internal_count=10800 9582 1218 1173 476 155 740 527 433 282 159 213 9106 205
is_linear=0
shrinkage=0.05


Tree=110
num_leaves=15
num_cat=0
split_feature=65 52 52 36 34 47 47 55 24 24 16 24 24 37
split_gain=2004.85 2975.14 8322.94 2537.95 2829.6 5159.33 2577.12 2345.29 4206.45 3592.29 4309.8 4158.69 4904.99 3314.53
threshold=24.000000000000004 -0.41248606129204551 -0.35206144883412566 18.666666666666668 17.627083333333335 82.790364583333357 80.881510416666671 -0.22252093395631442 278.91518350000007 300.20324800000009 256.01193050000001 296.45735250000007 288.22990800000008 54.125000000000007
decision_type=2 2 2 2 2 2 2 2 2 2 2 2 2 2
left_child=-1 -2 -3 6 5 -5 -4 8 -6 11 -11 12 -10 -9
right_child=1 2 3 4 7 -7 -8 13 9 10 -12 -13 -14 -15
leaf_value=-0.024528049802251772 0.31997253127672054 -0.48851903397359964 -0.31759904156857677 0.46465795813030319 -0.067023396127941934 -0.14881292472558993 0.022254544081895249 0.32113272514496305 0.10888065996810659 -0.014101989349583163 -0.57697225326583501 0.32838129717856646 -0.23586956565154762 0.0425836262534008
leaf_weight=4672 80 80 108 94 1495 53 114 110 640 179 41 167 122 2845
leaf_count=4672 80 80 108 94 1495 53 114 110 640 179 41 167 122 2845
internal_value=0.00014118 0.01895 0.014916 0.0217451 0.0281635 0.243964 -0.143762 0.0224552 -0.0117541 0.0601543 -0.121137 0.103171 0.0534476 0.0530578
internal_weight=10800 6128 6048 5968 5746 147 222 5599 2644 1149 220 929 762 2955
internal_count=10800 6128 6048 5968 5746 147 222 5599 2644 1149 220 929 762 2955
is_linear=0
shrinkage=0.05


Tree=111
num_leaves=15
num_cat=0
split_feature=65 64 21 39 65 47 17 48 55 30 65 36 17 39
split_gain=1889.06 1520.03 1422.01 1519.43 2288.1 1405.84 1333.77 1306.62 1347.08 2819.66 1957.07 4065.29 3555.76 5946.9
threshold=262.22140250000007 265.84829400000007 1.4088495625161608e-05 75.875000000000014 232.07051700000002 85.757812500000014 2.0018641137551049e-06 1.0000000180025095e-35 -0.56174490092936669 18.012500000000003 73.362583000000015 18.395963541666671 1.0026559406380949e-06 82.125000000000014
decision_type=2 2 2 2 2 2 2 2 2 2 2 2 2 2
left_child=1 7 -3 -4 -5 6 -2 -1 9 -9 -10 -12 13 -13
right_child=5 2 3 4 -6 -7 -8 8 10 -11 11 12 -14 -15
leaf_value=-0.18009521113545227 0.088823071015903199 -0.0093663925309023215 -0.00168357212924295 0.55851484941111673 0.1345152269212315 0.32999603877896849 -0.021591532407199732 -0.28329665299343026 -0.018535814413590181 -0.029579821994250074 -0.24053389798331587 0.16747219902368227 0.08976593421610847 -0.1733617836612007
leaf_weight=113 740 231 89 44 112 45 433 114 4199 2303 123 195 1691 368
leaf_count=113 740 231 89 44 112 45 433 114 4199 2303 123 195 1691 368
internal_value=0.000132892 -0.0073246 0.0796832 0.163341 0.256901 0.0587588 0.0480811 -0.011881 -0.00974757 -0.0416588 0.00198592 0.0382304 0.0535424 -0.0552233
internal_weight=10800 9582 476 245 156 1218 1173 9106 8993 2417 6576 2377 2254 563
internal_count=10800 9582 476 245 156 1218 1173 9106 8993 2417 6576 2377 2254 563
is_linear=0
shrinkage=0.05


Tree=112
num_leaves=15
num_cat=0
split_feature=61 48 65 48 16 43 17 17 4 65 37 37 22 27
split_gain=1720.41 4769.08 2910.3 2068.12 1891.68 3374.09 2171.14 2388.82 2046.1 1927.55 2520.51 4402.62 2164.54 3165.55
threshold=-0.32143946530316164 22.375000000000004 79.608916500000007 22.125000000000004 109.91834650000001 87.875000000000014 1.9866838054813594e-05 3.0723743743217493e-06 94.447084000000018 258.94589250000007 83.125000000000014 84.125000000000014 143.83039347916667 22.487500000000004
decision_type=2 2 2 2 2 2 2 2 2 2 2 2 2 2
left_child=4 3 -3 -2 6 -6 7 9 -8 10 12 -12 -1 -14
right_child=1 2 -4 -5 5 -7 8 -9 -10 -11 11 -13 13 -15
leaf_value=0.075053526654876163 -0.014188386245736526 -0.13696887363010729 -0.66223933461100559 0.2016311295396459 0.053205058040281 0.39780561344677146 -0.075273050051395354 0.15386482146406302 0.14302335898162888 0.075614678581536671 -0.58828680564072877 -0.057945159560005212 -0.32058684363406392 0.086903332314002768
leaf_weight=736 6287 70 42 112 354 88 896 372 121 913 41 579 93 96
leaf_count=736 6287 70 42 112 354 88 896 372 121 913 41 579 93 96
internal_value=0.00012815 -0.0160678 -0.338063 -0.01038 0.0247127 0.122556 0.013442 0.0359576 -0.0491857 0.0180579 -0.0159815 -0.093907 0.0362947 -0.11424
internal_weight=10800 6511 112 6399 4289 442 3847 2830 1017 2458 1545 620 925 189
internal_count=10800 6511 112 6399 4289 442 3847 2830 1017 2458 1545 620 925 189
is_linear=0
shrinkage=0.05


Tree=113
num_leaves=15
num_cat=0
split_feature=5 53 31 46 24 25 25 47 40 39 25 25 47 46
split_gain=1578.16 1440.21 2283.2 2216.29 2070.78 5181.27 3538.96 2360.62 2789.91 2753.87 2903.04 2111.64 2069.06 2851.93
threshold=24.000000000000004 0.68322629814330826 30.012500000000003 78.609375000000014 274.65417650000006 103.78186874622266 110.31850246685552 69.101562500000014 85.375000000000014 72.875000000000014 105.14883836263762 104.44557423686149 81.894531250000014 86.296875000000014
decision_type=2 2 2 2 2 2 2 2 2 2 2 2 2 2
left_child=1 2 4 -4 5 12 7 9 -9 -6 -11 -7 13 -1
right_child=-2 -3 3 -5 6 11 -8 8 -10 10 -12 -13 -14 -15
leaf_value=0.023605531300862057 -0.016682649205314065 0.067262324243652374 -0.059432502614398454 -0.46759488233860502 0.027173961070366206 -0.4049089287887328 -0.11579924131277948 -0.019773474074776795 0.24713995516300202 0.64728610781021423 0.19558353179267474 -0.1043554856804096 0.1092620166958044 -0.13238695730121539
leaf_weight=1352 6092 1273 115 46 79 99 179 301 144 63 83 143 458 373
leaf_count=1352 6092 1273 115 46 79 99 179 301 144 63 83 143 458 373
internal_value=0.000118648 0.0218579 0.0050165 -0.178217 0.0140787 -0.00945641 0.0812342 0.133969 0.066959 0.265616 0.393574 -0.228469 0.0149161 -0.0101822
internal_weight=10800 4708 3435 161 3274 2425 849 670 445 225 146 242 2183 1725
internal_count=10800 4708 3435 161 3274 2425 849 670 445 225 146 242 2183 1725
is_linear=0
shrinkage=0.05


Tree=114
num_leaves=15
num_cat=0
split_feature=65 13 43 25 22 24 32 35 47 24 45 34 22 35
split_gain=1535.17 1325.47 1940.42 1271.99 2714.91 2164.35 2574.24 1801.52 2307.4 1673.2 1522.34 1489.56 1439.94 1297.27
threshold=262.22140250000007 41.722284670994675 86.875000000000014 99.971251996581813 127.35229659895835 277.22543400000006 19.862500000000004 21.242708333333336 75.221354166666671 278.51062050000002 90.010416666666671 19.960416666666671 136.98705236979171 21.782291666666669
decision_type=2 2 2 2 2 2 2 2 2 2 2 2 2 2
left_child=1 -1 -3 4 7 6 -5 10 -9 -7 -2 -8 -11 -14
right_child=3 2 -4 5 -6 9 11 8 -10 12 -12 -13 13 -15
leaf_value=-0.010397930633215167 -0.033280118189050238 0.033513175587187402 0.33354469882754184 0.23090559606041228 0.41408463521775873 0.36208551104366782 -0.36640927925192079 0.041787919476628306 0.53677311539649963 0.32654476754722145 0.27181235421448946 -0.082498126519372286 -0.20579112938266589 0.062529301225959538
leaf_weight=9201 275 317 64 55 65 49 57 54 41 41 47 232 54 248
leaf_count=9201 275 317 64 55 65 49 57 54 41 41 47 232 54 248
internal_value=0.000112699 -0.00661006 0.0846534 0.0529626 0.116013 0.0115704 -0.079835 0.068671 0.258779 0.0917823 0.0119557 -0.139565 0.0522272 0.0140306
internal_weight=10800 9582 381 1218 482 736 344 417 95 392 322 289 343 302
internal_count=10800 9582 381 1218 482 736 344 417 95 392 322 289 343 302
is_linear=0
shrinkage=0.05


Tree=115
num_leaves=15
num_cat=0
split_feature=64 38 47 45 47 33 36 55 30 65 36 22 36 47
split_gain=1413.46 1793.16 2671.47 2983.43 2154.37 2243.09 3364.25 1564.84 3038.33 2038.87 3609.67 3172.72 3607.82 4327.77
threshold=226.75070750000003 70.625000000000014 77.669270833333357 90.010416666666671 78.256510416666671 20.940625000000004 21.282552083333339 -0.56174490092936669 18.012500000000003 80.564241500000009 18.666666666666668 147.55319502604172 24.648697916666666 64.203125000000014
decision_type=2 2 2 2 2 2 2 2 2 2 2 2 2 2
left_child=7 -2 3 -3 -4 6 -6 8 -1 -9 -11 12 -12 -14
right_child=1 2 4 -5 5 -7 -8 9 -10 10 11 -13 13 -15
leaf_value=-0.31841303243073732 -0.12034070664704535 0.076097186733821584 -0.2057603388641249 0.47777027829239771 0.08538912347167249 0.15459318971283542 -0.17587160851306671 -0.017128606457266968 -0.033331455118015982 -0.15615733096430315 0.054896698444461205 -0.24436403487809005 -0.15075315812691337 0.43429573330195681
leaf_weight=97 172 1290 135 47 246 196 245 4206 2030 205 1680 79 41 131
leaf_count=97 172 1290 135 47 246 196 245 4206 2030 205 1680 79 41 131
internal_value=0.00011593 0.0345856 0.0469781 0.0905639 -0.0239391 0.0120371 -0.0450677 -0.00937444 -0.0464759 0.00307412 0.0428447 0.0640412 0.0773215 0.294771
internal_weight=10800 2331 2159 1337 822 687 491 8469 2127 6342 2136 1931 1852 172
internal_count=10800 2331 2159 1337 822 687 491 8469 2127 6342 2136 1931 1852 172
is_linear=0
shrinkage=0.05


end of trees

feature_importances:
consumo_alvo_semana_anterior=252
temperatura_externa_c_media_1440m=175
umidade_relativa_pct_media_1440m=73
consumo_max_1440m=71
origem_hora=69
origem_hora_sin=67
temperatura_externa_c_lag_360m=66
consumo_std_1440m=65
consumo_mean_1440m=56
consumo_alvo_dia_anterior=54
temperatura_externa_c_lag_1440m=42
temperatura_externa_c_media_360m=35
consumo_std_180m=34
umidade_relativa_pct_media_360m=33
origem_hora_cos=33
origem_mes=31
temperatura_externa_c_lag_720m=30
temperatura_externa_c_media_180m=28
alvo_hora_sin=27
umidade_relativa_pct_atual=26
origem_dia_semana=23
umidade_relativa_pct_lag_1440m=20
temperatura_externa_c_lag_180m=19
temperatura_externa_c_media_60m=18
consumo_lag_1440m=17
consumo_mean_360m=17
temperatura_externa_c_atual=17
consumo_std_360m=16
alvo_hora_cos=15
consumo_lag_180m=14
consumo_lag_10080m=14
umidade_relativa_pct_lag_720m=14
consumo_max_180m=13
umidade_relativa_pct_lag_360m=13
consumo_lag_15m=12
alvo_dia_semana=12
umidade_relativa_pct_lag_180m=9
temperatura_externa_c_lag_15m=8
origem_semana_cos=8
consumo_lag_720m=7
temperatura_externa_c_lag_60m=7
umidade_relativa_pct_media_180m=7
consumo_atual_kw=6
consumo_std_60m=6
umidade_relativa_pct_lag_60m=6
umidade_relativa_pct_media_60m=6
consumo_lag_360m=5
consumo_mean_180m=5
consumo_max_360m=4
origem_semana_sin=4
consumo_lag_120m=3
consumo_mean_60m=3
umidade_relativa_pct_lag_15m=3
consumo_max_60m=2
alvo_hora=2
consumo_lag_30m=1
alvo_semana_sin=1

parameters:
[boosting: gbdt]
[objective: regression]
[metric: l1]
[tree_learner: serial]
[device_type: cpu]
[data_sample_strategy: bagging]
[data: ]
[valid: ]
[num_iterations: 400]
[learning_rate: 0.05]
[num_leaves: 15]
[num_threads: 2]
[seed: 20260905]
[deterministic: 1]
[force_col_wise: 1]
[force_row_wise: 0]
[histogram_pool_size: -1]
[max_depth: -1]
[min_data_in_leaf: 40]
[min_sum_hessian_in_leaf: 0.001]
[bagging_fraction: 1]
[pos_bagging_fraction: 1]
[neg_bagging_fraction: 1]
[bagging_freq: 0]
[bagging_seed: 23218]
[bagging_by_query: 0]
[feature_fraction: 1]
[feature_fraction_bynode: 1]
[feature_fraction_seed: 28090]
[extra_trees: 0]
[extra_seed: 14360]
[early_stopping_round: 0]
[early_stopping_min_delta: 0]
[first_metric_only: 0]
[max_delta_step: 0]
[lambda_l1: 0]
[lambda_l2: 1]
[linear_lambda: 0]
[min_gain_to_split: 0]
[drop_rate: 0.1]
[max_drop: 50]
[skip_drop: 0.5]
[xgboost_dart_mode: 0]
[uniform_drop: 0]
[drop_seed: 16970]
[top_rate: 0.2]
[other_rate: 0.1]
[min_data_per_group: 100]
[max_cat_threshold: 32]
[cat_l2: 10]
[cat_smooth: 10]
[max_cat_to_onehot: 4]
[top_k: 20]
[monotone_constraints: ]
[monotone_constraints_method: basic]
[monotone_penalty: 0]
[feature_contri: ]
[forcedsplits_filename: ]
[refit_decay_rate: 0.9]
[cegb_tradeoff: 1]
[cegb_penalty_split: 0]
[cegb_penalty_feature_lazy: ]
[cegb_penalty_feature_coupled: ]
[path_smooth: 0]
[interaction_constraints: ]
[verbosity: -1]
[saved_feature_importance_type: 0]
[use_quantized_grad: 0]
[num_grad_quant_bins: 4]
[quant_train_renew_leaf: 0]
[stochastic_rounding: 1]
[linear_tree: 0]
[max_bin: 255]
[max_bin_by_feature: ]
[min_data_in_bin: 3]
[bin_construct_sample_cnt: 200000]
[data_random_seed: 5037]
[is_enable_sparse: 1]
[enable_bundle: 1]
[use_missing: 1]
[zero_as_missing: 0]
[feature_pre_filter: 1]
[pre_partition: 0]
[two_round: 0]
[header: 0]
[label_column: ]
[weight_column: ]
[group_column: ]
[ignore_column: ]
[categorical_feature: ]
[forcedbins_filename: ]
[precise_float_parser: 0]
[parser_config_file: ]
[objective_seed: 15411]
[num_class: 1]
[is_unbalance: 0]
[scale_pos_weight: 1]
[sigmoid: 1]
[boost_from_average: 1]
[reg_sqrt: 0]
[alpha: 0.9]
[fair_c: 1]
[poisson_max_delta_step: 0.7]
[tweedie_variance_power: 1.5]
[lambdarank_truncation_level: 30]
[lambdarank_norm: 1]
[label_gain: ]
[lambdarank_position_bias_regularization: 0]
[eval_at: ]
[multi_error_top_k: 1]
[auc_mu_weights: ]
[num_machines: 1]
[local_listen_port: 12400]
[time_out: 120]
[machine_list_filename: ]
[machines: ]
[gpu_platform_id: -1]
[gpu_device_id: -1]
[gpu_device_id_list: ]
[gpu_use_dp: 0]
[num_gpu: 1]

end of parameters

pandas_categorical:[]
