tree
version=v4
num_class=1
num_tree_per_iteration=1
label_index=0
max_feature_idx=65
objective=regression
feature_names=consumo_atual_kw consumo_lag_15m consumo_lag_30m consumo_lag_60m consumo_lag_120m consumo_lag_180m consumo_lag_360m consumo_lag_720m consumo_lag_1440m consumo_lag_10080m consumo_mean_60m consumo_min_60m consumo_max_60m consumo_std_60m consumo_mean_180m consumo_min_180m consumo_max_180m consumo_std_180m consumo_mean_360m consumo_min_360m consumo_max_360m consumo_std_360m consumo_mean_1440m consumo_min_1440m consumo_max_1440m consumo_std_1440m temperatura_externa_c_atual temperatura_externa_c_lag_15m temperatura_externa_c_lag_60m temperatura_externa_c_lag_180m temperatura_externa_c_lag_360m temperatura_externa_c_lag_720m temperatura_externa_c_lag_1440m temperatura_externa_c_media_60m temperatura_externa_c_media_180m temperatura_externa_c_media_360m temperatura_externa_c_media_1440m umidade_relativa_pct_atual umidade_relativa_pct_lag_15m umidade_relativa_pct_lag_60m umidade_relativa_pct_lag_180m umidade_relativa_pct_lag_360m umidade_relativa_pct_lag_720m umidade_relativa_pct_lag_1440m umidade_relativa_pct_media_60m umidade_relativa_pct_media_180m umidade_relativa_pct_media_360m umidade_relativa_pct_media_1440m origem_hora origem_dia_semana origem_fim_de_semana origem_mes origem_hora_sin origem_hora_cos origem_semana_sin origem_semana_cos alvo_hora alvo_dia_semana alvo_fim_de_semana alvo_mes alvo_hora_sin alvo_hora_cos alvo_semana_sin alvo_semana_cos consumo_alvo_dia_anterior consumo_alvo_semana_anterior
feature_infos=[22.399999999999999:324.71375799999998] [22.399999999999999:324.71375799999998] [22.399999999999999:324.71375799999998] [22.399999999999999:324.71375799999998] [22.399999999999999:324.71375799999998] [22.399999999999999:324.71375799999998] [22.399999999999999:324.71375799999998] [22.399999999999999:324.71375799999998] [22.399999999999999:324.71375799999998] [22.399999999999999:324.71375799999998] [22.399999999999999:321.24876725000001] [22.399999999999999:318.278571] [22.399999999999999:324.71375799999998] [0:82.540869055199337] [22.399999999999999:313.28577408333337] [22.399999999999999:302.53573799999998] [22.399999999999999:324.71375799999998] [0:92.970139865692389] [22.399999999999999:295.13563500000004] [22.399999999999999:249.29458700000001] [22.399999999999999:324.71375799999998] [0:116.53386463160022] [23.200000000000003:159.49963871874999] none [25.600000000000001:324.71375799999998] [1.3929144002343703:128.71471884334804] [15:33.700000000000003] [15:33.700000000000003] [15:33.700000000000003] [15:33.700000000000003] [15:33.700000000000003] [15:33.700000000000003] [15:33.700000000000003] [15:33.4375] [15:32.71875] [15.333333333333334:31.620833333333334] [16.439843749999998:27.283072916666669] [31:98] [31:98] [31:98] [31:98] [31:98] [31:98] [31:98] [32.5:95.625] [33.666666666666664:95.083333333333329] [37.041666666666664:94] [59.309895833333336:91.638020833333329] [0:23.75] [0:6] [0:1] [1:4] [-1:1] [-1:1] [-0.97492791218182362:0.97492791218182362] [-0.90096886790241903:1] [0:23.75] [0:6] [0:1] [1:4] [-1:1] [-1:1] [-0.97492791218182362:0.97492791218182362] [-0.90096886790241903:1] [22.399999999999999:324.71375799999998] [22.399999999999999:324.71375799999998]
tree_sizes=1392 1414 1413 1418 1421 1418 1423 1421 1425 1427 1419 1416 1411 1422 1413 1408 1420 1414 1432 1415 1408 1411 1411 1419 1411 1426 1424 1420 1417 1411 1427 1414 1421 1420 1437 1417 1412 1429 1426 1423 1429 1423 1439 1434 1423 1421 1425 1435 1423 1437 1431 1433 1440 1435 1436 1412 1421 1431 1438 1442 1438 1437 1425 1428 1429 1435 1429 1434 1427 1431 1424 1425 1427 1438 1429 1412 1426 1425 1425 1426 1432 1424 1420 1433 1429 1426 1441 1440 1435 1438 1444 1438 1437 1425 1441 1434 1415 1412 1437 1420 1441 1419 1427 1436 1422 1440 1442 1413 1434 1437 1442 1447 1449 1436 1447

Tree=0
num_leaves=15
num_cat=0
split_feature=65 65 65 60 53 34 36 34 53 2 31 17 35 52
split_gain=8.94128e+07 9.63685e+06 3.34983e+06 306314 257275 240552 208188 140839 133796 104872 60859.2 50580.8 48172.8 39664.6
threshold=156.28901650000003 42.523274000000008 230.45112850000001 -0.8814490726585632 -0.58216583101416131 19.960416666666671 22.638802083333342 19.938541666666669 -0.097964660725097366 71.967546000000013 24.962500000000002 2.4022257355649861e-05 21.626562500000002 0.93540483100319638
decision_type=2 2 2 2 2 2 2 2 2 2 2 2 2 2
left_child=1 -1 4 12 -2 11 -5 13 -7 -9 -8 -4 -3 -6
right_child=2 3 5 6 7 8 10 9 -10 -11 -12 -13 -14 -15
leaf_value=103.96443414493703 109.49596999742893 109.3993486677922 115.210953055348 107.28406960909244 111.52676149098994 113.43037250827057 108.15888316129015 113.63306373810511 116.1578451914027 112.46870163615465 109.05244207243035 114.08233285892776 110.96701982604132 112.79380786984984
leaf_weight=5442 66 205 454 645 265 54 525 442 1655 401 298 189 65 94
leaf_count=5442 66 205 454 645 265 54 525 442 1655 401 298 189 65 94
internal_value=108.23 104.999 114.636 108.241 112.558 115.754 107.956 112.725 116.075 113.085 108.483 114.889 109.785 111.87
internal_weight=10800 7180 3620 1738 1268 2352 1468 1202 1709 843 823 643 270 359
internal_count=10800 7180 3620 1738 1268 2352 1468 1202 1709 843 823 643 270 359
is_linear=0
shrinkage=1


Tree=1
num_leaves=15
num_cat=0
split_feature=65 65 65 60 53 34 36 36 53 2 36 31 48 17
split_gain=8.0706e+07 8.69789e+06 3.02284e+06 276680 232155 216837 188017 127750 120254 63276.4 56065.8 55329.8 46473.7 45555.3
threshold=156.28901650000003 42.523274000000008 230.45112850000001 -0.8814490726585632 -0.58216583101416131 19.960416666666671 22.610416666666669 23.063020833333336 -0.097964660725097366 71.967546000000013 18.395963541666671 24.962500000000002 7.3750000000000009 2.4022257355649861e-05
decision_type=2 2 2 2 2 2 2 2 2 2 2 2 2 2
left_child=1 -1 4 -3 -2 13 -5 10 -7 -9 -6 -8 -12 -4
right_child=2 3 5 6 7 8 11 9 -10 -11 12 -13 -14 -15
leaf_value=-4.0520748451705284 1.2038684788034923 1.478658981786223 6.6329246956961505 -0.90214463761424502 2.1408318897463241 4.9453337652033031 -0.06911913632353732 5.3661478477836457 7.5319440878531783 4.2127614604102241 4.4185709091924847 0.78170959160080722 3.482525132546058 5.5615083072060036
leaf_weight=5442 66 270 454 641 52 54 529 297 1655 251 278 298 324 189
leaf_count=5442 66 270 454 641 52 54 529 297 1655 251 278 298 324 189
internal_value=0.000204391 -3.06877 6.08644 0.0107175 4.11304 7.14813 -0.260095 4.27165 7.45315 4.8465 3.78331 0.238041 3.9214 6.32712
internal_weight=10800 7180 3620 1738 1268 2352 1468 1202 1709 548 654 827 602 643
internal_count=10800 7180 3620 1738 1268 2352 1468 1202 1709 548 654 827 602 643
is_linear=0
shrinkage=0.05


Tree=2
num_leaves=15
num_cat=0
split_feature=65 65 65 53 60 34 36 36 53 52 2 64 53 36
split_gain=7.28505e+07 7.70093e+06 2.83981e+06 252910 228502 195459 170125 121454 108081 59633.3 51819 50522.6 41052.9 45074.9
threshold=151.48849750000002 42.523274000000008 230.45112850000001 -0.58216583101416131 -0.8814490726585632 19.960416666666671 22.610416666666669 23.063020833333336 -0.097964660725097366 0.93540483100319638 86.97779300000002 190.05536400000003 -0.097964660725097366 18.395963541666671
decision_type=2 2 2 2 2 2 2 2 2 2 2 2 2 2
left_child=1 -1 3 -2 -3 12 -6 11 -7 -9 -8 -5 -4 -14
right_child=2 4 5 7 6 8 10 9 -10 -11 -12 -13 13 -15
leaf_value=-3.8495082049954146 1.1083074681460858 1.3762899413822205 4.2452027093796501 3.2080838322929512 -0.86075452375976325 4.7025627691095524 0.77736831764123826 4.3150776716710215 7.1555746511560718 5.6949647154126852 -0.058433347800064275 4.1550127778187331 4.8910348182500805 6.3177918482010895
leaf_weight=5442 79 253 41 410 638 54 280 442 1655 111 545 248 85 517
leaf_count=5442 79 253 41 410 638 54 280 442 1655 111 545 248 85 517
internal_value=0.00039211 -2.92873 5.75652 3.86615 -0.00810053 6.79125 -0.248283 4.045 7.08086 4.60183 0.22583 3.57074 6.01171 6.12478
internal_weight=10800 7158 3642 1290 1716 2352 1463 1211 1709 553 825 658 643 602
internal_count=10800 7158 3642 1290 1716 2352 1463 1211 1709 553 825 658 643 602
is_linear=0
shrinkage=0.05


Tree=3
num_leaves=15
num_cat=0
split_feature=65 65 65 60 53 34 36 34 53 2 31 35 17 52
split_gain=6.5762e+07 7.08291e+06 2.45999e+06 225663 188901 176075 155642 110675 97138.6 81194 63849.9 43282.4 38232.9 33450.9
threshold=156.28901650000003 42.523274000000008 230.45112850000001 -0.8814490726585632 -0.58216583101416131 19.960416666666671 21.914973958333338 19.938541666666669 -0.097964660725097366 71.967546000000013 24.962500000000002 21.626562500000002 2.4022257355649861e-05 0.93540483100319638
decision_type=2 2 2 2 2 2 2 2 2 2 2 2 2 2
left_child=1 -1 4 11 -2 12 -5 13 -7 -9 -8 -3 -4 -6
right_child=2 3 5 6 7 8 10 9 -10 -11 -12 -13 -14 -15
leaf_value=-3.6570680573782499 1.0899851952026141 0.97007815526093089 5.9915240646194627 -0.95513546313543329 2.7884107586136437 4.4717097958651459 -0.15147625085531205 4.6570964553824394 6.7980117705709127 3.6344659534852894 0.70980404484959037 2.4534106666391549 5.0136622840479808 3.9423782388787525
leaf_weight=5442 66 205 454 496 265 54 652 442 1655 401 320 65 189 94
leaf_count=5442 66 205 454 496 265 54 652 442 1655 401 320 65 189 94
internal_value=0.000572411 -2.76973 5.49451 0.00919608 3.71428 6.45227 -0.235377 3.85735 6.72716 4.17553 0.132511 1.33491 5.71233 3.10068
internal_weight=10800 7180 3620 1738 1268 2352 1468 1202 1709 843 972 270 643 359
internal_count=10800 7180 3620 1738 1268 2352 1468 1202 1709 843 972 270 643 359
is_linear=0
shrinkage=0.05


Tree=4
num_leaves=15
num_cat=0
split_feature=65 65 65 60 53 53 26 36 34 2 2 36 36 17
split_gain=5.93583e+07 6.39277e+06 2.2213e+06 203837 178406 167549 149507 140500 99969.3 65177.1 58378.9 40186.3 32424.7 29304.6
threshold=156.28901650000003 42.523274000000008 228.40515950000002 -0.8814490726585632 -0.097964660725097366 -0.58216583101416131 19.012500000000003 21.914973958333338 19.938541666666669 71.967546000000013 86.131610500000008 22.950130208333338 18.395963541666671 2.2746480028614838e-05
decision_type=2 2 2 2 2 2 2 2 2 2 2 2 2 2
left_child=1 -1 5 11 -4 -2 -6 -5 12 -10 -9 -3 -7 -8
right_child=2 3 4 7 6 8 13 10 9 -11 -12 -13 -14 -15
leaf_value=-3.4742483343334296 1.0362993610439017 0.63326159318288167 4.0288770675659178 -0.90747478238945944 5.4029090333081449 1.6823315564323875 6.5975869904725988 0.68570926262390997 4.3877825969361268 3.4606063183088951 -0.14185742911217067 1.8589555862971716 3.1148871873388231 6.042052745278256
leaf_weight=5442 66 131 105 496 493 50 1247 314 432 398 658 139 301 528
leaf_count=5442 66 131 105 496 493 50 1247 314 432 398 658 139 301 528
internal_value=0.000718564 -2.63125 5.22031 0.0088233 6.11884 3.50691 6.21378 -0.223622 3.64398 3.94788 0.125914 1.2688 2.91618 6.43583
internal_weight=10800 7180 3620 1738 2373 1247 2268 1468 1181 830 972 270 351 1775
internal_count=10800 7180 3620 1738 2373 1247 2268 1468 1181 830 972 270 351 1775
is_linear=0
shrinkage=0.05


Tree=5
num_leaves=15
num_cat=0
split_feature=65 65 65 53 60 53 33 36 36 52 48 48 27 36
split_gain=5.35784e+07 5.66058e+06 2.08823e+06 183336 167689 160757 135264 128889 94982.7 44553.4 43416 38387.6 32269.9 28926.8
threshold=151.48849750000002 42.523274000000008 228.40515950000002 -0.58216583101416131 -0.8814490726585632 -0.097964660725097366 19.003125000000004 22.638802083333342 22.733854166666671 0.93540483100319638 2.3750000000000004 7.3750000000000009 19.962500000000002 22.950130208333338
decision_type=2 2 2 2 2 2 2 2 2 2 2 2 2 2
left_child=1 -1 3 -2 12 -4 -7 -6 11 -10 -9 -5 -3 -8
right_child=2 4 5 8 7 6 13 10 9 -11 -12 -13 -14 -15
leaf_value=-3.300567711755324 0.94869606224354364 0.066729765118293038 3.829333677831686 3.4180461661020916 -0.74303822075313719 5.0912887447482937 5.8063309418931404 1.2721094316594741 3.6617165409383321 4.8117690280332406 0.07856464841078746 2.5607166437873161 1.4647685084455084 6.3055709731913065
leaf_weight=5442 79 52 105 269 642 454 745 84 503 117 737 301 201 1069
leaf_count=5442 79 52 105 269 642 454 745 84 503 117 737 301 201 1069
internal_value=0.000841989 -2.51114 4.93723 3.29559 -0.00713084 5.81337 5.90349 -0.212885 3.45046 3.88614 0.20208 2.97059 1.17882 6.10385
internal_weight=10800 7158 3642 1269 1716 2373 2268 1463 1190 620 821 570 253 1814
internal_count=10800 7158 3642 1269 1716 2373 2268 1463 1190 620 821 570 253 1814
is_linear=0
shrinkage=0.05


Tree=6
num_leaves=15
num_cat=0
split_feature=65 65 65 60 53 34 36 29 53 34 52 52 35 17
split_gain=4.83656e+07 5.20606e+06 1.80817e+06 166354 138565 132124 117748 88756.4 67751.6 54674.1 54405.5 47752.8 35842 32713.7
threshold=156.28901650000003 42.523274000000008 230.45112850000001 -0.8814490726585632 -0.58216583101416131 19.983333333333338 24.022526041666669 20.337500000000002 -0.097964660725097366 20.001041666666669 0.93540483100319638 0.93540483100319638 21.626562500000002 2.4022257355649861e-05
decision_type=2 2 2 2 2 2 2 2 2 2 2 2 2 2
left_child=1 -1 4 12 -2 13 9 11 -7 -5 -9 -6 -3 -4
right_child=2 3 5 6 7 8 -8 10 -10 -11 -12 -13 -14 -15
leaf_value=-3.135569813574322 0.93853092976470498 0.81442554174985704 5.1553637254903251 -1.0258733004241003 2.407952489678983 3.8473919994426229 0.48472606234303489 3.448569567633581 5.8344321147533051 -0.24440177823678161 4.6652905845642092 3.5914246704101567 2.163055070963773 4.2781068508441633
leaf_weight=5442 66 205 465 328 328 52 437 631 1641 703 119 124 65 194
leaf_count=5442 66 205 465 328 328 52 437 631 1641 703 119 124 65 194
internal_value=0.000963073 -2.37483 4.71252 0.00763206 3.18625 5.53365 -0.202356 3.30879 5.77571 -0.493771 3.64758 2.73983 1.14588 4.90399
internal_weight=10800 7180 3620 1738 1268 2352 1468 1202 1693 1031 750 452 270 659
internal_count=10800 7180 3620 1738 1268 2352 1468 1202 1693 1031 750 452 270 659
is_linear=0
shrinkage=0.05


Tree=7
num_leaves=15
num_cat=0
split_feature=65 65 65 60 53 53 28 36 36 2 2 36 17 45
split_gain=4.36562e+07 4.69876e+06 1.63249e+06 150270 134902 122915 111410 107400 81149 64500.8 49342.1 32741.3 30706.8 29075.6
threshold=156.28901650000003 42.523274000000008 228.40515950000002 -0.8814490726585632 -0.097964660725097366 -0.58216583101416131 19.012500000000003 21.914973958333338 20.71901041666667 70.579213000000024 86.131610500000008 22.950130208333338 2.2746480028614838e-05 82.739583333333357
decision_type=2 2 2 2 2 2 2 2 2 2 2 2 2 2
left_child=1 -1 5 11 -4 -2 -6 -5 -7 -10 -9 -3 13 -8
right_child=2 3 4 7 6 8 12 10 9 -11 -12 -13 -14 -15
leaf_value=-2.9788200909658191 0.89230477774321137 0.51611574680516215 3.4322333704750494 -0.79016361745857688 4.5934025640802068 2.2508395359579443 6.0094103581196556 0.62798315672965221 3.7377164346934819 2.889109638583276 -0.13283876655665713 1.6216301969332354 5.1364991325293961 5.4257153096570683
leaf_weight=5442 66 131 105 496 454 225 517 314 492 464 658 139 541 756
leaf_count=5442 66 131 105 496 454 225 517 314 492 464 658 139 541 756
internal_value=0.00106872 -2.25609 4.47737 0.00731348 5.24766 3.0085 5.33016 -0.192265 3.12591 3.32929 0.113334 1.08913 5.51191 5.6673
internal_weight=10800 7180 3620 1738 2373 1247 2268 1468 1181 956 972 270 1814 1273
internal_count=10800 7180 3620 1738 2373 1247 2268 1468 1181 956 972 270 1814 1273
is_linear=0
shrinkage=0.05


Tree=8
num_leaves=15
num_cat=0
split_feature=65 65 65 60 53 53 36 36 30 48 34 36 27 28
split_gain=3.94056e+07 4.24087e+06 1.47349e+06 135708 121579 110898 102892 100652 74487.8 60207.3 45927.9 32401.8 30747.4 30690.7
threshold=156.28901650000003 42.523274000000008 228.40515950000002 -0.8814490726585632 -0.097964660725097366 -0.58216583101416131 20.610677083333339 24.022526041666669 19.712500000000002 7.3750000000000009 19.917708333333337 22.950130208333338 19.962500000000002 21.612500000000004
decision_type=2 2 2 2 2 2 2 2 2 2 2 2 2 2
left_child=1 -1 5 12 -4 -2 -6 10 -7 -10 -5 -8 -3 -11
right_child=2 3 4 7 6 8 11 -9 9 13 -12 -13 -14 -15
leaf_value=-2.8299064147040927 0.84835543152111681 -0.031977251172065735 3.2622407202450732 -0.96960146205850162 4.236491614665062 2.0421363322522628 4.9438368916231044 0.45258075946316839 3.5893890501679602 2.4400370817455208 -0.23667313027319226 5.4216862017194805 1.300752844867481 3.2330226300612028
leaf_weight=5442 66 54 105 302 350 190 849 437 443 316 729 1069 216 232
leaf_count=5442 66 54 105 302 350 190 849 437 443 316 729 1069 216 232
internal_value=0.00116915 -2.1433 4.25397 0.00700078 4.98579 2.85846 5.06411 -0.182662 2.96999 3.14564 -0.452094 5.21285 1.03507 2.78103
internal_weight=10800 7180 3620 1738 2373 1247 2268 1468 1181 991 1031 1918 270 548
internal_count=10800 7180 3620 1738 2373 1247 2268 1468 1181 991 1031 1918 270 548
is_linear=0
shrinkage=0.05


Tree=9
num_leaves=15
num_cat=0
split_feature=65 65 65 53 36 53 36 36 60 48 36 65 34 36
split_gain=3.55693e+07 3.75484e+06 1.38509e+06 122528 112069 109555 92958.5 72347.1 58020.3 43214.7 36836.1 36744.9 36123.7 33303.6
threshold=151.48849750000002 42.523274000000008 228.40515950000002 -0.58216583101416131 23.614322916666669 -0.097964660725097366 20.338411458333336 23.077213541666669 -0.8814490726585632 9.3750000000000018 18.395963541666671 189.94579150000004 20.001041666666669 22.950130208333338
decision_type=2 2 2 2 2 2 2 2 2 2 2 2 2 2
left_child=1 -1 3 -2 8 -4 -7 10 -3 -6 -5 -12 -10 -8
right_child=2 4 5 7 9 6 13 -9 12 -11 11 -13 -14 -15
leaf_value=-2.6884370873567049 0.76786559268832211 0.60483279583851501 3.1006674568608124 1.1142076277265363 1.0731333696738983 3.9392868171743793 4.6825965019150368 3.2493538516521676 -0.8863741999166086 0.20904368610383994 2.0148662907736643 2.8557234501101307 -0.23327838035566467 5.1508551356948429
leaf_weight=5442 79 149 105 50 230 293 906 537 319 389 216 387 629 1069
leaf_count=5442 79 149 105 50 230 293 906 537 319 389 216 387 629 1069
internal_value=0.00123892 -2.04548 4.02333 2.68634 -0.00609165 4.73688 4.81123 2.81295 -0.309545 0.531324 2.44965 2.55836 -0.453746 4.93853
internal_weight=10800 7158 3642 1269 1716 2373 2268 1190 1097 619 653 603 948 1975
internal_count=10800 7158 3642 1269 1716 2373 2268 1190 1097 619 653 603 948 1975
is_linear=0
shrinkage=0.05


Tree=10
num_leaves=15
num_cat=0
split_feature=65 65 65 60 2 34 36 53 53 65 34 34 36 29
split_gain=3.21078e+07 3.45349e+06 1.19992e+06 112511 100200 91453.4 82288.2 54505.5 50651.6 45861.2 37619.3 34629.9 34320.9 28923.5
threshold=156.28901650000003 42.523274000000008 230.45112850000001 -0.8814490726585632 62.684561500000008 19.917708333333337 24.022526041666669 -0.58216583101416131 -0.097964660725097366 179.33854600000004 19.917708333333337 21.646875000000001 19.526302083333338 21.212500000000002
decision_type=2 2 2 2 2 2 2 2 2 2 2 2 2 2
left_child=1 -1 4 13 9 -4 10 -6 -7 -2 -5 -9 -11 -3
right_child=2 3 5 6 7 8 -8 11 -10 12 -12 -13 -14 -15
leaf_value=-2.5540398628729659 1.4194628953256392 0.64794630688313704 3.9542027635810792 -0.87867228344110504 0.76875051876265943 3.174774692904565 0.40768707159515388 1.9793088757206172 4.7515868810680812 1.8140943507758938 -0.21534037311771914 2.8055619862525978 3.2734501160981453 1.8643485661194874
leaf_weight=5442 43 206 604 302 66 61 437 348 1687 48 729 218 545 64
leaf_count=5442 43 206 604 302 66 61 437 348 1687 48 729 218 545 64
internal_value=0.00129253 -1.93444 3.84014 0.00600248 2.59681 4.50906 -0.166691 2.14329 4.69841 3.04341 -0.410306 2.30193 3.15858 0.942094
internal_weight=10800 7180 3620 1738 1268 2352 1468 632 1748 636 1031 566 593 270
internal_count=10800 7180 3620 1738 1268 2352 1468 632 1748 636 1031 566 593 270
is_linear=0
shrinkage=0.05


Tree=11
num_leaves=15
num_cat=0
split_feature=65 65 65 60 53 2 36 31 53 26 49 26 29 27
split_gain=2.89808e+07 3.11697e+06 1.08307e+06 101635 91718.6 82034.7 78184.7 76114.3 49626 47347 40843.2 32600.1 28932.7 26493.4
threshold=156.28901650000003 42.523274000000008 228.40515950000002 -0.8814490726585632 -0.097964660725097366 62.684561500000008 20.610677083333339 24.962500000000002 -0.58216583101416131 21.012500000000003 4.5000000000000009 19.012500000000003 21.162500000000005 19.962500000000002
decision_type=2 2 2 2 2 2 2 2 2 2 2 2 2 2
left_child=1 -1 5 13 -4 10 -6 9 -7 -5 12 -10 -2 -3
right_child=2 3 4 7 6 8 -8 -9 11 -11 -12 -13 -14 -15
leaf_value=-2.4263613744844701 2.6949963842950218 -0.09390684973109853 2.7803185678877922 -0.77913504852789894 3.6234936206089468 0.73088668309040927 4.4733701242265012 0.5040183257111418 1.3267053444248935 -0.10841217632463587 1.722430323878924 2.3675912901886509 3.4823564877793127 1.1420859698266272
leaf_weight=5442 327 54 105 414 350 66 1918 334 95 720 74 467 218 216
leaf_count=5442 327 54 105 414 350 66 1918 334 95 720 74 467 218 216
internal_value=0.00133534 -1.83772 3.64847 0.00575486 4.27589 2.45204 4.34387 -0.15838 2.04192 -0.35375 2.86416 2.19431 3.01574 0.895453
internal_weight=10800 7180 3620 1738 2373 1247 2268 1468 628 1134 619 562 545 270
internal_count=10800 7180 3620 1738 2373 1247 2268 1468 628 1134 619 562 545 270
is_linear=0
shrinkage=0.05


Tree=12
num_leaves=15
num_cat=0
split_feature=65 65 65 36 53 2 36 53 60 36 60 65 29 48
split_gain=2.61585e+07 2.81317e+06 977168 93048.7 82639 74091.1 71565.6 44772.5 43953.4 43315.6 43210.7 38526.9 30087.2 30040.1
threshold=156.28901650000003 42.523274000000008 228.40515950000002 23.424218750000005 -0.097964660725097366 62.684561500000008 22.709635416666668 -0.58216583101416131 -0.8814490726585632 18.395963541666671 -0.8814490726585632 179.33854600000004 20.262500000000003 2.3750000000000004
decision_type=2 2 2 2 2 2 2 2 2 2 2 2 2 2
left_child=1 -1 5 10 -4 11 9 -7 -5 -6 -3 -2 -9 -12
right_child=2 3 4 8 6 7 -8 12 -10 -11 13 -13 -14 -15
leaf_value=-2.305065609106526 1.237308385426348 0.47830470759155497 2.6426141023635865 1.3836012952331755 2.6649391750956695 0.69488780331700595 4.403200419146315 1.5784444984675634 0.29071820487870886 3.9109520108110996 0.43420788457519133 2.8300550044512627 2.3617832557931133 -0.50534461474632664
leaf_weight=5442 43 160 105 110 85 66 1196 201 543 987 94 576 361 831
leaf_count=5442 43 160 105 110 85 66 1196 201 543 987 94 576 361 831
internal_value=0.00136783 -1.74585 3.46636 0.00548622 4.06232 2.32993 4.12686 1.94017 0.476652 3.81473 -0.27826 2.72159 2.08492 -0.4095
internal_weight=10800 7180 3620 1738 2373 1247 2268 628 653 1072 1085 619 562 925
internal_count=10800 7180 3620 1738 2373 1247 2268 628 653 1072 1085 619 562 925
is_linear=0
shrinkage=0.05


Tree=13
num_leaves=15
num_cat=0
split_feature=65 65 65 36 53 53 28 36 15 36 17 52 45 65
split_gain=2.36112e+07 2.49093e+06 918648 82523.3 82036.4 74466.1 66297.9 57594.9 52973.8 30929.4 30916.8 29486.7 26998.3 26286.6
threshold=151.48849750000002 42.523274000000008 228.40515950000002 22.431770833333335 -0.58216583101416131 -0.097964660725097366 19.012500000000003 23.077213541666669 72.23584750000002 18.395963541666671 2.2746480028614838e-05 0.93540483100319638 82.739583333333357 189.94579150000004
decision_type=2 2 2 2 2 2 2 2 2 2 2 2 2 2
left_child=1 -1 4 -3 -2 -4 -7 9 -5 -6 12 -9 -8 -11
right_child=2 3 5 8 7 6 10 11 -10 13 -12 -13 -14 -15
leaf_value=-2.1898335259385173 0.61989068722352392 -0.40968144621003155 2.511729920135354 0.65913951723906261 0.7555866556150802 3.3548822453257801 4.515586066522193 2.4869364766416879 -0.071868404825050053 1.6113476034683019 3.7098317709356219 3.4686583372262811 3.9893257244417502 2.3205302784123374
leaf_weight=5442 79 726 105 492 50 454 517 434 498 216 541 103 756 387
leaf_count=5442 79 726 105 492 50 454 517 434 498 216 541 103 756 387
internal_value=0.00140173 -1.66616 3.27838 -0.00509316 2.18954 3.85949 3.92076 2.29313 0.291719 1.97028 4.06045 2.68133 4.20643 2.06958
internal_weight=10800 7158 3642 1716 1269 2373 2268 1190 990 653 1814 537 1273 603
internal_count=10800 7158 3642 1716 1269 2373 2268 1190 990 653 1814 537 1273 603
is_linear=0
shrinkage=0.05


Tree=14
num_leaves=15
num_cat=0
split_feature=65 65 65 60 28 2 34 31 48 36 35 17 31 48
split_gain=2.13156e+07 2.3778e+06 730184 87692.8 68116.8 66052.3 63306.8 42244.9 36305.6 35695.1 34526.5 32859.6 22892.7 15185.4
threshold=162.68421800000002 63.145266500000005 230.45112850000001 -0.8814490726585632 20.487500000000004 62.684561500000008 20.001041666666669 23.162500000000005 6.3750000000000009 22.79322916666667 18.693750000000005 2.2746480028614838e-05 21.712500000000002 2.3750000000000004
decision_type=2 2 2 2 2 2 2 2 2 2 2 2 2 2
left_child=1 -1 5 12 11 9 -5 -8 -6 -2 -7 -4 -3 -9
right_child=2 3 4 6 8 10 7 13 -10 -11 -12 -13 -14 -15
leaf_value=-2.0761101862191063 2.140707373849748 0.30135553619036309 3.5269268980353687 -0.746662004808472 4.068317789014305 0.76354968892900565 -0.21377351916181966 0.94086712494637215 3.4411293560689913 2.9194105442468223 1.9250641352355826 2.8339584201685115 1.1822865569506373 0.25647487960030929
leaf_weight=5464 322 129 698 318 1021 75 650 102 365 307 520 268 174 387
leaf_count=5464 322 129 698 318 1021 75 650 102 365 307 520 268 174 387
internal_value=0.0014582 -1.56136 3.15811 0.0369939 3.674 2.16458 -0.124095 0.0502237 3.90575 2.5248 1.78018 3.3378 0.809462 0.40086
internal_weight=10800 7224 3576 1760 2352 1224 1457 1139 1386 629 595 966 303 489
internal_count=10800 7224 3576 1760 2352 1224 1457 1139 1386 629 595 966 303 489
is_linear=0
shrinkage=0.05


Tree=15
num_leaves=15
num_cat=0
split_feature=65 65 65 60 29 34 2 48 31 29 36 28 48 35
split_gain=1.92399e+07 2.14795e+06 658970 81538.2 61614.3 60123.3 59642.2 51383.9 37304.4 32271.8 32227.3 26177.6 25901.4 20794
threshold=162.68421800000002 42.523274000000008 230.45112850000001 -0.8814490726585632 18.112500000000004 20.001041666666669 62.684561500000008 6.3750000000000009 23.162500000000005 20.262500000000003 22.79322916666667 21.062500000000004 22.375000000000004 21.626562500000002
decision_type=2 2 2 2 2 2 2 2 2 2 2 2 2 2
left_child=1 -1 6 13 -4 -5 10 11 -7 -8 -2 -6 -9 -3
right_child=2 3 4 5 7 8 9 12 -10 -11 -12 -13 -14 -15
leaf_value=-1.9765754416565806 2.0340033688781434 0.5191440036499666 2.5897635575955511 -0.72126721799060389 3.5266766271807932 -0.20515306587160631 1.2177145419440745 2.2943699344344761 0.37047061428888639 1.985740859861501 2.7739139394326644 3.9745483951053879 3.2834096329012157 1.4629916594212409
leaf_weight=5442 322 224 188 332 967 655 230 91 492 365 307 666 440 79
leaf_count=5442 322 224 188 332 967 655 230 91 492 365 307 666 440 79
internal_value=0.00148373 -1.48329 3.0005 0.0234023 3.4906 -0.129811 2.05667 3.56763 0.0418655 1.6914 2.39897 3.71166 3.11854 0.769233
internal_weight=10800 7224 3576 1782 2352 1479 1224 2164 1147 595 629 1633 531 303
internal_count=10800 7224 3576 1782 2352 1479 1224 2164 1147 595 629 1633 531 303
is_linear=0
shrinkage=0.05


Tree=16
num_leaves=15
num_cat=0
split_feature=65 65 65 60 35 34 29 48 31 52 52 48 33 26
split_gain=1.73668e+07 1.93864e+06 594943 73647.6 59473.6 54314.4 51918.6 50055.4 33365.3 30994.9 28441.2 25258.5 24723.9 19948.3
threshold=162.68421800000002 42.523274000000008 228.40515950000002 -0.8814490726585632 18.072395833333335 20.057291666666671 20.337500000000002 6.3750000000000009 23.162500000000005 0.93540483100319638 0.93540483100319638 22.375000000000004 21.003125000000004 19.462500000000002
decision_type=2 2 2 2 2 2 2 2 2 2 2 2 2 2
left_child=1 -1 6 13 -4 -5 9 12 -7 -2 -8 -9 -6 -3
right_child=2 3 4 5 7 8 10 11 -10 -11 -12 -13 -14 -15
leaf_value=-1.8777649014788516 1.2829699710792424 -0.17851839511125697 2.3723367263579509 -0.67273832227656805 3.3481134174121276 -0.19086794923140238 2.0667847701234203 2.1699937000419154 0.35650252768238228 2.2269903643925986 2.9550085427468282 3.1107145478990343 3.7800267708644206 0.91085802463037302
leaf_weight=5442 352 50 168 344 998 649 619 98 486 119 113 449 660 253
leaf_count=5442 352 50 168 344 998 649 619 98 486 119 113 449 660 253
internal_value=0.00151658 -1.40913 2.85081 0.0222722 3.31042 -0.123339 1.9422 3.38079 0.0436202 1.52569 2.20775 2.94644 3.52222 0.731097
internal_weight=10800 7224 3576 1782 2373 1479 1203 2205 1135 471 732 547 1658 303
internal_count=10800 7224 3576 1782 2373 1479 1203 2205 1135 471 732 547 1658 303
is_linear=0
shrinkage=0.05


Tree=17
num_leaves=15
num_cat=0
split_feature=65 65 65 60 29 36 30 48 2 45 34 48 46 24
split_gain=1.56761e+07 1.74967e+06 536900 66489.5 54026.4 50254.8 48701.2 43930.6 38124 23234.4 22200 21597.3 19369.6 19403.5
threshold=162.68421800000002 42.523274000000008 228.40515950000002 -0.8814490726585632 18.962500000000002 24.022526041666669 19.712500000000002 6.3750000000000009 69.10047950000002 83.302083333333357 20.001041666666669 22.375000000000004 82.171875000000014 290.03840000000008
decision_type=2 2 2 2 2 2 2 2 2 2 2 2 2 2
left_child=1 -1 6 -3 -4 10 9 12 -8 -2 -5 -9 13 -6
right_child=2 3 4 5 7 -7 8 11 -10 -11 -12 -13 -14 -15
leaf_value=-1.7838938691873183 0.044011237944771603 0.69466263572333109 2.4437989882189965 -0.64609800426351338 3.7604039472020321 0.32660838432752032 2.2994627711318789 2.0811181903826563 1.6709224332651933 1.3915854620683639 -0.14928979152007729 2.9717208975526299 3.2045435522652159 3.0211879019901673
leaf_weight=5442 40 303 262 330 500 445 503 94 500 160 704 437 936 144
leaf_count=5442 40 303 262 330 500 445 503 94 500 160 704 437 936 144
internal_value=0.00154105 -1.33868 2.70859 0.0211649 3.14521 -0.117189 1.84544 3.23107 1.98811 1.12363 -0.308317 2.81827 3.36793 3.60005
internal_weight=10800 7224 3576 1782 2373 1479 1203 2111 1003 200 1034 531 1580 644
internal_count=10800 7224 3576 1782 2373 1479 1203 2111 1003 200 1034 531 1580 644
is_linear=0
shrinkage=0.05


Tree=18
num_leaves=15
num_cat=0
split_feature=65 65 65 53 36 28 30 52 17 17 32 60 48 33
split_gain=1.41513e+07 1.49229e+06 550385 59761.4 51709.1 50269.9 40826.1 30068.3 27727.9 27573.1 24833.7 23177.3 24982.3 23912.1
threshold=151.48849750000002 63.145266500000005 228.40515950000002 -0.58216583101416131 23.424218750000005 20.487500000000004 19.712500000000002 0.93540483100319638 2.2746480028614838e-05 2.2746480028614838e-05 25.637500000000003 -0.8814490726585632 2.3750000000000004 19.706250000000004
decision_type=2 2 2 2 2 2 2 2 2 2 2 2 2 2
left_child=1 -1 3 -2 11 9 -5 -8 -7 -4 -6 -3 -13 -14
right_child=2 4 5 6 10 8 7 -9 -10 -11 -12 12 13 -15
leaf_value=-1.6913323851866342 0.35884959541261197 0.36682456439236799 2.8737735771423698 1.1044647886689443 0.53636763471368043 3.3566960447357164 1.7812725845755955 2.5184436548839919 2.8544890227665505 2.2523337304592133 -0.18406836522169084 0.47241718922891929 -0.89482568392185913 -0.24573200230710981
leaf_weight=5464 79 149 705 191 486 916 824 175 479 273 158 92 183 626
leaf_count=5464 79 149 705 191 486 916 824 175 479 273 158 92 183 626
internal_value=0.00156273 -1.28942 2.53852 1.69572 0.00718629 2.98832 1.78409 1.9128 3.18642 2.70278 0.359603 -0.209099 -0.304642 -0.393484
internal_weight=10800 7158 3642 1269 1694 2373 1190 999 1395 978 644 1050 901 809
internal_count=10800 7158 3642 1269 1694 2373 1190 999 1395 978 644 1050 901 809
is_linear=0
shrinkage=0.05


Tree=19
num_leaves=15
num_cat=0
split_feature=65 65 65 60 28 64 36 30 48 48 17 26 48 45
split_gain=1.27756e+07 1.42528e+06 437306 55761.6 45596.5 45526.3 41272.3 36578.4 28187.5 24980.2 23459.5 23126.6 22041.6 19369
threshold=162.68421800000002 42.523274000000008 230.45112850000001 -0.8814490726585632 20.487500000000004 229.77440450000003 21.914973958333338 19.712500000000002 2.3750000000000004 7.3750000000000009 2.2746480028614838e-05 16.862500000000004 6.3750000000000009 83.302083333333357
decision_type=2 2 2 2 2 2 2 2 2 2 2 2 2 2
left_child=1 -1 5 -3 11 7 -5 13 -8 -9 -6 -4 -13 -2
right_child=2 3 4 6 10 -7 8 9 -10 -11 -12 12 -14 -15
leaf_value=-1.6101646013345743 -0.0038688642638070245 0.63576740821246003 1.6713699920757397 -0.47793591749112035 3.190834649237789 2.7579552049222205 0.83476092690771275 2.040714661916097 -0.014599211043747569 1.5010838342936976 2.7248513866223791 2.7773684974409578 2.136997948903494 1.2141007114201785
leaf_weight=5442 41 303 73 498 912 91 109 374 872 559 474 701 192 159
leaf_count=5442 41 303 73 498 912 91 109 374 872 559 474 701 192 159
internal_value=0.00155611 -1.20834 2.44537 0.0189915 2.84461 1.67649 -0.10771 1.58727 0.0805281 1.71935 3.03355 2.57067 2.64223 0.96564
internal_weight=10800 7224 3576 1782 2352 1224 1479 1133 981 933 1386 966 893 200
internal_count=10800 7224 3576 1782 2352 1224 1479 1133 981 933 1386 966 893 200
is_linear=0
shrinkage=0.05


Tree=20
num_leaves=15
num_cat=0
split_feature=65 65 65 36 2 28 60 35 36 60 17 26 48 31
split_gain=1.15318e+07 1.28643e+06 394639 52308.8 41225.1 41124.8 25889.3 24084 22581.6 21916.3 21159.3 20828 19865.8 19488.3
threshold=162.68421800000002 63.145266500000005 230.45112850000001 23.663020833333334 62.684561500000008 20.487500000000004 -0.8814490726585632 21.90260416666667 23.097656250000004 -0.8814490726585632 2.2746480028614838e-05 16.862500000000004 6.3750000000000009 24.962500000000002
decision_type=2 2 2 2 2 2 2 2 2 2 2 2 2 2
left_child=1 -1 4 9 8 11 -5 -6 -2 -3 -7 -4 -13 -11
right_child=2 3 5 6 7 10 -8 -9 -10 13 -12 12 -14 -15
leaf_value=-1.526549574627259 1.5934577892310378 0.31622445372982866 1.5889307911331589 1.0678878746108866 1.0274827554677497 3.0314676613203146 0.24008104178367309 1.6859315292309907 2.2127512894310319 -0.34769162801148878 2.5888956349021512 2.638697871319589 2.0307016794854493 0.42260338559255495
leaf_weight=5464 344 188 73 115 360 912 514 235 285 853 474 701 192 90
leaf_count=5464 344 188 73 115 360 912 514 235 285 853 474 701 192 90
internal_value=0.00156805 -1.14793 2.32338 0.027718 1.59297 2.70265 0.392884 1.28993 1.87713 -0.175535 2.88209 2.44247 2.51039 -0.273805
internal_weight=10800 7224 3576 1760 1224 2352 629 595 629 1131 1386 966 893 943
internal_count=10800 7224 3576 1760 1224 2352 629 595 629 1131 1386 966 893 943
is_linear=0
shrinkage=0.05


Tree=21
num_leaves=15
num_cat=0
split_feature=65 65 65 64 36 29 15 30 28 21 48 48 45 36
split_gain=1.04091e+07 1.16206e+06 357503 67536 48076.4 38593.9 33741.9 30448 22578 19768 19464.7 18199.6 17666.2 16199.1
threshold=162.68421800000002 42.523274000000008 236.40297200000001 229.77440450000003 22.382291666666671 18.962500000000002 72.23584750000002 19.712500000000002 22.987500000000004 1.4402954876835646e-05 7.3750000000000009 6.3750000000000009 83.302083333333357 18.666666666666668
decision_type=2 2 2 2 2 2 2 2 2 2 2 2 2 2
left_child=1 -1 3 7 13 -4 -6 12 11 -10 -9 -7 -2 -3
right_child=2 4 5 -5 6 8 -8 10 9 -11 -12 -13 -14 -15
leaf_value=-1.4533576822359731 -0.065285236140092226 -1.1315247373760871 1.989193714861889 2.4763564867919752 0.51414551893962879 2.6793217254290025 -0.05617085849447731 1.8162658788735353 3.6706717282249812 2.7858894790401898 1.3495743545815964 2.2448297724211961 1.0935728312447304 -0.2236969462791136
leaf_weight=5442 41 52 248 177 534 1260 503 394 104 261 575 353 163 693
leaf_count=5442 41 52 248 177 534 1260 503 394 104 261 575 353 163 693
internal_value=0.00157559 -1.09053 2.20747 1.56342 0.01769 2.59718 0.237724 1.42367 2.67237 3.04733 1.54101 2.58568 0.861483 -0.288494
internal_weight=10800 7224 3576 1350 1782 2226 1037 1173 1978 365 969 1613 204 745
internal_count=10800 7224 3576 1350 1782 2226 1037 1173 1978 365 969 1613 204 745
is_linear=0
shrinkage=0.05


Tree=22
num_leaves=15
num_cat=0
split_feature=65 65 65 36 53 27 15 36 2 36 32 52 47 48
split_gain=9.39845e+06 990347 365762 47588.3 47460 41664.4 44029.5 33317.2 32469.6 22240.2 20310 18387.8 18089.7 17834.9
threshold=151.48849750000002 42.523274000000008 225.07467050000002 20.263281250000002 -0.097964660725097366 19.962500000000002 69.939157000000009 22.950130208333338 178.55707750000002 18.395963541666671 22.387500000000003 0.93540483100319638 78.319010416666671 2.3750000000000004
decision_type=2 2 2 2 2 2 2 2 2 2 2 2 2 2
left_child=1 -1 3 12 -4 13 -7 9 11 -6 -9 -5 -2 -3
right_child=2 5 4 8 7 6 -8 10 -10 -11 -12 -13 -14 -15
leaf_value=-1.3807031481138556 -0.2807618716488714 0.45466026892749278 1.4493508318619384 1.4501978860254967 1.4782373500424764 0.42427679605912333 -0.13880930804629479 2.8510955428644369 0.37905259039252998 2.3508132170955096 2.3629633380271295 2.0166483739904453 0.88824163808310341 -0.66661669506285004
leaf_weight=5442 45 40 123 815 85 628 774 710 63 1128 369 184 120 274
leaf_count=5442 45 40 123 815 85 628 774 710 63 1128 369 184 120 274
internal_value=0.0015787 -1.0505 2.06907 1.36422 2.42647 -0.00313665 0.113537 2.47825 1.48702 2.29094 2.6865 1.55644 0.569652 -0.522789
internal_weight=10800 7158 3642 1227 2415 1716 1402 2292 1062 1213 1079 999 165 314
internal_count=10800 7158 3642 1227 2415 1716 1402 2292 1062 1213 1079 999 165 314
is_linear=0
shrinkage=0.05


Tree=23
num_leaves=15
num_cat=0
split_feature=65 65 65 64 60 34 17 33 36 48 64 48 9 53
split_gain=8.48544e+06 962696 280055 54446.4 49733.1 33481.4 33390.3 27116.5 25862 23624.1 22263.1 20917.4 19011.3 15754.8
threshold=164.68652700000004 63.145266500000005 236.40297200000001 229.77440450000003 -0.8814490726585632 20.057291666666671 2.2746480028614838e-05 22.443750000000005 18.395963541666671 7.3750000000000009 226.32048450000002 2.3750000000000004 174.58897000000005 -0.58216583101416131
decision_type=2 2 2 2 2 2 2 2 2 2 2 2 2 2
left_child=1 -1 3 8 12 -6 7 -4 -2 -10 -8 -7 -3 -11
right_child=2 4 6 -5 5 11 10 -9 9 13 -12 -13 -14 -15
leaf_value=-1.3090238807081143 0.20416668383580336 1.601312714233631 2.3932892507413426 2.2446442293317133 -0.532324284359458 0.71917776945320999 1.3837569805613736 3.0469136415414475 1.6188065945284782 0.17889385165237801 2.1753722433728151 -0.031532242932607847 0.4442465921012419 1.2093543248546186
leaf_weight=5464 52 40 1327 177 335 101 113 198 473 40 588 1027 279 586
leaf_count=5464 52 40 1327 177 335 101 113 198 473 40 588 1027 279 586
internal_value=0.00156294 -0.979949 2.00241 1.42581 0.0292333 -0.0942076 2.34561 2.48009 1.29806 1.34958 2.04992 0.0362631 0.593884 1.1439
internal_weight=10800 7246 3554 1328 1782 1463 2226 1525 1151 1099 701 1128 319 626
internal_count=10800 7246 3554 1328 1782 1463 2226 1525 1151 1099 701 1128 319 626
is_linear=0
shrinkage=0.05


Tree=24
num_leaves=15
num_cat=0
split_feature=65 65 65 64 60 36 29 36 48 48 21 9 28 26
split_gain=7.65917e+06 869473 252748 49192.1 46066 31390.4 30466.3 23337.8 21326.4 20096.6 19829.7 17216.5 16368.8 15418.7
threshold=164.68652700000004 42.523274000000008 236.40297200000001 229.77440450000003 -0.8814490726585632 24.022526041666669 21.812500000000004 18.395963541666671 7.3750000000000009 6.3750000000000009 1.3134761892532257e-05 174.58897000000005 16.862500000000004 19.712500000000002
decision_type=2 2 2 2 2 2 2 2 2 2 2 2 2 2
left_child=1 -1 3 7 11 -6 9 -2 -9 12 -8 -3 -4 -13
right_child=2 4 6 -5 5 -7 10 8 -10 -11 -12 13 -14 -15
leaf_value=-1.2462414670906019 0.19415096224478956 1.5231999164856063 1.3211214753447988 2.1330425401751913 -0.24739944374546982 0.25364892508926279 2.7616017774424773 1.5380370227639655 1.086816211956207 1.637341171722023 2.2609843179260154 -0.41845098834525313 2.2123025497616684 0.58485341008594061
leaf_weight=5442 52 40 60 177 1039 446 351 473 626 244 598 45 973 234
leaf_count=5442 52 40 60 177 1039 446 351 473 626 244 598 45 973 234
internal_value=0.00155581 -0.930946 1.90249 1.35473 0.0203483 -0.0968468 2.22853 1.23329 1.28224 2.063 2.44886 0.564509 2.16187 0.422114
internal_weight=10800 7246 3554 1328 1804 1485 2226 1151 1099 1277 949 319 1033 279
internal_count=10800 7246 3554 1328 1804 1485 2226 1151 1099 1277 949 319 1033 279
is_linear=0
shrinkage=0.05


Tree=25
num_leaves=15
num_cat=0
split_feature=65 65 65 64 60 35 29 29 7 33 48 29 48 30
split_gain=6.91348e+06 784776 228128 44446 41609.5 30252.9 28517.1 21660.9 18287.3 18234.6 17008.6 16530.6 15255.1 18066.2
threshold=164.68652700000004 42.523274000000008 236.40297200000001 229.77440450000003 -0.8814490726585632 19.947395833333335 18.962500000000002 18.512500000000003 262.20107200000007 22.790625000000006 6.3750000000000009 21.212500000000002 20.625000000000004 21.612500000000004
decision_type=2 2 2 2 2 2 2 2 2 2 2 2 2 2
left_child=1 -1 3 7 11 -6 -4 -2 12 10 -8 -3 13 -7
right_child=2 4 6 -5 5 8 9 -9 -10 -11 -12 -13 -14 -15
leaf_value=-1.1839407890525873 0.60758805837678287 0.32052329724913914 1.596473915485972 2.0269896070608935 -0.50619430612241989 -0.17052916053481201 2.1917584976731947 1.2562469721316816 0.46011424686431007 2.5218512983725105 1.7725228982438672 1.1396584527833122 -0.38035806640913389 0.34832753241577885
leaf_weight=5442 151 236 248 177 339 369 1288 1000 203 354 336 83 268 306
leaf_count=5442 151 236 248 177 339 369 1288 1000 203 354 336 83 268 306
internal_value=0.00155024 -0.884395 1.80758 1.28718 0.0193778 -0.0920042 2.11733 1.17175 0.0308524 2.1818 2.10616 0.536548 -0.0619444 0.0648532
internal_weight=10800 7246 3554 1328 1804 1485 2226 1151 1146 1978 1624 319 943 675
internal_count=10800 7246 3554 1328 1804 1485 2226 1151 1146 1978 1624 319 943 675
is_linear=0
shrinkage=0.05


Tree=26
num_leaves=15
num_cat=0
split_feature=65 65 65 64 22 64 17 33 29 60 64 48 26 32
split_gain=6.24024e+06 708340 205904 40247.5 37288.9 28429.3 27036.4 22348 20287.8 19295.4 17452.9 14512.8 12128.5 11433.3
threshold=164.68652700000004 63.145266500000005 236.40297200000001 228.19951850000004 136.54920041145837 145.10194300000003 2.2746480028614838e-05 22.443750000000005 18.512500000000003 -0.8814490726585632 226.32048450000002 7.3750000000000009 19.962500000000002 25.312500000000004
decision_type=2 2 2 2 2 2 2 2 2 2 2 2 2 2
left_child=1 -1 3 8 9 13 7 -4 -2 -3 -8 -10 -11 -6
right_child=2 4 6 -5 5 -7 10 -9 11 12 -12 -13 -14 -15
leaf_value=-1.1224491296780841 0.56221941762313932 0.32655762228347801 2.0539673754855632 1.9049664942508049 0.2202203758454449 0.67752071576905537 1.1581759487915979 2.6447978082014689 1.4196326075072627 -0.56505707245032288 1.8572495054105749 1.0248378836724441 -0.14540883693437942 -0.33456569245975953
leaf_weight=5464 150 169 1327 187 283 297 113 198 416 232 588 575 664 137
leaf_count=5464 150 169 1327 187 283 297 113 198 416 232 588 575 664 137
internal_value=0.00152824 -0.840175 1.71737 1.22297 0.0254814 0.304002 2.01165 2.13236 1.10962 -0.162139 1.74637 1.19183 -0.254577 0.0388896
internal_weight=10800 7246 3554 1328 1782 717 2226 1525 1141 1065 701 991 896 420
internal_count=10800 7246 3554 1328 1782 717 2226 1525 1141 1065 701 991 896 420
is_linear=0
shrinkage=0.05


Tree=27
num_leaves=15
num_cat=0
split_feature=65 65 65 64 26 15 34 34 52 48 29 21 16 13
split_gain=5.63267e+06 639818 185822 36437.4 35192.3 35376.6 24793.1 19582.7 20486.7 18167.5 15040.2 14973.8 13278.9 13120.7
threshold=164.68652700000004 42.523274000000008 236.40297200000001 231.38202150000004 19.962500000000002 69.939157000000009 21.417708333333337 22.451041666666672 0.93540483100319638 6.3750000000000009 18.725000000000005 1.3134761892532257e-05 264.18653100000006 7.1651725894296279
decision_type=2 2 2 2 2 2 2 2 2 2 2 2 2 2
left_child=1 -1 3 7 -3 -6 9 8 10 -4 -2 -8 13 -7
right_child=2 4 6 -5 5 12 11 -9 -10 -11 -12 -13 -14 -15
leaf_value=-1.068642533046674 0.28106217869690492 -0.45418644688483101 1.8636510503413615 1.8474925966987834 0.37928308769841013 -0.29426718641739424 2.4180691323858912 1.5047700834735005 1.4238288026802319 1.3852071473957039 0.93164445370806259 1.9610396640054113 0.27414067483799798 0.50305462686116242
leaf_weight=5442 104 323 1078 170 699 552 306 206 193 263 655 579 174 56
leaf_count=5442 104 323 1078 170 699 552 306 206 193 263 655 579 174 56
internal_value=0.00150593 -0.798173 1.63168 1.162 0.017873 0.121064 1.91124 1.05986 0.962112 1.77092 0.842987 2.12161 -0.109937 -0.220124
internal_weight=10800 7246 3554 1328 1804 1481 2226 1158 952 1341 759 885 782 608
internal_count=10800 7246 3554 1328 1804 1481 2226 1158 952 1341 759 885 782 608
is_linear=0
shrinkage=0.05


Tree=28
num_leaves=15
num_cat=0
split_feature=65 65 65 60 64 29 33 36 53 9 33 17 36 31
split_gain=5.08435e+06 577459 167679 33005.2 32916.8 24007.3 23789 18084.6 19077 15412.2 13391.6 13478.5 12638.7 12594.7
threshold=164.68652700000004 42.523274000000008 236.40297200000001 -0.8814490726585632 231.38202150000004 19.087500000000002 21.693750000000005 18.395963541666671 -0.58216583101416131 174.58897000000005 22.934375000000003 2.2746480028614838e-05 26.654427083333335 24.962500000000002
decision_type=2 2 2 2 2 2 2 2 2 2 2 2 2 2
left_child=1 -1 4 9 7 -4 13 -2 -9 -3 11 -7 -8 -5
right_child=2 3 5 6 -6 10 12 8 -10 -11 -12 -13 -14 -15
leaf_value=-1.0152201717880618 0.093866336176980217 1.38416694362716 1.4426896925337398 -0.40953976293024569 1.7556581784758654 1.9146984044262583 0.044020009989343557 -0.021626989943225209 1.0900471560943317 0.34314212112138714 2.196327033949776 1.5569471156474242 0.9434422411569735 0.24358642366389899
leaf_weight=5442 52 40 378 532 170 1136 828 40 1066 279 325 387 40 85
leaf_count=5442 52 40 378 532 170 1136 828 40 1066 279 325 387 40 85
internal_value=0.00149064 -0.758269 1.55029 0.0169906 1.10413 1.81585 -0.082209 1.00705 1.04986 0.477596 1.89135 1.82487 0.086506 -0.319314
internal_weight=10800 7246 3554 1804 1328 2226 1485 1158 1106 319 1848 1523 868 617
internal_count=10800 7246 3554 1804 1328 2226 1485 1158 1106 319 1848 1523 868 617
is_linear=0
shrinkage=0.05


Tree=29
num_leaves=15
num_cat=0
split_feature=65 65 65 2 26 15 53 36 35 36 28 21 52 64
split_gain=4.58917e+06 521242 151352 31035.1 30214.6 30327.7 22712.9 20738 16670.6 16541.1 13315.1 14471.1 12525.4 12524
threshold=164.68652700000004 42.523274000000008 236.40297200000001 62.684561500000008 19.962500000000002 69.939157000000009 -0.097964660725097366 18.395963541666671 21.90260416666667 23.097656250000004 22.812500000000004 1.4402954876835646e-05 0.63405362205439497 263.38003000000009
decision_type=2 2 2 2 2 2 2 2 2 2 2 2 2 2
left_child=1 -1 3 9 -3 -6 -4 -8 -5 -2 12 -12 -9 -11
right_child=2 4 6 8 5 -7 7 10 -10 13 11 -13 -14 -15
leaf_value=-0.96446855984123114 1.0392392937953656 -0.42119035736347243 0.78710747392791691 0.55303091903968549 0.35091074750625662 -0.10205582652108965 0.96918662800345323 1.5524837007307368 1.1035659501839075 1.3965530576288898 2.5669847986719634 1.8488778619730519 1.8403371949570417 2.3318874619223857
leaf_weight=5442 402 323 65 351 699 782 85 708 230 302 110 266 992 43
leaf_count=5442 402 323 65 351 699 782 85 708 230 302 110 266 992 43
internal_value=0.00146959 -0.720345 1.47292 1.04903 0.0162117 0.111827 1.72521 1.75305 0.772492 1.2628 1.78467 2.06521 1.72144 1.51953
internal_weight=10800 7246 3554 1328 1804 1481 2226 2161 581 747 2076 376 1700 345
internal_count=10800 7246 3554 1328 1804 1481 2226 2161 581 747 2076 376 1700 345
is_linear=0
shrinkage=0.05


Tree=30
num_leaves=15
num_cat=0
split_feature=65 65 65 53 53 34 36 33 32 31 17 48 26 52
split_gain=4.14373e+06 419396 173392 33186.6 28297.8 25662 23796.3 18270 16847.6 16371.3 14458.3 19108.8 13194.9 12712.1
threshold=146.96493750000002 42.523274000000008 225.07467050000002 -0.58216583101416131 -0.097964660725097366 21.211458333333336 24.179687500000004 21.040625000000006 25.762500000000003 18.275000000000002 35.883805102236778 2.3750000000000004 16.862500000000004 0.93540483100319638
decision_type=2 2 2 2 2 2 2 2 2 2 2 2 2 2
left_child=1 -1 3 -2 -4 -5 9 12 -8 -3 11 -11 -6 -7
right_child=2 6 4 5 7 13 8 -9 -10 10 -12 -13 -14 -15
leaf_value=-0.91625393137387801 0.027325211236110106 -0.86273761400034743 0.86105415231037519 0.76029205955398915 0.859465157260766 1.1428873981977075 0.48186741851314951 1.8303446058621693 -0.20567408570538839 0.38827130816438621 0.11676492627538307 -0.35893443836647776 1.5696043245624285 1.9615159222057887
leaf_weight=5442 103 70 123 672 73 441 332 901 121 101 514 534 1318 55
leaf_count=5442 103 70 123 672 73 441 332 901 121 101 514 534 1318 55
internal_value=0.0014649 -0.703492 1.36186 0.887987 1.61078 0.963796 -0.010865 1.65062 0.298171 -0.125858 -0.0802542 -0.239664 1.53298 1.23743
internal_weight=10800 7114 3686 1271 2415 1168 1672 2292 453 1219 1149 635 1391 496
internal_count=10800 7114 3686 1271 2415 1168 1672 2292 453 1219 1149 635 1391 496
is_linear=0
shrinkage=0.05


Tree=31
num_leaves=15
num_cat=0
split_feature=65 65 65 22 2 8 17 39 24 48 28 36 60 4
split_gain=3.74081e+06 424308 123595 27441.5 26706 23286 19941.4 17866.4 25453.9 17109.3 14298.3 13869.6 13718 12445.7
threshold=164.68652700000004 63.145266500000005 236.40297200000001 136.54920041145837 62.684561500000008 261.65772150000004 2.2746480028614838e-05 82.875000000000014 290.03840000000008 20.625000000000004 21.612500000000004 23.097656250000004 -0.8814490726585632 174.06889700000002
decision_type=2 2 2 2 2 2 2 2 2 2 2 2 2 2
left_child=1 -1 4 12 11 9 7 8 -4 -5 -6 -2 -3 -11
right_child=2 3 6 5 10 -7 -8 -9 -10 13 -12 -13 -14 -15
leaf_value=-0.86873317280182683 0.94049706279344059 0.27084059738937544 2.1277608201523459 0.61856164358070365 0.50709776906198578 -0.20354283265440226 1.3313677637336347 1.541787686782685 1.2408727698028088 0.26272400552983832 1.0303109789349765 1.3801418745793361 -0.21916673035752687 -0.74532689523129236
leaf_weight=5464 402 169 362 367 379 197 701 1052 111 112 202 345 896 41
leaf_count=5464 402 169 362 367 379 197 701 1052 111 112 202 345 896 41
internal_value=0.0014271 -0.650264 1.32992 0.0197216 0.946877 0.258654 1.55792 1.66111 1.92269 0.43381 0.690464 1.14512 -0.141229 -0.010493
internal_weight=10800 7246 3554 1782 1328 717 2226 1525 473 520 581 747 1065 153
internal_count=10800 7246 3554 1782 1328 717 2226 1525 473 520 581 747 1065 153
is_linear=0
shrinkage=0.05


Tree=32
num_leaves=15
num_cat=0
split_feature=65 65 65 36 53 26 15 2 36 25 17 51 32 47
split_gain=3.37672e+06 341689 141527 30189 24562 20499.2 19630.3 17286.2 16498.8 19632.2 20309.4 21637 16758.9 15711
threshold=146.96493750000002 42.523274000000008 225.07467050000002 20.263281250000002 -0.097964660725097366 20.012500000000003 69.939157000000009 178.55707750000002 23.152734374999998 104.33527907377577 1.9810494292234628e-06 1.5000000000000002 20.212500000000002 78.319010416666671
decision_type=2 2 2 2 2 2 2 2 2 2 2 2 2 2
left_child=1 -1 3 13 -4 -3 -7 -5 -6 10 11 -10 -11 -2
right_child=2 5 4 7 8 6 -8 -9 9 12 -12 -13 -14 -15
leaf_value=-0.82702099693055853 -0.49926142990589145 -0.34766343844223158 0.75662028001200765 0.95583483849607065 1.3665220627837513 0.30615431428202644 -0.084088034057796857 0.18969244217891018 1.5011244424184165 2.0800384336047704 1.4885001260842852 2.7157138847723239 1.3864951302864772 0.50900994620323192
leaf_weight=5442 55 353 123 1012 1263 557 762 80 59 107 133 122 608 124
leaf_count=5442 55 353 123 1012 1263 557 762 80 59 107 133 122 608 124
internal_value=0.00139838 -0.634979 1.22945 0.801331 1.45434 -0.00980151 0.0808143 0.899932 1.49144 1.64328 1.97955 2.33022 1.49304 0.198153
internal_weight=10800 7114 3686 1271 2415 1672 1319 1092 2292 1029 314 181 715 179
internal_count=10800 7114 3686 1271 2415 1672 1319 1092 2292 1029 314 181 715 179
is_linear=0
shrinkage=0.05


Tree=33
num_leaves=15
num_cat=0
split_feature=65 65 65 22 2 8 29 48 36 60 28 24 33 4
split_gain=3.0492e+06 345352 100884 23876.6 23145 20484.2 18343.4 15064.1 12689.9 14828.9 12488.5 12305.2 11265.8 11045.6
threshold=164.68652700000004 63.145266500000005 236.40297200000001 136.54920041145837 62.684561500000008 261.65772150000004 18.725000000000005 20.625000000000004 18.666666666666668 -0.8814490726585632 21.612500000000004 277.75656700000008 22.934375000000003 174.06889700000002
decision_type=2 2 2 2 2 2 2 2 2 2 2 2 2 2
left_child=1 -1 4 8 11 7 -4 -5 -3 -10 -6 -2 -8 -9
right_child=2 3 6 5 10 -7 12 13 9 -11 -12 -13 -14 -15
leaf_value=-0.78408751420656264 0.87898769663369414 -0.88698119487402582 0.95429271190725984 0.57796789210178356 0.44492051803065763 -0.19316439733022092 1.3991502815146508 0.24512827250018587 0.35211917698571954 -0.17509746957459471 0.93361771557058015 1.3054566684963458 1.7319835651505944 -0.70452976819305191
leaf_weight=5464 469 52 211 367 379 197 1690 112 157 856 202 278 325 41
leaf_count=5464 469 52 211 367 379 197 1690 112 157 856 202 278 325 41
internal_value=0.00138168 -0.58699 1.2008 0.0174544 0.854733 0.240327 1.40678 0.404609 -0.132677 -0.09312 0.616141 1.03923 1.45367 -0.0122776
internal_weight=10800 7246 3554 1782 1328 717 2226 520 1065 1013 581 747 2015 153
internal_count=10800 7246 3554 1782 1328 717 2226 520 1065 1013 581 747 2015 153
is_linear=0
shrinkage=0.05


Tree=34
num_leaves=15
num_cat=0
split_feature=65 65 65 24 64 17 8 39 24 36 53 31 57 53
split_gain=2.75229e+06 311903 91032.5 21450.6 20949.3 17218.8 15816.2 14836.4 21853.2 14228 13120.2 12664.6 12348.5 18776.1
threshold=164.68652700000004 73.362583000000015 236.40297200000001 278.91518350000007 229.77440450000003 2.2746480028614838e-05 264.65405750000008 82.875000000000014 290.03840000000008 18.395963541666671 -0.58216583101416131 18.275000000000002 3.5000000000000004 0.83146961230254501
decision_type=2 2 2 2 2 2 2 2 2 2 2 2 2 2
left_child=1 -1 4 11 9 7 -5 8 -4 -2 -11 -3 -13 -14
right_child=2 3 5 6 -6 -7 -8 -9 -10 10 -12 12 13 -15
leaf_value=-0.74035937241089167 -0.07379976061155212 -0.74611850458642714 1.8594371849511937 0.42722505219194684 1.3195167905326641 1.1267880952288198 -0.24247417526135037 1.3237914632899725 1.0404084899063621 -0.11499997842602615 0.80478709548571192 0.083122386142941415 -0.56393406595692075 0.10564116085806746
leaf_weight=5530 52 68 362 432 177 701 110 1052 111 40 1059 685 230 191
leaf_count=5530 52 68 362 432 177 701 110 1052 111 40 1059 685 230 191
internal_value=0.00134073 -0.557651 1.14087 0.0312335 0.812131 1.33653 0.291112 1.43215 1.66983 0.733028 0.771236 -0.0888901 -0.0478444 -0.26063
internal_weight=10800 7246 3554 1716 1328 2226 542 1525 473 1151 1099 1174 1106 421
internal_count=10800 7246 3554 1716 1328 2226 542 1525 473 1151 1099 1174 1106 421
is_linear=0
shrinkage=0.05


Tree=35
num_leaves=15
num_cat=0
split_feature=65 65 65 36 53 48 26 17 47 52 45 25 32 2
split_gain=2.48626e+06 247396 107485 26308.5 20547.1 18090.9 21809.3 15264.5 15219.4 15195.6 18411.7 18461.6 24200.8 14946.2
threshold=145.113167 28.000000000000004 225.07467050000002 20.237630208333339 -0.097964660725097366 2.3750000000000004 20.012500000000003 35.883805102236778 78.319010416666671 0.68322629814330837 82.843750000000014 105.3195466553865 20.987500000000004 178.55707750000002
decision_type=2 2 2 2 2 2 2 2 2 2 2 2 2 2
left_child=1 -1 3 8 -4 -3 -7 -8 -2 -6 11 12 -11 -5
right_child=2 5 4 13 9 6 7 -9 -10 10 -12 -13 -14 -15
leaf_value=-0.71392465002099303 -0.55794387763006648 0.53372865798535629 0.61054829438066771 0.82647724168798509 1.1506525917407817 -0.43857966798895637 -0.16105843733604594 0.18723525126681739 0.42809367578625679 1.6706279723060053 1.2653673635174005 1.3087348073215808 2.912072942996847 0.15251349806785586
leaf_weight=5378 56 133 123 1023 1158 321 596 664 124 150 751 176 57 90
leaf_count=5378 56 133 123 1023 1158 321 596 664 124 150 751 176 57 90
internal_value=0.00129968 -0.547236 1.05031 0.68153 1.24738 -0.024107 -0.071342 0.0224897 0.119939 1.28128 1.41354 1.70003 2.02483 0.772165
internal_weight=10800 7092 3708 1293 2415 1714 1581 1260 180 2292 1134 383 207 1113
internal_count=10800 7092 3708 1293 2415 1714 1581 1260 180 2292 1134 383 207 1113
is_linear=0
shrinkage=0.05


Tree=36
num_leaves=15
num_cat=0
split_feature=65 65 65 30 53 33 26 52 46 25 32 45 8 15
split_gain=2.24425e+06 223282 97060.1 24059.7 18539.7 16829.4 14203.8 13825.8 13832.6 15332.2 17807.8 12794.4 12388.9 10873.4
threshold=145.113167 28.000000000000004 225.07467050000002 19.487500000000004 -0.097964660725097366 21.693750000000005 16.862500000000004 0.63405362205439497 82.703125000000014 105.3195466553865 20.987500000000004 83.072916666666671 198.75511050000003 75.275283500000015
decision_type=2 2 2 2 2 2 2 2 2 2 2 2 2 2
left_child=1 -1 3 11 -4 -3 -6 -8 9 10 -9 -2 -5 -7
right_child=2 5 4 12 6 13 7 8 -10 -11 -12 -13 -14 -15
leaf_value=-0.67823506584174575 -0.51697639328128886 -0.20186109016073606 0.58026707267629041 0.79045335790987392 0.52134253098251848 0.31927941208801319 1.1048520948808818 1.5677102855362817 1.2160756273423039 1.239155979272796 2.529454324614834 0.38040680376309083 0.14558687241657117 -0.022164068079034153
leaf_weight=5378 52 743 123 1002 73 387 1049 190 706 204 70 158 81 584
leaf_count=5378 52 743 123 1002 73 387 1049 190 706 204 70 158 81 584
internal_value=0.00127717 -0.519878 0.997922 0.647487 1.1852 -0.0228981 1.2174 1.24005 1.36022 1.57645 1.83534 0.156801 0.742401 0.114109
internal_weight=10800 7092 3708 1293 2415 1714 2292 2219 1170 464 260 210 1083 971
internal_count=10800 7092 3708 1293 2415 1714 2292 2219 1170 464 260 210 1083 971
is_linear=0
shrinkage=0.05


Tree=37
num_leaves=15
num_cat=0
split_feature=65 65 2 64 33 7 24 8 65 36 28 57 53 45
split_gain=2.02625e+06 230371 67966.2 24753.6 24987.3 17744.2 17003.5 14906.6 12145 11090.8 10473.9 10368.9 16330.6 10140.5
threshold=164.68652700000004 77.844594000000015 62.684561500000008 240.63126700000001 22.934375000000003 24.000000000000004 278.91518350000007 262.36879000000005 24.000000000000004 18.666666666666668 21.612500000000004 3.5000000000000004 0.83146961230254501 83.010416666666671
decision_type=2 2 2 2 2 2 2 2 2 2 2 2 2 2
left_child=1 8 3 4 5 13 9 -8 -1 -3 -4 -11 -13 -2
right_child=2 6 10 -5 -6 -7 7 -9 -10 11 -12 12 -14 -15
leaf_value=-0.66525168980889138 1.7401537363080011 -0.78569695215958824 0.3267799785872309 1.2044512560508598 1.6552093115307036 0.74199525214768858 0.41722800809662941 -0.20592032092667761 -0.46345145935957616 0.079735423158719079 0.77361110331389715 -0.53888666136451413 0.097584774466085197 1.0168551489219408
leaf_weight=4674 68 51 379 1664 104 939 405 125 900 688 202 213 190 198
leaf_count=4674 68 51 379 1664 104 939 405 125 900 688 202 213 190 198
internal_value=0.00125486 -0.478374 0.978995 1.07569 0.911219 0.845688 0.03637 0.270148 -0.632757 -0.0722674 0.483195 -0.0382283 -0.239314 1.20758
internal_weight=10800 7246 3554 2973 1309 1205 1672 530 5574 1142 581 1091 403 266
internal_count=10800 7246 3554 2973 1309 1205 1672 530 5574 1142 581 1091 403 266
is_linear=0
shrinkage=0.05


Tree=38
num_leaves=15
num_cat=0
split_feature=65 65 65 52 30 48 17 29 35 25 24 26 40 30
split_gain=1.83005e+06 182075 79664 23154.5 23197.6 15458.1 18454.9 14977.1 11861.2 11990.9 12851.1 11240.5 10572.3 10172.4
threshold=145.113167 28.000000000000004 236.40297200000001 0.93540483100319638 19.487500000000004 2.3750000000000004 35.883805102236778 19.087500000000002 23.850000000000005 110.83558801624868 278.56941200000006 26.637500000000003 85.875000000000014 21.262500000000003
decision_type=2 2 2 2 2 2 2 2 2 2 2 2 2 2
left_child=1 -1 3 4 -2 -3 11 -4 9 10 -6 -7 -5 -8
right_child=2 5 7 12 8 6 13 -9 -10 -11 -12 -13 -14 -15
leaf_value=-0.61239378966902203 -0.0096658788830711606 0.49503699221106168 0.79908150906298603 1.2795654148755675 0.47501474854298958 -0.28262610941392474 -0.047353995605033825 1.1495417203252511 0.98553316647356215 -0.14758878716679871 0.96676552384052172 0.38902014651719263 0.65686268071091281 0.32204779156925456
leaf_weight=5378 177 133 378 166 611 758 426 1848 175 60 171 67 122 330
leaf_count=5378 177 133 378 166 611 758 426 1848 175 60 171 67 122 330
internal_value=0.00121709 -0.469394 0.901202 0.616456 0.518597 -0.0206106 -0.0642745 1.09042 0.610455 0.531423 0.583643 -0.227675 1.01897 0.114105
internal_weight=10800 7092 3708 1482 1194 1714 1581 2226 1017 842 782 825 288 756
internal_count=10800 7092 3708 1482 1194 1714 1581 2226 1017 842 782 825 288 756
is_linear=0
shrinkage=0.05


Tree=39
num_leaves=15
num_cat=0
split_feature=65 65 2 34 60 64 34 21 32 47 7 9 65 62
split_gain=1.65208e+06 187631 56234.3 21777.1 15945.2 14726.4 13362.7 11947 11622.7 11770.4 11064.3 11049.9 10464.3 10076.7
threshold=164.68652700000004 77.844594000000015 62.684561500000008 21.417708333333337 -0.8814490726585632 240.63126700000001 23.480208333333341 1.4088495625161608e-05 22.087500000000002 77.319010416666671 24.000000000000004 174.58897000000005 24.000000000000004 0.87837969732492682
decision_type=2 2 2 2 2 2 2 2 2 2 2 2 2 2
left_child=1 12 3 5 11 10 -6 -5 9 -7 -2 -3 -1 -12
right_child=2 4 -4 7 6 8 -8 -9 -10 -11 13 -13 -14 -15
leaf_value=-0.60138309890828667 1.0347343727230507 1.1172860971311243 0.43308406758707829 1.3601632470291767 -0.12537657784914108 1.3118778828097268 0.25464143618890966 1.0183810427219564 0.48811294762417679 0.90505082129873782 0.54309702668985549 0.23646190496560721 -0.41413161818198568 1.0148292175533487
leaf_weight=4674 228 40 581 417 1058 325 295 737 95 426 604 279 900 141
leaf_count=4674 228 40 581 417 1058 325 295 737 95 426 604 279 900 141
internal_value=0.00118594 -0.4319 0.884048 0.972002 0.0326468 0.862979 -0.0423929 1.14296 1.01651 1.08262 0.728577 0.350056 -0.571228 0.633619
internal_weight=10800 7246 3554 2973 1672 1819 1353 1154 846 751 973 319 5574 745
internal_count=10800 7246 3554 2973 1672 1819 1353 1154 846 751 973 319 5574 745
is_linear=0
shrinkage=0.05


Tree=40
num_leaves=15
num_cat=0
split_feature=65 65 65 29 53 49 24 24 61 29 26 21 33 52
split_gain=1.49145e+06 113810 94583.4 24790.3 15050 13678.3 13595 12989.8 12944 12909.5 11938.8 11777.4 11476.1 13350.2
threshold=128.45911150000003 28.000000000000004 225.07467050000002 20.487500000000004 -0.097964660725097366 3.5000000000000004 318.1844445000001 280.08090150000004 -0.9733555533461492 16.862500000000004 24.112500000000004 39.487976458268342 22.753125000000004 0.68322629814330837
decision_type=2 2 2 2 2 2 2 2 2 2 2 2 2 2
left_child=1 -1 3 5 -4 9 7 -5 -3 -2 -10 -11 13 -6
right_child=2 8 4 6 12 -7 -8 -9 10 11 -12 -13 -14 -15
leaf_value=-0.55294160780841961 -0.48650466080118976 0.68482163684409958 0.42381599590542818 0.5357673526712996 0.80091742996361348 -0.15632480197658619 0.0093344363230693193 0.94705166704521548 -0.16813335743388838 0.69396055713054039 0.16991164238384829 0.18848964242272626 1.2516009951329798 1.0691081703011336
leaf_weight=5378 40 56 123 488 887 166 78 323 1047 230 347 232 378 1027
leaf_count=5378 40 56 123 488 887 166 78 323 1047 230 347 232 378 1027
internal_value=0.00116635 -0.446963 0.771435 0.4671 0.967371 0.236428 0.639969 0.700536 -0.0537834 0.366354 -0.0839244 0.441086 0.996343 0.945304
internal_weight=10800 6828 3972 1557 2415 668 889 811 1450 502 1394 462 2292 1914
internal_count=10800 6828 3972 1557 2415 668 889 811 1450 502 1394 462 2292 1914
is_linear=0
shrinkage=0.05


Tree=41
num_leaves=15
num_cat=0
split_feature=65 65 2 26 64 7 26 60 32 45 24 25 47 21
split_gain=1.34782e+06 152747 46880.7 18677.1 17394.1 14295.6 14102.8 14534.2 11645.6 10903.3 10835.4 12128.2 10241.1 9921.21
threshold=164.68652700000004 77.844594000000015 62.684561500000008 22.087500000000002 240.63126700000001 24.000000000000004 19.962500000000002 -0.8814490726585632 20.162500000000005 83.010416666666671 277.75656700000008 105.86682911295337 77.319010416666671 1.4990909928504683e-05
decision_type=2 2 2 2 2 2 2 2 2 2 2 2 2 2
left_child=1 -1 3 4 5 9 -3 -8 12 -2 -10 -12 -6 -5
right_child=2 6 -4 13 8 -7 7 -9 10 -11 11 -13 -14 -15
leaf_value=-0.51575592560391259 1.5811008833348752 -0.29613134975969313 0.38683557820176756 1.4636006160714161 1.3364510757703307 0.5828301697546272 0.42949152480098168 0.016284532612989688 0.62164990780725282 0.81362215824192397 1.6550112532031152 0.8740313786168894 0.89258575434937626 0.99343966369152725
leaf_weight=5574 63 277 581 173 281 903 261 1134 372 191 61 299 263 367
leaf_count=5574 63 277 581 173 281 903 261 1134 372 191 61 299 263 367
internal_value=0.00113307 -0.390045 0.798563 0.878868 0.819023 0.677275 0.0291005 0.0938465 0.94692 1.00943 0.814046 1.01058 1.12389 1.14649
internal_weight=10800 7246 3554 2973 2433 1157 1672 1395 1276 254 732 360 544 540
internal_count=10800 7246 3554 2973 2433 1157 1672 1395 1276 254 732 360 544 540
is_linear=0
shrinkage=0.05


Tree=42
num_leaves=15
num_cat=0
split_feature=65 65 2 34 60 26 36 46 21 21 41 32 40 54
split_gain=1.21675e+06 138845 42336.8 17400.3 14635.2 13885.7 11868.8 11098.9 10773.8 11621.3 10678.6 10545.8 15715.3 12312.6
threshold=164.68652700000004 28.000000000000004 62.684561500000008 21.502083333333335 -0.95642797789208689 21.012500000000003 18.395963541666671 87.307291666666671 1.3134761892532257e-05 9.1621876858736614e-06 83.125000000000014 20.262500000000003 73.875000000000014 1.0000000180025095e-35
decision_type=2 2 2 2 2 2 2 2 2 2 2 2 2 2
left_child=1 -1 3 6 -3 -6 7 -2 9 10 -5 13 -13 -8
right_child=2 4 -4 8 5 -7 11 -9 -10 -11 -12 12 -14 -15
leaf_value=-0.4995166484430657 -0.10245979039643248 0.57145254079885077 0.36752703092354022 0.75949727774597708 -0.22593380043928335 0.068740726962236487 0.66494343902784236 0.91479443469334665 0.88135432024665228 1.6017297718361136 1.4958781789143882 1.518591816852922 0.55802867960450508 1.0194710112614389
leaf_weight=5378 77 105 581 159 611 1152 424 40 754 130 74 45 658 612
leaf_count=5378 77 105 581 159 611 1152 424 40 754 130 74 45 658 612
internal_value=0.00112659 -0.370545 0.758793 0.835107 0.000834961 -0.0334543 0.740252 0.250125 0.991914 1.21851 0.998763 0.773065 0.621585 0.875156
internal_weight=10800 7246 3554 2973 1868 1763 1856 117 1117 363 233 1739 703 1036
internal_count=10800 7246 3554 2973 1868 1763 1856 117 1117 363 233 1739 703 1036
is_linear=0
shrinkage=0.05


Tree=43
num_leaves=15
num_cat=0
split_feature=65 65 65 30 53 36 61 43 8 49 51 22 26 52
split_gain=1.09954e+06 83706.2 70759.2 20088.4 12706.2 12223.6 11893.7 11422 11107.6 10678.1 10286 10165.9 10073.3 9751.97
threshold=128.45911150000003 28.000000000000004 218.07397050000003 19.962500000000002 -0.097964660725097366 25.21510416666667 -0.9733555533461492 82.875000000000014 256.50948950000003 3.5000000000000004 2.5000000000000004 143.46396390625003 24.112500000000004 0.63405362205439497
decision_type=2 2 2 2 2 2 2 2 2 2 2 2 2 2
left_child=1 -1 3 10 7 8 -3 -4 9 -5 -2 -7 -8 -6
right_child=2 6 4 5 13 11 12 -9 -10 -11 -12 -13 -14 -15
leaf_value=-0.47454546729657132 -0.56174461406565479 0.66153260804059222 -0.075596627235820849 0.54547881183272018 0.74618877989753507 1.5305759424387022 -0.15270984294906062 0.75840907238031696 -0.40113136419435835 0.17516396887849459 0.16667499935573288 0.64142650003492885 0.15780088958666988 0.95376877306170127
leaf_weight=5378 61 56 72 695 1118 42 1047 94 40 272 221 142 347 1215
leaf_count=5378 61 56 72 695 1118 42 1047 94 40 272 221 142 347 1215
internal_value=0.00111467 -0.383658 0.662481 0.387204 0.824519 0.476984 -0.046463 0.398385 0.407765 0.441604 0.00768086 0.851561 -0.0753586 0.854656
internal_weight=10800 6828 3972 1473 2499 1191 1450 166 1007 967 282 184 1394 2333
internal_count=10800 6828 3972 1473 2499 1191 1450 166 1007 967 282 184 1394 2333
is_linear=0
shrinkage=0.05


Tree=44
num_leaves=15
num_cat=0
split_feature=65 65 2 27 52 53 17 24 8 40 25 32 51 36
split_gain=992601 112744 35640.4 15744.7 13825.5 17442 13035.6 12373.9 12683.1 9071.05 14761.3 12854.4 10930.6 8786.4
threshold=164.68652700000004 77.844594000000015 62.684561500000008 22.262500000000003 0.58216583101416164 0.93540483100319638 2.2746480028614838e-05 278.91518350000007 262.36879000000005 82.875000000000014 105.86682911295337 20.987500000000004 2.5000000000000004 18.666666666666668
decision_type=2 2 2 2 2 2 2 2 2 2 2 2 2 2
left_child=1 -1 3 4 5 -2 9 13 -9 10 11 -6 -11 -3
right_child=2 7 -4 -5 6 -7 -8 8 -10 12 -12 -13 -14 -15
leaf_value=-0.44261785814740739 0.28774344648933969 -0.7021901171941024 0.32645013272935119 1.0080853971703225 1.1268326296924271 0.71785896135709593 0.46275343217334375 0.36060544912487713 -0.21408626639417241 0.53054437019765355 0.64395179665221491 2.0847299901039706 0.91130044468635818 -0.036886196138103573
leaf_weight=5574 375 51 581 515 186 643 240 405 125 297 128 45 544 1091
leaf_count=5574 375 51 581 515 186 643 240 405 125 297 128 45 544 1091
internal_value=0.00108056 -0.334615 0.685409 0.755425 0.702099 0.559855 0.8022 0.0254856 0.224917 0.869647 1.08246 1.32162 0.777626 -0.067186
internal_weight=10800 7246 3554 2973 2458 1018 1440 1672 530 1200 359 231 841 1142
internal_count=10800 7246 3554 2973 2458 1018 1440 1672 530 1200 359 231 841 1142
is_linear=0
shrinkage=0.05


Tree=45
num_leaves=15
num_cat=0
split_feature=65 65 65 30 35 47 48 36 8 49 26 22 51 36
split_gain=897867 68227.1 56489.9 17596.7 11904.2 12601.6 10783.6 10535.5 9582.9 9581.69 9497.63 9115.38 9101.26 9343.39
threshold=128.45911150000003 28.000000000000004 218.07397050000003 19.962500000000002 18.072395833333335 80.944010416666671 2.3750000000000004 25.21510416666667 256.50948950000003 3.5000000000000004 24.112500000000004 143.46396390625003 2.5000000000000004 18.395963541666671
decision_type=2 2 2 2 2 2 2 2 2 2 2 2 2 2
left_child=1 -1 3 12 5 -4 -3 8 9 -5 -8 -9 -2 -14
right_child=2 6 4 7 -6 -7 10 11 -10 -11 -12 -13 13 -15
leaf_value=-0.42869584481940876 -0.53803124616463338 0.48790369080172646 -0.034887140061743933 0.50233514645082034 0.77448662652589018 0.78662968142313905 -0.15445091530781588 1.4270968140557756 -0.3787386479174219 0.15163195501721291 0.14828042811045059 0.58576499248457548 -0.45579998743534089 0.3205666980092452
leaf_weight=5378 61 89 98 695 2313 88 1014 42 40 272 347 142 49 172
leaf_count=5378 61 89 98 695 2313 88 1014 42 40 272 347 142 49 172
internal_value=0.00105923 -0.346641 0.598704 0.352736 0.743487 0.355916 -0.0422155 0.436763 0.372512 0.403947 -0.0772145 0.784484 -0.0024378 0.147153
internal_weight=10800 6828 3972 1473 2499 186 1450 1191 1007 967 1361 184 282 221
internal_count=10800 6828 3972 1473 2499 186 1450 1191 1007 967 1361 184 282 221
is_linear=0
shrinkage=0.05


Tree=46
num_leaves=15
num_cat=0
split_feature=65 65 65 24 57 25 36 48 29 31 35 61 17 51
split_gain=810395 61581.9 51439.2 20737 21120.1 21096.4 12924.6 11433.2 10497.1 9910.13 8681.52 8407.8 7782.76 6892.33
threshold=128.45911150000003 28.000000000000004 236.40297200000001 278.11863750000003 3.5000000000000004 110.83558801624868 18.395963541666671 7.6250000000000009 19.087500000000002 19.237500000000004 23.671875000000004 -0.9733555533461492 35.883805102236778 1.5000000000000002
decision_type=2 2 2 2 2 2 2 2 2 2 2 2 2 2
left_child=1 -1 3 4 6 -5 -2 -8 -4 -3 -7 -11 -13 -6
right_child=2 9 8 5 13 10 7 -9 -10 11 -12 12 -14 -15
leaf_value=-0.40726504578513273 -0.33386636307519496 -0.39179052849914031 0.48574135925591311 0.76135109066325035 0.19767607577677285 -0.23163663688842415 0.61516704193308402 0.24520520564915121 0.7774950737174926 0.60199953756834335 0.6446756542819303 -0.12781052508073373 0.12754569173716943 -0.40861344408810507
leaf_weight=5378 65 175 378 466 69 90 348 526 1848 56 40 701 518 142
leaf_count=5378 65 175 378 466 69 90 348 526 1848 56 40 701 518 142
internal_value=0.00102105 -0.329308 0.568808 0.365307 0.24091 0.604529 0.342427 0.393047 0.728192 -0.0400882 0.0408608 0.00845392 -0.0192842 -0.210351
internal_weight=10800 6828 3972 1746 1150 596 939 874 2226 1450 130 1275 1219 211
internal_count=10800 6828 3972 1746 1150 596 939 874 2226 1450 130 1275 1219 211
is_linear=0
shrinkage=0.05


Tree=47
num_leaves=15
num_cat=0
split_feature=65 65 65 30 35 17 36 48 43 47 26 21 22 52
split_gain=731444 55581.2 46432.6 15040.3 11375.7 10086.5 9054.04 9022.5 8605.93 11070.4 8471.13 8233.72 8162.41 7983.3
threshold=128.45911150000003 28.000000000000004 218.07397050000003 19.962500000000002 22.955208333333335 2.2746480028614838e-05 25.21510416666667 2.3750000000000004 79.125000000000014 77.669270833333357 21.212500000000002 1.4402954876835646e-05 143.46396390625003 0.81241147629689026
decision_type=2 2 2 2 2 2 2 2 2 2 2 2 2 2
left_child=1 -1 3 -2 5 -4 8 -3 -5 13 -9 -6 -8 -10
right_child=2 7 4 6 11 -7 12 10 9 -11 -12 -13 -14 -15
leaf_value=-0.38690555144872207 -0.010926451112798583 0.44682642162674002 0.69079129355772562 0.11689629110451134 1.2395450402599897 0.4429726596597468 1.3250897399214812 -0.24499198584562137 0.46448467588639475 0.24153434429061857 0.018791927420244443 0.76214395002570268 0.52963881884942532 0.98756939282507783
leaf_weight=5378 282 89 1443 312 128 585 42 458 221 363 903 343 142 111
leaf_count=5378 282 89 1443 312 128 585 42 458 221 363 903 343 142 111
internal_value=0.000981841 -0.312844 0.540402 0.317405 0.671665 0.619559 0.39509 -0.0380765 0.335546 0.433393 -0.0700906 0.894235 0.71739 0.641812
internal_weight=10800 6828 3972 1473 2499 2028 1191 1450 1007 695 1361 471 184 332
internal_count=10800 6828 3972 1473 2499 2028 1191 1450 1007 695 1361 471 184 332
is_linear=0
shrinkage=0.05


Tree=48
num_leaves=15
num_cat=0
split_feature=65 65 2 34 46 57 22 8 64 24 21 51 49 47
split_gain=661715 74443.1 25626.2 12643.9 15475.6 14093.1 10883.1 11180.6 10607 10548 9512.14 11876.7 9489.6 8719.28
threshold=164.68652700000004 28.000000000000004 62.684561500000008 21.078125000000004 76.078125000000014 3.5000000000000004 136.54920041145837 261.65772150000004 217.80920300000002 297.26105400000006 1.4088495625161608e-05 1.5000000000000002 3.5000000000000004 82.790364583333357
decision_type=2 2 2 2 2 2 2 2 2 2 2 2 2 2
left_child=1 -1 3 4 -2 8 -3 -8 13 10 11 -5 -13 -6
right_child=2 6 -4 9 5 -7 7 -9 -10 -11 -12 12 -14 -15
leaf_value=-0.36756388510352817 1.4902961469278104 -0.10111063210246624 0.25539149421033586 0.61738503868209904 0.32346320444650134 0.19769854385957342 0.2577544035832563 -0.17913266767493705 0.71559036494421779 0.42678132513255784 0.68146125563805193 1.3646619918334544 0.67967382669448861 0.73768341615365429
leaf_weight=5378 40 1108 581 144 493 308 563 197 664 230 650 200 72 172
leaf_count=5378 40 1108 581 144 493 308 563 197 664 230 650 200 72 172
internal_value=0.000963403 -0.273127 0.559707 0.619072 0.527693 0.503276 -0.00119127 0.144422 0.573893 0.736817 0.803248 0.991449 1.1865 0.431547
internal_weight=10800 7246 3554 2973 1677 1637 1868 760 1329 1296 1066 416 272 665
internal_count=10800 7246 3554 2973 1677 1637 1868 760 1329 1296 1066 416 272 665
is_linear=0
shrinkage=0.05


Tree=49
num_leaves=15
num_cat=0
split_feature=65 65 65 24 24 57 36 53 48 31 17 45 24 47
split_gain=597380 44845.7 38201.2 17308.7 18435.5 18245.9 11180.6 9970.96 9282.6 8362.47 7911.46 7338.44 13729.1 7201.91
threshold=128.45911150000003 28.000000000000004 236.40297200000001 278.11863750000003 307.27302800000007 3.5000000000000004 18.395963541666671 -0.097964660725097366 7.8750000000000009 19.237500000000004 2.2746480028614838e-05 82.739583333333357 290.03840000000008 79.027343750000014
decision_type=2 2 2 2 2 2 2 2 2 2 2 2 2 2
left_child=1 -1 3 5 13 6 -2 -4 -8 -3 11 12 -9 -5
right_child=2 9 7 4 -6 -7 8 10 -10 -11 -12 -13 -14 -15
leaf_value=-0.34918909481542887 -0.33500505435195838 -0.35892736655236646 0.0153786493295973 0.76264041008393701 -0.065805663704593606 -0.21991897874164731 0.52140718634517602 0.98502750695094299 0.19333415864243733 0.0087376976756170632 0.49944277040420942 0.62173976268910192 0.37654281028292402 0.29645868035358025
leaf_weight=5378 65 175 65 382 106 211 392 434 482 1275 668 939 120 108
leaf_count=5378 65 175 65 382 106 211 392 434 482 1275 668 939 120 108
internal_value=0.000948107 -0.282664 0.488435 0.313065 0.531598 0.199444 0.293812 0.625786 0.340907 -0.0358525 0.644131 0.70849 0.854142 0.660703
internal_weight=10800 6828 3972 1746 596 1150 939 2226 874 1450 2161 1493 554 490
internal_count=10800 6828 3972 1746 596 1150 939 2226 874 1450 2161 1493 554 490
is_linear=0
shrinkage=0.05


Tree=50
num_leaves=15
num_cat=0
split_feature=65 65 2 29 26 32 52 29 46 47 24 64 17 24
split_gain=539666 61760.2 21311.5 13240 11603.5 11513.7 10621.3 9003.63 10589.4 9881.34 9399.18 8674.25 8437.94 8346.59
threshold=164.68652700000004 86.489938500000008 62.684561500000008 21.487500000000004 22.087500000000002 23.112500000000004 -0.41248606129204551 18.425000000000001 91.427083333333357 78.128906250000014 300.20324800000009 83.963386000000014 39.782880387175481 277.75656700000008
decision_type=2 2 2 2 2 2 2 2 2 2 2 2 2 2
left_child=1 11 4 -3 5 6 -2 9 10 -8 13 -1 -5 -9
right_child=2 3 -4 12 -6 -7 7 8 -10 -11 -12 -13 -14 -15
leaf_value=-0.34986596268535547 -0.20260630740861721 -0.084362669692773007 0.22800361823780252 0.084506287626529883 0.77003189769613112 0.038913535956687076 -0.20384079922774903 0.56992501095491055 -0.19122071016666503 0.4660790554363059 0.1125808958645149 -0.18976472854293638 0.47595694290393847 0.81784032780555604
leaf_weight=4714 47 883 581 405 540 122 75 1395 42 201 92 1036 208 459
leaf_count=4714 47 883 581 405 540 122 75 1395 42 201 92 1036 208 459
internal_value=0.000914361 -0.246612 0.505506 0.0395511 0.559642 0.512649 0.53763 0.55308 0.590281 0.283957 0.607238 -0.321058 0.21789 0.63171
internal_weight=10800 7246 3554 1496 2973 2433 2311 2264 1988 276 1946 5750 613 1854
internal_count=10800 7246 3554 1496 2973 2433 2311 2264 1988 276 1946 5750 613 1854
is_linear=0
shrinkage=0.05


Tree=51
num_leaves=15
num_cat=0
split_feature=65 65 65 24 24 57 36 53 61 48 26 17 45 25
split_gain=487701 36448 31470.7 14730.2 16172 16055 9852.44 8865.86 8063.87 7531.82 7266.58 7170.16 7001.18 14461.9
threshold=128.45911150000003 28.000000000000004 236.40297200000001 278.11863750000003 307.27302800000007 3.5000000000000004 18.395963541666671 -0.097964660725097366 -0.9733555533461492 7.8750000000000009 25.062500000000004 1.9866838054813594e-05 82.739583333333357 105.86682911295337
decision_type=2 2 2 2 2 2 2 2 2 2 2 2 2 2
left_child=1 -1 3 5 -5 6 -2 -4 -3 -8 -10 12 13 -9
right_child=2 8 7 4 -6 -7 9 11 10 -11 -12 -13 -14 -15
leaf_value=-0.31535156817878573 -0.32431847852739426 0.55008580601006229 -0.0092093270356682216 0.60469195544565579 -0.075640680679233283 -0.21598618740692543 0.47270413385016924 1.0212292880426312 -0.10503631399346898 0.17717038525025483 0.212237367218474 0.45116716429243414 0.5638876486016422 0.48395270268260016
leaf_weight=5378 65 56 65 490 106 211 392 300 1182 482 212 706 935 220
leaf_count=5378 65 56 65 490 106 211 392 300 1182 482 212 706 935 220
internal_value=0.000879484 -0.255377 0.441347 0.282176 0.483769 0.177369 0.265895 0.566012 -0.0328715 0.31011 -0.0566677 0.583311 0.647076 0.795285
internal_weight=10800 6828 3972 1746 596 1150 939 2226 1450 874 1394 2161 1455 520
internal_count=10800 6828 3972 1746 596 1150 939 2226 1450 874 1394 2161 1455 520
is_linear=0
shrinkage=0.05


Tree=52
num_leaves=15
num_cat=0
split_feature=65 65 65 24 24 57 36 53 16 7 52 52 52 17
split_gain=440248 32156 29079.1 12740.4 14651.4 14422.7 8920.67 8003.29 7542.96 8989.56 8091.61 8832.95 7121.24 6963.76
threshold=127.49180350000002 24.000000000000004 236.40297200000001 278.11863750000003 307.27302800000007 3.5000000000000004 18.395963541666671 -0.097964660725097366 264.18653100000006 261.81269550000007 -0.77259657388510594 -0.72947329433276231 0.93540483100319638 69.785239386529625
decision_type=2 2 2 2 2 2 2 2 2 2 2 2 2 2
left_child=1 -1 3 5 -5 6 -2 -4 9 10 -3 -12 -8 -13
right_child=2 8 7 4 -6 -7 12 -9 -10 -11 11 13 -14 -15
leaf_value=-0.31707811400979602 -0.30834824771789671 0.424618555996567 -0.0087558341777008598 0.56680827218312135 -0.075082742908132188 -0.1970001008276526 0.23462994383332211 0.55420338554799653 0.21981413410679301 0.2218129642254322 -0.68300917416433748 -0.17116770364240882 0.63135877862683876 0.21604315993923043
leaf_weight=4674 65 59 65 496 108 218 748 2161 187 182 78 1501 133 125
leaf_count=4674 65 59 65 496 108 218 748 2161 187 182 78 1501 133 125
internal_value=0.000851681 -0.243687 0.417516 0.265893 0.452099 0.168966 0.25342 0.537768 -0.0827174 -0.111902 -0.146459 -0.166469 0.29517 -0.141286
internal_weight=10800 6806 3994 1768 604 1164 946 2226 2132 1945 1763 1704 881 1626
internal_count=10800 6806 3994 1768 604 1164 946 2226 2132 1945 1763 1704 881 1626
is_linear=0
shrinkage=0.05


Tree=53
num_leaves=15
num_cat=0
split_feature=65 65 64 21 45 26 31 8 22 24 57 51 22 64
split_gain=397793 45571.1 16705.3 15398.2 14068.6 11197.3 11668.1 8680.45 8278.46 7757.39 17433.5 10706.7 9828.19 6738.58
threshold=164.68652700000004 86.489938500000008 240.63126700000001 1.4305838189958214e-05 80.635416666666671 19.962500000000002 22.512500000000003 261.38013950000004 136.48103394270836 277.75656700000008 3.5000000000000004 3.5000000000000004 148.4124377447917 83.963386000000014
decision_type=2 2 2 2 2 2 2 2 2 2 2 2 2 2
left_child=1 13 3 4 -2 6 -3 8 -7 10 -4 -12 -11 -1
right_child=2 5 9 -5 -6 7 -8 -9 -10 12 11 -13 -14 -15
leaf_value=-0.30103691274934269 1.1350939053587799 -0.11297674530240542 0.55426125539999316 0.22222685152265981 0.43555838785348311 0.035127180486259048 -1.0118729222904552 -0.21275991552710996 0.31984430633251948 0.74539737221763636 0.26969587684332119 -0.57336033237607864 0.29885897173741532 -0.15994227447161063
leaf_weight=4714 81 203 688 1190 619 627 43 193 430 656 110 56 154 1036
leaf_count=4714 81 203 688 1190 619 627 43 193 430 656 110 56 154 1036
internal_value=0.000815156 -0.211699 0.434033 0.331992 0.518008 0.0341133 -0.273561 0.094834 0.151146 0.549664 0.443439 -0.0164389 0.660973 -0.275648
internal_weight=10800 7246 3554 1890 700 1496 246 1250 1057 1664 854 166 810 5750
internal_count=10800 7246 3554 1890 700 1496 246 1250 1057 1664 854 166 810 5750
is_linear=0
shrinkage=0.05


Tree=54
num_leaves=15
num_cat=0
split_feature=65 65 65 24 25 57 31 35 29 48 52 26 17 47
split_gain=359165 26865.8 23138.7 11659.3 14433.6 12922.6 8100.79 7389.98 7389.35 7257.61 7102.58 6574.24 7833.11 5773.79
threshold=128.45911150000003 28.000000000000004 236.40297200000001 280.08090150000004 110.83558801624868 3.5000000000000004 18.425000000000001 23.671875000000004 19.087500000000002 2.3750000000000004 0.93540483100319638 26.637500000000003 35.883805102236778 82.251302083333357
decision_type=2 2 2 2 2 2 2 2 2 2 2 2 2 2
left_child=1 -1 3 5 -5 6 -2 -6 -4 -3 -8 12 -11 -10
right_child=2 9 8 4 7 -7 10 -9 13 11 -12 -13 -14 -15
leaf_value=-0.27061882569546553 -0.29250041357093098 0.40679300767680016 0.28304984709665693 0.58334904049747982 -0.27279014860863215 -0.19869068070262108 0.20991812573750576 0.53569408712976774 0.50380426033580794 -0.19794591494252847 0.59036900725674957 0.33997927473224321 0.052391476283072363 0.87465100230224313
leaf_weight=5378 68 89 378 405 90 211 787 40 1735 705 145 96 560 113
leaf_count=5378 68 89 378 405 90 211 787 40 1735 705 145 96 560 113
internal_value=0.000782008 -0.219128 0.378775 0.242292 0.436528 0.156192 0.231196 -0.0218355 0.485671 -0.0280971 0.269678 -0.0568137 -0.0871708 0.526941
internal_weight=10800 6828 3972 1746 535 1211 1000 130 2226 1450 932 1361 1265 1848
internal_count=10800 6828 3972 1746 535 1211 1000 130 2226 1450 932 1361 1265 1848
is_linear=0
shrinkage=0.05


Tree=55
num_leaves=15
num_cat=0
split_feature=65 65 9 29 52 46 22 43 36 53 30 47 35 51
split_gain=324481 30872.8 18130.6 11214 10765.8 11829.1 17503.7 12377.1 10955.3 10826.4 10206.8 9151.06 7095.63 6793.54
threshold=141.29982250000003 86.489938500000008 183.27520700000002 21.062500000000004 0.58216583101416164 81.901041666666671 135.9634828697917 82.625000000000014 23.137890625000004 0.93540483100319638 21.962500000000002 85.757812500000014 24.130208333333336 1.5000000000000002
decision_type=2 2 2 2 2 2 2 2 2 2 2 2 2 2
left_child=1 -1 4 -3 9 6 8 -7 -6 12 11 -9 -2 -12
right_child=2 3 -4 -5 5 7 -8 10 -10 -11 13 -13 -14 -15
leaf_value=-0.2489124128703657 0.093971718821846767 -0.11451463803139508 -0.021495362763846389 0.18013543747458918 0.75855579651182614 0.10818802552522166 0.51578411916615785 0.35819842709003252 1.6474898722022773 0.43008937962432248 0.32870630031135284 1.0029932864507038 0.47123381460344871 1.0105253433336072
leaf_weight=5750 594 701 266 597 83 277 431 726 63 911 52 59 157 133
leaf_count=5750 594 701 266 597 83 277 431 726 63 911 52 59 157 133
internal_value=0.000757479 -0.1992 0.376324 0.0210406 0.406677 0.490671 0.678161 0.403444 1.15073 0.314257 0.487561 0.407875 0.173362 0.821677
internal_weight=10800 7048 3752 1298 3486 1824 577 1247 146 1662 970 785 751 185
internal_count=10800 7048 3752 1298 3486 1824 577 1247 146 1662 970 785 751 185
is_linear=0
shrinkage=0.05


Tree=56
num_leaves=15
num_cat=0
split_feature=65 65 64 21 33 26 31 8 7 22 24 57 51 22
split_gain=293132 33453.9 13023.7 12259.1 12181.5 9479.75 10479.3 7670.21 7076.88 6904.22 6842.82 15267.9 9778.44 8551.9
threshold=164.68652700000004 86.489938500000008 240.63126700000001 1.4305838189958214e-05 22.996875000000003 19.962500000000002 22.512500000000003 261.38013950000004 24.000000000000004 136.48103394270836 277.75656700000008 3.5000000000000004 3.5000000000000004 148.4124377447917
decision_type=2 2 2 2 2 2 2 2 2 2 2 2 2 2
left_child=1 -1 3 4 8 6 -3 9 -2 -7 11 -4 -13 -12
right_child=2 5 10 -5 -6 7 -8 -9 -10 -11 13 12 -14 -15
leaf_value=-0.2364689585318733 0.61424251393524609 -0.10200356891579634 0.47881350328246741 0.18463176435600939 1.1377313080480544 0.031789522810251845 -0.9538353551517833 -0.20432721175944685 0.26367434176394 0.29180249716317291 0.6578822429396447 0.21865290287412234 -0.58707278381314187 0.24177324306580328
leaf_weight=5750 220 203 688 1190 58 627 43 193 422 430 656 110 56 154
leaf_count=5750 220 203 688 1190 58 627 43 193 422 430 656 110 56 154
internal_value=0.000749791 -0.181678 0.372635 0.282551 0.448514 0.0289337 -0.25416 0.0848051 0.384575 0.137742 0.474723 0.375099 -0.055046 0.579166
internal_weight=10800 7246 3554 1890 700 1496 246 1250 642 1057 1664 854 166 810
internal_count=10800 7246 3554 1890 700 1496 246 1250 642 1057 1664 854 166 810
is_linear=0
shrinkage=0.05


Tree=57
num_leaves=15
num_cat=0
split_feature=65 65 65 35 21 21 17 64 43 60 47 40 52 22
split_gain=264977 21193.9 17861 9568.72 8609.58 17802.9 12286.5 10585.9 8548.99 7018.13 6400.63 13590.5 8539.68 6684.83
threshold=127.49180350000002 24.000000000000004 190.78903200000002 20.281250000000004 1.4305838189958214e-05 9.1621876858736614e-06 8.291695780468328e-06 241.01930950000005 79.875000000000014 -0.9733555533461492 75.100260416666671 82.875000000000014 0.88144907265856365 136.54298591145837
decision_type=2 2 2 2 2 2 2 2 2 2 2 2 2 2
left_child=1 -1 3 -2 5 6 10 8 -6 -5 -4 12 -12 -13
right_child=2 -3 4 9 7 -7 -8 -9 -10 -11 11 13 -14 -15
leaf_value=-0.24857568953509002 -0.094120570267608145 -0.058316598904825157 0.12484707690990574 0.57209508751136384 -0.1249486887603591 0.79412601224808821 1.1410514335243069 0.41794372948054925 0.26156477241480552 0.14642722488943546 0.48787265613358077 0.40779641843582876 1.4727634652455648 -0.023641668371202657
leaf_weight=4674 323 2132 276 128 182 331 48 1017 659 393 46 434 44 113
leaf_count=4674 323 2132 276 128 182 331 48 1017 659 393 46 434 44 113
internal_value=0.000721729 -0.188994 0.323974 0.119524 0.378698 0.477993 0.368394 0.309432 0.177871 0.251902 0.326568 0.413637 0.980268 0.318789
internal_weight=10800 6806 3994 844 3150 1292 961 1858 841 521 913 637 90 547
internal_count=10800 6806 3994 844 3150 1292 961 1858 841 521 913 637 90 547
is_linear=0
shrinkage=0.05


Tree=58
num_leaves=15
num_cat=0
split_feature=65 65 65 36 28 18 32 24 36 46 32 35 22 57
split_gain=239695 21384.5 14741.9 11624.4 8099.93 8361.04 8320.97 7598.35 7469.66 9170.26 7737.65 10592.9 10019.4 8424.74
threshold=118.09247850000001 190.78903200000002 24.000000000000004 23.663020833333334 22.787500000000005 36.676776666666676 23.362500000000004 307.27302800000007 18.395963541666671 91.739583333333357 20.337500000000002 20.515625000000004 138.52227504166669 3.5000000000000004
decision_type=2 2 2 2 2 2 2 2 2 2 2 2 2 2
left_child=2 3 -1 -2 6 -6 8 -5 9 -3 12 -12 13 -10
right_child=1 4 -4 7 5 -7 -8 -9 10 -11 11 -13 -14 -15
leaf_value=-0.23614956372816934 -0.017650940955407087 -0.30839253026992086 -0.070622323413410515 0.43469288365715197 0.80845229899022675 0.39041956315060028 -0.062880626438479678 -0.12824757023652397 0.45543800130446654 0.59378040182154357 -0.091160694527071581 0.33457115030440154 0.86572049367382675 0.032645708057209372
leaf_weight=4674 706 89 1890 306 186 344 132 74 934 40 171 988 131 135
leaf_count=4674 706 89 1890 306 186 344 132 74 934 40 171 988 131 135
internal_value=0.00071007 0.293891 -0.188507 0.102441 0.359842 0.538372 0.323536 0.325019 0.344054 -0.0262333 0.364305 0.271734 0.453413 0.402126
internal_weight=10800 4236 6564 1086 3150 530 2620 380 2488 129 2359 1159 1200 1069
internal_count=10800 4236 6564 1086 3150 530 2620 380 2488 129 2359 1159 1200 1069
is_linear=0
shrinkage=0.05


Tree=59
num_leaves=15
num_cat=0
split_feature=65 65 65 36 8 26 21 21 17 64 43 17 16 33
split_gain=216364 19304.9 13304.7 11006.6 7728.12 9430.46 7414.64 15761.1 10967.4 9258.75 7704.87 6825.6 6723.7 5791.13
threshold=118.09247850000001 190.78903200000002 24.000000000000004 25.387500000000006 257.88623600000005 19.462500000000002 1.4305838189958214e-05 9.1621876858736614e-06 8.291695780468328e-06 241.01930950000005 79.875000000000014 1.5812130629138754e-06 264.18653100000006 22.065625000000004
decision_type=2 2 2 2 2 2 2 2 2 2 2 2 2 2
left_child=2 3 -1 4 5 11 7 8 -3 10 -8 -2 -4 -9
right_child=1 6 12 -5 -6 -7 9 13 -10 -11 -12 -13 -14 -15
leaf_value=-0.22434460063669134 -0.77266113834325667 0.29144780056793612 -0.096677242949254533 0.56678270215966875 -0.43747510325599032 0.17271480967139058 -0.13281189943027627 0.60887467133856965 1.0608058598576759 0.37910622904335162 0.23407974053795139 -0.06444851271130822 0.23297179573051194 1.1037404014740462
leaf_weight=4674 42 913 1721 111 76 693 182 251 48 1017 659 164 169 80
leaf_count=4674 42 913 1721 111 76 693 182 251 48 1017 659 164 169 80
internal_value=0.000688461 0.279235 -0.179084 0.0973319 0.0433607 0.0844507 0.341898 0.434031 0.330938 0.277632 0.154618 -0.211876 -0.0670931 0.731444
internal_weight=10800 4236 6564 1086 975 899 3150 1292 961 1858 841 206 1890 331
internal_count=10800 4236 6564 1086 975 899 3150 1292 961 1858 841 206 1890 331
is_linear=0
shrinkage=0.05


Tree=60
num_leaves=15
num_cat=0
split_feature=65 65 65 47 17 43 36 28 32 18 36 46 32 35
split_gain=195301 17434.9 12008.4 10042.2 14767.5 7013.52 7099.74 6993.96 7417.33 6909.52 6489.43 8408.23 6922.51 9491.89
threshold=118.09247850000001 190.78903200000002 24.000000000000004 77.319010416666671 1.1692635583363182e-06 63.125000000000007 20.963802083333338 22.787500000000005 23.362500000000004 36.676776666666676 18.395963541666671 91.739583333333357 20.337500000000002 20.589583333333337
decision_type=2 2 2 2 2 2 2 2 2 2 2 2 2 2
left_child=2 3 -1 5 -5 -2 -7 8 10 -9 11 -3 -12 -14
right_child=1 7 -4 4 -6 6 -8 9 -10 -11 12 -13 13 -15
leaf_value=-0.21312978672598773 -0.35625771320596034 -0.30467370954652628 -0.063734817696884979 -0.88120295352374134 0.014849783411371199 -0.22738263102678152 0.3275746170678786 0.73625367987442791 -0.073610892059995714 0.35622174110425558 0.41364627915182911 0.55921356263684074 -0.083998251490374209 0.30456452374590631
leaf_weight=4674 48 89 1890 51 397 64 526 186 132 344 1200 40 187 972
leaf_count=4674 48 89 1890 51 397 64 526 186 132 344 1200 40 187 972
internal_value=0.000667558 0.265309 -0.17013 0.0924406 -0.0888916 0.219711 0.267093 0.324859 0.291132 0.490727 0.310505 -0.0345606 0.329381 0.241853
internal_weight=10800 4236 6564 1086 448 638 590 3150 2620 530 2488 129 2359 1159
internal_count=10800 4236 6564 1086 448 638 590 3150 2620 530 2488 129 2359 1159
is_linear=0
shrinkage=0.05


Tree=61
num_leaves=15
num_cat=0
split_feature=65 65 9 26 51 65 36 32 52 26 21 21 63 49
split_gain=176435 14222.6 12633.7 8740.61 8928.33 7986.66 7497.34 7147.43 9163.62 9011.52 6123.82 6062.2 5619.92 5438.38
threshold=128.45911150000003 24.000000000000004 183.27520700000002 19.012500000000003 2.5000000000000004 270.61629400000004 18.395963541666671 20.262500000000003 0.68322629814330837 22.112500000000004 1.4990909928504683e-05 9.1621876858736614e-06 -0.56174490092936669 1.0000000180025095e-35
decision_type=2 2 2 2 2 2 2 2 2 2 2 2 2 2
left_child=1 -1 3 4 -2 6 -6 8 -5 13 11 -11 -8 -9
right_child=2 -3 -4 7 5 -7 12 9 -10 10 -12 -13 -14 -15
leaf_value=-0.20247556696601096 -0.21036834120750428 -0.047165869231640498 -0.00054200485450637279 0.2816897771460346 -0.19002253679109032 0.78155336784104179 -0.02527873030915035 0.42966134600868938 0.61338250305345976 0.4093674069201505 0.3504107871288612 1.0481236333716406 0.36561937029679531 0.16325009479157715
leaf_weight=4674 142 2154 401 394 115 58 126 232 448 80 470 72 338 1096
leaf_count=4674 142 2154 401 394 115 58 126 232 448 80 470 72 338 1096
internal_value=0.000636537 -0.153495 0.265565 0.295439 0.147078 0.226965 0.170159 0.336766 0.458691 0.283912 0.440955 0.716809 0.259644 0.21008
internal_weight=10800 6828 3972 3571 779 637 579 2792 842 1950 622 152 464 1328
internal_count=10800 6828 3972 3571 779 637 579 2792 842 1950 622 152 464 1328
is_linear=0
shrinkage=0.05


Tree=62
num_leaves=15
num_cat=0
split_feature=65 29 43 46 64 18 49 32 46 34 47 36 47 22
split_gain=159521 14417.4 12366 11386.9 9822.98 7899.66 7062.89 9161.45 8087.63 6883.52 6773 10205.5 10998.5 13053
threshold=118.09247850000001 21.262500000000003 82.625000000000014 76.609375000000014 86.255541500000007 40.980180208333344 1.0000000180025095e-35 20.337500000000002 80.817708333333357 22.751041666666669 85.757812500000014 18.666666666666668 77.669270833333357 125.64656252604168
decision_type=2 2 2 2 2 2 2 2 2 2 2 2 2 2
left_child=4 2 3 -2 -1 6 8 -8 -3 -9 11 -4 13 -13
right_child=1 5 10 -5 -6 -7 7 9 -10 -11 -12 12 -14 -15
leaf_value=-0.18894802116558693 0.61512002951931211 1.3203108594772663 -0.29449705816037264 -0.085028567646839553 -0.047458393846493252 0.25347990644873541 0.73303333992594921 0.17239250624908614 0.51846824890145893 0.58350786832751522 0.58871003486276641 0.029061217959337856 0.1283453749757841 0.56222549831016255
leaf_weight=4930 63 46 96 626 1634 1047 150 365 103 141 122 161 916 400
leaf_count=4930 63 46 96 626 1634 1047 150 365 103 141 122 161 916 400
internal_value=0.000622149 0.239796 0.158387 -0.0202105 -0.153739 0.344449 0.462304 0.390627 0.773169 0.287877 0.230954 0.202851 0.235354 0.409538
internal_weight=10800 4236 2384 689 6564 1852 805 656 149 506 1695 1573 1477 561
internal_count=10800 4236 2384 689 6564 1852 805 656 149 506 1695 1573 1477 561
is_linear=0
shrinkage=0.05


Tree=63
num_leaves=15
num_cat=0
split_feature=65 65 34 48 29 41 41 47 46 41 43 57 42 22
split_gain=144987 17824 8281.06 7612.04 7438.56 7481.93 6392.52 6031.73 6521.73 5508.95 8575.65 5217.56 6871.88 5110.97
threshold=164.68652700000004 86.489938500000008 21.502083333333335 6.3750000000000009 21.487500000000004 83.375000000000014 86.875000000000014 85.757812500000014 81.359375000000014 86.125000000000014 81.625000000000014 1.5000000000000002 74.625000000000014 23.216666666666672
decision_type=2 2 2 2 2 2 2 2 2 2 2 2 2 2
left_child=1 -1 3 7 9 11 13 8 -2 -3 -11 12 -6 -4
right_child=2 4 6 -5 5 -7 -8 -9 -10 10 -12 -13 -14 -15
leaf_value=-0.16767897972745757 0.49327793808453801 0.043482258792974099 0.59309341346319666 0.089089882222011571 0.79619447437199686 0.65037381942721384 0.7032077638312213 0.70303241904777813 0.19683082746497504 -0.39461608024767969 0.087595881086262262 0.006640560168049846 0.077882629765338426 0.28544832343237359
leaf_weight=5750 227 496 155 888 54 68 123 78 1016 237 150 406 85 1067
leaf_count=5750 227 496 155 888 54 68 123 78 1016 237 150 406 85 1067
internal_value=0.000613671 -0.127685 0.262156 0.202437 0.0260428 0.159718 0.360014 0.278505 0.251322 -0.0668337 -0.207968 0.09742 0.360633 0.324923
internal_weight=10800 7246 3554 2209 1496 613 1345 1321 1243 883 387 545 139 1222
internal_count=10800 7246 3554 2209 1496 613 1345 1321 1243 883 387 545 139 1222
is_linear=0
shrinkage=0.05


Tree=64
num_leaves=15
num_cat=0
split_feature=65 65 64 26 31 34 8 7 17 6 14 24 24 57
split_gain=130876 16093.8 7783.79 7113.73 8897.07 6879.11 6181.13 5767.24 7643.35 5736.16 5401.14 5375.54 5218.62 11815.7
threshold=164.68652700000004 86.489938500000008 240.63126700000001 19.962500000000002 22.512500000000003 22.917708333333337 261.38013950000004 24.000000000000004 1.9810494292234628e-06 105.13475800000002 67.148607000000013 278.91518350000007 277.75656700000008 3.5000000000000004
decision_type=2 2 2 2 2 2 2 2 2 2 2 2 2 2
left_child=1 -1 5 4 10 7 11 8 -2 -7 -3 -5 13 -4
right_child=2 3 12 6 -6 9 -8 -9 -10 -11 -12 -13 -14 -15
leaf_value=-0.15929648472633265 0.6664930060505867 0.23129508419029687 0.33250893348698196 0.039703963330123465 -0.86510956666686312 0.7770928880536413 -0.18636491231298669 0.10204162764557273 0.15937205196298179 0.22242335207950831 -0.29167161276105974 0.27764776769404609 0.41902124956538717 -0.13673197656624511
leaf_weight=5750 113 82 688 698 43 82 193 1370 216 109 121 359 810 166
leaf_count=5750 113 82 688 698 43 82 193 1370 216 109 121 359 810 166
internal_value=0.000602265 -0.121293 0.249091 0.024783 -0.22045 0.179497 0.0731826 0.147331 0.335042 0.463361 -0.0803257 0.120705 0.327982 0.241245
internal_weight=10800 7246 3554 1496 246 1890 1250 1699 329 191 203 1057 1664 854
internal_count=10800 7246 3554 1496 246 1890 1250 1699 329 191 203 1057 1664 854
is_linear=0
shrinkage=0.05


Tree=65
num_leaves=15
num_cat=0
split_feature=65 65 29 46 47 32 30 52 22 36 47 36 22 51
split_gain=118144 14582.4 7458.95 7895.59 7493.73 7283.27 7559.14 7431.66 7197.68 10729.4 7680.78 7417.67 9172.01 6471.94
threshold=164.68652700000004 80.564241500000009 18.725000000000005 91.427083333333357 78.128906250000014 22.037500000000005 22.012500000000003 -0.41248606129204551 148.13106922916668 23.976302083333341 69.212239583333357 21.214843750000004 126.05083759895835 1.5000000000000002
decision_type=2 2 2 2 2 2 2 2 2 2 2 2 2 2
left_child=1 -1 4 5 -2 7 -7 -4 9 10 -9 12 -12 -11
right_child=2 -3 3 -5 -6 6 -8 8 -10 13 11 -13 -14 -15
leaf_value=-0.15341268719501647 -0.28296549710510083 0.016522422059545034 0.0064288274999093889 -0.36278339755535127 0.1853127943226707 -0.15940065350846427 0.22078814114660733 0.88033696152269847 -0.082820335119367428 0.27395222876064418 0.25148604190152773 0.21500297088401435 0.69408043567003785 0.71629629012747731
leaf_weight=5618 128 1628 181 49 252 168 579 55 96 118 264 1162 212 290
leaf_count=5618 128 1628 181 49 252 168 579 55 96 118 264 1162 212 290
internal_value=0.000579505 -0.115235 0.236672 0.261729 0.0272483 0.271634 0.135185 0.314422 0.339781 0.359121 0.303324 0.283424 0.44965 0.589346
internal_weight=10800 7246 3554 3174 380 3125 747 2378 2197 2101 1693 1638 476 408
internal_count=10800 7246 3554 3174 380 3125 747 2378 2197 2101 1693 1638 476 408
is_linear=0
shrinkage=0.05


Tree=66
num_leaves=15
num_cat=0
split_feature=65 65 36 22 25 24 57 25 46 48 36 24 24 47
split_gain=106759 9364.45 8699.2 13216.9 11319.6 12975.8 17964.5 9365.67 8852.86 8065.94 5815.6 5667.88 6631.25 7469.62
threshold=128.45911150000003 24.000000000000004 25.21510416666667 143.30230728645839 110.83558801624868 277.75656700000008 3.5000000000000004 103.78186874622266 72.364583333333357 7.3750000000000009 18.666666666666668 297.26105400000006 296.45735250000007 69.212239583333357
decision_type=2 2 2 2 2 2 2 2 2 2 2 2 2 2
left_child=1 -1 4 -4 5 6 9 -8 -5 -2 -11 12 13 -7
right_child=2 -3 3 8 -6 11 7 -9 -10 10 -12 -13 -14 -15
leaf_value=-0.15907741348501195 0.27648879435977769 -0.033057544859279635 0.89005489092354384 -0.0087528949803007509 -0.24199293131720934 0.72711115524930481 0.0089703090232974691 -0.5039754892609738 0.47644593162592069 -0.37255682462092604 0.11667056050797563 0.076488167067406743 0.84142655057183813 0.27690577333201605
leaf_weight=4674 1336 2154 108 167 152 117 261 134 214 65 766 130 88 434
leaf_count=4674 1336 2154 108 167 152 117 261 134 214 65 766 130 88 434
internal_value=0.000561725 -0.119333 0.206643 0.404044 0.178821 0.19809 0.143924 -0.165875 0.264307 0.200444 0.0780019 0.37813 0.439281 0.373647
internal_weight=10800 6828 3972 489 3483 3331 2562 395 381 2167 831 769 639 551
internal_count=10800 6828 3972 489 3483 3331 2562 395 381 2167 831 769 639 551
is_linear=0
shrinkage=0.05


Tree=67
num_leaves=15
num_cat=0
split_feature=65 65 29 46 22 36 32 30 52 22 36 47 36 22
split_gain=96573.7 12076.4 6601.88 7491.15 7378.54 6401.97 5910.11 6488.94 6345 6071.21 9012.75 6703.05 6289.16 8651.48
threshold=164.68652700000004 86.489938500000008 18.425000000000001 91.739583333333357 104.54825483333336 18.091406250000002 22.037500000000005 22.012500000000003 -0.41248606129204551 148.13106922916668 23.976302083333341 69.212239583333357 21.214843750000004 126.05083759895835
decision_type=2 2 2 2 2 2 2 2 2 2 2 2 2 2
left_child=1 -1 4 6 -2 -3 8 -8 -4 10 11 -10 13 -13
right_child=2 5 3 -5 -6 -7 7 -9 9 -11 -12 12 -14 -15
leaf_value=-0.13708518531471889 0.24807282328427194 -0.545764743288358 -0.00079774379506300063 -0.43611378575243603 -0.21095841908270657 0.041163453172121584 -0.15096825865433502 0.20127227460335267 0.81271681788909655 -0.082034992787641356 0.53509923090160916 0.22235138259555509 0.19191168820550358 0.64284399248771718
leaf_weight=5750 166 47 182 40 183 1449 168 579 55 96 408 286 1176 215
leaf_count=5750 166 47 182 40 183 1449 168 579 55 96 408 286 1176 215
internal_value=0.000544615 -0.104165 0.214 0.236481 0.00746232 0.0223716 0.245116 0.121958 0.283098 0.306196 0.323642 0.27355 0.255393 0.403723
internal_weight=10800 7246 3554 3205 349 1496 3165 747 2418 2236 2140 1732 1677 501
internal_count=10800 7246 3554 3205 349 1496 3165 747 2418 2236 2140 1732 1677 501
is_linear=0
shrinkage=0.05


Tree=68
num_leaves=15
num_cat=0
split_feature=65 65 9 54 24 22 24 49 22 24 24 36 18 47
split_gain=87264.6 8763.22 7296.69 6773.68 5664.55 13409 7482.28 6324.39 6823.81 6297.99 7569.02 5118.89 5739.38 8914.07
threshold=135.22764750000002 24.000000000000004 183.27520700000002 -0.8783796973249266 277.75656700000008 143.91240567187504 297.26105400000006 3.5000000000000004 135.97554433333337 296.45735250000007 288.22990800000008 26.521093750000002 36.676776666666676 69.101562500000014
decision_type=2 2 2 2 2 2 2 2 2 2 2 2 2 2
left_child=1 -1 3 -2 5 7 9 -5 -9 10 11 12 13 -6
right_child=2 -3 -4 4 6 -7 -8 8 -10 -11 -12 -13 -14 -15
leaf_value=-0.14427245073522477 -0.31033619408358315 -0.024803699251756392 -0.035493837256145515 0.23021846550984956 1.0057773244190724 -0.69945995973986252 0.088105737924342981 0.10748793459239535 -0.43642737418937855 0.78241919061231824 -0.018693083521770678 -0.098702226610233396 0.29957587569110289 0.41113503814410807
leaf_weight=4674 60 2286 323 1856 93 42 287 306 70 88 126 47 342 200
leaf_count=4674 60 2286 323 1856 93 42 287 306 70 88 126 47 342 200
internal_value=0.000523549 -0.105042 0.191839 0.212722 0.221887 0.175583 0.31067 0.192355 0.00533807 0.381783 0.337236 0.402925 0.440151 0.602657
internal_weight=10800 6960 3840 3517 3457 2274 1183 2232 376 896 808 682 635 293
internal_count=10800 6960 3840 3517 3457 2274 1183 2232 376 896 808 682 635 293
is_linear=0
shrinkage=0.05


Tree=69
num_leaves=15
num_cat=0
split_feature=65 36 8 22 54 45 29 64 36 52 25 24 57 51
split_gain=79051.4 10381.3 11056.9 10842.3 8804.69 8689.28 5800.07 5620.43 5522.08 5176.69 4540.34 7086.72 12083.1 9924.41
threshold=116.18365950000002 25.21510416666667 197.46853500000003 143.30230728645839 -0.8783796973249266 71.677083333333357 16.025000000000002 205.19771850000004 26.432291666666668 0.58216583101416164 110.83558801624868 277.75656700000008 3.5000000000000004 2.5000000000000004
decision_type=2 2 2 2 2 2 2 2 2 2 2 2 2 2
left_child=7 2 4 -3 -2 -5 -6 -1 -7 -9 11 12 -8 -14
right_child=1 3 -4 5 6 8 10 9 -10 -11 -12 -13 13 -15
leaf_value=-0.1200993107917354 -0.20885859344617216 0.81108094226338179 -0.16988957009467953 -0.12023011380806566 -0.26839029511935275 0.26970674882473594 0.20353503204334644 0.3839504427556853 0.76935063201189047 -0.038375487917564753 -0.13045504985687634 0.33316711182749059 0.046142127044571969 -0.55741275266934476
leaf_weight=6173 152 112 269 111 70 219 2063 102 74 245 107 757 254 92
leaf_count=6173 152 112 269 111 70 219 2063 102 74 245 107 757 254 92
internal_value=0.000502728 0.167441 0.138537 0.377608 0.162318 0.255731 0.179252 -0.109092 0.398084 0.086513 0.188905 0.199736 0.157686 -0.115485
internal_weight=10800 4280 3764 516 3495 404 3343 6520 293 347 3273 3166 2409 346
internal_count=10800 4280 3764 516 3495 404 3343 6520 293 347 3273 3166 2409 346
is_linear=0
shrinkage=0.05


Tree=70
num_leaves=15
num_cat=0
split_feature=65 36 8 22 54 45 30 64 36 47 36 16 64 25
split_gain=71349.1 9383.75 9980.3 9794.32 7948.94 7849.41 5359.68 5222.92 4993.22 4888.65 5652.84 4094.34 6084.45 4001.73
threshold=116.18365950000002 25.21510416666667 197.46853500000003 143.30230728645839 -0.8783796973249266 71.677083333333357 16.862500000000004 86.255541500000007 26.432291666666668 85.757812500000014 18.395963541666671 264.18653100000006 116.604482 110.83558801624868
decision_type=2 2 2 2 2 2 2 2 2 2 2 2 2 2
left_child=7 2 4 -3 -2 -5 -6 -1 -7 10 -8 -9 -13 -12
right_child=1 3 -4 5 6 8 9 11 -10 -11 13 12 -14 -15
leaf_value=-0.12913023966126011 -0.19848392014604768 0.77088578129764151 -0.16142655012973894 -0.11427228488693281 -0.33396911472082141 0.25628270923964341 -0.29255529433404182 -0.048446922042433005 0.73139599906404817 0.48024569746944334 0.18628263249560803 0.49032100186628452 -0.24677061757871083 -0.12399269400026512
leaf_weight=4922 152 112 269 111 51 219 65 1473 74 128 2992 84 41 107
leaf_count=4922 152 112 269 111 51 219 65 1473 74 128 2992 84 41 107
internal_value=0.000483162 0.159081 0.131601 0.358895 0.154194 0.243058 0.170284 -0.103635 0.378357 0.178195 0.165828 -0.0250768 0.248515 0.175533
internal_weight=10800 4280 3764 516 3495 404 3343 6520 293 3292 3164 1598 125 3099
internal_count=10800 4280 3764 516 3495 404 3343 6520 293 3292 3164 1598 125 3099
is_linear=0
shrinkage=0.05


Tree=71
num_leaves=15
num_cat=0
split_feature=65 36 8 22 49 24 46 25 46 32 29 51 34 31
split_gain=64399.5 8481.79 9008.77 8847.6 7231.53 10317.8 16478.6 7337.99 7184.5 5771.24 5432 5646.23 8201.26 8125.17
threshold=116.18365950000002 25.21510416666667 197.46853500000003 143.30230728645839 3.5000000000000004 284.15934500000009 76.901041666666671 104.00661095731722 70.692708333333357 21.962500000000002 16.025000000000002 2.5000000000000004 19.917708333333337 22.787500000000005
decision_type=2 2 2 2 2 2 2 2 2 2 2 2 2 2
left_child=-1 2 4 -3 10 7 -7 9 -5 -6 -2 12 -12 -14
right_child=1 3 -4 8 5 6 -8 -9 -10 -11 11 -13 13 -15
leaf_value=-0.098453065907777457 -0.24435284188095951 0.73268259260638624 -0.15338511597968776 -0.076480311840199516 -0.099046045837938482 1.147170690868212 0.098461647996423304 -0.44331054765794237 0.37500938765056757 0.30088335650704678 -0.24140789820615885 0.26353496687608174 0.44151463433030691 0.08838711295575831
leaf_weight=6520 70 112 269 129 382 45 203 117 275 117 141 1470 208 742
leaf_count=6520 70 112 269 129 382 45 203 117 275 117 141 1470 208 742
internal_value=0.000464863 0.151141 0.125015 0.341109 0.14648 0.0209422 0.292594 -0.0887213 0.231013 -0.0048608 0.187682 0.199582 0.113249 0.166086
internal_weight=10800 4280 3764 516 3495 864 248 616 404 499 2631 2561 1091 950
internal_count=10800 4280 3764 516 3495 864 248 616 404 499 2631 2561 1091 950
is_linear=0
shrinkage=0.05


Tree=72
num_leaves=15
num_cat=0
split_feature=65 36 8 22 45 49 24 46 30 25 51 34 25 45
split_gain=58133.5 7661.11 8504.73 7994.62 6710.91 6629.4 10675.8 15631.2 7636.5 7178.71 5900.73 7251.27 7760.85 11505.9
threshold=116.18365950000002 25.21510416666667 257.45480050000009 143.30230728645839 71.677083333333357 3.5000000000000004 284.15934500000009 76.901041666666671 16.862500000000004 103.88651708931739 2.5000000000000004 19.917708333333337 99.646896319244817 83.010416666666671
decision_type=2 2 2 2 2 2 2 2 2 2 2 2 2 2
left_child=-1 2 5 -3 -5 8 9 -8 -2 -7 11 -10 13 -13
right_child=1 3 -4 4 -6 6 7 -9 10 -11 -12 12 -14 -15
leaf_value=-0.093531168421524646 -0.36346485023245667 0.69637265767473566 -0.37587900870863133 -0.11086654593330292 0.3446058601571792 -0.014496543803840007 1.0965207700928052 0.098000913572118251 -0.23175385216049649 -0.43432355683267593 0.24446057219422773 0.52638622551852343 0.032726755836833418 -0.037774002560440251
leaf_weight=6520 65 112 84 111 293 514 47 215 147 126 1564 244 615 143
leaf_count=6520 65 112 84 111 293 514 47 215 147 126 1564 244 615 143
internal_value=0.0004513 0.143609 0.118779 0.324153 0.219499 0.130169 0.0123769 0.280613 0.168398 -0.0976986 0.18127 0.0951176 0.143255 0.318364
internal_weight=10800 4280 3764 516 404 3680 902 262 2778 640 2713 1149 1002 387
internal_count=10800 4280 3764 516 404 3680 902 262 2778 640 2713 1149 1002 387
is_linear=0
shrinkage=0.05


Tree=73
num_leaves=15
num_cat=0
split_feature=65 64 22 43 57 21 21 17 64 43 36 35 31 22
split_gain=52866.6 10128.7 6730.24 5958.78 4525.93 3900.91 8673.92 7965.41 5101.44 6064.85 4917.93 5887.65 6154.61 5237.72
threshold=190.78903200000002 102.75268950000002 136.48103394270836 56.875000000000007 2.5000000000000004 1.4088495625161608e-05 9.1621876858736614e-06 8.291695780468328e-06 241.01930950000005 80.375000000000014 21.355208333333337 20.976041666666671 22.812500000000004 127.35229659895835
decision_type=2 2 2 2 2 2 2 2 2 2 2 2 2 2
left_child=1 -1 4 -4 -3 6 7 10 9 -7 13 -12 -13 -2
right_child=5 2 3 -5 -6 8 -8 -9 -10 -11 11 12 -14 -15
leaf_value=-0.10520497490736512 0.20039390520269956 0.19573283827569932 -0.40011528250487416 0.15632481472631252 -0.09689397528867337 -0.21248341316713204 0.46616742520193138 0.78622025701464437 0.20138965324418165 0.10779004550299719 -0.11803630409114677 0.73550475809309224 0.10929245977029683 0.75393131487774401
leaf_weight=5613 228 152 50 865 970 190 318 48 1028 653 278 44 311 52
leaf_count=5613 228 152 50 865 970 190 318 48 1028 653 278 44 311 52
internal_value=0.000435114 -0.0705511 0.0249433 0.125515 -0.0571121 0.172798 0.240114 0.164905 0.126678 0.0354388 0.131415 0.0540455 0.188756 0.305511
internal_weight=10800 7650 2037 915 1122 3150 1279 961 1871 843 913 633 355 280
internal_count=10800 7650 2037 915 1122 3150 1279 961 1871 843 913 633 355 280
is_linear=0
shrinkage=0.05


Tree=74
num_leaves=15
num_cat=0
split_feature=65 9 25 24 57 24 31 51 36 24 49 24 47 22
split_gain=47964.6 9656.1 5844.2 8837.1 8161.03 7528.04 5193.51 6592.31 5812.65 6200.78 4739.79 8507.26 10225.7 8343.73
threshold=86.489938500000008 103.72645050000001 110.55984742745123 280.08090150000004 3.5000000000000004 283.25600400000002 18.112500000000004 1.5000000000000002 22.950130208333338 274.28284400000007 3.5000000000000004 274.65417650000006 69.368489583333357 131.20599068750002
decision_type=2 2 2 2 2 2 2 2 2 2 2 2 2 2
left_child=-1 10 3 4 6 -5 -3 -8 -9 -10 -2 13 -13 -12
right_child=1 2 -4 5 -6 -7 7 8 9 -11 11 12 -14 -15
leaf_value=-0.098314329369861328 0.1903881032716668 -0.39004446709156038 -0.42844435937310527 0.84445089507610249 -0.42150042174034752 0.1523421057254285 -0.25782765510716826 0.033082179958067337 0.60874350481104145 -0.11178917640516924 0.084080109424367944 0.58559296414014894 0.074964145892369216 -0.29849085668184328
leaf_weight=5750 2636 74 75 46 127 244 144 480 100 42 385 138 334 225
leaf_count=5750 2636 74 75 46 127 244 144 480 100 42 385 138 334 225
internal_value=0.000426224 0.112851 -0.00266352 0.0230614 -0.0495885 0.26465 0.00707532 0.0458979 0.116515 0.396337 0.154224 0.0660262 0.225181 -0.0572897
internal_weight=10800 5050 1332 1257 967 290 840 766 622 142 3718 1082 472 610
internal_count=10800 5050 1332 1257 967 290 840 766 622 142 3718 1082 472 610
is_linear=0
shrinkage=0.05


Tree=75
num_leaves=15
num_cat=0
split_feature=65 64 22 24 35 57 47 57 24 47 36 55 43 47
split_gain=43375.2 8485.9 5608.48 5217.61 4254.15 3790.83 3496.46 6450.34 3812.85 5167.88 5925.03 3493.61 4123.49 3612.71
threshold=190.78903200000002 102.75268950000002 136.48103394270836 307.27302800000007 23.850000000000005 2.5000000000000004 79.141927083333357 1.5000000000000002 296.45735250000007 63.555989583333336 25.387500000000006 -0.56174490092936669 79.125000000000014 68.554687500000014
decision_type=2 2 2 2 2 2 2 2 2 2 2 2 2 2
left_child=1 -1 5 6 -5 -3 7 -4 9 -9 11 12 -11 -13
right_child=-2 2 3 4 -6 -7 -8 8 -10 10 -12 13 -14 -15
leaf_value=-0.095610805630642767 0.15653284217434693 0.18001044420768916 0.77781459742122228 -0.36656012816436512 0.2477469117903128 -0.087798723492897995 -0.16151045679797729 -0.35612637061429653 0.37786644395605173 -0.34753715322298162 0.5521951952262929 0.61849359316485275 0.14377295530379514 0.10094906000367232
leaf_weight=5613 3150 152 44 90 40 970 74 56 152 84 75 41 85 174
leaf_count=5613 3150 152 44 90 40 970 74 56 152 84 75 41 85 174
internal_value=0.000407538 -0.0638914 0.0235161 0.115324 -0.177094 -0.05139 0.163914 0.197963 0.158605 0.0932835 0.148768 0.0687445 -0.101036 0.20205
internal_weight=10800 7650 2037 915 130 1122 785 711 667 515 459 384 169 215
internal_count=10800 7650 2037 915 130 1122 785 711 667 515 459 384 169 215
is_linear=0
shrinkage=0.05


Tree=76
num_leaves=15
num_cat=0
split_feature=65 29 43 47 46 22 24 51 22 47 25 25 47 24
split_gain=39394.2 8338.52 9488.31 9049.9 8918.98 6258.08 8803.57 7084.18 6626.91 10421.1 8235.96 6932.15 6063.52 5601.59
threshold=86.489938500000008 21.262500000000003 82.625000000000014 82.002604166666671 76.609375000000014 42.98737648958334 274.65417650000006 3.5000000000000004 143.30230728645839 67.813802083333357 106.51322533143657 106.96458984243075 69.876302083333357 274.34720900000008
decision_type=2 2 2 2 2 2 2 2 2 2 2 2 2 2
left_child=-1 2 4 5 12 -3 13 8 9 -8 -10 -12 -2 -7
right_child=1 3 -4 -5 -6 6 7 -9 10 -11 11 -13 -14 -15
leaf_value=-0.089090005279045967 0.69177164718256157 0.38230164101097119 0.11299546443862385 0.73003080625769123 -0.13088589613184784 0.0066543766724325593 0.71591303595620348 0.56317957233637572 -0.42007303265377116 0.16845010002048649 0.69566518165627311 0.076990553081208613 -0.05962505970150233 -0.59885662881339463
leaf_weight=5750 58 267 1814 70 890 558 116 119 77 342 48 602 49 40
leaf_count=5750 58 267 1814 70 890 558 116 119 77 342 48 602 49 40
internal_value=0.000395218 0.102282 0.0449149 0.174252 -0.0789439 0.155987 0.124033 0.196834 0.159602 0.308366 0.0655868 0.123676 0.350308 -0.0347802
internal_weight=10800 5050 2811 2239 997 2169 1902 1304 1185 458 727 650 107 598
internal_count=10800 5050 2811 2239 997 2169 1902 1304 1185 458 727 650 107 598
is_linear=0
shrinkage=0.05


Tree=77
num_leaves=15
num_cat=0
split_feature=65 64 25 22 43 36 47 36 22 22 47 25 49 47
split_gain=35936 7077.41 4861.09 6782.48 4204.66 3786.7 7472.23 4167.71 6752.55 4393.96 5502.91 4360.24 4336.91 3526.19
threshold=190.78903200000002 102.75268950000002 100.22833971946149 130.56323935937505 57.375000000000007 25.671614583333334 64.861979166666671 24.743229166666669 143.60332484375002 145.09375083333336 69.101562500000014 103.12805452538002 3.5000000000000004 85.757812500000014
decision_type=2 2 2 2 2 2 2 2 2 2 2 2 2 2
left_child=1 -1 3 -3 -4 7 -7 9 -9 10 -6 12 -12 -2
right_child=13 2 4 -5 5 6 -8 8 -10 -11 11 -13 -14 -15
leaf_value=-0.087104912957350428 0.13187249328050171 -0.013496374614016707 -0.31644034100876706 -0.42325566652215135 0.44243619691326536 0.089422961290892181 0.80416196099736481 0.24869939288310708 -0.3457171828344916 0.41179991353170148 0.64320637418868698 -0.065619881720081957 0.074475664225946966 0.40744111322228271
leaf_weight=5613 3030 701 61 117 87 110 54 74 131 111 46 427 118 120
leaf_count=5613 3030 701 61 117 87 110 54 74 131 111 46 427 118 120
internal_value=0.000388631 -0.0581373 0.0216873 -0.0725502 0.0849322 0.10633 0.328211 0.0694289 -0.130982 0.1216 0.0735528 0.0185946 0.236929 0.142496
internal_weight=10800 7650 2037 818 1219 1158 164 994 205 789 678 591 164 3150
internal_count=10800 7650 2037 818 1219 1158 164 994 205 789 678 591 164 3150
is_linear=0
shrinkage=0.05


Tree=78
num_leaves=15
num_cat=0
split_feature=65 30 8 51 65 36 47 47 51 49 43 49 35 7
split_gain=32583.7 7563.54 6881.81 6079.64 5604.93 6826.57 5137.39 8529.76 6906.46 9970.25 6302.72 5596.3 5297.21 5117.07
threshold=86.489938500000008 19.962500000000002 261.65772150000004 2.5000000000000004 270.61629400000004 18.395963541666671 82.251302083333357 79.673177083333357 2.5000000000000004 3.5000000000000004 87.125000000000014 1.5000000000000002 21.90260416666667 123.9397335
decision_type=2 2 2 2 2 2 2 2 2 2 2 2 2 2
left_child=-1 3 6 -2 5 -5 7 10 -9 -10 13 -12 -8 -3
right_child=1 2 -4 4 -6 -7 12 8 9 -11 11 -13 -14 -15
leaf_value=-0.081004838722056313 -0.3040806425572915 0.23281334871375883 -0.18858005570694369 -0.29621976483048817 0.48475724126471847 0.071497107786516662 0.22439786902419062 0.28661884262628101 -0.029946870308568969 -0.62297392487525949 0.060281070024395977 0.42822107775958584 0.75849266794861347 0.078221432373301064
leaf_weight=5750 171 739 170 164 60 536 201 108 321 90 149 339 60 1942
leaf_count=5750 171 739 170 164 60 536 201 108 321 90 149 339 60 1942
internal_value=0.000378464 0.0930403 0.122126 -0.0356373 0.0250826 -0.0149534 0.135546 0.120307 -0.0674847 -0.161004 0.151074 0.316232 0.349605 0.120905
internal_weight=10800 5050 4119 931 760 700 3949 3688 519 411 3169 488 261 2681
internal_count=10800 5050 4119 931 760 700 3949 3688 519 411 3169 488 261 2681
is_linear=0
shrinkage=0.05


Tree=79
num_leaves=15
num_cat=0
split_feature=65 64 22 24 35 65 64 43 8 52 40 47 47 30
split_gain=29947.5 5919.85 4254.25 4412.09 3421.6 3412.03 5513.96 3751.32 3984.54 3760.19 4489.38 4929.75 5389 3342.66
threshold=190.78903200000002 102.75268950000002 136.48103394270836 307.27302800000007 23.850000000000005 261.5324245000001 264.15577800000005 79.875000000000014 82.08473050000002 0.84874750804349197 82.875000000000014 82.251302083333357 76.108072916666671 20.012500000000003
decision_type=2 2 2 2 2 2 2 2 2 2 2 2 2 2
left_child=1 -1 -3 -4 -5 6 7 8 -2 13 -11 12 -12 -9
right_child=5 2 3 4 -6 -7 -8 9 -10 10 11 -13 -14 -15
leaf_value=-0.079555686579892468 -0.010716256747255102 -0.045295801111940676 0.14458809222068647 -0.33884984270393192 0.21218263844891294 0.1938189449723593 0.27323870216960183 -0.18881963737107613 -0.42491117130807593 0.50514671862727467 0.32588650478505871 0.47997309772173563 -0.14396438132971526 0.077038526653033387
leaf_weight=5613 319 1122 785 90 40 1260 329 147 70 98 93 74 173 587
leaf_count=5613 319 1122 785 90 40 1260 329 147 70 98 93 74 173 587
internal_value=0.000364645 -0.0530627 0.0199427 0.0999022 -0.168976 0.130092 0.0875279 0.0482372 -0.0861484 0.0928767 0.208636 0.12194 0.0209121 0.02361
internal_weight=10800 7650 2037 915 130 3150 1890 1561 389 1172 438 340 266 734
internal_count=10800 7650 2037 915 130 3150 1890 1561 389 1172 438 340 266 734
is_linear=0
shrinkage=0.05


Tree=80
num_leaves=15
num_cat=0
split_feature=65 64 54 47 47 47 22 43 64 24 24 24 24 7
split_gain=27033.2 5342.67 3883.43 3903.14 6280.13 3517.07 3316.27 3792.5 3078.68 4762.29 3716.08 4545.65 5751.75 3586.91
threshold=190.78903200000002 102.75268950000002 0.6078576107927941 65.160156250000014 66.884114583333357 77.710937500000014 137.06521589583335 63.125000000000007 248.93365150000002 288.22990800000008 263.86678650000005 277.75656700000008 278.51062050000002 24.000000000000004
decision_type=2 2 2 2 2 2 2 2 2 2 2 2 2 2
left_child=1 -1 6 -4 -5 -6 -3 -8 9 13 -10 -12 -13 -2
right_child=8 2 3 4 5 -7 7 -9 10 -11 11 12 -14 -15
leaf_value=-0.075578608192599012 0.2524431805802867 -0.071350367501156753 -0.29302212814258977 0.79449789540433313 0.26474044332746421 -0.077130676730543635 -0.25155587150500369 0.12106201334361211 0.47823845034775636 -0.25870652724847648 0.050521440869754457 0.71962976283148716 0.19664125841652472 0.062334910402598864
leaf_weight=5613 306 1009 42 40 199 120 77 550 95 98 584 56 711 1300
leaf_count=5613 306 1009 42 40 199 120 77 550 95 98 584 56 711 1300
internal_value=0.00035095 -0.0504102 0.0189449 0.158183 0.211638 0.136298 -0.0152597 0.0749742 0.123605 0.0779976 0.177259 0.155756 0.235713 0.0986918
internal_weight=10800 7650 2037 401 359 319 1636 627 3150 1704 1446 1351 767 1606
internal_count=10800 7650 2037 401 359 319 1636 627 3150 1704 1446 1351 767 1606
is_linear=0
shrinkage=0.05


Tree=81
num_leaves=15
num_cat=0
split_feature=65 65 36 57 47 30 29 25 25 22 24 18 51 43
split_gain=24403.7 4905.95 3899 4280.85 4839.5 5932.67 5173.41 4675.34 5926.83 3895.7 6571.76 4896.42 4825.13 5107.47
threshold=190.78903200000002 24.000000000000004 17.496875000000006 2.5000000000000004 72.553385416666671 22.712500000000002 21.112500000000004 103.46998804815223 100.97654148591421 137.21175876562504 300.20324800000009 119.8602110625 1.5000000000000002 68.875000000000014
decision_type=2 2 2 2 2 2 2 2 2 2 2 2 2 2
left_child=1 -1 -3 4 5 6 -4 8 -6 11 12 -5 -11 -14
right_child=-2 2 3 9 7 -7 -8 -9 -10 10 -12 -13 13 -15
leaf_value=-0.079831669760260349 0.11744853398985869 -0.45446589200393017 0.10652883147122338 -0.041890005710980172 0.03519076806648324 0.021025446904908627 0.7700379249453545 -0.22050280147232115 0.52067427486181261 0.46932200126032886 -0.26550700000797706 -0.31533750874521849 -0.33890159897273409 0.14486193566952113
leaf_weight=4674 3150 45 47 1149 497 108 79 145 71 93 119 190 63 370
leaf_count=4674 3150 45 47 1149 497 108 79 145 71 93 119 190 63 370
internal_value=0.000342256 -0.047887 0.00229407 0.00945937 0.0968653 0.293652 0.525326 0.031961 0.0966846 -0.0322889 0.0685906 -0.0808977 0.144536 0.0738573
internal_weight=10800 7650 2976 2931 947 234 126 713 568 1984 645 1339 526 433
internal_count=10800 7650 2976 2931 947 234 126 713 568 1984 645 1339 526 433
is_linear=0
shrinkage=0.05


Tree=82
num_leaves=15
num_cat=0
split_feature=65 17 26 43 65 47 8 41 24 25 24 42 47 36
split_gain=22024.2 4489.75 4481.35 4006.77 3284.02 5835.88 5547.32 5003.44 3558.09 3547.02 3203.04 3338.39 3058.2 5926.11
threshold=190.78903200000002 40.056471688961274 19.012500000000003 63.125000000000007 73.362583000000015 70.266927083333357 256.50948950000003 67.375000000000014 296.45735250000007 103.31627607694045 268.17190050000005 82.625000000000014 85.757812500000014 18.091406250000002
decision_type=2 2 2 2 2 2 2 2 2 2 2 2 2 2
left_child=1 -1 -3 -4 -5 7 8 -6 9 10 11 -7 13 -2
right_child=12 2 3 4 5 6 -8 -9 -10 -11 -12 -13 -14 -15
leaf_value=-0.0618559962783694 -0.30279346441172739 -0.32222144385943047 -0.18648880065154674 -0.066447034924535714 -0.054044514685505779 0.38928724544335019 -0.22751028334384721 0.59317837616364499 0.58651747084434402 -0.13226030104200948 0.50184163363540868 0.0019284237644304992 0.35823937539503842 0.11375035542199959
leaf_weight=6469 87 77 133 216 40 78 115 115 43 109 67 188 120 2943
leaf_count=6469 87 77 133 216 40 78 115 115 43 109 67 188 120 2943
internal_value=0.000327314 -0.0454904 0.0441298 0.06995 0.105231 0.154369 0.0833783 0.426877 0.157411 0.114435 0.19534 0.116547 0.111578 0.101694
internal_weight=10800 7650 1181 1104 971 755 600 155 485 442 333 266 3150 3030
internal_count=10800 7650 1181 1104 971 755 600 155 485 442 333 266 3150 3030
is_linear=0
shrinkage=0.05


Tree=83
num_leaves=15
num_cat=0
split_feature=65 29 47 43 46 22 24 51 22 47 25 26 24 51
split_gain=20025.2 5992.93 7187.62 6972.06 8532.52 5431.45 6792.76 6053.78 5682.58 8565.53 7004.89 5776.98 5209.05 4977.39
threshold=86.489938500000008 21.262500000000003 82.002604166666671 81.875000000000014 76.609375000000014 42.98737648958334 274.65417650000006 3.5000000000000004 143.30230728645839 67.813802083333357 106.51322533143657 22.312500000000004 274.34720900000008 1.5000000000000002
decision_type=2 2 2 2 2 2 2 2 2 2 2 2 2 2
left_child=-1 3 5 4 -2 13 12 8 9 -8 -10 -12 -7 -3
right_child=1 2 -4 -5 -6 6 7 -9 10 -11 11 -13 -14 -15
leaf_value=-0.063483986600995759 0.34401461595267646 0.061495502313999376 0.62920052676763338 0.079643633989844753 -0.14069795184843689 -0.011527977705131783 0.62469706899987965 0.49047675849404188 -0.41730265498686681 0.12851113094754771 -0.11365254566239164 0.19612340738995745 -0.59547203401239901 0.50282756328398803
leaf_weight=5750 101 106 70 1882 828 558 116 119 77 342 235 415 40 161
leaf_count=5750 101 106 70 1882 828 558 116 119 77 342 235 415 40 161
internal_value=0.00031646 0.0729587 0.133971 0.0243314 -0.0876872 0.117706 0.0879576 0.151909 0.117525 0.25527 0.0305161 0.0841249 -0.0515167 0.3285
internal_weight=10800 5050 2239 2811 929 2169 1902 1304 1185 458 727 650 598 267
internal_count=10800 5050 2239 2811 929 2169 1902 1304 1185 458 727 650 598 267
is_linear=0
shrinkage=0.05


Tree=84
num_leaves=15
num_cat=0
split_feature=65 64 17 32 17 43 47 7 65 64 43 8 52 40
split_gain=18340.2 4076.39 4991.68 4992.83 3287.34 3400.79 4320.08 3585.73 3009.58 4655.87 3338.16 3337.7 3275.37 4130.15
threshold=190.78903200000002 194.94260950000003 5.28078295052665e-06 22.112500000000004 56.882429240771735 61.375000000000007 69.815104166666671 113.38361250000001 261.5324245000001 264.15577800000005 79.875000000000014 82.08473050000002 0.84874750804349197 82.875000000000014
decision_type=2 2 2 2 2 2 2 2 2 2 2 2 2 2
left_child=1 4 3 -3 -1 -6 7 -7 9 10 11 -2 -12 -14
right_child=8 2 -4 -5 5 6 -8 -9 -10 -11 12 -13 13 -15
leaf_value=-0.064614222345475453 -0.031852628722626834 -0.1467695740355737 0.20055807883061633 0.3466115690046741 -0.36853857443047067 0.61282900162928167 0.022930426529672289 0.016010678507560907 0.1616681105978669 0.23251268372207767 0.003280791943848488 -0.41102998359522352 0.46026766495873234 0.092872666284616753
leaf_weight=6252 319 296 367 61 44 62 526 42 1260 329 734 70 98 340
leaf_count=6252 319 296 367 61 44 62 526 42 1260 329 734 70 98 340
internal_value=0.000308577 -0.0415019 0.0713169 -0.0617336 -0.0533039 0.0515508 0.0814279 0.374254 0.101829 0.0618724 0.025782 -0.100964 0.0679006 0.175936
internal_weight=10800 7650 724 357 6926 674 630 104 3150 1890 1561 389 1172 438
internal_count=10800 7650 724 357 6926 674 630 104 3150 1890 1561 389 1172 438
is_linear=0
shrinkage=0.05


Tree=85
num_leaves=15
num_cat=0
split_feature=65 64 17 32 17 43 47 7 47 36 49 8 8 32
split_gain=16553 3680.56 4504.97 4511.88 2967.98 3075.84 3905.82 3241.46 2823.87 5297.54 2763.42 3669.79 4937.38 2763.14
threshold=190.78903200000002 194.94260950000003 5.28078295052665e-06 22.112500000000004 56.882429240771735 61.375000000000007 69.815104166666671 113.38361250000001 85.757812500000014 18.395963541666671 2.5000000000000004 257.45480050000009 242.98436500000005 20.262500000000003
decision_type=2 2 2 2 2 2 2 2 2 2 2 2 2 2
left_child=1 4 3 -3 -1 -6 7 -7 9 -2 11 12 -8 -11
right_child=8 2 -4 -5 5 6 10 -9 -10 13 -12 -13 -14 -15
leaf_value=-0.061384029338019508 -0.28441845739400512 -0.13945580062265148 0.1905574257378011 0.32956051461158264 -0.35052113369107252 0.58267392596555145 0.07687811689037416 0.015228761490001236 0.33373635384169492 0.15806586071987133 -0.12474703533202409 -0.28399906313419343 0.60605541185899225 0.05914811879603097
leaf_weight=6252 92 296 367 61 44 62 224 42 120 1182 199 49 54 1756
leaf_count=6252 92 296 367 61 44 62 224 42 120 1182 199 49 54 1756
internal_value=0.000298363 -0.0394228 0.0677786 -0.0586191 -0.0506371 0.0489942 0.0774082 0.355841 0.0967459 0.0872531 0.0217861 0.111069 0.181472 0.0989844
internal_weight=10800 7650 724 357 6926 674 630 104 3150 3030 526 327 278 2938
internal_count=10800 7650 724 357 6926 674 630 104 3150 3030 526 327 278 2938
is_linear=0
shrinkage=0.05


Tree=86
num_leaves=15
num_cat=0
split_feature=65 17 26 52 65 64 47 40 42 47 29 22 24 24
split_gain=14938.8 3351.25 3943.34 3359.32 2715.83 4229.36 3012.63 4032.11 4086.13 2959.23 3856.61 2819.96 5326.77 4978.99
threshold=190.78903200000002 40.332012008875544 19.012500000000003 0.84874750804349197 261.5324245000001 264.15577800000005 82.084635416666671 86.875000000000014 47.125000000000007 85.757812500000014 17.775000000000002 144.7904826822917 274.28284400000007 263.86678650000005
decision_type=2 2 2 2 2 2 2 2 2 2 2 2 2 2
left_child=1 -1 -3 -4 5 6 7 8 -2 10 -6 12 13 -12
right_child=4 2 3 -5 9 -7 -8 -9 -10 -11 11 -13 -14 -15
leaf_value=-0.051443663658660321 -0.36084587630189835 -0.30268274476894969 0.040720298151946201 0.37940269172946112 -0.34352269768714905 0.21659498244016007 0.18667247577691859 -0.17493934824758781 0.060873801536923261 0.5428804737070333 0.24825028125863724 -0.0034478971851545403 0.39901968223494216 -0.016754355179719474
leaf_weight=6489 60 77 1006 78 40 329 229 287 985 45 369 238 228 340
leaf_count=6489 60 77 1006 78 40 329 229 287 985 45 369 238 228 340
internal_value=0.000288573 -0.0374461 0.040765 0.0654177 0.0919128 0.05396 0.019566 -0.00928174 0.0363384 0.148754 0.133722 0.150247 0.189248 0.121323
internal_weight=10800 7650 1161 1084 3150 1890 1561 1332 1045 1260 1215 1175 937 709
internal_count=10800 7650 1161 1084 3150 1890 1561 1332 1045 1260 1215 1175 937 709
is_linear=0
shrinkage=0.05


Tree=87
num_leaves=15
num_cat=0
split_feature=65 29 42 43 46 47 41 47 52 36 36 47 47 24
split_gain=13489.3 5225.81 6764.18 5635.84 7499.79 4379.75 4208.32 4613.67 3653.34 3976.02 10167.3 9374.6 7332.85 6825.21
threshold=86.489938500000008 21.262500000000003 84.125000000000014 81.875000000000014 76.609375000000014 69.876302083333357 86.875000000000014 75.628906250000014 -0.41248606129204551 21.325911458333337 20.71901041666667 77.669270833333357 78.488281250000014 278.11863750000003
decision_type=2 2 2 2 2 2 2 2 2 2 2 2 2 2
left_child=-1 3 -3 4 5 -2 7 -6 -5 10 12 -11 -10 -13
right_child=1 2 -4 8 6 -7 -8 -9 9 11 -12 13 -14 -15
leaf_value=-0.052085792082225038 0.59828871135299999 0.095608211371780161 0.47286179058312899 -0.20769290552827818 -0.16821025952849897 -0.063843169808387765 -0.30496037439435186 0.12554527652313077 -0.21260506958374756 0.20776744352278859 0.38914498852967633 -0.24351101378242501 0.15333351664403927 0.17892592937158525
leaf_weight=5750 58 2114 125 115 364 43 254 210 199 332 305 370 433 128
leaf_count=5750 58 2114 125 115 364 43 254 210 199 332 305 370 433 128
internal_value=0.000277942 0.0598985 0.116871 0.0144934 -0.0862168 0.318529 -0.135913 -0.0607073 0.0642258 0.0820303 0.152563 0.00231699 0.0379553 -0.134792
internal_weight=10800 5050 2239 2811 929 101 828 574 1882 1767 937 830 632 498
internal_count=10800 5050 2239 2811 929 101 828 574 1882 1767 937 830 632 498
is_linear=0
shrinkage=0.05


Tree=88
num_leaves=15
num_cat=0
split_feature=65 64 17 32 64 65 48 49 41 51 65 64 65 64
split_gain=12371.5 3105.66 3847.48 4036.83 2680.25 3077.31 2487.99 3729.2 4658.05 4413.8 3036.48 2485.69 2483.81 3763.89
threshold=190.78903200000002 194.94260950000003 5.28078295052665e-06 22.112500000000004 224.68805500000005 81.492148500000013 10.375000000000002 2.5000000000000004 85.375000000000014 1.5000000000000002 162.68421800000002 254.15452050000002 261.5324245000001 264.15577800000005
decision_type=2 2 2 2 2 2 2 2 2 2 2 2 2 2
left_child=1 6 3 4 -3 -6 7 8 9 -1 -9 -7 13 -2
right_child=12 2 -4 -5 5 11 -8 10 -10 -11 -12 -13 -14 -15
leaf_value=-0.085591793797378024 0.014913327707274056 0.14000320580892897 0.17786647812159651 0.3147488973794445 0.039091124844271692 -0.63471771502494823 -0.061568355854551338 -0.020598446330962368 -0.04267040462690895 0.3748105284972833 -0.36223080693811616 -0.19807906700956701 0.13800616106042427 0.20078066231700534
leaf_weight=69 1561 70 367 61 79 49 5210 1137 235 207 68 98 1260 329
leaf_count=69 1561 70 367 61 79 49 5210 1137 235 207 68 98 1260 329
internal_value=0.00026853 -0.0340711 0.0644015 -0.0524127 -0.128883 -0.212416 -0.0443726 0.00784158 0.120896 0.259816 -0.0401617 -0.34693 0.083649 0.0473571
internal_weight=10800 7650 724 357 296 226 6926 1716 511 276 1205 147 3150 1890
internal_count=10800 7650 724 357 296 226 6926 1716 511 276 1205 147 3150 1890
is_linear=0
shrinkage=0.05


Tree=89
num_leaves=15
num_cat=0
split_feature=65 64 17 32 64 65 64 48 49 41 51 65 20 65
split_gain=11166.9 2802.33 3474.63 3649.54 2422.88 2781.91 2249.16 2245.18 3367.36 4205.68 3986.21 2744.84 2325.13 2241.63
threshold=190.78903200000002 194.94260950000003 5.28078295052665e-06 22.112500000000004 224.68805500000005 81.492148500000013 254.15452050000002 10.375000000000002 2.5000000000000004 85.375000000000014 1.5000000000000002 162.68421800000002 261.60709800000006 261.5324245000001
decision_type=2 2 2 2 2 2 2 2 2 2 2 2 2 2
left_child=1 7 3 4 -3 -6 -7 8 9 10 -1 12 -10 -2
right_child=13 2 -4 -5 5 6 -8 -9 11 -11 -12 -13 -14 -15
leaf_value=-0.081373341179319797 0.044994928792480036 0.13310163854818111 0.16899732289754826 0.29926528123117263 0.037161000519990925 -0.60361654257774355 -0.188275157865325 -0.05849053255352759 -0.033357272810474008 -0.040545924117697911 0.35616009883099026 -0.34438174902528962 0.35015303692439709 0.13111132512897147
leaf_weight=69 1890 70 367 61 79 49 98 5210 1097 235 207 68 40 1260
leaf_count=69 1890 70 367 61 79 49 98 5210 1097 235 207 68 40 1260
internal_value=0.000255078 -0.0323698 0.0611703 -0.0498395 -0.122549 -0.20197 -0.329865 -0.0421554 0.00744553 0.114876 0.246878 -0.0381694 -0.0195694 0.0794722
internal_weight=10800 7650 724 357 296 226 147 6926 1716 511 276 1205 1137 3150
internal_count=10800 7650 724 357 296 226 147 6926 1716 511 276 1205 1137 3150
is_linear=0
shrinkage=0.05


Tree=90
num_leaves=15
num_cat=0
split_feature=65 64 17 32 47 36 32 33 39 25 17 36 43 22
split_gain=10078.7 2528.51 3137.9 3299.4 2215.99 4311.41 2350.94 5663.76 5117.95 4974.54 5699.45 12293.9 4984.05 4786.56
threshold=190.78903200000002 194.94260950000003 5.28078295052665e-06 22.112500000000004 85.757812500000014 18.091406250000002 20.262500000000003 20.756250000000005 82.875000000000014 104.33527907377577 1.9810494292234628e-06 23.123697916666668 87.375000000000014 127.28854346354167
decision_type=2 2 2 2 2 2 2 2 2 2 2 2 2 2
left_child=1 -1 3 -3 5 -2 13 8 -8 10 11 -9 -11 -7
right_child=4 2 -4 -5 -6 6 7 9 -10 12 -12 -13 -14 -15
leaf_value=-0.040046520918221917 -0.27785714346788487 -0.1165259400181949 0.16057041635073763 0.28454335548223986 0.28541196144439956 0.018699750565702007 0.39395144581794739 -0.0018193367956660864 -0.19887937802289213 -0.042454622197395479 0.046819071044100803 0.66709671921485314 0.31129614902371222 0.22087278643571101
leaf_weight=6926 87 296 367 61 120 524 40 126 328 702 295 150 115 663
leaf_count=6926 87 296 367 61 120 524 40 126 328 702 295 150 115 663
internal_value=0.000243117 -0.0307514 0.0581012 -0.0473925 0.0755014 0.0670966 0.077385 0.0406058 -0.133548 0.0868422 0.199928 0.362818 0.00765862 0.131715
internal_weight=10800 7650 724 357 3150 3030 2943 1756 368 1388 571 276 817 1187
internal_count=10800 7650 724 357 3150 3030 2943 1756 368 1388 571 276 817 1187
is_linear=0
shrinkage=0.05


Tree=91
num_leaves=15
num_cat=0
split_feature=65 30 51 47 47 47 51 46 24 48 27 6 35 22
split_gain=9118.06 4401.45 5123.76 4157.85 6310.75 7791.59 7488.52 5395.55 8196.77 5716.84 5173.08 4688.34 4362.19 4350.43
threshold=86.489938500000008 19.962500000000002 2.5000000000000004 82.251302083333357 78.115885416666671 75.490885416666671 1.5000000000000002 82.078125000000014 278.11863750000003 7.8750000000000009 21.162500000000005 141.67352400000001 21.90260416666667 143.60332484375002
decision_type=2 2 2 2 2 2 2 2 2 2 2 2 2 2
left_child=-1 2 -2 4 5 13 -7 9 -9 -6 11 -8 -5 -3
right_child=1 3 -4 12 7 6 10 8 -10 -11 -12 -13 -14 -15
leaf_value=-0.042812425939590032 -0.29532205105954129 0.10364327632708392 0.006874281531976935 0.15126693864966312 0.53779670987544315 -0.12670763685287409 0.3818482547249889 -0.22955874370754828 0.11661218968238174 0.0013632390518174616 0.60243288794138139 0.0020397869813622849 0.63442525902732472 -0.042909676419249226
leaf_weight=5750 171 1502 760 204 69 103 213 511 256 171 136 131 60 763
leaf_count=5750 171 1502 760 204 69 103 213 511 256 171 136 131 60 763
internal_value=0.000238884 0.0492565 -0.0488885 0.0714462 0.0582596 0.0962911 0.259145 -0.0492902 -0.114017 0.157179 0.342033 0.237637 0.263055 0.0542775
internal_weight=10800 5050 931 4119 3855 2848 583 1007 767 240 480 344 264 2265
internal_count=10800 5050 931 4119 3855 2848 583 1007 767 240 480 344 264 2265
is_linear=0
shrinkage=0.05


Tree=92
num_leaves=15
num_cat=0
split_feature=65 48 24 37 49 42 46 7 65 64 64 22 9 21
split_gain=8483.6 2330.66 2869.31 2917.19 4183.4 6752.64 3813.07 3297.21 3282.55 2626.54 2197.37 3042.54 2509.69 3977.52
threshold=190.78903200000002 10.375000000000002 307.27302800000007 78.125000000000014 1.5000000000000002 80.875000000000014 69.406250000000014 109.34509250000001 63.145266500000005 206.01963500000002 243.84370150000004 135.20423319270836 188.18556750000002 28.509041049590959
decision_type=2 2 2 2 2 2 2 2 2 2 2 2 2 2
left_child=1 2 3 4 5 -1 -6 -8 -9 -3 12 -12 13 -5
right_child=-2 9 -4 10 6 -7 7 8 -10 -11 11 -13 -14 -15
leaf_value=0.7901899291918828 0.069281955089023878 -0.051216136048430207 -0.26402708482039111 -0.0077206137131352361 -0.28095820199516491 0.11024112362414598 -0.0027770928458834667 -0.061560953726681571 0.3397678921229384 0.19351599136425648 -0.51754797644474937 -0.044068582505168562 -0.15289787562520699 0.287358368192282
leaf_weight=51 3150 5268 88 741 81 124 438 71 177 111 50 102 214 134
leaf_count=51 3150 5268 88 741 81 124 438 71 177 111 50 102 214 134
internal_value=0.000235277 -0.028201 0.0142684 0.0256027 0.0918967 0.311761 0.0413914 0.0798066 0.225086 -0.0461309 -0.0247523 -0.202183 0.000175817 0.0377451
internal_weight=10800 7650 2271 2183 942 175 767 686 248 5379 1241 152 1089 875
internal_count=10800 7650 2271 2183 942 175 767 686 248 5379 1241 152 1089 875
is_linear=0
shrinkage=0.05


Tree=93
num_leaves=15
num_cat=0
split_feature=64 25 36 47 36 27 65 17 47 47 47 17 37 47
split_gain=7934.09 3786.97 6064 6377.74 4542.64 4435.98 3209.36 9933.25 2554.84 5100.51 3697.52 4424.12 3354.44 3186.35
threshold=226.32048450000002 1.4910257861069185 23.123697916666668 75.490885416666671 21.539322916666666 23.062500000000004 285.86399050000006 8.0390826113909323e-06 77.319010416666671 75.490885416666671 78.783854166666671 1.5496245184389131e-05 89.125000000000014 81.589843750000014
decision_type=2 2 2 2 2 2 2 2 2 2 2 2 2 2
left_child=1 2 4 5 -1 -4 7 -6 9 -2 11 -10 -12 -14
right_child=8 -3 3 -5 6 -7 -8 -9 10 -11 12 -13 13 -15
leaf_value=0.082889757573138934 0.080020208792017503 -0.032109929341168644 0.065835130788093693 0.81197674406899345 -1.0190977742032308 0.63078469293458128 0.091436487499897079 0.034958894520998006 -0.31264817256671495 0.3291969764359326 0.14542685527795104 0.10875685137983125 -0.41765547514861007 0.068374959584095604
leaf_weight=259 1226 7793 203 44 40 41 40 49 155 246 464 103 57 80
leaf_count=259 1226 7793 203 44 40 41 40 49 155 246 464 103 57 80
internal_value=0.0002254 -0.0222594 0.0911779 0.264575 -0.0378787 0.162952 -0.279124 -0.444834 0.0818919 0.121858 0.0133435 -0.144642 0.0812921 -0.135403
internal_weight=10800 8469 676 288 388 244 129 89 2331 1472 859 258 601 137
internal_count=10800 8469 676 288 388 244 129 89 2331 1472 859 258 601 137
is_linear=0
shrinkage=0.05


Tree=94
num_leaves=15
num_cat=0
split_feature=64 52 25 46 49 47 49 35 36 41 24 24 47 47
split_gain=7159.95 3482.58 3829.62 3773.04 9171.09 2865.1 2611.16 2437.12 3414.22 2429.55 3014.99 5228.22 2307.43 4605.68
threshold=226.32048450000002 0.44228869021900152 110.83558801624868 80.572916666666671 1.5000000000000002 82.251302083333357 3.5000000000000004 16.682291666666668 19.207812500000003 67.875000000000014 280.08090150000004 284.71608000000009 77.319010416666671 75.490885416666671
decision_type=2 2 2 2 2 2 2 2 2 2 2 2 2 2
left_child=1 -1 3 4 -3 7 -7 -5 -9 -6 -11 -12 13 -2
right_child=12 2 -4 5 9 6 -8 8 -10 10 11 -13 -14 -15
leaf_value=-0.041649678138603284 0.076022457879462865 0.5185272253651656 -0.31580366993275211 -0.31843124250139021 -0.28805202250273859 0.24936946448290823 -0.018484590592944695 0.43000448504906325 -0.027993832428725159 0.0068732425443489443 0.59942490651737901 -0.1161243584440198 0.012652651461675157 0.31280376686137701
leaf_weight=6010 1226 130 77 68 48 200 166 41 1306 318 63 42 859 246
leaf_count=6010 1226 130 77 68 48 200 166 41 1306 318 63 42 859 246
internal_value=0.000217223 -0.0211425 0.0289752 0.0402483 0.148463 0.00366825 0.128164 -0.0286013 -0.0137446 0.0454404 0.0838736 0.31481 0.0777973 0.115779
internal_weight=10800 8469 2459 2382 601 1781 366 1415 1347 471 423 105 2331 1472
internal_count=10800 8469 2459 2382 601 1781 366 1415 1347 471 423 105 2331 1472
is_linear=0
shrinkage=0.05


Tree=95
num_leaves=15
num_cat=0
split_feature=3 49 51 36 26 24 45 21 49 24 24 47 30 34
split_gain=6639.89 3470.93 4724.2 4478.48 4352.81 5789.92 9575.65 6656.13 4649.61 3827.04 8705.89 6610.98 7792.15 3511.93
threshold=24.000000000000004 3.5000000000000004 2.5000000000000004 22.750520833333336 19.762500000000003 281.72766850000005 82.989583333333357 22.918790010670381 1.5000000000000002 274.65417650000006 273.12119300000006 69.212239583333357 22.712500000000002 20.944791666666671
decision_type=2 2 2 2 2 2 2 2 2 2 2 2 2 2
left_child=1 2 4 -4 -1 6 7 -6 13 10 -3 12 -11 -8
right_child=-2 9 3 -5 5 -7 8 -9 -10 11 -12 -13 -14 -15
leaf_value=-0.29011877201019076 -0.034225235624269858 -0.012028440416151429 0.095129121269478756 0.3047474869862199 0.62406765165328981 -0.11059274175822696 -0.1992971124151085 0.13185578356226607 -0.38192937026266011 0.8720986223726902 -0.60137744335027854 -0.0055750207766410553 0.1550661505693022 0.22111196894504467
leaf_weight=108 6096 1744 943 349 124 368 78 154 79 52 64 373 135 133
leaf_count=108 6096 1744 943 349 124 368 78 154 79 52 64 373 135 133
internal_value=0.000211357 0.0448362 0.0880651 0.151944 0.00894222 0.0437221 0.143719 0.352853 -0.0572846 0.00217223 -0.0332113 0.116266 0.358033 0.0654931
internal_weight=10800 4704 2336 1292 1044 936 568 278 290 2368 1808 560 187 211
internal_count=10800 4704 2336 1292 1044 936 568 278 290 2368 1808 560 187 211
is_linear=0
shrinkage=0.05


Tree=96
num_leaves=15
num_cat=0
split_feature=65 64 47 29 22 24 32 25 47 36 24 29 45 21
split_gain=6307.61 4255.17 2451.46 3028.66 2339.65 4092.89 4277.14 3938.95 3134.62 3766.12 2358.1 2697.72 2266.11 1975.75
threshold=261.5324245000001 265.72557100000006 85.757812500000014 17.775000000000002 144.7904826822917 274.28284400000007 21.062500000000004 99.971251996581813 75.100260416666671 20.71901041666667 283.46498150000008 22.037500000000005 83.010416666666671 7.3566204200819428e-06
decision_type=2 2 2 2 2 2 2 2 2 2 2 2 2 2
left_child=1 -1 3 -2 5 7 -7 8 -5 -10 -6 -12 -11 -9
right_child=2 -3 -4 4 10 6 -8 13 9 12 11 -13 -14 -15
leaf_value=-0.021190435166877668 -0.33109428693608539 0.13484771316414518 0.463836521298989 0.0074904843331403603 -0.30193147950530907 0.18972091869877494 0.67322563297930182 -0.25557278371576608 0.08264327806820615 0.78503278959088219 -0.17397838309407235 0.21952105961775162 0.33241112677787898 0.026533657097910029
leaf_weight=9082 40 458 45 156 60 165 63 86 116 40 73 105 95 216
leaf_count=9082 40 458 45 156 60 165 63 86 116 40 73 105 95 216
internal_value=0.000204349 -0.0136859 0.105301 0.0916516 0.106312 0.14184 0.325677 0.0823466 0.183684 0.292726 -0.033569 0.0580717 0.471307 -0.0543796
internal_weight=10800 9540 1260 1215 1175 937 228 709 407 251 238 178 135 302
internal_count=10800 9540 1260 1215 1175 937 228 709 407 251 238 178 135 302
is_linear=0
shrinkage=0.05


Tree=97
num_leaves=15
num_cat=0
split_feature=65 64 47 29 22 24 32 25 17 36 24 29 47 41
split_gain=5699.42 3841.05 2218.12 2739.57 2115.39 3697.65 3868.03 3560.75 2937.99 2172.78 2131.42 2437.58 1799.99 2040.16
threshold=261.5324245000001 265.72557100000006 85.757812500000014 17.775000000000002 144.7904826822917 274.28284400000007 21.062500000000004 99.971251996581813 1.5812130629138754e-06 20.71901041666667 283.46498150000008 22.037500000000005 75.100260416666671 85.375000000000014
decision_type=2 2 2 2 2 2 2 2 2 2 2 2 2 2
left_child=1 -1 3 -2 5 7 -7 8 9 -5 -6 -12 -11 -14
right_child=2 -3 -4 4 10 6 -8 -9 -10 12 11 -13 13 -15
leaf_value=-0.02013103072704004 -0.31494334078416597 0.12812001667064585 0.4411488766903463 0.07175615128989403 -0.28708238983984857 0.18029201766139413 0.64009030624292795 -0.051698446267963744 0.018939112156629564 0.14947900954777232 -0.16539701703633813 0.20864855230276316 0.68647295212316695 0.22597217224538327
leaf_weight=9082 40 458 45 77 60 165 63 302 174 51 73 105 65 40
leaf_count=9082 40 458 45 77 60 165 63 302 174 51 73 105 65 40
internal_value=0.000202609 -0.0130011 0.100104 0.0871206 0.101064 0.134846 0.309582 0.0782981 0.174648 0.29035 -0.0319442 0.0551808 0.397102 0.514831
internal_weight=10800 9540 1260 1215 1175 937 228 709 407 233 238 178 156 105
internal_count=10800 9540 1260 1215 1175 937 228 709 407 233 238 178 156 105
is_linear=0
shrinkage=0.05


Tree=98
num_leaves=15
num_cat=0
split_feature=3 49 51 36 26 24 45 21 54 34 24 24 47 30
split_gain=5291.68 2810.98 4433.77 3990.69 3701.65 5164.01 8422.4 5513.94 3998.15 4171.65 3034.54 7531.45 5679.01 6626.79
threshold=24.000000000000004 3.5000000000000004 2.5000000000000004 22.750520833333336 19.762500000000003 281.72766850000005 82.989583333333357 22.918790010670381 0.87837969732492682 20.876041666666669 274.65417650000006 273.12119300000006 69.212239583333357 22.712500000000002
decision_type=2 2 2 2 2 2 2 2 2 2 2 2 2 2
left_child=1 2 4 -4 -1 6 7 -6 9 -8 11 -3 13 -12
right_child=-2 10 3 -5 5 -7 8 -9 -10 -11 12 -13 -14 -15
leaf_value=-0.27348349616615047 -0.03054099579398576 -0.01016111918532938 0.087198079270813855 0.28506439442107723 0.5718153747320176 -0.11135064739852676 -0.22112408151795854 0.12378182154268989 -0.48196506233925512 0.19623952006328516 0.80137736684871175 -0.55831732474840601 -0.0096739521205305747 0.14017050352824087
leaf_weight=108 6096 1744 943 349 124 368 102 154 46 142 52 64 373 135
leaf_count=108 6096 1744 943 349 124 368 102 154 46 142 52 64 373 135
internal_value=0.000201329 0.0400389 0.0789417 0.140826 0.00229582 0.0343744 0.128818 0.324957 -0.0596766 0.0215774 0.00164472 -0.0298628 0.103241 0.32732
internal_weight=10800 4704 2336 1292 1044 936 568 278 290 244 2368 1808 560 187
internal_count=10800 4704 2336 1292 1044 936 568 278 290 244 2368 1808 560 187
is_linear=0
shrinkage=0.05


Tree=99
num_leaves=15
num_cat=0
split_feature=65 64 47 29 22 45 47 18 30 42 48 51 17 30
split_gain=4928.51 3216.79 1980.01 2506.19 1797.7 2788.35 2717.99 2508.81 2105.42 1969.57 1647.66 3259.94 1621.28 2872.45
threshold=261.5324245000001 265.72557100000006 85.757812500000014 17.775000000000002 136.54298591145837 80.635416666666671 75.100260416666671 25.466667937500002 21.012500000000003 57.875000000000007 4.1250000000000009 3.5000000000000004 40.056471688961274 17.925000000000001
decision_type=2 2 2 2 2 2 2 2 2 2 2 2 2 2
left_child=1 12 3 -2 5 7 -7 -5 -6 -8 -3 -12 -1 -14
right_child=2 10 -4 4 8 6 9 -9 -10 -11 11 -13 13 -15
leaf_value=-0.027402337557278385 -0.30371508525639046 0.019514174044265281 0.41530581796946731 0.61621339164282152 -0.19916128634856678 -0.075868127857011261 0.51192013454146501 0.096834914295411689 0.07149287342361467 0.13980075556278071 0.12073125359170217 0.60320238415585015 -0.25282242922448972 0.050875257489138417
leaf_weight=7741 40 223 45 56 82 140 40 40 535 282 193 42 82 1259
leaf_count=7741 40 223 45 56 82 140 40 40 535 282 193 42 82 1259
internal_value=0.000193619 -0.0120846 0.0930935 0.080828 0.0941659 0.159122 0.107678 0.403035 0.0352586 0.187469 0.11706 0.209151 -0.0186095 0.0321301
internal_weight=10800 9540 1260 1215 1175 558 462 96 617 322 458 235 9082 1341
internal_count=10800 9540 1260 1215 1175 558 462 96 617 322 458 235 9082 1341
is_linear=0
shrinkage=0.05


Tree=100
num_leaves=15
num_cat=0
split_feature=3 54 51 36 26 24 45 21 54 34 24 24 47 30
split_gain=4533.74 2357.9 3913.08 3441.49 3324.62 4712.82 7518.97 4880.32 3642.88 3726.88 2573.17 6800.56 5093.54 5875.57
threshold=24.000000000000004 -1.0000000180025095e-35 2.5000000000000004 22.750520833333336 19.762500000000003 281.72766850000005 82.989583333333357 22.918790010670381 0.87837969732492682 20.876041666666669 274.65417650000006 273.12119300000006 69.212239583333357 22.487500000000004
decision_type=2 2 2 2 2 2 2 2 2 2 2 2 2 2
left_child=1 10 4 -4 -3 6 7 -6 9 -8 11 -1 13 -12
right_child=-2 2 3 -5 5 -7 8 -9 -10 -11 12 -13 -14 -15
leaf_value=-0.0083909830692049381 -0.028263407308431372 -0.260663278808138 0.08103227711206705 0.26477981323003769 0.53888586895130575 -0.10811528416910793 -0.20861832565329608 0.1173704129866054 -0.45986692207924867 0.185869629478564 0.77235294866561899 -0.52926977047553425 -0.011473416804988437 0.13830665526978619
leaf_weight=1744 6096 108 943 349 124 368 102 154 46 142 49 64 373 138
leaf_count=1744 6096 108 943 349 124 368 102 154 46 142 49 64 373 138
internal_value=0.00019221 0.0370665 0.0726965 0.130833 0.000693047 0.0310956 0.12132 0.306642 -0.0567769 0.0207823 0.00190224 -0.0271116 0.0954567 0.307672
internal_weight=10800 4704 2336 1292 1044 936 568 278 290 244 2368 1808 560 187
internal_count=10800 4704 2336 1292 1044 936 568 278 290 244 2368 1808 560 187
is_linear=0
shrinkage=0.05


Tree=101
num_leaves=15
num_cat=0
split_feature=65 64 47 29 22 24 25 32 17 35 24 36 49 17
split_gain=4266.52 2695.27 1767.32 2292.59 1645.71 3050.61 2955.04 2882 2364.26 1711.97 1958.34 1690.62 1644.26 1521.5
threshold=261.5324245000001 265.72557100000006 85.757812500000014 17.775000000000002 144.7904826822917 274.28284400000007 99.971251996581813 21.062500000000004 1.5812130629138754e-06 21.950520833333336 283.46498150000008 20.71901041666667 2.5000000000000004 1.1809109315730381e-05
decision_type=2 2 2 2 2 2 2 2 2 2 2 2 2 2
left_child=1 -1 3 -2 5 6 8 -7 11 -6 -11 -5 -12 -3
right_child=2 13 -4 4 9 7 -8 -9 -10 10 12 -13 -14 -15
leaf_value=-0.017211680332750171 -0.29274345658174378 0.044953919728360485 0.3910284049485041 0.064956477838448989 -0.32362948012788123 0.16461815489333331 -0.052176357557798862 0.56164112035185099 0.014347995518307602 -0.23291188961324782 -0.0315546426048968 0.35197070328411972 0.30216484747935035 0.24097202668994153
leaf_weight=9082 40 314 45 77 40 165 302 63 174 51 79 156 68 144
leaf_count=9082 40 314 45 77 40 165 302 63 174 51 79 156 68 144
internal_value=0.000184839 -0.0112391 0.0866207 0.0750341 0.0877924 0.11759 0.0662359 0.276295 0.154012 -0.0295198 0.031224 0.257803 0.123818 0.106975
internal_weight=10800 9540 1260 1215 1175 937 709 228 407 238 198 233 147 458
internal_count=10800 9540 1260 1215 1175 937 709 228 407 238 198 233 147 458
is_linear=0
shrinkage=0.05


Tree=102
num_leaves=15
num_cat=0
split_feature=65 53 60 49 41 41 25 25 42 46 36 47 9 64
split_gain=3867.23 2319.76 2917.22 3999.15 4746.85 4951.22 4870.6 6316.27 5879.08 3118.36 4422.05 3034.75 2848.47 2409.86
threshold=267.06350950000007 0.93540483100319638 -0.63405362205439475 2.5000000000000004 82.875000000000014 69.875000000000014 103.46998804815223 100.97654148591421 83.125000000000014 83.005208333333357 21.325911458333337 76.589843750000014 190.75086450000001 274.00431850000001
decision_type=2 2 2 2 2 2 2 2 2 2 2 2 2 2
left_child=1 2 3 4 5 -1 7 8 9 12 11 -11 -6 -5
right_child=-2 -3 -4 13 6 -7 -8 -9 -10 10 -12 -13 -14 -15
leaf_value=-0.20579979879424926 0.096746733432623855 0.063141682928094078 -0.036061228669748778 -0.039588076846563895 0.66382093032201128 0.35379521763457578 -0.19697446072979696 0.58516187921899265 -0.14975236059415126 0.59781991189176387 -0.20563417820570373 0.087018838730132719 0.12812691003394625 0.21276181320115778
leaf_weight=46 945 998 6191 1496 53 257 174 60 220 43 83 87 47 100
leaf_count=46 945 998 6191 1496 53 257 174 60 220 43 83 87 47 100
internal_value=0.00018109 -0.00908751 -0.0172324 0.026489 0.101233 0.268443 0.034914 0.103173 0.0479206 0.186895 0.0779835 0.25925 0.415806 -0.0236534
internal_weight=10800 9855 8857 2666 1070 303 767 593 533 313 213 130 100 1596
internal_count=10800 9855 8857 2666 1070 303 767 593 533 313 213 130 100 1596
is_linear=0
shrinkage=0.05


Tree=103
num_leaves=15
num_cat=0
split_feature=65 53 60 25 24 25 49 46 25 36 41 36 36 25
split_gain=3489.88 2093.2 2635.86 3678 5465.77 4781.02 6227.74 5775.71 6786.14 6132.77 4635.87 4661.11 4129.17 3760.21
threshold=267.06350950000007 0.93540483100319638 -0.63405362205439475 110.83558801624868 280.08090150000004 103.13716871560385 2.5000000000000004 83.005208333333357 100.97654148591421 21.325911458333337 84.875000000000014 24.111067708333337 18.666666666666668 105.24096030238196
decision_type=2 2 2 2 2 2 2 2 2 2 2 2 2 2
left_child=1 2 3 4 5 6 7 10 9 12 11 -1 -9 -6
right_child=-2 -3 -4 -5 13 -7 -8 8 -10 -11 -12 -13 -14 -15
leaf_value=0.57912187087651978 0.09191451004273643 0.059987759480702209 -0.034258458567112231 -0.21450127466945657 0.37841134958989209 -0.15671799495867164 -0.049312116000764579 -0.28686849392640096 0.60261175131797795 -0.24669898512244923 -0.12824777040098395 -0.026039774731964095 0.22420653829812609 0.090912123269328238
leaf_weight=153 945 998 6191 150 167 383 886 47 49 170 41 40 225 355
leaf_count=153 945 998 6191 150 167 383 886 47 49 170 41 40 225 355
internal_value=0.000181083 -0.00862371 -0.0163607 0.0251989 0.039569 0.0018332 0.0396011 0.148177 0.0505001 -0.011929 0.352046 0.454212 0.135168 0.183438
internal_weight=10800 9855 8857 2666 2516 1994 1611 725 491 442 234 193 272 522
internal_count=10800 9855 8857 2666 2516 1994 1611 725 491 442 234 193 272 522
is_linear=0
shrinkage=0.05


Tree=104
num_leaves=15
num_cat=0
split_feature=3 24 24 25 64 57 42 24 42 24 31 45 34 47
split_gain=3219.05 2162.26 3368.61 3903.13 3291.91 2593.14 3385.93 2466.44 2301.59 3054.97 4184.06 3045.51 2161.83 2062.04
threshold=24.000000000000004 300.20324800000009 274.65417650000006 103.71908670936379 232.38990950000002 3.5000000000000004 72.125000000000014 273.12119300000006 74.625000000000014 278.51062050000002 24.962500000000002 84.760416666666671 21.942708333333336 81.417968750000014
decision_type=2 2 2 2 2 2 2 2 2 2 2 2 2 2
left_child=1 2 3 13 -3 6 -5 -7 9 12 -11 -10 -4 -1
right_child=-2 4 8 5 -6 7 -8 -9 11 10 -12 -13 -14 -15
leaf_value=0.011185518246069753 -0.023801377858504977 -0.52110421195081091 0.17741108390417967 0.12204585493184053 -0.031491557431752693 -0.10736270420075883 -0.34301312369061637 -0.50747668375707655 -0.18891401661695131 0.60945469795203788 0.088687888602236739 0.18846116050523012 0.62942400817517885 0.10913550682623924
leaf_weight=2393 6096 40 54 129 212 83 55 72 123 40 665 93 53 692
leaf_count=2393 6096 40 54 129 212 83 55 72 123 40 665 93 53 692
internal_value=0.000176124 0.0312475 0.0393201 0.015475 -0.11096 -0.145315 -0.018069 -0.295284 0.118649 0.157196 0.119056 -0.0263133 0.40506 0.033185
internal_weight=10800 4704 4452 3424 252 339 184 155 1028 812 705 216 107 3085
internal_count=10800 4704 4452 3424 252 339 184 155 1028 812 705 216 107 3085
is_linear=0
shrinkage=0.05


Tree=105
num_leaves=15
num_cat=0
split_feature=65 64 47 29 26 36 34 32 17 47 36 46 0 32
split_gain=3032.47 2082.12 1546.57 2036.7 1559.26 1433.8 1847.07 2865.24 1669.31 2374.92 6175.5 2440.93 2396.82 3575.49
threshold=261.5324245000001 265.72557100000006 85.757812500000014 17.775000000000002 17.775000000000002 18.091406250000002 17.627083333333335 17.775000000000002 37.883306251446619 64.203125000000014 25.671614583333334 74.489583333333357 261.89570950000001 22.612500000000004
decision_type=2 2 2 2 2 2 2 2 2 2 2 2 2 2
left_child=1 5 3 -2 -5 -1 7 -7 -8 -10 12 -12 13 -11
right_child=2 -3 -4 4 -6 6 8 -9 9 10 11 -13 -14 -15
leaf_value=-0.12449375404976309 -0.28439153643642984 0.094438093812316493 0.3577632564585656 0.36302085624800789 0.062694043390944032 0.48997399230366173 -0.024531990567765602 0.023979039856437911 -0.17440227701614694 0.070825608885297098 0.20411412018410702 0.74096110401357096 0.24081566551875355 -0.10556670242465921
leaf_weight=287 40 458 45 44 1131 45 7087 117 126 756 46 40 116 462
leaf_count=287 40 458 45 44 1131 45 7087 117 126 756 46 40 116 462
internal_value=0.000168302 -0.00946283 0.0730394 0.0622085 0.0742395 -0.0147123 -0.0111162 0.155634 -0.0142629 0.0327968 0.0512919 0.459457 0.024654 0.00388647
internal_weight=10800 9540 1260 1215 1175 9082 8795 162 8633 1546 1420 86 1334 1218
internal_count=10800 9540 1260 1215 1175 9082 8795 162 8633 1546 1420 86 1334 1218
is_linear=0
shrinkage=0.05


Tree=106
num_leaves=15
num_cat=0
split_feature=65 53 60 25 24 24 49 46 51 41 22 36 22 42
split_gain=2760.46 1747.21 2164.16 3355.69 4697.13 3974.33 5853.6 5445.45 5752.01 5538.77 5001.6 3988.93 3800.37 3352.55
threshold=267.06350950000007 0.93540483100319638 -0.58216583101416164 110.83558801624868 280.08090150000004 273.66791750000004 2.5000000000000004 83.005208333333357 2.5000000000000004 86.625000000000014 125.64656252604168 24.042447916666671 126.51514404687502 77.875000000000014
decision_type=2 2 2 2 2 2 2 2 2 2 2 2 2 2
left_child=1 2 3 4 5 6 7 9 12 11 -10 -1 -9 -6
right_child=-2 -3 -4 -5 13 -7 -8 8 10 -11 -12 -13 -14 -15
leaf_value=0.55479837083552463 0.081754340755509081 0.055023032402787768 -0.031717868509503339 -0.20124018731527032 0.27719081307714805 -0.16913755306917611 -0.049119151631184632 -0.0359973992585488 -0.014658376340207363 -0.17488628008362395 0.33777072219832227 0.029464243181670707 -0.62500733707262124 0.031749949003016698
leaf_weight=157 945 998 6015 159 299 296 1048 68 251 45 167 47 45 260
leaf_count=157 945 998 6015 159 299 296 1048 68 251 45 167 47 45 260
internal_value=0.000168845 -0.00766192 -0.0147306 0.0212208 0.0344744 0.000510695 0.0280585 0.131684 0.0410102 0.324111 0.126615 0.4345 -0.273984 0.163293
internal_weight=10800 9855 8857 2842 2683 2124 1828 780 531 249 418 204 113 559
internal_count=10800 9855 8857 2842 2683 2124 1828 780 531 249 418 204 113 559
is_linear=0
shrinkage=0.05


Tree=107
num_leaves=15
num_cat=0
split_feature=3 24 61 24 25 57 30 45 24 42 24 7 45 34
split_gain=2509.77 1947.31 3085.26 2835.32 3565.94 2333.6 2996.7 2284.1 2226.08 2002.5 2855.89 3746.52 2743.35 1938.33
threshold=24.000000000000004 300.20324800000009 -0.9733555533461492 274.65417650000006 103.71908670936379 3.5000000000000004 22.437500000000004 87.968750000000014 273.12119300000006 74.625000000000014 278.51062050000002 203.16976750000001 84.760416666666671 21.942708333333336
decision_type=2 2 2 2 2 2 2 2 2 2 2 2 2 2
left_child=1 3 -3 4 -1 6 7 -6 -7 10 13 -12 -11 -5
right_child=-2 2 -4 9 5 8 -8 -9 -10 12 11 -13 -14 -15
leaf_value=0.030309553773438004 -0.021011054925986396 -0.45918459567427639 -0.020597516704697675 0.16805244632742622 -0.5049376390329221 -0.10401214282693608 0.16866705688492706 0.0081244144667970385 -0.48416946967170671 -0.18148397330266064 0.4490074998802609 0.068199642476750408 0.17668443272643267 0.59606442266592274
leaf_weight=3085 6096 49 203 54 40 83 98 46 72 123 71 634 93 53
leaf_count=3085 6096 49 203 54 40 83 98 46 72 123 71 634 93 53
internal_value=0.000160708 0.0275962 -0.107356 0.0352574 0.0133814 -0.140306 -0.0195814 -0.23357 -0.282573 0.108037 0.143992 0.107132 -0.027169 0.383614
internal_weight=10800 4704 252 4452 3424 339 184 86 155 1028 812 705 216 107
internal_count=10800 4704 252 4452 3424 339 184 86 155 1028 812 705 216 107
is_linear=0
shrinkage=0.05


Tree=108
num_leaves=15
num_cat=0
split_feature=65 28 53 60 49 51 46 41 29 41 35 42 22 45
split_gain=2412.1 1567.52 1632.55 2115.76 3548.98 3779.34 6287.06 6946.44 5586.99 5502.63 5192.15 3517.06 2739.2 3720.42
threshold=267.06350950000007 16.025000000000002 0.93540483100319638 -0.63405362205439475 2.5000000000000004 1.5000000000000002 83.901041666666671 74.125000000000014 21.162500000000005 86.625000000000014 19.830729166666671 74.375000000000014 125.64656252604168 87.968750000000014
decision_type=2 2 2 2 2 2 2 2 2 2 2 2 2 2
left_child=1 -1 3 4 5 11 7 -7 10 -9 12 -3 -8 -14
right_child=-2 2 -4 -5 -6 6 8 9 -10 -11 -12 -13 13 -15
leaf_value=-0.26861378717840767 0.076416268156611025 0.23134155398022319 0.055335567115684325 -0.028468612637685409 -0.021951182275202041 -0.11278373093961121 0.00021794488949870521 0.52444748040865619 0.57536183882418068 -0.102891144156456 -0.22048789772609767 -0.23434622445480621 0.58703777461216367 -0.034431420896379725
leaf_weight=56 945 56 986 6179 1591 76 175 225 42 41 190 140 57 41
leaf_count=56 945 56 986 6179 1591 76 175 225 42 41 190 140 57 41
internal_value=0.000152162 -0.00716785 -0.00564646 -0.0124746 0.0250416 0.096677 0.142438 0.307637 0.0301735 0.427729 -0.0204154 -0.100794 0.119126 0.329314
internal_weight=10800 9855 9799 8813 2634 1043 847 342 505 266 463 196 273 98
internal_count=10800 9855 9799 8813 2634 1043 847 342 505 266 463 196 273 98
is_linear=0
shrinkage=0.05


Tree=109
num_leaves=15
num_cat=0
split_feature=65 47 17 22 22 24 28 34 56 24 25 61 47 43
split_gain=2176.88 1549.57 1690.32 2090.87 2191.69 4679.35 1488.78 1427.24 1460.26 2197.9 4357.21 2614.09 3057.36 2471.28
threshold=267.06350950000007 84.089843750000014 2.0018641137551049e-06 136.54298591145837 139.88877832291669 278.56941200000006 21.962500000000002 16.226041666666671 8.8750000000000018 300.20324800000009 109.81433337420579 -0.95642797789208678 69.212239583333357 84.125000000000014
decision_type=2 2 2 2 2 2 2 2 2 2 2 2 2 2
left_child=7 2 3 -2 -5 -6 -7 -1 -9 10 -10 -11 -13 -12
right_child=1 -3 -4 4 5 6 -8 8 9 11 13 12 -14 -15
leaf_value=-0.28167804928615375 0.20058257666472534 0.37338534982466121 -0.0407601823279602 -0.18358474867636687 0.53957047704607253 -0.28152246864103692 0.061925240340608645 -0.028575458340628541 0.0099064672429605028 -0.45312082190066577 0.14198572454370664 -0.20093355580807448 0.11471903843831428 0.54692693530366976
leaf_weight=46 298 40 289 95 47 40 136 4032 5231 47 141 166 141 51
leaf_count=46 298 40 289 95 47 40 136 4032 5231 47 141 166 141 51
internal_value=0.000149305 0.0725995 0.0589076 0.105658 0.0163529 0.101967 -0.0172806 -0.00680463 -0.00548701 0.0106295 0.0185164 -0.109903 -0.0560578 0.251825
internal_weight=10800 945 905 616 318 223 176 9855 9809 5777 5423 354 307 192
internal_count=10800 945 905 616 318 223 176 9855 9809 5777 5423 354 307 192
is_linear=0
shrinkage=0.05


Tree=110
num_leaves=15
num_cat=0
split_feature=65 64 47 29 26 48 51 30 17 47 36 47 8 0
split_gain=1982.27 1589.85 1256.51 1804.87 1304.83 1234.54 2495.18 1214.98 1317.27 2062.05 5385.81 2286.08 2363.16 2495.45
threshold=261.5324245000001 265.72557100000006 85.403645833333357 17.925000000000001 17.775000000000002 4.1250000000000009 3.5000000000000004 16.025000000000002 37.883306251446619 64.203125000000014 25.671614583333334 65.746093750000014 257.88623600000005 241.54590150000004
decision_type=2 2 2 2 2 2 2 2 2 2 2 2 2 2
left_child=1 7 3 -2 -5 -3 -7 -1 -9 -10 11 -11 13 -13
right_child=2 5 -4 4 -6 6 -8 8 9 10 -12 12 -14 -15
leaf_value=-0.20382558812455431 -0.27298973983242397 -0.0012026575693328467 0.31282097900167427 0.32481254580741131 0.050108223653427299 0.085629997895934534 0.50749873312320126 -0.019248256322646748 -0.16191244096839874 0.35897841131200597 0.429610124521557 0.0015119272939390436 -0.14993710782686151 0.18830852468215331
leaf_weight=81 41 223 46 44 1129 193 42 7439 126 48 86 886 193 223
leaf_count=81 41 223 46 44 1129 193 42 7439 126 48 86 886 193 223
internal_value=0.000144241 -0.00764259 0.059061 0.0491961 0.0606805 0.0831487 0.162859 -0.0122298 -0.0104832 0.031246 0.0482953 0.0237042 0.0110778 0.0392092
internal_weight=10800 9540 1260 1214 1173 458 235 9082 9001 1562 1436 1350 1302 1109
internal_count=10800 9540 1260 1214 1173 458 235 9082 9001 1562 1436 1350 1302 1109
is_linear=0
shrinkage=0.05


Tree=111
num_leaves=15
num_cat=0
split_feature=3 26 65 6 24 64 24 25 57 42 24 47 29 47
split_gain=1834.73 1845.06 2687.65 1789.57 2044.42 2383.15 1882.07 3217.97 2060.49 2629.43 2025.38 1876.72 2648.7 3532.65
threshold=24.000000000000004 19.012500000000003 42.523274000000008 240.97423950000004 300.20324800000009 232.38990950000002 274.65417650000006 103.71908670936379 3.5000000000000004 73.875000000000014 273.12119300000006 81.417968750000014 17.925000000000001 80.190104166666671
decision_type=2 2 2 2 2 2 2 2 2 2 2 2 2 2
left_child=3 2 -2 4 6 -6 7 11 9 -9 -10 12 -1 -14
right_child=1 -3 -4 -5 5 -7 -8 8 10 -11 -12 -13 13 -15
leaf_value=-0.23389472476884046 -0.016350039846668898 -0.01024785830856444 -0.26790817742849787 0.34099487156014552 -0.46888833607478841 -0.049736744236673736 0.088638186977664013 0.089123775116235454 -0.098702373169362548 -0.34052399798917277 -0.46130809036836234 0.099202162378788816 0.037004086253905631 -0.17865827790323341
leaf_weight=109 268 5653 175 43 40 198 999 137 83 47 72 692 2076 208
leaf_count=109 268 5653 175 43 40 198 999 137 83 47 72 692 2076 208
internal_value=0.000143742 -0.0179582 -0.116104 0.0236013 0.0206006 -0.12185 0.0282916 0.0106639 -0.135331 -0.0218707 -0.269016 0.0267455 0.00576002 0.0172945
internal_weight=10800 6096 443 4704 4661 238 4423 3424 339 184 155 3085 2393 2284
internal_count=10800 6096 443 4704 4661 238 4423 3424 339 184 155 3085 2393 2284
is_linear=0
shrinkage=0.05


Tree=112
num_leaves=15
num_cat=0
split_feature=65 64 17 24 47 47 37 42 25 25 64 17 22 41
split_gain=1777.32 1340.61 1233.44 3335.67 4168.46 3066.96 5094.17 2937.9 2909.28 2588.68 2302.5 3052.43 2786.37 1972.05
threshold=261.5324245000001 265.72557100000006 1.0000000180025095e-35 300.20324800000009 77.423177083333357 82.167968750000014 82.875000000000014 75.125000000000014 94.642039629914848 1.4910257861069185 202.02366500000002 1.5496245184389131e-05 146.20216796354171 65.125000000000014
decision_type=2 2 2 2 2 2 2 2 2 2 2 2 2 2
left_child=1 2 3 4 7 6 -6 9 -8 -1 -4 -12 13 -13
right_child=-2 -3 10 -5 5 -7 8 -9 -10 -11 11 12 -14 -15
leaf_value=0.47549849907557173 0.055917627616762569 0.076127930452604839 -0.013288595822651248 -0.47675733631881684 0.15186693063005807 0.01724861106123118 -0.62942120110725663 -0.10888543013449109 -0.24233462404666675 0.074298170386245116 0.40256682759658857 -0.17477938551455738 0.25163738318753465 0.048055441901829754
leaf_weight=44 1260 458 7135 45 63 169 67 217 179 384 65 126 134 454
leaf_count=44 1260 458 7135 45 63 169 67 217 179 384 65 126 134 454
internal_value=0.000129745 -0.00724355 -0.0114558 -0.0593967 -0.0422633 -0.154007 -0.247424 0.0406582 -0.349882 0.116555 -0.00437381 0.0771906 0.047048 -0.000571008
internal_weight=10800 9540 9082 1168 1123 478 309 645 246 428 7914 779 714 580
internal_count=10800 9540 9082 1168 1123 478 309 645 246 428 7914 779 714 580
is_linear=0
shrinkage=0.05


Tree=113
num_leaves=15
num_cat=0
split_feature=56 43 37 22 64 65 17 65 34 51 51 65 49 62
split_gain=1650.75 1941.8 2148.81 3070.92 2976.37 2805.16 2218.24 2283.87 1928.37 1880.25 2477.94 1722.79 1664.89 1616.77
threshold=8.8750000000000018 79.875000000000014 78.875000000000014 107.89668338020834 233.39246150000005 90.727547000000001 1.9810494292234628e-06 187.43541350000001 25.39895833333334 1.5000000000000002 2.5000000000000004 261.24820800000003 3.5000000000000004 0.87837969732492682
decision_type=2 2 2 2 2 2 2 2 2 2 2 2 2 2
left_child=-1 2 11 6 5 -5 7 -4 13 -7 -11 -2 -12 -3
right_child=1 8 3 4 -6 9 -8 -9 -10 10 12 -13 -14 -15
leaf_value=-0.025199686356047954 0.0029418966751678082 0.022459995195470806 -0.014815556204744749 0.0076341177268392027 -0.043522561958263303 -0.080441092732159991 -0.044602836850961607 0.43098861088355389 0.37337069837159892 -0.74115623903274541 -0.13204580099611987 0.1925627712307014 -0.54003537703644156 0.118244174998223
leaf_weight=4032 2109 3019 55 67 310 45 269 59 42 49 60 126 43 515
leaf_count=4032 2109 3019 55 67 310 45 269 59 42 49 60 126 43 515
internal_value=0.00012283 0.0152101 -0.0131353 -0.075787 -0.148854 -0.271907 0.03382 0.217649 0.0405083 -0.366538 -0.450158 0.0137133 -0.305926 0.0364479
internal_weight=10800 6768 3192 957 574 264 383 114 3576 197 152 2235 103 3534
internal_count=10800 6768 3192 957 574 264 383 114 3576 197 152 2235 103 3534
is_linear=0
shrinkage=0.05


Tree=114
num_leaves=15
num_cat=0
split_feature=48 24 46 51 26 54 22 47 47 47 36 47 46 46
split_gain=1495.01 2831.95 2989.19 3258.17 3944.9 3558.72 4627.8 4795.82 4332.91 3855.79 3610.8 5160.23 3421.43 3457.8
threshold=10.375000000000002 300.20324800000009 80.572916666666671 2.5000000000000004 19.762500000000003 1.0000000180025095e-35 125.64656252604168 77.319010416666671 82.251302083333357 79.027343750000014 21.355208333333337 80.190104166666671 89.609375000000014 83.463541666666671
decision_type=2 2 2 2 2 2 2 2 2 2 2 2 2 2
left_child=1 2 -1 4 -4 10 9 12 -9 -7 -5 -12 13 -8
right_child=-2 -3 3 5 -6 6 7 8 -10 -11 11 -13 -14 -15
leaf_value=0.095485591406039697 -0.016355460619363198 -0.12891483857596325 -0.29283305152629813 0.074634703993545493 -0.025455014963062718 -0.35524284859378658 0.1004084830302312 -0.077382415772891358 0.29883329017381921 0.083165720196103493 -0.034584066935719485 -0.41790843287912705 -0.094250966527539753 0.47876663876471115
leaf_weight=1281 6054 294 164 600 843 82 85 232 113 126 565 103 45 213
leaf_count=1281 6054 294 164 600 843 82 85 232 113 126 565 103 45 213
internal_value=0.000114497 0.0211226 0.0310575 0.0050083 -0.0692475 0.0395787 0.115796 0.178218 0.0463494 -0.0905412 -0.0143275 -0.0942258 0.310336 0.371542
internal_weight=10800 4746 4452 3171 1007 2164 896 688 345 208 1268 668 343 298
internal_count=10800 4746 4452 3171 1007 2164 896 688 345 208 1268 668 343 298
is_linear=0
shrinkage=0.05


end of trees

feature_importances:
consumo_alvo_semana_anterior=249
temperatura_externa_c_media_1440m=126
consumo_max_1440m=96
umidade_relativa_pct_media_1440m=93
consumo_alvo_dia_anterior=65
consumo_mean_1440m=58
consumo_std_180m=57
origem_hora_cos=53
origem_hora=50
temperatura_externa_c_lag_180m=46
consumo_std_1440m=44
temperatura_externa_c_atual=41
temperatura_externa_c_media_180m=39
origem_hora_sin=37
alvo_hora_sin=37
origem_mes=35
temperatura_externa_c_lag_1440m=33
umidade_relativa_pct_media_360m=31
origem_dia_semana=29
consumo_lag_30m=28
temperatura_externa_c_lag_360m=28
consumo_std_360m=26
temperatura_externa_c_media_360m=26
umidade_relativa_pct_lag_1440m=26
umidade_relativa_pct_media_180m=25
consumo_lag_1440m=24
alvo_dia_semana=23
temperatura_externa_c_lag_720m=22
temperatura_externa_c_lag_60m=18
umidade_relativa_pct_lag_360m=17
temperatura_externa_c_media_60m=16
umidade_relativa_pct_lag_720m=14
consumo_lag_720m=13
consumo_lag_10080m=10
origem_semana_sin=9
consumo_min_180m=7
temperatura_externa_c_lag_15m=7
umidade_relativa_pct_lag_180m=7
consumo_lag_60m=6
consumo_mean_360m=6
alvo_hora_cos=6
consumo_max_180m=4
umidade_relativa_pct_atual=4
consumo_lag_360m=3
umidade_relativa_pct_lag_60m=3
consumo_atual_kw=2
consumo_lag_120m=2
alvo_hora=2
alvo_semana_sin=2
consumo_std_60m=1
consumo_mean_180m=1
consumo_max_360m=1
origem_semana_cos=1
alvo_semana_cos=1

parameters:
[boosting: gbdt]
[objective: regression]
[metric: l1]
[tree_learner: serial]
[device_type: cpu]
[data_sample_strategy: bagging]
[data: ]
[valid: ]
[num_iterations: 400]
[learning_rate: 0.05]
[num_leaves: 15]
[num_threads: 2]
[seed: 20260905]
[deterministic: 1]
[force_col_wise: 1]
[force_row_wise: 0]
[histogram_pool_size: -1]
[max_depth: -1]
[min_data_in_leaf: 40]
[min_sum_hessian_in_leaf: 0.001]
[bagging_fraction: 1]
[pos_bagging_fraction: 1]
[neg_bagging_fraction: 1]
[bagging_freq: 0]
[bagging_seed: 23218]
[bagging_by_query: 0]
[feature_fraction: 1]
[feature_fraction_bynode: 1]
[feature_fraction_seed: 28090]
[extra_trees: 0]
[extra_seed: 14360]
[early_stopping_round: 0]
[early_stopping_min_delta: 0]
[first_metric_only: 0]
[max_delta_step: 0]
[lambda_l1: 0]
[lambda_l2: 1]
[linear_lambda: 0]
[min_gain_to_split: 0]
[drop_rate: 0.1]
[max_drop: 50]
[skip_drop: 0.5]
[xgboost_dart_mode: 0]
[uniform_drop: 0]
[drop_seed: 16970]
[top_rate: 0.2]
[other_rate: 0.1]
[min_data_per_group: 100]
[max_cat_threshold: 32]
[cat_l2: 10]
[cat_smooth: 10]
[max_cat_to_onehot: 4]
[top_k: 20]
[monotone_constraints: ]
[monotone_constraints_method: basic]
[monotone_penalty: 0]
[feature_contri: ]
[forcedsplits_filename: ]
[refit_decay_rate: 0.9]
[cegb_tradeoff: 1]
[cegb_penalty_split: 0]
[cegb_penalty_feature_lazy: ]
[cegb_penalty_feature_coupled: ]
[path_smooth: 0]
[interaction_constraints: ]
[verbosity: -1]
[saved_feature_importance_type: 0]
[use_quantized_grad: 0]
[num_grad_quant_bins: 4]
[quant_train_renew_leaf: 0]
[stochastic_rounding: 1]
[linear_tree: 0]
[max_bin: 255]
[max_bin_by_feature: ]
[min_data_in_bin: 3]
[bin_construct_sample_cnt: 200000]
[data_random_seed: 5037]
[is_enable_sparse: 1]
[enable_bundle: 1]
[use_missing: 1]
[zero_as_missing: 0]
[feature_pre_filter: 1]
[pre_partition: 0]
[two_round: 0]
[header: 0]
[label_column: ]
[weight_column: ]
[group_column: ]
[ignore_column: ]
[categorical_feature: ]
[forcedbins_filename: ]
[precise_float_parser: 0]
[parser_config_file: ]
[objective_seed: 15411]
[num_class: 1]
[is_unbalance: 0]
[scale_pos_weight: 1]
[sigmoid: 1]
[boost_from_average: 1]
[reg_sqrt: 0]
[alpha: 0.9]
[fair_c: 1]
[poisson_max_delta_step: 0.7]
[tweedie_variance_power: 1.5]
[lambdarank_truncation_level: 30]
[lambdarank_norm: 1]
[label_gain: ]
[lambdarank_position_bias_regularization: 0]
[eval_at: ]
[multi_error_top_k: 1]
[auc_mu_weights: ]
[num_machines: 1]
[local_listen_port: 12400]
[time_out: 120]
[machine_list_filename: ]
[machines: ]
[gpu_platform_id: -1]
[gpu_device_id: -1]
[gpu_device_id_list: ]
[gpu_use_dp: 0]
[num_gpu: 1]

end of parameters

pandas_categorical:[]
