tree
version=v4
num_class=1
num_tree_per_iteration=1
label_index=0
max_feature_idx=65
objective=regression
feature_names=consumo_atual_kw consumo_lag_15m consumo_lag_30m consumo_lag_60m consumo_lag_120m consumo_lag_180m consumo_lag_360m consumo_lag_720m consumo_lag_1440m consumo_lag_10080m consumo_mean_60m consumo_min_60m consumo_max_60m consumo_std_60m consumo_mean_180m consumo_min_180m consumo_max_180m consumo_std_180m consumo_mean_360m consumo_min_360m consumo_max_360m consumo_std_360m consumo_mean_1440m consumo_min_1440m consumo_max_1440m consumo_std_1440m temperatura_externa_c_atual temperatura_externa_c_lag_15m temperatura_externa_c_lag_60m temperatura_externa_c_lag_180m temperatura_externa_c_lag_360m temperatura_externa_c_lag_720m temperatura_externa_c_lag_1440m temperatura_externa_c_media_60m temperatura_externa_c_media_180m temperatura_externa_c_media_360m temperatura_externa_c_media_1440m umidade_relativa_pct_atual umidade_relativa_pct_lag_15m umidade_relativa_pct_lag_60m umidade_relativa_pct_lag_180m umidade_relativa_pct_lag_360m umidade_relativa_pct_lag_720m umidade_relativa_pct_lag_1440m umidade_relativa_pct_media_60m umidade_relativa_pct_media_180m umidade_relativa_pct_media_360m umidade_relativa_pct_media_1440m origem_hora origem_dia_semana origem_fim_de_semana origem_mes origem_hora_sin origem_hora_cos origem_semana_sin origem_semana_cos alvo_hora alvo_dia_semana alvo_fim_de_semana alvo_mes alvo_hora_sin alvo_hora_cos alvo_semana_sin alvo_semana_cos consumo_alvo_dia_anterior consumo_alvo_semana_anterior
feature_infos=[22.399999999999999:324.71375799999998] [22.399999999999999:324.71375799999998] [22.399999999999999:324.71375799999998] [22.399999999999999:324.71375799999998] [22.399999999999999:324.71375799999998] [22.399999999999999:324.71375799999998] [22.399999999999999:324.71375799999998] [22.399999999999999:324.71375799999998] [22.399999999999999:324.71375799999998] [22.399999999999999:324.71375799999998] [22.399999999999999:321.24876725000001] [22.399999999999999:318.278571] [22.399999999999999:324.71375799999998] [0:82.540869055199337] [22.399999999999999:313.28577408333337] [22.399999999999999:302.53573799999998] [22.399999999999999:324.71375799999998] [0:92.970139865692389] [22.399999999999999:295.13563500000004] [22.399999999999999:249.29458700000001] [22.399999999999999:324.71375799999998] [0:116.53386463160022] [23.200000000000003:159.49963871874999] none [25.600000000000001:324.71375799999998] [1.3929144002343703:128.71471884334804] [15:33.700000000000003] [15:33.700000000000003] [15:33.700000000000003] [15:33.700000000000003] [15:33.700000000000003] [15:33.700000000000003] [15:33.700000000000003] [15:33.4375] [15:32.71875] [15.333333333333334:31.620833333333334] [16.439843749999998:27.283072916666669] [31:98] [31:98] [31:98] [31:98] [31:98] [31:98] [31:98] [32.5:95.625] [33.666666666666664:95.083333333333329] [37.041666666666664:94] [59.309895833333336:91.638020833333329] [0:23.75] [0:6] [0:1] [1:4] [-1:1] [-1:1] [-0.97492791218182362:0.97492791218182362] [-0.90096886790241903:1] [0:23.75] [0:6] [0:1] [1:4] [-1:1] [-1:1] [-0.97492791218182362:0.97492791218182362] [-0.90096886790241903:1] [22.399999999999999:324.71375799999998] [22.399999999999999:324.71375799999998]
tree_sizes=1390 1402 1414 1414 1413 1410 1417 1406 1406 1405 1409 1409 1412 1423 1416 1415 1413 1410 1417 1409 1408 1424 1410 1410 1410 1408 1407 1409 1407 1418 1419 1419 1415 1417 1420 1416 1420 1425 1434 1433 1424 1438 1436 1436 1427 1410 1429 1431 1423 1435 1422 1422 1428 1435 1434 1430 1423 1423 1434 1423 1427 1425 1431 1434 1425 1424 1435 1430 1436 1431 1437 1443 1431 1427 1430 1430 1451 1427 1443 1433 1434 1428 1428 1430 1439 1438 1432 1431 1433 1444 1440 1432 1423 1450 1428 1426 1430 1441 1438 1431 1421 1433 1441 1447 1440 1422 1439 1434 1437 1428 1423 1432 1430 1433 1459 1436 1420

Tree=0
num_leaves=15
num_cat=0
split_feature=65 65 65 0 48 36 48 35 36 16 5 24 0 61
split_gain=8.95059e+07 9.44812e+06 3.46923e+06 333169 293236 223642 211464 229691 170017 79983.1 66420.1 63097.2 56299.6 54786.5
threshold=151.38016600000003 42.523274000000008 230.25012450000006 233.95246100000003 15.875000000000002 22.653776041666671 13.875000000000002 19.947395833333335 22.962760416666672 276.3691280000001 256.37658150000004 248.07883750000005 271.39792050000005 -0.68322629814330815
decision_type=2 2 2 2 2 2 2 2 2 2 2 2 2 2
left_child=1 -1 4 5 8 -3 7 -4 11 -9 -10 -2 -5 -7
right_child=2 3 6 12 -6 13 -8 9 10 -11 -12 -13 -14 -15
leaf_value=103.80823417588989 110.97833652722544 107.07757407661227 114.71998379258467 109.08596723707657 109.304891564329 109.00072659000955 113.17698221555462 115.83338720786449 112.88195506603545 117.02075603645719 114.32990795022097 112.23548191160741 110.54716446569475 108.06237486547792
leaf_weight=5456 140 663 513 198 75 219 95 1533 466 211 113 487 100 531
leaf_count=5456 140 663 513 198 75 219 95 1533 466 211 113 487 100 531
internal_value=108.065 104.825 114.458 108.067 112.358 107.746 115.599 115.698 112.547 115.982 113.175 111.96 109.583 108.337
internal_weight=10800 7167 3633 1711 1281 1413 2352 2257 1206 1744 579 627 298 750
internal_count=10800 7167 3633 1711 1281 1413 2352 2257 1206 1744 579 627 298 750
is_linear=0
shrinkage=1


Tree=1
num_leaves=15
num_cat=0
split_feature=65 65 65 11 48 36 36 36 6 6 36 53 5 16
split_gain=8.07908e+07 8.52751e+06 3.13067e+06 301401 264632 205217 190980 153547 83312.2 75236.1 79182 60525 60165.7 55468.3
threshold=151.38016600000003 42.523274000000008 230.25012450000006 230.50908550000003 15.875000000000002 22.653776041666671 22.678906250000008 22.962760416666672 175.40196300000002 169.40419900000003 17.496875000000006 -0.72947329433276253 256.37658150000004 276.3691280000001
decision_type=2 2 2 2 2 2 2 2 2 2 2 2 2 2
left_child=1 -1 4 5 7 -3 9 11 13 10 -4 -2 -9 -8
right_child=2 3 6 -5 -6 -7 8 12 -10 -11 -12 -13 -14 -15
leaf_value=-4.0443331950004007 4.3356116353249066 -0.95862353195094685 5.0583006170731561 1.3876567854694906 1.1783456589046277 0.25643007259104189 7.5088652437467731 4.576255938021478 5.0915664068082487 4.6809070888318516 6.8835554275044633 3.2853525200237836 5.9540430972450658 8.6612063309242
leaf_weight=5456 244 656 78 318 75 737 1028 466 40 56 977 383 113 173
leaf_count=5456 244 656 78 318 75 737 1028 466 40 56 977 383 113 173
internal_value=0.000217947 -3.07866 6.07325 0.00122211 4.07896 -0.316048 7.15723 4.25822 7.6026 6.65336 6.75353 3.70032 4.85495 7.68192
internal_weight=10800 7167 3633 1711 1281 1393 2352 1206 1241 1111 1055 627 579 1201
internal_count=10800 7167 3633 1711 1281 1393 2352 1206 1241 1111 1055 627 579 1201
is_linear=0
shrinkage=0.05


Tree=2
num_leaves=15
num_cat=0
split_feature=65 65 65 0 48 36 36 6 36 53 20 61 0 65
split_gain=7.29273e+07 7.69631e+06 2.82553e+06 272720 238824 182763 174114 164648 141484 93641.5 87189.8 52466 50984.9 39635.1
threshold=151.38016600000003 42.523274000000008 230.25012450000006 233.95246100000003 15.875000000000002 22.479947916666671 20.920312500000001 184.43222750000004 20.920312500000001 -0.72947329433276253 269.61846750000007 -0.68322629814330815 271.39792050000005 205.07808050000003
decision_type=2 2 2 2 2 2 2 2 2 2 2 2 2 2
left_child=1 -1 4 5 8 -3 -4 10 13 -10 -8 -7 -5 -2
right_child=2 3 6 12 -6 11 7 -9 9 -11 -12 -13 -14 -15
leaf_value=-3.8421535308094108 2.3906947057000525 -0.92218298763258122 5.8021661214142233 0.90077430694247007 1.1202035828640586 0.87602280225435436 6.8918186458327675 4.7225726251041191 4.967393244466475 3.9126418634636764 7.7922799203562185 -0.034286988076580836 2.2902221150917583 3.7072728087049018
leaf_weight=5456 144 630 402 198 75 219 1437 84 371 583 429 564 100 108
leaf_count=5456 144 630 402 198 75 219 1437 84 371 583 429 564 100 108
internal_value=0.000456382 -2.92475 5.77037 0.00118103 3.87577 -0.288928 6.80017 7.00284 4.04606 4.32759 7.1029 0.221113 1.37313 2.96737
internal_weight=10800 7167 3633 1711 1281 1413 2352 1950 1206 954 1866 783 298 252
internal_count=10800 7167 3633 1711 1281 1413 2352 1950 1206 954 1866 783 298 252
is_linear=0
shrinkage=0.05


Tree=3
num_leaves=15
num_cat=0
split_feature=65 65 65 11 48 36 36 5 36 6 64 61 0 16
split_gain=6.58302e+07 7.07317e+06 2.45148e+06 268640 186783 170133 161662 126074 80823.2 67388.5 64550.4 62687.3 60324.4 47850.3
threshold=155.56249700000004 42.523274000000008 230.25012450000006 230.50908550000003 15.875000000000002 21.705989583333338 22.678906250000008 256.03719150000006 22.479947916666671 175.40196300000002 240.64835000000002 -0.68322629814330815 271.39792050000005 276.69339350000001
decision_type=2 2 2 2 2 2 2 2 2 2 2 2 2 2
left_child=1 -1 4 5 7 -3 10 8 -2 13 -4 -7 -5 -8
right_child=2 3 6 12 -6 11 9 -9 -10 -11 -12 -13 -14 -15
leaf_value=-3.6500812940857927 3.1617036819458009 -1.0707865223513824 5.5289340059041505 0.8254466083358255 1.0700652991808377 0.75731041226109486 6.7901836734753473 5.1502369218714099 4.0777489388430563 4.6090843200683596 6.3749601389150152 -0.15357056781064934 2.2724207517142609 7.8957818767692478
leaf_weight=5456 488 462 502 227 64 261 1044 169 539 40 609 676 106 157
leaf_count=5456 488 462 502 227 64 261 1044 169 539 40 609 676 106 157
internal_value=0.000621293 -2.76651 5.50655 0.0173253 3.72177 -0.286662 6.4607 3.86265 3.64597 6.86976 5.998 0.100691 1.29147 6.94116
internal_weight=10800 7188 3612 1732 1260 1399 2352 1196 1027 1241 1111 937 333 1201
internal_count=10800 7188 3612 1732 1260 1399 2352 1196 1027 1241 1111 937 333 1201
is_linear=0
shrinkage=0.05


Tree=4
num_leaves=15
num_cat=0
split_feature=65 65 65 11 48 36 36 6 36 5 20 0 61 61
split_gain=5.94212e+07 6.38393e+06 2.21268e+06 242603 168530 154954 148121 144168 117604 76910 73853.8 54512.9 41732.1 41344.6
threshold=155.56249700000004 42.523274000000008 230.25012450000006 230.50908550000003 15.875000000000002 22.653776041666671 20.53151041666667 178.27297600000003 20.920312500000001 257.26550900000007 269.61846750000007 271.39792050000005 -0.68322629814330815 -0.68322629814330815
decision_type=2 2 2 2 2 2 2 2 2 2 2 2 2 2
left_child=1 -1 4 5 8 -3 -4 10 -2 12 -8 -5 -10 -7
right_child=2 3 6 11 -6 13 7 -9 9 -11 -12 -13 -14 -15
leaf_value=-3.4676105149045235 2.6829412764287088 -0.82857961433583172 5.1083430014460927 0.78435532119321205 1.0173851487269769 0.79760829659338994 6.2093686635897427 4.2157946976748377 4.2532022606737261 4.9546364489896799 7.0277753970590062 2.1598616564385247 3.4320149885789131 -0.018968192722934943
leaf_weight=5456 250 660 331 227 64 220 1501 87 262 161 433 106 523 519
leaf_count=5456 250 660 331 227 64 220 1501 87 262 161 433 106 523 519
internal_value=0.000792333 -2.6282 5.23184 0.0165349 3.53622 -0.272345 6.13833 6.30441 3.67004 3.92779 6.39614 1.22736 3.71116 0.224876
internal_weight=10800 7188 3612 1732 1260 1399 2352 2021 1196 946 1934 333 785 739
internal_count=10800 7188 3612 1732 1260 1399 2352 2021 1196 946 1934 333 785 739
is_linear=0
shrinkage=0.05


Tree=5
num_leaves=15
num_cat=0
split_feature=65 65 65 0 48 36 36 36 31 6 61 24 6 5
split_gain=5.36373e+07 5.65686e+06 2.07568e+06 200672 175375 138683 137508 114939 57255.3 54365.3 50281 48386 47594.1 43210.3
threshold=151.38016600000003 42.523274000000008 230.25012450000006 233.95246100000003 15.875000000000002 21.705989583333338 22.678906250000008 22.962760416666672 18.762500000000003 175.40196300000002 -0.68322629814330815 248.07883750000005 178.27297600000003 253.29621200000003
decision_type=2 2 2 2 2 2 2 2 2 2 2 2 2 2
left_child=1 -1 4 5 7 -3 8 11 -4 -8 -7 -2 -10 -9
right_child=2 3 6 -5 -6 10 9 13 12 -11 -12 -13 -14 -15
leaf_value=-3.2942616282877788 2.1398548401839346 -0.95553106467645132 4.5053163867526589 1.1775896262850949 0.96398271448714168 0.69101416879548483 6.272656611475889 3.7464818826761928 5.6623636347021762 4.1751730197813455 -0.12472891368095894 3.2295252618242487 3.8648139214029116 4.8943058692802817
leaf_weight=5456 140 464 179 298 75 259 1201 462 884 40 690 487 48 117
leaf_count=5456 140 464 179 298 75 259 1201 462 884 40 690 487 48 117
internal_value=0.000930228 -2.50775 4.94925 0.000732101 3.32538 -0.248123 5.83189 3.47131 5.40605 6.20847 0.0983958 2.99001 5.57403 3.98646
internal_weight=10800 7167 3633 1711 1281 1413 2352 1206 1111 1241 949 627 932 579
internal_count=10800 7167 3633 1711 1281 1413 2352 1206 1111 1241 949 627 932 579
is_linear=0
shrinkage=0.05


Tree=6
num_leaves=15
num_cat=0
split_feature=65 65 65 11 48 36 35 48 36 53 16 26 65 0
split_gain=4.84183e+07 5.19875e+06 1.80089e+06 203697 137288 126575 125283 146612 97947.1 65442.7 60863.3 54001.4 34761.7 30833.7
threshold=155.56249700000004 42.523274000000008 230.25012450000006 255.57108200000002 15.875000000000002 23.947526041666674 19.413020833333338 13.875000000000002 20.920312500000001 -0.72947329433276253 276.3691280000001 19.012500000000003 205.07808050000003 263.81563600000004
decision_type=2 2 2 2 2 2 2 2 2 2 2 2 2 2
left_child=1 -1 4 5 8 11 -4 10 12 13 -8 -3 -2 -10
right_child=2 3 6 -5 -6 -7 7 -9 9 -11 -12 -13 -14 -15
leaf_value=-3.1295788793439763 1.8745543579955202 -1.1197172269883404 4.6519666108335587 1.5282578301308725 0.91984088732646063 0.52048915891120073 5.6869594706886932 3.7114792088667552 3.5764390655295557 3.1990155618223883 6.6804680860267496 -0.28005599209280341 3.0988187956153803 4.5789477949557096
leaf_weight=5456 142 248 368 196 64 454 1678 95 188 575 211 834 108 183
leaf_count=5456 142 248 368 196 64 454 1678 95 188 575 211 834 108 183
internal_value=0.00105467 -2.37208 4.72302 0.0145603 3.19328 -0.179462 5.54082 5.70326 3.31407 3.54921 5.80141 -0.473367 2.41368 4.08192
internal_weight=10800 7188 3612 1732 1260 1536 2352 1984 1196 946 1889 1082 250 371
internal_count=10800 7188 3612 1732 1260 1536 2352 1984 1196 946 1889 1082 250 371
is_linear=0
shrinkage=0.05


Tree=7
num_leaves=15
num_cat=0
split_feature=65 65 65 36 48 31 36 6 11 16 0 21 5 26
split_gain=4.37065e+07 4.60629e+06 1.6892e+06 169617 142255 118252 97886.6 94347.6 86762 63821.7 59763.8 44387.4 36341.2 34294.3
threshold=151.38016600000003 42.523274000000008 230.25012450000006 22.653776041666671 15.875000000000002 19.912500000000005 22.962760416666672 184.43222750000004 263.06109050000003 275.73192000000006 215.76448550000003 23.83210466934289 267.1966680000001 20.987500000000004
decision_type=2 2 2 2 2 2 2 2 2 2 2 2 2 2
left_child=1 -1 4 10 6 -4 11 9 -5 13 -3 -2 -8 -7
right_child=2 3 5 8 -6 7 12 -9 -10 -11 -12 -13 -14 -15
leaf_value=-2.9731286723993411 2.3285422793684161 -0.76035410662590985 4.4561651800670772 0.26050265502575776 0.87614532430705272 4.9459154102780403 3.4393106351984608 3.657744591324418 1.7130940694075365 6.3946309485525461 0.47178982834403338 3.2114657024308748 4.6931982592532506 5.5438449807899746
leaf_weight=5456 373 627 410 852 75 435 504 80 116 211 116 254 75 1216
leaf_count=5456 373 627 410 852 75 435 504 80 116 211 116 254 75 1216
internal_value=0.00116624 -2.2634 4.46798 0.000197314 3.00306 5.26422 3.13449 5.43243 0.436162 5.50668 -0.567612 2.69076 3.60954 5.38939
internal_weight=10800 7167 3633 1711 1281 2352 1206 1942 968 1862 743 627 579 1651
internal_count=10800 7167 3633 1711 1281 2352 1206 1942 968 1862 743 627 579 1651
is_linear=0
shrinkage=0.05


Tree=8
num_leaves=15
num_cat=0
split_feature=65 65 65 0 48 36 36 26 0 36 6 61 0 6
split_gain=3.9454e+07 4.2335e+06 1.46563e+06 169069 116261 109401 107923 103954 72279.3 48664 49741.7 48105.1 45398.2 39086.7
threshold=155.56249700000004 42.523274000000008 230.25012450000006 225.17405600000004 14.875000000000002 21.705989583333338 22.678906250000008 20.987500000000004 266.95445250000006 17.496875000000006 169.40419900000003 -0.68322629814330815 271.39792050000005 175.40196300000002
decision_type=2 2 2 2 2 2 2 2 2 2 2 2 2 2
left_child=1 -1 4 5 7 -3 9 -2 -6 -4 -11 -7 -5 -8
right_child=2 3 6 12 8 11 13 -9 -10 10 -12 -13 -14 -15
leaf_value=-2.8244994502026497 2.4150755448629395 -0.87938856337112581 3.3243082939823974 0.60458184966083728 1.470649009676122 0.64335271463594368 5.3888156287880387 3.5817005221289819 2.8864715983295999 4.8066419852048101 3.1567648435893814 -0.15900712133622721 1.8304295423988983 3.6050733798887671
leaf_weight=5456 297 452 78 263 200 261 1201 593 170 977 56 650 106 40
leaf_count=5456 297 452 78 263 200 261 1201 593 170 977 56 650 106 40
internal_value=0.00128504 -2.14093 4.26378 0.0127798 2.88375 -0.244368 5.00154 3.19554 2.12719 4.62541 4.72034 0.071321 0.960718 5.33427
internal_weight=10800 7188 3612 1732 1260 1363 2352 890 370 1111 1033 911 369 1241
internal_count=10800 7188 3612 1732 1260 1363 2352 890 370 1111 1033 911 369 1241
is_linear=0
shrinkage=0.05


Tree=9
num_leaves=15
num_cat=0
split_feature=65 65 65 11 36 31 48 12 6 20 0 26 28 26
split_gain=3.56141e+07 3.88988e+06 1.26991e+06 160202 101127 99703.2 92629.4 93656.5 76193.5 58988.7 57856 41780.8 31518.6 22897.6
threshold=159.867626 42.523274000000008 230.25012450000006 255.57108200000002 23.792968750000004 19.912500000000005 14.875000000000002 248.17799000000002 184.43222750000004 269.61846750000007 266.95445250000006 19.012500000000003 17.225000000000005 20.487500000000004
decision_type=2 2 2 2 2 2 2 2 2 2 2 2 2 2
left_child=1 -1 6 4 11 -4 7 12 9 13 -8 -3 -2 -7
right_child=2 3 5 -5 -6 8 10 -9 -10 -11 -12 -13 -14 -15
leaf_value=-2.6833002779364521 1.202347558043724 -0.99047897502959492 4.0110159240499899 1.33755634883555 0.44535962485009328 4.3801807976325122 1.4598092381522139 3.6004037484777984 3.3104329615463444 5.5329320703719409 2.7558657057984863 -0.24970566493182167 2.6794341121163483 4.9343873719536759
leaf_weight=5456 42 248 410 204 488 342 188 414 80 420 166 813 429 1100
leaf_count=5456 42 248 410 204 488 342 188 414 80 420 166 813 429 1100
internal_value=0.00135903 -2.02506 4.06886 0.0239967 -0.149748 4.75189 2.76948 3.04518 4.90616 4.97291 2.07362 -0.423625 2.55055 4.80607
internal_weight=10800 7209 3591 1753 1549 2352 1239 885 1942 1862 354 1061 471 1442
internal_count=10800 7209 3591 1753 1549 2352 1239 885 1942 1862 354 1061 471 1442
is_linear=0
shrinkage=0.05


Tree=10
num_leaves=15
num_cat=0
split_feature=65 65 65 26 48 48 34 36 11 5 36 16 36 0
split_gain=3.21508e+07 3.38415e+06 1.24058e+06 131679 108030 107346 114675 81743.8 79496.1 41594.5 41480.3 38566.7 37396.1 25941.6
threshold=151.38016600000003 42.523274000000008 226.40983100000003 20.912500000000005 15.875000000000002 13.875000000000002 20.792708333333337 20.874609375000002 257.98018300000007 267.1966680000001 23.976302083333341 285.75061850000003 18.666666666666668 216.84904350000002
decision_type=2 2 2 2 2 2 2 2 2 2 2 2 2 2
left_child=1 -1 4 -3 7 6 12 13 10 -9 -5 -8 -4 -2
right_child=2 3 5 8 -6 -7 11 9 -10 -11 -12 -13 -14 -15
leaf_value=-2.5491598628741254 1.1399832414819839 -0.72954250120445274 2.9043622594130669 -0.15461283110448287 0.69443222434799146 2.9430528205737736 4.7672111380679567 2.7608038429782984 1.2485599414699458 3.9723258654276528 0.47459860766983469 6.1441757953528207 4.1719582901672183 2.243548391176307
leaf_weight=5456 93 454 75 640 75 113 1460 851 175 83 442 65 681 137
leaf_count=5456 93 454 75 640 75 113 1460 851 175 83 442 65 681 137
internal_value=0.00143793 -1.94082 3.83251 -0.000616197 2.5447 4.49767 4.57336 2.66322 0.263026 2.8726 0.102623 4.82989 4.05021 1.80419
internal_weight=10800 7167 3633 1711 1239 2394 2281 1164 1257 934 1082 1525 756 230
internal_count=10800 7167 3633 1711 1239 2394 2281 1164 1257 934 1082 1525 756 230
is_linear=0
shrinkage=0.05


Tree=11
num_leaves=15
num_cat=0
split_feature=65 65 65 26 36 48 26 26 6 26 20 48 65 4
split_gain=2.90223e+07 3.16696e+06 1.03409e+06 134356 86045.2 80443.3 80764.6 70320.3 69490.3 50872.2 49220.2 44380.2 39106.5 29364.1
threshold=159.867626 42.523274000000008 230.25012450000006 27.512500000000003 20.53151041666667 14.875000000000002 21.262500000000003 20.912500000000005 178.27297600000003 27.012500000000003 269.61846750000007 16.875000000000004 87.394937500000012 218.75597800000003
decision_type=2 2 2 2 2 2 2 2 2 2 2 2 2 2
left_child=1 -1 5 7 -4 6 -2 -3 10 -7 -6 12 -9 -8
right_child=2 3 4 -5 8 9 13 11 -10 -11 -12 -13 -14 -15
leaf_value=-2.4217252194804981 2.1608594927560079 -0.67614710667851952 3.5106092309377281 1.0561327867546029 4.33075844590737 1.3544131799731578 3.020367885299228 -0.45659343372445466 2.9641422661868013 2.5913654810945754 4.9826840611646803 -0.31798704814182999 0.55090584617970806 4.3889855482140367
leaf_weight=5456 355 461 331 265 1501 213 482 120 87 141 433 433 474 48
leaf_count=5456 355 461 331 265 1501 213 482 120 87 141 433 433 474 48
internal_value=0.00150505 -1.82779 3.67334 0.0210818 4.28969 2.50079 2.75752 -0.163837 4.41549 1.85301 4.47922 0.0665623 0.346945 3.15235
internal_weight=10800 7209 3591 1753 2352 1239 885 1488 2021 354 1934 1027 594 530
internal_count=10800 7209 3591 1753 2352 1239 885 1488 2021 354 1934 1027 594 530
is_linear=0
shrinkage=0.05


Tree=12
num_leaves=15
num_cat=0
split_feature=65 65 65 11 36 35 48 17 31 16 64 36 26 11
split_gain=2.61997e+07 2.96e+06 855879 147065 84666.6 80392.4 82668.5 71949.7 43760.4 41698.3 31423.1 29206.1 26158.3 26025.3
threshold=163.96396250000001 42.523274000000008 230.25012450000006 255.57108200000002 21.705989583333338 19.413020833333338 13.875000000000002 26.815129168949735 21.612500000000004 277.29195150000004 202.07243900000003 23.331510416666671 26.937500000000004 205.48938900000005
decision_type=2 2 2 2 2 2 2 2 2 2 2 2 2 2
left_child=1 -1 7 4 13 -4 9 8 -2 -7 12 -9 -6 -3
right_child=2 3 5 -5 10 6 -8 11 -10 -11 -12 -13 -14 -15
leaf_value=-2.3006610973121178 1.5867119187703325 -0.81965038848984162 3.3686708111750079 1.2235455681110314 -0.18456550607444366 4.190688402334195 2.7114872967203461 2.533709171501517 2.4360983124477817 5.0335201283295952 0.55457208065000485 3.308796156468413 0.58756557589858993 0.14158881607520232
leaf_weight=5456 286 426 368 228 625 1698 95 341 348 191 300 222 132 84
leaf_count=5456 286 426 368 228 625 1698 95 341 348 191 300 222 132 84
internal_value=0.001555 -1.72131 3.52105 0.0399614 -0.132922 4.07555 4.2049 2.42903 2.05604 4.27853 0.122433 2.84466 -0.0493295 -0.661361
internal_weight=10800 7251 3549 1795 1567 2352 1984 1197 634 1889 1057 563 757 510
internal_count=10800 7251 3549 1795 1567 2352 1984 1197 634 1889 1057 563 757 510
is_linear=0
shrinkage=0.05


Tree=13
num_leaves=15
num_cat=0
split_feature=65 65 65 36 48 48 35 36 53 35 0 53 11 16
split_gain=2.36539e+07 2.48493e+06 911980 100283 85063.8 80171.1 92070.2 67212.8 58883.1 34810.4 33677.9 31969.4 30539.9 28957.2
threshold=151.38016600000003 42.523274000000008 226.40983100000003 22.340885416666669 15.875000000000002 13.875000000000002 21.171354166666671 20.874609375000002 -0.29012925520284105 17.283333333333335 272.38507200000004 -0.83146961230254512 206.48847750000002 285.75061850000003
decision_type=2 2 2 2 2 2 2 2 2 2 2 2 2 2
left_child=1 -1 4 12 7 6 9 -2 11 -4 -9 -5 -3 -8
right_child=2 3 5 8 -6 -7 13 10 -10 -11 -12 -13 -14 -15
leaf_value=-2.1856492182176064 1.5111259673064923 -0.62999974813372384 2.4789602541923523 0.098236483964351348 0.54293423859237111 2.5151593404903747 4.1482765765379597 2.3198849662660277 0.030137912323350377 3.6419428523193753 3.0952821767076535 1.1249932145190542 0.23876482695941964 5.3483994570645423
leaf_weight=5456 230 557 79 108 75 113 1207 747 668 930 187 255 123 65
leaf_count=5456 230 557 79 108 75 113 1207 747 668 930 187 255 123 65
internal_value=0.00159002 -1.66436 3.28765 -0.00179014 2.18348 3.85796 3.92335 2.28863 0.308981 3.55343 2.47827 0.820621 -0.472736 4.21376
internal_weight=10800 7167 3633 1711 1239 2394 2281 1164 1031 1009 934 363 680 1272
internal_count=10800 7167 3633 1711 1239 2394 2281 1164 1031 1009 934 363 680 1272
is_linear=0
shrinkage=0.05


Tree=14
num_leaves=15
num_cat=0
split_feature=65 65 65 11 36 30 17 48 16 31 53 0 11 46
split_gain=2.13571e+07 2.4082e+06 695234 119113 71978.8 70739.8 63430 62865.2 38178.4 37539.2 26159.7 25482.9 23413.4 22777.3
threshold=163.96396250000001 63.145266500000005 230.25012450000006 267.24334600000003 21.624739583333341 19.012500000000003 26.815129168949735 13.875000000000002 278.40259850000001 21.612500000000004 -0.29012925520284105 261.26135000000005 205.48938900000005 48.302083333333336
decision_type=2 2 2 2 2 2 2 2 2 2 2 2 2 2
left_child=1 -1 6 4 12 -4 9 8 -7 -2 -6 -8 -3 -12
right_child=2 3 5 -5 10 7 11 -9 -10 -11 13 -13 -14 -15
leaf_value=-2.0722035183635024 1.411186397167812 -0.73543526088500899 3.1511583055768693 1.4058114814597209 0.5116764771361505 3.8208568132239367 2.2759254909775879 2.4972934629606165 4.7305878364876532 2.1969913825606207 0.82232191250533671 2.9895323511970489 0.14965186215856152 -0.09923024649962689
leaf_weight=5478 286 409 531 147 340 1585 323 91 145 348 73 240 91 713
leaf_count=5478 286 409 531 147 340 1585 323 91 145 348 73 240 91 713
internal_value=0.00162293 -1.55389 3.17925 0.0477918 -0.0757697 3.67901 2.19502 3.83112 3.89979 1.84529 0.145948 2.58489 -0.574372 -0.0127047
internal_weight=10800 7251 3549 1773 1626 2352 1197 1821 1730 634 1126 563 500 786
internal_count=10800 7251 3549 1773 1626 2352 1197 1821 1730 634 1126 563 500 786
is_linear=0
shrinkage=0.05


Tree=15
num_leaves=15
num_cat=0
split_feature=65 65 65 26 31 36 36 21 17 53 16 11 11 3
split_gain=1.92775e+07 2.17479e+06 627750 111976 68113.7 55820.7 52976.8 50121.8 42660.8 32002.2 26614.7 25910.7 25601.1 22129
threshold=163.96396250000001 42.523274000000008 226.40983100000003 27.512500000000003 19.912500000000005 23.718229166666671 21.705989583333338 29.177304534289629 27.723630577001028 -0.29012925520284105 277.29195150000004 205.48938900000005 267.24334600000003 249.60064250000002
decision_type=2 2 2 2 2 2 2 2 2 2 2 2 2 2
left_child=1 -1 5 6 -4 8 11 13 -2 -8 -9 -3 -5 -6
right_child=2 3 4 12 7 -7 9 10 -10 -11 -12 -13 -14 -15
leaf_value=-1.9727955090294005 1.4867784855336019 -0.71078449703417113 2.8881676707469244 0.54876931054315647 3.3405628724862604 2.5704295367963854 0.49568809642678213 3.6850685446997518 2.2416806142645722 -0.11438669908442363 4.3914336427729186 0.18175849542759434 1.5262163433950882 2.40272528768956
leaf_weight=5456 445 426 425 165 523 371 314 1173 339 676 187 100 114 86
leaf_count=5456 445 426 425 165 523 371 314 1173 339 676 187 100 114 86
internal_value=0.00164855 -1.4762 3.02062 0.0334995 3.48297 2.0601 -0.136088 3.60982 1.81564 0.0794167 3.78535 -0.541077 0.952181 3.21228
internal_weight=10800 7251 3549 1795 2394 1155 1516 1969 784 990 1360 526 279 609
internal_count=10800 7251 3549 1795 2394 1155 1516 1969 784 990 1360 526 279 609
is_linear=0
shrinkage=0.05


Tree=16
num_leaves=15
num_cat=0
split_feature=65 65 65 27 26 48 48 26 26 0 48 65 16 36
split_gain=1.74006e+07 1.9629e+06 566816 101388 61940.4 59356.3 56093.6 55076.2 47051.8 34293.1 32867.5 29328.3 29203.8 24672.9
threshold=163.96396250000001 42.523274000000008 230.25012450000006 27.512500000000003 20.487500000000004 13.875000000000002 14.875000000000002 22.237500000000004 20.512500000000003 254.15196650000004 16.875000000000004 90.634957500000013 285.75061850000003 18.666666666666668
decision_type=2 2 2 2 2 2 2 2 2 2 2 2 2 2
left_child=1 -1 6 8 13 12 7 -2 -3 -8 11 -10 -6 -4
right_child=2 3 4 -5 5 -7 9 -9 10 -11 -12 -13 -14 -15
leaf_value=-1.8741739047628763 1.7974489535971554 -0.56740727957069603 1.8822616345541818 0.8741897316487045 3.4804122551338814 2.1987588673830034 0.66901015584115631 2.6044655143090019 -0.34823912631669274 1.7719061284021298 -0.29462651288672792 0.45991415165013588 4.6402218529672332 2.9558333646192096
leaf_weight=5456 451 443 69 297 1685 95 107 423 145 216 423 487 65 438
leaf_count=5456 451 443 69 297 1685 95 107 423 145 216 423 487 65 438
internal_value=0.00167235 -1.40239 2.86991 0.0318782 3.32116 3.459 1.98122 2.19056 -0.135594 1.40974 0.0460924 0.274242 3.52612 2.81372
internal_weight=10800 7251 3549 1795 2352 1845 1197 874 1498 323 1055 632 1750 507
internal_count=10800 7251 3549 1795 2352 1845 1197 874 1498 323 1055 632 1750 507
is_linear=0
shrinkage=0.05


Tree=17
num_leaves=15
num_cat=0
split_feature=65 65 65 25 48 36 36 53 36 0 5 6 6 61
split_gain=1.57105e+07 1.6475e+06 605362 75468.3 62976.3 59773.9 53343.7 37628.4 32678 31440.5 28852.1 26193.9 24901.2 24559.5
threshold=151.38016600000003 42.523274000000008 226.40983100000003 104.33527907377577 15.875000000000002 23.002473958333336 20.417187500000001 -0.29012925520284105 18.666666666666668 219.21948700000004 267.1966680000001 195.79710850000004 169.40419900000003 -0.9733555533461492
decision_type=2 2 2 2 2 2 2 2 2 2 2 2 2 2
left_child=1 -1 4 9 6 8 -2 -5 -4 13 -8 -7 -10 -3
right_child=2 3 5 7 -6 11 10 -9 12 -11 -12 -13 -14 -15
leaf_value=-1.7804822768312203 1.0368620396674384 0.57860388923436401 1.9298952874172941 0.96708149918781183 0.37021620390250498 3.4714836935871993 1.9242698801677325 0.15692882673647465 3.0274583192821432 0.44952985842746718 2.9192953336806529 2.1486567380635635 1.9278220492024578 -0.43777058345471442
leaf_weight=5456 168 63 88 211 75 1067 913 444 1133 134 83 45 61 859
leaf_count=5456 168 63 88 211 75 1067 913 444 1133 134 83 45 61 859
internal_value=0.00168254 -1.35603 2.67974 -0.00228441 1.78014 3.14439 1.87059 0.418986 2.9029 -0.263733 2.01003 3.41993 2.97294 -0.36777
internal_weight=10800 7167 3633 1711 1239 2394 1164 655 1282 1056 996 1112 1194 922
internal_count=10800 7167 3633 1711 1239 2394 1164 655 1282 1056 996 1112 1194 922
is_linear=0
shrinkage=0.05


Tree=18
num_leaves=15
num_cat=0
split_feature=65 65 65 11 31 36 36 21 48 26 16 61 11 48
split_gain=1.41828e+07 1.5983e+06 461085 84437.3 54745.9 51941.7 46289.8 39859.9 31398.1 27896.4 23461.6 19614.9 16463 15695.5
threshold=163.96396250000001 63.145266500000005 226.40983100000003 267.24334600000003 19.762500000000003 21.624739583333341 23.356770833333339 29.177304534289629 14.875000000000002 18.962500000000002 277.29195150000004 -0.9733555533461492 205.48938900000005 14.125000000000002
decision_type=2 2 2 2 2 2 2 2 2 2 2 2 2 2
left_child=1 -1 6 5 -4 12 8 13 9 -2 -9 -7 -3 -6
right_child=2 3 4 -5 7 11 -8 10 -10 -11 -12 -13 -14 -15
leaf_value=-1.6881776350788837 0.84554056920111176 -0.62371763949620007 2.4480355409045633 1.1823140474590097 2.8397916961502245 0.88823775618504264 2.1681756349669565 3.1627770144085479 0.97770820499635214 1.8847187311509079 3.8161755424864752 0.066292721032519791 0.11852156415078081 1.9603145653710645
leaf_weight=5478 79 409 415 147 545 77 449 1180 203 424 187 1049 91 67
leaf_count=5478 79 409 415 147 545 77 449 1180 203 424 187 1049 91 67
internal_value=0.00168486 -1.26592 2.59118 0.0389245 2.98743 -0.0651078 1.76798 3.09925 1.51075 1.72351 3.25488 0.123239 -0.488663 2.74686
internal_weight=10800 7251 3549 1773 2394 1626 1155 1979 706 503 1367 1126 500 612
internal_count=10800 7251 3549 1773 2394 1626 1155 1979 706 503 1367 1126 500 612
is_linear=0
shrinkage=0.05


Tree=19
num_leaves=15
num_cat=0
split_feature=65 65 65 36 36 36 65 0 36 0 36 61 6 17
split_gain=1.28028e+07 1.34232e+06 492499 64750.3 53917.5 50974.7 31906.6 28344.4 28262.1 26811.1 25079.6 22444.4 21856.3 21803
threshold=151.38016600000003 42.523274000000008 226.40983100000003 23.231250000000006 22.654296875000004 23.002473958333336 163.96396250000001 221.14226900000003 18.666666666666668 271.39792050000005 18.666666666666668 -0.9733555533461492 195.79710850000004 25.937557871791437
decision_type=2 2 2 2 2 2 2 2 2 2 2 2 2 2
left_child=1 -1 4 7 6 8 -2 11 -4 -5 -8 -3 -7 -12
right_child=2 3 5 9 -6 12 10 -9 -10 -11 13 -13 -14 -15
leaf_value=-1.6070811350834509 -0.07137982055198315 0.54789671084237479 1.7134582332011019 0.25936975797914535 1.9212344459108726 3.1395277657312404 0.20773841182390851 0.35201276430803718 2.6806908253770496 1.2102135360240938 1.1466436838977696 -0.4328761751839128 1.9330191399740138 1.8215400201264427
leaf_weight=5456 42 62 88 589 654 1067 44 164 1194 84 271 812 45 228
leaf_count=5456 42 62 88 589 654 1067 44 164 1194 84 271 812 45 228
internal_value=0.00169344 -1.22395 2.41925 -0.00200492 1.60783 2.83835 1.25478 -0.249595 2.61568 0.379668 1.35729 -0.362755 3.09248 1.45804
internal_weight=10800 7167 3633 1711 1239 2394 585 1038 1282 673 543 874 1112 499
internal_count=10800 7167 3633 1711 1239 2394 585 1038 1282 673 543 874 1112 499
is_linear=0
shrinkage=0.05


Tree=20
num_leaves=15
num_cat=0
split_feature=65 65 65 26 26 48 26 48 26 26 48 16 4 34
split_gain=1.15587e+07 1.30139e+06 375530 73389.5 49106.6 44253 43514.8 43501.3 36502.1 27279.8 26396 25026.9 19245.5 18809.9
threshold=163.96396250000001 63.145266500000005 230.25012450000006 27.512500000000003 20.487500000000004 14.875000000000002 22.237500000000004 13.875000000000002 20.512500000000003 27.012500000000003 16.875000000000004 285.75061850000003 218.75597800000003 17.462500000000002
decision_type=2 2 2 2 2 2 2 2 2 2 2 2 2 2
left_child=1 -1 5 8 -4 6 13 11 -3 -7 -10 -6 -8 -2
right_child=2 3 4 -5 7 9 12 -9 10 -11 -12 -13 -14 -15
leaf_value=-1.5236931222195031 0.43311529364003692 -0.48697580139237373 2.257392810554955 0.77763780038271635 2.8447315753621805 0.73604574297940495 2.0379664178868504 1.753554343835761 0.26646811392085701 1.6833104923074171 -0.24026226226215056 3.9012249802098133 3.1516114840904876 1.5566995031077688
leaf_weight=5478 42 439 507 279 1685 197 376 95 615 126 440 65 47 409
leaf_count=5478 42 439 507 279 1685 197 376 95 615 126 440 65 47 409
internal_value=0.00167737 -1.14267 2.33937 0.0347564 2.70667 1.61601 1.80167 2.82884 -0.104402 1.10962 0.0551029 2.88618 2.16885 1.45325
internal_weight=10800 7251 3549 1773 2352 1197 874 1845 1494 323 1055 1750 423 451
internal_count=10800 7251 3549 1773 2352 1197 874 1845 1494 323 1055 1750 423 451
is_linear=0
shrinkage=0.05


Tree=21
num_leaves=15
num_cat=0
split_feature=65 65 65 24 48 31 0 21 53 17 16 48 11 16
split_gain=1.04341e+07 1.09338e+06 400381 56377.8 46811.1 46070.6 41415.7 32948.4 31407.5 24288.7 23646.7 21245.1 18806.6 17442.2
threshold=151.38016600000003 42.523274000000008 226.40983100000003 274.28284400000007 15.875000000000002 18.762500000000003 246.65827700000003 29.177304534289629 -0.29012925520284105 2.2746480028614838e-05 275.73192000000006 14.875000000000002 223.85781700000004 216.89517050000003
decision_type=2 2 2 2 2 2 2 2 2 2 2 2 2 2
left_child=1 -1 4 12 6 -4 9 -7 -5 -2 -9 -8 -3 -11
right_child=2 3 5 8 -6 7 11 10 -10 13 -12 -13 -14 -15
leaf_value=-1.4505711437167321 1.4697883816926103 -0.33038256230857876 1.7907202909863185 0.76062245666841743 0.23829700695840936 2.3171528127961607 2.0196532314738902 2.6700020069400896 0.081100203619962785 0.047742469969812046 3.2610942092177049 1.4178939797310717 0.34810437109514047 1.0583925096513507
leaf_weight=5456 303 863 188 267 75 657 408 1327 466 61 222 250 115 142
leaf_count=5456 303 863 188 267 75 657 408 1327 466 61 222 250 115 142
internal_value=0.00168214 -1.10479 2.18417 -0.00195667 1.45255 2.56205 1.53052 2.62695 0.32932 1.18565 2.75677 1.79352 -0.250327 0.756422
internal_weight=10800 7167 3633 1711 1239 2394 1164 2206 733 506 1549 658 978 203
internal_count=10800 7167 3633 1711 1239 2394 1164 2206 733 506 1549 658 978 203
is_linear=0
shrinkage=0.05


Tree=22
num_leaves=15
num_cat=0
split_feature=65 65 65 25 48 30 48 0 16 26 36 65 53 16
split_gain=9.41939e+06 949973 389516 54412.1 53963.1 43684.4 41085.9 40045.8 25068.1 20861.3 19804.7 20841.7 19376.4 16342.4
threshold=147.07995400000001 42.523274000000008 226.40983100000003 105.05818924571476 15.875000000000002 19.012500000000003 13.875000000000002 253.76627800000003 278.40259850000001 18.962500000000002 18.666666666666668 163.96396250000001 -0.29012925520284105 242.56639350000003
decision_type=2 2 2 2 2 2 2 2 2 2 2 2 2 2
left_child=1 -1 4 9 7 13 8 10 -7 -3 -2 -12 -5 -4
right_child=2 3 5 12 -6 6 -8 -9 -10 -11 11 -13 -14 -15
leaf_value=-1.3780558816281698 0.1489432561894258 -0.76012756180900498 1.8268963716863618 0.81350859361444849 0.22189269248734822 2.5486561055585004 1.5654028786240886 1.7666484579360686 3.2648881242081931 -0.1297306759047949 0.17251453395759644 1.3316398773395401 0.18293420045607806 2.4377130937309905
leaf_weight=5456 44 151 368 181 98 1596 105 536 147 966 42 561 371 178
leaf_count=5456 44 151 368 181 98 1596 105 536 147 966 42 561 371 178
internal_value=0.00167071 -1.05879 2.05739 -0.0148975 1.35192 2.43416 2.55237 1.44526 2.6109 -0.215554 1.1767 1.25132 0.390796 2.03012
internal_weight=10800 7125 3675 1669 1281 2394 1848 1183 1743 1117 647 603 552 546
internal_count=10800 7125 3675 1669 1281 2394 1848 1183 1743 1117 647 603 552 546
is_linear=0
shrinkage=0.05


Tree=23
num_leaves=15
num_cat=0
split_feature=65 65 65 24 48 30 36 48 53 16 24 0 16 26
split_gain=8.50224e+06 857629 351608 49326.4 48704.3 39392.8 37418 37034.2 26030.2 23109.4 20071.4 16080.4 14772.6 14247.3
threshold=147.07995400000001 63.145266500000005 226.40983100000003 274.28284400000007 15.875000000000002 19.012500000000003 22.925260416666671 13.875000000000002 -0.29012925520284105 282.20391600000005 248.07883750000005 272.38507200000004 242.56639350000003 18.962500000000002
decision_type=2 2 2 2 2 2 2 2 2 2 2 2 2 2
left_child=1 -1 4 13 6 12 10 9 -5 -7 -2 -8 -4 -3
right_child=2 3 5 8 -6 7 11 -9 -10 -11 -12 -13 -14 -15
leaf_value=-1.3065995476067034 0.55595513134922869 -0.72194572989863381 1.7357990887753041 0.70088287010194006 0.21091012584628782 2.4314105718656784 1.4915342233479745 1.4878711253966925 0.07706469833818537 3.2472553641188378 1.2509274023170232 2.1005765662800453 2.3165083429666873 -0.16576248387308709
leaf_weight=5478 136 134 368 262 98 1642 412 105 460 101 475 160 178 791
leaf_count=5478 136 134 368 262 98 1642 412 105 460 101 475 160 178 791
internal_value=0.00165209 -1.00586 1.95473 -0.00539292 1.28446 2.3127 1.37315 2.42496 0.304093 2.48052 1.0974 1.66526 1.929 -0.247027
internal_weight=10800 7125 3675 1647 1281 2394 1183 1848 722 1743 611 572 546 925
internal_count=10800 7125 3675 1647 1281 2394 1183 1848 722 1743 611 572 546 925
is_linear=0
shrinkage=0.05


Tree=24
num_leaves=15
num_cat=0
split_feature=65 65 65 44 26 48 37 36 48 39 16 53 28 48
split_gain=7.67707e+06 863281 249101 57752.1 37493.2 36870.7 33167.8 32208 31569.7 22078.5 18644.3 17576.9 17539.4 16010.8
threshold=163.96396250000001 42.523274000000008 230.25012450000006 53.781250000000007 20.487500000000004 14.875000000000002 65.125000000000014 20.963802083333338 13.875000000000002 54.125000000000007 285.75061850000003 -0.29012925520284105 17.225000000000005 4.1250000000000009
decision_type=2 2 2 2 2 2 2 2 2 2 2 2 2 2
left_child=1 -1 5 -3 -4 6 -2 -5 10 -7 -6 -9 -8 -13
right_child=2 3 4 7 8 9 12 11 -10 -11 -12 13 -14 -15
leaf_value=-1.2438476727474996 2.0438036489085509 0.89708362563787147 1.8148733926570324 -0.45850989378500034 2.3256356080514542 1.4630120576006695 0.31347904635030172 0.32239436216299761 1.3988805083092304 0.5714316892450223 3.2320532553123709 0.67439834849192559 1.3776414426370933 -0.14373455137904678
leaf_weight=5456 207 169 507 403 1685 102 42 411 95 221 65 64 625 748
leaf_count=5456 207 169 507 403 1685 102 42 411 95 221 65 64 625 748
internal_value=0.00164081 -0.930972 1.9068 0.0201957 2.20594 1.31765 1.48685 -0.07144 2.31237 0.85663 2.36113 0.0563768 1.3112 -0.078501
internal_weight=10800 7251 3549 1795 2352 1197 874 1626 1845 323 1750 1223 667 812
internal_count=10800 7251 3549 1795 2352 1197 874 1626 1845 323 1750 1223 667 812
is_linear=0
shrinkage=0.05


Tree=25
num_leaves=15
num_cat=0
split_feature=65 65 65 25 36 36 53 48 0 36 6 46 6 26
split_gain=6.92992e+06 698447 286362 42735.8 40920.8 34780.6 33633.2 25988 21333.9 20658.7 16350.8 13688.7 13325.2 16162.8
threshold=147.07995400000001 63.145266500000005 224.21740500000001 101.27214067106148 23.762239583333336 23.002473958333336 -0.29012925520284105 15.875000000000002 246.65827700000003 18.666666666666668 169.40419900000003 48.302083333333336 195.79710850000004 27.012500000000003
decision_type=2 2 2 2 2 2 2 2 2 2 2 2 2 2
left_child=1 -1 4 -3 7 9 -5 8 -2 -4 -11 -8 13 -7
right_child=2 3 5 6 -6 12 11 -9 -10 10 -12 -13 -14 -15
leaf_value=-1.1793667103082819 0.77997234097244794 -0.30147965434033958 1.1446263468265534 0.65999629574075147 1.5775213605119982 2.2013437937296634 0.65574399290253993 0.098705586496694586 1.3049438962684805 2.0023948676556822 1.1677163577802918 -0.066030513933963239 1.4126590619484585 2.6663646821318001
leaf_weight=5478 391 699 89 291 392 786 73 80 397 1137 67 584 47 289
leaf_count=5478 391 699 89 291 392 786 73 80 397 1137 67 584 47 289
internal_value=0.00162628 -0.907967 1.76489 -0.005109 1.15232 2.08388 0.213505 0.958702 1.04578 1.90197 1.95695 0.0150413 2.29164 2.32872
internal_weight=10800 7125 3675 1647 1260 2415 948 868 788 1293 1204 657 1122 1075
internal_count=10800 7125 3675 1647 1260 2415 948 868 788 1293 1204 657 1122 1075
is_linear=0
shrinkage=0.05


Tree=26
num_leaves=15
num_cat=0
split_feature=65 65 65 26 64 26 36 31 48 0 6 16 36 26
split_gain=6.25935e+06 702354 204245 48669.2 48573.3 33505.6 24771 23426.1 22734.2 17059 20056.7 15501.8 14002.3 13692.9
threshold=163.96396250000001 42.523274000000008 236.38958700000003 27.512500000000003 229.73338450000003 20.487500000000004 20.53151041666667 18.425000000000001 13.875000000000002 273.04091050000005 198.57314000000002 287.24088100000006 19.691927083333336 21.162500000000005
decision_type=2 2 2 2 2 2 2 2 2 2 2 2 2 2
left_child=1 -1 4 6 7 12 -3 -2 11 10 13 -7 -4 -9
right_child=2 3 5 -5 -6 8 -8 9 -10 -11 -12 -13 -14 -15
leaf_value=-1.1227091776138483 0.45633123229656908 -0.48435305379261484 1.0646620628681589 0.62310823233265966 2.0004824957151093 2.1243816380424549 0.010309722021365276 0.97277732052301114 1.1860306828775826 1.6654285484496851 0.64731025069650983 3.0438664562297317 1.7699545486156758 1.4378298070549307
leaf_weight=5456 125 320 93 279 177 1625 1196 303 67 160 197 52 389 361
leaf_count=5456 125 320 93 279 177 1625 1196 303 67 160 197 52 389 361
internal_value=0.00161036 -0.840498 1.72188 0.0174464 1.22818 2.01463 -0.094355 1.10725 2.11818 1.18642 1.09558 2.15469 1.63636 1.2274
internal_weight=10800 7251 3549 1795 1323 2226 1516 1146 1744 1021 861 1677 482 664
internal_count=10800 7251 3549 1795 1323 2226 1516 1146 1744 1021 861 1677 482 664
is_linear=0
shrinkage=0.05


Tree=27
num_leaves=15
num_cat=0
split_feature=65 65 65 36 36 31 48 37 21 39 0 0 61 16
split_gain=5.65038e+06 568086 232036 37698.3 34329.1 29994.2 24073.3 21488.5 21145.7 20773.4 16130.9 15092.8 15504.5 13814.1
threshold=147.07995400000001 63.145266500000005 224.21740500000001 23.231250000000006 20.417187500000001 19.762500000000003 14.875000000000002 62.875000000000007 29.177304534289629 50.625000000000007 273.48420700000003 215.76448550000003 -0.9733555533461492 287.24088100000006
decision_type=2 2 2 2 2 2 2 2 2 2 2 2 2 2
left_child=1 -1 4 11 -2 -4 7 -6 -7 -8 -5 12 -3 -10
right_child=2 3 5 10 6 8 9 -9 13 -11 -12 -13 -14 -15
leaf_value=-1.0645023455985774 0.41430873742445984 0.50506734680711174 1.488251455516612 0.19805425322682835 1.8577295326146506 1.7109401570597003 1.3657158391816278 1.1738108141874446 2.0401053617728082 0.53371114300848066 0.97756202208995813 0.22066619916473118 -0.35094446991680872 2.9131122607105184
leaf_weight=5478 187 56 421 586 148 619 111 579 1323 235 74 174 757 52
leaf_count=5478 187 56 421 586 148 619 111 579 1323 235 74 174 757 52
internal_value=0.00160111 -0.819737 1.59378 -0.0054827 1.04236 1.88093 1.15133 1.3154 1.96305 0.803793 0.2868 -0.201023 -0.291434 2.07521
internal_weight=10800 7125 3675 1647 1260 2415 1073 727 1994 346 660 987 813 1375
internal_count=10800 7125 3675 1647 1260 2415 1073 727 1994 346 660 987 813 1375
is_linear=0
shrinkage=0.05


Tree=28
num_leaves=15
num_cat=0
split_feature=65 65 65 25 64 53 26 31 48 26 4 26 16 36
split_gain=5.1052e+06 570907 166885 42316.8 40697.1 33459.9 28659.9 21244.4 20066.5 14124.9 17140.5 12976.7 12740.5 12197.7
threshold=163.96396250000001 42.523274000000008 236.38958700000003 101.27214067106148 226.19365050000002 -0.29012925520284105 20.487500000000004 18.112500000000004 13.875000000000002 29.887500000000003 232.23885200000004 21.162500000000005 285.75061850000003 19.691927083333336
decision_type=2 2 2 2 2 2 2 2 2 2 2 2 2 2
left_child=1 -1 4 -3 7 -5 13 -2 12 10 11 -9 -8 -4
right_child=2 3 6 5 -6 -7 8 9 -10 -11 -12 -13 -14 -15
leaf_value=-1.0133686185210795 0.33755706547056902 -0.26501368772626949 0.93825585943587297 0.61759689340918844 1.7751456865955733 0.0171671568234236 1.919103521932672 0.87357145258695779 1.0421353797702229 1.7064713027673186 0.62136044361193976 1.3136714097704456 2.668943021152959 1.5948220943793272
leaf_weight=5456 113 771 93 354 196 670 1612 302 67 80 224 408 65 389
leaf_count=5456 113 771 93 354 196 670 1612 302 67 80 224 408 65 389
internal_value=0.0015858 -0.758932 1.55518 0.0145743 1.10891 0.225138 1.81981 0.991574 1.91549 1.06405 1.00726 1.12797 1.94974 1.47035
internal_weight=10800 7251 3549 1795 1323 1024 2226 1127 1744 1014 934 710 1677 482
internal_count=10800 7251 3549 1795 1323 1024 2226 1127 1744 1014 934 710 1677 482
is_linear=0
shrinkage=0.05


Tree=29
num_leaves=15
num_cat=0
split_feature=65 65 65 44 64 26 26 36 48 48 48 33 9 39
split_gain=4.60833e+06 515513 150583 39916.4 36891.9 25857.9 25149.4 18488.2 18264.2 18130.3 18070 17448.9 15585 15555.1
threshold=163.96396250000001 63.145266500000005 236.38958700000003 51.031250000000007 229.73338450000003 20.412500000000005 20.987500000000004 18.666666666666668 14.875000000000002 16.875000000000004 13.875000000000002 22.190625000000004 122.90141000000001 46.375000000000007
decision_type=2 2 2 2 2 2 2 2 2 2 2 2 2 2
left_child=1 -1 4 -3 7 -4 12 -2 11 -8 -7 -9 -5 -10
right_child=2 3 5 6 -6 10 9 8 13 -11 -12 -13 -14 -15
leaf_value=-0.96079858720634381 -0.011925864280486594 0.87418363864027615 1.3961784390054968 -0.14887072295541801 1.7266669513134474 1.8521089822515138 0.24668889312538564 0.91786505868134316 1.405298371150576 -0.15032933317869901 0.9907948707613875 1.4028441474712814 -0.75707980345630055 0.49366926113107329
leaf_weight=5478 48 126 480 314 177 1679 676 461 57 499 67 324 158 256
leaf_count=5478 48 126 480 314 177 1679 676 461 57 499 67 324 158 256
internal_value=0.00157201 -0.72099 1.47763 0.0200649 1.05372 1.729 -0.0457684 0.948364 0.990317 0.0780984 1.81964 1.11956 -0.353636 0.663632
internal_weight=10800 7251 3549 1773 1323 2226 1647 1146 1098 1175 1746 785 472 313
internal_count=10800 7251 3549 1773 1323 2226 1647 1146 1098 1175 1746 785 472 313
is_linear=0
shrinkage=0.05


Tree=30
num_leaves=15
num_cat=0
split_feature=65 65 65 24 64 16 44 17 0 9 48 64 11 4
split_gain=4.15962e+06 465424 135846 37437.2 33322.3 24574.2 22487.7 17911.2 17232.6 21168.3 15489.7 14538 13247.1 13113.8
threshold=163.96396250000001 42.523274000000008 236.38958700000003 274.28284400000007 229.73338450000003 267.06350950000007 52.593750000000007 31.898947475167009 247.39528150000004 267.14005600000007 14.875000000000002 117.02563150000002 223.85781700000004 42.523274000000008
decision_type=2 2 2 2 2 2 2 2 2 2 2 2 2 2
left_child=1 -1 4 12 8 7 -5 -4 9 -2 -10 -8 13 -3
right_child=2 3 5 6 -6 -7 11 -9 10 -11 -12 -13 -14 -15
leaf_value=-0.91467836340508757 0.81563173270218869 -0.048109425769255448 1.4070055523377931 0.92354512329687166 1.640818622406949 1.9440874593618436 -0.096961462300195797 1.7463271001200658 1.2880794412913281 -0.095988742500543595 0.77554441647705186 0.37302534361774836 0.25708895267854476 -0.43680718463424006
leaf_weight=5456 447 400 1001 113 177 533 297 692 368 74 257 367 144 474
leaf_count=5456 447 400 1001 113 177 533 297 692 368 74 257 367 144 474
internal_value=0.00153634 -0.684947 1.4039 0.0134552 1.00125 1.64264 0.274631 1.54665 0.90113 0.686214 1.0789 0.162976 -0.185964 -0.259172
internal_weight=10800 7251 3549 1795 1323 2226 777 1693 1146 521 625 664 1018 874
internal_count=10800 7251 3549 1795 1323 2226 777 1693 1146 521 625 664 1018 874
is_linear=0
shrinkage=0.05


Tree=31
num_leaves=15
num_cat=0
split_feature=65 65 65 25 64 31 39 20 11 0 6 9 7 19
split_gain=3.75456e+06 420145 122580 33691.1 30159.2 23830.1 18249.8 17432.9 16918.7 16517 22671.1 14333.5 20539.4 14327
threshold=163.96396250000001 63.145266500000005 236.38958700000003 105.05818924571476 231.38202150000004 18.762500000000003 50.125000000000007 269.61846750000007 222.42378750000003 266.52725100000004 198.57314000000002 106.36441800000001 175.59390000000005 71.967546000000013
decision_type=2 2 2 2 2 2 2 2 2 2 2 2 2 2
left_child=1 -1 4 8 9 -4 -5 13 11 10 -2 12 -3 -7
right_child=2 3 5 6 -6 7 -8 -9 -10 -11 -12 -13 -14 -15
leaf_value=-0.86719248851604513 0.87743491793086614 0.33495386269366878 0.98130770092122044 0.93916594105781892 1.5740398086302463 1.5821048933629089 0.2001707788309729 1.887975928305011 0.28792791591181899 1.1869727514324517 0.2425630852496824 -0.39316881897238393 -0.34009493493557669 1.0992869207504634
leaf_weight=5478 686 219 170 100 170 1417 489 455 196 289 178 539 230 184
leaf_count=5478 686 219 170 100 170 1417 489 455 196 289 178 539 230 184
internal_value=0.00150387 -0.650699 1.33383 0.0183078 0.951359 1.56063 0.327016 1.60803 -0.135411 0.858266 0.747071 -0.219599 -0.0108268 1.52734
internal_weight=10800 7251 3549 1773 1323 2226 589 2056 1184 1153 864 988 449 1601
internal_count=10800 7251 3549 1773 1323 2226 589 2056 1184 1153 864 988 449 1601
is_linear=0
shrinkage=0.05


Tree=32
num_leaves=15
num_cat=0
split_feature=65 65 65 24 25 26 65 64 48 26 36 16 61 39
split_gain=3.38951e+06 339765 138790 32311.1 27314 22693.3 17595.9 14839.2 14808 13812.7 13690.7 12910.9 12497.9 12286.4
threshold=147.07995400000001 42.523274000000008 236.38958700000003 274.08612550000004 105.87740894432582 19.012500000000003 176.47971500000003 239.49958100000001 13.875000000000002 18.962500000000002 18.666666666666668 267.06350950000007 -0.9733555533461492 47.875000000000007
decision_type=2 2 2 2 2 2 2 2 2 2 2 2 2 2
left_child=1 -1 3 6 9 -4 -2 13 11 -3 -8 -7 -11 -5
right_child=2 4 5 7 -6 8 10 -9 -10 12 -12 -13 -14 -15
leaf_value=-0.82560110681109844 0.12503692236568395 -0.58022642087583476 1.0050197460222989 1.46406764482197 0.3191135980918417 1.4828708405508038 -0.067889015285336238 1.6232229096928368 0.78877621580134427 0.61850497336877941 0.81081783968012255 1.788805496603429 -0.11308023890916317 0.87687538192225123
leaf_weight=5456 144 151 231 113 456 1428 48 114 67 61 556 500 1001 474
leaf_count=5456 144 151 231 113 456 1428 48 114 67 61 556 500 1001 474
internal_value=0.0014731 -0.634665 1.23464 0.852772 -0.0103704 1.48272 0.622736 1.09699 1.5375 -0.134393 0.74099 1.5631 -0.0705165 0.99221
internal_weight=10800 7125 3675 1449 1669 2226 748 701 1995 1213 604 1928 1062 587
internal_count=10800 7125 3675 1449 1669 2226 748 701 1995 1213 604 1928 1062 587
is_linear=0
shrinkage=0.05


Tree=33
num_leaves=15
num_cat=0
split_feature=65 65 65 44 64 30 36 31 48 16 0 6 48 48
split_gain=3.0607e+06 341930 99486.9 29735 25143.3 20640 18589.7 15155.6 11458 11395.3 10991 12389.4 10441.1 18377.7
threshold=163.96396250000001 42.523274000000008 236.38958700000003 53.781250000000007 226.19365050000002 19.012500000000003 20.53151041666667 18.112500000000004 13.875000000000002 275.73192000000006 273.04091050000005 198.57314000000002 4.1250000000000009 4.3750000000000009
decision_type=2 2 2 2 2 2 2 2 2 2 2 2 2 2
left_child=1 -1 4 -3 7 -4 -5 -2 9 -7 11 -9 -8 -14
right_child=2 3 5 6 -6 8 12 10 -10 -11 -12 -13 13 -15
leaf_value=-0.78432867446180798 0.21606408106653313 0.64040836198364992 1.1227061213544152 -0.39545928154871846 1.3833980741234599 1.467131713454396 0.62782368382196063 0.86250178204300187 0.80999486050568525 1.8901526180597452 1.2188917908148889 0.41156735184597859 -0.79109282868249087 0.042942006386976699
leaf_weight=5456 113 169 507 320 196 1462 68 657 63 194 155 202 69 1169
leaf_count=5456 113 169 507 320 196 1462 68 657 63 194 155 202 69 1169
internal_value=0.00144254 -0.58742 1.20438 0.0111985 0.859805 1.4087 -0.0545525 0.7676 1.49234 1.5178 0.82879 0.757063 0.0292161 -0.00414395
internal_weight=10800 7251 3549 1795 1323 2226 1626 1127 1719 1656 1014 859 1306 1238
internal_count=10800 7251 3549 1795 1323 2226 1626 1127 1719 1656 1014 859 1306 1238
is_linear=0
shrinkage=0.05


Tree=34
num_leaves=15
num_cat=0
split_feature=65 65 65 24 25 26 65 48 48 38 64 61 11 36
split_gain=2.76324e+06 271409 116581 27479.6 24855.6 19714.6 15444.4 13796.2 13750.7 12625.2 13986.2 12481.3 12268.1 11639.7
threshold=145.47887550000004 28.000000000000004 236.38958700000003 274.08612550000004 105.87116616192273 20.987500000000004 176.47971500000003 13.875000000000002 10.125000000000002 51.375000000000007 262.77837700000003 -0.9733555533461492 217.94672450000004 18.666666666666668
decision_type=2 2 2 2 2 2 2 2 2 2 2 2 2 2
left_child=1 -1 3 6 11 8 -2 -7 -4 -5 -11 -3 -13 -8
right_child=2 4 5 9 -6 7 13 -9 -10 10 -12 12 -14 -15
leaf_value=-0.74956398724669682 0.10900761697465067 0.50327770080364931 1.1669553153080197 1.3663522276003459 0.29074469548824838 1.4576043412664283 -0.077785088152301562 0.70909349254387266 0.37143285016691879 0.78616663384356444 1.7072508228861769 -0.24798741602739313 0.19523715674071698 0.73214733336836479
leaf_weight=5392 156 70 517 170 452 1580 48 67 62 495 45 1006 184 556
leaf_count=5392 156 70 517 170 452 1580 48 67 62 495 45 1006 184 556
internal_value=0.00141081 -0.575449 1.11004 0.763581 -0.0269494 1.33838 0.553362 1.4276 1.08256 0.987508 0.865938 -0.141056 -0.179349 0.66776
internal_weight=10800 7104 3696 1470 1712 2226 760 1647 579 710 540 1260 1190 604
internal_count=10800 7104 3696 1470 1712 2226 760 1647 579 710 540 1260 1190 604
is_linear=0
shrinkage=0.05


Tree=35
num_leaves=15
num_cat=0
split_feature=65 65 65 36 48 37 31 44 11 16 61 0 41 4
split_gain=2.49574e+06 278333 80604.9 25435.8 21593.9 23847.5 18643.1 14297 13613.4 13465.9 12943.4 12422.1 11732.5 9439.6
threshold=163.96396250000001 63.145266500000005 236.38958700000003 23.231250000000006 14.875000000000002 65.125000000000014 18.762500000000003 51.031250000000007 216.36840450000003 269.78556100000009 -0.70710678118654757 246.65827700000003 73.375000000000014 217.50623400000003
decision_type=2 2 2 2 2 2 2 2 2 2 2 2 2 2
left_child=1 -1 4 8 5 13 -4 -5 -3 10 -8 -6 -9 -2
right_child=2 3 6 7 11 -7 9 12 -10 -11 -12 -13 -14 -15
leaf_value=-0.70657386648750675 1.1150275728272068 -0.23024749609039113 0.7607126507959846 0.84809068151075273 -0.19430132616649975 0.75040928309773425 1.3168133131296642 -0.011685514566365046 0.20880307802187087 1.5588886070513466 0.95915888093634338 0.57568614514137828 0.43517908065645527 1.8239739956174579
leaf_weight=5478 179 849 170 86 65 750 1268 376 222 454 334 260 240 69
leaf_count=5478 179 849 170 86 65 750 1268 376 222 454 334 260 240 69
internal_value=0.00137879 -0.530365 1.08763 0.0141541 0.77747 0.892833 1.27154 0.247876 -0.13913 1.31339 1.24289 0.421565 0.162841 1.31881
internal_weight=10800 7251 3549 1773 1323 998 2226 702 1071 2056 1602 325 616 248
internal_count=10800 7251 3549 1773 1323 998 2226 702 1071 2056 1602 325 616 248
is_linear=0
shrinkage=0.05


Tree=36
num_leaves=15
num_cat=0
split_feature=65 65 65 25 53 37 48 26 47 19 38 64 26 64
split_gain=2.25275e+06 251650 72730 25936.7 20253 20019 21107.2 17897.5 11413.6 11527.2 12780.3 9700.35 10783.9 9064.43
threshold=163.96396250000001 28.000000000000004 236.38958700000003 100.97654148591421 -0.29012925520284105 54.625000000000007 14.875000000000002 19.012500000000003 72.334635416666671 79.703925000000012 55.375000000000007 262.77837700000003 21.162500000000005 204.78679650000001
decision_type=2 2 2 2 2 2 2 2 2 2 2 2 2 2
left_child=1 -1 5 -3 -5 -2 11 -4 -9 -10 -11 12 -7 -6
right_child=2 3 7 4 13 6 -8 8 9 10 -12 -13 -14 -15
leaf_value=-0.67677060464483763 1.1679517149662657 -0.21387202917813142 0.78514119719058795 0.4617496771332541 -0.052598489933961615 0.51669069038253734 0.22347036965255596 1.4368772308504771 1.2392598352807278 1.4440459801600529 0.61061593714800178 1.5025367792262587 0.8840931959772782 0.6224824174962662
leaf_weight=5392 226 813 231 366 627 363 231 629 1133 64 169 42 461 53
leaf_count=5392 226 813 231 366 627 363 231 629 1133 64 169 42 461 53
internal_value=0.00135248 -0.503843 1.03337 -0.00217608 0.162411 0.738751 0.649345 1.20807 1.25662 1.17263 0.844734 0.762555 0.723062 0.000854918
internal_weight=10800 7251 3549 1859 1046 1323 1097 2226 1995 1366 233 866 824 680
internal_count=10800 7251 3549 1859 1046 1323 1097 2226 1995 1366 233 866 824 680
is_linear=0
shrinkage=0.05


Tree=37
num_leaves=15
num_cat=0
split_feature=65 65 65 36 37 61 34 48 26 0 51 65 31 29
split_gain=2.03493e+06 148347 130498 23435 22605.1 37222.1 18366.8 17983.8 17881 16195.7 11512.5 9798.09 11284.2 8528
threshold=127.44013800000002 28.000000000000004 209.14510400000003 20.479947916666671 56.875000000000007 -0.58216583101416131 22.328125000000004 15.875000000000002 19.012500000000003 272.06304300000005 2.5000000000000004 87.394937500000012 21.112500000000004 16.862500000000004
decision_type=2 2 2 2 2 2 2 2 2 2 2 2 2 2
left_child=1 -1 3 10 -4 6 13 9 -3 -5 -2 -10 -13 -6
right_child=2 8 4 7 5 -7 -8 -9 11 -11 -12 12 -14 -15
leaf_value=-0.64293832098113668 -0.61679435237719304 -0.50566457200168391 1.4206627138517234 0.57895813483051528 0.41054373465093041 0.58401647540170465 1.3649621400045839 0.19489615641564864 -0.22352643987713006 1.1533800283741011 0.22110183728756769 -0.10095703917706965 0.25720038185945826 1.0456402012052313
leaf_weight=5392 56 201 453 676 57 391 560 243 345 151 145 411 471 1248
leaf_count=5392 56 201 453 676 57 391 560 243 345 151 145 411 471 1248
internal_value=0.00133094 -0.522951 0.899629 0.48109 1.09575 1.0299 1.12302 0.574065 -0.0697552 0.685107 -0.0142397 0.00200662 0.0903786 1.01824
internal_weight=10800 6820 3980 1271 2709 2256 1865 1070 1428 827 201 1227 882 1305
internal_count=10800 6820 3980 1271 2709 2256 1865 1070 1428 827 201 1227 882 1305
is_linear=0
shrinkage=0.05


Tree=38
num_leaves=15
num_cat=0
split_feature=65 65 65 39 65 36 26 48 26 9 65 36 48 48
split_gain=1.83676e+06 133876 117810 22104.9 22648.3 18626.7 16145.8 13166.1 10980.5 10769.4 13566.9 10852.2 9389.08 11990.6
threshold=127.44013800000002 28.000000000000004 215.54499550000003 50.125000000000007 166.52671600000002 23.002473958333336 19.012500000000003 14.875000000000002 20.262500000000003 268.97275250000001 266.97126150000003 17.496875000000006 4.1250000000000009 4.3750000000000009
decision_type=2 2 2 2 2 2 2 2 2 2 2 2 2 2
left_child=1 -1 3 -2 -5 9 -3 8 -6 11 -11 -4 -8 -14
right_child=2 6 5 4 7 -7 12 -9 -10 10 -12 -13 13 -15
leaf_value=-0.61079739882378814 0.97022335328018439 -0.48050650642207354 0.4306145603642052 0.086755796892459824 0.36903103559226214 1.2064534993204235 0.69495351961318486 0.20566226501534715 0.80845962909152824 0.24410010073795793 0.98135462303956356 1.0425429064546292 -0.70251162205972983 0.011802377958126104
leaf_weight=5392 207 201 80 374 215 1177 46 208 435 120 131 1033 61 1120
leaf_count=5392 207 201 80 374 215 1177 46 208 435 120 131 1033 61 1120
internal_value=0.00128817 -0.496812 0.854727 0.492724 0.411773 1.05946 -0.0662874 0.553181 0.6639 0.931827 0.63125 0.998985 0.00190355 -0.0256559
internal_weight=10800 6820 3980 1439 1232 2541 1428 858 650 1364 251 1113 1227 1181
internal_count=10800 6820 3980 1439 1232 2541 1428 858 650 1364 251 1113 1227 1181
is_linear=0
shrinkage=0.05


Tree=39
num_leaves=15
num_cat=0
split_feature=65 65 65 37 61 36 26 26 48 0 4 51 61 46
split_gain=1.65791e+06 120818 106585 20637.9 33043.6 19570.8 17166.3 14579.1 14296 13505.6 13063.6 9845.51 8958.17 9456.48
threshold=127.44013800000002 28.000000000000004 205.94932800000001 56.875000000000007 -0.58216583101416131 20.479947916666671 23.962500000000002 19.012500000000003 15.875000000000002 272.71499900000009 69.10047950000002 2.5000000000000004 -0.9733555533461492 48.302083333333336
decision_type=2 2 2 2 2 2 2 2 2 2 2 2 2 2
left_child=1 -1 5 -4 6 11 10 -3 9 -7 -5 -2 -9 -14
right_child=2 7 3 4 -6 8 -8 12 -10 -11 -12 -13 13 -15
leaf_value=-0.58026316759649554 -0.60378963803606378 -0.45660011412225354 1.2869079170523177 1.0224373048603903 0.50960530418975114 0.52051784476242602 1.2680155469702392 0.65057792757071709 0.17096995516683999 1.0985874407239691 0.69124037690038875 0.18397215223487687 0.52493040284065351 -0.062638788075188134
leaf_weight=5392 55 201 470 968 407 655 482 50 243 120 445 135 72 1105
leaf_count=5392 55 201 470 968 407 655 482 50 243 120 445 135 72 1105
internal_value=0.00124812 -0.471979 0.81207 0.982885 0.92028 0.419614 1.00817 -0.0629897 0.506482 0.611326 0.918695 -0.0460315 0.00180855 -0.0262806
internal_weight=10800 6820 3980 2772 2302 1208 1895 1428 1018 775 1413 190 1227 1177
internal_count=10800 6820 3980 2772 2302 1208 1895 1428 1018 775 1413 190 1227 1177
is_linear=0
shrinkage=0.05


Tree=40
num_leaves=15
num_cat=0
split_feature=65 65 65 25 48 37 26 65 47 48 21 9 0 53
split_gain=1.49678e+06 168772 50180.1 18600.3 15944.2 17617.2 14613.2 13999.7 11771.5 10772.7 10260.2 10149.1 9137.66 8883.38
threshold=163.96396250000001 84.179539500000018 236.38958700000003 100.68220936795701 14.875000000000002 63.375000000000007 20.987500000000004 24.000000000000004 62.804687500000007 10.375000000000002 22.918790010670381 270.46035150000006 246.65827700000003 -0.84874750804349197
decision_type=2 2 2 2 2 2 2 2 2 2 2 2 2 2
left_child=1 7 4 10 5 -2 9 -1 -5 -4 -3 -8 -6 -13
right_child=2 3 6 8 12 -7 11 -9 -10 -11 -12 13 -14 -15
leaf_value=-0.57212579848797351 1.0855174279160438 0.056274852194281411 0.83672804551630287 0.87960739521846421 -0.23516997426296726 0.5817687867982807 1.125146229315021 -0.36795993753373518 0.14937919860896912 0.087146086444543608 -0.35659524256287128 0.91251854361207396 0.42457701580320628 0.1569846900853705
leaf_weight=4688 226 286 526 58 65 772 1332 1032 871 53 316 269 260 46
leaf_count=4688 226 286 526 58 65 772 1332 1032 871 53 316 269 260 46
internal_value=0.00121453 -0.410581 0.842437 0.0556565 0.597744 0.696817 0.987535 -0.535361 0.195866 0.768382 -0.16068 1.06406 0.292311 0.803033
internal_weight=10800 7251 3549 1531 1323 998 2226 5720 929 579 602 1647 325 315
internal_count=10800 7251 3549 1531 1323 998 2226 5720 929 579 602 1647 325 315
is_linear=0
shrinkage=0.05


Tree=41
num_leaves=15
num_cat=0
split_feature=65 65 65 39 21 37 61 35 26 48 35 26 46 4
split_gain=1.35335e+06 98164.2 86678.9 18715.6 17108.3 16017.4 25480.6 13859.1 12782.5 10386.9 13357.1 9688.36 9531.4 8746.29
threshold=127.44013800000002 28.000000000000004 215.54499550000003 47.375000000000007 71.875186405689604 56.875000000000007 -0.63405362205439475 23.850000000000005 19.012500000000003 15.875000000000002 19.712500000000002 19.012500000000003 82.942708333333357 206.42943050000002
decision_type=2 2 2 2 2 2 2 2 2 2 2 2 2 2
left_child=1 -1 3 -2 9 -4 7 11 -3 10 12 -7 -5 -8
right_child=2 8 5 4 -6 6 13 -9 -10 -11 -12 -13 -14 -15
leaf_value=-0.5239870068228093 0.93378043468110272 -0.42628350791217073 1.191609969668685 -0.68705594878466369 0.76637328663580995 0.61827918278327987 0.032694473884561481 1.7916197127484261 0.0029502778833751728 -0.012792670777786322 0.46375455048233843 0.96077120966589757 0.17775314972933495 0.60888429882933148
leaf_weight=5392 159 201 425 41 214 250 84 46 1227 240 654 1430 131 306
leaf_count=5392 159 201 425 41 214 250 84 46 1227 240 654 1430 131 306
internal_value=0.00117584 -0.426382 0.733747 0.423235 0.359136 0.909359 0.852132 0.934718 -0.0577231 0.276742 0.360781 0.910203 -0.031173 0.485183
internal_weight=10800 6820 3980 1439 1280 2541 2116 1726 1428 1066 826 1680 172 390
internal_count=10800 6820 3980 1439 1280 2541 2116 1726 1428 1066 826 1680 172 390
is_linear=0
shrinkage=0.05


Tree=42
num_leaves=15
num_cat=0
split_feature=65 65 65 39 36 37 61 36 17 17 26 10 8 9
split_gain=1.2216e+06 88769.3 78266.5 17205.1 16202.9 13877.8 22045.4 13523.3 12466.6 12311.9 11384.9 10369.2 9623.68 7976.03
threshold=127.44013800000002 63.145266500000005 209.14510400000003 50.125000000000007 25.415885416666672 56.875000000000007 -0.63405362205439475 23.947526041666674 55.894633472865308 2.2746480028614838e-05 20.987500000000004 256.38992450000006 249.76574550000001 272.25950450000005
decision_type=2 2 2 2 2 2 2 2 2 2 2 2 2 2
left_child=1 -1 3 -2 5 -4 11 -3 9 -5 -11 12 13 -7
right_child=2 7 4 8 -6 6 -8 -9 -10 10 -12 -13 -14 -15
leaf_value=-0.49433917722729881 0.80825199384985424 -0.15194778443883278 1.1098975163032885 0.47424961208222804 1.1938011962544257 0.86021958642431062 0.44089923024480976 0.18526824423162319 0.69959947686688406 -0.35096321545415005 0.19684811366629626 1.1170257646759214 0.44595762143828099 0.137909879335543
leaf_weight=5478 192 899 326 318 306 1122 441 443 161 117 483 286 188 40
leaf_count=5478 192 899 326 318 306 1122 441 443 161 117 483 286 188 40
internal_value=0.00114435 -0.405069 0.697146 0.373014 0.849027 0.804645 0.756223 -0.0405763 0.29489 0.223228 0.0896187 0.8409 0.781619 0.835495
internal_weight=10800 6820 3980 1271 2709 2403 2077 1342 1079 918 600 1636 1350 1162
internal_count=10800 6820 3980 1271 2709 2403 2077 1342 1079 918 600 1636 1350 1162
is_linear=0
shrinkage=0.05


Tree=43
num_leaves=15
num_cat=0
split_feature=65 65 65 39 31 48 36 26 43 65 31 49 65 9
split_gain=1.10286e+06 82369.6 69002.6 16255.1 14686.7 14017 13367.1 12083.2 12035.2 11035.5 8236.87 8316.59 8359.06 9674.53
threshold=128.36177500000005 84.179539500000018 215.54499550000003 47.875000000000007 21.112500000000004 15.875000000000002 23.002473958333336 20.987500000000004 74.125000000000014 24.000000000000004 16.862500000000004 3.5000000000000004 266.97126150000003 268.69404500000007
decision_type=2 2 2 2 2 2 2 2 2 2 2 2 2 2
left_child=1 9 3 -2 -3 7 10 8 -5 -1 -4 12 13 -12
right_child=2 4 6 5 -6 -7 -8 -9 -10 -11 11 -13 -14 -15
leaf_value=-0.49262014817367822 0.86065765630453839 -0.16587876480975258 0.047061772312483069 -0.47031862414291786 0.19582653411026577 -0.029054473466847253 0.94556340943952366 0.52516673875765674 0.2984515648022607 -0.31139904786070804 0.75608460190293048 0.44319242624610311 0.981198909925176 0.19149643474004485
leaf_weight=4688 159 581 45 61 541 229 1177 683 285 1032 639 209 384 87
leaf_count=4688 159 581 45 61 541 229 1177 683 285 1032 639 209 384 87
internal_value=0.00111804 -0.383162 0.665332 0.385356 0.00854545 0.324646 0.82125 0.403312 0.161952 -0.459984 0.713365 0.736044 0.790736 0.688784
internal_weight=10800 6842 3958 1417 1122 1258 2541 1029 346 5720 1364 1319 1110 726
internal_count=10800 6842 3958 1417 1122 1258 2541 1029 346 5720 1364 1319 1110 726
is_linear=0
shrinkage=0.05


Tree=44
num_leaves=15
num_cat=0
split_feature=65 65 21 16 61 39 24 26 4 53 47 65 48 26
split_gain=996100 113078 35197.6 17938.1 16475.9 15230.4 15011.9 11231.1 19499.2 10495.2 10327.1 9958.41 9245.79 7621.48
threshold=163.96396250000001 84.179539500000018 27.718762136277039 287.24088100000006 -0.68322629814330815 51.375000000000007 274.28284400000007 23.487500000000004 69.10047950000002 -0.83146961230254512 62.804687500000007 24.000000000000004 16.875000000000004 21.012500000000003
decision_type=2 2 2 2 2 2 2 2 2 2 2 2 2 2
left_child=1 11 4 7 -2 -6 9 8 -4 -3 -8 -1 -11 -10
right_child=2 6 3 -5 5 -7 10 -9 13 12 -12 -13 -14 -15
leaf_value=-0.46799442537762914 0.71120169776042164 -0.67725199658955848 0.92948944421767876 1.6222326418932747 0.77123068390199201 0.25774304510890633 0.88865072125637978 0.89604848773648293 0.18475931303190263 0.10418691222907416 0.16662992705359714 -0.29584417133849017 -0.24095734595869783 0.59168102505200271
leaf_weight=4688 552 69 381 67 181 710 53 1135 173 468 611 1032 330 350
leaf_count=4688 552 69 381 67 181 710 53 1135 173 468 611 1032 330 350
internal_value=0.0010796 -0.334855 0.687332 0.817805 0.496478 0.362802 0.0467779 0.79059 0.65734 -0.0902084 0.225511 -0.436992 -0.0386649 0.457687
internal_weight=10800 7251 3549 2106 1443 891 1531 2039 904 867 664 5720 798 523
internal_count=10800 7251 3549 2106 1443 891 1531 2039 904 867 664 5720 798 523
is_linear=0
shrinkage=0.05


Tree=45
num_leaves=15
num_cat=0
split_feature=65 65 65 64 22 36 22 26 44 16 35 9 34 61
split_gain=899548 63968.4 59981.7 17067.2 18239.6 15827.4 11114.7 10696.5 10574.6 8153.56 7844.14 8628.23 7534.05 6594.64
threshold=126.25790000000002 28.000000000000004 192.5505325 244.06473100000002 105.48478607812503 26.055989583333339 142.14642354166668 20.512500000000003 46.593750000000007 278.64649100000008 21.276562500000004 267.14005600000007 17.311458333333334 -0.9733555533461492
decision_type=2 2 2 2 2 2 2 2 2 2 2 2 2 2
left_child=1 -1 6 4 5 10 -2 -3 -6 -5 -4 -12 -10 -9
right_child=2 7 3 9 8 -7 -8 13 12 -11 11 -13 -14 -15
leaf_value=-0.42736475523827189 0.14640504795744042 -0.29240585221441961 0.54709776033732027 0.78471879299056213 1.0280893640858788 1.743008869450267 0.58820882725864232 0.65111560458090256 -0.26153793115125495 1.2503014598328335 1.1082844668880423 0.49923552739632771 0.42057599115668609 0.0044416166636131581
leaf_weight=5392 717 340 318 1464 69 40 177 40 42 103 187 88 797 1026
leaf_count=5392 717 340 318 1464 69 40 177 40 42 103 187 88 797 1026
internal_value=0.00105082 -0.349056 0.595699 0.699505 0.580491 0.786714 0.234436 -0.0486518 0.436017 0.8161 0.719383 0.915904 0.386159 0.0292945
internal_weight=10800 6798 4002 3108 1541 633 894 1406 908 1567 593 275 839 1066
internal_count=10800 6798 4002 3108 1541 633 894 1406 908 1567 593 275 839 1066
is_linear=0
shrinkage=0.05


Tree=46
num_leaves=15
num_cat=0
split_feature=65 65 21 16 61 46 39 48 53 30 37 21 4 51
split_gain=813028 92536.5 29895.6 15293.7 13737.9 13461.9 13117.5 11464.3 13219.4 9639.67 9281.12 10044.3 13151.4 8713.85
threshold=163.96396250000001 84.179539500000018 27.718762136277039 287.24088100000006 -0.68322629814330815 48.302083333333336 54.125000000000007 16.875000000000004 -0.83146961230254512 22.987500000000004 56.375000000000007 97.61190750032732 69.10047950000002 2.5000000000000004
decision_type=2 2 2 2 2 2 2 2 2 2 2 2 2 2
left_child=1 -1 4 9 -2 -3 -6 8 -7 10 -4 12 -12 -14
right_child=2 5 3 -5 6 7 -8 -9 -10 -11 11 -13 13 -15
leaf_value=-0.39485941956414239 0.64121043339816297 0.60066599495303219 0.92889301123277423 1.4838418315438664 0.67548522984645532 -0.36206888345571664 0.21830681481463526 -0.19129065977014376 0.18122782963667669 1.0743753574916295 0.8308826428339926 0.89134647501168462 0.25954609665850348 0.58358420987227344
leaf_weight=5720 552 100 320 67 203 129 688 494 808 174 343 300 329 573
leaf_count=5720 552 100 320 67 203 129 688 494 808 174 343 300 329 573
internal_value=0.00103433 -0.302464 0.621025 0.741262 0.445154 0.0427694 0.323108 0.0033907 0.106124 0.716145 0.682166 0.630496 0.566975 0.465811
internal_weight=10800 7251 3549 2106 1443 1531 891 1431 937 2039 1865 1545 1245 902
internal_count=10800 7251 3549 2106 1443 1531 891 1431 937 2039 1865 1545 1245 902
is_linear=0
shrinkage=0.05


Tree=47
num_leaves=15
num_cat=0
split_feature=65 65 21 16 48 24 47 36 26 4 53 65 48 26
split_gain=733939 83518.6 26998.1 13840.1 13187.9 12698.7 9256.11 9254.12 9053.25 15534.5 8848.69 8348.69 7426.55 6736.17
threshold=163.96396250000001 84.179539500000018 27.718762136277039 287.24088100000006 14.875000000000002 274.28284400000007 62.804687500000007 19.607031250000002 23.487500000000004 69.10047950000002 -0.83146961230254512 24.000000000000004 16.875000000000004 21.012500000000003
decision_type=2 2 2 2 2 2 2 2 2 2 2 2 2 2
left_child=1 11 4 8 7 10 -7 -2 9 -4 -3 -1 -12 -11
right_child=2 5 3 -5 -6 6 -8 -9 -10 13 12 -13 -14 -15
leaf_value=-0.4034972179670735 -0.028612436305779917 -0.62438495395971205 0.80378179849754461 1.4107407871414634 0.13980370519526583 0.83280499652028084 0.14929899666336627 0.54243054349133757 0.77506377748099187 0.12661956270899752 0.090014352041260917 -0.24594607531807108 -0.21931784152984621 0.50874501389485827
leaf_weight=4688 76 69 381 67 321 53 611 1046 1135 173 468 1032 330 350
leaf_count=4688 76 69 381 67 321 53 611 1046 1135 173 468 1032 330 350
internal_value=0.00101699 -0.287342 0.590081 0.704342 0.422949 0.0406384 0.205026 0.503759 0.68045 0.560935 -0.0853507 -0.37512 -0.0380194 0.382827
internal_weight=10800 7251 3549 2106 1443 1531 664 1122 2039 904 867 5720 798 523
internal_count=10800 7251 3549 2106 1443 1531 664 1122 2039 904 867 5720 798 523
is_linear=0
shrinkage=0.05


Tree=48
num_leaves=15
num_cat=0
split_feature=65 65 65 37 61 0 35 61 33 53 33 9 31 34
split_gain=663214 55128.4 37595 14510.3 24899.2 13484.1 12901.5 9854.08 9276.78 8839 6754.21 6703.18 6666.3 6235.12
threshold=119.46223000000002 191.23505300000002 28.000000000000004 58.875000000000007 -0.68322629814330815 272.06304300000005 23.850000000000005 -0.9733555533461492 16.993750000000002 -0.88144907265856332 20.878125000000004 254.29835200000005 24.712500000000002 21.048958333333339
decision_type=2 2 2 2 2 2 2 2 2 2 2 2 2 2
left_child=2 5 -1 -3 6 9 8 -4 -5 -2 -9 13 -11 -6
right_child=1 3 7 4 11 -7 -8 10 -10 12 -12 -13 -14 -15
leaf_value=-0.3671183852965505 -0.58124730748020947 0.81089347145393686 0.68295871934225394 -0.12038149823035514 0.17116609875794869 0.5894605156056274 1.523122295519201 -0.29317684746740608 0.63792378406801975 0.074697096625284259 -0.018479256422073903 0.11729116933916617 0.451839035831339 0.59832331460323274
leaf_weight=5392 44 647 42 41 141 168 40 298 1722 697 890 318 140 220
leaf_count=5392 44 647 42 41 141 168 40 298 1722 697 890 318 140 220
internal_value=0.000983984 0.494198 -0.310226 0.599343 0.543893 0.180296 0.641095 -0.0607292 0.620231 0.101691 -0.0875735 0.285222 0.138243 0.432417
internal_weight=10800 4178 6622 3129 2482 1049 1803 1230 1763 881 1188 679 837 361
internal_count=10800 4178 6622 3129 2482 1049 1803 1230 1763 881 1188 679 837 361
is_linear=0
shrinkage=0.05


Tree=49
num_leaves=15
num_cat=0
split_feature=65 65 48 26 46 16 24 13 48 53 64 34 64 52
split_gain=598706 68289.8 22672.9 17335.4 11513.1 10319.4 10158.6 9830.09 9425.12 10473.8 8777.01 7801.3 7088.85 7931.09
threshold=163.96396250000001 84.179539500000018 14.875000000000002 22.487500000000004 48.302083333333336 287.24088100000006 238.41033300000004 37.563354768093426 16.875000000000004 -0.83146961230254512 249.19958150000005 17.001041666666669 202.07243900000003 0.88144907265856365
decision_type=2 2 2 2 2 2 2 2 2 2 2 2 2 2
left_child=1 -1 3 7 -3 6 -5 11 9 -6 -8 -2 13 -11
right_child=2 4 -4 5 8 -7 10 -9 -10 12 -12 -13 -14 -15
leaf_value=-0.33885992683386901 -0.11468216688617279 0.55302391504997961 0.13446578274258167 1.3996345138549806 -0.32292031871011628 1.2393227405846119 0.50294582261017073 0.68781083665223741 -0.17584640007353192 0.2010762722508361 0.73847972664092865 0.41138637730333311 0.39132726389788469 -0.18885372838750483
leaf_weight=5720 75 100 325 44 129 79 738 329 494 374 884 1075 235 199
leaf_count=5720 75 100 325 44 129 79 738 329 494 374 884 1075 235 199
internal_value=0.000954584 -0.259487 0.532989 0.573108 0.0370874 0.680046 0.652798 0.446563 0.000672124 0.0938235 0.631689 0.377008 0.160675 0.0655625
internal_weight=10800 7251 3549 3224 1531 1745 1666 1479 1431 937 1622 1150 808 573
internal_count=10800 7251 3549 3224 1531 1745 1666 1479 1431 937 1622 1150 808 573
is_linear=0
shrinkage=0.05


Tree=50
num_leaves=15
num_cat=0
split_feature=65 65 21 16 31 9 44 0 30 3 9 37 65 44
split_gain=540432 61637.7 20741.1 11181 10709.2 10347.4 12726.6 7972.26 7885.39 7212.88 8804.56 9462.98 7074.79 6725.14
threshold=163.96396250000001 84.179539500000018 27.718762136277039 288.39755700000006 21.112500000000004 252.15600850000001 50.531250000000007 195.55842400000003 22.987500000000004 248.16158650000003 236.90132750000004 54.625000000000007 24.000000000000004 51.031250000000007
decision_type=2 2 2 2 2 2 2 2 2 2 2 2 2 2
left_child=1 12 5 8 7 -2 -7 -3 9 10 -4 -12 -1 -6
right_child=2 4 3 -5 13 6 -8 -9 -10 -11 11 -13 -14 -15
leaf_value=-0.34803529179256393 0.45384712259966808 -0.23809775175487108 0.64692486769109647 1.2459951074265723 0.62728838177522028 0.60436770305743504 0.015494153392632718 0.070788337690101774 0.90867890862056189 0.68102328326810568 0.79507879723139396 0.2847251113507121 -0.20306504326899574 0.12569395773163519
leaf_weight=4688 967 422 460 66 74 123 353 412 174 708 107 591 1032 623
leaf_count=4688 967 422 460 66 74 123 353 412 174 708 107 591 1032 623
internal_value=0.000930552 -0.246512 0.50641 0.606552 0.035248 0.359938 0.168609 -0.0856045 0.585263 0.554635 0.476841 0.363985 -0.32192 0.17977
internal_weight=10800 7251 3549 2106 1531 1443 476 834 2040 1866 1158 698 5720 697
internal_count=10800 7251 3549 2106 1531 1443 476 834 2040 1866 1158 698 5720 697
is_linear=0
shrinkage=0.05


Tree=51
num_leaves=15
num_cat=0
split_feature=65 65 48 26 25 15 5 26 37 51 61 8 24 47
split_gain=487848 55635.9 18835.8 14804.5 9995 9197.32 11275.1 8845.56 8514.31 10218.4 8360.54 8356.5 6809.84 6636.8
threshold=163.96396250000001 84.179539500000018 14.875000000000002 22.487500000000004 105.36956620720093 215.93381050000002 232.17022000000003 16.862500000000004 56.875000000000007 2.5000000000000004 -0.68322629814330815 249.76574550000001 238.41033300000004 62.804687500000007
decision_type=2 2 2 2 2 2 2 2 2 2 2 2 2 2
left_child=1 -1 3 7 -3 6 12 -2 -8 -10 11 -9 -5 -6
right_child=2 4 -4 5 13 -7 8 10 9 -11 -12 -13 -14 -15
leaf_value=-0.30582870792579953 -0.29223733252949186 -0.054946896296469178 0.11794890451667819 1.3066516247662632 0.77705699658642224 0.89343899816749295 0.61129475460548555 0.53435225417297449 -0.02529380388557911 0.49976870069807078 0.20971991369835821 0.045224021029533802 0.65807492668730749 0.15767873324816012
leaf_weight=5720 44 1035 325 43 47 258 306 987 174 197 352 96 767 449
leaf_count=5720 44 1035 325 43 47 258 306 987 174 197 352 96 767 449
internal_value=0.000910275 -0.234186 0.481169 0.517736 0.0335047 0.616547 0.567936 0.400816 0.416217 0.254107 0.422255 0.491076 0.694074 0.217815
internal_weight=10800 7251 3549 3224 1531 1745 1487 1479 677 371 1435 1083 810 496
internal_count=10800 7251 3549 3224 1531 1745 1487 1479 677 371 1435 1083 810 496
is_linear=0
shrinkage=0.05


Tree=52
num_leaves=15
num_cat=0
split_feature=65 65 65 0 37 61 35 61 53 26 43 65 9 48
split_gain=441460 36789.6 25732 11297.6 10966.4 19147.3 9530.89 8521.15 6969.4 6871.62 6500.71 7317.26 11603.8 5998.94
threshold=119.46223000000002 191.23505300000002 28.000000000000004 272.06304300000005 59.375000000000007 -0.68322629814330815 23.785937499999999 -0.9733555533461492 -0.88144907265856332 19.012500000000003 82.875000000000014 261.41806150000008 263.81563600000004 4.1250000000000009
decision_type=2 2 2 2 2 2 2 2 2 2 2 2 2 2
left_child=2 3 -1 8 -3 6 9 -4 -2 -6 11 12 -11 -9
right_child=1 4 7 -5 5 -7 -8 13 -10 10 -12 -13 -14 -15
leaf_value=-0.30008509512317216 -0.53143401728736028 0.66897376196624803 0.64493023129396665 0.52135987299654263 0.26932608698738147 0.20986322726912696 1.2730566081546604 0.45374542340063134 0.10740224247894735 0.4295528785560932 0.7050595259705148 0.61245270360959703 -0.30557912806751303 -0.095519667091371857
leaf_weight=5392 44 670 42 168 263 663 41 51 837 462 461 509 60 1137
leaf_count=5392 44 670 42 168 263 663 41 51 837 462 461 509 60 1137
internal_value=0.00088852 0.403286 -0.253017 0.146856 0.48918 0.439939 0.524709 -0.0466081 0.0749303 0.506511 0.548112 0.477319 0.344632 -0.0715783
internal_weight=10800 4178 6622 1049 3129 2459 1796 1230 881 1755 1492 1031 522 1188
internal_count=10800 4178 6622 1049 3129 2459 1796 1230 881 1755 1492 1031 522 1188
is_linear=0
shrinkage=0.05


Tree=53
num_leaves=15
num_cat=0
split_feature=65 65 65 36 25 9 20 37 65 61 51 26 61 46
split_gain=398472 33214.3 23231.5 10541.9 10479.4 8536.8 10401.8 8333.45 9254.42 7706.95 6827.07 5900.19 5370.33 5122.66
threshold=119.46223000000002 191.23505300000002 28.000000000000004 18.666666666666668 100.59176676770393 270.73891950000007 274.06945200000007 54.125000000000007 266.97126150000003 -0.9733555533461492 1.5000000000000002 19.012500000000003 -0.77259657388510605 48.302083333333336
decision_type=2 2 2 2 2 2 2 2 2 2 2 2 2 2
left_child=2 4 -1 -3 -2 6 12 -7 -9 -4 -8 -11 -5 -6
right_child=1 3 9 5 13 7 10 8 -10 11 -12 -13 -14 -15
leaf_value=-0.28508362390768233 -0.047098913473439891 0.010990144561735853 0.61343363163083098 0.54441107560368907 0.72112187828611718 0.64165132140466419 0.32861375445500018 -0.06518129731695621 0.43019416738566152 -0.35045160076115284 0.92105255192067448 -0.024039921647681432 0.38212823953633634 0.22584625315256754
leaf_weight=5392 438 123 42 1368 57 128 63 194 182 159 237 1029 834 554
leaf_count=5392 438 123 42 1368 57 128 63 194 182 159 237 1029 834 554
internal_value=0.00086568 0.383169 -0.240361 0.464782 0.139517 0.483341 0.521222 0.29463 0.175107 -0.044237 0.798145 -0.0679843 0.483148 0.273153
internal_weight=10800 4178 6622 3129 1049 3006 2502 504 376 1230 300 1188 2202 611
internal_count=10800 4178 6622 3129 1049 3006 2502 504 376 1230 300 1188 2202 611
is_linear=0
shrinkage=0.05


Tree=54
num_leaves=15
num_cat=0
split_feature=65 65 21 16 31 31 26 8 30 65 3 9 37 32
split_gain=359893 41031.1 15093.9 8926.99 8797.36 8286.56 6567.34 6509.19 6425.33 5726.46 5559.17 7341.34 7360.12 5691.1
threshold=163.96396250000001 84.179539500000018 27.718762136277039 288.39755700000006 21.112500000000004 19.112500000000004 20.512500000000003 286.87046450000008 22.987500000000004 24.000000000000004 248.16158650000003 236.90132750000004 54.625000000000007 22.112500000000004
decision_type=2 2 2 2 2 2 2 2 2 2 2 2 2 2
left_child=1 9 5 8 6 -2 -3 -7 10 -1 11 -4 -13 -14
right_child=2 4 3 -5 -6 7 -8 -9 -10 -11 -12 12 13 -15
leaf_value=-0.28609686664590245 -0.012870070520045254 -0.30151816101744777 0.53916429904655205 1.0695699181129683 0.15979150651892737 0.35867259451820677 0.0083129995059528262 -0.23716782377256701 0.77129830748694284 -0.15573814866630703 0.56303480500309389 0.6610959489864332 0.41589880281222852 0.093512122549452584
leaf_weight=4688 197 239 460 66 697 1199 595 47 174 1032 708 107 215 376
leaf_count=4688 197 239 460 66 697 1199 595 47 174 1032 708 107 215 376
internal_value=0.000841136 -0.201084 0.413337 0.498752 0.028802 0.288417 -0.0807303 0.336025 0.47977 -0.262609 0.452187 0.383987 0.281097 0.211298
internal_weight=10800 7251 3549 2106 1531 1443 834 1246 2040 5720 1866 1158 698 591
internal_count=10800 7251 3549 2106 1531 1443 834 1246 2040 5720 1866 1158 698 591
is_linear=0
shrinkage=0.05


Tree=55
num_leaves=15
num_cat=0
split_feature=65 65 65 22 37 61 35 0 43 34 26 48 48 25
split_gain=325635 27118.2 19105 9603.89 8757.86 15275.2 8437.11 6800.39 6312.37 6056.34 5857.09 5729.65 6949.96 6938.25
threshold=119.46223000000002 192.5505325 24.000000000000004 142.14642354166668 58.875000000000007 -0.63405362205439475 23.850000000000005 242.98436500000005 74.375000000000014 20.211458333333336 19.012500000000003 4.1250000000000009 4.3750000000000009 99.971251996581813
decision_type=2 2 2 2 2 2 2 2 2 2 2 2 2 2
left_child=2 3 -1 7 -3 6 10 8 9 -2 -6 -4 -13 -14
right_child=1 4 11 -5 5 -7 -8 -9 -10 -11 -12 12 13 -15
leaf_value=-0.27179508872265046 -0.82816134917481643 0.58586380403916938 0.43295574245544577 0.43784729117871718 0.2141707210813395 0.15092735662869133 1.0899547313451767 0.22673495072784969 0.072194112880839253 -0.13902229807612038 0.46585603680037457 -0.56770014566810512 -0.15628933871896672 0.045305722390126063
leaf_weight=4688 40 643 51 203 274 571 49 349 332 146 1571 75 1119 689
leaf_count=4688 40 643 51 203 274 571 49 349 332 146 1571 75 1119 689
internal_value=0.000815956 0.346417 -0.217252 0.129158 0.421147 0.377961 0.44629 0.0564597 -0.0584783 -0.29086 0.428615 -0.0849688 -0.0992189 -0.0794821
internal_weight=10800 4178 6622 1070 3108 2465 1894 867 518 186 1845 1934 1883 1808
internal_count=10800 4178 6622 1070 3108 2465 1894 867 518 186 1845 1934 1883 1808
is_linear=0
shrinkage=0.05


Tree=56
num_leaves=15
num_cat=0
split_feature=65 65 65 22 36 9 20 4 53 51 19 17 37 21
split_gain=293942 26276.3 15887.8 9570.5 8789.04 7321.99 8526.84 7159.07 6773.87 6048.03 5078.46 4878.4 4792.65 6192.47
threshold=116.68736850000001 191.23505300000002 24.000000000000004 142.14642354166668 18.666666666666668 270.73891950000007 274.06945200000007 190.52665450000003 -0.84874750804349197 1.5000000000000002 210.81567200000003 55.894633472865308 54.125000000000007 93.105668806380606
decision_type=2 2 2 2 2 2 2 2 2 2 2 2 2 2
left_child=2 3 -1 8 -3 6 -6 -7 -2 -8 11 -10 -9 -14
right_child=1 4 -4 -5 5 7 9 12 10 -11 -12 -13 13 -15
leaf_value=-0.25820822330343873 -0.46349384953252609 -0.014949904873426404 -0.08571100404230432 0.41876641290156913 0.41676415880837436 -0.28250590429223815 0.26107138828374449 0.57071475587371323 -0.0016957229579403648 0.81741166007538735 0.38638563262361847 0.51985588981769981 0.056694454010701868 0.52798489636065915
leaf_weight=4688 60 123 1868 211 2202 57 63 125 680 237 117 47 221 101
leaf_count=4688 60 123 1868 211 2202 57 63 125 680 237 117 47 221 101
internal_value=0.000783304 0.324945 -0.209079 0.116395 0.3992 0.416145 0.451212 0.241516 0.045435 0.701836 0.0821205 0.03269 0.308818 0.205699
internal_weight=10800 4244 6556 1115 3129 3006 2502 504 904 300 844 727 447 322
internal_count=10800 4244 6556 1115 3129 3006 2502 504 904 300 844 727 447 322
is_linear=0
shrinkage=0.05


Tree=57
num_leaves=15
num_cat=0
split_feature=65 65 65 0 26 48 9 0 9 26 4 61 43 11
split_gain=265325 24186.9 14338.8 11568.4 7474.82 7376.55 6505.26 5906.67 5765.88 8487.21 7718.4 6850.32 5780.44 5417.55
threshold=116.68736850000001 215.54499550000003 24.000000000000004 272.06304300000005 18.112500000000004 9.8750000000000018 257.43111050000005 200.80666850000003 270.46035150000006 22.212500000000002 191.49803750000004 -0.68322629814330815 74.125000000000014 209.05562900000004
decision_type=2 2 2 2 2 2 2 2 2 2 2 2 2 2
left_child=2 3 -1 4 -2 -6 -5 -7 9 11 -10 -3 13 -11
right_child=1 8 -4 6 5 7 -8 -9 10 12 -12 -13 -14 -15
leaf_value=-0.24530056290190264 -0.31507889254550853 0.37018778063497076 -0.08142774670592616 0.78506608093529939 0.2520299529459914 -0.31690356601537628 0.27177169487705671 0.084584120234298649 -0.30031408659856895 0.26777440729438012 0.32128564802148163 -0.13445000542353278 0.74693138066959008 0.54977481654566374
leaf_weight=4688 97 929 1868 99 685 109 166 547 57 238 366 72 252 627
leaf_count=4688 97 929 1868 99 685 109 166 547 57 238 366 72 252 627
internal_value=0.000757422 0.308736 -0.198628 0.162793 0.106677 0.137396 0.465761 0.0174927 0.406445 0.440156 0.237013 0.333792 0.53509 0.472583
internal_weight=10800 4244 6556 1703 1438 1341 265 656 2541 2118 423 1001 1117 865
internal_count=10800 4244 6556 1703 1438 1341 265 656 2541 2118 423 1001 1117 865
is_linear=0
shrinkage=0.05


Tree=58
num_leaves=15
num_cat=0
split_feature=65 65 65 0 53 61 9 48 26 26 19 37 27 43
split_gain=239488 21831.2 13131.3 10453.3 6841.88 6819.63 5878.52 5816.21 6358.57 5379.86 7492.94 5201.82 4906.79 5885.77
threshold=116.68736850000001 215.54499550000003 28.000000000000004 272.06304300000005 -0.88144907265856332 -0.9733555533461492 257.43111050000005 15.625000000000002 18.912500000000005 28.987500000000004 115.78381500000002 51.875000000000007 22.487500000000004 71.375000000000014
decision_type=2 2 2 2 2 2 2 2 2 2 2 2 2 2
left_child=2 3 -1 4 -2 -4 -5 8 -6 10 12 -8 -3 -14
right_child=1 9 5 6 7 -7 11 -9 -10 -11 -12 -13 13 -15
leaf_value=-0.22157210942966343 -0.445817129639062 0.31839133978347184 0.59710538532675772 0.74620530718192457 -0.16528043786063792 -0.059415010671938467 0.59498102003160647 -0.045366628546516102 0.23005245875197577 0.64632189712532229 0.077732603550136392 0.026714585592970255 0.39241718232314171 0.65235964741735231
leaf_weight=5392 54 1095 40 99 114 1124 67 374 896 185 207 99 740 314
leaf_count=5392 54 1095 40 99 114 1124 67 374 896 185 207 99 740 314
internal_value=0.000729998 0.293329 -0.188699 0.154676 0.101332 -0.036361 0.442672 0.122987 0.185311 0.386159 0.365464 0.258264 0.393131 0.470402
internal_weight=10800 4244 6556 1703 1438 1164 265 1384 1010 2541 2356 166 2149 1054
internal_count=10800 4244 6556 1703 1438 1164 265 1384 1010 2541 2356 166 2149 1054
is_linear=0
shrinkage=0.05


Tree=59
num_leaves=15
num_cat=0
split_feature=65 65 65 0 36 37 61 26 32 26 3 6 9 37
split_gain=216169 19756.1 12002.1 10550.9 6506.3 5557.69 10321.7 5262.9 6570.25 5887.47 5200.14 4968.47 4755.33 4570.1
threshold=116.68736850000001 209.14510400000003 24.000000000000004 272.06304300000005 20.820312500000004 58.875000000000007 -0.68322629814330815 23.962500000000002 22.012500000000003 19.262500000000003 169.62799400000003 197.35418650000003 257.43111050000005 51.875000000000007
decision_type=2 2 2 2 2 2 2 2 2 2 2 2 2 2
left_child=2 3 -1 4 -2 -3 7 8 9 -7 -10 -6 -5 -14
right_child=1 5 -4 12 11 6 -8 -9 10 -11 -12 -13 13 -15
leaf_value=-0.22196190667879512 -0.1215679171103321 0.50056180946874218 -0.072037913717968333 0.71315674500074244 0.23175350508270928 0.21159822320129651 0.1085921659057239 0.54988293097741014 0.37136461515724661 0.48737750276708314 0.010976296609386486 0.0024314689956119531 0.59961778665411058 0.026313043667257507
leaf_weight=4688 308 560 1868 95 598 277 446 358 174 660 234 390 57 87
leaf_count=4688 308 560 1868 95 598 277 446 358 174 660 234 390 57 87
internal_value=0.000708978 0.278699 -0.179262 0.135262 0.0788023 0.359894 0.323022 0.379083 0.333246 0.406163 0.165204 0.141326 0.439818 0.255816
internal_weight=10800 4244 6556 1535 1296 2709 2149 1703 1345 937 408 988 239 144
internal_count=10800 4244 6556 1535 1296 2709 2149 1703 1345 937 408 988 239 144
is_linear=0
shrinkage=0.05


Tree=60
num_leaves=15
num_cat=0
split_feature=65 65 48 26 43 24 46 16 9 11 36 51 24 25
split_gain=195532 23325.9 10319.7 8779.49 8526.75 7634.96 7309.25 7189.73 7043.95 11159.4 7013.94 6362.48 9339.73 8154.64
threshold=163.96396250000001 84.179539500000018 14.875000000000002 21.412500000000005 76.375000000000014 237.12948350000002 48.302083333333336 285.75061850000003 117.7463455 199.57890600000005 25.415885416666672 2.5000000000000004 271.97287000000006 108.18331850496939
decision_type=2 2 2 2 2 2 2 2 2 2 2 2 2 2
left_child=1 -1 3 4 -2 -5 -3 11 10 -10 -8 12 -7 -14
right_child=2 6 -4 5 -6 7 8 -9 9 -11 -12 -13 13 -15
leaf_value=-0.1945373648178699 -0.056801230308756369 0.43626949695575212 0.036077112138865552 0.91896623622125662 0.28745233526105307 0.024749341988646034 0.08966336351636256 0.78285059693802905 -0.27399786864844605 0.074471058208730553 0.76458007041364917 0.44810660797171292 0.46190611932086773 0.086001506852145179
leaf_weight=5720 225 100 325 66 890 288 467 102 425 498 41 919 536 198
leaf_count=5720 225 100 325 66 890 288 467 102 425 498 41 919 536 198
internal_value=0.000689261 -0.148148 0.304737 0.3318 0.217995 0.391835 0.0251802 0.374365 -0.00383186 -0.0861061 0.14553 0.352507 0.266188 0.360759
internal_weight=10800 7251 3549 3224 1115 2109 1531 2043 1431 923 508 1941 1022 734
internal_count=10800 7251 3549 3224 1115 2109 1531 2043 1431 923 508 1941 1022 734
is_linear=0
shrinkage=0.05


Tree=61
num_leaves=15
num_cat=0
split_feature=65 65 48 26 16 46 9 11 7 30 51 47 30 35
split_gain=176498 21059.2 9316.2 8142.44 6813.11 6602.69 6362.63 10073.8 6468.64 5806.47 5075.46 7877.37 5376.8 4908.9
threshold=163.96396250000001 84.179539500000018 14.875000000000002 19.012500000000003 285.75061850000003 48.302083333333336 117.7463455 199.57890600000005 177.27537750000002 22.612500000000004 2.5000000000000004 78.710937500000014 19.762500000000003 19.712500000000002
decision_type=2 2 2 2 2 2 2 2 2 2 2 2 2 2
left_child=1 -1 3 -2 10 -3 8 13 -7 -6 12 -12 -5 -8
right_child=2 5 -4 4 9 6 7 -9 -10 -11 11 -13 -14 -15
leaf_value=-0.18481220471949622 0.091874822419697091 0.41467200106489338 0.034278790094315482 -0.048622805192026983 1.1993486075174242 0.32264520844702071 -0.64362767824104861 0.070754967354432138 -0.033927772341606516 0.42368439277333603 0.50172624062497773 0.26176450374515153 0.29144243303543899 -0.18444453663706614
leaf_weight=5720 363 100 325 128 41 245 69 498 263 61 777 618 1236 356
leaf_count=5720 363 100 325 128 41 245 69 498 263 61 777 618 1236 356
internal_value=0.000672782 -0.140735 0.289542 0.315256 0.343556 0.0239568 -0.0036174 -0.0818116 0.138338 0.744088 0.328484 0.395684 0.259518 -0.26033
internal_weight=10800 7251 3549 3224 2861 1531 1431 923 508 102 2759 1395 1364 425
internal_count=10800 7251 3549 3224 2861 1531 1431 923 508 102 2759 1395 1364 425
is_linear=0
shrinkage=0.05


Tree=62
num_leaves=15
num_cat=0
split_feature=65 65 65 26 43 48 9 4 26 4 36 43 48 48
split_gain=159394 15084.7 9512.32 8465.05 8230.92 5340.55 4759.98 6845 5814.46 5301.76 4639.32 4617.35 4167.26 5964.34
threshold=116.68736850000001 215.54499550000003 24.000000000000004 20.987500000000004 74.875000000000014 15.875000000000002 269.54124250000001 191.49803750000004 22.212500000000002 177.16038100000003 25.847656250000004 78.125000000000014 4.1250000000000009 4.3750000000000009
decision_type=2 2 2 2 2 2 2 2 2 2 2 2 2 2
left_child=2 3 -1 4 -2 10 8 -8 9 -3 -5 -10 -4 -14
right_child=1 6 12 5 -6 -7 7 -9 11 -11 -12 -13 13 -15
leaf_value=-0.19190274635391413 -0.44350568329062423 0.30150843492367019 0.42251075120134796 0.21669767709173474 0.056976052257363907 0.030583281276639143 -0.30102991095998072 0.24875394318844413 0.38824369266368369 -0.068980349680630978 0.57784962440647269 0.69472522599519138 -0.50666213717063269 -0.051261043569687581
leaf_weight=4688 106 885 43 780 353 364 65 402 938 108 100 143 74 1751
leaf_count=4688 106 885 43 780 353 364 65 402 938 108 100 143 74 1751
internal_value=0.000650795 0.239359 -0.153889 0.124109 -0.0593165 0.19178 0.316522 0.171752 0.349021 0.261185 0.258347 0.429391 -0.0584369 -0.069994
internal_weight=10800 4244 6556 1703 459 1244 2541 467 2074 993 880 1081 1868 1825
internal_count=10800 4244 6556 1703 459 1244 2541 467 2074 993 880 1081 1868 1825
is_linear=0
shrinkage=0.05


Tree=63
num_leaves=15
num_cat=0
split_feature=65 65 64 0 4 4 26 9 43 24 9 53 26 8
split_gain=143871 13615.7 8797.45 7894.39 6818.05 6804.51 5476.35 4679.14 4624.08 6089.37 4328.35 6024.75 5380.78 5272.36
threshold=116.68736850000001 215.54499550000003 202.07243900000003 272.06304300000005 271.69769000000002 42.523274000000008 18.112500000000004 258.3471090000001 74.375000000000014 248.07883750000005 270.46035150000006 -0.83146961230254512 22.212500000000002 210.39539700000003
decision_type=2 2 2 2 2 2 2 2 2 2 2 2 2 2
left_child=2 3 4 6 -1 -4 -2 -5 9 -8 12 -12 13 -3
right_child=1 10 5 7 -6 -7 8 -9 -10 -11 11 -13 -14 -15
leaf_value=-0.16981246037462161 -0.28936944977625045 0.29301451147453256 0.42166180006609388 0.62222875966518021 0.12504435586077828 -0.049507069399234334 -0.51288961498242502 0.19329445603883491 0.18623308010633496 0.046725096568477925 0.2699232095973445 -0.15187735543228115 0.40546356859793536 -0.030049633503822771
leaf_weight=5993 97 853 109 107 202 252 52 158 703 586 307 116 1117 148
leaf_count=5993 97 853 109 107 202 252 52 158 703 586 307 116 1117 148
internal_value=0.000624616 0.227411 -0.146197 0.117916 -0.160179 0.093529 0.0715736 0.368175 0.0978782 0.000382601 0.300721 0.154167 0.329903 0.245266
internal_weight=10800 4244 6556 1703 6195 361 1438 265 1341 638 2541 423 2118 1001
internal_count=10800 4244 6556 1703 6195 361 1438 265 1341 638 2541 423 2118 1001
is_linear=0
shrinkage=0.05


Tree=64
num_leaves=15
num_cat=0
split_feature=65 65 26 9 21 7 16 46 36 8 9 26 32 10
split_gain=130328 15896.2 7790.38 8303.4 7655.05 5830.21 5737.47 5272.49 5034.33 4932.11 4757.74 7525.7 4590.19 4817.61
threshold=163.96396250000001 63.145266500000005 22.012500000000003 97.299574000000021 29.177304534289629 95.649514500000024 288.39755700000006 48.302083333333336 19.556510416666669 289.75058750000005 201.74848100000003 21.062500000000004 22.037500000000005 256.84473950000006
decision_type=2 2 2 2 2 2 2 2 2 2 2 2 2 2
left_child=1 -1 -3 5 8 -4 10 -5 -2 -10 -6 -12 -13 -14
right_child=4 2 3 7 6 -7 -8 -9 9 -11 11 12 13 -15
leaf_value=-0.16302374274784207 -0.17309472603379814 -0.10630002913460429 0.97289416978998888 0.37747082549744765 0.44647909569433514 0.24400369396497468 0.79235185204592895 0.00048799631392650939 0.20494528433500236 -0.34571790726234519 -0.026718329415912286 0.5081259198453244 0.16934204925022567 0.38280892813610112
leaf_weight=5478 102 800 40 105 424 86 60 742 1404 41 203 221 642 452
leaf_count=5478 102 800 40 105 424 86 60 742 1404 41 203 221 642 452
internal_value=0.000599681 -0.120913 0.00921372 0.104201 0.248828 0.481236 0.3134 0.0476114 0.165116 0.189093 0.298202 0.256519 0.30023 0.257808
internal_weight=10800 7251 1773 973 3549 126 2002 847 1547 1445 1942 1518 1315 1094
internal_count=10800 7251 1773 973 3549 126 2002 847 1547 1445 1942 1518 1315 1094
is_linear=0
shrinkage=0.05


Tree=65
num_leaves=15
num_cat=0
split_feature=65 65 64 26 43 4 4 48 36 49 54 9 4 26
split_gain=117708 11113.2 7444.56 6885.05 6975.62 6166.03 5625.17 4459.88 4061.02 3913.95 3860.36 3810.92 6132.19 4528
threshold=116.68736850000001 215.54499550000003 205.25203900000005 20.987500000000004 76.625000000000014 42.523274000000008 272.06304300000005 15.875000000000002 25.847656250000004 3.5000000000000004 1.0000000180025095e-35 268.69404500000007 192.69905300000002 22.487500000000004
decision_type=2 2 2 2 2 2 2 2 2 2 2 2 2 2
left_child=2 3 6 4 9 -4 -1 8 -5 -2 -10 13 -13 -3
right_child=1 11 5 7 -6 -7 -8 -9 10 -11 -12 12 -14 -15
leaf_value=-0.15342808366598587 -0.047651434417136693 0.22767372317043222 0.4128622007937659 0.1897154336414886 0.062103691304454936 -0.044946174829350261 0.11896664264174749 0.020540932231672009 0.8222914350482653 -0.60844767466187477 0.19789467922278814 -0.26921175163487593 0.22076353418806027 0.3774051547248245
leaf_weight=6012 54 1019 104 780 332 245 195 364 52 73 48 74 433 1015
leaf_count=6012 54 1019 104 780 332 245 195 364 52 73 48 74 433 1015
internal_value=0.000584904 0.205717 -0.132218 0.106795 -0.0586205 0.0922679 -0.144853 0.167826 0.228656 -0.372234 0.527508 0.271948 0.148859 0.302541
internal_weight=10800 4244 6556 1703 459 349 6207 1244 880 127 100 2541 507 2034
internal_count=10800 4244 6556 1703 459 349 6207 1244 880 127 100 2541 507 2034
is_linear=0
shrinkage=0.05


Tree=66
num_leaves=15
num_cat=0
split_feature=65 65 64 0 24 9 26 43 24 37 24 26 19 13
split_gain=106267 9456.28 7568.95 6246.06 4750.93 4170.96 3884.53 4181.22 5017.19 3782.49 3752.8 3707.01 5209.23 3610.37
threshold=119.46223000000002 215.54499550000003 102.28766700000001 272.06304300000005 274.65417650000006 257.43111050000005 18.912500000000005 74.375000000000014 248.07883750000005 51.875000000000007 283.84321050000005 28.987500000000004 115.78381500000002 0.78096523223748482
decision_type=2 2 2 2 2 2 2 2 2 2 2 2 2 2
left_child=2 3 -1 6 -4 -5 -2 8 -8 -7 -6 12 13 -3
right_child=1 11 4 5 10 9 7 -9 -10 -11 -12 -13 -14 -15
leaf_value=-0.15012225734401927 -0.19978722105409172 0.15323558452251285 -0.084182593846760162 0.59068463249132042 0.29251531975364292 0.4621007949990385 -0.46952096783327613 0.17856657873084092 0.039301068680146246 -0.022023510202736362 -0.0044489402947258862 0.47392971124700323 0.0016740869878468893 0.30229599278873298
leaf_weight=5346 128 549 839 95 181 67 52 633 563 99 256 185 207 1600
leaf_count=5346 128 549 839 95 181 67 52 633 563 99 256 185 207 1600
internal_value=0.000562725 0.19799 -0.124011 0.10418 -0.0145802 0.327963 0.0615249 0.0884647 -0.00441365 0.174973 0.118937 0.258361 0.24124 0.264305
internal_weight=10800 4178 6622 1637 1276 261 1376 1248 615 166 437 2541 2356 2149
internal_count=10800 4178 6622 1637 1276 261 1376 1248 615 166 437 2541 2356 2149
is_linear=0
shrinkage=0.05


Tree=67
num_leaves=15
num_cat=0
split_feature=65 0 64 9 48 26 26 49 24 51 31 30 25 47
split_gain=96115.6 12544.8 7507.12 9809.72 6522.61 6419.46 6042.87 4519.73 10870.1 6016 5463.93 4671.58 5166.21 4095.75
threshold=163.96396250000001 202.80111400000004 202.07243900000003 100.74374050000002 14.875000000000002 16.862500000000004 30.212500000000002 3.5000000000000004 277.22543400000006 2.5000000000000004 16.862500000000004 19.762500000000003 108.18331850496939 79.207031250000014
decision_type=2 2 2 2 2 2 2 2 2 2 2 2 2 2
left_child=1 2 -1 -4 5 -2 7 9 -9 11 -11 -7 -13 -10
right_child=4 -3 3 -5 -6 6 -8 8 13 10 -12 12 -14 -15
leaf_value=-0.13953763603447963 -0.35887643388575979 0.11461312008023905 0.25201934079594962 -0.17070583945282281 0.00021689979543772304 -0.12354959623631219 0.72925137250078109 -0.14691619710882708 0.35710742707604604 -0.18169750313460828 0.35289783697275179 0.26370166077574125 -0.034895024695751169 -0.078350701541498757
leaf_weight=6100 44 602 291 258 325 115 62 244 309 49 1327 834 175 65
leaf_count=6100 44 602 291 258 325 115 62 244 309 49 1327 834 175 65
internal_value=0.000541828 -0.10381 -0.1236 0.0534124 0.213713 0.235229 0.243559 0.233671 0.112339 0.263607 0.333743 0.177527 0.21193 0.281419
internal_weight=10800 7251 6649 549 3549 3224 3180 3118 618 2500 1376 1124 1009 374
internal_count=10800 7251 6649 549 3549 3224 3180 3118 618 2500 1376 1124 1009 374
is_linear=0
shrinkage=0.05


Tree=68
num_leaves=15
num_cat=0
split_feature=65 65 65 9 37 0 25 34 24 17 61 49 41 22
split_gain=86753 8021.05 7029.76 7997.93 10124.8 5880.49 5191.21 4759.39 4758.47 4324.09 3989.91 3783.73 4155.2 3693.76
threshold=129.53476700000002 24.000000000000004 261.41806150000008 258.63541800000007 50.375000000000007 272.71499900000009 1.3929144003015315 17.001041666666669 274.65417650000006 75.223936112024205 -0.58216583101416131 4.5000000000000009 80.875000000000014 138.80926445833336
decision_type=2 2 2 2 2 2 2 2 2 2 2 2 2 2
left_child=1 -1 3 5 -5 7 -3 -2 -8 -4 -10 -9 -13 -12
right_child=2 6 9 4 -6 -7 8 11 10 -11 13 12 -14 -15
leaf_value=-0.14360536193512072 -0.30126496544655634 0.49237015814857288 0.26776447148647414 0.38351384821037454 -0.070630178378791444 0.53222379703675549 -0.089715733798724134 0.20902777509215739 0.30959663242905688 0.79175303393020868 -0.14151881165834596 0.22742259033462583 -0.39672351522105087 0.12302213150861802
leaf_weight=4688 50 46 1220 149 674 123 1456 1575 138 40 231 50 55 305
leaf_count=4688 50 46 1220 149 674 123 1456 1575 138 40 231 50 55 305
internal_value=0.000518602 -0.106787 0.187629 0.141686 0.011956 0.199267 -0.027436 0.175301 -0.0388876 0.285014 0.0708835 0.189655 -0.100169 0.00896165
internal_weight=10800 6864 3936 2676 823 1853 2176 1730 2130 1260 674 1680 105 536
internal_count=10800 6864 3936 2676 823 1853 2176 1730 2130 1260 674 1680 105 536
is_linear=0
shrinkage=0.05


Tree=69
num_leaves=15
num_cat=0
split_feature=65 0 64 9 31 8 16 61 47 65 47 32 26 9
split_gain=78381.6 10591.4 6329.43 8827.22 5544.99 5349.83 5451.62 7294.41 4048.71 3865.65 3825.83 3626.1 5417.21 4316.52
threshold=163.96396250000001 202.80111400000004 202.07243900000003 105.66305050000001 18.512500000000003 299.42234450000007 272.70666550000004 -0.72947329433276253 73.363281250000014 63.145266500000005 76.050781250000014 22.037500000000005 23.487500000000004 239.33377250000004
decision_type=2 2 2 2 2 2 2 2 2 2 2 2 2 2
left_child=1 2 -1 9 10 6 7 11 -5 -4 -2 -6 13 -13
right_child=4 -3 3 8 5 -7 -8 -9 -10 -11 -12 12 -14 -15
leaf_value=-0.12655017253901724 -0.45487012536752797 0.10696496593736569 -0.084360542059876031 0.015614024092670249 0.32592826008458425 -0.3429377210521421 0.36043757147405814 0.085195084109761607 -0.40591501932252538 0.31713647600478057 0.059170383260450293 0.2132795684784651 0.30363814453831972 -0.13224240869363363
leaf_weight=6100 41 602 79 118 858 42 565 1031 109 243 261 174 391 186
leaf_count=6100 41 602 79 118 858 42 565 1031 109 243 261 174 391 186
internal_value=0.000502827 -0.0937318 -0.111916 0.050618 0.193007 0.212062 0.219439 0.189138 -0.187687 0.218676 -0.0118875 0.255648 0.175028 0.0348881
internal_weight=10800 7251 6649 549 3549 3247 3205 2640 227 322 302 1609 751 360
internal_count=10800 7251 6649 549 3549 3247 3205 2640 227 322 302 1609 751 360
is_linear=0
shrinkage=0.05


Tree=70
num_leaves=15
num_cat=0
split_feature=65 11 64 9 36 6 26 49 24 51 30 22 19 38
split_gain=70841.7 10427.8 5720.85 7262.65 5011.59 4777.54 4992.93 4285.68 10192.1 6872.42 4016.26 4720.75 4840.22 8363.2
threshold=176.47971500000003 199.57890600000005 194.08626900000004 105.66305050000001 18.666666666666668 234.30970600000003 30.212500000000002 3.5000000000000004 277.22543400000006 2.5000000000000004 19.762500000000003 145.09375083333336 76.362289000000018 54.375000000000007
decision_type=2 2 2 2 2 2 2 2 2 2 2 2 2 2
left_child=1 2 -1 -4 -2 6 7 9 -9 10 -6 12 -12 -14
right_child=4 -3 3 -5 5 -7 -8 8 -10 -11 11 -13 13 -15
leaf_value=-0.12068427647639859 -0.11206856690823359 0.091473648291880733 0.18514874615468441 -0.17031220845043413 -0.13079578073806741 -0.036405139383228133 0.66173262879733119 -0.16248974947827974 0.25596432823765725 0.31648622805578819 0.3058313927999407 -0.018248354204588087 0.42684460966519905 -0.27438666923674493
leaf_weight=6062 132 741 355 240 116 198 61 242 362 1284 599 233 70 105
leaf_count=6062 132 741 355 240 116 198 61 242 362 1284 599 233 70 105
internal_value=0.000478799 -0.0863586 -0.106164 0.0417243 0.189286 0.201481 0.21682 0.20759 0.0883141 0.237472 0.146928 0.179018 0.238348 0.00693739
internal_weight=10800 7398 6657 595 3402 3270 3072 3011 604 2407 1123 1007 774 175
internal_count=10800 7398 6657 595 3402 3270 3072 3011 604 2407 1123 1007 774 175
is_linear=0
shrinkage=0.05


Tree=71
num_leaves=15
num_cat=0
split_feature=65 65 36 9 37 0 65 48 48 49 22 17 47 25
split_gain=63947.1 7014.33 6389.29 6110.27 8022.22 5700.88 4673.16 3936.69 4983.68 3929.77 4853.7 3810.18 3420.68 3390.55
threshold=116.68736850000001 261.41806150000008 20.950520833333336 258.63541800000007 51.375000000000007 272.71499900000009 24.000000000000004 4.1250000000000009 4.3750000000000009 1.0000000180025095e-35 116.56884092187504 75.223936112024205 69.368489583333357 98.519875261515907
decision_type=2 2 2 2 2 2 2 2 2 2 2 2 2 2
left_child=6 2 9 5 -5 -4 -1 -8 -9 -2 -11 -3 -6 -14
right_child=1 11 3 4 12 -7 7 8 -10 10 -12 -13 13 -15
leaf_value=-0.12406753880252053 0.17626011434806299 0.23439046928663335 0.16839944495447634 0.3274175870092586 -0.44695795607487004 0.49544785904047428 0.43685601180927319 -0.44090729566415154 -0.024664085732172797 -0.4085374896959314 -0.01985474020849589 0.72603131002042354 -0.30055631063878541 0.036209780783583854
leaf_weight=4688 158 1220 1573 159 55 145 43 74 1751 105 332 40 93 364
leaf_count=4688 158 1220 1573 159 55 145 43 74 1751 105 332 40 93 364
internal_value=0.000460495 0.151657 0.109825 0.146325 0.0183355 0.196275 -0.0974242 -0.0305286 -0.0417741 -0.0367303 -0.113965 0.250561 -0.0781001 -0.0328291
internal_weight=10800 4244 2984 2389 671 1718 6556 1868 1825 595 437 1260 512 457
internal_count=10800 4244 2984 2389 671 1718 6556 1868 1825 595 437 1260 512 457
is_linear=0
shrinkage=0.05


Tree=72
num_leaves=15
num_cat=0
split_feature=65 11 64 9 36 6 16 30 49 24 51 36 46 47
split_gain=58248.3 8609.75 4830.12 6452.26 4274.46 4099.6 4470.03 5272.5 4545.95 8216.84 5611.24 4339.13 3794.68 4073.38
threshold=176.47971500000003 199.57890600000005 194.08626900000004 105.66305050000001 18.666666666666668 234.30970600000003 285.75061850000003 22.612500000000004 3.5000000000000004 275.84149600000006 2.5000000000000004 25.466666666666672 48.302083333333336 66.093750000000014
decision_type=2 2 2 2 2 2 2 2 2 2 2 2 2 2
left_child=1 2 -1 -4 -2 6 8 -8 10 -10 -6 -12 -3 -14
right_child=4 12 3 -5 5 -7 7 -9 9 -11 11 -13 13 -15
leaf_value=-0.10963864040892966 -0.10665017676826818 0.35579284341373579 0.17477587647866877 -0.16026723114193972 0.13504382297009304 -0.037437899411017141 0.95353122836067572 0.21812770319033842 -0.16265252733130242 0.21520529742221492 0.26984307645558386 0.74246881972340972 -0.3750154020908204 0.075248470139882437
leaf_weight=6062 132 108 355 240 1117 198 41 60 241 354 1209 50 54 579
leaf_count=6062 132 108 355 240 1117 198 41 60 241 354 1209 50 54 579
internal_value=0.000441339 -0.0783003 -0.0962967 0.0395903 0.171646 0.182909 0.197118 0.523079 0.185865 0.0621409 0.216809 0.289187 0.083288 0.0363064
internal_weight=10800 7398 6657 595 3402 3270 3072 101 2971 595 2376 1259 741 633
internal_count=10800 7398 6657 595 3402 3270 3072 101 2971 595 2376 1259 741 633
is_linear=0
shrinkage=0.05


Tree=73
num_leaves=15
num_cat=0
split_feature=65 11 64 9 37 61 35 46 47 32 5 49 16 28
split_gain=52583.7 7770.71 4381.73 6625 4236.49 8881.56 4967.39 3428.92 3682.2 4988.77 3381.03 3303.19 3746.27 3211.26
threshold=176.47971500000003 199.57890600000005 202.07243900000003 97.299574000000021 54.625000000000007 -0.63405362205439475 23.850000000000005 48.302083333333336 66.093750000000014 30.012500000000003 272.06304300000005 1.0000000180025095e-35 285.75061850000003 27.987500000000004
decision_type=2 2 2 2 2 2 2 2 2 2 2 2 2 2
left_child=1 2 -1 -4 10 6 -6 -3 -9 -10 -2 -7 13 -13
right_child=4 7 3 -5 5 11 -8 8 9 -11 -12 12 -14 -15
leaf_value=-0.10369148421007453 0.24497851037741172 0.3381664071949797 0.2187289765616367 -0.12683458051657479 0.18283345928772135 0.19124187578292773 0.63798458243329681 -0.35660555624149065 0.027392591557624503 0.5596962089339893 0.62242781362363275 -0.043510692035411733 0.37036634659767154 -0.43727571830610962
leaf_weight=6104 417 108 272 281 1995 186 61 54 532 47 69 569 49 56
leaf_count=6104 417 108 272 281 1995 186 61 54 532 47 69 569 49 56
internal_value=0.000429403 -0.0743855 -0.0914826 0.0432232 0.163096 0.140228 0.196641 0.0791274 0.0344675 0.0714925 0.299735 0.00529006 -0.0462333 -0.0794342
internal_weight=10800 7398 6657 553 3402 2916 2056 741 633 579 486 860 674 625
internal_count=10800 7398 6657 553 3402 2916 2056 741 633 579 486 860 674 625
is_linear=0
shrinkage=0.05


Tree=74
num_leaves=15
num_cat=0
split_feature=65 11 26 43 37 21 64 9 45 34 22 22 47 46
split_gain=47466.1 7016.39 4065.37 4557.77 6559.89 5948.04 3955.03 5981.34 3514.44 4099.14 5597.26 3338.01 3752.42 3097.54
threshold=176.47971500000003 199.57890600000005 19.862500000000004 70.875000000000014 60.875000000000007 98.266410409459311 202.07243900000003 97.299574000000021 89.760416666666671 22.328125000000004 88.043009151041687 128.4334668229167 77.855468750000014 48.302083333333336
decision_type=2 2 2 2 2 2 2 2 2 2 2 2 2 2
left_child=1 6 -2 4 -4 11 -1 -8 9 -5 -11 12 -6 -3
right_child=2 13 3 8 5 -7 7 -9 -10 10 -12 -13 -14 -15
leaf_value=-0.098507755507152905 0.022302480649315951 0.3214132105880374 0.23008266661976107 0.17174115007518223 -0.045714827085083183 0.29773439661959655 0.20783258954902273 -0.12051533785721301 0.70304823030785824 0.73164628812347554 0.26713162087820347 -0.1201953696307248 0.35155586207419942 0.032762255369023087
leaf_weight=6104 494 108 730 893 153 162 272 281 40 82 309 443 96 633
leaf_count=6104 494 108 730 893 153 162 272 281 40 82 309 443 96 633
internal_value=0.000418702 -0.0706625 0.154967 0.177489 0.120136 0.0259939 -0.0869085 0.0410703 0.245962 0.231186 0.366167 -0.0379595 0.108243 0.0752093
internal_weight=10800 7398 3402 2908 1584 854 6657 553 1324 1284 391 692 249 741
internal_count=10800 7398 3402 2908 1584 854 6657 553 1324 1284 391 692 249 741
is_linear=0
shrinkage=0.05


Tree=75
num_leaves=15
num_cat=0
split_feature=65 65 36 24 22 26 48 26 31 43 37 21 34 22
split_gain=42852.6 6371.85 3980.39 6013.87 5355.86 3853.84 3904.03 4007.1 3709.43 3203.96 5799.55 5972.22 5542.87 5476.69
threshold=176.47971500000003 84.179539500000018 25.007552083333334 322.54412650000006 144.3220852135417 16.862500000000004 14.875000000000002 30.212500000000002 23.162500000000005 68.875000000000014 58.875000000000007 100.35874753866986 22.209375000000001 88.043009151041687
decision_type=2 2 2 2 2 2 2 2 2 2 2 2 2 2
left_child=1 -1 -3 4 -4 -2 7 9 -6 10 -7 -12 -11 -14
right_child=5 2 3 -5 8 6 -8 -9 -10 12 11 -13 13 -15
leaf_value=-0.092256357980863735 -0.3129457400242488 -0.013577241247494551 0.58142389481725665 -0.34426315824190779 -0.18210749687286953 0.22574719800748866 -0.048088851230839891 0.56302710676950118 0.3981035499852531 0.15115719545213119 -0.060422204649501349 0.33929375718507143 0.66719014378229413 0.25606616833142892
leaf_weight=5720 44 1430 97 41 62 499 224 62 48 1412 590 110 105 356
leaf_count=5720 44 1430 97 41 62 499 224 62 48 1412 590 110 105 356
internal_value=0.000411431 -0.067127 0.0185383 0.203031 0.312567 0.147257 0.153379 0.167789 0.0723811 0.159632 0.0956881 0.00278471 0.200492 0.350948
internal_weight=10800 7398 1678 248 207 3402 3358 3134 110 3072 1199 700 1873 461
internal_count=10800 7398 1678 248 207 3402 3358 3134 110 3072 1199 700 1873 461
is_linear=0
shrinkage=0.05


Tree=76
num_leaves=15
num_cat=0
split_feature=65 0 21 43 16 61 24 34 3 40 9 52 52 60
split_gain=38683.5 5972.49 3537.74 3570.39 5521.39 3433.07 4281.91 3222.65 3100.84 3037.92 3027.83 2942.74 3996.28 2800.46
threshold=176.47971500000003 203.60231050000002 25.201832846893215 70.875000000000014 256.79761150000007 -0.3520614488341256 274.65417650000006 22.328125000000004 209.84875250000002 73.375000000000014 106.36441800000001 0.88144907265856365 0.84874750804349197 -0.9733555533461492
decision_type=2 2 2 2 2 2 2 2 2 2 2 2 2 2
left_child=1 5 -2 4 -4 6 10 -5 9 -6 -1 12 -7 -3
right_child=2 13 3 7 8 11 -8 -9 -10 -11 -12 -13 -14 -15
leaf_value=-0.022090702523722461 0.068438793828817207 0.30662412572948433 -0.030133070894894573 0.19217349172810649 0.18767499976924487 -0.097627710934287279 0.15935890573329203 0.39872156665222791 0.22642744559414676 -0.32097382274540992 -0.27043880697947448 -0.34804653828604182 0.20183367331495933 0.031863269376449337
leaf_weight=949 1149 109 406 668 62 5083 298 265 798 54 140 113 113 593
leaf_count=949 1149 109 406 668 62 5083 298 265 798 54 140 113 113 593
internal_value=0.000400714 -0.0637683 0.139921 0.176329 0.123256 -0.0783153 -0.00826349 0.251203 0.19135 -0.0498294 -0.0542367 -0.0966116 -0.0910776 0.074901
internal_weight=10800 7398 3402 2253 1320 6696 1387 933 914 116 1089 5309 5196 702
internal_count=10800 7398 3402 2253 1320 6696 1387 933 914 116 1089 5309 5196 702
is_linear=0
shrinkage=0.05


Tree=77
num_leaves=15
num_cat=0
split_feature=65 65 22 26 31 24 30 64 44 9 22 0 36 46
split_gain=34927.6 5514.73 3785.75 3463.5 3439.9 3949.57 4980.53 3657.27 3459.3 4151.31 3334.52 3285.9 3198.27 3248.86
threshold=178.90988100000004 24.000000000000004 138.91248203125005 16.862500000000004 16.862500000000004 238.41033300000004 21.962500000000002 244.06473100000002 54.531250000000007 259.83896700000008 30.15955740104167 261.26135000000005 24.250520833333336 84.276041666666671
decision_type=2 2 2 2 2 2 2 2 2 2 2 2 2 2
left_child=1 -1 10 -2 -5 6 -6 8 -7 11 -3 -10 13 -11
right_child=3 2 -4 4 5 7 -8 -9 9 12 -12 -13 -14 -15
leaf_value=-0.093018000949341803 -0.30203832340737186 0.2868733870677459 0.10951964094130429 -0.22935981887482826 0.19899271530439772 0.26146174069846095 0.6832751447207307 0.18257731769941582 0.072869527610331275 0.031800391063999733 -0.046095666858831513 0.38586786655881972 -0.38695704772004058 -0.39086039458902988
leaf_weight=4688 44 77 580 61 200 204 72 1577 625 361 2095 96 69 51
leaf_count=4688 44 77 580 61 200 204 72 1577 625 361 2095 96 69 51
internal_value=0.000383842 -0.0600418 -0.00385379 0.134161 0.140039 0.14703 0.329218 0.130312 0.0716028 0.03919 -0.0341649 0.115021 -0.0744813 -0.021339
internal_weight=10800 7440 2752 3360 3316 3255 272 2983 1406 1202 2172 721 481 412
internal_count=10800 7440 2752 3360 3316 3255 272 2983 1406 1202 2172 721 481 412
is_linear=0
shrinkage=0.05


Tree=78
num_leaves=15
num_cat=0
split_feature=65 0 65 48 48 26 32 33 17 24 24 36 36 8
split_gain=31524.1 5188.61 3432.74 3534.49 5552.35 3144.38 3824.06 5190.76 3679.92 3525.51 4150.07 4023.45 3474.17 3095.62
threshold=178.90988100000004 272.71499900000009 24.000000000000004 4.1250000000000009 4.3750000000000009 19.962500000000002 22.012500000000003 20.996875000000006 1.0026559406380949e-06 243.11060200000003 266.90505200000007 21.809635416666669 22.693489583333342 289.75058750000005
decision_type=2 2 2 2 2 2 2 2 2 2 2 2 2 2
left_child=1 2 -1 -4 -5 -2 8 -8 -7 -9 11 -11 -13 -12
right_child=5 -3 3 4 -6 6 7 9 -10 10 13 12 -14 -15
leaf_value=-0.088368090484462133 0.012957003005031571 0.24674055386145693 0.30623186793541768 -0.43203572914367766 -0.013771709649555673 0.068853975712026214 -0.23031958405398459 0.57058710191737527 0.29543006456218901 0.10120992652418165 0.1688900197519605 -0.46760228842687912 0.033330054037154666 -0.20445477408356966
leaf_weight=4688 509 137 81 81 2453 248 106 43 652 207 1399 77 62 57
leaf_count=4688 509 137 81 81 2453 248 106 43 652 207 1399 77 62 57
internal_value=0.000368192 -0.057038 -0.0627697 -0.0168623 -0.0273068 0.127461 0.147892 0.108467 0.233141 0.128045 0.117175 -0.0383905 -0.245523 0.154144
internal_weight=10800 7440 7303 2615 2534 3360 2851 1951 900 1845 1802 346 139 1456
internal_count=10800 7440 7303 2615 2534 3360 2851 1951 900 1845 1802 346 139 1456
is_linear=0
shrinkage=0.05


Tree=79
num_leaves=15
num_cat=0
split_feature=65 11 26 31 24 46 37 9 39 64 9 47 65 61
split_gain=28452.2 4730.7 3045.48 3102.7 3429.35 4455.94 3250.59 5063.52 3133.58 3041.84 4717.57 3519.68 2955.9 2887.2
threshold=178.90988100000004 199.57890600000005 16.862500000000004 16.862500000000004 238.41033300000004 81.588541666666671 65.125000000000014 263.81563600000004 82.125000000000014 194.08626900000004 105.66305050000001 73.363281250000014 63.145266500000005 -0.83146961230254512
decision_type=2 2 2 2 2 2 2 2 2 2 2 2 2 2
left_child=1 9 -2 -4 5 -5 -6 13 -9 -1 12 -12 -11 -8
right_child=2 -3 3 4 6 -7 7 8 -10 10 11 -13 -14 -15
leaf_value=-0.078372841708714752 -0.28790545771519344 0.062843753231655641 -0.224181416642762 0.77115604977968133 0.18387751657594326 0.21454680189490319 0.17727187713534534 -0.015924212028784839 -0.37882670045581962 -0.090723718314067184 0.054583825314044959 -0.32652595897315673 0.23828288858005806 0.035777874821246551
leaf_weight=6068 44 773 61 42 1143 230 853 288 74 91 124 117 267 625
leaf_count=6068 44 773 61 42 1143 230 853 288 74 91 124 117 267 625
internal_value=0.000351484 -0.0541859 0.121093 0.126605 0.133246 0.303004 0.117671 0.0764655 -0.0909479 -0.0677622 0.0396769 -0.131021 0.154633 0.117503
internal_weight=10800 7440 3360 3316 3255 272 2983 1840 362 6667 599 241 358 1478
internal_count=10800 7440 3360 3316 3255 272 2983 1840 362 6667 599 241 358 1478
is_linear=0
shrinkage=0.05


Tree=80
num_leaves=15
num_cat=0
split_feature=65 0 26 61 37 8 15 25 64 15 26 8 25 9
split_gain=25680.6 4498.42 2930.94 3906.85 4782.05 4003.25 2995.86 2886.31 2871.65 2846.83 2711.1 4460.25 3532.79 2805.33
threshold=178.90988100000004 272.71499900000009 30.212500000000002 -0.72947329433276253 56.875000000000007 197.46853500000003 206.32641350000003 109.2624300420939 102.91330200000002 217.18543900000003 23.962500000000002 256.84630900000008 107.51092097108513 272.53009250000008
decision_type=2 2 2 2 2 2 2 2 2 2 2 2 2 2
left_child=1 8 3 10 9 -6 -7 -4 -1 -5 11 13 -12 -2
right_child=2 -3 7 4 5 6 -8 -9 -10 -11 12 -13 -14 -15
leaf_value=-0.074373301670404166 0.1677971657816244 0.23137351154363245 0.68001188794771839 0.13027714481001873 0.074694929141911989 -0.22004959800495061 0.051801356710254765 0.093575849038798634 -0.0008359140535031998 0.48699336719713104 0.32354064306611163 -0.12548615004748062 -0.020776406257984142 -0.22688027090848761
leaf_weight=5559 1161 137 44 348 567 290 155 40 1744 66 388 163 92 46
leaf_count=5559 1161 137 44 348 567 290 155 40 1744 66 388 163 92 46
internal_value=0.000335464 -0.0514776 0.115046 0.107486 0.0452478 -0.0133531 -0.125456 0.405143 -0.0568147 0.188181 0.155409 0.119429 0.257641 0.15258
internal_weight=10800 7440 3360 3276 1426 1012 445 84 7303 414 1850 1370 480 1207
internal_count=10800 7440 3360 3276 1426 1012 445 84 7303 414 1850 1370 480 1207
is_linear=0
shrinkage=0.05


Tree=81
num_leaves=15
num_cat=0
split_feature=65 0 65 9 44 65 15 30 64 22 17 5 9 32
split_gain=23182.6 4062.33 2813.98 4452.52 5257.33 3382.28 6822.85 3122.25 2720.12 4186.46 2707.79 2689.38 2507.86 2460.08
threshold=178.90988100000004 272.71499900000009 261.41806150000008 259.83896700000008 54.531250000000007 231.71423250000004 195.31161050000003 17.012500000000003 202.07243900000003 111.13311288020834 75.223936112024205 261.26135000000005 114.78420550000001 26.512500000000003
decision_type=2 2 2 2 2 2 2 2 2 2 2 2 2 2
left_child=1 8 3 7 -5 -6 -7 -2 -1 -10 -4 -3 -11 -14
right_child=2 11 10 4 5 6 -8 -9 9 12 -12 -13 13 -15
leaf_value=-0.062946029533625866 -0.16916716810357704 0.52220850912077976 0.15479507458964126 0.20686584397529564 -0.049393037732881617 -0.87450435880926392 -0.071500397402129753 0.13628822355927209 -0.14230282214270293 0.22772604808266317 0.56876061631412045 0.058006894793156738 -0.27451272282749412 0.17291647698434573
leaf_weight=6722 88 47 1220 152 311 41 72 1436 190 270 40 90 59 62
leaf_count=6722 88 47 1220 152 311 41 72 1436 190 270 40 90 59 62
internal_value=0.000325968 -0.0489027 0.109314 0.0738132 -0.0445561 -0.134963 -0.367971 0.118551 -0.0539744 0.0497541 0.168377 0.219889 0.143206 -0.0457133
internal_weight=10800 7440 3360 2100 576 424 113 1524 7303 581 1260 137 391 121
internal_count=10800 7440 3360 2100 576 424 113 1524 7303 581 1260 137 391 121
is_linear=0
shrinkage=0.05


Tree=82
num_leaves=15
num_cat=0
split_feature=65 26 48 38 36 22 49 42 47 31 46 48 7 51
split_gain=21109 6214.52 5480.11 4924.4 4301.55 7122.55 3927.72 4349.32 5923.44 5757.64 3909.3 3280.21 3474.29 3131.02
threshold=87.394937500000012 19.012500000000003 15.875000000000002 92.375000000000014 25.847656250000004 145.63369552083336 3.5000000000000004 67.375000000000014 69.695312500000014 22.087500000000002 48.302083333333336 9.1250000000000018 134.46904250000003 1.5000000000000002
decision_type=2 2 2 2 2 2 2 2 2 2 2 2 2 2
left_child=-1 11 3 4 6 -6 13 -8 9 -9 -4 12 -2 -3
right_child=1 2 10 -5 5 -7 7 8 -10 -11 -12 -13 -14 -15
leaf_value=-0.064755518565539225 0.1073019384564832 0.023772042027364174 0.27044973927454985 0.63534000953608805 0.63768469209086598 0.12386609671973099 -0.33909565149750343 0.86264879899780933 -0.0060178157820877055 0.018997632657609335 -0.067222588374796846 -0.3108430607536854 -0.17076769011031254 0.15957310299922875
leaf_weight=5786 249 545 97 45 100 205 82 40 681 40 683 120 203 1924
leaf_count=5786 249 545 97 45 100 205 82 40 681 40 683 120 203 1924
internal_value=0.000311535 0.0753948 0.0953698 0.120995 0.114422 0.293865 0.0978135 0.00461897 0.0420516 0.446265 -0.0249375 -0.0796215 -0.0176846 0.129619
internal_weight=10800 5014 4442 3662 3617 305 3312 843 761 80 780 572 452 2469
internal_count=10800 5014 4442 3662 3617 305 3312 843 761 80 780 572 452 2469
is_linear=0
shrinkage=0.05


Tree=83
num_leaves=15
num_cat=0
split_feature=65 26 48 38 36 22 49 26 36 47 43 42 46 48
split_gain=19056.6 5612.57 4946.93 4456.33 3886.89 6435.64 3543.09 4065.36 4798.6 9608.53 4282.16 3546.92 3531.29 2962.97
threshold=87.394937500000012 19.012500000000003 15.875000000000002 92.375000000000014 25.847656250000004 145.63369552083336 3.5000000000000004 20.987500000000004 24.062760416666674 70.914062500000014 77.875000000000014 76.875000000000014 48.302083333333336 9.1250000000000018
decision_type=2 2 2 2 2 2 2 2 2 2 2 2 2 2
left_child=-1 13 3 4 6 -6 -3 10 9 -9 -8 -10 -4 -2
right_child=1 2 12 -5 5 -7 7 8 11 -11 -12 -13 -14 -15
leaf_value=-0.061518300802608887 -0.016807374989235607 0.12314131095424777 0.25706523871144321 0.60426358852697459 0.60611614428534377 0.1177028557131953 -0.42858194726690346 0.8442086869342762 -0.03221562813716726 0.070419769407775501 0.033921463478320431 -0.58243878665493765 -0.063866372940801802 -0.29542935423491418
leaf_weight=5786 452 2469 97 45 100 205 97 43 103 458 102 40 683 120
leaf_count=5786 452 2469 97 45 100 205 97 43 103 458 102 40 683 120
internal_value=0.000304666 0.0716445 0.0906275 0.114974 0.108721 0.279296 0.0929337 0.00441981 0.0654844 0.138382 -0.192536 -0.1891 -0.0236776 -0.0756731
internal_weight=10800 5014 4442 3662 3617 305 3312 843 644 501 199 143 780 572
internal_count=10800 5014 4442 3662 3617 305 3312 843 644 501 199 143 780 572
is_linear=0
shrinkage=0.05


Tree=84
num_leaves=15
num_cat=0
split_feature=65 26 37 24 35 37 5 24 20 47 65 9 49 40
split_gain=17202.1 5068.21 4577.92 4344.63 7989.51 4381.39 6226.01 4283.41 6090.85 4153.97 3764.42 3683.13 3225.61 2934.72
threshold=87.394937500000012 19.012500000000003 92.375000000000014 238.41033300000004 21.242708333333336 62.875000000000007 233.17382900000004 307.27302800000007 278.56941200000006 81.209635416666671 261.11031350000002 263.81563600000004 1.5000000000000002 82.875000000000014
decision_type=2 2 2 2 2 2 2 2 2 2 2 2 2 2
left_child=-1 -2 3 4 9 7 10 8 -5 -3 11 -7 -8 -13
right_child=1 2 -4 5 -6 6 12 -9 -10 -11 -12 13 -14 -15
leaf_value=-0.058442916866822882 -0.071916702166801058 -0.16604456095905096 0.61215993580294814 0.10368551206316562 0.62163513022140393 0.065800267065549187 0.021676009737146566 -0.14384884202868498 0.35630873631170168 0.35736755343583915 0.19302487431865623 -0.029082671701106972 -0.17503531759032592 -0.49652122051086067
leaf_weight=5786 572 90 40 903 102 1276 398 118 324 64 547 92 436 52
leaf_count=5786 572 90 40 903 102 1276 398 118 324 64 547 92 436 52
internal_value=0.000294877 0.0680746 0.0861135 0.0811955 0.280729 0.0688104 0.0331701 0.142952 0.170629 0.0523796 0.0816993 0.0387098 -0.0812476 -0.20014
internal_weight=10800 5014 4442 4402 256 4146 2801 1345 1227 154 1967 1420 834 144
internal_count=10800 5014 4442 4402 256 4146 2801 1345 1227 154 1967 1420 834 144
is_linear=0
shrinkage=0.05


Tree=85
num_leaves=15
num_cat=0
split_feature=65 26 48 45 38 36 46 49 42 47 47 48 7 51
split_gain=15528.2 4575.35 4260.52 3894.89 3587.72 3449.24 4414.26 3170.14 3832.12 5982.95 3057.82 2677.15 3137.19 2585.39
threshold=87.394937500000012 19.012500000000003 14.375000000000002 54.520833333333336 92.375000000000014 25.787500000000001 73.901041666666671 3.5000000000000004 67.375000000000014 69.695312500000014 69.368489583333357 9.1250000000000018 134.46904250000003 2.5000000000000004
decision_type=2 2 2 2 2 2 2 2 2 2 2 2 2 2
left_child=-1 11 4 -4 5 7 -7 13 -9 -10 -5 12 -2 -3
right_child=1 2 3 10 -6 6 -8 8 9 -11 -12 -13 -14 -15
leaf_value=-0.055521279229428955 0.10637676175432281 0.063463407324504451 0.13760783547574856 -0.4380466134572516 0.55115925951496425 0.14721194214618474 0.58784021788742391 -0.31907552010323631 0.47169945372366384 -0.010730107870082745 -0.031466534477321138 -0.27721384837607704 -0.15785670252334255 0.1742039033365716
leaf_weight=5786 249 1017 378 48 45 200 79 82 71 598 827 120 203 1097
leaf_count=5786 249 1017 378 48 45 200 79 82 71 598 827 120 203 1097
internal_value=0.000285644 0.0646833 0.0818227 0.00369601 0.112509 0.106057 0.273631 0.0896488 0.00139861 0.0410971 -0.0542449 -0.0683271 -0.012381 0.120984
internal_weight=10800 5014 4442 1253 3189 3144 279 2865 751 669 875 572 452 2114
internal_count=10800 5014 4442 1253 3189 3144 279 2865 751 669 875 572 452 2114
is_linear=0
shrinkage=0.05


Tree=86
num_leaves=15
num_cat=0
split_feature=65 26 38 24 35 8 37 5 47 20 22 48 7 49
split_gain=14016.8 4232.89 4286.87 4289.76 6584.98 3782.41 4258.59 4746.25 3549.76 3527.44 5295.35 3177.37 3091.38 2988.92
threshold=87.394937500000012 19.962500000000002 90.375000000000014 238.41033300000004 21.242708333333336 299.42234450000007 63.375000000000007 233.17382900000004 81.209635416666671 278.56941200000006 149.24497047916671 9.8750000000000018 134.46904250000003 1.5000000000000002
decision_type=2 2 2 2 2 2 2 2 2 2 2 2 2 2
left_child=-1 11 3 4 8 6 9 -8 -3 -5 -11 12 -2 -9
right_child=1 2 -4 5 -6 -7 7 13 -10 10 -12 -13 -14 -15
leaf_value=-0.052745691474307611 0.10230394377993175 -0.21094299680130049 0.5904014642645673 0.090710809202883283 0.58315278563684625 -0.36350960141303496 0.076797465315008709 0.029937152954141399 0.33033211742128649 0.36044041427498263 -0.10410109074520213 -0.25220135408703664 -0.1159559408128828 -0.16702638416178525
leaf_weight=5786 358 65 40 1005 102 50 1741 371 55 309 76 148 295 399
leaf_count=5786 358 65 40 1005 102 50 1741 371 55 309 76 148 295 399
internal_value=0.000275759 0.0614592 0.0814883 0.0764699 0.28987 0.0644089 0.0699854 0.0310937 0.0378212 0.14017 0.268707 -0.0438577 0.00367608 -0.07221
internal_weight=10800 5014 4213 4173 222 3951 3901 2511 120 1390 385 801 653 770
internal_count=10800 5014 4213 4173 222 3951 3901 2511 120 1390 385 801 653 770
is_linear=0
shrinkage=0.05


Tree=87
num_leaves=15
num_cat=0
split_feature=65 26 48 36 22 49 24 36 33 46 31 51 47 49
split_gain=12652.5 3862.09 3742.17 3049.69 5075.6 3245.27 6395.5 6540.83 3694.3 4759.3 4177.97 3022 3870.1 3438.23
threshold=87.394937500000012 18.112500000000004 15.625000000000002 25.847656250000004 145.78409998958335 3.5000000000000004 293.19208500000008 24.930078125000005 20.940625000000004 67.838541666666671 18.725000000000005 2.5000000000000004 64.203125000000014 1.5000000000000002
decision_type=2 2 2 2 2 2 2 2 2 2 2 2 2 2
left_child=-1 -2 3 5 -5 11 8 -8 10 -10 -7 12 -3 -14
right_child=1 2 -4 4 -6 6 7 -9 9 -11 -12 -13 13 -15
leaf_value=-0.050108862368094489 -0.11559831032902002 0.50296559253707529 -0.022554112467956397 0.53952320560204736 0.099979759394513951 0.26824467080118869 0.74966688975001938 -0.091835072854670088 -0.27092272319351463 0.11051207333678639 -0.24603541386950956 0.15701516813468036 0.10727472773961044 -0.067868317796675834
leaf_weight=5786 299 44 895 97 201 45 53 40 100 429 284 1392 635 500
leaf_count=5786 299 44 895 97 201 45 53 40 100 429 284 1392 635 500
internal_value=0.000266127 0.0583957 0.0694516 0.0910082 0.244379 0.0779657 -0.000952802 0.390604 -0.0437996 0.0380321 -0.175093 0.107146 0.0481849 0.0301274
internal_weight=10800 5014 4715 3820 298 3522 951 93 858 529 329 2571 1179 1135
internal_count=10800 5014 4715 3820 298 3522 951 93 858 529 329 2571 1179 1135
is_linear=0
shrinkage=0.05


Tree=88
num_leaves=15
num_cat=0
split_feature=65 31 65 30 9 25 22 30 26 37 0 47 17 17
split_gain=11422.8 3781.2 3699.66 3550.26 3131 5084.99 3791.43 5938.57 3434.29 2760.06 2894.7 3074.65 2725.55 2268.82
threshold=87.394937500000012 16.862500000000004 261.41806150000008 17.775000000000002 272.53009250000008 94.211639178575226 90.608905307291693 21.512500000000003 18.112500000000004 93.875000000000014 272.71499900000009 71.028645833333343 2.5927198770225745e-06 75.223936112024205
decision_type=2 2 2 2 2 2 2 2 2 2 2 2 2 2
left_child=-1 -2 4 -4 6 -6 7 12 -8 10 -10 -12 -3 -5
right_child=1 2 3 13 5 -7 8 -9 9 -11 11 -13 -14 -15
leaf_value=-0.047603854816133384 -0.25371076082474719 -0.23630494487901721 0.46796967673458556 0.10122807742788496 -0.58828990700397088 -0.030645923252229264 -0.18464783377523081 0.56483094783196619 0.022836392912243854 0.41378382685780529 0.41474547750583968 0.050704584389493094 0.16074922962922805 0.48039450162067648
leaf_weight=5786 96 51 75 1113 46 315 171 85 2479 49 100 137 257 40
leaf_count=5786 96 51 75 1113 46 315 171 85 2479 49 100 137 257 40
internal_value=0.000260551 0.0554931 0.0615791 0.136721 0.0365423 -0.103132 0.0517152 0.197363 0.0321589 0.0456291 0.0388372 0.205406 0.0944513 0.114787
internal_weight=10800 5014 4918 1228 3690 361 3329 393 2936 2765 2716 237 308 1153
internal_count=10800 5014 4918 1228 3690 361 3329 393 2936 2765 2716 237 308 1153
is_linear=0
shrinkage=0.05


Tree=89
num_leaves=15
num_cat=0
split_feature=65 19 64 22 51 24 24 47 21 49 46 47 9 13
split_gain=10339.1 2521.62 2269.18 2882.78 2143.91 2133.51 4632.42 3043.24 2597.9 2469.89 4437.12 3331.75 2347.15 2357.44
threshold=191.23505300000002 210.49128250000004 194.99154050000001 111.13311288020834 3.5000000000000004 300.20324800000009 294.91375700000009 78.559895833333357 99.178332686540372 3.5000000000000004 85.807291666666671 69.582031250000014 267.74900300000007 0.23403471425631572
decision_type=2 2 2 2 2 2 2 2 2 2 2 2 2 2
left_child=1 2 -1 -4 -5 6 8 -8 9 12 11 -11 13 -2
right_child=5 -3 3 4 -6 -7 7 -9 -10 10 -12 -13 -14 -15
leaf_value=-0.046210939585333788 0.0092021676623861501 0.10255020170654419 -0.11445077590095967 0.060622421375768412 0.32105233919407644 -0.060704130956158765 0.61394286499742201 0.097803586387239849 0.22368370949898303 0.35217341098402227 -0.31883362654495884 -0.030124569345107877 -0.021094525135088738 0.14834943625602826
leaf_weight=6629 411 337 196 412 97 258 67 50 268 69 110 306 416 1174
leaf_count=6629 411 337 196 412 97 258 67 50 268 69 110 306 416 1174
internal_value=0.000253708 -0.030991 -0.0371404 0.0480926 0.110785 0.0768382 0.0892151 0.396069 0.0760398 0.0600397 -0.0411248 0.0409678 0.0845682 0.112296
internal_weight=10800 7671 7334 705 509 3129 2871 117 2754 2486 485 375 2001 1585
internal_count=10800 7671 7334 705 509 3129 2871 117 2754 2486 485 375 2001 1585
is_linear=0
shrinkage=0.05


Tree=90
num_leaves=15
num_cat=0
split_feature=65 65 48 48 37 6 35 13 13 9 5 43 43 8
split_gain=9333.58 2323.35 2609.58 4974.72 1987.25 3920.33 2883.15 2310.32 2788.99 3204.15 2194.87 2094.11 2070.48 1986.45
threshold=191.23505300000002 24.000000000000004 4.1250000000000009 4.3750000000000009 54.625000000000007 79.703925000000012 23.748958333333338 0.84452151883789783 13.351496810053431 263.81563600000004 272.06304300000005 75.875000000000014 73.375000000000014 204.30907550000003
decision_type=2 2 2 2 2 2 2 2 2 2 2 2 2 2
left_child=1 -1 -3 -4 10 6 7 11 -9 12 -2 -6 -10 -7
right_child=4 2 3 -5 5 13 -8 8 9 -11 -12 -13 -14 -15
leaf_value=-0.05138563693307005 0.12509734276161985 0.28321852222448446 -0.38671004940846526 0.0083539098200555249 -0.13148007411171089 0.11804100138576408 0.33625854934765914 0.19524891409725492 -0.038119463946629996 -0.28055970176998807 0.44269548228476197 0.053409798665984824 0.13224620536966414 -0.14196473068666238
leaf_weight=4688 375 81 81 2821 219 94 106 550 259 66 63 503 569 325
leaf_count=4688 375 81 81 2821 219 94 106 550 259 66 63 503 569 325
internal_value=0.000247218 -0.0294394 0.00505644 -0.00280244 0.0730125 0.0568945 0.0828097 0.070257 0.10675 0.0521472 0.171684 -0.00277604 0.0789738 -0.0834919
internal_weight=10800 7671 2983 2902 3129 2691 2272 2166 1444 894 438 722 828 419
internal_count=10800 7671 2983 2902 3129 2691 2272 2166 1444 894 438 722 828 419
is_linear=0
shrinkage=0.05


Tree=91
num_leaves=15
num_cat=0
split_feature=65 4 37 9 64 9 64 47 24 24 47 21 49 24
split_gain=8425.96 2245.41 2474.13 2001 1921.24 2736.9 1921.27 1898.22 1854.26 4141.36 2710.55 2219.73 2189.08 4081.23
threshold=191.23505300000002 272.38507200000004 51.625000000000007 186.35197700000001 194.99154050000001 97.299574000000021 224.21740500000001 74.798177083333357 300.20324800000009 294.91375700000009 78.559895833333357 99.178332686540372 3.5000000000000004 277.22543400000006
decision_type=2 2 2 2 2 2 2 2 2 2 2 2 2 2
left_child=1 4 -3 -4 -1 -6 -7 -5 9 11 -11 12 -2 -14
right_child=8 2 3 7 5 6 -8 -9 -10 10 -12 -13 13 -15
leaf_value=-0.042552789108062511 0.076761496862485915 0.35963724687695509 0.26428185172379015 -0.15756983482079315 0.14655153920764433 0.12218801608066197 -0.12246126446004649 0.13114821918619177 -0.058845244071349272 0.57665413964320633 0.089614872691020669 0.20493060109105141 -0.19576567789915492 0.094335584300588179
leaf_weight=6581 2001 69 69 139 339 114 265 95 258 67 50 268 227 258
leaf_count=6581 2001 69 69 139 339 114 265 95 258 67 50 268 227 258
internal_value=0.000237931 -0.0279684 0.0917018 0.0297045 -0.0340792 0.0435389 -0.0487449 -0.0402959 0.0693748 0.0809137 0.371041 0.0684578 0.053669 -0.0415672
internal_weight=10800 7671 372 303 7299 718 379 234 3129 2871 117 2754 2486 485
internal_count=10800 7671 372 303 7299 718 379 234 3129 2871 117 2754 2486 485
is_linear=0
shrinkage=0.05


Tree=92
num_leaves=15
num_cat=0
split_feature=61 15 6 13 24 26 65 37 20 43 24 17 9 15
split_gain=7762.25 5359.68 3426.61 2598.12 3759.89 2839.61 2321.71 2319.07 2158.21 2115.1 2962.19 1938.44 1887.79 1848.42
threshold=-0.68322629814330815 206.32641350000003 226.13273600000002 1.5075811321767023 299.84416550000009 24.262500000000003 251.44647600000002 64.875000000000014 278.56941200000006 76.875000000000014 296.45735250000007 42.219592576289344 266.89225100000004 209.93465650000005
decision_type=2 2 2 2 2 2 2 2 2 2 2 2 2 2
left_child=3 -2 7 9 5 12 -6 8 13 -1 -11 -7 -5 -3
right_child=1 2 -4 4 6 11 -8 -9 -10 10 -12 -13 -14 -15
leaf_value=-0.04495775222272453 -0.042307451012348479 0.39310884936427581 0.0056635277248530021 0.11050082340613904 -0.4398970613018312 0.18455976932190168 0.073400190695732212 -0.074812045664600049 0.36108407811833576 0.052343405406172577 0.45155195148289207 0.4417303515191866 -0.1835353073118062 0.043990696861463438
leaf_weight=636 6768 48 746 957 46 272 41 75 170 665 49 101 57 169
leaf_count=636 6768 48 746 957 46 272 41 75 170 665 49 101 57 169
internal_value=0.000232928 -0.0249904 0.071986 0.0714563 0.117331 0.13736 -0.199913 0.178835 0.228057 0.0213177 0.0803333 0.255191 0.0938076 0.122664
internal_weight=10800 7976 1208 2824 1474 1387 87 462 387 1350 714 373 1014 217
internal_count=10800 7976 1208 2824 1474 1387 87 462 387 1350 714 373 1014 217
is_linear=0
shrinkage=0.05


Tree=93
num_leaves=15
num_cat=0
split_feature=61 24 49 24 45 26 39 20 24 61 33 41 52 65
split_gain=7048.87 3258.11 6272.81 4181.63 4051.17 3042.84 2950.73 2699.91 2465.54 3358.82 2815.63 2816.66 2426.62 2780.41
threshold=-0.32143946530316164 274.65417650000006 3.5000000000000004 273.12119300000006 88.468750000000014 16.862500000000004 50.625000000000007 275.73192000000006 300.20324800000009 -0.9733555533461492 22.065625000000004 78.125000000000014 0.88144907265856365 79.608916500000007
decision_type=2 2 2 2 2 2 2 2 2 2 2 2 2 2
left_child=1 2 5 -4 8 -1 7 -2 10 -10 -3 -12 -8 -14
right_child=6 4 3 -5 -6 -7 12 -9 9 -11 11 -13 13 -15
leaf_value=-0.2967364776578239 -0.0029078917710009863 0.011332456788945462 -0.042924814871989854 -0.42370242148928061 0.58877170657695721 0.095944450388224967 -0.037475241739175026 0.24678796349169568 -0.40860622856020934 0.043243957053998423 0.29818037093251681 0.10472768102598635 -0.073499193073998034 -0.58197520659728486
leaf_weight=50 295 355 1140 76 42 1552 5936 170 49 231 310 481 70 43
leaf_count=50 295 355 1140 76 42 1552 5936 170 49 231 310 481 70 43
internal_value=0.000227449 0.0500193 0.0185406 -0.067052 0.110393 0.083511 -0.0325366 0.0887125 0.0959001 -0.0370025 0.128376 0.180824 -0.0418704 -0.270398
internal_weight=10800 4286 2818 1216 1468 1602 6514 465 1426 280 1146 791 6049 113
internal_count=10800 4286 2818 1216 1468 1602 6514 465 1426 280 1146 791 6049 113
is_linear=0
shrinkage=0.05


Tree=94
num_leaves=15
num_cat=0
split_feature=61 15 30 37 24 65 9 13 9 41 0 6 7 24
split_gain=6509.05 4526.46 3003.66 3464.89 3020.35 2240.23 4639.65 2443.67 2120.3 2089.66 1895.28 1849.85 1803.98 1855.26
threshold=-0.68322629814330815 206.32641350000003 22.437500000000004 64.875000000000014 293.19208500000008 259.16181150000006 263.81563600000004 1.0975788036037224 250.58438100000004 88.625000000000014 273.99435950000003 260.90748600000006 203.16976750000001 300.20324800000009
decision_type=2 2 2 2 2 2 2 2 2 2 2 2 2 2
left_child=5 -2 3 4 -3 6 12 -7 10 -9 11 -4 13 -1
right_child=1 2 8 -5 -6 7 -8 9 -10 -11 -12 -13 -14 -15
leaf_value=0.05100736851753538 -0.038797940005505516 0.18772613952686132 0.16570372305975498 -0.067444963371707953 0.61173948764801034 0.011048894772888522 -0.3670887990508761 0.14700903468350895 -0.076366608879686174 0.4256817300558875 0.35030277147573435 -0.071317083483865104 0.33537707200871325 -0.19007621880709416
leaf_weight=1606 6768 276 157 113 49 322 69 617 384 75 58 171 52 83
leaf_count=1606 6768 276 157 113 49 322 69 617 384 75 58 171 52 83
internal_value=0.00021386 -0.0228837 0.0662364 0.170611 0.253335 0.0654348 0.0320713 0.124899 0.00672032 0.177783 0.0893605 0.0422938 0.0480927 0.0390547
internal_weight=10800 7976 1208 438 325 2824 1810 1014 770 692 386 328 1741 1689
internal_count=10800 7976 1208 438 325 2824 1810 1014 770 692 386 328 1741 1689
is_linear=0
shrinkage=0.05


Tree=95
num_leaves=15
num_cat=0
split_feature=61 15 30 33 65 9 13 11 46 47 36 36 12 6
split_gain=5888.32 4296.34 2816.31 3092.44 2312.52 4207.23 2287.48 2105.91 2034.3 2119.67 2968.05 3683.97 2330.67 2115.67
threshold=-0.72947329433276253 206.32641350000003 22.437500000000004 28.878125000000004 259.16181150000006 263.81563600000004 1.2614912054005061 109.84975350000001 48.302083333333336 66.623697916666686 24.711067708333339 24.111067708333337 279.13438900000006 256.80026200000003
decision_type=2 2 2 2 2 2 2 2 2 2 2 2 2 2
left_child=4 -2 3 -3 5 -1 -6 -8 -4 13 11 -11 -12 -10
right_child=1 2 8 -5 6 -7 7 -9 9 10 12 -13 -14 -15
leaf_value=0.047051469272891944 -0.035893324452134528 0.095813989274118883 0.20795576608851896 0.41325304790870432 0.02207875737079942 -0.34899656814123903 0.084842867309094544 0.27214736412080553 -0.0010438351694620769 0.027845900501920769 0.51067121949579031 -0.34693530475414258 0.0030145890837491949 -0.42284431369578251
leaf_weight=1597 6955 372 107 96 327 69 279 327 58 385 48 78 42 60
leaf_count=1597 6955 372 107 96 327 69 279 327 58 385 48 78 42 60
internal_value=0.000209993 -0.0205746 0.0648929 0.161672 0.0657772 0.030449 0.12876 0.186195 0.00654336 -0.0258362 0.0153306 -0.0359038 0.276401 -0.21727
internal_weight=10800 8201 1246 468 2599 1666 933 606 778 671 553 463 90 118
internal_count=10800 8201 1246 468 2599 1666 933 606 778 671 553 463 90 118
is_linear=0
shrinkage=0.05


Tree=96
num_leaves=15
num_cat=0
split_feature=61 37 16 13 24 26 41 8 8 9 43 22 54 9
split_gain=5328.1 3855.91 3407 2048.41 3334.76 3322.35 1915.51 1634.92 2049.95 1932.33 1631.58 2675.32 2235.05 1594.57
threshold=-0.68322629814330815 54.625000000000007 277.29195150000004 2.0132011387474962 299.84416550000009 24.212500000000002 82.375000000000014 299.42234450000007 278.31342350000006 245.05360500000003 76.875000000000014 147.99442397395833 -0.8783796973249266 266.89225100000004
decision_type=2 2 2 2 2 2 2 2 2 2 2 2 2 2
left_child=3 2 -2 10 5 13 -7 8 -3 -10 12 -12 -1 -5
right_child=1 7 -4 4 -6 6 -8 -9 9 -11 11 -13 -14 -15
leaf_value=-0.27238482306985295 0.022451789357946214 -0.033718477191604299 0.25899652639263787 0.093474414359399627 -0.20939436429592817 0.42867336359997399 0.16850740904869732 -0.34708851583120304 0.45093200785285303 0.016827676133878196 0.048921649955807646 0.44666624012920597 -0.00087126629425746832 -0.20885798139092715
leaf_weight=84 584 7040 205 865 78 116 185 40 41 66 707 44 700 45
leaf_count=84 584 7040 205 865 78 116 185 40 41 66 707 44 700 45
internal_value=0.000201942 -0.0206955 0.0841615 0.0592104 0.105656 0.126104 0.269858 -0.032217 -0.0304064 0.185802 0.0201647 0.0727879 -0.0302719 0.0783111
internal_weight=10800 7976 789 2824 1289 1211 301 7187 7147 107 1535 751 784 910
internal_count=10800 7976 789 2824 1289 1211 301 7187 7147 107 1535 751 784 910
is_linear=0
shrinkage=0.05


Tree=97
num_leaves=15
num_cat=0
split_feature=61 24 49 24 45 26 52 65 24 24 30 25 24 8
split_gain=4903.36 2623.34 5404.69 3875.41 3646.5 2719.28 2342.34 2517.24 2272.74 2158.16 4238.39 4816.45 3053.42 2772.55
threshold=-0.32143946530316164 274.65417650000006 3.5000000000000004 271.88509600000003 88.468750000000014 16.862500000000004 0.88144907265856365 79.608916500000007 278.14094900000003 263.86678650000005 21.962500000000002 94.642039629914848 266.72196350000007 173.86981250000002
decision_type=2 2 2 2 2 2 2 2 2 2 2 2 2 2
left_child=1 2 5 -4 8 -1 -2 -8 -3 10 11 -7 -11 -13
right_child=6 4 3 -5 -6 9 7 -9 -10 12 -12 13 -14 -15
leaf_value=-0.28565075531894085 -0.023125932658523536 0.24672346035110171 -0.032355235309735893 -0.3030494381803156 0.54971739966855493 0.027904147280487141 -0.064531851864196896 -0.54824049486355342 0.057899898727495507 -0.17867236328156044 0.48188390758161143 0.11785059035978618 0.074737409004465363 0.49697238700920904
leaf_weight=50 6401 182 1066 150 42 556 70 43 1244 149 81 93 572 101
leaf_count=50 6401 182 1066 150 42 556 70 43 1244 149 81 93 572 101
internal_value=0.00019584 0.0417242 0.0134793 -0.0659684 0.0958976 0.0737877 -0.0271307 -0.251792 0.0821554 0.0855441 0.140416 0.102945 0.0221935 0.316765
internal_weight=10800 4286 2818 1216 1468 1602 6514 113 1426 1552 831 750 721 194
internal_count=10800 4286 2818 1216 1468 1602 6514 113 1426 1552 831 750 721 194
is_linear=0
shrinkage=0.05


Tree=98
num_leaves=15
num_cat=0
split_feature=61 15 30 16 65 9 13 41 49 61 30 17 12 31
split_gain=4469.33 3552.84 2474.67 3628.67 1976.87 3691.09 1895.05 1980.26 1888.54 3088.7 6100.81 3863.22 2687.65 2196.22
threshold=-0.72947329433276253 206.32641350000003 22.662500000000005 285.75061850000003 259.16181150000006 263.81563600000004 1.0975788036037224 88.125000000000014 1.0000000180025095e-35 -0.19509032201612839 21.562500000000004 2.5927198770225745e-06 265.72557100000006 19.962500000000002
decision_type=2 2 2 2 2 2 2 2 2 2 2 2 2 2
left_child=4 8 3 -3 5 -1 -6 -8 9 10 11 -2 -10 -13
right_child=1 2 -4 -5 6 -7 7 -9 12 -11 -12 13 -14 -15
leaf_value=0.040203809585336758 -0.26637957750509184 0.10330357719799739 0.0004274114641067508 0.58345726267542952 0.01120172563327739 -0.33075196018775133 0.13241551048382533 0.41156962689840138 -0.038202002797451319 -0.020746046578527518 0.74128810777896792 -0.004734310433268548 -0.31977977423473847 0.37293196233182124
leaf_weight=1597 59 475 729 42 297 69 565 71 5915 701 40 69 85 86
leaf_count=1597 59 475 729 42 297 69 565 71 5915 701 40 69 85 86
internal_value=0.00018891 -0.0179189 0.0598021 0.143361 0.0573121 0.0246509 0.115544 0.164176 -0.0318494 0.033431 0.182446 0.0750275 -0.0422436 0.205857
internal_weight=10800 8201 1246 517 2599 1666 933 636 6955 955 254 214 6000 155
internal_count=10800 8201 1246 517 2599 1666 933 636 6955 955 254 214 6000 155
is_linear=0
shrinkage=0.05


Tree=99
num_leaves=15
num_cat=0
split_feature=61 37 24 16 42 1 65 9 13 11 8 0 9 25
split_gain=4033.35 3274.79 2635.91 4752.85 2089.88 1786.26 1785.71 3335.7 1725.51 1827.66 1763.39 1441.22 1882.02 2809.07
threshold=-0.72947329433276253 63.375000000000007 307.27302800000007 277.29195150000004 73.875000000000014 269.10224250000005 259.16181150000006 263.81563600000004 1.2614912054005061 109.84975350000001 257.45480050000009 261.26135000000005 114.78420550000001 110.42341374092932
decision_type=2 2 2 2 2 2 2 2 2 2 2 2 2 2
left_child=6 2 3 -2 -5 -4 7 11 -8 -10 -11 12 13 -1
right_child=1 -3 5 4 -6 -7 8 -9 9 10 -12 -13 -14 -15
leaf_value=0.045794047103470514 0.016490812957598973 -0.032365850686350242 -0.0072805929626967459 0.5013077352069697 0.17272996161386306 -0.38469781648028983 0.017148665519733011 -0.31445061298552901 0.065329650358429983 0.34500666539327041 0.11095225940952265 0.19025545209829867 -0.051507595501225058 0.43492466916843342
leaf_weight=876 1097 6635 73 58 284 54 327 69 279 179 148 141 532 48
leaf_count=876 1097 6635 73 58 284 54 327 69 279 179 148 141 532 48
internal_value=0.00018602 -0.0170159 0.0479993 0.0673001 0.229753 -0.169509 0.0544515 0.0234096 0.109797 0.159679 0.239735 0.0381949 0.0233488 0.066457
internal_weight=10800 8201 1566 1439 342 127 2599 1666 933 606 327 1597 1456 924
internal_count=10800 8201 1566 1439 342 127 2599 1666 933 606 327 1597 1456 924
is_linear=0
shrinkage=0.05


Tree=100
num_leaves=15
num_cat=0
split_feature=65 31 8 32 43 26 24 36 24 43 19 11 47 24
split_gain=3718.02 2893.96 2529.9 2954.04 2465.52 3352.16 4152.61 3306.37 3416.83 2548.51 2445.97 3891.08 2401.92 6356.84
threshold=86.418312 16.862500000000004 299.42234450000007 29.737500000000004 68.875000000000014 22.087500000000002 235.28737700000002 21.784895833333337 274.28284400000007 86.875000000000014 199.52700100000001 268.16618250000005 69.501302083333357 296.45735250000007
decision_type=2 2 2 2 2 2 2 2 2 2 2 2 2 2
left_child=-1 -2 3 4 -3 12 -7 -8 -9 -10 -5 -12 -6 -14
right_child=1 2 -4 10 5 6 7 8 9 -11 11 -13 13 -15
leaf_value=-0.027237708241835679 -0.23892385434244098 -0.017127737347646662 -0.31351227609385901 0.42715913876014594 -0.14616578141218189 0.60103962934491317 0.27329211280239413 -0.057455658850829219 0.10720353658286999 0.489110262816151 -0.1824250776268227 0.31661579934344897 0.014316459593264977 0.48581808037559199
leaf_weight=5764 96 1663 50 84 202 43 233 359 502 47 70 86 1527 74
leaf_count=5764 96 1663 50 84 202 43 233 359 502 47 70 86 1527 74
internal_value=0.000181856 0.0315643 0.0368681 0.0405141 0.0316604 0.0588196 0.124146 0.105663 0.0623945 0.140728 0.211211 0.0929516 0.015876 0.0363994
internal_weight=10800 5036 4940 4890 4650 2987 1184 1141 908 549 240 156 1803 1601
internal_count=10800 5036 4940 4890 4650 2987 1184 1141 908 549 240 156 1803 1601
is_linear=0
shrinkage=0.05


Tree=101
num_leaves=15
num_cat=0
split_feature=61 37 16 9 49 11 51 33 6 47 51 65 9 3
split_gain=3493.59 2872.74 2778.28 1698.81 2605.28 2320.41 3217.92 2647.73 1988.35 3515.18 2141.51 1608.53 3011.91 1640.58
threshold=-0.72947329433276253 54.625000000000007 277.29195150000004 270.73891950000007 1.5000000000000002 202.21395050000004 1.5000000000000002 27.881250000000005 260.90748600000006 70.757812500000014 2.5000000000000004 259.16181150000006 262.33844350000004 196.40583650000002
decision_type=2 2 2 2 2 2 2 2 2 2 2 2 2 2
left_child=11 2 -2 5 -5 -3 7 -7 9 -8 -11 12 -1 -14
right_child=1 3 -4 4 -6 6 8 -9 -10 10 -12 -13 13 -15
leaf_value=0.036586792301327838 0.019205787701743283 -0.030877674804129951 0.23094231251340647 0.040770815141149802 -0.24768363426673445 -0.011667552793158158 0.48631219059528252 -0.4496235844058295 -0.047674061669217005 -0.19449692555474785 0.14527685485918579 0.10321236925808315 -0.051474940804981217 -0.49746963000152172
leaf_weight=1584 608 6236 207 127 202 123 69 47 154 52 376 933 42 40
leaf_count=1584 608 6236 207 127 202 123 69 47 154 52 376 933 42 40
internal_value=0.000180779 -0.0158288 0.0732014 -0.0256614 -0.136549 -0.0204731 0.0584972 -0.134671 0.10907 0.157636 0.103639 0.0506849 0.021224 -0.272406
internal_weight=10800 8201 815 7386 329 7057 821 170 651 497 428 2599 1666 82
internal_count=10800 8201 815 7386 329 7057 821 170 651 497 428 2599 1666 82
is_linear=0
shrinkage=0.05


Tree=102
num_leaves=15
num_cat=0
split_feature=61 52 65 24 49 24 45 26 24 52 8 36 41 16
split_gain=3185.25 2108.55 2297.31 2080.62 4464.91 3567.12 3168.5 2399.56 2123.64 1995.63 1955.08 2772.56 1880.9 2214.48
threshold=-0.32143946530316164 0.88144907265856365 79.608916500000007 274.65417650000006 3.5000000000000004 273.12119300000006 88.468750000000014 16.862500000000004 278.14094900000003 0.84874750804349197 102.28766700000001 23.992578124999998 88.125000000000014 254.51748800000004
decision_type=2 2 2 2 2 2 2 2 2 2 2 2 2 2
left_child=3 9 -3 4 7 -6 8 -1 10 -2 -5 -12 -9 -14
right_child=1 2 -4 6 5 -7 -8 12 -10 -11 11 -13 13 -15
leaf_value=-0.2743175431939901 -0.021811599103279049 -0.056202032931253948 -0.51819257519461892 0.031589573288434432 -0.041435545440251048 -0.39312802687674375 0.50488732272629133 0.048668201283900731 0.045646023791148724 0.18928090321194185 0.16334731494460036 0.68883074667395627 0.11908957807939838 0.46754386187370484
leaf_weight=50 6288 70 43 75 1140 76 42 1276 1244 113 67 40 219 57
leaf_count=50 6288 70 43 75 1140 76 42 1276 1244 113 67 40 219 57
internal_value=0.000169571 -0.0218551 -0.235007 0.0336407 0.00848795 -0.0637213 0.0818856 0.063304 0.0690818 -0.0180561 0.228145 0.364349 0.0743506 0.192481
internal_weight=10800 6514 113 4286 2818 1216 1468 1602 1426 6401 182 107 1552 276
internal_count=10800 6514 113 4286 2818 1216 1468 1602 1426 6401 182 107 1552 276
is_linear=0
shrinkage=0.05


Tree=103
num_leaves=15
num_cat=0
split_feature=61 37 16 24 24 61 13 26 13 57 9 8 31 36
split_gain=2927.73 2525.65 1967.75 4680.67 1655.26 2246.75 2049.88 3181.25 1500.03 1281.82 1863.66 1986.19 1818.19 1734.47
threshold=-0.77259657388510605 60.875000000000007 277.29195150000004 307.83665100000002 299.84416550000009 -0.9733555533461492 1.7959024929715242 24.212500000000002 3.4955772866549446 1.0000000180025095e-35 270.46035150000006 278.31342350000006 18.987500000000004 25.564322916666672
decision_type=2 2 2 2 2 2 2 2 2 2 2 2 2 2
left_child=4 2 -2 -4 6 -6 -1 -8 -9 13 11 -11 -12 -3
right_child=1 9 3 -5 5 -7 7 8 -10 10 12 -13 -14 -15
leaf_value=0.010343617634861635 0.013612274412205069 0.01223163912372326 0.22294057230171177 -0.32432806962273192 -0.38518207413330674 0.024415030754080008 0.063897186825541005 0.16897965487237465 0.42942004293039604 -0.03222625407073388 -0.44495592728257183 0.2569700804445893 -0.097488673419282315 0.34389828597990479
leaf_weight=1073 995 1025 300 44 49 101 913 147 90 5759 49 59 156 40
leaf_count=1073 995 1025 300 44 49 101 913 147 90 5759 49 59 156 40
internal_value=0.000165507 -0.0136498 0.0493046 0.152204 0.0492117 -0.111051 0.0600707 0.106419 0.26927 -0.0255479 -0.0344885 -0.0292499 -0.182299 0.0249995
internal_weight=10800 8427 1339 344 2373 150 2223 1150 237 7088 6023 5818 205 1065
internal_count=10800 8427 1339 344 2373 150 2223 1150 237 7088 6023 5818 205 1065
is_linear=0
shrinkage=0.05


Tree=104
num_leaves=15
num_cat=0
split_feature=61 37 16 9 49 11 51 33 6 47 51 9 31 33
split_gain=2657.91 2351.03 2344.62 1446.64 2225.81 1931.77 2853.02 2438.37 1782.75 3118.91 1904.86 1425.14 1748.87 1727.26
threshold=-0.72947329433276253 54.625000000000007 277.29195150000004 270.73891950000007 1.5000000000000002 202.21395050000004 1.5000000000000002 28.334375000000005 260.90748600000006 70.757812500000014 2.5000000000000004 177.27537750000002 19.962500000000002 20.878125000000004
decision_type=2 2 2 2 2 2 2 2 2 2 2 2 2 2
left_child=-1 2 -2 5 -5 11 7 -7 9 -8 -11 -3 13 -13
right_child=1 3 -4 4 -6 6 8 -9 -10 10 -12 12 -14 -15
leaf_value=0.044210017981979322 0.017133442834187881 -0.020890709134117853 0.21164320075241938 0.038862747504754228 -0.22775095058559197 -0.021540165430944388 0.45734144752579076 -0.46395940268185082 -0.046650862295120478 -0.18428609382431463 0.13615888054122893 -0.19398241156331181 -0.22187999741775283 0.087951320911508424
leaf_weight=2599 608 5806 207 127 202 130 69 40 154 52 376 87 202 141
leaf_count=2599 608 5806 207 127 202 130 69 40 154 52 376 87 202 141
internal_value=0.000158447 -0.0138057 0.0667354 -0.0227008 -0.125027 -0.0179132 0.0541407 -0.127743 0.10176 0.147748 0.0968875 -0.0274067 -0.115135 -0.020006
internal_weight=10800 8201 815 7386 329 7057 821 170 651 497 428 6236 430 228
internal_count=10800 8201 815 7386 329 7057 821 170 651 497 428 6236 430 228
is_linear=0
shrinkage=0.05


Tree=105
num_leaves=15
num_cat=0
split_feature=65 64 51 21 64 40 24 22 38 17 9 25 0 47
split_gain=2516.89 2591.01 2081.78 2573.64 1834.1 2264.16 1589.49 2154.77 1559.22 1689.36 1409.43 3836.66 2117.78 2292.22
threshold=261.41806150000008 265.84829400000007 3.5000000000000004 59.232085863048134 265.49652300000008 88.125000000000014 274.28284400000007 142.8302186822917 59.625000000000007 68.59179836405535 272.53009250000008 94.211639178575226 272.71499900000009 71.028645833333343
decision_type=2 2 2 2 2 2 2 2 2 2 2 2 2 2
left_child=1 10 -3 -4 5 8 -6 -8 -2 -10 12 -12 -1 -14
right_child=4 2 3 -5 6 -7 7 -9 9 -11 11 -13 13 -15
leaf_value=-0.014740115015593922 0.26669603019075183 0.057047557408774374 0.60233153881028645 0.043937939532646325 -0.14828779756052185 0.38771107933350973 0.20537587330858831 -0.042442848670578473 0.02958084962862307 0.33672418953584776 -0.5136160703284629 -0.044557138923140671 0.33496756618221601 0.018340218434982663
leaf_weight=8481 103 379 42 40 141 69 137 240 522 48 50 302 89 157
leaf_count=8481 103 379 42 40 141 69 137 240 522 48 50 302 89 157
internal_value=0.000148731 -0.00862554 0.106883 0.333756 0.0665366 0.116886 -0.00567191 0.0479184 0.0885855 0.05599 -0.0145018 -0.112451 -0.0105386 0.133785
internal_weight=10800 9540 461 82 1260 742 518 377 673 570 9079 352 8727 246
internal_count=10800 9540 461 82 1260 742 518 377 673 570 9079 352 8727 246
is_linear=0
shrinkage=0.05


Tree=106
num_leaves=15
num_cat=0
split_feature=65 36 24 46 65 33 51 24 22 47 49 39 49 24
split_gain=2283.37 2412.28 3694.31 5235.53 2850.86 2275.32 2514.52 3729.03 3053.64 5474.07 3376.53 3393.53 2714.37 5916.58
threshold=87.394937500000012 18.666666666666668 238.41033300000004 80.192708333333357 149.12810850000002 18.003125000000004 2.5000000000000004 271.97287000000006 145.09375083333336 68.554687500000014 3.5000000000000004 74.125000000000014 3.5000000000000004 295.75362100000007
decision_type=2 2 2 2 2 2 2 2 2 2 2 2 2 2
left_child=-1 -2 3 -3 -5 -4 7 -7 9 -9 -10 -12 -8 -14
right_child=1 2 5 4 -6 6 12 8 10 -11 11 -13 13 -15
leaf_value=-0.02125172520336633 -0.15863097092578179 0.72373820921269871 -0.19230938774601716 0.49198378705701168 0.048896160139628275 -0.10081907283536454 0.095149773332969007 0.33815012529293753 -0.16058555675335584 0.02954626317197085 -0.022039802072262304 0.51636625306635364 -0.079050719607816941 0.51239191712406673
leaf_weight=5786 172 40 122 42 235 771 1665 176 316 765 102 40 523 45
leaf_count=5786 172 40 122 42 235 771 1665 176 316 765 102 40 523 45
internal_value=0.000148326 0.0248426 0.0313915 0.196126 0.117607 0.0198102 0.02573 -0.0125988 0.0360574 0.0875637 -0.069727 0.132174 0.0629664 -0.0313753
internal_weight=10800 5014 4842 317 277 4525 4403 2170 1399 941 458 142 2233 568
internal_count=10800 5014 4842 317 277 4525 4403 2170 1399 941 458 142 2233 568
is_linear=0
shrinkage=0.05


Tree=107
num_leaves=15
num_cat=0
split_feature=61 37 24 16 31 22 1 21 24 65 13 26 13 45
split_gain=2212.6 1842.73 2056.44 3369.28 1728.21 1854.16 1647.15 1547.56 1425.65 2065.1 1744.67 2718.3 1318.03 1149.33
threshold=-0.77259657388510605 63.375000000000007 307.27302800000007 278.07656250000008 20.962500000000002 148.5701428385417 269.10224250000005 25.015453495174743 299.84416550000009 250.77304450000003 1.7959024929715242 24.212500000000002 2.935756148902438 86.052083333333357
decision_type=2 2 2 2 2 2 2 2 2 2 2 2 2 2
left_child=8 2 3 -2 -5 7 -4 -6 10 -10 -1 13 -13 -12
right_child=1 -3 6 4 5 -7 -8 -9 9 -11 11 12 -14 -15
leaf_value=0.0069929598487030844 0.013338146788773573 -0.023261880923639702 -0.0030392460186373107 -0.0084321902616869056 0.17819080436295207 -0.0092074227683684416 -0.36231923417611556 0.46515922632104562 -0.28259320642940605 0.086687043839938027 0.015340053245746586 0.13478769297580584 0.37236567566523682 0.13308471239248068
leaf_weight=1073 1169 6808 76 78 90 50 54 102 78 72 596 127 110 317
leaf_count=1073 1169 6808 76 78 90 50 54 102 78 72 596 127 110 317
internal_value=0.000150268 -0.0118599 0.036071 0.0527494 0.196234 0.261964 -0.153905 0.332263 0.0427877 -0.105938 0.0528664 0.095625 0.246157 0.0563227
internal_weight=10800 8427 1619 1489 320 242 130 192 2373 150 2223 1150 237 913
internal_count=10800 8427 1619 1489 320 242 130 192 2373 150 2223 1150 237 913
is_linear=0
shrinkage=0.05


Tree=108
num_leaves=15
num_cat=0
split_feature=65 64 51 21 64 40 46 49 36 46 8 32 36 51
split_gain=2050.46 2161.8 1705.05 2303.99 1609.54 2385.71 1704.44 1315.71 2786.86 1553.13 1338.73 1471.74 1279.41 1624.14
threshold=261.41806150000008 265.84829400000007 3.5000000000000004 59.232085863048134 264.65405750000008 88.125000000000014 85.994791666666671 1.0000000180025095e-35 25.941927083333336 48.302083333333336 299.42234450000007 31.062500000000004 18.790104166666669 1.5000000000000002
decision_type=2 2 2 2 2 2 2 2 2 2 2 2 2 2
left_child=1 7 -3 -4 5 12 -6 8 -1 -9 11 -11 -2 -14
right_child=4 2 3 -5 6 -7 -8 9 -10 10 -12 -13 13 -15
leaf_value=0.017496513522721368 -0.15629574985085232 0.052630353317761447 0.55715600293736134 0.029174625289643458 0.02875557167362422 0.39106885936001645 -0.23718843216589397 0.13279571538062201 0.36926927657450664 -0.024368630519745013 -0.3056707667120333 0.24781759627163413 -0.056573481243820146 0.14330778117957743
leaf_weight=1235 52 379 42 40 474 67 68 160 58 7536 41 49 129 470
leaf_count=1235 52 379 42 40 474 67 68 160 58 7536 41 49 129 470
internal_value=0.000146074 -0.00777356 0.0977346 0.303059 0.0600677 0.109113 -0.00498546 -0.0131411 0.0335491 -0.0208981 -0.0241397 -0.0225778 0.0795395 0.100239
internal_weight=10800 9540 461 82 1260 718 542 9079 1293 7786 7626 7585 651 599
internal_count=10800 9540 461 82 1260 718 542 9079 1293 7786 7626 7585 651 599
is_linear=0
shrinkage=0.05


Tree=109
num_leaves=15
num_cat=0
split_feature=61 15 35 41 30 16 33 47 34 8 15 12 38 24
split_gain=1891.88 1621.51 1641.11 2234.47 1885.17 3154.3 1669.41 1977.22 2044.33 2307.27 1601.21 1529.77 1389.26 1510.41
threshold=-0.77259657388510605 206.32641350000003 30.372395833333336 52.625000000000007 22.662500000000005 286.83628450000003 30.775000000000002 75.361979166666671 27.719791666666669 281.26576050000006 209.93465650000005 269.76935550000002 45.625000000000007 300.54248650000005
decision_type=2 2 2 2 2 2 2 2 2 2 2 2 2 2
left_child=-1 11 3 -3 5 10 7 8 -6 12 -5 -2 -10 -14
right_child=1 2 -4 4 6 -7 -8 -9 9 -11 -12 -13 13 -15
leaf_value=0.039570582657863652 -0.018625851256189811 0.38144440459353585 -0.25374212957736431 0.2952100680138835 0.10053596165214135 0.52483320236206055 0.25857253202370239 0.070069976542195642 0.058504232086918573 -0.50517522679722837 0.037527035924806974 -0.31777728872243749 -0.29996361388056947 0.029103685637899473
leaf_weight=2373 7059 48 45 68 83 40 48 229 76 45 481 42 113 50
leaf_count=2373 7059 48 45 68 83 40 48 229 76 45 481 42 113 50
internal_value=0.000144276 -0.0109613 0.0397745 0.0502752 0.0370843 0.101654 -0.0220366 -0.0450313 -0.116847 -0.180508 0.0699228 -0.0204397 -0.117528 -0.199461
internal_weight=10800 8427 1326 1281 1233 589 644 596 367 284 549 7101 239 163
internal_count=10800 8427 1326 1281 1233 589 644 596 367 284 549 7101 239 163
is_linear=0
shrinkage=0.05


Tree=110
num_leaves=15
num_cat=0
split_feature=65 64 39 26 64 40 24 22 9 25 0 47 31 47
split_gain=1726.59 1885.82 1622.35 1747.55 1461.61 1842.29 1420.66 1860.57 1265.53 3434.09 1603.18 1935.17 1876.05 1483.04
threshold=261.41806150000008 265.84829400000007 85.375000000000014 22.612500000000004 265.49652300000008 88.125000000000014 274.28284400000007 142.8302186822917 272.53009250000008 94.211639178575226 272.71499900000009 71.028645833333343 21.787500000000005 66.884114583333357
decision_type=2 2 2 2 2 2 2 2 2 2 2 2 2 2
left_child=1 8 3 -3 5 -2 -6 -8 10 -10 -1 13 -13 -12
right_child=4 2 -4 -5 6 -7 7 -9 9 -11 11 12 -14 -15
leaf_value=-0.012042069389860119 0.074554095364546061 -0.16456651584141785 0.36995574074222692 0.10636142488245084 -0.14415054819743398 0.34434502478156775 0.18766264899674318 -0.042611193073733761 -0.48448809385299685 -0.040727474964331378 0.073112111266066399 -0.14319319393993779 0.20228889442350662 0.48370509982109078
leaf_weight=8481 673 71 46 344 141 69 137 240 50 302 40 87 70 49
leaf_count=8481 673 71 46 344 141 69 137 240 50 302 40 87 70 49
internal_value=0.000138915 -0.00712839 0.0914152 0.0597257 0.0551248 0.100072 -0.009328 0.0413443 -0.0121416 -0.104956 -0.0083864 0.117184 0.0111488 0.302032
internal_weight=10800 9540 461 415 1260 742 518 377 9079 352 8727 246 157 89
internal_count=10800 9540 461 415 1260 742 518 377 9079 352 8727 246 157 89
is_linear=0
shrinkage=0.05


Tree=111
num_leaves=15
num_cat=0
split_feature=61 37 49 24 61 24 32 16 28 24 36 22 41 8
split_gain=1616.06 1440.11 1735.56 1291.22 1894.01 1614.78 1909.15 2240.97 2193.41 1812.33 1609.11 1250.4 1330.32 1148.06
threshold=-0.77259657388510605 54.625000000000007 3.5000000000000004 299.84416550000009 -0.9733555533461492 274.65417650000006 22.112500000000004 239.90667150000002 20.637500000000003 278.14094900000003 23.992578124999998 147.83784375520835 86.875000000000014 299.42234450000007
decision_type=2 2 2 2 2 2 2 2 2 2 2 2 2 2
left_child=3 2 -2 5 -5 6 7 -1 -8 10 -7 12 -11 -3
right_child=1 13 -4 4 -6 9 8 -9 -10 11 -12 -13 -14 -15
leaf_value=0.033659224456615185 0.11182406618421326 -0.015537293945071704 -0.034627592598349514 -0.35664727973192933 0.019449208391939893 0.12963395962422644 -0.25590900536104344 0.26007617508023978 -0.0063779445592769407 0.093135943229120999 0.5473058873698825 0.29942500999099331 -0.11619197610177492 -0.27768950045020102
leaf_weight=873 495 7550 341 49 101 53 106 124 498 378 41 56 94 41
leaf_count=873 495 7550 341 49 101 53 106 124 498 378 41 56 94 41
internal_value=0.00013572 -0.0101285 0.0521172 0.0365749 -0.104957 0.0461679 0.0195773 0.0620518 -0.0505204 0.11447 0.315653 0.0781238 0.0512902 -0.0169896
internal_weight=10800 8427 836 2373 150 2223 1601 997 604 622 94 528 472 7591
internal_count=10800 8427 836 2373 150 2223 1601 997 604 622 94 528 472 7591
is_linear=0
shrinkage=0.05


Tree=112
num_leaves=15
num_cat=0
split_feature=10 8 29 47 32 34 11 22 52 34 11 47 22 47
split_gain=1509.5 2327.61 1725.33 1819.74 2120.64 2350.23 2113.11 1684.61 1590.77 3467.22 2410.09 2230.8 6333.27 1859.65
threshold=248.68658800000003 299.42234450000007 19.512500000000003 81.894531250000014 29.737500000000004 27.788541666666671 268.57349100000005 150.54473906770835 0.72947329433276253 23.293750000000006 108.38143600000002 71.799479166666671 147.83784375520835 68.554687500000014
decision_type=2 2 2 2 2 2 2 2 2 2 2 2 2 2
left_child=8 2 -2 4 7 -6 -7 -4 -1 10 11 -10 -13 -11
right_child=1 -3 3 -5 5 6 -8 -9 9 13 -12 12 -14 -15
leaf_value=-0.020793177363579302 0.34686209919805433 -0.31001229038255085 0.01924986896285874 0.27159601446418535 0.44994550762248453 -0.13372709904523458 0.23945310549853846 -0.27423572053986728 -0.082670633236999108 0.10847387199706221 0.22501822609541031 0.013970264110150475 0.5637303640996969 0.56879239789275238
leaf_weight=6583 48 44 1184 83 57 67 85 50 574 46 128 1756 53 42
leaf_count=6583 48 44 1184 83 57 67 85 50 574 46 128 1756 53 42
internal_value=0.000130931 0.0446456 0.0547503 0.0453409 0.0321478 0.17903 0.0751603 0.00714581 -0.0077172 0.0253982 0.0145219 0.00312566 0.0303797 0.332094
internal_weight=10800 1618 1574 1526 1443 209 152 1234 9182 2599 2511 2383 1809 88
internal_count=10800 1618 1574 1526 1443 209 152 1234 9182 2599 2511 2383 1809 88
is_linear=0
shrinkage=0.05


Tree=113
num_leaves=15
num_cat=0
split_feature=65 64 36 36 65 47 64 40 46 35 49 32 52 36
split_gain=1408.99 1597.11 1537.05 2769.17 3599.22 1297.62 1295.27 1904.21 1458.33 1186.37 1338.1 2406.7 2379.27 2565.2
threshold=261.41806150000008 265.84829400000007 24.343229166666671 23.718229166666671 247.67574950000002 62.600260416666679 264.65405750000008 88.375000000000014 85.994791666666671 16.320833333333336 1.5000000000000002 30.137500000000003 0.84874750804349197 23.077213541666669
decision_type=2 2 2 2 2 2 2 2 2 2 2 2 2 2
left_child=1 9 3 -3 -5 -4 7 -2 -8 -1 11 12 -11 -14
right_child=6 2 5 4 -6 -7 8 -9 -10 10 -12 -13 13 -15
leaf_value=-0.2191102117957438 0.06781814049339116 0.046151246517547408 0.24106486417898318 0.72988617959476665 0.080711117552386399 -0.070949315329950843 0.022672590640422548 0.3498728973847447 -0.22332471234426984 -0.0068590158759679054 -0.021328211144638592 0.36175780053816592 0.039673420912214333 0.31589306398114614
leaf_weight=67 653 159 40 41 44 177 474 65 68 2040 6537 50 262 123
leaf_count=67 653 159 40 41 44 177 474 65 68 2040 6537 50 262 123
internal_value=0.000133576 -0.0064314 0.0842556 0.170087 0.398689 -0.0125932 0.0498055 0.0938034 -0.00854498 -0.0110449 -0.00947394 0.0218317 0.0146767 0.12851
internal_weight=10800 9540 461 244 85 217 1260 718 542 9079 9012 2475 2425 385
internal_count=10800 9540 461 244 85 217 1260 718 542 9079 9012 2475 2425 385
is_linear=0
shrinkage=0.05


Tree=114
num_leaves=15
num_cat=0
split_feature=21 31 65 48 48 51 24 24 27 26 25 14 35 7
split_gain=1358.57 1309.64 1153.35 2226.53 3290.59 2180.4 3010.69 4468.58 2978.95 2383.06 2911.8 2662.59 2511.73 2378.14
threshold=101.09054071901916 16.512500000000003 24.000000000000004 4.1250000000000009 4.3750000000000009 2.5000000000000004 296.45735250000007 287.39276800000005 22.162500000000005 29.475000000000005 111.60307159344951 124.57107208333336 19.669270833333336 148.35520250000005
decision_type=2 2 2 2 2 2 2 2 2 2 2 2 2 2
left_child=1 -1 -3 -4 -5 9 7 8 -7 11 -11 12 -6 -8
right_child=-2 2 3 4 5 6 13 -9 -10 10 -12 -13 -14 -15
leaf_value=-0.16808096911537196 0.12226646007647485 -0.019088839117940223 0.27300722500899943 -0.3038640374272335 -0.23927703535163336 -0.0017067980226879353 0.14197835299544612 -0.25550574799494224 0.10374843272112307 0.17341307723628624 -0.2419632975999266 -0.090979576792807645 0.036829603184246128 0.58097057735047686
leaf_weight=117 222 4661 81 81 88 1489 129 128 1216 272 49 1122 1105 40
leaf_count=117 222 4661 81 81 88 1489 129 128 1216 272 49 1122 1105 40
internal_value=0.000134832 -0.00243965 -0.000571167 0.0143107 0.0105997 0.0151706 0.0443008 0.0320249 0.0457201 -0.0180086 0.109452 -0.035722 0.0162796 0.248688
internal_weight=10800 10578 10461 5800 5719 5638 3002 2833 2705 2636 321 2315 1193 169
internal_count=10800 10578 10461 5800 5719 5638 3002 2833 2705 2636 321 2315 1193 169
is_linear=0
shrinkage=0.05


Tree=115
num_leaves=15
num_cat=0
split_feature=61 24 65 13 46 40 17 51 30 37 24 20 1 3
split_gain=1245.14 1166.43 1738.86 1415.5 2327.61 1520.22 1976.01 1138.69 3645.04 1136.1 1638.03 2654.3 1429.53 1070.28
threshold=-0.77259657388510605 299.84416550000009 245.50657150000004 1.7959024929715242 76.901041666666671 70.875000000000014 32.242513513229461 2.5000000000000004 19.762500000000003 63.375000000000007 307.27302800000007 278.56941200000006 269.10224250000005 270.32723250000009
decision_type=2 2 2 2 2 2 2 2 2 2 2 2 2 2
left_child=1 3 -3 -1 5 -5 -7 8 -6 10 11 13 -12 -2
right_child=9 2 -4 4 7 6 -8 -9 -10 -11 12 -13 -14 -15
leaf_value=-8.1567829249346951e-05 0.024159603852854945 -0.30852914584207075 0.036899782273058707 0.0095892820670677916 -0.4171281253444214 0.12908671638369559 0.49443552992153478 0.0867433818326733 0.042231028064332432 -0.017833837045424236 -0.0002785750265632357 0.16476003508422704 -0.3349498355795037 -0.12821799858831442
leaf_weight=1073 1014 60 90 56 50 74 75 614 281 6808 76 346 54 129
leaf_count=1073 1014 60 90 56 50 74 75 614 281 6808 76 346 54 129
internal_value=0.000128607 0.0321137 -0.1024 0.0412322 0.0797463 0.232064 0.315057 0.0464934 -0.028206 -0.00888098 0.0287541 0.0436412 -0.140792 0.00686509
internal_weight=10800 2373 150 2223 1150 205 149 945 331 8427 1619 1489 130 1143
internal_count=10800 2373 150 2223 1150 205 149 945 331 8427 1619 1489 130 1143
is_linear=0
shrinkage=0.05


Tree=116
num_leaves=15
num_cat=0
split_feature=31 11 32 64 9 0 8 32 34 27 24 36 64 8
split_gain=1214.21 1322.4 2174.67 2196.02 1736.72 1450.17 2244.42 1754.3 1898.32 1650.59 1540.9 1915.44 2669.59 3899.3
threshold=16.512500000000003 202.76602500000004 22.362500000000004 246.24840400000002 197.23703800000001 255.57108200000002 299.42234450000007 29.737500000000004 27.719791666666669 29.637500000000003 290.03840000000008 23.694531250000008 249.19958150000005 254.80594350000004
decision_type=2 2 2 2 2 2 2 2 2 2 2 2 2 2
left_child=-1 -2 3 -3 -4 -6 7 10 -9 -10 -7 -12 13 -13
right_child=1 2 4 -5 5 6 -8 8 9 -11 11 12 -14 -15
leaf_value=-0.15939004840309559 -0.0075896158516324157 0.092577083302598048 0.1885589838575791 0.42853667665738615 -0.056936950340976691 0.053790148584644031 -0.32966913937068565 0.43371993010355675 -0.14924107777829074 0.21171604816284445 0.1798524381306309 -0.063113668214595117 0.032888657381029238 -0.69336018812927336
leaf_weight=117 8282 262 135 59 653 820 40 54 48 89 51 56 91 43
leaf_count=117 8282 262 135 59 653 820 40 54 48 89 51 56 91 43
internal_value=0.000121163 0.00188288 0.0345468 0.155466 0.01582 0.00373972 0.0344271 0.0463134 0.185397 0.0850843 0.0211247 -0.089782 -0.16272 -0.341053
internal_weight=10800 10683 2401 321 2080 1945 1292 1252 191 137 1061 241 190 99
internal_count=10800 10683 2401 321 2080 1945 1292 1252 191 137 1061 241 190 99
is_linear=0
shrinkage=0.05


end of trees

feature_importances:
consumo_alvo_semana_anterior=267
temperatura_externa_c_atual=108
temperatura_externa_c_media_1440m=107
origem_hora=99
consumo_max_1440m=75
consumo_lag_10080m=67
consumo_atual_kw=59
alvo_hora_cos=59
consumo_max_180m=51
umidade_relativa_pct_atual=45
consumo_alvo_dia_anterior=42
umidade_relativa_pct_media_1440m=39
consumo_min_60m=37
temperatura_externa_c_lag_720m=37
consumo_lag_360m=29
consumo_mean_1440m=28
origem_dia_semana=28
umidade_relativa_pct_media_360m=26
origem_mes=25
origem_hora_cos=25
consumo_lag_1440m=24
consumo_std_360m=24
consumo_std_1440m=24
temperatura_externa_c_lag_360m=23
umidade_relativa_pct_lag_1440m=21
consumo_lag_120m=20
consumo_std_180m=19
temperatura_externa_c_media_360m=19
consumo_std_60m=16
temperatura_externa_c_media_180m=15
umidade_relativa_pct_lag_60m=15
consumo_lag_180m=14
temperatura_externa_c_lag_1440m=14
consumo_max_360m=12
temperatura_externa_c_media_60m=12
consumo_min_180m=11
umidade_relativa_pct_media_60m=10
umidade_relativa_pct_lag_15m=9
umidade_relativa_pct_lag_360m=9
origem_hora_sin=9
consumo_lag_720m=8
consumo_min_360m=8
consumo_lag_60m=7
umidade_relativa_pct_lag_180m=7
umidade_relativa_pct_media_180m=6
consumo_max_60m=4
temperatura_externa_c_lag_15m=4
temperatura_externa_c_lag_60m=4
umidade_relativa_pct_lag_720m=4
consumo_lag_15m=3
consumo_mean_60m=3
temperatura_externa_c_lag_180m=2
origem_semana_sin=2
consumo_mean_180m=1
alvo_dia_semana=1
alvo_hora_sin=1

parameters:
[boosting: gbdt]
[objective: regression]
[metric: l1]
[tree_learner: serial]
[device_type: cpu]
[data_sample_strategy: bagging]
[data: ]
[valid: ]
[num_iterations: 400]
[learning_rate: 0.05]
[num_leaves: 15]
[num_threads: 2]
[seed: 20260905]
[deterministic: 1]
[force_col_wise: 1]
[force_row_wise: 0]
[histogram_pool_size: -1]
[max_depth: -1]
[min_data_in_leaf: 40]
[min_sum_hessian_in_leaf: 0.001]
[bagging_fraction: 1]
[pos_bagging_fraction: 1]
[neg_bagging_fraction: 1]
[bagging_freq: 0]
[bagging_seed: 23218]
[bagging_by_query: 0]
[feature_fraction: 1]
[feature_fraction_bynode: 1]
[feature_fraction_seed: 28090]
[extra_trees: 0]
[extra_seed: 14360]
[early_stopping_round: 0]
[early_stopping_min_delta: 0]
[first_metric_only: 0]
[max_delta_step: 0]
[lambda_l1: 0]
[lambda_l2: 1]
[linear_lambda: 0]
[min_gain_to_split: 0]
[drop_rate: 0.1]
[max_drop: 50]
[skip_drop: 0.5]
[xgboost_dart_mode: 0]
[uniform_drop: 0]
[drop_seed: 16970]
[top_rate: 0.2]
[other_rate: 0.1]
[min_data_per_group: 100]
[max_cat_threshold: 32]
[cat_l2: 10]
[cat_smooth: 10]
[max_cat_to_onehot: 4]
[top_k: 20]
[monotone_constraints: ]
[monotone_constraints_method: basic]
[monotone_penalty: 0]
[feature_contri: ]
[forcedsplits_filename: ]
[refit_decay_rate: 0.9]
[cegb_tradeoff: 1]
[cegb_penalty_split: 0]
[cegb_penalty_feature_lazy: ]
[cegb_penalty_feature_coupled: ]
[path_smooth: 0]
[interaction_constraints: ]
[verbosity: -1]
[saved_feature_importance_type: 0]
[use_quantized_grad: 0]
[num_grad_quant_bins: 4]
[quant_train_renew_leaf: 0]
[stochastic_rounding: 1]
[linear_tree: 0]
[max_bin: 255]
[max_bin_by_feature: ]
[min_data_in_bin: 3]
[bin_construct_sample_cnt: 200000]
[data_random_seed: 5037]
[is_enable_sparse: 1]
[enable_bundle: 1]
[use_missing: 1]
[zero_as_missing: 0]
[feature_pre_filter: 1]
[pre_partition: 0]
[two_round: 0]
[header: 0]
[label_column: ]
[weight_column: ]
[group_column: ]
[ignore_column: ]
[categorical_feature: ]
[forcedbins_filename: ]
[precise_float_parser: 0]
[parser_config_file: ]
[objective_seed: 15411]
[num_class: 1]
[is_unbalance: 0]
[scale_pos_weight: 1]
[sigmoid: 1]
[boost_from_average: 1]
[reg_sqrt: 0]
[alpha: 0.9]
[fair_c: 1]
[poisson_max_delta_step: 0.7]
[tweedie_variance_power: 1.5]
[lambdarank_truncation_level: 30]
[lambdarank_norm: 1]
[label_gain: ]
[lambdarank_position_bias_regularization: 0]
[eval_at: ]
[multi_error_top_k: 1]
[auc_mu_weights: ]
[num_machines: 1]
[local_listen_port: 12400]
[time_out: 120]
[machine_list_filename: ]
[machines: ]
[gpu_platform_id: -1]
[gpu_device_id: -1]
[gpu_device_id_list: ]
[gpu_use_dp: 0]
[num_gpu: 1]

end of parameters

pandas_categorical:[]
