tree
version=v4
num_class=1
num_tree_per_iteration=1
label_index=0
max_feature_idx=65
objective=regression
feature_names=consumo_atual_kw consumo_lag_15m consumo_lag_30m consumo_lag_60m consumo_lag_120m consumo_lag_180m consumo_lag_360m consumo_lag_720m consumo_lag_1440m consumo_lag_10080m consumo_mean_60m consumo_min_60m consumo_max_60m consumo_std_60m consumo_mean_180m consumo_min_180m consumo_max_180m consumo_std_180m consumo_mean_360m consumo_min_360m consumo_max_360m consumo_std_360m consumo_mean_1440m consumo_min_1440m consumo_max_1440m consumo_std_1440m temperatura_externa_c_atual temperatura_externa_c_lag_15m temperatura_externa_c_lag_60m temperatura_externa_c_lag_180m temperatura_externa_c_lag_360m temperatura_externa_c_lag_720m temperatura_externa_c_lag_1440m temperatura_externa_c_media_60m temperatura_externa_c_media_180m temperatura_externa_c_media_360m temperatura_externa_c_media_1440m umidade_relativa_pct_atual umidade_relativa_pct_lag_15m umidade_relativa_pct_lag_60m umidade_relativa_pct_lag_180m umidade_relativa_pct_lag_360m umidade_relativa_pct_lag_720m umidade_relativa_pct_lag_1440m umidade_relativa_pct_media_60m umidade_relativa_pct_media_180m umidade_relativa_pct_media_360m umidade_relativa_pct_media_1440m origem_hora origem_dia_semana origem_fim_de_semana origem_mes origem_hora_sin origem_hora_cos origem_semana_sin origem_semana_cos alvo_hora alvo_dia_semana alvo_fim_de_semana alvo_mes alvo_hora_sin alvo_hora_cos alvo_semana_sin alvo_semana_cos consumo_alvo_dia_anterior consumo_alvo_semana_anterior
feature_infos=[22.399999999999999:324.71375799999998] [22.399999999999999:324.71375799999998] [22.399999999999999:324.71375799999998] [22.399999999999999:324.71375799999998] [22.399999999999999:324.71375799999998] [22.399999999999999:324.71375799999998] [22.399999999999999:324.71375799999998] [22.399999999999999:324.71375799999998] [22.399999999999999:324.71375799999998] [22.399999999999999:324.71375799999998] [22.399999999999999:321.24876725000001] [22.399999999999999:318.278571] [22.399999999999999:324.71375799999998] [0:82.540869055199337] [22.399999999999999:313.28577408333337] [22.399999999999999:302.53573799999998] [22.399999999999999:324.71375799999998] [0:92.970139865692389] [22.399999999999999:295.13563500000004] [22.399999999999999:249.29458700000001] [22.399999999999999:324.71375799999998] [0:116.53386463160022] [23.200000000000003:159.49963871874999] none [25.600000000000001:324.71375799999998] [1.3929144002343703:128.71471884334804] [15:33.700000000000003] [15:33.700000000000003] [15:33.700000000000003] [15:33.700000000000003] [15:33.700000000000003] [15:33.700000000000003] [15:33.700000000000003] [15:33.4375] [15:32.71875] [15.333333333333334:31.620833333333334] [16.439843749999998:27.283072916666669] [31:98] [31:98] [31:98] [31:98] [31:98] [31:98] [31:98] [32.5:95.625] [33.666666666666664:95.083333333333329] [37.041666666666664:94] [59.309895833333336:91.638020833333329] [0:23.75] [0:6] [0:1] [1:4] [-1:1] [-1:1] [-0.97492791218182362:0.97492791218182362] [-0.90096886790241903:1] [0:23.75] [0:6] [0:1] [1:4] [-1:1] [-1:1] [-0.97492791218182362:0.97492791218182362] [-0.90096886790241903:1] [22.399999999999999:324.71375799999998] [22.399999999999999:324.71375799999998]
tree_sizes=1392 1413 1416 1414 1415 1416 1415 1415 1419 1415 1420 1421 1418 1417 1412 1414 1414 1423 1405 1420 1407 1415 1417 1410 1416 1396 1419 1414 1415 1418 1429 1406 1413 1411 1422 1436 1422 1439 1425 1430 1444 1415 1432 1423 1424 1426 1432 1425 1421 1432 1431 1417 1414 1422 1427 1430 1422 1418 1414 1416 1433 1441 1427 1424 1427 1426 1436 1421 1426 1442 1420 1412 1425 1435 1427 1426 1431 1435 1416 1427 1434 1434 1425 1434 1433 1428 1427 1419 1435 1438 1423 1426 1437 1433 1430 1417 1440 1416 1452 1416 1441 1420 1449 1423 1443 1430 1426 1432 1454 1415 1432 1445 1433 1425 1416 1453 1418 1414 1447 1442 1433 1440 1421 1431 1437 1440 1452 1444 1447

Tree=0
num_leaves=15
num_cat=0
split_feature=65 65 65 53 60 34 36 1 35 48 17 48 52 30
split_gain=8.94757e+07 9.45591e+06 3.4898e+06 304687 280860 249736 208321 151242 137721 102606 68730.1 62308.1 41789.2 38405
threshold=151.59140500000004 42.523274000000008 228.89220900000001 -0.70710678118654757 -0.8814490726585632 19.917708333333337 22.610416666666669 71.967546000000013 19.947395833333335 8.1250000000000018 2.4022257355649861e-05 3.1250000000000004 0.84874750804349197 20.637500000000003
decision_type=2 2 2 2 2 2 2 2 2 2 2 2 2 2
left_child=1 -1 3 -2 13 10 -6 -7 12 -10 -4 -8 -5 -3
right_child=2 4 5 8 6 7 11 -9 9 -11 -12 -13 -14 -15
leaf_value=104.01935435562511 109.51835691580067 109.18167549887424 115.31144444895048 111.42044041028456 107.33407041801023 116.21517194481039 109.63231435256661 113.43787477287944 113.68326230794786 112.55338725458938 114.08346313190478 108.36348991524507 112.78993846741348 110.42359627782815
leaf_weight=5440 79 126 444 225 640 1661 111 58 397 485 210 712 85 127
leaf_count=5440 79 126 444 225 640 1661 111 58 397 485 210 712 85 127
internal_value=108.288 105.04 114.664 112.544 108.276 115.797 108.01 116.125 112.743 113.067 114.927 108.536 111.809 109.811
internal_weight=10800 7156 3644 1271 1716 2373 1463 1719 1192 882 654 823 310 253
internal_count=10800 7156 3644 1271 1716 2373 1463 1719 1192 882 654 823 310 253
is_linear=0
shrinkage=1


Tree=1
num_leaves=15
num_cat=0
split_feature=65 65 65 53 60 34 36 1 36 17 48 52 36 65
split_gain=8.07626e+07 8.53456e+06 3.14917e+06 274970 253648 225126 188063 135998 129679 61946 56288.6 55051.2 50534.2 51832.8
threshold=151.59140500000004 42.523274000000008 228.89220900000001 -0.70710678118654757 -0.8814490726585632 19.917708333333337 22.610416666666669 71.967546000000013 22.889062500000005 2.4022257355649861e-05 3.1250000000000004 0.84874750804349197 18.395963541666671 189.10555400000001
decision_type=2 2 2 2 2 2 2 2 2 2 2 2 2 2
left_child=1 -1 3 -2 -3 9 -6 -7 12 -4 -8 -10 -5 -14
right_child=2 4 5 8 6 7 10 -9 11 -11 -12 -13 13 -15
leaf_value=-4.0548105978479372 1.1700503364205361 1.4479318120773501 6.6735033528188641 2.0975595016479494 -0.90586550269456068 7.5314935452384351 1.2781409802181383 4.8971878245725478 4.5120065068184063 5.5075053544971055 0.07216271741307885 5.8343245523017755 3.0926221547501811 4.1815427180698945
leaf_weight=5440 79 253 444 49 640 1661 111 58 469 210 712 113 177 384
leaf_count=5440 79 253 444 49 640 1661 111 58 469 210 712 113 177 384
internal_value=0.000202015 -3.08516 6.05835 4.04451 -0.0106472 7.13482 -0.263699 7.44551 4.23388 6.30808 0.23617 4.77831 3.70746 3.84409
internal_weight=10800 7156 3644 1271 1716 2373 1463 1719 1192 654 823 582 610 561
internal_count=10800 7156 3644 1271 1716 2373 1463 1719 1192 654 823 582 610 561
is_linear=0
shrinkage=0.05


Tree=2
num_leaves=15
num_cat=0
split_feature=65 65 65 53 60 34 36 1 36 17 48 48 48 36
split_gain=7.2899e+07 7.70281e+06 2.84154e+06 248174 228994 202940 170817 122289 117062 55831.3 53235.5 49910.2 46824.4 36269.1
threshold=151.59140500000004 42.523274000000008 228.89220900000001 -0.70710678118654757 -0.8814490726585632 19.917708333333337 22.179427083333334 71.967546000000013 22.889062500000005 2.4022257355649861e-05 3.1250000000000004 8.1250000000000018 8.1250000000000018 24.042447916666671
decision_type=2 2 2 2 2 2 2 2 2 2 2 2 2 2
left_child=1 -1 3 -2 -3 9 -6 -7 12 -4 -8 -10 -5 -12
right_child=2 4 5 8 6 7 10 -9 11 -11 13 -13 -14 -15
leaf_value=-3.8521073315954677 1.1122790671885014 1.3758202118667091 6.3405780449342188 4.008123325801396 -0.90138961352607616 7.1551461204868509 1.2148045273763795 4.6564786587731311 5.0649936270801144 5.2334354256001703 -0.29471021081408255 4.0650881672212167 3.0863223500046995 0.39708360182569624
leaf_weight=5440 79 253 444 285 596 1661 111 58 272 210 383 310 325 373
leaf_count=5440 79 253 444 285 596 1661 111 58 272 210 383 310 325 373
internal_value=0.000392645 -2.93092 5.75606 3.84311 -0.0100598 6.7786 -0.250499 7.0736 4.02301 5.99361 0.197464 4.54028 3.52285 0.046685
internal_weight=10800 7156 3644 1271 1716 2373 1463 1719 1192 654 867 582 610 756
internal_count=10800 7156 3644 1271 1716 2373 1463 1719 1192 654 867 582 610 756
is_linear=0
shrinkage=0.05


Tree=3
num_leaves=15
num_cat=0
split_feature=65 65 65 53 60 35 36 35 1 48 31 17 52 31
split_gain=6.58005e+07 6.95212e+06 2.56413e+06 223973 206735 183586 155050 109074 105705 79896.2 61079.1 48147.2 35566.9 35375.9
threshold=151.59140500000004 42.523274000000008 228.89220900000001 -0.70710678118654757 -0.8814490726585632 19.967187500000005 21.872395833333339 19.947395833333335 71.967546000000013 8.1250000000000018 24.437500000000004 2.4022257355649861e-05 0.84874750804349197 22.037500000000005
decision_type=2 2 2 2 2 2 2 2 2 2 2 2 2 2
left_child=1 -1 3 -2 13 11 -6 12 -7 -9 -8 -4 -5 -3
right_child=2 4 5 7 6 8 10 9 -10 -11 -12 -13 -14 -15
leaf_value=-3.659537521107104 1.0573603245615961 0.80473082401355112 5.9987836235935248 2.6377702886024412 -0.97243445828572472 6.7816383650435732 -0.21484527028506806 4.6528075227785353 4.4336500661126506 3.6578309634094865 0.58262479835360026 4.9386254282280957 3.891039511214855 2.0128056033452353
leaf_weight=5440 79 149 411 225 481 1704 567 397 57 485 415 201 85 104
leaf_count=5440 79 149 411 225 481 1704 567 397 57 485 415 201 85 104
internal_value=0.000551876 -2.78439 5.46881 3.65163 -0.0095046 6.44016 -0.23796 3.82254 6.7082 4.11045 0.122421 5.65922 2.99282 1.3073
internal_weight=10800 7156 3644 1271 1716 2373 1463 1192 1761 882 982 612 310 253
internal_count=10800 7156 3644 1271 1716 2373 1463 1192 1761 882 982 612 310 253
is_linear=0
shrinkage=0.05


Tree=4
num_leaves=15
num_cat=0
split_feature=65 65 65 53 60 34 36 36 1 48 31 17 28 52
split_gain=5.9393e+07 6.27464e+06 2.31385e+06 202127 186725 166255 140959 100683 99233.6 78881.4 46958.7 45436.2 33062.3 27458.6
threshold=151.59140500000004 42.523274000000008 228.89220900000001 -0.70710678118654757 -0.8814490726585632 19.917708333333337 22.179427083333334 20.874609375000002 71.967546000000013 8.1250000000000018 28.187500000000004 2.4022257355649861e-05 19.962500000000002 0.72947329433276253
decision_type=2 2 2 2 2 2 2 2 2 2 2 2 2 2
left_child=1 -1 3 -2 12 11 -6 -5 13 -9 -8 -4 -3 -7
right_child=2 4 5 7 6 8 10 9 -10 -11 -12 -13 -14 -15
leaf_value=-3.4765942346916066 1.0051531180739404 0.11583876564817608 5.7213021130508253 2.7019911913969081 -0.81735613261391615 6.1784373851637771 0.04288992817621199 4.3762513570981936 4.2075357889724989 3.4280830075169173 1.1616291023860468 4.722480481495789 1.5319451685662908 6.6949327372541338
leaf_weight=5440 79 52 444 244 596 771 761 436 58 512 106 210 201 890
leaf_count=5440 79 52 444 244 596 771 761 436 58 512 106 210 201 890
internal_value=0.0006937 -2.64518 5.19589 3.46968 -0.00896493 6.11862 -0.226083 3.63203 6.38557 3.86831 0.180848 5.40828 1.24249 6.45905
internal_weight=10800 7156 3644 1271 1716 2373 1463 1192 1719 948 867 654 253 1661
internal_count=10800 7156 3644 1271 1716 2373 1463 1192 1719 948 867 654 253 1661
is_linear=0
shrinkage=0.05


Tree=5
num_leaves=15
num_cat=0
split_feature=65 65 65 53 60 1 33 36 36 14 52 36 65 30
split_gain=5.361e+07 5.66318e+06 2.08846e+06 182391 168594 151402 137038 128395 94910.4 53744.5 43698.3 42188.3 41027.9 31084.9
threshold=151.59140500000004 42.523274000000008 228.89220900000001 -0.70710678118654757 -0.8814490726585632 69.10047950000002 19.003125000000004 21.872395833333339 22.889062500000005 60.02595412500002 0.84874750804349197 18.395963541666671 189.10555400000001 20.637500000000003
decision_type=2 2 2 2 2 2 2 2 2 2 2 2 2 2
left_child=1 -1 3 -2 13 6 -4 -6 11 -9 -10 -5 -13 -3
right_child=2 4 5 8 7 -7 -8 9 10 -11 -12 12 -14 -15
leaf_value=-3.3027962043648631 0.95552369461045616 0.61691589861169582 5.1083767184136057 1.5469136314392091 -0.88313061356606326 3.8539937945245542 6.1074852915777678 0.66312653518044484 3.6815007937208137 -0.13519810665607288 4.8466462018197047 2.4633854472235353 3.4239986632706287 1.7308346204459668
leaf_weight=5440 79 126 478 49 481 102 1793 305 469 677 113 177 384 127
leaf_count=5440 79 126 478 49 481 102 1793 305 469 677 113 177 384 127
internal_value=0.000833218 -2.51293 4.93664 3.29665 -0.00845743 5.81327 5.89953 -0.214765 3.45087 0.113176 3.91565 3.00175 3.12584 1.18069
internal_weight=10800 7156 3644 1271 1716 2373 2271 1463 1192 982 582 610 561 253
internal_count=10800 7156 3644 1271 1716 2373 2271 1463 1192 982 582 610 561 253
is_linear=0
shrinkage=0.05


Tree=6
num_leaves=15
num_cat=0
split_feature=65 65 65 60 53 34 36 36 1 35 52 36 17 30
split_gain=4.83934e+07 5.2084e+06 1.8091e+06 166041 138225 133758 122984 86949.7 75081.3 52932.7 46682.2 41425.8 36889.5 36041.6
threshold=156.54295950000002 42.523274000000008 230.58937150000003 -0.8814490726585632 -0.70710678118654757 19.917708333333337 23.839973958333342 23.063020833333336 71.967546000000013 19.830729166666671 0.84874750804349197 18.395963541666671 2.4022257355649861e-05 21.262500000000003
decision_type=2 2 2 2 2 2 2 2 2 2 2 2 2 2
left_child=1 -1 4 13 -2 12 9 11 -7 -5 -9 -6 -4 -3
right_child=2 3 5 6 7 8 -8 10 -10 -11 -12 -13 -14 -15
leaf_value=-3.1376869486307668 0.94170303181258608 0.74515409187604031 5.1753401126991321 -1.0748618587752841 1.4840603473139744 5.8362586112634318 0.45052026568470416 3.533051685803497 3.7985184756192298 -0.2796305662187179 4.7549324815923519 3.0266298919673069 4.2689208727616537 1.9918723368367486
leaf_weight=5440 66 185 440 301 50 1651 482 433 54 685 109 612 207 85
leaf_count=5440 66 185 440 301 50 1651 482 433 54 685 109 612 207 85
internal_value=0.000933434 -2.37653 4.71189 0.0063635 3.18685 5.53365 -0.203427 3.30904 5.77398 -0.523237 3.78708 2.91254 4.89238 1.14354
internal_weight=10800 7178 3622 1738 1270 2352 1468 1204 1705 986 542 662 647 270
internal_count=10800 7178 3622 1738 1270 2352 1468 1204 1705 986 542 662 647 270
is_linear=0
shrinkage=0.05


Tree=7
num_leaves=15
num_cat=0
split_feature=65 65 65 60 1 53 36 36 35 48 35 36 30 52
split_gain=4.36811e+07 4.70084e+06 1.63272e+06 149978 125158 122643 114843 111461 78309.4 61099.2 51750.4 36481.9 33036.9 29793.6
threshold=156.54295950000002 42.523274000000008 228.89220900000001 -0.8814490726585632 69.10047950000002 -0.70710678118654757 20.649218750000006 24.042447916666671 19.947395833333335 8.1250000000000018 19.830729166666671 23.063020833333336 20.637500000000003 0.84874750804349197
decision_type=2 2 2 2 2 2 2 2 2 2 2 2 2 2
left_child=1 -1 5 12 6 -2 -4 10 13 -10 -5 -8 -3 -7
right_child=2 3 4 7 -6 8 11 -9 9 -11 -12 -13 -14 -15
leaf_value=-2.9808313982163779 0.8953206631674695 0.52791814604664544 4.4676034811451952 -1.0248632639671038 3.4671686228039196 2.1020794088575574 5.2048604516031576 0.47519538788726667 3.8443672938780353 2.9747211584324642 -0.24761898701520099 5.7110269848051525 1.6378285452723504 3.2384215931559717
leaf_weight=5440 66 135 361 303 102 224 861 437 395 479 728 1049 135 85
leaf_count=5440 66 135 361 303 102 224 861 437 395 479 728 1049 135 85
internal_value=0.00103267 -2.25771 4.47675 0.00609802 5.2475 3.00936 5.3259 -0.193286 3.12644 3.3717 -0.476815 5.4857 1.08687 2.4241
internal_weight=10800 7178 3622 1738 2373 1249 2271 1468 1183 874 1031 1910 270 309
internal_count=10800 7178 3622 1738 2373 1249 2271 1468 1183 874 1031 1910 270 309
is_linear=0
shrinkage=0.05


Tree=8
num_leaves=15
num_cat=0
split_feature=65 65 65 60 48 34 31 53 1 34 35 30 17 30
split_gain=3.94277e+07 4.24271e+06 1.47416e+06 135450 117051 110479 101942 71668 60237.5 55575.6 48382.4 46031.5 31765.1 30445.6
threshold=156.54295950000002 42.523274000000008 230.58937150000003 -0.8814490726585632 8.1250000000000018 19.917708333333337 24.312500000000004 -0.70710678118654757 71.967546000000013 21.253125000000001 21.679166666666671 19.712500000000002 2.4022257355649861e-05 21.262500000000003
decision_type=2 2 2 2 2 2 2 2 2 2 2 2 2 2
left_child=1 -1 4 13 11 12 9 -6 -7 -5 -9 -2 -4 -3
right_child=2 3 5 6 7 8 -8 10 -10 -11 -12 -13 -14 -15
leaf_value=-2.8318172332141094 2.5173490844726563 0.66692454744410767 4.6739231782164969 -0.88441770167454425 0.85122277167306015 5.2692874324235159 0.45049298367448343 2.1986004232358534 3.4418390828912906 -0.14019960152038866 3.1015976682786022 3.6562697507924415 3.8376085428091198 1.8124976252573868
leaf_weight=5440 124 185 440 436 66 1651 442 356 54 590 278 446 207 85
leaf_count=5440 124 185 440 436 66 1651 442 356 54 590 278 446 207 85
internal_value=0.00112129 -2.14484 4.25335 0.00583246 2.87671 4.99515 -0.183649 2.43549 5.21346 -0.457009 2.59881 3.41335 4.41269 1.03293
internal_weight=10800 7178 3622 1738 1270 2352 1468 700 1705 1026 634 570 647 270
internal_count=10800 7178 3622 1738 1270 2352 1468 700 1705 1026 634 570 647 270
is_linear=0
shrinkage=0.05


Tree=9
num_leaves=15
num_cat=0
split_feature=65 65 65 53 36 17 48 36 64 36 17 52 36 65
split_gain=3.55889e+07 3.75664e+06 1.38626e+06 121495 114984 105542 83792.7 69127.7 63255.5 61849.3 36802.9 32558.4 32124.6 32672.5
threshold=151.59140500000004 42.523274000000008 228.89220900000001 -0.70710678118654757 22.179427083333334 2.2746480028614838e-05 10.125000000000002 22.889062500000005 233.63681200000005 22.709635416666668 62.655287756964334 0.84874750804349197 18.395963541666671 190.05536400000003
decision_type=2 2 2 2 2 2 2 2 2 2 2 2 2 2
left_child=1 -1 3 -2 10 9 -6 12 -7 -4 -3 -9 -5 -14
right_child=2 4 5 7 6 8 -8 11 -10 -11 -12 -13 13 -15
leaf_value=-2.690252374818364 0.77592695504426956 -0.64173177335828646 4.6014526066157053 1.1678315818309783 0.9189376973677279 3.4273563091223842 -0.016983776773471036 3.0077800144064937 4.5205424330406583 5.2565587005951331 0.47067175840630249 4.0073748622024272 1.97483035960096 2.8136649777730307
leaf_weight=5440 79 606 772 49 378 210 648 469 484 907 84 113 187 374
leaf_count=5440 79 606 772 49 378 210 648 469 484 907 84 113 187 374
internal_value=0.00119773 -2.04694 4.02273 2.6866 -0.0071457 4.73695 0.328388 2.81247 4.19516 4.95826 -0.505824 3.2084 2.43009 2.53806
internal_weight=10800 7156 3644 1271 1716 2373 1026 1192 694 1679 690 582 610 561
internal_count=10800 7156 3644 1271 1716 2373 1026 1192 694 1679 690 582 610 561
is_linear=0
shrinkage=0.05


Tree=10
num_leaves=15
num_cat=0
split_feature=65 65 65 36 48 35 31 60 60 1 26 35 1 52
split_gain=3.21263e+07 3.45511e+06 1.20097e+06 115454 99391.8 92788.4 60121.3 54823.6 49561.9 48170.7 38688.6 35139 34905.7 25491.9
threshold=156.54295950000002 42.523274000000008 230.58937150000003 23.581770833333337 8.1250000000000018 19.967187500000005 23.662500000000005 -0.8814490726585632 -0.8814490726585632 71.967546000000013 19.087500000000002 19.780208333333338 219.17865700000002 0.29012925520284133
decision_type=2 2 2 2 2 2 2 2 2 2 2 2 2 2
left_child=1 -1 4 7 10 -4 12 -3 -5 13 -2 -9 -6 -7
right_child=2 3 5 8 6 9 -8 11 -10 -11 -12 -13 -14 -15
leaf_value=-2.5557643863037871 2.3463157199991165 0.55233932592391233 3.9512526974819675 1.5055149539096937 2.0008358222393952 4.4054326953924834 2.7733619230443782 -0.90357307294892508 0.34007350066766462 3.1131954297152435 3.3371195326888592 -0.24344826081114979 0.71933690987813936 4.8954260439136039
leaf_weight=5440 144 160 605 110 362 516 274 290 518 54 426 660 64 1177
leaf_count=5440 144 160 605 110 362 516 274 290 518 54 426 660 64 1177
internal_value=0.00127488 -1.93582 3.83964 0.00499015 2.59709 4.50918 2.19078 -0.301469 0.54628 4.70003 3.09136 -0.445698 1.81045 4.74877
internal_weight=10800 7178 3622 1738 1270 2352 700 1110 628 1747 570 950 426 1693
internal_count=10800 7178 3622 1738 1270 2352 700 1110 628 1747 570 950 426 1693
is_linear=0
shrinkage=0.05


Tree=11
num_leaves=15
num_cat=0
split_feature=65 65 65 36 17 48 64 31 36 17 60 30 31 1
split_gain=2.89981e+07 3.11839e+06 1.08405e+06 104243 90244.9 83044 54122.5 53740.4 52100.7 49671.8 44781.8 33623.5 31571.6 31274.3
threshold=156.54295950000002 42.523274000000008 228.89220900000001 23.581770833333337 2.2746480028614838e-05 8.1250000000000018 226.46772300000003 23.512500000000003 22.750520833333336 62.655287756964334 -0.8814490726585632 19.712500000000002 24.437500000000004 219.17865700000002
decision_type=2 2 2 2 2 2 2 2 2 2 2 2 2 2
left_child=1 -1 5 9 8 11 -6 13 -4 12 -5 -2 -3 -7
right_child=2 3 4 10 6 7 -8 -9 -10 -11 -12 -13 -14 -15
leaf_value=-2.4279997102260329 2.1344148840786015 -0.52779163719832434 4.1698387827358996 1.4309173907597996 2.9916389554411502 1.8990406119319756 4.0464439614737548 2.6260090323660874 4.7681540150725086 0.56367236086036143 0.32310258793915575 3.1230615055835109 0.32491570289134986 0.68392339307528283
leaf_weight=5440 120 838 815 110 181 354 513 277 864 148 518 434 124 64
leaf_count=5440 120 838 815 110 181 354 513 277 864 148 518 434 124 64
internal_value=0.00133258 -1.83904 3.64804 0.00477662 4.27607 2.45235 3.77604 2.08139 4.48038 -0.286423 0.519113 2.91315 -0.417656 1.71507
internal_weight=10800 7178 3622 1738 2373 1249 694 695 1679 1110 628 554 962 418
internal_count=10800 7178 3622 1738 2373 1249 694 695 1679 1110 628 554 962 418
is_linear=0
shrinkage=0.05


Tree=12
num_leaves=15
num_cat=0
split_feature=65 65 65 53 36 34 48 36 1 52 36 17 65 32
split_gain=2.61747e+07 2.76118e+06 1.01939e+06 91124 88399.8 78976.9 66611.9 59741.2 41265.9 32665.6 29105.1 26989.5 25384.3 24871.5
threshold=151.59140500000004 42.523274000000008 230.58937150000003 -0.70710678118654757 22.179427083333334 19.960416666666671 10.125000000000002 23.063020833333336 71.967546000000013 0.84874750804349197 18.395963541666671 62.655287756964334 190.05536400000003 21.312500000000004
decision_type=2 2 2 2 2 2 2 2 2 2 2 2 2 2
left_child=1 -1 3 -2 11 -4 13 10 -7 -9 -5 -3 -12 -6
right_child=2 4 5 7 6 8 -8 9 -10 -11 12 -13 -14 -15
leaf_value=-2.3066221428232976 0.66339280071668327 -0.55994224594184849 3.5981312240823344 0.91426183242423864 0.20258403328748853 4.3086545621404557 -0.020044121966598261 2.6107963544672188 2.7849412856278599 3.6197854475541549 1.7422415427421329 0.3927390443369308 2.4374034178316895 1.0835106978284996
leaf_weight=5440 79 606 684 50 116 1615 648 439 53 109 218 84 397 262
leaf_count=5440 79 606 684 50 116 1615 648 439 53 109 218 84 397 262
internal_value=0.00138685 -1.75509 3.45025 2.31884 -0.00631632 4.0705 0.287884 2.42602 4.26194 2.81772 2.0995 -0.443563 2.19422 0.814421
internal_weight=10800 7156 3644 1292 1716 2352 1026 1213 1668 548 665 690 615 378
internal_count=10800 7156 3644 1292 1716 2352 1026 1213 1668 548 665 690 615 378
is_linear=0
shrinkage=0.05


Tree=13
num_leaves=15
num_cat=0
split_feature=65 65 65 36 17 48 34 60 31 64 60 35 26 30
split_gain=2.36301e+07 2.58694e+06 845909 92308.3 77082.8 72992.4 42732 42093.1 41999.4 41966.3 39366.4 30260.9 27716.7 20304.6
threshold=160.54939600000003 42.523274000000008 230.58937150000003 23.581770833333337 2.2746480028614838e-05 8.1250000000000018 21.122916666666672 -0.8814490726585632 23.712500000000002 233.63681200000005 -0.8814490726585632 19.780208333333338 19.087500000000002 18.912500000000005
decision_type=2 2 2 2 2 2 2 2 2 2 2 2 2 2
left_child=1 -1 5 7 6 12 -4 -3 13 -6 -5 -9 -2 -7
right_child=2 3 4 10 9 8 -8 11 -10 -11 -12 -13 -14 -15
leaf_value=-2.1913120712170904 2.0405238237645889 0.46127735870608755 3.8318860824767884 1.3230552604979176 2.7685706370085192 0.78436078857368152 4.3868341661822141 -0.81283434403881649 2.3965476536389554 3.6669513571806469 0.30723899804277394 -0.2010497760247445 2.8832723259366175 1.7345749991335744
leaf_weight=5440 143 171 1000 116 205 70 666 291 263 481 522 660 425 347
leaf_count=5440 143 171 1000 116 205 70 666 291 263 481 522 660 425 347
internal_value=0.00141699 -1.65232 3.30843 0.0139589 3.8672 2.2531 4.05623 -0.25904 1.89723 3.40291 0.493714 -0.388909 2.67506 1.57732
internal_weight=10800 7200 3600 1760 2352 1248 1666 1122 680 686 638 951 568 417
internal_count=10800 7200 3600 1760 2352 1248 1666 1122 680 686 638 951 568 417
is_linear=0
shrinkage=0.05


Tree=14
num_leaves=15
num_cat=0
split_feature=65 65 65 60 1 31 36 48 35 20 52 46 26 33
split_gain=2.13324e+07 2.37765e+06 730047 84667.3 72643.8 69972.6 68281 61214.6 41794 37415.9 26921.6 26738.1 24313.9 23175.8
threshold=162.76561300000003 63.145266500000005 228.89220900000001 -0.8814490726585632 69.10047950000002 24.312500000000004 20.649218750000006 8.1250000000000018 20.315625000000004 251.98463850000005 0.72947329433276253 81.901041666666671 20.487500000000004 19.065625000000004
decision_type=2 2 2 2 2 2 2 2 2 2 2 2 2 2
left_child=1 -1 7 12 6 9 -4 13 -9 -5 -8 -12 -3 -2
right_child=2 3 4 5 -6 -7 10 8 -10 -11 11 -13 -14 -15
leaf_value=-2.0775340581276294 1.9590548596483597 -0.26111001296246306 3.070524348474998 -0.69308852706434321 2.319939553101086 0.39971991009507957 3.6099212821766713 1.2407432809678092 2.1013429313291252 -0.081220301115077692 4.3895557914117367 3.8150020259359607 0.98136590378625055 2.7428374352256943
leaf_weight=5462 140 46 361 448 102 444 826 216 441 564 395 689 258 408
leaf_count=5462 140 46 361 448 102 444 826 216 441 564 395 689 258 408
internal_value=0.00145434 -1.56263 3.15803 0.0355995 3.66744 -0.123 3.72691 2.15264 1.82072 -0.352504 3.8493 4.02822 0.79312 2.54653
internal_weight=10800 7222 3578 1760 2373 1456 2271 1205 657 1012 1910 1084 304 548
internal_count=10800 7222 3578 1760 2373 1456 2271 1205 657 1012 1910 1084 304 548
is_linear=0
shrinkage=0.05


Tree=15
num_leaves=15
num_cat=0
split_feature=65 65 65 60 17 31 48 29 36 20 64 33 27 30
split_gain=1.92557e+07 2.14755e+06 659186 78768.9 64990.6 61604 59994.4 37678.2 37343.4 35335.3 34725.7 22280.9 22026 18583.2
threshold=162.76561300000003 42.523274000000008 230.58937150000003 -0.8814490726585632 2.2746480028614838e-05 24.312500000000004 8.1250000000000018 21.862500000000004 23.123697916666668 267.01345100000009 226.46772300000003 19.065625000000004 19.962500000000002 19.487500000000004
decision_type=2 2 2 2 2 2 2 2 2 2 2 2 2 2
left_child=1 -1 6 12 8 9 11 13 -4 -5 -6 -2 -3 -8
right_child=2 3 4 5 10 -7 7 -9 -10 -11 -12 -13 -14 -15
leaf_value=-1.9779090694854462 1.873089977872783 -0.24979899801472399 3.4255463337764311 -0.51191581622606819 2.425332487909134 0.35846465598717497 0.81484750792080052 2.2280275323351879 3.9327156296732491 0.16355073707390391 3.2807435474283775 2.6291015928544796 0.93275322522608473 1.6180890630088722
leaf_weight=5440 144 46 889 770 176 450 97 243 777 258 510 420 258 322
leaf_count=5440 144 46 889 770 176 450 97 243 777 258 510 420 258 322
internal_value=0.00149047 -1.48451 3.00048 0.0219757 3.49092 -0.128911 2.05753 1.72871 3.6643 -0.342398 3.06513 2.43973 0.753582 1.43452
internal_weight=10800 7222 3578 1782 2352 1478 1226 662 1666 1028 686 564 304 419
internal_count=10800 7222 3578 1782 2352 1478 1226 662 1666 1028 686 564 304 419
is_linear=0
shrinkage=0.05


Tree=16
num_leaves=15
num_cat=0
split_feature=65 65 65 60 29 36 48 48 29 35 36 25 29 7
split_gain=1.73808e+07 1.93824e+06 595125 71107.9 61349.6 55962.9 49728.6 41919.9 35376.2 27725.9 21151.9 24295.7 21096.5 25047.3
threshold=162.76561300000003 42.523274000000008 228.89220900000001 -0.8814490726585632 19.087500000000002 24.042447916666671 8.1250000000000018 7.1250000000000009 21.862500000000004 19.780208333333338 25.173697916666672 105.3195466553865 21.062500000000004 258.55643550000008
decision_type=2 2 2 2 2 2 2 2 2 2 2 2 2 2
left_child=1 -1 6 -3 -4 9 12 10 -8 -5 -6 -12 -2 -14
right_child=2 3 4 5 7 -7 8 -9 -10 -11 11 -13 13 -15
leaf_value=-1.8790317910490089 2.0445035752533491 0.71601493688445306 2.7506632147559991 -0.73104712311014375 3.4415059717791872 0.34654157907189281 1.358052341037651 2.8477204049370957 2.1295205445329022 -0.15919425179008242 4.8371944688770867 3.6507817511288625 3.4118636073836366 2.2217358299943268
leaf_weight=5440 345 304 430 297 1370 444 416 290 241 737 72 211 82 121
leaf_count=5440 345 304 430 297 1370 444 416 290 241 737 72 211 82 121
internal_value=0.00151289 -1.41029 2.85077 0.0208963 3.3107 -0.122465 1.94302 3.43316 1.64385 -0.323997 3.53409 3.96859 2.29806 2.71685
internal_weight=10800 7222 3578 1782 2373 1478 1205 1943 657 1034 1653 283 548 203
internal_count=10800 7222 3578 1782 2373 1478 1205 1943 657 1034 1653 283 548 203
is_linear=0
shrinkage=0.05


Tree=17
num_leaves=15
num_cat=0
split_feature=65 65 65 36 17 48 35 34 64 17 60 31 36 20
split_gain=1.56894e+07 1.74965e+06 537232 63340.2 55630 48982.4 32561.8 32422.2 30145.4 29980.1 28556.3 23908.3 19644.6 18585.8
threshold=162.76561300000003 63.145266500000005 230.58937150000003 23.581770833333337 2.2746480028614838e-05 8.1250000000000018 20.315625000000004 21.122916666666672 226.46772300000003 62.655287756964334 -0.8814490726585632 24.437500000000004 23.077213541666669 251.98463850000005
decision_type=2 2 2 2 2 2 2 2 2 2 2 2 2 2
left_child=1 -1 5 9 7 12 -7 -4 -6 11 -5 13 -2 -3
right_child=2 3 4 10 8 6 -8 -9 -10 -11 -12 -13 -14 -15
leaf_value=-1.7814914412448724 1.9142154575751644 -0.62258147019830146 3.1178455604394744 1.1110533738584538 2.1641137009286608 1.0514014003015884 1.8071807150358563 3.597300594071041 2.9584980856415815 0.41271869775918124 0.26342872069341677 0.34727857103113269 2.5337643120839051 -0.14596843130084788
leaf_weight=5462 305 444 1000 122 176 218 444 666 510 170 523 121 259 380
leaf_count=5462 305 444 1000 122 176 218 444 666 510 170 523 121 259 380
internal_value=0.00156218 -1.33979 2.70863 0.0312188 3.15138 1.85736 1.56026 3.31156 2.75814 -0.196882 0.425226 -0.306865 2.20271 -0.403228
internal_weight=10800 7222 3578 1760 2352 1226 662 1666 686 1115 645 945 564 824
internal_count=10800 7222 3578 1760 2352 1226 662 1666 686 1115 645 945 564 824
is_linear=0
shrinkage=0.05


Tree=18
num_leaves=15
num_cat=0
split_feature=65 65 65 33 48 1 36 29 52 52 46 25 30 52
split_gain=1.41617e+07 1.5802e+06 485042 58810.6 68287.9 54917.2 50319.5 42242.3 36558.8 23017.4 22265.4 21817 21397.1 17572
threshold=162.76561300000003 42.523274000000008 228.89220900000001 19.996875000000003 10.125000000000002 69.10047950000002 20.649218750000006 21.612500000000004 0.84874750804349197 0.72947329433276253 81.901041666666671 105.3195466553865 19.237500000000004 0.84874750804349197
decision_type=2 2 2 2 2 2 2 2 2 2 2 2 2 2
left_child=1 -1 7 -3 -5 6 -4 8 12 -8 11 -11 -2 -9
right_child=2 3 5 4 -6 -7 9 13 -10 10 -12 -13 -14 -15
leaf_value=-1.6960393063265311 0.78214660866134289 -0.58996200155047129 2.4789038402599526 0.62069358463287938 -0.096151314302788754 1.822073508176989 2.9282630327058579 2.0202493038990146 2.1407113909721374 4.0297594810599717 3.116678069294363 3.2038246164516533 1.4972878670923551 3.0559853067585068
leaf_weight=5440 143 323 361 510 949 102 826 398 183 200 689 195 431 50
leaf_count=5440 143 323 361 510 949 102 826 398 183 200 689 195 431 50
internal_value=0.00157075 -1.2728 2.57347 0.019452 0.154679 2.98869 3.04026 1.75397 1.52157 3.14501 3.30732 3.63114 1.3208 2.14239
internal_weight=10800 7222 3578 1782 1459 2373 2271 1205 757 1910 1084 395 574 448
internal_count=10800 7222 3578 1782 1459 2373 2271 1205 757 1910 1084 395 574 448
is_linear=0
shrinkage=0.05


Tree=19
num_leaves=15
num_cat=0
split_feature=65 65 65 53 1 28 48 36 26 52 33 48 32 25
split_gain=1.27858e+07 1.34715e+06 496811 57873.9 49512.9 49015.3 53777.8 46617.8 35026.9 25766.8 23696.8 21884.1 19439 18651.7
threshold=151.59140500000004 42.523274000000008 228.89220900000001 -0.70710678118654757 69.10047950000002 19.962500000000002 10.125000000000002 23.002473958333336 19.462500000000002 0.84874750804349197 16.884375000000002 3.1250000000000004 21.312500000000004 104.33527907377577
decision_type=2 2 2 2 2 2 2 2 2 2 2 2 2 2
left_child=1 -1 3 -2 7 11 12 10 -5 -10 -4 -3 -7 -9
right_child=2 5 4 8 -6 6 -8 13 9 -11 -12 -13 -14 -15
leaf_value=-1.6112528501768979 0.29739046374801548 0.38491994867137835 1.7661487579345705 1.1746146085035618 1.7318543062843745 0.16122314145033423 -0.095822804548623408 3.4654236788005499 1.7164027317200301 2.4244262128341489 2.7255515038570826 -0.74941914146098332 0.82338283349126229 2.9743615790625304
leaf_weight=5440 79 50 76 258 102 184 938 345 771 163 1127 264 280 723
leaf_count=5440 79 50 76 258 102 184 938 345 771 163 1127 264 280 723
internal_value=0.00160943 -1.22601 2.41206 1.61217 2.83963 -0.00451131 0.122038 2.8886 1.69899 1.84243 2.66646 -0.568143 0.561714 3.13608
internal_weight=10800 7156 3644 1271 2373 1716 1402 2271 1192 934 1203 314 464 1068
internal_count=10800 7156 3644 1271 2373 1716 1402 2271 1192 934 1203 314 464 1068
is_linear=0
shrinkage=0.05


Tree=20
num_leaves=15
num_cat=0
split_feature=65 65 65 36 28 64 30 48 60 60 48 31 36 25
split_gain=1.15419e+07 1.28621e+06 394636 51628.7 44072 40773.7 30764.5 30757.6 23604.4 22275.8 20926.9 19301.2 17193.3 22066
threshold=162.76561300000003 63.145266500000005 230.58937150000003 23.581770833333337 19.012500000000003 230.0338265 19.487500000000004 7.1250000000000009 -0.8814490726585632 -0.8814490726585632 8.1250000000000018 24.437500000000004 25.21510416666667 105.4408211443279
decision_type=2 2 2 2 2 2 2 2 2 2 2 2 2 2
left_child=1 -1 5 8 -4 6 -2 12 -3 -5 -8 -10 -6 -14
right_child=2 3 4 9 7 -7 10 -9 11 -11 -12 -13 13 -15
leaf_value=-1.527579113750499 0.95006297146185092 0.34025412108138453 2.2721440834913427 0.98809554257649723 2.8234719615284387 2.6115185983719367 1.9299934548300666 2.3103288542333451 -0.36869088766476665 0.23942767831049006 1.4330529011719344 0.30629851172265954 4.1614242611509384 3.0084218400034741
leaf_weight=5462 207 182 500 122 1307 92 369 280 812 523 558 121 65 200
leaf_count=5462 207 182 500 122 1307 92 369 280 812 523 558 121 65 200
internal_value=0.00160852 -1.14887 2.32346 0.0266241 2.70293 1.59385 1.50906 2.81794 -0.179311 0.382347 1.63273 -0.280918 2.90683 3.30582
internal_weight=10800 7222 3578 1760 2352 1226 1134 1852 1115 645 927 933 1572 265
internal_count=10800 7222 3578 1760 2352 1226 1134 1852 1115 645 927 933 1572 265
is_linear=0
shrinkage=0.05


Tree=21
num_leaves=15
num_cat=0
split_feature=65 65 65 1 36 28 18 36 1 47 33 0 48 25
split_gain=1.04185e+07 1.09806e+06 405053 50743.5 48935.2 42191.5 45226.6 37556.3 35492.6 22756 21066.9 20630 19703.1 19379.4
threshold=151.59140500000004 42.523274000000008 225.23429500000003 69.10047950000002 20.302864583333335 19.962500000000002 117.18274320833335 23.077213541666669 238.67934850000003 78.173177083333357 16.884375000000002 265.35616800000008 3.1250000000000004 104.33527907377577
decision_type=2 2 2 2 2 2 2 2 2 2 2 2 2 2
left_child=1 -1 4 7 9 12 -7 10 -6 -2 -4 -8 -3 -9
right_child=2 5 3 -5 8 6 11 13 -10 -11 -12 -13 -14 -15
leaf_value=-1.4543401717087996 -0.32344673846078958 0.37750686786922755 1.5668563681763488 1.5339095486480683 1.633367820366652 0.47365943733429661 -0.25133475992478466 3.1763922700121361 0.40233294627396393 0.98756557473959017 2.4666888057725509 0.31091546941924531 -0.69868170446663536 2.6757208623922084
leaf_weight=5440 45 50 76 121 1001 537 648 325 63 120 1165 217 264 728
leaf_count=5440 45 50 76 121 1001 537 648 325 63 120 1165 217 264 728
internal_value=0.0016275 -1.10653 2.17752 2.55383 1.43659 -0.00373076 0.113679 2.60693 1.56092 0.630222 2.41289 -0.110089 -0.52666 2.83312
internal_weight=10800 7156 3644 2415 1229 1716 1402 2294 1064 165 1241 865 314 1053
internal_count=10800 7156 3644 2415 1229 1716 1402 2294 1064 165 1241 865 314 1053
is_linear=0
shrinkage=0.05


Tree=22
num_leaves=15
num_cat=0
split_feature=65 65 65 64 60 35 17 48 34 35 31 29 9 26
split_gain=9.40738e+06 1.06675e+06 309171 59764.6 53162.1 39036.8 37892.3 27594.5 22958.2 21214.6 19517.2 18645 18344.7 14566.4
threshold=164.76317700000001 42.523274000000008 236.58133150000003 230.0338265 -0.8814490726585632 19.830729166666671 2.2746480028614838e-05 8.1250000000000018 21.122916666666672 19.186979166666671 28.462500000000002 18.275000000000002 233.25313400000002 20.762500000000003
decision_type=2 2 2 2 2 2 2 2 2 2 2 2 2 2
left_child=1 -1 3 7 12 -6 8 -2 -4 -9 -7 -8 -3 -14
right_child=2 4 6 -5 5 10 11 9 -10 -11 -12 -13 13 -15
leaf_value=-1.3816365372935238 1.6478636808220355 1.5812548914125988 2.4360811056877401 2.3547832067807515 -0.60284877524342861 -0.036649086167444549 1.5189925753233726 0.50210748342199063 2.8453172806679645 1.2761330351674183 0.67767760205836525 2.2587817149733023 -0.32138592346012596 0.62254701520586431
leaf_weight=5440 503 41 960 179 310 1070 113 108 636 540 104 517 49 230
leaf_count=5440 503 41 960 179 310 1070 113 108 636 540 104 517 49 230
internal_value=0.00160573 -1.03229 2.10747 1.50226 0.0213689 -0.104768 2.46823 1.36774 2.60084 1.1481 0.0271532 2.12871 0.604834 0.456211
internal_weight=10800 7244 3556 1330 1804 1484 2226 1151 1596 648 1174 630 320 279
internal_count=10800 7244 3556 1330 1804 1484 2226 1151 1596 648 1174 630 320 279
is_linear=0
shrinkage=0.05


Tree=23
num_leaves=15
num_cat=0
split_feature=65 65 65 64 60 36 35 30 1 48 31 36 25 9
split_gain=8.49133e+06 962837 279018 54093.8 48020.4 35313.5 35245.4 25345.7 20880 19019.9 18130.6 17070 22224.7 16613.1
threshold=164.76317700000001 42.523274000000008 236.58133150000003 226.46772300000003 -0.8814490726585632 20.610677083333339 19.830729166666671 18.912500000000005 71.967546000000013 8.1250000000000018 24.962500000000002 25.21510416666667 105.3195466553865 233.25313400000002
decision_type=2 2 2 2 2 2 2 2 2 2 2 2 2 2
left_child=1 -1 3 7 13 -4 -6 -2 11 -9 -8 -7 -13 -3
right_child=2 4 5 -5 6 8 10 9 -10 -11 -12 12 -14 -15
leaf_value=-1.3125673551722457 0.61961617702618244 1.5040746008001624 1.8579798542781116 2.1945518366616183 -0.57280324362697521 2.3888122043458586 -0.10852974874763047 1.6317564682723131 1.4438566257213725 1.1839593283548486 0.31273096459507943 3.6645060027855032 2.5642910753596913 0.43345417401320968
leaf_weight=5440 127 41 336 197 310 1546 800 429 57 577 374 68 219 279
leaf_count=5440 127 41 336 197 310 1546 800 429 57 577 374 68 219 279
internal_value=0.00159666 -0.980668 2.0023 1.42736 0.0203536 2.34502 -0.0995286 1.29215 2.43058 1.37635 0.0258228 2.46046 2.83679 0.574886
internal_weight=10800 7244 3556 1330 1804 2226 1484 1133 1890 1006 1174 1833 287 320
internal_count=10800 7244 3556 1330 1804 2226 1484 1133 1890 1006 1174 1833 287 320
is_linear=0
shrinkage=0.05


Tree=24
num_leaves=15
num_cat=0
split_feature=65 65 65 64 60 17 36 48 29 31 29 31 35 32
split_gain=7.66475e+06 869081 251846 49060 42218.8 32728.3 32327.6 22810.3 19459.1 19122.1 15951.2 15703.1 15114.5 12045.9
threshold=164.76317700000001 63.145266500000005 236.58133150000003 230.0338265 -0.8814490726585632 2.2746480028614838e-05 24.042447916666671 8.1250000000000018 21.937500000000004 23.712500000000002 18.275000000000002 21.962500000000002 19.780208333333338 26.587500000000002
decision_type=2 2 2 2 2 2 2 2 2 2 2 2 2 2
left_child=1 -1 3 7 11 8 12 -2 -4 -9 -7 -3 -6 -8
right_child=2 4 5 -5 6 10 13 9 -10 -11 -12 -13 -14 -15
leaf_value=-1.2443987705834987 1.4889822916009479 0.23344289621752168 2.2064846023977043 2.1285801466306054 -0.54808990114971123 1.3505914287608967 0.42969596600391391 0.81064128538175506 2.5864535102416513 1.3710996729227924 2.0331596218941295 0.93935593603815049 -0.12063031419882329 -0.15098509773491853
leaf_weight=5462 503 179 995 179 288 113 321 391 601 257 517 141 730 123
leaf_count=5462 503 179 995 179 288 113 321 391 601 257 517 141 730 123
internal_value=0.00159924 -0.931633 1.90243 1.3562 0.0271842 2.22804 -0.0867661 1.23434 2.3511 1.03469 1.91307 0.546443 -0.241981 0.268854
internal_weight=10800 7244 3556 1330 1782 2226 1462 1151 1596 648 630 320 1018 444
internal_count=10800 7244 3556 1330 1782 2226 1462 1151 1596 648 630 320 1018 444
is_linear=0
shrinkage=0.05


Tree=25
num_leaves=15
num_cat=0
split_feature=65 65 65 64 33 48 36 36 9 1 36 25 21 52
split_gain=6.91846e+06 785017 227272 44322.1 39219 39512.6 29767.6 21268.5 23065 18329.6 14951 20159 13519.7 13392.7
threshold=164.76317700000001 42.523274000000008 236.58133150000003 230.0338265 19.996875000000003 10.125000000000002 20.610677083333339 18.091406250000002 203.33791900000003 71.967546000000013 25.21510416666667 105.3195466553865 1.205119597395808e-05 -0.63405362205439475
decision_type=2 2 2 2 2 2 2 2 2 2 2 2 2 2
left_child=1 -1 3 7 -3 12 -4 -2 -9 10 -8 -12 -6 -7
right_child=2 4 6 -5 5 13 9 8 -10 -11 11 -13 -14 -15
leaf_value=-1.1847425133050133 0.1393588113541506 -0.47396621702464697 1.6701076764370197 2.0227424006991916 -0.14384312275797129 0.6408183302671191 2.1565127707483236 1.311335415116277 0.65217440504018431 1.2741800785064699 3.3580914151841315 2.316372340375727 0.57933220933253293 -0.11365368684925777
leaf_weight=5440 48 329 336 179 75 62 1546 945 158 57 68 219 451 887
leaf_count=5440 48 329 336 179 75 62 1546 945 158 57 68 219 451 887
internal_value=0.00158187 -0.885054 1.80751 1.28861 0.0188168 0.128979 2.11682 1.17278 1.21759 2.19531 2.22325 2.57399 0.476141 -0.0637399
internal_weight=10800 7244 3556 1330 1804 1475 2226 1151 1103 1890 1833 287 526 949
internal_count=10800 7244 3556 1330 1804 1475 2226 1151 1103 1890 1833 287 526 949
is_linear=0
shrinkage=0.05


Tree=26
num_leaves=15
num_cat=0
split_feature=65 65 65 64 17 17 53 31 30 30 26 34 48 29
split_gain=6.24496e+06 708509 205158 40140.1 36371 28262.1 24630.7 24440.6 21055.8 18433.1 18002.9 16895.3 14996.6 13665.7
threshold=164.76317700000001 42.523274000000008 236.58133150000003 226.46772300000003 42.219592576289344 2.2746480028614838e-05 -0.70710678118654757 24.962500000000002 18.912500000000005 21.262500000000003 25.187500000000004 22.663541666666671 8.1250000000000018 18.512500000000003
decision_type=2 2 2 2 2 2 2 2 2 2 2 2 2 2
left_child=1 -1 3 8 7 11 9 10 -2 -6 -3 -4 -10 -7
right_child=2 4 5 -5 6 13 -8 -9 12 -11 -12 -13 -14 -15
leaf_value=-1.1255163017824017 0.49585670642554763 -0.37254675257059089 2.053595820911458 1.8851728392670855 0.025254790156561964 1.210532815426083 1.252661136613376 0.24092240441249888 1.4111279896993278 0.72466495173120948 0.14265370075485556 2.5391335536693709 1.0139646081344118 1.8324145193693704
leaf_weight=5440 127 732 1365 197 312 117 68 338 429 134 220 231 577 513
leaf_count=5440 127 732 1365 197 312 117 68 338 429 134 220 231 577 513
internal_value=0.00156852 -0.840807 1.71734 1.22434 0.0178895 2.01122 0.373142 -0.12384 1.10787 0.236543 -0.253463 2.12542 1.18456 1.71902
internal_weight=10800 7244 3556 1330 1804 2226 514 1290 1133 446 952 1596 1006 630
internal_count=10800 7244 3556 1330 1804 2226 514 1290 1133 446 952 1596 1006 630
is_linear=0
shrinkage=0.05


Tree=27
num_leaves=15
num_cat=0
split_feature=65 65 65 64 60 29 36 53 36 18 45 24 34 52
split_gain=5.63686e+06 639544 185150 36401 32684.7 25794.6 25790.9 19765.1 19754.9 18216.3 22484.8 16226.3 14311.4 16992.2
threshold=164.76317700000001 63.145266500000005 236.58133150000003 231.47307900000001 -0.8814490726585632 18.962500000000002 24.042447916666671 -0.70710678118654757 18.395963541666671 27.949899145833339 82.906250000000014 290.03840000000008 22.042708333333337 0.84874750804349197
decision_type=2 2 2 2 2 2 2 2 2 2 2 2 2 2
left_child=1 -1 3 7 -3 -4 -6 -2 -9 10 11 -7 13 -10
right_child=2 4 5 -5 6 9 -8 8 12 -11 -12 -13 -14 -15
leaf_value=-1.0670624233058099 -0.03096568827948919 0.48063050162836307 1.4468210381355218 1.841718931821571 -0.21514987295038335 2.5647064488654263 0.24112454586610033 0.1253880519785133 0.92004893847334646 1.7784718795550596 1.9297054563341054 1.7651842614878779 1.4854345114620366 1.4775635511432281
leaf_weight=5462 40 320 277 173 1018 340 444 50 645 772 746 91 244 178
leaf_count=5462 40 320 277 173 1018 340 444 50 645 772 746 91 244 178
internal_value=0.00155181 -0.79876 1.63165 1.1633 0.0237494 1.91083 -0.0765122 1.06036 1.09943 1.97601 2.10395 2.40037 1.14491 1.04228
internal_weight=10800 7244 3556 1330 1782 2226 1462 1157 1117 1949 1177 431 1067 823
internal_count=10800 7244 3556 1330 1782 2226 1462 1157 1117 1949 1177 431 1067 823
is_linear=0
shrinkage=0.05


Tree=28
num_leaves=15
num_cat=0
split_feature=65 65 65 64 33 48 29 48 8 36 21 34 52 52
split_gain=5.08823e+06 577673 167095 32883.8 32351.2 31320.9 24587 19096 18172.1 18237.1 16685.2 12870.7 12429.4 17212.9
threshold=164.76317700000001 42.523274000000008 236.58133150000003 231.47307900000001 19.996875000000003 10.125000000000002 21.262500000000003 7.1250000000000009 197.46853500000003 18.395963541666671 1.3134761892532257e-05 16.614583333333339 -0.63405362205439475 -0.58216583101416164
decision_type=2 2 2 2 2 2 2 2 2 2 2 2 2 2
left_child=1 -1 3 8 -3 -6 7 11 9 -2 -8 -4 -7 -14
right_child=2 4 6 -5 5 12 10 -9 -10 -11 -12 -13 13 -15
leaf_value=-1.015907487552014 0.13320308902433939 -0.43101863043326322 1.030254500659544 1.7501622002871557 0.42568209951877578 0.62374477684497842 2.2743287547264694 1.0955253634735835 0.50824165107300556 1.135097431568723 1.8301955231290679 1.7774954160805685 -0.8997103579460628 -0.042196072996018984
leaf_weight=5440 48 329 66 173 526 62 385 138 160 949 580 1057 62 825
leaf_count=5440 48 329 66 173 526 62 385 138 160 949 580 1057 62 825
internal_value=0.00154247 -0.758826 1.55028 1.10535 0.0165421 0.116595 1.81551 1.66553 1.00751 1.08704 2.00956 1.73453 -0.0549893 -0.103081
internal_weight=10800 7244 3556 1330 1804 1475 2226 1261 1157 997 965 1123 949 887
internal_count=10800 7244 3556 1330 1804 1475 2226 1261 1157 997 965 1123 949 887
is_linear=0
shrinkage=0.05


Tree=29
num_leaves=15
num_cat=0
split_feature=65 65 65 53 1 36 26 36 32 18 48 27 57 22
split_gain=4.59425e+06 464724 191585 36596 29775.9 25096.4 24457.2 21550 17604.8 15235.6 14528.8 14961.5 13595.1 13524.6
threshold=147.07995400000001 42.523274000000008 225.23429500000003 -0.70710678118654757 69.10047950000002 22.962760416666672 19.462500000000002 23.123697916666668 22.012500000000003 121.60636154166669 3.1250000000000004 19.012500000000003 3.5000000000000004 148.13106922916668
decision_type=2 2 2 2 2 2 2 2 2 2 2 2 2 2
left_child=1 -1 3 -2 7 10 12 -4 13 -7 -3 -12 -5 -9
right_child=2 5 4 6 -6 9 -8 8 -10 -11 11 -13 -14 -15
leaf_value=-0.96512145883917388 0.027127627579911242 0.34220324543065733 1.5919531449414968 0.74066417636257587 0.91874779403270768 0.47122640195967896 1.1325625635223402 2.1539480595088047 1.626112598725461 0.015601117919598307 -0.69977148531735711 -0.1562178508881161 -0.22486380550596452 1.4011238443224054
leaf_weight=5440 102 112 1257 201 121 307 926 580 382 454 157 642 44 75
leaf_count=5440 102 112 1257 201 121 307 926 580 382 454 157 642 44 75
internal_value=0.00151254 -0.741084 1.43336 0.935773 1.69516 -0.0120184 1.01483 1.73569 1.90822 0.199785 -0.188973 -0.263765 0.567054 2.07001
internal_weight=10800 7112 3688 1273 2415 1672 1171 2294 1037 761 911 799 245 655
internal_count=10800 7112 3688 1273 2415 1672 1171 2294 1037 761 911 799 245 655
is_linear=0
shrinkage=0.05


Tree=30
num_leaves=15
num_cat=0
split_feature=65 65 65 17 64 17 53 36 48 29 52 30 34 52
split_gain=4.14688e+06 470095 136858 28091.8 27963.9 21481.7 20898.8 18310.1 17453.5 16226.9 16550 15216 13692.1 11618.2
threshold=164.76317700000001 42.523274000000008 236.58133150000003 42.219592576289344 226.46772300000003 2.2746480028614838e-05 -0.70710678118654757 21.767578125000004 3.1250000000000004 22.862500000000004 0.84874750804349197 21.262500000000003 22.663541666666671 -0.63405362205439475
decision_type=2 2 2 2 2 2 2 2 2 2 2 2 2 2
left_child=1 -1 4 7 9 12 11 -3 -9 10 -2 -5 -4 -10
right_child=2 3 5 6 -6 -7 -8 8 13 -11 -12 -13 -14 -15
leaf_value=-0.91687430473093467 0.70456401943545366 -0.38658481556284618 1.6749151953666488 0.0090043177322362555 1.5483714969170215 1.385825967892603 1.1368045364277088 0.52812288764943471 0.63495412873771961 1.3081331017422559 1.2401964075453991 0.64440833910747819 2.1083208692484887 -0.13328321301425483
leaf_weight=5440 750 408 1365 312 197 630 68 140 52 202 181 134 231 690
leaf_count=5440 750 408 1365 312 197 630 68 140 52 202 181 134 231 690
internal_value=0.00147566 -0.684963 1.39963 0.0144925 0.996974 1.63966 0.326705 -0.110065 0.0181418 0.899819 0.809918 0.200925 1.73893 -0.0786624
internal_weight=10800 7244 3556 1804 1330 2226 514 1290 882 1133 931 446 1596 742
internal_count=10800 7244 3556 1804 1330 2226 514 1290 882 1133 931 446 1596 742
is_linear=0
shrinkage=0.05


Tree=31
num_leaves=15
num_cat=0
split_feature=65 65 65 26 48 5 29 31 18 45 24 29 7 0
split_gain=3.74305e+06 424364 123488 25776.6 25700.6 25380.9 20790.8 17142.4 14090.2 19144.2 13811.6 11220 12755.7 10916.4
threshold=164.76317700000001 63.145266500000005 236.58133150000003 20.487500000000004 8.1250000000000018 69.10047950000002 18.725000000000005 23.712500000000002 27.949899145833339 82.906250000000014 290.03840000000008 21.062500000000004 258.55643550000008 265.35616800000008
decision_type=2 2 2 2 2 2 2 2 2 2 2 2 2 2
left_child=1 -1 4 -3 11 -5 -4 -6 9 10 -8 -2 -13 -7
right_child=2 3 6 5 7 13 8 -9 -10 -11 -12 12 -14 -15
leaf_value=-0.8692578897881198 1.0018608455443734 -0.33944939513740791 1.1073602130201956 0.44705558006770352 0.51388768530803541 -0.1096665989459939 2.1421497081673664 1.0303590938394915 1.4405176604546712 1.5656536473324096 1.4141481415085171 1.8351169992434351 1.100145092691694 0.28906485069173948
leaf_weight=5462 408 390 239 415 395 756 344 275 788 764 91 113 139 221
leaf_count=5462 408 390 239 415 395 756 344 275 788 764 91 113 139 221
internal_value=0.00145504 -0.650704 1.32979 0.0192962 0.947305 0.119978 1.55779 0.727092 1.61139 1.72239 1.99345 1.16942 1.43567 -0.0192691
internal_weight=10800 7244 3556 1782 1330 1392 2226 670 1987 1199 435 660 252 977
internal_count=10800 7244 3556 1782 1330 1392 2226 670 1987 1199 435 660 252 977
is_linear=0
shrinkage=0.05


Tree=32
num_leaves=15
num_cat=0
split_feature=65 65 65 53 1 26 26 52 26 46 18 48 22 12
split_gain=3.37928e+06 341831 141030 29376.2 24862.2 20639 20075.9 19448.6 18289 17988.1 17087.9 16850.4 16725.1 12646
threshold=147.07995400000001 42.523274000000008 225.23429500000003 -0.70710678118654757 69.10047950000002 19.462500000000002 20.987500000000004 0.81241147629689026 22.512500000000003 82.005208333333357 118.52399927083336 3.1250000000000004 135.9634828697917 267.01345100000009
decision_type=2 2 2 2 2 2 2 2 2 2 2 2 2 2
left_child=1 -1 3 -2 7 -5 11 8 -4 12 -8 -3 -9 -12
right_child=2 6 4 5 -6 -7 10 9 -10 -11 13 -13 -14 -15
leaf_value=-0.82758408448118159 -0.011213201052934222 0.31162908619249263 1.2397503141847415 0.4624872452041846 0.74621015085884546 0.98145481462850614 0.344353373835801 2.5629136107184673 1.7416538483985868 1.5019392215143677 -0.1718330859638367 -0.45135001550658144 1.7326389468702157 0.27025320027105609
leaf_weight=5440 102 90 924 245 121 926 438 87 236 782 562 356 265 226
leaf_count=5440 102 90 924 245 121 926 438 87 236 782 562 356 265 226
internal_value=0.0014405 -0.63544 1.22945 0.802532 1.45406 0.873362 -0.0101597 1.49106 1.34327 1.64091 0.0943574 -0.297033 1.94453 -0.04486
internal_weight=10800 7112 3688 1273 2415 1171 1672 2294 1160 1134 1226 446 352 788
internal_count=10800 7112 3688 1273 2415 1171 1672 2294 1160 1134 1226 446 352 788
is_linear=0
shrinkage=0.05


Tree=33
num_leaves=15
num_cat=0
split_feature=65 65 65 17 48 36 48 22 28 30 42 28 32 22
split_gain=3.05128e+06 345475 100641 23473 22762.6 19028.8 18658.6 14919.3 14886.5 14109.7 14088.6 11923.1 11440.2 10611.5
threshold=164.76317700000001 42.523274000000008 236.58133150000003 39.782880387175481 8.1250000000000018 20.338411458333336 9.1250000000000018 137.06521589583335 21.812500000000004 21.262500000000003 51.875000000000007 22.387500000000003 20.012500000000003 125.64656252604168
decision_type=2 2 2 2 2 2 2 2 2 2 2 2 2 2
left_child=1 -1 4 7 -2 -4 -5 -3 -6 -8 -9 12 13 -7
right_child=2 3 5 6 8 11 9 10 -10 -11 -12 -13 -14 -15
leaf_value=-0.78621251716746987 1.0643879216853331 -0.23222486297667025 1.0133942018465214 1.3175077849771919 0.47609666283464147 1.1440593407009587 0.0040067231859833288 0.84490448883024316 0.9743619581192603 0.56391232100061395 0.017719962657601746 1.7141652308012312 1.2785253186170993 1.670000835855747
leaf_weight=5440 660 815 280 40 440 131 312 58 230 175 404 398 911 506
leaf_count=5440 660 815 280 40 440 131 312 58 230 175 404 398 911 506
internal_value=0.00141675 -0.587403 1.20074 0.0122166 0.855445 1.40657 0.292652 -0.103654 0.64834 0.205948 0.123166 1.4626 1.39685 1.5638
internal_weight=10800 7244 3556 1804 1330 2226 527 1277 670 487 462 1946 1548 637
internal_count=10800 7244 3556 1804 1330 2226 527 1277 670 487 462 1946 1548 637
is_linear=0
shrinkage=0.05


Tree=34
num_leaves=15
num_cat=0
split_feature=65 65 65 64 26 5 29 48 8 36 21 52 34 33
split_gain=2.75417e+06 311908 90849.2 21839.1 20707.9 19960.2 17786.9 14712.6 13943 14968.5 12510.1 10586.2 9950.12 9748.69
threshold=164.76317700000001 63.145266500000005 236.58133150000003 236.40297200000001 20.487500000000004 69.10047950000002 21.262500000000003 7.1250000000000009 197.46853500000003 18.091406250000002 1.3134761892532257e-05 0.84874750804349197 16.614583333333339 22.165625000000006
decision_type=2 2 2 2 2 2 2 2 2 2 2 2 2 2
left_child=1 -1 3 8 -3 -6 7 12 9 -2 -8 13 -4 -11
right_child=2 4 6 -5 5 -7 10 -9 -10 11 -12 -13 -14 -15
leaf_value=-0.74539154071129665 -0.070876425362013759 -0.30515912907469611 0.65910863232479178 1.3971778900569511 0.39668240712310832 -0.016857776112898761 1.7273639736426849 0.71395388024209216 0.30613324004714093 0.6681829587903747 1.347163577600929 1.1817810006250586 1.3074591687114625 1.0922601804965073
leaf_weight=5462 46 390 66 143 415 977 385 138 161 605 580 196 1057 179
leaf_count=5462 46 390 66 143 415 977 385 138 161 605 580 196 1057 179
internal_value=0.00139714 -0.55802 1.14083 0.812767 0.0163857 0.106628 1.3364 1.20974 0.741245 0.809158 1.50048 0.850496 1.26998 0.766275
internal_weight=10800 7244 3556 1330 1782 1392 2226 1261 1187 1026 965 980 1123 784
internal_count=10800 7244 3556 1330 1782 1392 2226 1261 1187 1026 965 980 1123 784
is_linear=0
shrinkage=0.05


Tree=35
num_leaves=15
num_cat=0
split_feature=65 65 65 17 64 48 29 48 26 48 53 36 30 52
split_gain=2.4861e+06 282358 81977.1 21953.1 19732.2 16632.8 16058.9 14869.3 15270.1 13269.2 12783.7 13404 12620.7 11572.6
threshold=164.76317700000001 28.000000000000004 236.58133150000003 39.782880387175481 236.40297200000001 9.1250000000000018 21.262500000000003 3.1250000000000004 25.187500000000004 7.1250000000000009 -0.70710678118654757 18.091406250000002 21.262500000000003 -0.63405362205439475
decision_type=2 2 2 2 2 2 2 2 2 2 2 2 2 2
left_child=1 -1 4 7 10 -5 9 -3 13 -4 -2 -12 -7 -9
right_child=2 3 6 5 -6 12 -8 8 -10 -11 11 -13 -14 -15
leaf_value=-0.71410336188496726 -0.17051069699227811 0.28412876734055764 1.2065638786284554 1.2401855268129489 1.3278041259075204 -0.00025067117136602586 1.4256159823357011 0.32777022909269565 0.15019010856195733 0.67851300529010006 -0.081326841001341854 0.77063984438946309 0.52927591276609087 -0.33500486968463306
leaf_weight=5376 40 204 1123 40 143 312 965 71 269 138 48 1099 175 797
leaf_count=5376 40 204 1123 40 143 312 965 71 269 138 48 1099 175 797
internal_value=0.00137201 -0.530124 1.08394 -0.000543069 0.7723 0.272579 1.26971 -0.108001 -0.178544 1.14936 0.704316 0.734947 0.190726 -0.280477
internal_weight=10800 7244 3556 1868 1330 527 2226 1341 1137 1261 1187 1147 487 868
internal_count=10800 7244 3556 1868 1330 527 2226 1341 1137 1261 1187 1147 487 868
is_linear=0
shrinkage=0.05


Tree=36
num_leaves=15
num_cat=0
split_feature=65 65 65 24 48 29 32 36 31 65 18 45 25 32
split_gain=2.24389e+06 255294 73985.8 18292.3 18289.7 15512.5 15299.4 13118.8 12901.1 12625.3 10974.5 15041 12386.5 19922.6
threshold=164.76317700000001 77.844594000000015 236.58133150000003 278.64649100000008 8.1250000000000018 18.725000000000005 26.062500000000004 18.666666666666668 23.712500000000002 24.000000000000004 27.949899145833339 82.906250000000014 105.4408211443279 20.987500000000004
decision_type=2 2 2 2 2 2 2 2 2 2 2 2 2 2
left_child=1 9 4 7 -2 -4 -5 -3 -6 -1 11 12 13 -7
right_child=2 3 5 6 8 10 -8 -9 -10 -11 -12 -13 -14 -15
leaf_value=-0.69933370846944887 0.92097164259775455 -0.85300508829263544 0.81898520057710522 0.44345494281022974 0.36367254768206614 1.4536356757848692 -0.13645962467474967 -0.039739947056116581 0.81105375354434706 -0.49348603375049332 1.1028927760250651 1.2118326885988511 1.2618954880173143 2.3959915908341554
leaf_weight=4672 660 51 239 389 395 155 160 1072 275 900 788 764 184 96
leaf_count=4672 660 51 239 389 395 155 160 1072 275 900 788 764 184 96
internal_value=0.00133415 -0.503608 1.02981 0.0382428 0.733755 1.2063 0.274504 -0.0773997 0.548234 -0.666179 1.25245 1.34973 1.5886 1.82214
internal_weight=10800 7244 3556 1672 1330 2226 549 1123 670 5572 1987 1199 435 251
internal_count=10800 7244 3556 1672 1330 2226 549 1123 670 5572 1987 1199 435 251
is_linear=0
shrinkage=0.05


Tree=37
num_leaves=15
num_cat=0
split_feature=65 65 65 17 64 35 17 53 8 36 20 65 34 48
split_gain=2.02555e+06 230845 66803.9 19297.8 17306.5 15636.2 14602.2 13211.3 11545.7 12104.5 11342.2 11017.8 9465.38 9406.7
threshold=164.76317700000001 28.000000000000004 236.58133150000003 49.686348288467009 236.40297200000001 23.748958333333338 2.2746480028614838e-05 -0.70710678118654757 197.46853500000003 18.091406250000002 261.60709800000006 90.727547000000001 22.663541666666671 3.1250000000000004
decision_type=2 2 2 2 2 2 2 2 2 2 2 2 2 2
left_child=1 -1 4 5 8 13 12 10 9 -2 -5 -7 -4 -3
right_child=2 3 6 7 -6 11 -8 -9 -10 -11 -12 -13 -14 -15
leaf_value=-0.64479222268403769 -0.095453839285418077 0.18442590128993844 1.1750573300209719 0.012639969569389467 1.2171846659647096 -0.26252645386533963 0.93838265858544112 1.0653078902132658 0.23797628249467154 0.73247748397283119 0.59724589014425877 0.45592926919190069 1.5313076095334415 -0.22422109115885025
leaf_weight=5376 46 163 1365 269 143 73 630 48 161 980 119 192 231 1004
leaf_count=5376 46 163 1365 269 143 73 630 48 161 980 119 192 231 1004
internal_value=0.00130707 -0.47844 0.978468 0.000403118 0.697146 -0.0882966 1.14617 0.291264 0.633524 0.695301 0.193014 0.257772 1.22755 -0.167035
internal_weight=10800 7244 3556 1868 1330 1432 2226 436 1187 1026 388 265 1596 1167
internal_count=10800 7244 3556 1868 1330 1432 2226 436 1187 1026 388 265 1596 1167
is_linear=0
shrinkage=0.05


Tree=38
num_leaves=15
num_cat=0
split_feature=65 65 65 36 33 64 36 60 22 36 65 7 18 45
split_gain=1.82825e+06 208444 60291.4 16577.1 15844.8 15231.6 14002.4 13170 12531.1 11194.1 10854.4 10267.6 9713.38 15507.3
threshold=164.76317700000001 77.844594000000015 236.58133150000003 22.907812500000002 20.003125000000004 266.25787700000006 20.338411458333336 -0.8814490726585632 135.23865165104169 26.654427083333335 24.000000000000004 105.92669050000002 27.949899145833339 82.906250000000014
decision_type=2 2 2 2 2 2 2 2 2 2 2 2 2 2
left_child=1 10 3 -2 -3 8 -4 -6 -5 -9 -1 -10 13 -8
right_child=2 4 6 5 7 -7 12 9 11 -11 -12 -13 -14 -15
leaf_value=-0.6321418029145156 0.48953822345911341 -0.28506160476497094 0.75296517133155971 1.2219544239786047 0.42163075522830096 1.7844310830279095 1.473907775644494 -0.0016876594953589435 -0.094724637411889578 0.80369774818420403 -0.44134525711359784 0.73048590498303911 0.99225265741027546 1.0901259153457239
leaf_weight=4672 684 313 280 127 269 40 423 1046 41 44 900 438 754 769
leaf_count=4672 684 313 280 127 269 40 423 1046 41 44 900 438 754 769
internal_value=0.00127376 -0.454509 0.929626 0.662367 0.0351048 0.844323 1.08894 0.109 0.779432 0.0315302 -0.601409 0.659802 1.13687 1.22744
internal_weight=10800 7244 3556 1330 1672 646 2226 1359 606 1090 5572 479 1946 1192
internal_count=10800 7244 3556 1330 1672 646 2226 1359 606 1090 5572 479 1946 1192
is_linear=0
shrinkage=0.05


Tree=39
num_leaves=15
num_cat=0
split_feature=65 65 3 26 52 17 64 53 48 26 17 43 20 52
split_gain=1.65029e+06 188748 55615.8 21278.4 25224.2 16160.7 12968.1 12729.7 11810 12590.2 11469.3 11093.4 10134.8 9891.68
threshold=164.76317700000001 28.000000000000004 62.684561500000008 22.162500000000005 0.72947329433276253 41.861092560236187 243.10374650000003 -0.70710678118654757 3.1250000000000004 25.187500000000004 2.2746480028614838e-05 82.875000000000014 261.60709800000006 -0.63405362205439475
decision_type=2 2 2 2 2 2 2 2 2 2 2 2 2 2
left_child=1 -1 3 4 6 8 -2 12 -3 13 -6 -12 -7 -10
right_child=2 5 -4 -5 10 7 -8 -9 9 -11 11 -13 -14 -15
leaf_value=-0.5822063983096406 0.5864601809715998 0.25904911070320646 0.44241926118184216 1.2690065229912912 1.1431005196999413 -0.021892538507459897 0.93838625012338162 0.86100413616300675 0.31823362447321418 0.14527960582910215 0.40261564972668379 1.00242207003053 0.49038470786408334 -0.29417459835614962
leaf_weight=5376 650 205 598 507 998 306 449 70 71 271 117 237 140 805
leaf_count=5376 650 205 598 507 998 306 449 70 71 271 117 237 140 805
internal_value=0.00124853 -0.431785 0.883263 0.972206 0.910319 0.0012 0.730963 0.238984 -0.0896613 -0.152157 1.05546 0.805874 0.139649 -0.244233
internal_weight=10800 7244 3556 2958 2451 1868 1099 516 1352 1147 1352 354 446 876
internal_count=10800 7244 3556 2958 2451 1868 1099 516 1352 1147 1352 354 446 876
is_linear=0
shrinkage=0.05


Tree=40
num_leaves=15
num_cat=0
split_feature=65 65 3 26 52 33 17 48 17 43 36 36 52 52
split_gain=1.48956e+06 170377 50203.9 19208.5 22768.5 15212.9 12837.4 11897.5 10341.6 10013.2 9265.12 8993.25 8703.21 13593.6
threshold=164.76317700000001 28.000000000000004 62.684561500000008 22.162500000000005 0.72947329433276253 20.003125000000004 61.075702236085867 2.1250000000000004 2.2746480028614838e-05 82.875000000000014 20.004687500000003 26.654427083333335 -0.63405362205439475 -0.58216583101416164
decision_type=2 2 2 2 2 2 2 2 2 2 2 2 2 2
left_child=1 -1 3 4 7 -3 11 -2 -6 -10 -4 12 -7 -14
right_child=2 5 10 -5 8 6 -8 -9 9 -11 -12 -13 13 -15
leaf_value=-0.55310151729970392 0.85611665291294092 -0.27662700751760544 -0.1561817772331692 1.2056810962930911 1.086002705513208 0.55338098406791691 0.38755096198101319 0.5246662399570885 0.38265547095719032 0.95251155972692081 0.48718855185382193 0.66175430727005002 -0.77469824345842486 -0.012597526387658306
leaf_weight=5376 561 389 62 507 998 61 267 538 117 237 536 49 61 1041
leaf_count=5376 561 389 62 507 998 61 267 538 117 237 536 49 61 1041
internal_value=0.00121831 -0.410187 0.839181 0.923686 0.864886 0.00118702 0.074394 0.694484 1.00278 0.765778 0.420335 0.00514379 -0.0230655 -0.0554469
internal_weight=10800 7244 3556 2958 2451 1868 1479 1099 1352 354 598 1212 1163 1102
internal_count=10800 7244 3556 2958 2451 1868 1479 1099 1352 354 598 1212 1163 1102
is_linear=0
shrinkage=0.05


Tree=41
num_leaves=15
num_cat=0
split_feature=65 65 3 52 26 64 36 17 1 40 22 65 35 65
split_gain=1.3445e+06 153872 45319.9 17566 18659.4 16139.6 13879.7 12399.7 12028.4 11595.4 13479.6 9621.05 9089.83 8952.68
threshold=164.76317700000001 77.844594000000015 62.684561500000008 0.95642797789208711 22.862500000000004 240.65771250000003 18.666666666666668 42.219592576289344 216.81686650000003 82.875000000000014 135.9634828697917 246.63264750000005 23.748958333333338 24.000000000000004
decision_type=2 2 2 2 2 2 2 2 2 2 2 2 2 2
left_child=1 13 3 4 5 -2 -3 12 -9 10 -5 -11 -8 -1
right_child=2 6 -4 9 -6 -7 7 8 -10 11 -12 -13 -14 -15
leaf_value=-0.54378824525845781 0.60302422700344038 -0.77313217383164634 0.39934609541840516 1.978821289241314 1.145328901868699 0.8980344495225806 -0.10455397648820848 0.90125927725663557 0.16982877727501078 1.4731936182294574 1.1267804321083355 0.85412522783653011 0.24853953829263911 -0.37063278420409657
leaf_weight=4672 985 51 598 69 347 897 908 64 422 76 163 421 227 900
leaf_count=4672 985 51 598 69 347 897 908 64 422 76 163 421 227 900
internal_value=0.00118204 -0.389678 0.797297 0.877586 0.806992 0.744034 0.0309886 0.056749 0.267802 1.09204 1.38759 0.95156 -0.0337787 -0.515891
internal_weight=10800 7244 3556 2958 2229 1882 1672 1621 486 729 232 497 1135 5572
internal_count=10800 7244 3556 2958 2229 1882 1672 1621 486 729 232 497 1135 5572
is_linear=0
shrinkage=0.05


Tree=42
num_leaves=15
num_cat=0
split_feature=65 65 65 64 22 32 29 30 16 48 47 25 37 32
split_gain=1.21368e+06 139254 41108.8 13577.4 13009.8 12878.3 11711.6 9984.75 9440.72 9118.18 10255.7 8806.83 8746.11 7992.11
threshold=164.76317700000001 28.000000000000004 238.16283400000003 226.46772300000003 136.54920041145837 25.762500000000003 18.425000000000001 18.912500000000005 267.06350950000007 21.375000000000004 68.649739583333357 110.46643102177251 90.875000000000014 22.012500000000003
decision_type=2 2 2 2 2 2 2 2 2 2 2 2 2 2
left_child=1 -1 3 7 8 9 12 -2 -3 10 -6 -5 -4 -8
right_child=2 4 6 11 5 -7 13 -9 -10 -11 -12 -13 -14 -15
leaf_value=-0.49940078959536865 0.052559968407149431 -0.15028009764773209 0.35781516540481384 1.05148807114265 0.80280632798233609 -0.17426180461946045 0.98363845365415425 0.52323298647260252 0.37084686906714193 -0.069468598640454349 0.2480809773312177 0.28325202971582814 1.1058123295123761 0.73137122469763449
leaf_weight=5376 127 1025 165 182 116 205 1554 1015 94 133 295 48 51 414
leaf_count=5376 127 1025 165 182 116 205 1554 1015 94 133 295 48 51 414
internal_value=0.00115999 -0.370198 0.757551 0.542341 0.00171036 0.162871 0.892438 0.470982 -0.106212 0.290003 0.406214 0.893081 0.538708 0.930968
internal_weight=10800 7244 3556 1372 1868 749 2184 1142 1119 544 411 230 216 1968
internal_count=10800 7244 3556 1372 1868 749 2184 1142 1119 544 411 230 216 1968
is_linear=0
shrinkage=0.05


Tree=43
num_leaves=15
num_cat=0
split_feature=65 65 65 29 61 1 52 46 22 32 26 54 48 33
split_gain=1.0961e+06 84301.7 69252.5 18728.9 14532.3 13509.4 12397 11167.2 14906.3 11215.2 10769.5 10400.6 14549.8 10251.1
threshold=128.54798350000002 28.000000000000004 218.20673200000002 21.612500000000004 -0.9733555533461492 69.10047950000002 0.81241147629689026 82.005208333333357 135.9634828697917 21.387500000000003 25.012500000000003 -0.8783796973249266 9.1250000000000018 22.978125000000006
decision_type=2 2 2 2 2 2 2 2 2 2 2 2 2 2
left_child=1 -1 3 11 -3 6 13 8 -8 -9 -6 -2 -13 -4
right_child=2 4 5 -5 10 -7 7 9 -10 -11 -12 12 -14 -15
leaf_value=-0.47443537883251291 -0.39974478436143779 0.73071608173436131 0.66839454299148471 0.62863897126692114 -0.15311028460198658 0.382489814082841 1.7802497609095143 0.95862828669476385 1.0150049720855809 0.47868472468585543 0.17663235561632962 0.46695789351757794 0.057401874174446754 1.0500346940213985
leaf_weight=5376 56 57 980 525 1072 166 87 627 265 155 321 524 370 219
leaf_count=5376 56 57 980 525 1072 166 87 627 265 155 321 524 370 219
internal_value=0.001128 -0.383195 0.661196 0.389111 -0.0448175 0.82157 0.852635 0.972112 1.20865 0.864232 -0.0770529 0.256218 0.297708 0.738919
internal_weight=10800 6826 3974 1475 1450 2499 2333 1134 352 782 1393 950 894 1199
internal_count=10800 6826 3974 1475 1450 2499 2333 1134 352 782 1393 950 894 1199
is_linear=0
shrinkage=0.05


Tree=44
num_leaves=15
num_cat=0
split_feature=65 65 65 36 61 53 54 35 22 48 26 48 36 45
split_gain=989400 76093.6 62531.2 17271.7 13136.9 12686.6 15660 12341 12124.7 11984.2 10020.8 8969.58 8391.8 7558.72
threshold=128.54798350000002 28.000000000000004 218.20673200000002 25.138281250000002 -0.9733555533461492 -0.70710678118654757 -0.8783796973249266 22.819791666666667 143.60332484375002 7.1250000000000009 20.987500000000004 3.8750000000000004 18.395963541666671 75.510416666666671
decision_type=2 2 2 2 2 2 2 2 2 2 2 2 2 2
left_child=1 -1 3 5 -3 -2 -7 9 -5 11 -6 -4 -8 -10
right_child=2 4 7 8 10 6 12 -9 13 -11 -12 -13 -14 -15
leaf_value=-0.45071800335512879 -0.011625509161967786 0.69481021741340898 0.65560010480179676 1.4461088887127964 -0.30297595328088367 -0.22773566353134811 -0.25938814209728706 1.02105961455358 0.17675254227155274 0.44919569864643344 0.0050081965060838418 0.88728327162330722 0.47547653238573634 0.93391734378581703
leaf_weight=5376 255 57 795 54 353 95 40 445 67 329 1040 930 899 65
leaf_count=5376 255 57 795 54 353 95 40 445 67 329 1040 930 899 65
internal_value=0.00110572 -0.364033 0.628225 0.369681 -0.0425506 0.304229 0.382059 0.780618 0.819218 0.728055 -0.0731994 0.780949 0.44393 0.553817
internal_weight=10800 6826 3974 1475 1450 1289 1034 2499 186 2054 1393 1725 939 132
internal_count=10800 6826 3974 1475 1450 1289 1034 2499 186 2054 1393 1725 939 132
is_linear=0
shrinkage=0.05


Tree=45
num_leaves=15
num_cat=0
split_feature=65 65 65 29 61 34 32 22 53 57 24 48 26 51
split_gain=893066 68680.8 56426.9 15973 11875.9 11795.2 12446.4 9836.36 11067.1 9590.96 11768.3 10967.4 9545.94 9305.69
threshold=128.54798350000002 28.000000000000004 218.20673200000002 21.612500000000004 -0.9733555533461492 20.317708333333339 22.012500000000003 148.4124377447917 0.68322629814330826 3.5000000000000004 282.91039900000004 8.6250000000000018 26.175000000000001 2.5000000000000004
decision_type=2 2 2 2 2 2 2 2 2 2 2 2 2 2
left_child=1 -1 3 9 -3 13 7 8 -7 11 -11 -2 -6 -4
right_child=2 4 5 -5 12 6 -8 -9 -10 10 -12 -13 -14 -15
leaf_value=-0.42818629821924914 0.53033645919578243 0.66066866455406981 0.36202117928554772 0.5724768186480288 -0.12594904033245433 1.1199538489422833 0.59968391199297499 0.35708894798079055 0.77915011207913654 -0.31074478987231857 0.4863410396529223 0.14140776937270946 0.23362198344104368 0.70268635668780399
leaf_weight=5376 326 57 281 525 1175 537 423 73 453 149 66 409 218 732
leaf_count=5376 326 57 281 525 1175 537 423 73 453 149 66 409 218 732
internal_value=0.00107585 -0.345832 0.596884 0.351283 -0.0404094 0.741648 0.831849 0.923584 0.964954 0.22857 -0.0649392 0.314398 -0.0695501 0.608638
internal_weight=10800 6826 3974 1475 1450 2499 1486 1063 990 950 215 735 1393 1013
internal_count=10800 6826 3974 1475 1450 2499 1486 1063 990 950 215 735 1393 1013
is_linear=0
shrinkage=0.05


Tree=46
num_leaves=15
num_cat=0
split_feature=65 65 65 36 8 47 33 11 61 34 52 52 46 25
split_gain=806109 62192 50933.6 14953.6 12880.2 12452.6 11469.6 10943.2 9719.69 10410 8821.97 18832.4 10512.3 15808.5
threshold=128.54798350000002 80.564241500000009 218.20673200000002 20.649218750000006 258.65802250000007 78.173177083333357 16.006250000000005 70.728324500000014 -0.9733555533461492 19.647916666666671 0.72947329433276253 0.5277851165098012 82.005208333333357 105.3195466553865
decision_type=2 2 2 2 2 2 2 2 2 2 2 2 2 2
left_child=1 -1 3 5 -5 -2 -4 10 -3 -10 11 -8 13 -12
right_child=2 8 6 4 -6 -7 7 -9 9 -11 12 -13 -14 -15
leaf_value=-0.39858012700183809 -0.41263523589481005 0.62820477845339939 0.043218076660190355 0.46075612048730669 -0.11063364884354721 0.27499826907679986 0.68452384350114659 0.15908009062247241 -0.41780831767367083 0.023782226890390674 1.3112042344060351 -0.2115588664298966 0.72770057968478608 0.69998520996310931
leaf_weight=5616 109 57 64 1095 108 163 961 84 153 1000 234 62 893 201
leaf_count=5616 109 57 64 1095 108 163 961 84 153 1000 234 62 893 201
internal_value=0.00104836 -0.328537 0.567107 0.333767 0.40941 -0.00106286 0.704644 0.722003 -0.00338612 -0.0351269 0.74204 0.630062 0.827761 1.03103
internal_weight=10800 6826 3974 1475 1203 272 2499 2435 1210 1153 2351 1023 1328 435
internal_count=10800 6826 3974 1475 1203 272 2499 2435 1210 1153 2351 1023 1328 435
is_linear=0
shrinkage=0.05


Tree=47
num_leaves=15
num_cat=0
split_feature=65 65 3 34 46 49 36 24 17 27 52 6 36 35
split_gain=728571 84523.4 28085.6 13814.1 13481.6 15086.7 11414.1 10990.7 10316.3 10176.3 9973.99 9699.85 8005.32 7984.83
threshold=164.76317700000001 80.564241500000009 62.684561500000008 21.211458333333336 76.213541666666671 3.5000000000000004 18.666666666666668 297.26105400000006 30.046267376278944 16.025000000000002 0.72947329433276253 95.649514500000024 25.671614583333334 23.850000000000005
decision_type=2 2 2 2 2 2 2 2 2 2 2 2 2 2
left_child=1 -1 3 4 -2 9 -3 11 13 -6 -11 -5 -4 -8
right_child=2 6 12 7 5 -7 8 -9 -10 10 -12 -13 -14 -15
leaf_value=-0.37865469086585635 1.4202086766560873 -0.69840700901471653 0.21948857965298751 1.0282282771460252 0.061616604223470144 0.25908864371154194 -0.12754963532197061 0.46594192782075461 0.19897367427929225 0.48516884636643476 0.76937521498769845 0.70333542177524855 0.89394815353055801 0.26752629512019699
leaf_weight=5616 44 51 551 451 78 378 731 224 692 540 747 496 47 154
leaf_count=5616 44 51 551 451 78 378 731 224 692 540 747 496 47 154
internal_value=0.00101196 -0.286712 0.587057 0.650252 0.562047 0.539582 0.0304922 0.784261 0.0544924 0.617011 0.650597 0.858984 0.273902 -0.0585776
internal_weight=10800 7244 3556 2958 1787 1743 1628 1171 1577 1365 1287 947 598 885
internal_count=10800 7244 3556 2958 1787 1743 1628 1171 1577 1365 1287 947 598 885
is_linear=0
shrinkage=0.05


Tree=48
num_leaves=15
num_cat=0
split_feature=65 65 3 26 52 36 17 24 31 64 18 36 18 46
split_gain=657684 76284.9 25346.4 13050.9 12745.2 10159.7 9317.94 9280.42 9437.43 7597.12 7294.05 7245.42 7005.12 6994.18
threshold=164.76317700000001 77.844594000000015 62.684561500000008 22.162500000000005 0.72947329433276253 18.666666666666668 30.046267376278944 239.61420950000004 24.962500000000002 244.04149350000003 77.125097020833337 25.671614583333334 29.365496791666672 67.255208333333357
decision_type=2 2 2 2 2 2 2 2 2 2 2 2 2 2
left_child=1 -1 3 4 9 -3 7 -7 -9 -2 -8 -4 -5 -10
right_child=2 5 11 12 -6 6 10 8 13 -11 -12 -13 -14 -15
leaf_value=-0.36124968769932198 0.33355537675541197 -0.66415820488562949 0.20853403299680806 1.0871301032450735 0.67260516217268917 0.50847063107388235 0.79244924773178671 -0.20986614371442106 -0.39138225754722955 0.60276860598449522 0.14046691751352511 0.85018195087711013 0.69818285127845814 0.27895507810250431
leaf_weight=5572 657 51 551 195 1352 66 45 604 47 442 653 47 312 206
leaf_count=5572 657 51 551 195 1352 66 45 604 47 442 653 47 312 206
internal_value=0.000987143 -0.272382 0.557793 0.617827 0.569552 0.0238121 0.0458532 -0.0583811 -0.102578 0.442278 0.183574 0.2603 0.849623 0.153375
internal_weight=10800 7244 3556 2958 2451 1672 1621 923 857 1099 698 598 507 253
internal_count=10800 7244 3556 2958 2451 1672 1621 923 857 1099 698 598 507 253
is_linear=0
shrinkage=0.05


Tree=49
num_leaves=15
num_cat=0
split_feature=65 65 3 26 52 22 32 16 35 53 65 28 48 47
split_gain=593653 69238.5 22870.9 11791.2 11500.6 9374.31 11073 7198.63 6941.04 6936.38 9771.12 7356.64 6468.8 8586.12
threshold=164.76317700000001 28.000000000000004 62.684561500000008 22.162500000000005 0.72947329433276253 136.69453288541669 25.762500000000003 267.06350950000007 20.315625000000004 0.84874750804349197 221.82739850000004 18.912500000000005 21.375000000000004 68.649739583333357
decision_type=2 2 2 2 2 2 2 2 2 2 2 2 2 2
left_child=1 -1 3 4 9 7 12 -3 -4 10 -2 -11 13 -7
right_child=2 5 8 -5 -6 6 -8 -9 -10 11 -12 -13 -14 -15
leaf_value=-0.34986734246595746 0.32673678781349952 -0.12483524743438885 0.024660874882645841 0.80731803487956988 0.63899975784588614 0.72283594860828637 -0.16926491423962114 0.32996717503196316 0.37751789789390627 0.10115153594996851 -0.50141381676353169 0.55031775592239052 -0.043628194814419929 0.21284559866791214
leaf_weight=5376 236 1038 221 507 1352 116 205 94 377 105 41 717 130 285
leaf_count=5376 236 1038 221 507 1352 116 205 94 377 105 41 717 130 285
internal_value=0.000958828 -0.258762 0.529966 0.586993 0.541107 0.00348039 0.142282 -0.0868111 0.247373 0.420207 0.202796 0.493135 0.262651 0.361805
internal_weight=10800 7244 3556 2958 2451 1868 736 1132 598 1099 277 822 531 401
internal_count=10800 7244 3556 2958 2451 1868 736 1132 598 1099 277 822 531 401
is_linear=0
shrinkage=0.05


Tree=50
num_leaves=15
num_cat=0
split_feature=65 65 65 36 22 8 36 51 1 61 36 33 52 26
split_gain=536352 42076.2 34450.5 12014.4 11006.8 9945.32 10354.3 10487.3 9839.46 9187.13 8069.31 8044.63 8005.24 7817.96
threshold=128.54798350000002 28.000000000000004 218.20673200000002 25.138281250000002 143.60332484375002 258.40172800000011 20.649218750000006 2.5000000000000004 69.10047950000002 -0.9733555533461492 18.091406250000002 16.006250000000005 0.84874750804349197 26.262500000000003
decision_type=2 2 2 2 2 2 2 2 2 2 2 2 2 2
left_child=1 -1 3 5 -5 6 7 -2 11 -3 -9 -4 -13 -11
right_child=2 9 8 4 -6 -7 -8 10 -10 13 -12 12 -14 -15
leaf_value=-0.33237722864021529 -0.62132569831191453 0.58775461537056961 0.015271809286084667 1.2415362111004917 0.39427033247272103 -0.28250773513429267 0.3336564748682162 -0.41473616594076157 0.20229042768701466 -0.1038713842916525 0.31121082148946277 0.53146218174479209 0.72173756694822921 0.22912798466673798
leaf_weight=5376 56 57 57 54 132 92 929 49 166 1187 163 1257 1019 206
leaf_count=5376 56 57 57 54 132 92 929 49 166 1187 163 1257 1019 206
internal_value=0.000924327 -0.267917 0.462656 0.270756 0.645575 0.216212 0.254747 -0.0190104 0.575768 -0.0288628 0.142262 0.602244 0.616931 -0.0544976
internal_weight=10800 6826 3974 1475 186 1289 1197 268 2499 1450 212 2333 2276 1393
internal_count=10800 6826 3974 1475 186 1289 1197 268 2499 1450 212 2333 2276 1393
is_linear=0
shrinkage=0.05


Tree=51
num_leaves=15
num_cat=0
split_feature=65 65 65 36 22 8 54 36 29 32 36 22 51 22
split_gain=484103 37047.1 31910.3 11322.4 9802.24 9488.96 9517 9552.39 8983.82 8659.24 10748.3 11733.8 13057.9 12034.4
threshold=127.58418050000002 28.000000000000004 218.20673200000002 25.138281250000002 143.60332484375002 258.65802250000007 -0.8783796973249266 18.395963541666671 18.425000000000001 22.012500000000003 23.097656250000004 148.13106922916668 1.5000000000000002 138.40552468750002
decision_type=2 2 2 2 2 2 2 2 2 2 2 2 2 2
left_child=1 -1 3 5 -5 6 -2 -8 -4 10 -10 12 -12 -14
right_child=2 -3 8 4 -6 -7 7 -9 9 -11 11 -13 13 -15
leaf_value=-0.31576145080600465 -0.22864815229177476 -0.02923786081663712 0.26306297340408319 1.1805880689620973 0.3826123697948815 -0.28498201455960992 -0.37544503015167313 0.31341572812434454 0.52691140293038263 0.38574945477760819 0.50568643262115676 0.20899553238527804 1.512994240360555 0.86313621065349833
leaf_weight=5376 99 1428 253 54 134 92 52 1066 1059 467 195 81 92 352
leaf_count=5376 99 1428 253 54 134 92 52 1066 1059 467 195 81 92 352
internal_value=0.000891139 -0.25564 0.437642 0.254828 0.616852 0.202403 0.239451 0.281069 0.547009 0.578863 0.629311 0.778984 0.850797 1.00089
internal_weight=10800 6804 3996 1497 188 1309 1217 1118 2499 2246 1779 720 639 444
internal_count=10800 6804 3996 1497 188 1309 1217 1118 2499 2246 1779 720 639 444
is_linear=0
shrinkage=0.05


Tree=52
num_leaves=15
num_cat=0
split_feature=65 65 48 30 35 22 46 49 28 43 64 42 31 32
split_gain=437016 52040.7 18753.2 11455.5 10899.6 14681.5 10931.4 15481.2 8873.47 8567.4 8402.41 8830.68 7549.28 7435.49
threshold=164.76317700000001 85.353944000000013 8.1250000000000018 21.112500000000004 21.369270833333339 135.02732832812504 77.557291666666671 3.5000000000000004 21.812500000000004 87.375000000000014 240.65771250000003 68.875000000000014 23.012500000000003 20.487500000000004
decision_type=2 2 2 2 2 2 2 2 2 2 2 2 2 2
left_child=1 -1 4 -3 6 12 -2 10 -4 -7 11 -8 -6 -12
right_child=2 3 8 -5 5 9 7 -9 -10 -11 13 -13 -14 -15
leaf_value=-0.29096065305819974 1.2215480541074 -0.092471463058209663 0.1331696424484986 0.18238808709012544 1.5757783433665402 0.46892574361793393 0.1414496624078673 0.073287705066997735 0.46187464419103863 0.86114580995695933 0.76383303786003653 0.51001119006501694 0.84442226728812475 0.34579202828388061
leaf_weight=5726 42 796 558 722 45 729 260 278 325 174 363 437 191 154
leaf_count=5726 42 796 558 722 45 729 260 278 325 174 363 437 191 154
internal_value=0.00086931 -0.221969 0.454752 0.0382928 0.520771 0.638273 0.433166 0.41017 0.25454 0.545372 0.48719 0.372927 0.989936 0.640218
internal_weight=10800 7244 3556 1518 2673 1139 1534 1492 883 903 1214 697 236 517
internal_count=10800 7244 3556 1518 2673 1139 1534 1492 883 903 1214 697 236 517
is_linear=0
shrinkage=0.05


Tree=53
num_leaves=15
num_cat=0
split_feature=65 65 65 24 57 25 36 1 35 16 33 48 36 25
split_gain=395366 30643.3 26721.7 12896.6 19059 18628.6 9407.86 8317.35 7454.29 7317.7 6934.73 6731.51 6048.81 10518.8
threshold=127.58418050000002 24.000000000000004 238.16283400000003 278.11863750000003 3.5000000000000004 110.55984742745123 18.395963541666671 70.579213000000024 23.498437500000005 267.06350950000007 16.006250000000005 8.3750000000000018 25.21510416666667 104.66497572821065
decision_type=2 2 2 2 2 2 2 2 2 2 2 2 2 2
left_child=1 -1 3 4 6 -5 -2 10 -7 -3 -4 -8 -12 -14
right_child=2 9 7 5 -6 8 11 -9 -10 -11 12 -13 13 -15
leaf_value=-0.30264086797817502 -0.33270489177666607 -0.10504993746574338 -0.014216153940250135 0.58127594772052082 -0.25365941970727074 -0.31812849884046263 0.45742048282710218 -0.071111961137503385 0.48615394503605081 0.20071888882495942 0.51004732869272762 0.17922621858395096 1.4323766591597578 0.61793121429653763
leaf_weight=4672 63 1915 57 488 228 96 374 59 40 217 1787 523 48 233
leaf_count=4672 63 1915 57 488 228 96 374 59 40 217 1787 523 48 233
internal_value=0.000859168 -0.230971 0.395557 0.253383 0.15649 0.437308 0.254063 0.513344 -0.0797529 -0.0738486 0.529597 0.295598 0.544585 0.76164
internal_weight=10800 6804 3996 1812 1188 624 960 2184 136 2132 2125 897 2068 281
internal_count=10800 6804 3996 1812 1188 624 960 2184 136 2132 2125 897 2068 281
is_linear=0
shrinkage=0.05


Tree=54
num_leaves=15
num_cat=0
split_feature=65 65 9 26 25 24 57 51 57 36 36 61 30 61
split_gain=356930 32927.8 20527.5 12774.9 11263.7 14945.4 24336.2 10853.7 10022.4 14042 9603.51 8981.03 9080.7 9102.67
threshold=135.31404800000004 82.382441500000013 203.33791900000003 19.012500000000003 110.55984742745123 277.75656700000008 3.5000000000000004 2.5000000000000004 3.5000000000000004 19.924479166666668 25.21510416666667 -0.9733555533461492 21.112500000000004 -0.29012925520284105
decision_type=2 2 2 2 2 2 2 2 2 2 2 2 2 2
left_child=1 -1 3 8 5 6 10 -8 -2 -10 -5 -3 -13 -14
right_child=2 11 -4 4 -6 -7 7 -9 9 -11 -12 12 13 -15
leaf_value=-0.26483480324305697 0.32402998818575818 0.54549005281801033 0.015425032782052426 0.46997769415853663 0.13841603399132904 0.66422079906789921 0.1554519486890697 -0.58604721986330477 0.21439685740096626 -0.88419274145906623 1.1263389967255673 -0.15245685779494078 -0.051932713104110656 0.33868058545136814
leaf_weight=5660 655 74 338 1234 229 932 204 64 85 43 58 620 339 265
leaf_count=5660 655 74 338 1234 229 932 204 64 85 43 58 620 339 265
internal_value=0.000830411 -0.212755 0.387596 0.423481 0.474726 0.505563 0.410411 -0.0231428 0.245022 -0.158654 0.500291 0.014371 -0.0181582 0.119722
internal_weight=10800 6958 3842 3504 2721 2492 1560 268 783 128 1292 1298 1224 604
internal_count=10800 6958 3842 3504 2721 2492 1560 268 783 128 1292 1298 1224 604
is_linear=0
shrinkage=0.05


Tree=55
num_leaves=15
num_cat=0
split_feature=65 65 65 24 25 57 61 36 26 1 33 25 36 44
split_gain=322150 29926.6 19389.4 8968.38 17830.3 14097.6 8829.83 8823.17 7778.31 7432.03 6127.97 5860.38 5550.26 8846.35
threshold=135.31404800000004 28.000000000000004 238.16283400000003 278.11863750000003 110.55984742745123 3.5000000000000004 -0.9733555533461492 18.091406250000002 20.987500000000004 70.579213000000024 16.006250000000005 103.36778959771125 24.062760416666674 83.656250000000014
decision_type=2 2 2 2 2 2 2 2 2 2 2 2 2 2
left_child=1 -1 3 5 12 7 -3 -2 -8 10 -4 -7 -5 -14
right_child=2 6 9 4 -6 11 8 -9 -10 -11 -12 -13 13 -15
leaf_value=-0.25835599312224489 -0.34271108087946156 0.51857920693357784 -0.029439759845363685 0.36917467615221461 -0.1475636329565008 -0.055847702619243184 -0.23089108117542431 0.28088132875771926 0.029268406336013481 -0.08607180694739025 0.49558273617703952 -0.6615167767873833 0.56853274565759226 1.3918963587502153
leaf_weight=5376 60 74 57 228 117 140 385 839 1123 59 2068 55 179 40
leaf_count=5376 60 74 57 228 117 140 385 839 1123 59 2068 55 179 40
internal_value=0.000798396 -0.202114 0.368237 0.239088 0.400942 0.155357 -0.0109494 0.238928 -0.0372606 0.466128 0.481493 -0.229181 0.544519 0.724562
internal_weight=10800 6958 3842 1658 564 1094 1582 899 1508 2184 2125 195 447 219
internal_count=10800 6958 3842 1658 564 1094 1582 899 1508 2184 2125 195 447 219
is_linear=0
shrinkage=0.05


Tree=56
num_leaves=15
num_cat=0
split_feature=65 65 65 36 22 8 36 32 22 25 25 36 47 17
split_gain=290903 23878.8 20665.5 8564.63 8628.35 7374.41 7170.15 9765.64 9234.5 7108.25 9304.89 7069.07 8824.45 6378.82
threshold=127.58418050000002 24.000000000000004 217.06487400000003 25.138281250000002 143.60332484375002 259.12192600000009 25.173697916666672 23.012500000000003 143.30230728645839 110.83558801624868 110.25738953028021 20.649218750000006 78.065104166666671 63.758414793794472
decision_type=2 2 2 2 2 2 2 2 2 2 2 2 2 2
left_child=1 -1 3 5 -5 11 7 9 -8 10 -4 12 -2 -3
right_child=2 13 6 4 -6 -7 8 -9 -10 -11 -12 -13 -14 -15
leaf_value=-0.26135810967969253 -0.40523697025722494 -0.07642967891160711 0.41299868825742081 1.0333566834709862 0.28604541680327172 -0.30335907104511772 1.1141362984478473 -0.091262197997421024 0.49264325565827183 -0.13744645714759826 1.0635580292919227 0.24130972040232823 0.17876570988446475 0.37870540399162567
leaf_weight=4672 105 2053 1977 54 134 85 79 99 253 56 56 933 165 79
leaf_count=4672 105 2053 1977 54 134 85 79 99 253 56 56 933 165 79
internal_value=0.000767003 -0.198092 0.33933 0.190565 0.50503 0.144309 0.426353 0.393135 0.64343 0.416124 0.431433 0.176166 -0.0490037 -0.0593953
internal_weight=10800 6804 3996 1476 188 1288 2520 2188 332 2089 2033 1203 270 2132
internal_count=10800 6804 3996 1476 188 1288 2520 2188 332 2089 2033 1203 270 2132
is_linear=0
shrinkage=0.05


Tree=57
num_leaves=15
num_cat=0
split_feature=65 65 9 26 30 25 24 57 51 57 36 36 22 43
split_gain=262631 25092.3 16498.6 10727.6 9208.21 9091.57 12109 20278.1 9814.65 8747.41 11944.6 7949.81 7294.2 6905.08
threshold=135.31404800000004 86.489938500000008 203.33791900000003 19.012500000000003 21.112500000000004 110.55984742745123 277.75656700000008 3.5000000000000004 2.5000000000000004 3.5000000000000004 19.924479166666668 25.21510416666667 135.68018348958336 85.875000000000014
decision_type=2 2 2 2 2 2 2 2 2 2 2 2 2 2
left_child=1 -1 3 9 -3 6 7 11 -9 -2 -11 -5 -8 -14
right_child=2 4 -4 5 -6 -7 12 8 -10 10 -12 -13 13 -15
leaf_value=-0.22602232804852071 0.27503357369540737 -0.11314450282652599 -0.0011003680584902784 0.40820497955120194 0.16249570698161755 0.10957340971121321 1.2234208277145098 0.12793682140820636 -0.57719630965819724 0.16856246650825407 -0.84482377550818699 1.0051294019666768 0.45448692277287606 0.7562890592511704
leaf_weight=5748 655 606 338 1234 604 229 42 204 64 85 43 58 609 281
leaf_count=5748 655 606 338 1234 604 229 42 204 64 85 43 58 609 281
internal_value=0.000746833 -0.182465 0.33251 0.364682 0.0244684 0.411633 0.439335 0.353712 -0.0419729 0.201207 -0.175782 0.435759 0.58212 0.550517
internal_weight=10800 6958 3842 3504 1210 2721 2492 1560 268 783 128 1292 932 890
internal_count=10800 6958 3842 3504 1210 2721 2492 1560 268 783 128 1292 932 890
is_linear=0
shrinkage=0.05


Tree=58
num_leaves=15
num_cat=0
split_feature=65 65 65 24 25 57 36 1 6 48 33 7 37 46
split_gain=237184 20579.2 17592.1 9365.62 14331.8 13378.4 7305.51 6533.55 6092.94 5576.45 5403.29 5398.31 6217.91 8417.47
threshold=128.54798350000002 24.000000000000004 238.16283400000003 280.08090150000004 110.55984742745123 3.5000000000000004 18.395963541666671 70.579213000000024 126.58159800000001 8.3750000000000018 16.006250000000005 227.77729800000003 85.125000000000014 80.572916666666671
decision_type=2 2 2 2 2 2 2 2 2 2 2 2 2 2
left_child=1 -1 3 5 11 6 -2 10 -6 -8 -4 12 13 -5
right_child=2 -3 7 4 8 -7 9 -9 -10 -11 -12 -13 -14 -15
leaf_value=-0.23699429930595728 -0.3261752381920815 -0.050165811401571475 -0.061801631594526354 0.85956477660645714 -0.31112148994976224 -0.23615691209909656 0.36786767522762742 -0.11426656762758891 0.41952770286943858 0.12250887255787082 0.4306578071805171 0.31496069038305247 1.190888689188881 0.16223192413797582
leaf_weight=4672 63 2154 57 92 93 222 401 59 40 550 2068 201 46 82
leaf_count=4672 63 2154 57 92 93 222 401 59 40 550 2068 201 46 82
internal_value=0.000723047 -0.178055 0.307771 0.191402 0.362079 0.11467 0.191635 0.403016 -0.0898864 0.226245 0.417425 0.504736 0.675912 0.533742
internal_weight=10800 6826 3974 1790 554 1236 1014 2184 133 951 2125 421 220 174
internal_count=10800 6826 3974 1790 554 1236 1014 2184 133 951 2125 421 220 174
is_linear=0
shrinkage=0.05


Tree=59
num_leaves=15
num_cat=0
split_feature=65 65 52 30 46 22 32 30 46 32 24 49 36 37
split_gain=214143 21039.8 14450.3 11058.5 9267.88 18601.1 14042.1 8230.01 7239.23 6969.65 6914.64 10585.7 6733.92 6431.14
threshold=135.31404800000004 86.489938500000008 0.84874750804349197 19.712500000000002 81.692708333333357 135.9634828697917 21.387500000000003 21.112500000000004 84.838541666666671 21.012500000000003 283.32550850000001 3.5000000000000004 25.173697916666672 57.875000000000007
decision_type=2 2 2 2 2 2 2 2 2 2 2 2 2 2
left_child=1 -1 3 8 5 9 10 -3 -2 -4 11 -6 -7 -9
right_child=2 7 4 -5 6 12 -8 13 -10 -11 -12 -13 -14 -15
leaf_value=-0.20462389715444532 -0.22969897907972336 -0.10535224356114731 0.83360895047000805 0.27139920184450755 0.46641031916791981 0.21493767698062585 -0.019215859552070003 0.63353570529392789 0.21698115205683985 1.7415696144104005 0.88852160821987103 -0.11603953498933051 0.67930687092817754 0.099457521709179583
leaf_weight=5748 199 606 50 2087 611 159 208 62 165 41 78 89 155 542
leaf_count=5748 199 606 50 2087 611 159 208 62 165 41 78 89 155 542
internal_value=0.000698614 -0.164738 0.300276 0.227064 0.429022 0.630596 0.34567 0.0247476 -0.0271806 1.25717 0.443123 0.392296 0.445593 0.155237
internal_weight=10800 6958 3842 2451 1391 405 986 1210 364 91 778 700 314 604
internal_count=10800 6958 3842 2451 1391 405 986 1210 364 91 778 700 314 604
is_linear=0
shrinkage=0.05


Tree=60
num_leaves=15
num_cat=0
split_feature=65 65 65 24 24 57 36 1 17 22 61 37 52 46
split_gain=193473 17032.8 15421.1 7743.71 12869.7 11701.3 6481.45 5784.58 5541.42 5165.13 6913.25 6201.45 4816.54 5244.03
threshold=127.58418050000002 24.000000000000004 238.16283400000003 280.08090150000004 318.1844445000001 3.5000000000000004 18.091406250000002 70.579213000000024 63.758414793794472 137.21175876562504 -0.68322629814330815 54.875000000000007 0.84874750804349197 83.067708333333357
decision_type=2 2 2 2 2 2 2 2 2 2 2 2 2 2
left_child=1 -1 3 5 -5 6 -2 -4 9 -3 -11 -12 -8 -14
right_child=2 8 7 4 -6 -7 12 -9 -10 10 11 -13 13 -15
leaf_value=-0.21491812622932358 -0.32881866962206169 -0.10854513994355915 0.37982325692642382 0.42541075884012369 -0.23070370372426643 -0.22390276534100548 0.15406702203521125 -0.12030106673638026 0.36396184650715441 0.41705991366486023 0.43596480824053291 -0.095959243065435587 0.90107976044825433 0.26331975552839815
leaf_weight=4672 60 1497 2125 475 88 228 808 59 79 113 63 380 46 107
leaf_count=4672 60 1497 2125 475 88 228 808 59 79 113 63 380 46 107
internal_value=0.000688541 -0.161486 0.276794 0.168815 0.322629 0.0992783 0.171596 0.366264 -0.0443495 -0.060231 0.0698135 -0.0195016 0.203149 0.459671
internal_weight=10800 6804 3996 1812 563 1249 1021 2184 2132 2053 556 443 961 153
internal_count=10800 6804 3996 1812 563 1249 1021 2184 2132 2053 556 443 961 153
is_linear=0
shrinkage=0.05


Tree=61
num_leaves=15
num_cat=0
split_feature=65 65 60 21 21 34 29 46 45 8 25 32 36 22
split_gain=174653 24579.8 10457.2 9767.35 10545.6 9093.41 8643.49 9590.03 7188.63 6577.38 6549.63 6066.94 8676.38 5893.48
threshold=175.75219950000005 86.489938500000008 -0.9733555533461492 1.4088495625161608e-05 9.1621876858736614e-06 19.998958333333338 18.512500000000003 93.869791666666671 78.406250000000014 264.65405750000008 98.293890486145685 22.012500000000003 26.360937500000002 136.54920041145837
decision_type=2 2 2 2 2 2 2 2 2 2 2 2 2 2
left_child=1 -1 -3 4 -2 10 7 -5 -6 13 -4 -8 -13 -7
right_child=3 2 5 6 8 9 11 -9 -10 -11 -12 12 -14 -15
leaf_value=-0.18489752026899464 0.32116842280017965 0.51535279137381129 -0.13432710951663357 -0.16917735747342744 0.97231444086069652 0.015663567426629731 0.32367739092610404 0.65475973330792936 0.47432333784775021 -0.2060302173983502 -0.74443941262533087 0.047520491023377708 0.66035239624254638 0.260725400249254
leaf_weight=5748 945 105 263 221 114 609 1366 41 208 189 52 464 65 410
leaf_count=5748 945 105 263 221 114 609 1366 41 208 189 52 464 65 410
internal_value=0.000663454 -0.136329 0.0351608 0.295727 0.405974 0.00173854 0.230811 -0.0382413 0.653095 0.0641581 -0.237081 0.26801 0.123925 0.114424
internal_weight=10800 7376 1628 3424 1267 1523 2157 262 322 1208 315 1895 529 1019
internal_count=10800 7376 1628 3424 1267 1523 2157 262 322 1208 315 1895 529 1019
is_linear=0
shrinkage=0.05


Tree=62
num_leaves=15
num_cat=0
split_feature=65 65 60 52 33 34 46 22 32 64 32 24 49 8
split_gain=157664 22181.7 9448.09 9026.55 8284.44 8214.94 7959.45 15254.7 13212.9 7205.45 6832.01 5956.59 7713.42 5938.73
threshold=175.75219950000005 86.489938500000008 -0.9733555533461492 0.84874750804349197 22.940625000000004 19.998958333333338 81.817708333333357 135.9634828697917 21.387500000000003 243.10374650000003 21.062500000000004 283.32550850000001 3.5000000000000004 264.65405750000008
decision_type=2 2 2 2 2 2 2 2 2 2 2 2 2 2
left_child=1 -1 -3 4 9 -4 7 10 11 -2 -5 12 -8 -7
right_child=3 2 5 6 -6 13 8 -9 -10 -11 -12 -13 -14 -15
leaf_value=-0.17565424644554631 0.085254903069135662 0.48982823815829352 -0.22536614537622213 0.73162699928507213 0.42821740192659902 0.10871675482681752 0.41122726687554306 0.3960927043903259 -0.054209707212607261 0.29852212372358716 1.6186110676788701 0.81616259859753892 -0.10405570011900132 -0.19578292777810835
leaf_weight=5748 1037 105 315 53 370 1019 611 309 205 641 40 76 82 189
leaf_count=5748 1037 105 315 53 370 1019 611 309 205 641 40 76 82 189
internal_value=0.000643278 -0.129516 0.0333938 0.280989 0.214258 0.00162509 0.380081 0.567394 0.302268 0.166853 1.12629 0.397245 0.350194 0.0609531
internal_weight=10800 7376 1628 3424 2048 1523 1376 402 974 1678 93 769 693 1208
internal_count=10800 7376 1628 3424 2048 1523 1376 402 974 1678 93 769 693 1208
is_linear=0
shrinkage=0.05


Tree=63
num_leaves=15
num_cat=0
split_feature=65 65 18 34 29 22 24 52 47 46 32 32 36 47
split_gain=142341 20311.2 8595.39 9636.69 7129.36 6979.56 8132.1 6227.29 5751.44 7262.62 8839.15 7090.49 6957.22 5292.59
threshold=175.75219950000005 24.000000000000004 27.949899145833339 22.042708333333337 18.512500000000003 136.54920041145837 302.68069650000001 0.77259657388510639 68.832031250000014 80.572916666666671 20.987500000000004 21.387500000000003 23.663020833333334 85.757812500000014
decision_type=2 2 2 2 2 2 2 2 2 2 2 2 2 2
left_child=1 -1 3 7 -4 -3 -7 -2 -9 10 -10 12 13 -11
right_child=2 5 4 -5 -6 6 -8 8 9 11 -12 -13 -14 -15
leaf_value=-0.18615078508739116 0.087024989951294762 -0.068165940975829481 -0.11953141291412604 0.63529998921737896 0.22430978223337572 0.1680641613517628 -0.27475553773120354 0.0081937517936623416 0.34506319163677596 0.32027681247343276 1.3532996607678278 0.0064884132949205552 0.9084766250103713 0.87338448991166795
leaf_weight=4672 277 1858 165 253 1679 726 120 108 47 616 41 129 63 46
leaf_count=4672 277 1858 165 253 1679 726 120 108 47 616 41 129 63 46
internal_value=0.000632542 -0.12304 0.267007 0.352625 0.193495 -0.0139679 0.105003 0.298293 0.353892 0.393476 0.824737 0.348124 0.408819 0.35997
internal_weight=10800 7376 3424 1580 1844 2704 846 1327 1050 942 88 854 725 662
internal_count=10800 7376 3424 1580 1844 2704 846 1327 1050 942 88 854 725 662
is_linear=0
shrinkage=0.05


Tree=64
num_leaves=15
num_cat=0
split_feature=65 65 64 36 8 22 46 35 51 36 46 25 60 1
split_gain=128910 13137.4 10324.7 8229.32 9114.35 8102.48 6544.05 6082.99 8990.27 6030.43 6174.11 7873.81 5316.29 4803.95
threshold=118.09247850000001 238.16283400000003 86.307135500000015 25.138281250000002 259.12192600000009 143.60332484375002 74.364583333333357 19.947395833333335 2.5000000000000004 18.091406250000002 86.296875000000014 98.293890486145685 -0.77259657388510594 70.579213000000024
decision_type=2 2 2 2 2 2 2 2 2 2 2 2 2 2
left_child=2 3 -1 4 7 -5 -7 8 -2 -10 12 -12 -11 -3
right_child=1 13 -4 5 -6 6 -8 -9 9 10 11 -13 -14 -15
leaf_value=-0.17428998425557574 -0.40381768638221155 0.3132667463715364 -0.02921089054629061 0.85801265907028457 -0.33106034168403997 -0.049704945512115961 0.57632139424482987 0.18328396570513078 -0.34474919499719847 0.61595856906371382 0.15508742069504386 -0.58962441099450946 0.046969150421874863 -0.1421062645316124
leaf_weight=4929 118 2125 1633 68 120 99 71 1151 67 101 144 46 69 59
leaf_count=4929 118 2125 1633 68 120 99 71 1151 67 101 144 46 69 59
internal_value=0.000620734 0.215543 -0.138196 0.124674 0.0883206 0.400534 0.213594 0.118171 -0.0194255 0.0874953 0.168673 -0.0273543 0.386641 0.300906
internal_weight=10800 4238 6562 2054 1816 238 170 1696 545 427 360 190 170 2184
internal_count=10800 4238 6562 2054 1816 238 170 1696 545 427 360 190 170 2184
is_linear=0
shrinkage=0.05


Tree=65
num_leaves=15
num_cat=0
split_feature=65 65 64 36 46 8 57 36 24 47 37 47 33 46
split_gain=116350 12044.9 9318.19 7867.09 8283.92 7047.13 7038.12 8885.44 5749.6 5539.62 6353.8 5270.4 10092 4991.3
threshold=118.09247850000001 214.32845750000004 86.307135500000015 25.138281250000002 69.406250000000014 259.12192600000009 2.5000000000000004 18.091406250000002 280.08090150000004 85.403645833333357 83.125000000000014 85.757812500000014 16.993750000000002 91.739583333333357
decision_type=2 2 2 2 2 2 2 2 2 2 2 2 2 2
left_child=2 3 -1 5 -5 6 7 -2 9 10 -8 12 -3 -14
right_child=1 11 -4 4 -6 -7 8 -9 -10 -11 -12 -13 13 -15
leaf_value=-0.16557724360576842 -0.42856672653612105 -0.35767704351285762 -0.027751240327742267 -0.11398637975255649 0.5836465361087273 -0.31078511785731472 -0.072531383924554882 0.24434595353144256 0.17532614241243821 0.38841560966833388 -0.53473542501157689 0.63668236986268312 0.28457795735185099 -0.23196019224221043
leaf_weight=4929 52 64 1633 59 149 118 245 674 210 42 106 95 2377 47
leaf_count=4929 52 64 1633 59 149 118 245 674 210 42 106 95 2377 47
internal_value=0.000592869 0.204776 -0.131288 0.0993841 0.386162 0.0579229 0.090869 0.195625 -0.0353704 -0.148116 -0.213237 0.272239 0.258073 0.274471
internal_weight=10800 4238 6562 1655 208 1447 1329 726 603 393 351 2583 2488 2424
internal_count=10800 4238 6562 1655 208 1447 1329 726 603 393 351 2583 2488 2424
is_linear=0
shrinkage=0.05


Tree=66
num_leaves=15
num_cat=0
split_feature=65 65 60 29 46 32 36 22 36 24 34 36 36 64
split_gain=105130 15642.7 7701.04 7140.23 10297.1 7686.87 8006.89 7187.1 10111.4 6982.2 6881.12 6649.06 9289.68 8846.08
threshold=175.75219950000005 86.489938500000008 -0.9733555533461492 18.725000000000005 91.739583333333357 22.387500000000003 26.360937500000002 148.4124377447917 23.976302083333341 207.69808350000002 19.998958333333338 21.214843750000004 20.649218750000006 268.59795950000006
decision_type=2 2 2 2 2 2 2 2 2 2 2 2 2 2
left_child=1 -1 -3 9 5 7 -7 8 11 -2 -4 12 -5 -13
right_child=3 2 10 4 -6 6 -8 -9 -10 -11 -12 13 -14 -15
leaf_value=-0.14446699287508938 0.25353674825567468 0.44316284061883987 -0.20534726764440916 0.1890521374468985 -0.51400454058203582 0.042173079762206002 0.5869080540518482 -0.10452393139986432 0.53585618163182447 -0.17053607555258521 0.056698864325688429 0.15661846936199181 0.62594588481137237 0.50809802216625666
leaf_weight=5748 181 105 315 223 42 546 76 101 457 207 1208 1108 270 213
leaf_count=5748 181 105 315 223 42 546 76 101 457 207 1208 1108 270 213
internal_value=0.000563546 -0.105721 0.0310832 0.229487 0.255292 0.266251 0.109568 0.307275 0.325627 0.0274349 0.00240104 0.272398 0.429107 0.213633
internal_weight=10800 7376 1628 3424 3036 2994 622 2372 2271 388 1523 1814 493 1321
internal_count=10800 7376 1628 3424 3036 2994 622 2372 2271 388 1523 1814 493 1321
is_linear=0
shrinkage=0.05


Tree=67
num_leaves=15
num_cat=0
split_feature=65 64 52 22 32 33 46 22 32 35 64 21 32 49
split_gain=94897.4 14268.8 6843.78 6784.24 6504.98 6497.51 6348.07 13959.3 10978.5 5665.28 5468.36 5457.85 5379.61 5082.83
threshold=175.75219950000005 102.05021800000002 0.84874750804349197 136.48103394270836 26.062500000000004 22.940625000000004 81.692708333333357 135.9634828697917 21.387500000000003 18.251041666666669 243.10374650000003 98.266410409459311 21.012500000000003 1.5000000000000002
decision_type=2 2 2 2 2 2 2 2 2 2 2 2 2 2
left_child=1 11 5 9 -5 10 7 12 -8 -3 -2 -1 -4 -10
right_child=2 3 6 4 -6 -7 8 -9 13 -11 -12 -13 -14 -15
leaf_value=-0.14958367529367764 0.04696286293336871 0.26707843858262764 0.64495041554830246 0.204144488089675 -0.14223768298508804 0.34940542431605981 0.322106659062114 0.30937158960776245 0.19651240941137077 -0.10506859347402756 0.23270386998103554 0.1305285977241066 1.43745387395223 -0.30160483968671131
leaf_weight=5358 1037 114 50 628 172 370 772 306 89 925 641 179 41 118
leaf_count=5358 1037 114 50 628 172 370 772 306 89 925 641 179 41 118
internal_value=0.000545824 -0.100434 0.218043 0.0202284 0.129588 0.159967 0.304304 0.472971 0.235493 -0.0640187 0.118013 -0.140506 1.01376 -0.0875234
internal_weight=10800 7376 3424 1839 800 2048 1376 397 979 1039 1678 5537 91 207
internal_count=10800 7376 3424 1839 800 2048 1376 397 979 1039 1678 5537 91 207
is_linear=0
shrinkage=0.05


Tree=68
num_leaves=15
num_cat=0
split_feature=65 36 22 43 46 64 21 24 45 41 49 47 22 46
split_gain=85850.1 10149.3 11722.6 11580.7 8375.8 7368.83 7778.66 7214.49 11282.1 7018.59 8799.71 6646.75 15431.8 14997.6
threshold=118.09247850000001 25.173697916666672 143.30230728645839 82.875000000000014 70.067708333333357 206.07787850000003 98.266410409459311 207.69808350000002 81.552083333333357 74.375000000000014 3.5000000000000004 77.319010416666671 125.64656252604168 82.703125000000014
decision_type=2 2 2 2 2 2 2 2 2 2 2 2 2 2
left_child=5 3 -3 7 -4 6 -1 8 -2 10 -9 12 -5 -14
right_child=1 2 4 11 -6 -7 -8 9 -10 -11 -12 -13 13 -15
leaf_value=-0.1372268389603048 0.87780459902044061 0.79447923763258055 -0.14994385704619459 -0.023807410947522339 0.374074367051205 0.10889903743921872 0.1392529269778415 0.058884210923144512 0.095898594999703296 -0.097224423166607635 0.75369615256786349 0.14438126834162365 0.25520218644559106 0.7344196530445567
leaf_weight=5943 58 128 100 244 314 354 265 267 213 830 54 1336 430 264
leaf_count=5943 58 128 100 244 314 354 265 267 213 830 54 1336 430 264
internal_value=0.000534473 0.175926 0.377858 0.146219 0.247444 -0.11275 -0.125404 0.0342611 0.265856 -0.0204507 0.177746 0.216184 0.31819 0.438293
internal_weight=10800 4238 542 3696 414 6562 6208 1422 271 1151 321 2274 938 694
internal_count=10800 4238 542 3696 414 6562 6208 1422 271 1151 321 2274 938 694
is_linear=0
shrinkage=0.05


Tree=69
num_leaves=15
num_cat=0
split_feature=65 64 21 21 22 24 29 46 35 32 36 45 17 36
split_gain=77652.7 11831.6 6223.46 8011.38 5846.61 6178.98 5625.65 7498.51 5042.14 4903.09 6261.47 4855.65 4608.44 4519.85
threshold=175.75219950000005 102.05021800000002 1.4088495625161608e-05 9.1621876858736614e-06 136.48103394270836 302.68069650000001 18.512500000000003 93.447916666666671 18.251041666666669 22.012500000000003 26.360937500000002 78.406250000000014 8.291695780468328e-06 21.355208333333337
decision_type=2 2 2 2 2 2 2 2 2 2 2 2 2 2
left_child=1 -1 3 12 8 -6 7 -4 -3 -8 -11 -5 13 -2
right_child=2 4 6 11 5 -7 9 -9 -10 10 -12 -13 -14 -15
leaf_value=-0.12730903952256714 0.35264276359432745 0.25320079521640487 -0.19035995098677549 0.76251682921596198 0.17694650651223087 -0.22067792823195065 0.22553096281735183 0.5247627045620572 -0.09788116044032974 -0.018620391238921435 0.5018383558331565 0.35385396412471271 0.66511459389947492 0.10897675480762037
leaf_weight=5537 275 114 219 114 687 113 1366 43 925 464 65 208 52 618
leaf_count=5537 275 114 219 114 687 113 1366 43 925 464 65 208 52 618
internal_value=0.000525936 -0.0908195 0.197272 0.285238 0.0190555 0.120577 0.145493 -0.0714435 -0.0591537 0.175508 0.0461563 0.500449 0.211456 0.184324
internal_weight=10800 7376 3424 1267 1839 800 2157 262 1039 1895 529 322 945 893
internal_count=10800 7376 3424 1267 1839 800 2157 262 1039 1895 529 322 945 893
is_linear=0
shrinkage=0.05


Tree=70
num_leaves=15
num_cat=0
split_feature=65 30 36 32 22 46 49 24 47 51 35 57 22 52
split_gain=70468.4 9323.18 8031.53 10596.4 10116.4 7630.32 7470.37 13406 13699.1 7083.05 10672.1 10239 9126.16 8815.72
threshold=116.18365950000002 16.862500000000004 25.173697916666672 23.587500000000002 143.30230728645839 69.223958333333357 3.5000000000000004 284.15934500000009 72.658854166666671 2.5000000000000004 20.589583333333337 1.5000000000000002 145.78409998958335 0.81241147629689026
decision_type=2 2 2 2 2 2 2 2 2 2 2 2 2 2
left_child=-1 -2 3 6 -4 -6 9 -8 -9 10 -3 -12 13 -11
right_child=1 2 4 -5 5 -7 7 8 -10 12 11 -13 -14 -15
leaf_value=-0.10299914156691481 -0.39483194927374526 -0.15265510807091598 0.73429490611996773 -0.14578028341434343 -0.18834720691666007 0.33635480397409112 -0.10288696038321328 1.103650480746589 0.16062188833986285 0.15663924862963577 0.36712036865308534 -0.0025064874569257559 0.89960806662576243 0.4112023589001037
leaf_weight=6518 74 284 128 295 87 329 560 46 216 897 429 332 56 549
leaf_count=6518 74 284 128 295 87 329 560 46 216 897 429 332 56 549
internal_value=0.00051478 0.158069 0.167884 0.141194 0.347058 0.226433 0.166359 0.0352454 0.329759 0.208643 0.108528 0.206072 0.278178 0.253506
internal_weight=10800 4282 4208 3664 544 416 3369 822 262 2547 1045 761 1502 1446
internal_count=10800 4282 4208 3664 544 416 3369 822 262 2547 1045 761 1502 1446
is_linear=0
shrinkage=0.05


Tree=71
num_leaves=15
num_cat=0
split_feature=65 3 36 49 36 22 43 3 36 25 57 24 24 47
split_gain=63891.5 11808.3 6106.23 5808.9 7649.45 8857.67 6145.62 6409.88 5649.33 7819.73 6662.2 11993.1 9443.59 7820.97
threshold=86.489938500000008 62.684561500000008 18.666666666666668 2.5000000000000004 25.387500000000006 145.83517119791671 82.125000000000014 100.00974350000001 25.21510416666667 104.57112527615017 3.5000000000000004 274.65417650000006 273.12119300000006 69.212239583333357
decision_type=2 2 2 2 2 2 2 2 2 2 2 2 2 2
left_child=-1 8 -3 -4 6 -6 -5 -8 10 -10 -2 12 -12 -13
right_child=1 2 3 4 5 -7 7 -9 9 -11 11 13 -14 -15
leaf_value=-0.11350021155951291 0.2071193725522564 -0.45350375303855311 0.11545668116306192 -0.26610748489797115 0.84528809989040554 -0.054480044523330586 -0.21548452712595464 0.48984143035486344 0.85780463688301323 0.26155382604433264 -0.042097125577609529 0.80543510592900791 -0.6810703042624654 0.14934330152433967
leaf_weight=5748 2127 64 995 374 43 72 64 63 65 342 358 51 68 366
leaf_count=5748 2127 64 995 374 43 72 64 63 65 342 358 51 68 366
internal_value=0.000503293 0.13021 0.0216502 0.0407962 -0.0797914 0.286342 -0.164237 0.135495 0.184033 0.358647 0.159992 0.0409774 -0.145449 0.23132
internal_weight=10800 5052 1675 1611 616 115 501 127 3377 407 2970 843 426 417
internal_count=10800 5052 1675 1611 616 115 501 127 3377 407 2970 843 426 417
is_linear=0
shrinkage=0.05


Tree=72
num_leaves=15
num_cat=0
split_feature=65 4 27 36 22 25 24 57 36 51 24 46 43 37
split_gain=57672.5 10687.5 6080.4 6060.12 7973.31 7564.01 6517.97 15825.9 7306.56 12543.1 5428.27 5135.7 5071.11 6349.65
threshold=86.489938500000008 62.684561500000008 20.912500000000005 25.21510416666667 143.30230728645839 110.83558801624868 277.75656700000008 3.5000000000000004 19.852604166666669 2.5000000000000004 300.20324800000009 71.223958333333357 54.625000000000007 54.125000000000007
decision_type=2 2 2 2 2 2 2 2 2 2 2 2 2 2
left_child=-1 3 -3 5 -5 6 7 -2 -9 -10 -8 -6 -4 -14
right_child=1 2 12 4 11 -7 10 8 9 -11 -12 -13 13 -15
leaf_value=-0.10782618227104238 0.19218829732861889 -0.15907341899299943 -0.35617990891138712 0.74314626529812822 -0.15375946977756161 -0.23965777717530728 0.35344697714641188 0.40033524079756311 -0.026028781480059868 -0.6342459241746039 -0.10515493170345483 0.33493074617281016 0.69076826073402586 0.072053635007930911
leaf_weight=5748 1752 369 65 99 68 119 589 54 273 122 72 247 42 1181
leaf_count=5748 1752 369 65 99 68 119 589 54 273 122 72 247 42 1181
internal_value=0.000486953 0.123719 0.0196052 0.174513 0.353658 0.149523 0.165783 0.124333 -0.140279 -0.21501 0.30341 0.229283 0.0708786 0.0938484
internal_weight=10800 5052 1657 3395 414 2981 2862 2201 449 395 661 315 1288 1223
internal_count=10800 5052 1657 3395 414 2981 2862 2201 449 395 661 315 1288 1223
is_linear=0
shrinkage=0.05


Tree=73
num_leaves=15
num_cat=0
split_feature=65 30 52 21 64 9 34 47 25 45 62 32 42 33
split_gain=52229.4 7931.65 6597.79 5668.85 6165.16 5633.06 5731.11 6154.54 5276.34 7343.17 5022.02 5200.89 5612.08 4996.98
threshold=116.18365950000002 16.862500000000004 0.93540483100319638 98.266410409459311 206.07787850000003 272.25950450000005 21.587500000000002 85.757812500000014 68.884769534738368 83.343750000000014 0.6078576107927941 17.525000000000002 83.875000000000014 22.940625000000004
decision_type=2 2 2 2 2 2 2 2 2 2 2 2 2 2
left_child=3 -2 5 4 -1 6 7 10 -8 13 -3 -12 -13 -10
right_child=1 2 -4 -5 -6 -7 8 -9 9 -11 11 12 -14 -15
leaf_value=-0.11013066497077931 -0.37382753169536592 -0.022379598884370359 0.26541338994972541 0.13973791076305728 0.10737876975112529 -0.27785241979691716 0.45698445774196239 0.41923277486020177 -0.038537883019548282 0.40521656320682969 -0.32294916303621402 0.25062393459013071 -0.15708851810987109 0.199928299359765
leaf_weight=5914 74 1088 897 260 344 89 177 116 386 246 53 549 99 508
leaf_count=5914 74 1088 897 260 344 89 177 116 386 246 53 549 99 508
internal_value=0.000467254 0.136108 0.145163 -0.0886494 -0.098159 0.112515 0.12338 0.0678772 0.203552 0.163837 0.0448736 0.149138 0.188188 0.0970384
internal_weight=10800 4282 4208 6518 6258 3311 3222 1905 1317 1140 1789 701 648 894
internal_count=10800 4282 4208 6518 6258 3311 3222 1905 1317 1140 1789 701 648 894
is_linear=0
shrinkage=0.05


Tree=74
num_leaves=15
num_cat=0
split_feature=65 64 29 46 24 36 36 52 35 46 31 32 24 47
split_gain=47164 8348.21 4937.14 7700.62 5603.52 5468.47 7322.02 7016.68 6083.78 9819.61 8749.02 6578.23 6440.42 5104.82
threshold=175.75219950000005 102.05021800000002 18.725000000000005 91.739583333333357 207.69808350000002 21.214843750000004 20.649218750000006 0.35206144883412582 21.369270833333339 78.260416666666671 22.012500000000003 21.262500000000003 255.23943600000004 78.662760416666671
decision_type=2 2 2 2 2 2 2 2 2 2 2 2 2 2
left_child=1 -1 4 5 -2 6 -4 -8 9 -7 -10 12 -11 -14
right_child=2 -3 3 -5 -6 8 7 -9 10 11 -12 -13 13 -15
leaf_value=-0.10139202653282749 0.18851314238119093 0.021550639516815708 0.12402767165040132 -0.48970896712569306 -0.19138633121888585 0.81364729673397251 0.10981751212590858 0.67336700033261376 0.91203248886899524 -0.15817170657399227 0.19588346545522661 -0.17466469447937361 0.36911850641912025 0.041782440544726948
leaf_weight=5537 181 1839 223 42 207 40 78 192 43 163 1490 289 237 239
leaf_count=5537 181 1839 223 42 207 40 78 192 43 163 1490 289 237 239
internal_value=0.000448253 -0.0707409 0.15378 0.175238 -0.0141362 0.184726 0.336878 0.51157 0.154611 0.0563928 0.216553 0.0229118 0.112403 0.205195
internal_weight=10800 7376 3424 3036 388 2994 493 270 2501 968 1533 928 639 476
internal_count=10800 7376 3424 3036 388 2994 493 270 2501 968 1533 928 639 476
is_linear=0
shrinkage=0.05


Tree=75
num_leaves=15
num_cat=0
split_feature=65 30 8 57 24 47 24 24 51 35 22 47 36 40
split_gain=43098.4 8645.02 8238.83 6866.4 21375.8 13927.6 10439.5 7741.38 6588.82 10243.3 10216.6 12616 8844.58 7864.46
threshold=86.489938500000008 16.862500000000004 262.36879000000005 3.5000000000000004 274.65417650000006 69.212239583333357 273.12119300000006 307.27302800000007 2.5000000000000004 20.589583333333337 143.46396390625003 66.093750000000014 22.750520833333336 78.375000000000014
decision_type=2 2 2 2 2 2 2 2 2 2 2 2 2 2
left_child=-1 -2 3 8 6 7 -5 -6 9 -3 11 -11 -10 -12
right_child=1 2 -4 4 5 -7 -8 -9 12 10 13 -13 -14 -15
leaf_value=-0.093196003320681925 -0.38161165800489738 -0.16697878777605271 -0.15896003509091367 -0.09267969334263676 0.7546520944456665 0.075846454829770441 -0.63811658281798767 0.011181778016876668 0.164875588770166 0.89991310838124028 -0.20876959637811471 0.1939912972837563 0.40962600609847161 0.27390576243491432
leaf_weight=5748 88 309 258 452 146 490 108 46 1414 68 268 783 500 122
leaf_count=5748 88 309 258 452 146 490 108 46 1414 68 268 783 500 122
internal_value=0.000436647 0.106966 0.115703 0.130791 0.0298965 0.217716 -0.198821 0.57751 0.166947 0.0902328 0.15436 0.251389 0.228993 -0.0574645
internal_weight=10800 5052 4964 4706 1242 682 560 192 3464 1550 1241 851 1914 390
internal_count=10800 5052 4964 4706 1242 682 560 192 3464 1550 1241 851 1914 390
is_linear=0
shrinkage=0.05


Tree=76
num_leaves=15
num_cat=0
split_feature=65 65 31 57 47 31 36 45 25 24 18 8 8 52
split_gain=39115.4 7864.64 4455.46 4307.51 4944.11 6140.67 5385.49 4549.64 4472.01 7781.98 4472.95 4220.27 4371.65 4217.83
threshold=190.83339050000004 24.000000000000004 17.925000000000001 2.5000000000000004 72.658854166666671 24.112500000000004 24.521093750000002 73.989583333333357 104.19667212036495 300.20324800000009 109.26638714583335 263.09138400000006 246.81768450000001 0.84874750804349197
decision_type=2 2 2 2 2 2 2 2 2 2 2 2 2 2
left_child=1 -1 -3 4 5 6 -4 -7 10 -10 -5 12 -6 -2
right_child=13 2 3 8 11 7 -8 -9 9 -11 -12 -13 -14 -15
leaf_value=-0.10110867702040049 0.098421089929309688 -0.46998460820438909 0.29866817648331806 -0.040232829888855376 0.022137865095169514 -0.25403803420208754 1.0008858206632014 0.40422836984197297 0.1601245679191452 -0.28170752206711269 -0.27713695662630505 -0.29291251338269009 0.38372480294319117 0.21539734895031348
leaf_weight=4672 1798 48 82 1089 538 62 41 44 525 122 243 86 98 1352
leaf_count=4672 1798 48 82 1089 538 62 41 44 525 122 243 86 98 1352
internal_value=0.000419644 -0.0606404 0.00286045 0.0107644 0.098162 0.300055 0.538925 0.0204288 -0.0312625 0.0765054 -0.0836273 0.0338004 0.078369 0.14868
internal_weight=10800 7650 2978 2930 951 229 123 106 1979 647 1332 722 636 3150
internal_count=10800 7650 2978 2930 951 229 123 106 1979 647 1332 722 636 3150
is_linear=0
shrinkage=0.05


Tree=77
num_leaves=15
num_cat=0
split_feature=65 30 47 47 54 36 43 49 52 46 22 36 22 46
split_gain=35418.4 6099 5634.41 6532.69 13308.6 7524.08 8403.82 6225.71 7067.46 5369.49 7401.85 5247.74 6364.4 6468.3
threshold=116.18365950000002 16.862500000000004 85.757812500000014 77.319010416666671 -0.8783796973249266 20.237630208333339 82.875000000000014 1.0000000180025095e-35 0.91037613702198772 82.703125000000014 125.64656252604168 25.173697916666672 143.52257702604172 72.364583333333357
decision_type=2 2 2 2 2 2 2 2 2 2 2 2 2 2
left_child=-1 -2 3 5 -5 -3 11 8 -6 -8 -11 -7 -13 -14
right_child=1 2 -4 4 7 6 9 -9 -10 10 -12 12 13 -15
leaf_value=-0.072983843186564631 -0.33503254129489268 -0.27546102826017888 0.41802457862235365 -0.76591743731177331 0.11744379736346139 0.034309248748937655 0.19249537475664635 -0.00048257310433143339 0.65292894028127202 0.10396354122161866 0.5692182828929262 0.58458541009042952 -0.14513952351007306 0.34835483628860997
leaf_weight=6518 74 95 152 50 271 991 637 1161 79 124 278 104 121 145
leaf_count=6518 74 95 152 50 271 991 637 1161 79 124 278 104 121 145
internal_value=0.000402675 0.112102 0.120042 0.108775 0.0285253 0.158952 0.176255 0.0553031 0.239826 0.283288 0.426321 0.0943972 0.254809 0.124168
internal_weight=10800 4282 4208 4056 1561 2495 2400 1511 350 1039 402 1361 370 266
internal_count=10800 4282 4208 4056 1561 2495 2400 1511 350 1039 402 1361 370 266
is_linear=0
shrinkage=0.05


Tree=78
num_leaves=15
num_cat=0
split_feature=65 65 36 8 24 57 37 43 25 26 26 42 36 25
split_gain=32245.6 6948.18 4933.82 4834.07 5175.48 9999.6 5956.24 5800.12 7081.9 4446.02 7657.36 4028.02 3817.79 4457.13
threshold=86.489938500000008 239.092859 18.395963541666671 264.65405750000008 278.64649100000008 2.5000000000000004 59.875000000000007 85.375000000000014 108.18331850496939 18.425000000000001 19.012500000000003 73.375000000000014 26.213020833333339 105.16358070881857
decision_type=2 2 2 2 2 2 2 2 2 2 2 2 2 2
left_child=-1 2 -2 4 5 -4 -6 12 -9 -7 -11 -5 13 -8
right_child=1 -3 3 11 6 9 7 8 -10 10 -12 -13 -14 -15
leaf_value=-0.080600984266248454 -0.3015690644483755 0.16028297430678687 0.12634162773035193 0.19095017420394081 0.68533653506526249 0.21962549254636873 0.23428224328264691 0.21331764231499745 0.94637733469175744 -0.58484988872084642 -0.090429235152657744 -0.30330896624923936 0.40759210362232157 -0.086933798324370579
leaf_weight=5748 100 2163 1024 55 53 87 156 145 42 90 566 157 69 345
leaf_count=5748 100 2163 1024 55 53 87 156 145 42 90 566 157 69 345
internal_value=0.000389145 0.0925348 0.0417737 0.0541879 0.0730853 0.0250749 0.177659 0.141258 0.38212 -0.114473 -0.159048 -0.174787 0.0617069 0.013353
internal_weight=10800 5052 2889 2789 2577 1767 810 757 187 743 656 212 570 501
internal_count=10800 5052 2889 2789 2577 1767 810 757 187 743 656 212 570 501
is_linear=0
shrinkage=0.05


Tree=79
num_leaves=15
num_cat=0
split_feature=65 30 65 8 24 57 43 36 37 37 47 30 47 47
split_gain=29108.3 6496.1 6283.32 4773.09 5099.59 10477.1 4976.89 6503.48 5927.3 4400.32 4103.78 5407.62 4021.66 3804.73
threshold=86.489938500000008 16.862500000000004 261.5324245000001 262.36879000000005 278.64649100000008 2.5000000000000004 85.375000000000014 23.64283854166667 59.875000000000007 83.375000000000014 81.417968750000014 19.237500000000004 85.757812500000014 82.251302083333357
decision_type=2 2 2 2 2 2 2 2 2 2 2 2 2 2
left_child=-1 -2 3 4 5 13 8 -8 -6 -9 11 -7 -4 -3
right_child=1 2 12 -5 6 10 7 9 -10 -11 -12 -13 -14 -15
leaf_value=-0.076571636317613073 -0.33558468112115114 0.082933967368041747 0.17530488013612433 -0.14401607970171337 0.65163918961869916 -0.52110525560240417 0.11110326508094591 0.35273295181331699 0.072428985915057781 0.94482652916839083 0.12497736529706145 -0.09859593606555421 0.65264372112958335 0.29539620969407704
leaf_weight=5748 88 1271 1190 258 46 85 134 76 742 55 168 642 45 252
leaf_count=5748 88 1271 1190 258 46 85 134 76 742 55 168 642 45 252
internal_value=0.000377725 0.087926 0.0954999 0.0630958 0.0785275 0.0385019 0.170314 0.357405 0.107024 0.606596 -0.0971998 -0.148643 0.193212 0.118259
internal_weight=10800 5052 4964 3729 3471 2418 1053 265 788 131 895 727 1235 1523
internal_count=10800 5052 4964 3729 3471 2418 1053 265 788 131 895 727 1235 1523
is_linear=0
shrinkage=0.05


Tree=80
num_leaves=15
num_cat=0
split_feature=65 36 32 22 46 30 47 54 47 36 64 21 53 64
split_gain=26313 4960.31 6656.18 6520.31 5472.3 4698.19 4652.13 5454.78 9837.04 4620.19 4067.13 4389.53 3977.92 3601.27
threshold=116.18365950000002 25.21510416666667 23.587500000000002 143.30230728645839 69.223958333333357 16.862500000000004 85.757812500000014 -0.8783796973249266 77.710937500000014 18.666666666666668 206.07787850000003 98.266410409459311 0.68322629814330826 121.36709850000001
decision_type=2 2 2 2 2 2 2 2 2 2 2 2 2 2
left_child=10 2 5 -3 -5 -2 7 8 -7 -9 11 -1 -12 -13
right_child=1 3 -4 4 -6 6 -8 9 -10 -11 12 13 -14 -15
leaf_value=-0.081055840987268146 -0.29538468664884565 0.56645477679284184 -0.14821992356194916 -0.20485344526188617 0.24100224910737397 0.050557022493470598 0.37437166646366421 -0.27381323232816962 -0.85199916845276258 0.11615047957290719 -0.0049848472235287178 0.22476756465395242 0.36811823750163736 -0.22783518618504917
leaf_weight=5914 74 118 302 87 317 107 152 77 41 3007 244 205 100 55
leaf_count=5914 74 118 302 87 317 107 152 77 41 3007 244 205 100 55
internal_value=0.00036943 0.0966457 0.0765525 0.240956 0.14472 0.0962198 0.104868 0.0920815 -0.203515 0.106328 -0.0628844 -0.0722108 0.104228 0.128519
internal_weight=10800 4282 3760 522 404 3458 3384 3232 148 3084 6518 6174 344 260
internal_count=10800 4282 3760 522 404 3458 3384 3232 148 3084 6518 6174 344 260
is_linear=0
shrinkage=0.05


Tree=81
num_leaves=15
num_cat=0
split_feature=65 48 49 41 9 64 8 12 65 6 35 24 64 29
split_gain=23814.3 5463.48 3996.49 4926.84 4728.75 3643.6 3641.76 3057.54 3272.39 4019.29 4008.96 4361.77 3904.72 3018.93
threshold=190.83339050000004 11.125000000000002 2.5000000000000004 83.875000000000014 267.44138750000008 205.27766150000005 197.46853500000003 261.35509250000001 156.54295950000002 62.684561500000008 19.99635416666667 288.22990800000008 236.40297200000001 18.725000000000005
decision_type=2 2 2 2 2 2 2 2 2 2 2 2 2 2
left_child=1 2 3 4 -1 -3 13 8 9 -4 -10 -12 -11 -2
right_child=6 5 7 -5 -6 -7 -8 -9 10 12 11 -13 -14 -15
leaf_value=0.40469140943397985 -0.015464915234352583 -0.08024718750936588 -0.046342437420325136 -0.0073566075717181288 -0.13612391980839711 0.29371657342593555 -0.24088155975299222 0.26838367325677115 -0.67807324574124528 0.48306501718858885 0.16479138113332517 -0.46574583281861975 0.044945397859705347 0.14164351337631673
leaf_weight=201 344 5216 1353 282 50 65 69 87 40 71 65 46 174 2737
leaf_count=201 344 5216 1353 282 50 65 69 87 40 71 65 46 174 2737
internal_value=0.00035028 -0.0472931 0.0157911 0.136186 0.296847 -0.0755896 0.116034 -0.0192153 -0.0336665 -0.0125713 -0.255361 -0.0983377 0.173358 0.124103
internal_weight=10800 7650 2369 533 251 5281 3150 1836 1749 1598 151 111 245 3081
internal_count=10800 7650 2369 533 251 5281 3150 1836 1749 1598 151 111 245 3081
is_linear=0
shrinkage=0.05


Tree=82
num_leaves=15
num_cat=0
split_feature=65 48 49 41 9 52 46 25 32 32 24 36 35 36
split_gain=21491.5 4930.64 3608.33 4448.15 4300.9 3310.75 4101.54 8149.31 7704.57 7217.71 4587.09 4340.54 5591.88 4693.62
threshold=190.83339050000004 11.125000000000002 2.5000000000000004 83.875000000000014 268.69404500000007 0.84874750804349197 82.942708333333357 105.41375802674405 21.387500000000003 21.112500000000004 283.32550850000001 21.325911458333337 20.92604166666667 20.71901041666667
decision_type=2 2 2 2 2 2 2 2 2 2 2 2 2 2
left_child=1 2 3 4 -1 -2 7 9 10 -7 11 13 -13 -8
right_child=5 -3 -4 -5 -6 6 8 -9 -10 -11 -12 12 -14 -15
leaf_value=0.37588002480673449 0.065722864368291639 -0.071808103208792634 -0.018260815524063684 -0.0069900779336585592 -0.17000952105630529 0.31699384815389026 0.13069388571381568 0.057420861687748993 -0.20641951232330139 0.91033687360251125 0.61757881332326825 -0.14565225945974605 0.30374192962279689 0.55154504209756849
leaf_weight=208 1798 5281 1836 282 43 228 199 234 164 66 53 206 103 99
leaf_count=208 1798 5281 1836 282 43 228 199 234 164 66 53 206 103 99
internal_value=0.000333372 -0.0449268 0.0150022 0.129401 0.282058 0.11023 0.169328 0.27803 0.0994212 0.452828 0.175615 0.136073 0.0046424 0.271884
internal_weight=10800 7650 2369 533 251 3150 1352 528 824 294 660 607 309 298
internal_count=10800 7650 2369 533 251 3150 1352 528 824 294 660 607 309 298
is_linear=0
shrinkage=0.05


Tree=83
num_leaves=15
num_cat=0
split_feature=65 64 37 47 43 9 22 8 47 33 46 52 22 24
split_gain=19406.7 4562 3231.16 7026.89 5237.31 5070.37 3429.69 3210.53 2820.65 6360.48 3447.55 2783.22 2882.7 4678.45
threshold=190.83339050000004 102.78047100000002 63.375000000000007 64.480468750000014 61.875000000000007 250.58438100000004 136.48103394270836 197.46853500000003 85.757812500000014 16.993750000000002 91.739583333333357 -0.22695468355932472 148.4124377447917 283.32550850000001
decision_type=2 2 2 2 2 2 2 2 2 2 2 2 2 2
left_child=1 -1 3 -3 -4 -5 -6 8 9 -2 11 -11 13 -13
right_child=7 2 4 5 6 -7 -8 -9 -10 10 -12 12 -14 -15
leaf_value=-0.065952481653993381 -0.33736454979749397 -0.14215042584164198 -0.40084638024369879 0.054612816720470497 -0.035810456973242415 0.70580707006156451 0.10888976450625397 -0.23033830205244676 0.34812336537345756 -0.067792288592188721 -0.26060973719383279 0.11517128481440203 -0.067714148643994485 0.28873286028554701
leaf_weight=5611 79 85 77 50 1103 74 650 69 121 179 59 1998 163 482
leaf_count=5611 79 85 77 50 1103 74 650 69 121 179 59 1998 163 482
internal_value=0.000329252 -0.0426798 0.0213639 0.207123 4.7228e-05 0.445766 0.0178749 0.10476 0.112337 0.102584 0.114761 0.122698 0.13562 0.149007
internal_weight=10800 7650 2039 209 1830 124 1753 3150 3081 2960 2881 2822 2643 2480
internal_count=10800 7650 2039 209 1830 124 1753 3150 3081 2960 2881 2822 2643 2480
is_linear=0
shrinkage=0.05


Tree=84
num_leaves=15
num_cat=0
split_feature=65 30 8 57 24 47 24 30 51 35 22 47 57 36
split_gain=17597.1 4917.19 4861.88 4302.38 15531.4 11969.8 9777.5 6707.68 5638.69 8445.01 8748.44 9440.96 7317.52 6817.46
threshold=86.489938500000008 16.862500000000004 262.36879000000005 3.5000000000000004 274.65417650000006 69.212239583333357 273.12119300000006 22.237500000000004 2.5000000000000004 20.589583333333337 143.46396390625003 66.884114583333357 1.5000000000000002 22.750520833333336
decision_type=2 2 2 2 2 2 2 2 2 2 2 2 2 2
left_child=-1 -2 3 8 6 7 -5 -6 9 -3 11 -11 -13 -10
right_child=1 2 -4 4 5 -7 -8 -9 13 10 -12 12 -14 -15
leaf_value=-0.059516839128101677 -0.30006284936425393 -0.1892387336678803 -0.13599667731154727 -0.085515574944384443 1.0004121463298798 0.035387391861918902 -0.61335736518606143 0.32325062263343068 0.11631417265837739 0.67982169007568549 -0.093437503623273563 0.25065612080573368 -0.072032294698725768 0.33112732441738035
leaf_weight=5748 88 309 258 452 49 490 108 143 1414 88 390 490 273 500
leaf_count=5748 88 309 258 452 49 490 108 143 1414 88 390 490 273 500
internal_value=0.000312848 0.0683834 0.0749742 0.0865668 0.00671713 0.166829 -0.188226 0.500356 0.115186 0.0442562 0.1025 0.1923 0.135256 0.172574
internal_weight=10800 5052 4964 4706 1242 682 560 192 3464 1550 1241 851 763 1914
internal_count=10800 5052 4964 4706 1242 682 560 192 3464 1550 1241 851 763 1914
is_linear=0
shrinkage=0.05


Tree=85
num_leaves=15
num_cat=0
split_feature=65 48 24 22 64 64 36 52 25 40 22 51 32 36
split_gain=16103 4009.71 3118.86 4369.78 3107.45 3091.84 3469.65 2975.19 3678.81 4828.23 6930.76 5081.87 4931.01 4573.92
threshold=190.83339050000004 11.125000000000002 307.27302800000007 136.48103394270836 205.27766150000005 243.10374650000003 21.767578125000004 0.84874750804349197 110.46643102177251 82.875000000000014 135.9634828697917 2.5000000000000004 20.487500000000004 23.64283854166667
decision_type=2 2 2 2 2 2 2 2 2 2 2 2 2 2
left_child=1 2 3 5 -3 -1 -7 -2 9 10 12 13 -9 -11
right_child=7 4 -4 -5 -6 6 -8 8 -10 11 -12 -13 -14 -15
leaf_value=0.01042252767715109 0.053246332287828262 -0.067418330246898611 -0.27026015691985578 0.15434071945680961 0.27791740846340407 -0.60944525060199561 -0.082216251258467959 0.36482989979583935 -0.16750568667262355 -0.1747519963404297 0.17711610194029553 0.20186215068708099 1.0357101776947579 0.213198666623996
leaf_weight=1597 1798 5216 91 517 65 41 123 68 84 223 251 565 47 114
leaf_count=1597 1798 5216 91 517 65 41 123 68 84 223 251 565 47 114
internal_value=0.000302705 -0.0388747 0.015168 0.0266837 -0.063116 -0.0108606 -0.216918 0.0954301 0.151449 0.172693 0.325669 0.110329 0.645581 -0.043274
internal_weight=10800 7650 2369 2278 5281 1761 164 3150 1352 1268 366 902 115 337
internal_count=10800 7650 2369 2278 5281 1761 164 3150 1352 1268 366 902 115 337
is_linear=0
shrinkage=0.05


Tree=86
num_leaves=15
num_cat=0
split_feature=65 64 51 24 21 8 8 47 36 46 31 29 57 42
split_gain=14539.9 3684.8 3080.72 4431.72 2949.71 3728.95 2760.45 2523.6 5574.04 3131.4 2469.52 7049.84 4732.24 5983.9
threshold=190.83339050000004 195.05224150000001 3.5000000000000004 257.54432450000007 95.718381665912645 264.65405750000008 197.46853500000003 85.757812500000014 18.666666666666668 91.739583333333357 22.562500000000004 20.637500000000003 2.5000000000000004 81.875000000000014
decision_type=2 2 2 2 2 2 2 2 2 2 2 2 2 2
left_child=1 4 3 -3 -1 -6 7 8 -2 10 11 12 13 -10
right_child=6 2 -4 -5 5 -7 -8 -9 9 -11 -12 -13 -14 -15
leaf_value=-0.057061813648382614 -0.26088982819156215 -0.37642664448358121 0.2640567020722665 0.065374659630284465 0.17767626714623094 -0.1100578569346654 -0.2200082490486758 0.3207101901580931 0.4294666478386483 -0.26521897149321283 0.085344251580351693 0.4992170239748383 -0.10015486728000103 -0.06692769727110863
leaf_weight=6446 109 63 159 501 303 178 69 121 155 56 2218 147 176 99
leaf_count=6446 109 63 159 501 303 178 69 121 155 56 2218 147 176 99
internal_value=0.000292741 -0.0369348 0.0704086 0.0154456 -0.0481473 0.0711893 0.0906856 0.0977128 0.0884918 0.101936 0.109385 0.201489 0.0987857 0.236486
internal_weight=10800 7650 723 564 6927 481 3150 3081 2960 2851 2795 577 430 254
internal_count=10800 7650 723 564 6927 481 3150 3081 2960 2851 2795 577 430 254
is_linear=0
shrinkage=0.05


Tree=87
num_leaves=15
num_cat=0
split_feature=65 36 25 25 22 24 36 57 24 47 25 32 6 22
split_gain=13258.3 3804.94 5498.19 6661.64 4939.44 4793.57 4868.89 4495.09 8338.04 7512.53 5543.96 4087.13 3932.78 3827.44
threshold=116.18365950000002 25.21510416666667 110.55984742745123 110.25738953028021 143.30230728645839 283.46498150000008 26.432291666666668 3.5000000000000004 284.15934500000009 69.212239583333357 103.88651708931739 21.712500000000002 145.20109550000004 148.13106922916668
decision_type=2 2 2 2 2 2 2 2 2 2 2 2 2 2
left_child=-1 2 3 7 -3 -6 13 -2 10 -10 -9 -11 -4 -7
right_child=1 4 12 -5 5 6 -8 8 9 11 -12 -13 -14 -15
leaf_value=-0.044619970712916478 0.083234374502474742 0.47826395364118224 -0.3659191455457389 0.48883029902146924 -0.11594286041548224 0.5466784826139125 0.62355910709926066 -0.059579252036921493 0.78402858161264 0.25667846037252318 -0.41474983277699806 -0.23455151935586788 0.19880168629219619 0.0034125454079073207
leaf_weight=6518 2732 118 126 89 147 40 62 405 44 104 150 70 40 155
leaf_count=6518 2732 118 126 89 147 40 62 405 44 104 150 70 40 155
internal_value=0.000279886 0.0686203 0.051028 0.0640437 0.194999 0.111286 0.241203 0.0531211 -0.0532778 0.208125 -0.156145 0.0588462 -0.229466 0.117072
internal_weight=10800 4282 3760 3594 522 404 257 3505 773 218 555 174 166 195
internal_count=10800 4282 3760 3594 522 404 257 3505 773 218 555 174 166 195
is_linear=0
shrinkage=0.05


Tree=88
num_leaves=15
num_cat=0
split_feature=48 49 24 24 47 25 22 64 51 36 47 36 36 47
split_gain=12080.3 4015.92 7522.76 8988.3 6126.82 6093.71 4877.33 3894.61 4317.73 5795.22 6788.8 6077.02 9899.66 6095.34
threshold=9.1250000000000018 3.5000000000000004 274.65417650000006 273.12119300000006 69.212239583333357 107.86359787652296 148.4124377447917 271.45039900000006 1.5000000000000002 22.750520833333336 76.152343750000014 21.325911458333337 20.71901041666667 78.488281250000014
decision_type=2 2 2 2 2 2 2 2 2 2 2 2 2 2
left_child=1 6 3 -3 5 -4 7 8 -1 11 -11 12 13 -10
right_child=-2 2 4 -5 -6 -7 -8 -9 9 10 -12 -13 -14 -15
leaf_value=-0.049434470962083851 -0.041749944759464586 -0.027172994987245291 0.62525874135816206 -0.59276317962010705 0.041250878049418183 0.064817146690369684 -0.17769317942006246 0.32169173566877601 -0.22143579767049326 0.20184501374392194 0.71185492460544297 -0.058845705947367224 0.42959368416589117 0.1642596890930744
leaf_weight=372 6619 1110 111 74 395 86 139 229 153 410 77 477 243 305
leaf_count=372 6619 1110 111 74 395 86 139 229 153 410 77 477 243 305
internal_value=0.000276205 0.0668025 0.00976758 -0.0629928 0.155149 0.382162 0.108899 0.12655 0.104465 0.138858 0.283777 0.0787574 0.172341 0.0352121
internal_weight=10800 4181 1776 1184 592 197 2405 2266 2037 1665 487 1178 701 458
internal_count=10800 4181 1776 1184 592 197 2405 2266 2037 1665 487 1178 701 458
is_linear=0
shrinkage=0.05


Tree=89
num_leaves=15
num_cat=0
split_feature=65 30 8 24 57 36 47 29 25 36 36 46 52 51
split_gain=11188.4 4218.07 3751.88 3370.96 10801 4864.27 6383.74 5135.76 4618.39 4373.18 7371.92 5272.55 5446.77 5127.02
threshold=85.353944000000013 16.862500000000004 262.36879000000005 277.29195150000004 3.5000000000000004 23.694531250000008 82.167968750000014 21.487500000000004 103.36778959771125 21.539322916666666 20.71901041666667 81.093750000000014 0.88144907265856365 3.5000000000000004
decision_type=2 2 2 2 2 2 2 2 2 2 2 2 2 2
left_child=-1 -2 3 4 5 6 9 -8 -6 10 13 12 -11 -3
right_child=1 2 -4 -5 8 -7 7 -9 -10 11 -12 -13 -14 -15
leaf_value=-0.047633474928777203 -0.28691884143215218 0.13100806342832033 -0.12307941215941826 0.12994970614584045 -0.049728300520327201 0.25312433640554327 0.15873953817788974 0.64953330149726263 -0.33743610908839727 0.033881922835741748 0.29163090387890617 -0.13112757648162784 0.65244123417706723 -0.20871503841385103
leaf_weight=5726 88 240 263 1589 429 375 355 62 206 234 310 677 41 205
leaf_count=5726 88 240 263 1589 429 375 355 62 206 234 310 677 41 205
internal_value=0.000268837 0.0543252 0.0604043 0.0706455 0.0405452 0.0873367 0.0579609 0.233091 -0.143447 0.0150674 0.104861 -0.0561802 0.128133 -0.0256107
internal_weight=10800 5074 4986 4723 3134 2499 2124 417 635 1707 755 952 275 445
internal_count=10800 5074 4986 4723 3134 2499 2124 417 635 1707 755 952 275 445
is_linear=0
shrinkage=0.05


Tree=90
num_leaves=15
num_cat=0
split_feature=64 48 25 29 49 51 31 40 42 24 36 24 36 18
split_gain=10225.5 4797.88 4981.15 3340.74 8685.95 5689.52 6025.67 4221.03 4103.82 2784.17 5518.35 5100.14 4183.85 4248.7
threshold=226.46772300000003 11.125000000000002 110.83558801624868 21.162500000000005 1.5000000000000002 1.5000000000000002 25.012500000000003 87.875000000000014 77.375000000000014 274.65417650000006 21.325911458333337 257.54432450000007 20.71901041666667 49.270529291666669
decision_type=2 2 2 2 2 2 2 2 2 2 2 2 2 2
left_child=1 2 3 -1 5 8 -7 -6 -5 10 12 -12 -2 -14
right_child=9 -3 -4 4 7 6 -8 -9 -10 -11 11 -13 13 -15
leaf_value=3.570642809368174e-05 0.064633598127660216 -0.053027335285457868 -0.36859389860660602 0.3446309490501881 -0.01987972279945497 0.99945475929058514 0.32289254903009068 0.45391105048577574 -0.24873539587855339 0.1506487628778127 -0.54705485140389587 -0.0092273398505526415 0.55804775105958637 0.028670803400672091
leaf_weight=1995 306 5484 77 69 600 51 94 50 49 1102 46 710 109 58
leaf_count=1995 306 5484 77 69 600 51 94 50 49 1102 46 710 109 58
internal_value=0.00026056 -0.0252655 0.025739 0.0363035 0.115466 0.357325 0.566072 0.017207 0.0982134 0.0929729 0.0411765 -0.0426317 0.174935 0.375457
internal_weight=10800 8469 2985 2908 913 263 145 650 118 2331 1229 756 473 167
internal_count=10800 8469 2985 2908 913 263 145 650 118 2331 1229 756 473 167
is_linear=0
shrinkage=0.05


Tree=91
num_leaves=15
num_cat=0
split_feature=64 52 25 49 35 51 40 42 42 42 36 22 36 31
split_gain=9227.99 4339.4 4539.4 3066.26 4134.04 7387.6 9533.16 6083.55 5203.1 5030.46 4610.78 5063.74 3693.44 3260.01
threshold=226.46772300000003 0.19509032201612822 110.83558801624868 2.5000000000000004 21.369270833333339 1.5000000000000002 74.875000000000014 67.375000000000014 77.375000000000014 83.125000000000014 22.119531250000005 125.64656252604168 22.985156249999999 22.262500000000003
decision_type=2 2 2 2 2 2 2 2 2 2 2 2 2 2
left_child=1 -1 3 4 7 8 -7 -3 -6 10 11 -9 -8 -14
right_child=-2 2 -4 -5 5 6 12 9 -10 -11 -12 -13 13 -15
leaf_value=-0.04968270643070892 0.088329488324483868 -0.24035425207813282 -0.35040048489060543 -0.012078370553491272 0.25510327242887937 -0.17570829053542444 0.15336936739988105 0.14874120837993912 -0.31368683690586724 -0.065440834571314194 -0.064116954529548395 0.56320435497750587 1.0678871486868178 0.53101932531079421
leaf_weight=5589 2331 165 77 1510 77 55 42 202 82 292 118 116 41 103
leaf_count=5589 2331 165 77 1510 77 55 42 202 82 292 118 116 41 103
internal_value=0.000255292 -0.0239937 0.0258589 0.0363162 0.0927983 0.226171 0.400134 0.0328708 -0.0383622 0.0950416 0.202424 0.301221 0.570439 0.690188
internal_weight=10800 8469 2880 2803 1293 400 241 893 159 728 436 318 186 144
internal_count=10800 8469 2880 2803 1293 400 241 893 159 728 436 318 186 144
is_linear=0
shrinkage=0.05


Tree=92
num_leaves=15
num_cat=0
split_feature=65 48 24 0 64 47 34 46 34 35 36 36 52 35
split_gain=8371.07 2900.97 2705.96 2727.94 2680.44 2604.13 3523.07 2568.52 3202.58 3270.1 2402.33 4582.24 4436.2 4326.22
threshold=211.30658050000002 11.125000000000002 307.27302800000007 262.68540950000005 203.60231050000002 85.757812500000014 17.001041666666669 91.739583333333357 17.462500000000002 18.161458333333336 21.282552083333339 20.71901041666667 0.41248606129204562 20.013541666666669
decision_type=2 2 2 2 2 2 2 2 2 2 2 2 2 2
left_child=1 2 3 -1 -3 6 -2 8 -8 -10 11 -11 -13 -12
right_child=5 4 -4 -5 -6 -7 7 -9 9 10 13 12 -14 -15
leaf_value=0.013123937797693847 -0.2658408563051905 -0.050571047311922183 -0.23506290138352154 0.21091614118083679 0.21880355390145426 0.32882754318510193 0.51801606271238565 -0.27028189020661209 -0.25702846520383593 0.037909961306449906 -0.18040345531069871 0.031936221971871362 0.54909799825104455 0.08732138536487026
leaf_weight=2399 76 5353 101 187 93 98 41 51 70 208 164 62 125 1772
leaf_count=2399 76 5353 101 187 93 98 41 51 70 208 164 62 125 1772
internal_value=0.000249639 -0.024959 0.0175496 0.0275028 -0.0459317 0.0771038 0.067377 0.0776378 0.0850116 0.077405 0.0875539 0.199802 0.378715 0.0645608
internal_weight=10800 8133 2687 2586 5446 2667 2569 2493 2442 2401 2331 395 187 1936
internal_count=10800 8133 2687 2586 5446 2667 2569 2493 2442 2401 2331 395 187 1936
is_linear=0
shrinkage=0.05


Tree=93
num_leaves=15
num_cat=0
split_feature=64 52 25 46 47 65 47 49 42 9 46 31 47 34
split_gain=7633.87 3516.96 3906.69 2905.37 3870.5 4619.73 3020.89 2852.69 3781.95 3944.5 4976.71 3739.93 3050.76 3005.09
threshold=226.46772300000003 0.19509032201612822 110.83558801624868 78.609375000000014 64.346354166666671 86.489938500000008 65.908854166666671 2.5000000000000004 67.375000000000014 251.13514550000002 83.005208333333357 22.987500000000004 82.167968750000014 21.001041666666669
decision_type=2 2 2 2 2 2 2 2 2 2 2 2 2 2
left_child=1 -1 3 4 -3 -6 -7 8 13 10 11 -10 -12 -5
right_child=-2 2 -4 7 5 6 -8 -9 9 -11 12 -13 -14 -15
leaf_value=-0.044941554123265857 0.080347019344766735 -0.10469599891510001 -0.32598674420195706 -0.23039456076284281 -0.034962221359213196 0.63411203864014754 0.23366228147488402 -0.050072098957099 0.53051170209016563 -0.07362023724263432 -0.0029775670082086612 -0.015330265502312354 0.25850050449963508 0.14581583039118692
leaf_weight=5589 2331 132 77 166 140 58 248 1107 132 216 314 41 172 77
leaf_count=5589 2331 132 77 166 140 58 248 1107 132 216 314 41 172 77
internal_value=0.000240568 -0.0218147 0.0230657 0.0327673 0.132539 0.20283 0.311383 0.00680104 0.063109 0.111554 0.172268 0.401806 0.0899028 -0.111075
internal_weight=10800 8469 2880 2803 578 446 306 2225 1118 875 659 173 486 243
internal_count=10800 8469 2880 2803 578 446 306 2225 1118 875 659 173 486 243
is_linear=0
shrinkage=0.05


Tree=94
num_leaves=15
num_cat=0
split_feature=48 24 24 25 49 35 31 36 24 36 47 22 47 64
split_gain=6902.6 3322.74 6163.95 7117.44 3423.09 4572.19 5900.35 4764.61 5579.38 6930.42 4486.1 3231.7 6267.42 3111.7
threshold=9.1250000000000018 300.20324800000009 274.65417650000006 103.71908670936379 2.5000000000000004 21.369270833333339 22.787500000000005 22.152604166666674 253.49028900000005 21.497656250000002 79.330729166666671 125.64656252604168 78.256510416666671 259.83896700000008
decision_type=2 2 2 2 2 2 2 2 2 2 2 2 2 2
left_child=1 2 3 4 5 7 -7 8 9 11 -10 12 -1 -2
right_child=13 -3 -4 -5 -6 6 -8 -9 10 -11 -12 -13 -14 -15
leaf_value=-0.34185562114139184 -0.035149347794378359 -0.12261774580442131 0.16647241773397389 -0.18734227448497048 -0.0040791056312658447 0.78134068870544438 0.18240677820027623 -0.15822708326923937 0.38553307119281371 -0.59485753144050935 -0.10064634469027321 0.44869139086082577 0.13205547728902819 0.29312930073435994
leaf_weight=90 6547 259 1037 348 1280 49 238 198 234 42 59 49 298 72
leaf_count=90 6547 259 1037 348 1280 49 238 198 234 42 59 49 298 72
internal_value=0.000233169 0.0505208 0.0619828 0.0243798 0.0534841 0.112057 0.287022 0.0600471 0.116162 0.0108988 0.287624 0.0703431 0.0215314 -0.0315347
internal_weight=10800 4181 3922 2885 2537 1257 287 970 772 479 293 437 388 6619
internal_count=10800 4181 3922 2885 2537 1257 287 970 772 479 293 437 388 6619
is_linear=0
shrinkage=0.05


Tree=95
num_leaves=15
num_cat=0
split_feature=64 65 33 47 24 36 36 24 24 18 7 47 43 16
split_gain=6337.15 3047.83 3644.59 3675.93 2363.34 4510.65 3549.66 3262.41 3224.34 3195.82 3097.3 2767.2 2713.54 2880.04
threshold=226.46772300000003 259.33671700000008 20.996875000000006 80.944010416666671 274.65417650000006 21.282552083333339 20.71901041666667 278.56941200000006 257.54432450000007 49.270529291666669 214.11252300000004 78.825520833333357 86.875000000000014 106.97915050000002
decision_type=2 2 2 2 2 2 2 2 2 2 2 2 2 2
left_child=1 -1 3 -3 5 6 11 10 -7 -8 -6 -2 -9 -14
right_child=4 2 -4 -5 7 8 9 12 -10 -11 -12 -13 13 -15
leaf_value=-0.025751720971167652 -0.1047505785354832 -0.15037016404750653 0.3343347446381591 0.3454392941937281 0.023544842272996903 -0.40054838985204699 0.50547586314163162 0.042227804939930058 -0.018805590331418185 0.024146608692013995 0.51259656461188574 0.19520220590649912 0.1581794333043639 0.61733990624183566
leaf_weight=8156 148 132 130 51 49 59 102 705 710 52 95 158 213 40
leaf_count=8156 148 132 130 51 49 59 102 705 710 52 95 158 213 40
internal_value=0.000225421 -0.0198696 0.132998 -0.0110673 0.0732119 0.0255036 0.149182 0.126347 -0.0485762 0.344153 0.347493 0.0502584 0.0927781 0.232919
internal_weight=10800 8469 313 183 2331 1229 460 1102 769 154 144 306 958 253
internal_count=10800 8469 313 183 2331 1229 460 1102 769 154 144 306 958 253
is_linear=0
shrinkage=0.05


Tree=96
num_leaves=15
num_cat=0
split_feature=52 43 16 24 47 57 47 37 22 25 47 7 46 65
split_gain=5938.58 3421.03 3421.44 3209.45 2952.17 4667.73 5418.27 4826.5 3337.33 7610.38 5286.71 5571.76 5190.14 5158.29
threshold=-0.22695468355932472 82.875000000000014 111.03450750000002 280.08090150000004 72.658854166666671 1.5000000000000002 66.623697916666686 81.875000000000014 143.60332484375002 103.58154791507557 71.582031250000014 143.09371500000003 76.609375000000014 63.145266500000005
decision_type=2 2 2 2 2 2 2 2 2 2 2 2 2 2
left_child=-1 4 -3 -4 5 6 -2 8 9 -7 11 -10 13 -11
right_child=1 2 3 -5 -6 7 -8 -9 10 12 -12 -13 -14 -15
leaf_value=-0.042880759515994044 0.75829174158185031 0.050860108540009677 0.12393591966328805 0.45752661538244505 -0.045426803876038285 -0.042337078230709514 0.13983522276891378 -0.23922893918740251 -0.37611735090613369 -0.036013394768815488 0.44896517950533471 0.033341809287667272 -0.018705209212437755 0.55358152407403483
leaf_weight=4592 42 2557 270 98 1820 351 205 167 139 47 43 204 92 173
leaf_count=4592 42 2557 270 98 1820 351 205 167 139 47 43 204 92 173
internal_value=0.000223678 0.0321094 0.0714224 0.213772 -0.00292773 0.0499369 0.247631 0.00960966 0.0494147 0.117398 -0.0673563 -0.133202 0.296661 0.42803
internal_weight=10800 6208 2925 368 3283 1463 247 1216 1049 663 386 343 312 220
internal_count=10800 6208 2925 368 3283 1463 247 1216 1049 663 386 343 312 220
is_linear=0
shrinkage=0.05


Tree=97
num_leaves=15
num_cat=0
split_feature=65 64 17 47 29 22 22 22 25 30 26 25 47 36
split_gain=5468.65 4579.94 2977.66 2788.62 2367.5 2407.83 3049.18 2750.86 3917.49 3099.6 2605.48 2557.83 2660.03 4083.38
threshold=261.5324245000001 264.21388750000006 1.1809109315730381e-05 85.757812500000014 17.525000000000002 136.37003974479168 135.28062036979171 138.91248203125005 105.16358070881857 24.912500000000005 21.262500000000003 99.971251996581813 75.100260416666671 20.71901041666667
decision_type=2 2 2 2 2 2 2 2 2 2 2 2 2 2
left_child=1 -1 -3 4 -2 6 11 -7 9 -9 -10 12 -6 -14
right_child=3 2 -4 -5 5 7 -8 8 10 -11 -12 -13 13 -15
leaf_value=-0.020874622305301734 -0.27279797103669912 0.05650502158089557 0.32540490535264516 0.47615909204679607 0.01130891517839498 -0.13004532088129844 0.46941207660237949 0.63132116938078853 -0.20476709117597724 0.049284682622769985 0.10506437640278372 -0.13673756886512423 0.049462260813535462 0.45601770129586972
leaf_weight=9039 44 357 144 46 152 188 74 53 93 40 243 77 111 139
leaf_count=9039 44 357 144 46 152 188 74 53 93 40 243 77 111 139
internal_value=0.000220668 -0.0127129 0.134288 0.0980789 0.0833729 0.0969888 0.172659 0.0289985 0.0988363 0.38417 0.0189543 0.125931 0.176458 0.276423
internal_weight=10800 9540 501 1260 1214 1170 553 617 429 93 336 479 402 250
internal_count=10800 9540 501 1260 1214 1170 553 617 429 93 336 479 402 250
is_linear=0
shrinkage=0.05


Tree=98
num_leaves=15
num_cat=0
split_feature=65 30 43 28 52 24 24 57 22 22 51 36 47 22
split_gain=5095.19 2913.05 2934.9 3792.2 4131.38 3022.56 3501.29 3217.29 5113.6 5067.83 3417.63 4823.88 7470.1 4611.87
threshold=24.000000000000004 16.512500000000003 56.375000000000007 26.637500000000003 -0.22695468355932472 300.20324800000009 296.45735250000007 3.5000000000000004 148.27345940104172 143.21142522395834 1.5000000000000002 22.750520833333336 77.966145833333357 143.60332484375002
decision_type=2 2 2 2 2 2 2 2 2 2 2 2 2 2
left_child=-1 -2 -3 4 -4 6 7 10 9 -9 -6 -12 13 -13
right_child=1 2 3 -5 5 -7 -8 8 -10 -11 11 12 -14 -15
leaf_value=-0.039109121953716582 -0.26224107564027821 -0.18567715991489792 -0.083025161820066307 0.34201573960702208 -0.031484456571712949 -0.098737357278441101 0.26382772831144319 0.0078174019849471931 0.51872048086446265 -0.32754479476427739 0.06240275488201992 0.24241354033882032 0.73531737159937627 -0.076096137054889601
leaf_weight=4672 83 147 662 101 522 321 200 1632 45 120 1601 483 63 148
leaf_count=4672 83 147 662 101 522 321 200 1632 45 120 1601 483 63 148
internal_value=0.000218266 0.030203 0.0342611 0.0397733 0.0344493 0.0496073 0.0595174 0.0506061 -0.00167184 -0.0153264 0.0839436 0.1102 0.220216 0.167705
internal_weight=10800 6128 6045 5898 5797 5135 4814 4614 1797 1752 2817 2295 694 631
internal_count=10800 6128 6045 5898 5797 5135 4814 4614 1797 1752 2817 2295 694 631
is_linear=0
shrinkage=0.05


Tree=99
num_leaves=15
num_cat=0
split_feature=65 64 17 47 29 22 45 32 51 47 34 22 25 30
split_gain=4686.25 4016.37 2769 2514.46 2052.84 2082.77 2811.68 3150.89 2527.25 3164.43 2642.72 2519.73 3416.64 2813.06
threshold=261.5324245000001 265.7784870000001 1.1809109315730381e-05 85.757812500000014 17.525000000000002 136.37003974479168 81.302083333333357 21.162500000000005 2.5000000000000004 79.269531250000014 20.317708333333339 138.91248203125005 105.16358070881857 24.912500000000005
decision_type=2 2 2 2 2 2 2 2 2 2 2 2 2 2
left_child=1 -1 -3 4 -2 6 7 -6 10 -10 -8 -7 13 -13
right_child=3 2 -4 -5 5 11 8 -9 9 -11 -12 12 -14 -15
leaf_value=-0.019068092667487387 -0.25481566296683417 0.056465928483782207 0.33098654297041147 0.44980393565715632 0.16624119474041849 -0.12592818388646398 -0.16087289812625385 0.73677589820652478 0.42663944538465692 0.059879782190211388 0.19896269853980769 0.59503729072985834 0.018522133364256482 0.040733872026931954
leaf_weight=9080 44 334 126 46 61 188 129 40 102 138 83 53 336 40
leaf_count=9080 44 334 126 46 61 188 129 40 102 138 83 53 336 40
internal_value=0.0002123 -0.0117604 0.132216 0.0908002 0.0768381 0.0895175 0.159894 0.397204 0.106107 0.216876 -0.0197212 0.0262842 0.0931257 0.359597
internal_weight=10800 9540 460 1260 1214 1170 553 101 452 240 212 617 429 93
internal_count=10800 9540 460 1260 1214 1170 553 101 452 240 212 617 429 93
is_linear=0
shrinkage=0.05


Tree=100
num_leaves=15
num_cat=0
split_feature=65 36 46 43 28 52 48 48 57 36 24 47 25 35
split_gain=4368.3 2604.1 3028.84 2677.03 3384.27 3100.23 3274.14 7204.88 3459.12 2891.07 2811.05 3426.55 7244.33 6727.82
threshold=24.000000000000004 18.666666666666668 92.661458333333357 56.375000000000007 26.637500000000003 -0.22695468355932472 21.375000000000004 21.625000000000004 4.5000000000000009 25.347395833333334 300.20324800000009 77.319010416666671 93.213788882682579 20.448958333333337
decision_type=2 2 2 2 2 2 2 2 2 2 2 2 2 2
left_child=-1 2 -2 -3 5 6 -5 -8 -9 -6 11 -7 -13 -14
right_child=1 3 -4 4 9 10 7 8 -10 -11 -12 12 13 -15
leaf_value=-0.036200883067154209 -0.22173444507204737 -0.17550906921938264 0.23478871617052288 0.25291715025901795 0.63735428109418513 0.095316421466125609 -0.58062976934540445 0.010051310934761767 -0.3814571788677803 0.096307918969541786 -0.095097391343073961 0.13373392565607176 -0.19666505432231507 0.033310227891324096
leaf_weight=4672 190 147 44 69 42 2640 70 427 64 59 321 744 540 771
leaf_count=4672 190 147 44 69 42 2640 70 427 64 59 321 744 540 771
internal_value=0.000213348 0.027977 -0.135259 0.0344795 0.0398803 0.0347171 -0.0697516 -0.109818 -0.0416519 0.32534 0.0478495 0.057641 0.00921764 -0.0614941
internal_weight=10800 6128 234 5894 5747 5646 630 561 491 101 5016 4695 2055 1311
internal_count=10800 6128 234 5894 5747 5646 630 561 491 101 5016 4695 2055 1311
is_linear=0
shrinkage=0.05


Tree=101
num_leaves=15
num_cat=0
split_feature=65 64 17 47 29 32 34 36 31 34 53 43 24 51
split_gain=4059.56 3517.02 2480.26 2268.25 1759.96 1885.33 4076 2528.06 2373.48 1768.85 1887.44 1660.28 1632.42 1801.17
threshold=261.5324245000001 265.7784870000001 1.1809109315730381e-05 85.757812500000014 17.525000000000002 19.862500000000004 19.998958333333338 20.338411458333336 22.762500000000003 22.359375000000004 0.13052619222005152 87.875000000000014 281.72766850000005 2.5000000000000004
decision_type=2 2 2 2 2 2 2 2 2 2 2 2 2 2
left_child=1 -1 12 4 -2 7 -7 -6 -8 10 -10 -4 13 -3
right_child=3 2 11 -5 5 6 8 -9 9 -11 -12 -13 -14 -15
leaf_value=-0.017779993135466948 -0.23583037284565056 0.3631274989566633 0.17071340796020296 0.42548245832006987 0.010853019780056044 -0.26564344804263323 0.37376809247411219 0.32125670440156351 -0.24047593051567673 0.15850978887132253 0.041116261916113103 0.5486046268584881 -0.035084514464769102 -0.011711250053097805
leaf_weight=9080 44 69 80 46 109 92 64 164 69 276 396 46 206 59
leaf_count=9080 44 69 80 46 109 92 64 164 69 276 396 46 206 59
internal_value=0.000201785 -0.0109416 0.123787 0.0845152 0.0712559 0.082996 0.0478699 0.197815 0.0839851 0.0584866 -0.00109476 0.311907 0.0521008 0.191599
internal_weight=10800 9540 460 1260 1214 1170 897 273 805 741 465 126 334 128
internal_count=10800 9540 460 1260 1214 1170 897 273 805 741 465 126 334 128
is_linear=0
shrinkage=0.05


Tree=102
num_leaves=15
num_cat=0
split_feature=65 36 24 57 47 47 24 24 26 31 9 24 24 26
split_gain=3741.71 2335.26 2822.49 2584.56 3913.13 6609.73 4367.43 4568.67 4409.08 4991.51 4518.36 3763.85 6770.44 5323.38
threshold=24.000000000000004 18.666666666666668 207.69808350000002 2.5000000000000004 64.023437500000014 65.746093750000014 269.18851250000006 269.23038800000006 21.812500000000004 22.162500000000005 256.17617500000006 274.65417650000006 274.34720900000008 17.525000000000002
decision_type=2 2 2 2 2 2 2 2 2 2 2 2 2 2
left_child=-1 2 -2 4 -3 -6 8 -8 9 -7 -10 12 13 -5
right_child=1 3 -4 11 5 6 7 -9 10 -11 -12 -13 -14 -15
leaf_value=-0.033502416470220196 0.0041433115233510936 -0.27834109330131329 -0.35469313418899462 0.44343982972204687 0.52643688533455135 0.18317227244317652 -0.43575769899809952 0.010780097752106079 0.35355354020154323 -0.030013184093312658 -0.032961349941716338 0.063247331779769433 -0.56349709268476145 -0.04369285342975876
leaf_weight=4672 148 78 86 57 79 500 60 939 307 607 100 1408 60 1699
leaf_count=4672 148 78 86 57 79 500 60 939 307 607 100 1408 60 1699
internal_value=0.000199134 0.0258945 -0.128685 0.0320523 0.0684256 0.078964 0.0646932 -0.0164479 0.118209 0.066355 0.258739 0.00191747 -0.0456421 -0.0276371
internal_weight=10800 6128 234 5894 2670 2592 2513 999 1514 1107 407 3224 1816 1756
internal_count=10800 6128 234 5894 2670 2592 2513 999 1514 1107 407 3224 1816 1756
is_linear=0
shrinkage=0.05


Tree=103
num_leaves=15
num_cat=0
split_feature=65 64 17 47 29 22 22 22 25 30 25 47 36 26
split_gain=3587.83 3072.69 2242.11 2073.86 1514.89 1759.43 2490.66 2198.26 2843.16 2577.98 2044.29 2218.18 3174.32 1989.38
threshold=261.5324245000001 265.7784870000001 1.1809109315730381e-05 85.757812500000014 17.525000000000002 136.37003974479168 135.28062036979171 138.91248203125005 105.16358070881857 24.912500000000005 99.971251996581813 75.100260416666671 20.71901041666667 21.262500000000003
decision_type=2 2 2 2 2 2 2 2 2 2 2 2 2 2
left_child=1 -1 -3 4 -2 6 10 -7 9 -9 11 -6 -13 -10
right_child=3 2 -4 -5 5 7 -8 8 13 -11 -12 12 -14 -15
leaf_value=-0.016679487739955295 -0.21813301258616979 0.047492502977386983 0.29450085101370499 0.40547601279426132 -0.0053658465596122876 -0.12260350491983998 0.41048730957508089 0.55044427629974158 -0.18152943201204563 0.020319826646548949 -0.13458340370502228 0.036586665877673244 0.39496621216514283 0.089201006157510754
leaf_weight=9080 44 334 126 46 152 188 74 53 93 40 77 111 139 243
leaf_count=9080 44 334 126 46 152 188 74 53 93 40 77 111 139 243
internal_value=0.000188309 -0.0102877 0.115643 0.0794518 0.0667748 0.0776664 0.142348 0.0195572 0.0819962 0.325076 0.100155 0.14534 0.236625 0.0139504
internal_weight=10800 9540 460 1260 1214 1170 553 617 429 93 479 402 250 336
internal_count=10800 9540 460 1260 1214 1170 553 617 429 93 479 402 250 336
is_linear=0
shrinkage=0.05


Tree=104
num_leaves=15
num_cat=0
split_feature=52 43 16 24 38 53 24 42 25 57 34 40 12 7
split_gain=3269.88 2365.84 3073.26 2716.62 2517.44 3597.84 3124.84 2775.32 2879.81 6390.43 2574.84 2549.92 3971.44 2535.24
threshold=-0.22695468355932472 82.875000000000014 111.03450750000002 280.08090150000004 78.875000000000014 0.84874750804349197 269.18851250000006 74.375000000000014 110.03308882300996 1.5000000000000002 20.998958333333338 87.875000000000014 260.14684100000005 223.45232950000005
decision_type=2 2 2 2 2 2 2 2 2 2 2 2 2 2
left_child=-1 4 -3 -4 7 6 -6 8 9 -2 -11 -9 -13 -10
right_child=1 2 3 -5 5 -7 -8 11 13 10 -12 12 -14 -15
leaf_value=-0.031798880055304249 0.65103403504552515 0.037056818846948128 0.10881802635576672 0.41568386468923457 -0.028321662341428435 0.084774216696029858 -0.21793806116280157 -0.045727413691462833 -0.27365293607992286 0.4635780965122912 0.069500205702836451 0.011407779004284234 0.58680590887864426 0.076566051809773369
leaf_weight=4592 57 2557 270 98 475 302 400 1109 84 44 535 105 41 131
leaf_count=4592 57 2557 270 98 475 302 400 1109 84 44 535 105 41 131
internal_value=0.000186163 0.0238465 0.0565392 0.191443 -0.0052895 -0.0638266 -0.115153 0.0274404 0.0970884 0.150507 0.100195 -0.0198267 0.175885 -0.0608971
internal_weight=10800 6208 2925 368 3283 1177 875 2106 851 636 579 1255 146 215
internal_count=10800 6208 2925 368 3283 1177 875 2106 851 636 579 1255 146 215
is_linear=0
shrinkage=0.05


Tree=105
num_leaves=15
num_cat=0
split_feature=65 64 47 25 26 52 17 47 32 65 13 43 9 21
split_gain=3174.85 2226.92 2011.62 1563.82 8362.35 3332.88 5194.33 1943.6 2214.17 1757.73 1487.88 2042.7 1708.8 1470.27
threshold=267.06350950000007 264.21388750000006 83.795572916666671 1.4463019995399129 21.812500000000004 0.72947329433276253 1.0026559406380949e-06 76.050781250000014 18.962500000000002 208.35163750000001 43.237506815817959 79.875000000000014 201.20144250000001 98.266410409459311
decision_type=2 2 2 2 2 2 2 2 2 2 2 2 2 2
left_child=1 3 -2 4 5 6 -1 -8 -9 -6 13 -12 -13 -5
right_child=2 -3 -4 10 9 -7 7 8 -10 -11 11 12 -14 -15
leaf_value=-0.56933854759803848 0.071682693315587478 0.084644563732190037 0.42197514585284301 -0.028203733081146966 0.70942129790782937 0.17081254651099445 -0.31959221670487237 -0.17453530128916792 0.22265340197789538 0.28763284263984551 -0.056412625236322261 0.22646288995452113 -0.11834363861602137 0.073625600697457633
leaf_weight=55 903 605 42 7987 43 124 41 57 88 62 178 202 43 370
leaf_count=55 903 605 42 7987 43 124 41 57 88 62 178 202 43 370
internal_value=0.000185687 -0.00821231 0.0876809 -0.0142941 0.0744676 -0.0389649 -0.14716 -0.0199453 0.0663911 0.465428 -0.0190536 0.0723278 0.165711 -0.023687
internal_weight=10800 9855 945 9250 470 365 241 186 145 105 8780 423 245 8357
internal_count=10800 9855 945 9250 470 365 241 186 145 105 8780 423 245 8357
is_linear=0
shrinkage=0.05


Tree=106
num_leaves=15
num_cat=0
split_feature=65 64 47 25 26 52 17 30 65 35 32 24 22 25
split_gain=2866.78 2025.17 1823.59 1426.84 7564.74 3043.07 4002.33 1592.3 1590.99 1396.24 2201.15 1730.52 3937.59 1525.54
threshold=267.06350950000007 261.93158650000004 83.606770833333343 1.4463019995399129 21.812500000000004 0.93540483100319638 1.0026559406380949e-06 20.012500000000003 208.35163750000001 18.001041666666669 19.862500000000004 277.75656700000008 143.83039347916667 91.589234075982333
decision_type=2 2 2 2 2 2 2 2 2 2 2 2 2 2
left_child=1 3 9 4 5 6 -1 -8 -6 -2 13 -12 -13 -11
right_child=2 -3 -4 -5 8 -7 7 -9 -10 10 11 12 -14 -15
leaf_value=-0.4446348573450985 -0.18403236407500048 0.075197904208152186 0.39411009179221262 -0.018572937099077248 0.67475639364936146 0.25445144733724495 -0.15182533512550156 0.11298320282250643 0.27347948030819969 -0.0099603002220392239 -0.02809597066579721 0.4088360519305374 0.0022580707275941555 0.31254150260625213
leaf_weight=67 51 683 44 8702 43 71 103 124 62 49 389 88 180 144
leaf_count=67 51 683 44 8702 43 71 103 124 62 49 389 88 180 144
internal_value=0.000181043 -0.00779911 0.0833229 -0.0139871 0.070779 -0.0371082 -0.108143 -0.00731112 0.442627 0.0677256 0.0830296 0.039267 0.136785 0.231034
internal_weight=10800 9855 945 9172 470 365 294 227 105 901 850 657 268 193
internal_count=10800 9855 945 9172 470 365 294 227 105 901 850 657 268 193
is_linear=0
shrinkage=0.05


Tree=107
num_leaves=15
num_cat=0
split_feature=52 24 24 22 22 51 47 31 55 43 22 61 47 47
split_gain=2603.59 2239.91 3173.13 7378.14 5683.25 3681.29 5782.54 8019.36 3554.37 2930.43 2715.81 2452.58 3677.98 2623.67
threshold=-0.22695468355932472 300.20324800000009 283.32550850000001 143.60332484375002 141.27762205208333 3.5000000000000004 69.101562500000014 23.212500000000002 -0.56174490092936669 85.125000000000014 145.98387160937503 -0.9733555533461492 69.582031250000014 72.658854166666671
decision_type=2 2 2 2 2 2 2 2 2 2 2 2 2 2
left_child=-1 2 3 4 -2 6 7 -4 -9 -7 -5 -3 -13 -14
right_child=1 11 5 10 -6 9 -8 8 -10 -11 -12 12 13 -15
leaf_value=-0.028361106837275198 0.012431559429085252 -0.42174362229555851 0.88765517140543748 -0.61188345783286635 0.27551693462874999 0.16586044345200412 -0.029543879258064221 0.44379746419274152 -0.010423674100642875 0.60400797006536711 -0.17148406479077846 -0.19044194830764916 0.3200093615004187 -0.10341630747716409
leaf_weight=4592 4543 49 42 53 214 105 501 62 136 60 103 192 85 63
leaf_count=4592 4543 49 42 53 214 105 501 62 136 60 103 192 85 63
internal_value=0.000179729 0.0212923 0.0290626 0.0131968 0.0243222 0.114989 0.0672094 0.268466 0.133323 0.327866 -0.324051 -0.0947188 -0.0464901 0.140283
internal_weight=10800 6208 5819 4913 4757 906 741 240 198 165 156 389 340 148
internal_count=10800 6208 5819 4913 4757 906 741 240 198 165 156 389 340 148
is_linear=0
shrinkage=0.05


Tree=108
num_leaves=15
num_cat=0
split_feature=65 64 47 55 35 43 65 36 34 47 47 29 22 41
split_gain=2481.83 1786.77 1663.42 1321.74 2252.69 2570.95 1832.71 2807.86 3332.2 2846.99 4690.28 5028.73 4838.25 3813.09
threshold=267.06350950000007 261.93158650000004 83.795572916666671 -0.56174490092936669 19.30104166666667 87.625000000000014 24.000000000000004 18.666666666666668 17.627083333333335 77.319010416666671 82.167968750000014 21.212500000000002 123.479334484375 81.375000000000014
decision_type=2 2 2 2 2 2 2 2 2 2 2 2 2 2
left_child=1 3 -2 4 5 -1 -5 -8 -9 -10 12 -12 -11 -14
right_child=2 -3 -4 6 -6 -7 7 8 9 10 11 -13 13 -15
leaf_value=-0.32942061050094829 0.062989762610875882 0.070709856392438555 0.38151269489249517 -0.026976530766532166 -0.029652503326325491 0.03129318443437417 -0.16027088192640804 0.34369022505747721 0.07079101982678028 0.061676773476072505 0.041045581364370198 0.54888490129794387 -0.0090244959456619086 -0.28218660595732098
leaf_weight=136 903 683 42 3456 2237 77 191 85 1689 315 378 55 200 353
leaf_count=136 903 683 42 3456 2237 77 191 85 1689 315 378 55 200 353
internal_value=0.000176029 -0.00724904 0.0775347 -0.0130614 -0.0444929 -0.199485 -0.00160047 0.0252519 0.0368238 0.0279881 -0.0275916 0.106668 -0.0946123 -0.183588
internal_weight=10800 9855 945 9172 2450 213 6722 3266 3075 2990 1301 433 868 553
internal_count=10800 9855 945 9172 2450 213 6722 3266 3075 2990 1301 433 868 553
is_linear=0
shrinkage=0.05


Tree=109
num_leaves=15
num_cat=0
split_feature=65 64 16 22 45 32 22 25 30 46 64 26 34 52
split_gain=2251.07 2083.3 1781.71 1496.68 2328.54 2318.24 1943.75 2203.42 2256.39 1856.91 1998.49 1611.98 1450.48 1443.47
threshold=261.5324245000001 265.7784870000001 111.91807350000002 136.37003974479168 81.302083333333357 21.162500000000005 138.91248203125005 105.16358070881857 24.912500000000005 85.380208333333357 246.12940200000003 21.262500000000003 20.317708333333339 0.72947329433276253
decision_type=2 2 2 2 2 2 2 2 2 2 2 2 2 2
left_child=1 -1 -3 4 5 -2 -5 8 -8 12 -11 -9 -6 -14
right_child=3 2 -4 6 9 -7 7 11 -10 10 -12 -13 13 -15
leaf_value=-0.013390300009939515 0.13754104292470842 0.060734879143690183 0.37438640664605538 -0.12636473818470248 -0.081712279759926121 0.62677658200263986 0.49084770690511781 -0.1698050901095601 -0.0045071518820960351 0.072411528925893573 0.38636766703100878 0.07389266822853538 -0.031759405917217653 0.31616137402838679
leaf_weight=9080 61 410 50 188 205 40 53 93 40 140 79 243 61 57
leaf_count=9080 61 410 50 188 205 40 53 93 40 140 79 243 61 57
internal_value=0.000170815 -0.0081272 0.0955656 0.0629552 0.116274 0.335543 0.00729155 0.0660212 0.28001 0.0748711 0.186907 0.00613689 -0.0014335 0.137549
internal_weight=10800 9540 460 1260 643 101 617 429 93 542 219 336 323 118
internal_count=10800 9540 460 1260 643 101 617 429 93 542 219 336 323 118
is_linear=0
shrinkage=0.05


Tree=110
num_leaves=15
num_cat=0
split_feature=65 13 43 42 47 48 48 16 62 2 33 39 48 26
split_gain=2054.75 1477.35 1978.31 1674.99 1444.72 1406.06 1943.42 3914.79 2885.23 2214.14 1942.73 3440.23 1736.14 2037.6
threshold=267.06350950000007 43.237506815817959 79.875000000000014 77.375000000000014 83.606770833333343 23.125000000000004 21.375000000000004 162.04901450000003 -0.8783796973249266 66.72361100000002 21.871875000000003 80.125000000000014 21.125000000000004 21.862500000000004
decision_type=2 2 2 2 2 2 2 2 2 2 2 2 2 2
left_child=1 5 -3 -4 -2 6 12 8 9 -8 -10 -12 -1 -14
right_child=4 2 3 -5 -6 -7 7 -9 10 -11 11 -13 13 -15
leaf_value=-0.010250496870794011 0.056682681222084891 -0.040936715049260761 0.33973599149992595 0.074050735004292517 0.34716925811436444 0.094653908668232034 -0.54996068132050491 -0.41004282904918804 -0.077862288111772371 -0.042688653345515089 -0.089920853334954198 0.33045959765686822 0.0045424203303727232 0.43414161751667663
leaf_weight=8289 901 186 94 160 44 305 46 85 345 40 97 96 65 47
leaf_count=8289 901 186 94 160 44 305 46 85 345 40 97 96 65 47
internal_value=0.00017205 -0.00658402 0.0828615 0.173322 0.0705607 -0.0107725 -0.0143122 -0.0937466 -0.0500742 -0.317223 -0.00686088 0.119806 -0.00759796 0.187067
internal_weight=10800 9855 440 254 945 9415 9110 709 624 86 538 193 8401 112
internal_count=10800 9855 440 254 945 9415 9110 709 624 86 538 193 8401 112
is_linear=0
shrinkage=0.05


Tree=111
num_leaves=15
num_cat=0
split_feature=61 48 49 0 65 48 26 21 14 4 47 24 61 24
split_gain=1942.46 4842.47 2650.72 2620.46 2241.85 1582.45 1842.99 1351.15 1464.63 2110.82 2345.84 1479.11 2357.51 1934.09
threshold=-0.32143946530316164 21.375000000000004 3.5000000000000004 71.967546000000013 228.89220900000001 21.125000000000004 21.862500000000004 72.665508590445242 54.129194166666686 94.991474000000025 72.252604166666671 300.20324800000009 -0.9733555533461492 274.65417650000006
decision_type=2 2 2 2 2 2 2 2 2 2 2 2 2 2
left_child=3 4 -3 7 5 -2 -7 8 11 -10 -11 13 -13 -1
right_child=1 2 -4 -5 -6 6 -8 -9 9 10 -12 12 -14 -15
leaf_value=0.011751703072920346 -0.010902863628615499 -0.5496521124472985 -0.058399741153936008 0.2288269561705597 -0.24268825721827528 0.0043187401398564829 0.41288676926245294 0.21372140274308196 -0.21938569474822056 -0.16929012097686799 0.12555276859270106 -0.40448817458190023 -0.0079896054199791906 0.10023173695622747
leaf_weight=2602 6189 64 48 153 102 65 47 86 155 110 171 49 150 809
leaf_count=2602 6189 64 48 153 102 65 47 86 155 110 171 49 150 809
internal_value=0.000165575 -0.0170305 -0.341495 0.0263088 -0.0113026 -0.00751906 0.177908 0.0187564 0.0145605 -0.0719 0.00994281 0.0250198 -0.107154 0.0327601
internal_weight=10800 6515 112 4285 6403 6301 112 4132 4046 436 281 3610 199 3411
internal_count=10800 6515 112 4285 6403 6301 112 4132 4046 436 281 3610 199 3411
is_linear=0
shrinkage=0.05


Tree=112
num_leaves=15
num_cat=0
split_feature=52 24 24 22 22 51 47 31 55 43 22 9 0 8
split_gain=1831.65 1963.5 2636.29 6806.15 4838.85 3287.06 5105.97 7254.32 3182.25 2631.65 2353.98 2302.78 3277.06 2694.17
threshold=-0.22695468355932472 300.20324800000009 283.32550850000001 143.60332484375002 141.27762205208333 3.5000000000000004 69.101562500000014 23.212500000000002 -0.56174490092936669 87.875000000000014 145.98387160937503 277.88047750000004 265.71171600000008 257.88623600000005
decision_type=2 2 2 2 2 2 2 2 2 2 2 2 2 2
left_child=-1 2 3 4 11 6 7 -4 -9 -7 -5 12 13 -2
right_child=1 -3 5 10 -6 9 -8 8 -10 -11 -12 -13 -14 -15
leaf_value=-0.023784132594465338 0.015928461354686892 -0.090753133013032575 0.83632037833679562 -0.58129285812653886 0.25314677493906645 0.18876985959345585 -0.032589336760861357 0.41272627792897681 -0.017013749598872162 0.65316578894853594 -0.1710377777272907 -0.32043699937371106 0.31460040828652597 -0.18823222613649532
leaf_weight=4592 4237 389 42 53 214 125 501 62 136 40 103 51 88 167
leaf_count=4592 4237 389 42 53 214 125 501 62 136 40 103 51 88 167
internal_value=0.000154679 0.017863 0.0251383 0.0106771 0.021363 0.103459 0.0583191 0.247438 0.118949 0.304607 -0.313234 0.0103914 0.0142179 0.0081457
internal_weight=10800 6208 5819 4913 4757 906 741 240 198 165 156 4543 4492 4404
internal_count=10800 6208 5819 4913 4757 906 741 240 198 165 156 4543 4492 4404
is_linear=0
shrinkage=0.05


Tree=113
num_leaves=15
num_cat=0
split_feature=65 43 26 43 41 43 37 9 52 24 57 26 5 3
split_gain=1692.31 1924.28 3181.88 2752.66 2696.51 2615.43 2384.09 2267.47 2075.28 3012.09 2177.06 2023.72 1786.04 2434.65
threshold=24.000000000000004 54.625000000000007 25.187500000000004 78.625000000000014 68.375000000000014 63.875000000000007 54.875000000000007 270.46035150000006 -0.22695468355932472 296.45735250000007 4.5000000000000009 24.087500000000002 189.35603550000005 262.99180150000007
decision_type=2 2 2 2 2 2 2 2 2 2 2 2 2 2
left_child=-1 -2 5 4 -4 -3 -6 8 9 10 -7 -10 -8 -14
right_child=1 2 3 -5 6 7 12 -9 11 -11 -12 -13 13 -15
leaf_value=-0.022512235001396017 -0.18699649377454042 -0.18126727534752143 -0.2167643268461944 0.45580063182860614 0.44683116789393384 -0.066364934508214304 0.19805739165718358 -0.25207090765818374 0.025742769910815345 0.28054687058360411 -0.3999093979597092 0.18752530847196605 -0.36487270792325344 0.13706627478986455
leaf_weight=4672 112 170 56 63 57 529 149 76 4508 57 53 201 41 56
leaf_count=4672 112 170 56 63 57 529 149 76 4508 57 53 201 41 56
internal_value=0.000152729 0.0174334 0.0212697 0.153496 0.099326 0.0112692 0.158266 0.017336 0.021211 -0.0632763 -0.0973731 0.0326867 0.0898653 -0.0766518
internal_weight=10800 6128 6016 422 359 5594 303 5424 5348 639 582 4709 246 97
internal_count=10800 6128 6016 422 359 5594 303 5424 5348 639 582 4709 246 97
is_linear=0
shrinkage=0.05


Tree=114
num_leaves=15
num_cat=0
split_feature=65 47 13 43 9 35 32 34 31 53 25 41 33 48
split_gain=1619.67 1323.25 1277.6 1708.63 1593.14 1203.82 1887.96 1487.05 1655.04 1326.02 1292.35 1195.69 1302.67 1164.6
threshold=267.06350950000007 83.606770833333343 43.237506815817959 79.875000000000014 201.20144250000001 18.001041666666669 19.862500000000004 19.998958333333338 22.812500000000004 0.06540312923014284 91.589234075982333 87.875000000000014 22.693750000000005 23.125000000000004
decision_type=2 2 2 2 2 2 2 2 2 2 2 2 2 2
left_child=2 5 13 -4 11 -2 10 -8 -9 -10 -7 12 -5 -1
right_child=1 -3 3 4 -6 6 7 8 9 -11 -12 -13 -14 -15
leaf_value=-0.012969516452436365 -0.18433058190902768 0.32734355101982754 -0.037726364053666278 0.4118346486120455 -0.11391682773828507 -0.020939679145812989 -0.22343839579927072 0.35263964307505824 -0.17230273819963138 0.053503299202838563 0.27566892046866748 0.056446915561039201 0.079498737538233402 0.086200094711890732
leaf_weight=9110 51 44 186 92 43 49 55 40 74 488 144 75 44 305
leaf_count=9110 51 44 186 92 43 49 55 40 74 488 144 75 44 305
internal_value=0.000145282 0.0626389 -0.005853 0.0773262 0.161395 0.0493635 0.0635853 0.0230792 0.0459347 0.0235176 0.200644 0.217774 0.305679 -0.00974809
internal_weight=10800 945 9855 440 254 901 850 657 602 562 193 211 136 9415
internal_count=10800 945 9855 440 254 901 850 657 602 562 193 211 136 9415
is_linear=0
shrinkage=0.05


Tree=115
num_leaves=15
num_cat=0
split_feature=61 48 65 0 65 48 26 17 32 21 45 17 17 37
split_gain=1485.78 4332.75 2487.03 2374.41 2113.7 1458.92 1637.92 1174.47 1260.42 1162.56 1338.67 1194.24 2962.78 2531.28
threshold=-0.32143946530316164 21.375000000000004 79.608916500000007 71.967546000000013 228.89220900000001 21.125000000000004 21.862500000000004 76.423149597557384 21.962500000000002 72.665508590445242 75.020833333333357 1.9866838054813594e-05 3.0723743743217493e-06 79.375000000000014
decision_type=2 2 2 2 2 2 2 2 2 2 2 2 2 2
left_child=3 4 -3 9 5 7 -7 -2 -9 11 -11 12 13 -1
right_child=1 2 -4 -5 -6 6 -8 8 -10 10 -12 -13 -14 -15
leaf_value=0.092656321048420129 -0.013134408970928192 -0.13574830434796678 -0.62154594697924548 0.21578143573571726 -0.23415391241896502 0.0085194500727635448 0.39375789587696397 0.30789270911104327 0.032180063472455972 -0.006204536262639733 0.38614581730630665 -0.02877989124470583 0.16206270274087828 -0.021451745602394434
leaf_weight=670 5980 70 42 153 102 65 47 56 153 42 44 1246 368 1762
leaf_count=670 5980 70 42 153 102 65 47 56 153 42 44 1246 368 1762
internal_value=0.00014208 -0.0148973 -0.321811 0.0230065 -0.00947946 -0.00580587 0.172236 -0.00905514 0.10717 0.0158179 0.196664 0.0119263 0.0300443 0.0100094
internal_weight=10800 6515 112 4285 6403 6301 112 6189 209 4132 86 4046 2800 2432
internal_count=10800 6515 112 4285 6403 6301 112 6189 209 4132 86 4046 2800 2432
is_linear=0
shrinkage=0.05


Tree=116
num_leaves=15
num_cat=0
split_feature=65 64 16 22 45 32 30 46 64 47 24 24 34 52
split_gain=1456.51 1508.52 1418.39 1298.21 2036.71 1988.88 1752.46 1521.87 1717.04 1267.47 1225.41 1351.52 1206.91 1257.92
threshold=261.5324245000001 265.7784870000001 111.91807350000002 136.37003974479168 81.302083333333357 21.162500000000005 20.987500000000004 85.380208333333357 246.12940200000003 71.799479166666671 274.08612550000004 288.22990800000008 20.317708333333339 0.72947329433276253
decision_type=2 2 2 2 2 2 2 2 2 2 2 2 2 2
left_child=1 -1 -3 4 5 -2 -5 12 -9 -8 -11 -12 -6 -14
right_child=3 2 -4 6 7 -7 9 8 -10 10 11 -13 13 -15
leaf_value=-0.011015927163233472 0.1220585632949106 0.050632315387449701 0.33045984004788542 -0.29467981346744171 -0.08067492858588117 0.57506137909594834 -0.05109251989116375 0.056983120957429106 0.34787818289827555 -0.076556682415306568 0.28270371266278543 0.029229116737126162 -0.03858835202671828 0.28608759867733924
leaf_weight=9080 61 410 50 46 205 40 287 140 79 74 107 103 61 57
leaf_count=9080 61 410 50 46 205 40 287 140 79 74 107 103 61 57
internal_value=0.000137466 -0.00653729 0.0816992 0.05064 0.100297 0.305345 -0.00118854 0.0615957 0.163022 0.0229291 0.0976494 0.159108 -0.0074643 0.119333
internal_weight=10800 9540 460 1260 643 101 617 542 219 571 284 210 323 118
internal_count=10800 9540 460 1260 643 101 617 542 219 571 284 210 323 118
is_linear=0
shrinkage=0.05


Tree=117
num_leaves=15
num_cat=0
split_feature=65 13 43 42 47 35 32 21 35 44 24 25 65 25
split_gain=1328.99 1159.76 1554.42 1417.7 1159.3 1055.43 1624.75 1446 1670.92 2008.2 1664.02 1962.23 1427.48 1087.14
threshold=267.06350950000007 43.237506815817959 79.875000000000014 77.375000000000014 83.795572916666671 18.001041666666669 19.862500000000004 1.0332964104389293e-05 20.833854166666672 79.531250000000014 277.75656700000008 104.66497572821065 272.07054550000004 91.589234075982333
decision_type=2 2 2 2 2 2 2 2 2 2 2 2 2 2
left_child=1 -1 -3 -4 5 -2 13 8 -8 -10 -9 -12 -11 -7
right_child=4 2 3 -5 -6 6 7 10 9 12 11 -13 -14 -15
leaf_value=-0.0090069045363932645 -0.17420942089878597 -0.035784097809225 0.30722484727046995 0.062852344999465112 0.31048189515551167 -0.0140393928409769 -0.23591034007923947 -0.013534744812191971 -0.26004380962023371 0.32313772896114662 0.50027811288140545 0.10257265710636326 0.010072760596884403 0.25408838372484882
leaf_weight=9415 51 186 94 160 42 51 90 170 51 48 42 114 142 144
leaf_count=9415 51 186 94 160 42 51 90 170 51 48 42 114 142 144
internal_value=0.000137668 -0.00529576 0.0739546 0.15414 0.0567463 0.0446143 0.0579017 0.0201784 -0.0533613 0.0155036 0.094781 0.212152 0.0904406 0.184249
internal_weight=10800 9855 440 254 945 903 852 657 331 241 326 156 190 195
internal_count=10800 9855 440 254 945 903 852 657 331 241 326 156 190 195
is_linear=0
shrinkage=0.05


Tree=118
num_leaves=15
num_cat=0
split_feature=5 24 46 65 42 51 34 54 22 47 36 47 47 47
split_gain=1261.35 2510.77 2834.58 4132.18 3844.55 2897.58 4075.69 3469.3 3559.34 5511.06 3213.45 5335.05 3351.95 3166.74
threshold=24.000000000000004 300.20324800000009 81.359375000000014 63.145266500000005 51.875000000000007 2.5000000000000004 19.877083333333335 1.0000000180025095e-35 125.64656252604168 77.319010416666671 21.325911458333337 80.190104166666671 81.170572916666671 79.141927083333357
decision_type=2 2 2 2 2 2 2 2 2 2 2 2 2 2
left_child=1 2 3 -1 -5 6 -4 10 13 -10 -7 -12 -13 -9
right_child=-2 -3 5 4 -6 7 -8 8 9 -11 11 12 -14 -15
leaf_value=-0.02167341717263209 -0.014884488590639977 -0.13239529599582392 -0.2943361872003214 -0.022326394697679705 0.20031846130698391 0.061004931171421632 -0.023269090083664033 -0.3330971282638916 0.3284939236237272 0.019621280794281784 -0.027584240148216491 -0.71636202301906082 -0.18115040752056399 0.092604886558880911
leaf_weight=611 6092 256 174 261 751 607 669 72 291 286 499 48 75 108
leaf_count=611 6092 256 174 261 751 607 669 72 291 286 499 48 75 108
internal_value=0.000136007 0.0195711 0.0283373 0.0809888 0.142932 -0.00188694 -0.0795013 0.0310816 0.11521 0.175695 -0.0207889 -0.10058 -0.394106 -0.0785755
internal_weight=10800 4708 4452 1623 1012 2829 843 1986 757 577 1229 622 123 180
internal_count=10800 4708 4452 1623 1012 2829 843 1986 757 577 1229 622 123 180
is_linear=0
shrinkage=0.05


Tree=119
num_leaves=15
num_cat=0
split_feature=30 65 52 52 43 37 9 26 40 32 32 55 22 26
split_gain=1177.43 1328.88 1811.76 6348.86 1761.22 2389.08 2133.45 1944.25 3191.3 2309.75 2139.73 3146.39 2121.93 2677.03
threshold=16.025000000000002 24.000000000000004 -0.63405362205439475 -0.58216583101416164 56.375000000000007 54.125000000000007 276.57951800000006 24.087500000000002 87.875000000000014 22.712500000000002 23.587500000000002 -0.56174490092936669 148.4124377447917 22.612500000000004
decision_type=2 2 2 2 2 2 2 2 2 2 2 2 2 2
left_child=-1 -2 -3 -4 -5 -6 7 10 9 -9 12 -12 -7 -14
right_child=1 2 3 4 5 6 -8 8 -10 -11 11 -13 13 -15
leaf_value=-0.17606330457777578 -0.018434595824778834 0.25199084318714376 -0.42574626115369213 -0.15036668475666964 0.36503752662855038 0.031224210475923171 -0.2657972165499814 0.28483513803525923 0.504640192546426 0.026847916639282689 -0.25726343418196967 0.029067535803618805 -0.26488759719307864 0.094554812288177872
leaf_weight=93 4649 80 80 147 50 4421 63 106 46 460 172 215 135 83
leaf_count=93 4649 80 80 147 50 4421 63 106 46 460 172 215 135 83
internal_value=0.000124277 0.00167093 0.0171007 0.0139157 0.0199504 0.0243292 0.0212776 0.024532 0.108601 0.0755807 0.0142756 -0.0985257 0.023705 -0.128229
internal_weight=10800 10707 6058 5978 5898 5751 5701 5638 612 566 5026 387 4639 218
internal_count=10800 10707 6058 5978 5898 5751 5701 5638 612 566 5026 387 4639 218
is_linear=0
shrinkage=0.05


Tree=120
num_leaves=15
num_cat=0
split_feature=64 25 26 41 57 60 51 41 46 41 51 42 29 22
split_gain=1144.33 1813.74 1330.57 1924.73 1142.22 1888.87 4389.51 5398.58 5430.88 8569.5 7335.47 4189.59 4076.52 2211.43
threshold=273.55432100000002 105.24096030238196 22.862500000000004 74.375000000000014 2.5000000000000004 -0.58216583101416164 1.5000000000000002 86.875000000000014 83.817708333333357 76.875000000000014 2.5000000000000004 75.125000000000014 21.487500000000004 125.64656252604168
decision_type=2 2 2 2 2 2 2 2 2 2 2 2 2 2
left_child=4 -2 3 -3 5 6 11 8 9 -8 -10 -1 -9 -12
right_child=1 2 -4 -5 -6 -7 7 12 10 -11 13 -13 -14 -15
leaf_value=0.19005597775725469 0.29954882469028238 -0.16141713412653191 0.2268779543266721 0.084563866941524402 -0.017885655937271407 -0.0054816971820467698 -0.089259775656197846 -0.07355055102087521 -0.39283313225706418 0.45777252239827393 -0.020261120775507558 -0.26356464854755701 0.43314110375834969 0.3387127745377021
leaf_weight=72 75 127 72 209 5870 3126 95 405 74 286 71 168 43 107
leaf_count=72 75 127 72 209 5870 3126 95 405 74 286 71 168 43 107
internal_value=0.0001182 0.0752579 0.0333964 -0.00861419 -0.00340649 0.0157056 0.0658092 0.108751 0.202636 0.321497 0.0223703 -0.127255 -0.0240608 0.196213
internal_weight=10800 483 408 336 10317 4447 1321 1081 633 381 252 240 448 178
internal_count=10800 483 408 336 10317 4447 1321 1081 633 381 252 240 448 178
is_linear=0
shrinkage=0.05


Tree=121
num_leaves=15
num_cat=0
split_feature=65 22 22 22 26 42 64 24 22 42 64 29 57 60
split_gain=1110.45 1055.26 1542.73 2696.01 1663.68 1427.14 1351.33 1445.71 2237.78 1042.57 1020.46 922.532 1010.76 2686.18
threshold=267.06350950000007 136.54298591145837 140.30157283854169 143.30230728645839 21.062500000000004 73.875000000000014 245.05360500000003 263.86678650000005 135.28062036979171 82.875000000000014 281.26576050000006 16.025000000000002 2.5000000000000004 -0.68322629814330782
decision_type=2 2 2 2 2 2 2 2 2 2 2 2 2 2
left_child=10 6 5 -4 -5 -3 9 -8 -9 -2 11 -1 13 -13
right_child=1 2 3 4 -6 -7 7 8 -10 -11 -12 12 -14 -15
leaf_value=-0.19899328861145243 -0.014201710618507233 -0.036032773436464625 0.36070772447283311 -0.25460986244790956 0.066692571894687025 -0.36171090102500542 0.38725214670811381 -0.092156602793197706 0.32575197964906694 0.22673474704580651 0.13219013717164524 0.087224836577281459 -0.018932079452568411 -0.0092706722115809392
leaf_weight=61 226 144 62 52 167 43 69 68 59 55 133 949 5718 2994
leaf_count=61 226 144 62 52 167 43 69 68 59 55 133 949 5718 2994
internal_value=0.000116949 0.0518625 -0.00150408 0.0724632 -0.010409 -0.112447 0.104116 0.204538 0.103018 0.0335935 -0.00484971 -0.00673786 -0.00550348 0.0139701
internal_weight=10800 945 468 281 219 187 477 196 127 281 9855 9722 9661 3943
internal_count=10800 945 468 281 219 187 477 196 127 281 9855 9722 9661 3943
is_linear=0
shrinkage=0.05


Tree=122
num_leaves=15
num_cat=0
split_feature=65 22 7 64 24 22 42 48 65 65 13 43 48 16
split_gain=1003.38 954.484 1399.1 1221.38 1306.54 2023.03 942.61 931.454 1637.67 1322.61 963.423 1352.75 1316.62 2717.58
threshold=267.06350950000007 136.54298591145837 198.75511050000003 245.05360500000003 263.86678650000005 135.28062036979171 82.875000000000014 23.125000000000004 239.092859 137.82480450000003 43.237506815817959 81.375000000000014 21.375000000000004 162.04901450000003
decision_type=2 2 2 2 2 2 2 2 2 2 2 2 2 2
left_child=7 3 -3 6 -5 -6 -2 10 9 -9 12 -12 -1 -14
right_child=1 2 -4 4 5 -7 -8 8 -10 -11 11 -13 13 -15
leaf_value=-0.0053244980383693524 -0.013494752529220827 -0.23137141421180349 0.03091783923643994 0.36816614544817383 -0.087615554369446166 0.30973584150585037 0.21560045275171952 0.10288702726855384 -0.020045766472580964 0.44167292492334237 -0.023249592974951324 0.15180416355530424 -0.039849098339155314 -0.33976019965051568
leaf_weight=8401 226 57 411 69 68 59 55 90 173 42 219 221 624 85
leaf_count=8401 226 57 411 69 68 59 55 90 173 42 219 221 624 85
internal_value=0.000113882 0.0493015 -0.00145286 0.0989971 0.194469 0.0979584 0.0319515 -0.00460726 0.0812637 0.213193 -0.00735796 0.06482 -0.0108508 -0.0762325
internal_weight=10800 945 468 477 196 127 281 9855 305 132 9550 440 9110 709
internal_count=10800 945 468 477 196 127 281 9855 305 132 9550 440 9110 709
is_linear=0
shrinkage=0.05


Tree=123
num_leaves=15
num_cat=0
split_feature=30 57 60 51 41 41 46 51 30 42 22 36 60 13
split_gain=983.01 976.898 1775.85 4244.99 3657.36 5825.75 7461.78 7332.72 4555.43 3594.5 3527.62 3035.21 1987.77 1750.92
threshold=16.025000000000002 2.5000000000000004 -0.58216583101416164 1.5000000000000002 86.875000000000014 74.125000000000014 83.463541666666671 2.5000000000000004 21.962500000000002 75.125000000000014 143.52257702604172 21.539322916666666 -0.77259657388510594 0.1662472149511437
decision_type=2 2 2 2 2 2 2 2 2 2 2 2 2 2
left_child=-1 2 3 9 5 10 12 -8 11 13 -5 -6 -7 -2
right_child=1 -3 -4 4 8 6 7 -9 -10 -11 -12 -13 -14 -15
leaf_value=-0.16087347142784758 -0.065140671369641329 -0.011382875670251575 -0.00098401218247702225 0.11157323339543607 0.085238370492928817 0.52272372212918372 -0.3361704830216562 0.23237647598447358 0.49317423018013562 -0.23769295429759141 -0.46000541734695438 -0.20329247762792729 0.24514365245838865 0.39286720908996542
leaf_weight=93 42 6187 3196 58 177 186 81 183 40 179 49 186 103 40
leaf_count=93 42 6187 3196 58 177 186 81 183 40 179 49 186 103 40
internal_value=0.00011217 0.00152537 0.0191929 0.0678617 0.112213 0.184596 0.249884 0.0573256 -0.00649287 -0.112512 -0.152013 -0.0627562 0.42498 0.160319
internal_weight=10800 10707 4520 1324 1063 660 553 264 403 261 107 363 289 82
internal_count=10800 10707 4520 1324 1063 660 553 264 403 261 107 363 289 82
is_linear=0
shrinkage=0.05


Tree=124
num_leaves=15
num_cat=0
split_feature=64 25 33 41 49 35 25 6 65 25 21 22 22 31
split_gain=975.293 1596.02 1217.13 1094.81 1094.66 1055.7 990.432 3169.13 2608.86 1645.46 3253.73 3151.92 4501.9 3437.26
threshold=273.55432100000002 106.87927892455518 22.978125000000006 74.375000000000014 3.5000000000000004 20.796875000000004 110.83558801624868 125.57091850000002 79.608916500000007 107.99489200728748 54.104394944085882 147.6872490729167 143.60332484375002 25.012500000000003
decision_type=2 2 2 2 2 2 2 2 2 2 2 2 2 2
left_child=6 5 3 -3 -5 -2 9 8 -8 11 -11 12 -1 -14
right_child=1 2 -4 4 -6 -7 7 -9 -10 10 -12 -13 13 -15
leaf_value=0.0007621899622134667 0.0005225729729448047 -0.1431045857205987 0.20904805266764015 0.18054139876670869 -0.080476241850127028 0.30315893537451316 0.019752061126443246 0.016332126916711067 -0.39203886729072446 -0.032067133025337598 0.22511377365292398 0.37657376702323009 -0.02615334979926396 -0.32357912845133496
leaf_weight=8873 41 124 63 82 77 96 59 343 109 260 232 53 197 191
leaf_count=8873 41 124 63 82 77 96 59 343 109 260 232 53 197 191
internal_value=0.000109374 0.0694776 0.0121003 -0.0323249 0.0544237 0.213249 -0.00314458 -0.0709393 -0.248161 0.000395135 0.0894158 -0.00431636 -0.00653659 -0.173022
internal_weight=10800 483 346 283 159 137 10317 511 168 9806 492 9314 9261 388
internal_count=10800 483 346 283 159 137 10317 511 168 9806 492 9314 9261 388
is_linear=0
shrinkage=0.05


Tree=125
num_leaves=15
num_cat=0
split_feature=61 48 65 0 65 42 65 55 22 41 65 32 34 47
split_gain=948.224 3240.44 2153.84 2017.3 1886.68 1309.06 4327.25 4005.53 3498.83 4479.87 1896.48 1079.88 1954.96 2449.2
threshold=-0.32143946530316164 21.375000000000004 79.608916500000007 71.967546000000013 228.89220900000001 74.375000000000014 82.382441500000013 1.0000000180025095e-35 143.83039347916667 82.875000000000014 139.98941200000004 21.212500000000002 21.122916666666672 70.126302083333357
decision_type=2 2 2 2 2 2 2 2 2 2 2 2 2 2
left_child=3 4 -3 11 5 6 -2 8 9 -8 -9 -1 -13 -14
right_child=1 2 -4 -5 -6 -7 7 10 -10 -11 -12 12 13 -15
leaf_value=-0.0083674385858271919 -0.018901737078288707 -0.10457126527276993 -0.5561343226191956 0.19605809726817353 -0.2194900510802151 -0.013529977454013515 0.50460784655727753 0.71943476226594716 -0.14903888975301485 -0.14560684295637269 0.25167581822885121 -0.063888213395779769 0.0044217028315230358 0.14438757747697525
leaf_weight=2552 689 70 42 153 102 5322 72 44 88 41 45 330 640 610
leaf_count=2552 689 70 42 153 102 5322 72 44 88 41 45 330 640 610
internal_value=0.000105453 -0.0119091 -0.27733 0.0183712 -0.00722387 -0.00375344 0.0493529 0.211024 0.0864179 0.269481 0.488352 0.011746 0.0442177 0.0727859
internal_weight=10800 6515 112 4285 6403 6301 979 290 201 113 89 4132 1580 1250
internal_count=10800 6515 112 4285 6403 6301 979 290 201 113 89 4132 1580 1250
is_linear=0
shrinkage=0.05


Tree=126
num_leaves=15
num_cat=0
split_feature=65 64 16 61 47 29 26 38 55 29 48 64 17 37
split_gain=906.462 1129.48 1133.86 1056.64 942.973 896.134 1324.55 871.898 821.583 1789.38 1943.48 1185.73 1091.18 3691.79
threshold=261.5324245000001 265.7784870000001 111.91807350000002 -0.98611507088852035 85.757812500000014 17.525000000000002 17.525000000000002 92.375000000000014 -0.56174490092936669 19.012500000000003 7.1250000000000009 72.154948500000017 1.0000000180025095e-35 82.375000000000014
decision_type=2 2 2 2 2 2 2 2 2 2 2 2 2 2
left_child=1 8 -3 -2 5 -5 -7 -8 9 10 -1 -12 13 -10
right_child=3 2 -4 4 -6 6 7 -9 12 -11 11 -13 -14 -15
leaf_value=0.15191765718681868 0.18801533123986289 0.043416186479892399 0.29359532734927013 -0.20697753489190759 0.25551804990269417 0.30106366117085731 0.023933801803574642 -0.21139221792904342 0.06800209554668829 -0.018953081722144837 0.029265393834651973 -0.27085628033929521 0.0082053685679173826 -0.13576507163566673
leaf_weight=42 109 410 50 42 42 41 986 40 381 2187 40 180 5719 531
leaf_count=42 109 410 50 42 42 41 986 40 381 2187 40 180 5719 531
internal_value=0.000102685 -0.00516299 0.0711874 0.0399438 0.0257704 0.016847 0.0258429 0.0145624 -0.00903838 -0.0337804 -0.157006 -0.216403 0.00010321 -0.0506574
internal_weight=10800 9540 460 1260 1151 1109 1067 1026 9080 2449 262 220 6631 912
internal_count=10800 9540 460 1260 1151 1109 1067 1026 9080 2449 262 220 6631 912
is_linear=0
shrinkage=0.05


Tree=127
num_leaves=15
num_cat=0
split_feature=30 52 24 46 49 51 29 31 36 36 25 25 24 22
split_gain=870.624 899.515 2407.86 2398.82 3398.97 4082.2 5201.77 4092.91 3594.42 4734.42 3799.03 4128.73 3500.42 2935.09
threshold=16.025000000000002 0.25881904510252091 300.20324800000009 78.609375000000014 3.5000000000000004 1.5000000000000002 21.162500000000005 24.262500000000003 21.282552083333339 20.71901041666667 96.915177753017261 98.706903138007235 258.25111550000003 135.57248066145837
decision_type=2 2 2 2 2 2 2 2 2 2 2 2 2 2
left_child=-1 -2 3 -3 5 -5 8 -8 9 12 -10 -12 -7 -13
right_child=1 2 -4 4 -6 6 7 -9 10 -11 11 13 -14 -15
leaf_value=-0.15140385466040748 -0.010805432794772262 0.098969542523805937 -0.12309115194674961 -0.097805830154668649 -0.052466836537422068 0.084566632329051705 0.56805971518986753 0.13967048921373984 -0.21198505531285861 0.30535500531084836 0.46570989619940523 -0.25808376299734748 -0.32976991951986517 0.072721968727370467
leaf_weight=93 6251 928 280 369 1358 374 89 149 210 239 51 89 58 262
leaf_count=93 6251 928 280 369 1358 374 89 149 210 239 51 89 58 262
internal_value=9.99531e-05 0.00142992 0.0185926 0.0281196 0.00785258 0.051198 0.0873874 0.301573 0.0474515 0.127294 -0.0401527 0.0499138 0.028305 -0.0116524
internal_weight=10800 10707 4456 4176 3248 1890 1521 238 1283 671 612 402 432 351
internal_count=10800 10707 4456 4176 3248 1890 1521 238 1283 671 612 402 432 351
is_linear=0
shrinkage=0.05


Tree=128
num_leaves=15
num_cat=0
split_feature=13 43 47 48 42 40 48 25 21 35 36 65 47 37
split_gain=832.518 1401.42 1174.78 863.185 1173.45 1313.05 1151 1024.32 1951.96 1661.42 1236.18 3012.03 4549.78 5553.87
threshold=47.515827485476862 80.875000000000014 78.904947916666671 2.1250000000000004 47.875000000000007 73.375000000000014 1.3750000000000002 110.83558801624868 83.499161254180407 21.735416666666669 24.062760416666674 63.145266500000005 64.023437500000014 57.875000000000007
decision_type=2 2 2 2 2 2 2 2 2 2 2 2 2 2
left_child=3 -2 -3 6 5 -5 -1 10 9 -9 -6 -12 -13 -14
right_child=1 2 -4 4 7 -7 -8 8 -10 -11 11 12 13 -15
leaf_value=0.0039094870314587971 -0.026240544144659202 0.29523547753536455 -0.0096571428158010054 -0.29741184281211502 -0.0098202217519954005 -0.037993152258634755 0.11664221354102827 -0.32287977512212512 -0.36159890243926873 -0.010726706354876311 -0.015734726009225344 -0.22515246338126335 0.62529928283444769 0.1129070205038742
leaf_weight=678 143 95 47 70 6829 157 339 46 51 459 1131 87 57 611
leaf_count=678 143 95 47 70 6829 157 339 46 51 459 1131 87 57 611
internal_value=9.72684e-05 0.0842672 0.194958 -0.00219188 -0.00688101 -0.118944 0.0415647 -0.00412463 -0.0698614 -0.0397424 7.67799e-05 0.035899 0.113165 0.157498
internal_weight=10800 285 142 10515 9498 227 1017 9271 556 505 8715 1886 755 668
internal_count=10800 285 142 10515 9498 227 1017 9271 556 505 8715 1886 755 668
is_linear=0
shrinkage=0.05


end of trees

feature_importances:
consumo_alvo_semana_anterior=261
temperatura_externa_c_media_1440m=159
consumo_mean_1440m=86
consumo_max_1440m=82
umidade_relativa_pct_media_1440m=79
origem_hora=79
origem_hora_sin=68
consumo_alvo_dia_anterior=66
consumo_std_1440m=60
temperatura_externa_c_lag_1440m=47
consumo_std_180m=46
umidade_relativa_pct_media_360m=46
temperatura_externa_c_atual=45
temperatura_externa_c_media_360m=45
temperatura_externa_c_lag_360m=44
temperatura_externa_c_lag_180m=40
temperatura_externa_c_media_180m=38
temperatura_externa_c_lag_720m=36
alvo_hora_sin=33
alvo_dia_semana=32
consumo_lag_15m=30
umidade_relativa_pct_lag_1440m=30
origem_mes=27
origem_hora_cos=27
temperatura_externa_c_media_60m=26
consumo_lag_1440m=23
umidade_relativa_pct_lag_720m=21
origem_dia_semana=19
consumo_std_360m=18
consumo_lag_10080m=16
umidade_relativa_pct_atual=16
alvo_hora_cos=15
umidade_relativa_pct_media_180m=14
consumo_mean_360m=13
umidade_relativa_pct_lag_360m=13
consumo_max_180m=11
temperatura_externa_c_lag_60m=10
consumo_lag_60m=9
consumo_lag_720m=8
umidade_relativa_pct_lag_180m=8
consumo_atual_kw=7
consumo_std_60m=7
origem_semana_sin=6
origem_semana_cos=6
consumo_lag_360m=5
consumo_max_360m=5
consumo_lag_180m=4
temperatura_externa_c_lag_15m=4
consumo_max_60m=3
consumo_lag_120m=2
consumo_mean_180m=2
umidade_relativa_pct_lag_15m=2
umidade_relativa_pct_media_60m=2
alvo_semana_sin=2
consumo_lag_30m=1
consumo_min_60m=1
umidade_relativa_pct_lag_60m=1

parameters:
[boosting: gbdt]
[objective: regression]
[metric: l1]
[tree_learner: serial]
[device_type: cpu]
[data_sample_strategy: bagging]
[data: ]
[valid: ]
[num_iterations: 400]
[learning_rate: 0.05]
[num_leaves: 15]
[num_threads: 2]
[seed: 20260905]
[deterministic: 1]
[force_col_wise: 1]
[force_row_wise: 0]
[histogram_pool_size: -1]
[max_depth: -1]
[min_data_in_leaf: 40]
[min_sum_hessian_in_leaf: 0.001]
[bagging_fraction: 1]
[pos_bagging_fraction: 1]
[neg_bagging_fraction: 1]
[bagging_freq: 0]
[bagging_seed: 23218]
[bagging_by_query: 0]
[feature_fraction: 1]
[feature_fraction_bynode: 1]
[feature_fraction_seed: 28090]
[extra_trees: 0]
[extra_seed: 14360]
[early_stopping_round: 0]
[early_stopping_min_delta: 0]
[first_metric_only: 0]
[max_delta_step: 0]
[lambda_l1: 0]
[lambda_l2: 1]
[linear_lambda: 0]
[min_gain_to_split: 0]
[drop_rate: 0.1]
[max_drop: 50]
[skip_drop: 0.5]
[xgboost_dart_mode: 0]
[uniform_drop: 0]
[drop_seed: 16970]
[top_rate: 0.2]
[other_rate: 0.1]
[min_data_per_group: 100]
[max_cat_threshold: 32]
[cat_l2: 10]
[cat_smooth: 10]
[max_cat_to_onehot: 4]
[top_k: 20]
[monotone_constraints: ]
[monotone_constraints_method: basic]
[monotone_penalty: 0]
[feature_contri: ]
[forcedsplits_filename: ]
[refit_decay_rate: 0.9]
[cegb_tradeoff: 1]
[cegb_penalty_split: 0]
[cegb_penalty_feature_lazy: ]
[cegb_penalty_feature_coupled: ]
[path_smooth: 0]
[interaction_constraints: ]
[verbosity: -1]
[saved_feature_importance_type: 0]
[use_quantized_grad: 0]
[num_grad_quant_bins: 4]
[quant_train_renew_leaf: 0]
[stochastic_rounding: 1]
[linear_tree: 0]
[max_bin: 255]
[max_bin_by_feature: ]
[min_data_in_bin: 3]
[bin_construct_sample_cnt: 200000]
[data_random_seed: 5037]
[is_enable_sparse: 1]
[enable_bundle: 1]
[use_missing: 1]
[zero_as_missing: 0]
[feature_pre_filter: 1]
[pre_partition: 0]
[two_round: 0]
[header: 0]
[label_column: ]
[weight_column: ]
[group_column: ]
[ignore_column: ]
[categorical_feature: ]
[forcedbins_filename: ]
[precise_float_parser: 0]
[parser_config_file: ]
[objective_seed: 15411]
[num_class: 1]
[is_unbalance: 0]
[scale_pos_weight: 1]
[sigmoid: 1]
[boost_from_average: 1]
[reg_sqrt: 0]
[alpha: 0.9]
[fair_c: 1]
[poisson_max_delta_step: 0.7]
[tweedie_variance_power: 1.5]
[lambdarank_truncation_level: 30]
[lambdarank_norm: 1]
[label_gain: ]
[lambdarank_position_bias_regularization: 0]
[eval_at: ]
[multi_error_top_k: 1]
[auc_mu_weights: ]
[num_machines: 1]
[local_listen_port: 12400]
[time_out: 120]
[machine_list_filename: ]
[machines: ]
[gpu_platform_id: -1]
[gpu_device_id: -1]
[gpu_device_id_list: ]
[gpu_use_dp: 0]
[num_gpu: 1]

end of parameters

pandas_categorical:[]
