tree
version=v4
num_class=1
num_tree_per_iteration=1
label_index=0
max_feature_idx=65
objective=regression
feature_names=consumo_atual_kw consumo_lag_15m consumo_lag_30m consumo_lag_60m consumo_lag_120m consumo_lag_180m consumo_lag_360m consumo_lag_720m consumo_lag_1440m consumo_lag_10080m consumo_mean_60m consumo_min_60m consumo_max_60m consumo_std_60m consumo_mean_180m consumo_min_180m consumo_max_180m consumo_std_180m consumo_mean_360m consumo_min_360m consumo_max_360m consumo_std_360m consumo_mean_1440m consumo_min_1440m consumo_max_1440m consumo_std_1440m temperatura_externa_c_atual temperatura_externa_c_lag_15m temperatura_externa_c_lag_60m temperatura_externa_c_lag_180m temperatura_externa_c_lag_360m temperatura_externa_c_lag_720m temperatura_externa_c_lag_1440m temperatura_externa_c_media_60m temperatura_externa_c_media_180m temperatura_externa_c_media_360m temperatura_externa_c_media_1440m umidade_relativa_pct_atual umidade_relativa_pct_lag_15m umidade_relativa_pct_lag_60m umidade_relativa_pct_lag_180m umidade_relativa_pct_lag_360m umidade_relativa_pct_lag_720m umidade_relativa_pct_lag_1440m umidade_relativa_pct_media_60m umidade_relativa_pct_media_180m umidade_relativa_pct_media_360m umidade_relativa_pct_media_1440m origem_hora origem_dia_semana origem_fim_de_semana origem_mes origem_hora_sin origem_hora_cos origem_semana_sin origem_semana_cos alvo_hora alvo_dia_semana alvo_fim_de_semana alvo_mes alvo_hora_sin alvo_hora_cos alvo_semana_sin alvo_semana_cos consumo_alvo_dia_anterior consumo_alvo_semana_anterior
feature_infos=[22.399999999999999:324.71375799999998] [22.399999999999999:324.71375799999998] [22.399999999999999:324.71375799999998] [22.399999999999999:324.71375799999998] [22.399999999999999:324.71375799999998] [22.399999999999999:324.71375799999998] [22.399999999999999:324.71375799999998] [22.399999999999999:324.71375799999998] [22.399999999999999:324.71375799999998] [22.399999999999999:324.71375799999998] [22.399999999999999:321.24876725000001] [22.399999999999999:318.278571] [22.399999999999999:324.71375799999998] [0:82.540869055199337] [22.399999999999999:313.28577408333337] [22.399999999999999:302.53573799999998] [22.399999999999999:324.71375799999998] [0:92.970139865692389] [22.399999999999999:295.13563500000004] [22.399999999999999:249.29458700000001] [22.399999999999999:324.71375799999998] [0:116.53386463160022] [23.200000000000003:159.49963871874999] none [25.600000000000001:324.71375799999998] [1.3929144002343703:128.71471884334804] [15:33.700000000000003] [15:33.700000000000003] [15:33.700000000000003] [15:33.700000000000003] [15:33.700000000000003] [15:33.700000000000003] [15:33.700000000000003] [15:33.4375] [15:32.71875] [15.333333333333334:31.620833333333334] [16.439843749999998:27.283072916666669] [31:98] [31:98] [31:98] [31:98] [31:98] [31:98] [31:98] [32.5:95.625] [33.666666666666664:95.083333333333329] [37.041666666666664:94] [59.309895833333336:91.638020833333329] [0:23.75] [0:6] [0:1] [1:4] [-1:1] [-1:1] [-0.97492791218182362:0.97492791218182362] [-0.90096886790241903:1] [0:23.75] [0:6] [0:1] [1:4] [-1:1] [-1:1] [-0.97492791218182362:0.97492791218182362] [-0.90096886790241903:1] [22.399999999999999:324.71375799999998] [22.399999999999999:324.71375799999998]
tree_sizes=1392 1415 1415 1416 1410 1422 1412 1420 1421 1416 1429 1425 1421 1414 1413 1406 1431 1407 1407 1407 1410 1423 1426 1411 1408 1414 1423 1421 1421 1428 1414 1427 1414 1416 1416 1423 1426 1430 1424 1418 1436 1433 1428 1425 1413 1422 1428 1414 1410 1426 1420 1422 1425 1433 1418 1426 1421 1430 1432 1424 1437 1439 1434 1428 1440 1429 1425 1438 1424 1442 1424 1437 1438 1422 1430 1437 1441 1424 1441 1440 1436 1440 1433 1443 1439 1430 1447 1432 1436 1443 1437 1443 1434 1452 1435 1441 1440 1416 1450 1439 1429 1441 1416 1441 1433 1426 1424 1436 1451 1431 1437 1439 1449 1442 1431 1451 1438 1463 1434

Tree=0
num_leaves=15
num_cat=0
split_feature=65 65 65 60 53 33 36 53 34 48 53 17 29 36
split_gain=8.93714e+07 9.63821e+06 3.34967e+06 306311 256633 232409 208446 149192 140526 84193.7 63698.4 53204.4 50316.1 39676
threshold=156.28901650000003 42.523274000000008 230.12127300000003 -0.8814490726585632 -0.41248606129204529 19.996875000000003 22.638802083333342 0.13052619222005152 19.983333333333338 6.6250000000000009 0.91037613702198772 2.4022257355649861e-05 21.212500000000002 18.395963541666671
decision_type=2 2 2 2 2 2 2 2 2 2 2 2 2 2
left_child=1 -1 4 12 -2 13 -5 -7 11 -10 -8 -6 -3 -4
right_child=2 3 5 6 8 7 10 -9 9 -11 -12 -13 -14 -15
leaf_value=103.90355970890334 109.43506269940623 109.31469744479945 113.6461966709152 107.21999723140667 112.38623352268836 113.31088805561018 108.24563272834605 116.09509375142449 113.58091182634854 112.52286153155029 109.52338177282589 111.11265065763075 110.88514380497908 115.01519105974172
leaf_weight=5445 66 201 88 642 195 57 714 1657 391 447 112 166 69 550
leaf_count=5445 66 201 88 642 195 57 714 1657 391 447 112 166 69 550
internal_value=108.166 104.938 114.574 108.18 112.494 115.691 107.895 116.006 112.661 113.022 108.42 111.81 109.725 114.835
internal_weight=10800 7183 3617 1738 1265 2352 1468 1714 1199 838 826 361 270 638
internal_count=10800 7183 3617 1738 1265 2352 1468 1714 1199 838 826 361 270 638
is_linear=0
shrinkage=1


Tree=1
num_leaves=15
num_cat=0
split_feature=65 65 65 60 53 33 36 53 34 48 53 17 29 36
split_gain=8.06683e+07 8.69919e+06 3.02271e+06 276667 231572 209504 188175 134146 126728 76017.1 57544.2 48031.2 46818.1 35606.9
threshold=156.28901650000003 42.523274000000008 230.12127300000003 -0.8814490726585632 -0.41248606129204529 19.996875000000003 22.638802083333342 0.13052619222005152 19.983333333333338 6.6250000000000009 0.91037613702198772 2.4022257355649861e-05 20.162500000000005 18.395963541666671
decision_type=2 2 2 2 2 2 2 2 2 2 2 2 2 2
left_child=1 -1 4 12 -2 13 -5 -7 11 -10 -8 -6 -3 -4
right_child=2 3 5 6 8 7 10 -9 9 -11 -12 -13 -14 -15
leaf_value=-4.0490460605600331 1.2068684172274462 0.84739677522565937 5.2095773589744994 -0.89846464069328436 4.0106101590759904 4.8923906096096701 0.075968218875098067 7.5331893966914087 5.1451684869065577 4.1398161121777131 1.2904249792605376 2.8005120026137305 2.17332190801931 6.5076641304306895
leaf_weight=5445 66 142 88 642 195 57 714 1657 391 447 112 166 128 550
leaf_count=5445 66 142 88 642 195 57 714 1657 391 447 112 166 128 550
internal_value=0.000202286 -3.06614 6.08881 0.0137773 4.1123 7.14967 -0.25703 7.44827 4.27109 4.61447 0.242002 3.46344 1.48168 6.33705
internal_weight=10800 7183 3617 1738 1265 2352 1468 1714 1199 838 826 361 270 638
internal_count=10800 7183 3617 1738 1265 2352 1468 1714 1199 838 826 361 270 638
is_linear=0
shrinkage=0.05


Tree=2
num_leaves=15
num_cat=0
split_feature=65 65 65 53 60 53 34 36 36 17 31 52 65 36
split_gain=7.28156e+07 7.70226e+06 2.84e+06 251717 228453 189756 181628 170304 122997 54921.2 53515.5 52492.4 38843.1 34940.1
threshold=151.48849750000002 42.523274000000008 230.12127300000003 -0.41248606129204529 -0.8814490726585632 0.13052619222005152 19.917708333333337 22.638802083333342 23.024739583333339 2.4022257355649861e-05 24.487500000000004 0.98611507088852057 179.02486950000002 18.395963541666671
decision_type=2 2 2 2 2 2 2 2 2 2 2 2 2 2
left_child=1 -1 3 -2 -3 -4 13 -6 9 12 -9 -10 -5 -7
right_child=2 4 5 8 7 6 -8 10 11 -11 -12 -13 -14 -15
leaf_value=-3.8466308155262952 1.1140233603119849 1.3790938106167505 4.5215560205203973 2.4224872786824299 -0.85725019762525345 4.9520251156239032 7.1474898498464228 -0.07935419396246568 4.3321034869688608 3.0272465759032485 0.7541788479276732 5.6475671085742638 4.1891349072610176 6.2428952937136781
leaf_weight=5445 79 253 96 40 639 88 1720 519 456 295 305 108 309 448
leaf_count=5445 79 253 96 40 639 88 1720 519 456 295 305 108 309 448
internal_value=0.000381518 -2.92622 5.75871 3.86529 -0.00514604 6.79269 6.88729 -0.245304 4.04415 3.55662 0.229715 4.59355 3.99415 6.04058
internal_weight=10800 7161 3639 1287 1716 2352 2256 1463 1208 644 824 564 349 536
internal_count=10800 7161 3639 1287 1716 2352 2256 1463 1208 644 824 564 349 536
is_linear=0
shrinkage=0.05


Tree=3
num_leaves=15
num_cat=0
split_feature=65 65 65 60 53 34 36 53 34 31 48 29 17 36
split_gain=6.57285e+07 7.08462e+06 2.46003e+06 225689 188420 171635 154572 114948 108046 64804.8 63555.2 42396.7 40304.7 27136.3
threshold=156.28901650000003 42.523274000000008 230.12127300000003 -0.8814490726585632 -0.41248606129204529 19.998958333333338 21.963281250000005 0.13052619222005152 19.983333333333338 24.487500000000004 6.6250000000000009 21.212500000000002 2.4022257355649861e-05 18.395963541666671
decision_type=2 2 2 2 2 2 2 2 2 2 2 2 2 2
left_child=1 -1 4 11 -2 13 -5 -7 12 -8 -10 -3 -6 -4
right_child=2 3 5 6 8 7 9 -9 10 -11 -12 -13 -14 -15
leaf_value=-3.6543344361091243 1.0925558143587255 0.96244307815438457 4.7072058345494652 -0.93897490502579439 3.6123839086415814 4.4193083497344468 -0.1514310481889804 6.7958502962475738 4.6581832849249549 0.71714538500035885 3.7399247993315967 2.4022987294197087 2.5057900757132892 5.8548406709736298
leaf_weight=5445 66 201 88 506 195 60 640 1679 391 322 447 69 166 525
leaf_count=5445 66 201 88 506 195 60 640 1679 391 322 447 69 166 525
internal_value=0.000552066 -2.76732 5.49651 0.0121247 3.71342 6.45355 -0.232464 6.71644 3.85666 0.139741 4.17341 1.33791 3.11186 5.69803
internal_weight=10800 7183 3617 1738 1265 2352 1468 1739 1199 962 838 270 361 613
internal_count=10800 7183 3617 1738 1265 2352 1468 1739 1199 962 838 270 361 613
is_linear=0
shrinkage=0.05


Tree=4
num_leaves=15
num_cat=0
split_feature=65 65 65 60 53 53 34 36 36 53 36 52 35 65
split_gain=5.93278e+07 6.39431e+06 2.21991e+06 203857 170019 159416 146641 140044 99737.9 47008.8 45810.1 45537.5 39652 38485
threshold=156.28901650000003 42.523274000000008 230.12127300000003 -0.8814490726585632 -0.41248606129204529 0.13052619222005152 19.917708333333337 22.638802083333342 23.024739583333339 0.91037613702198772 18.395963541666671 0.98611507088852057 20.281250000000004 189.76806900000005
decision_type=2 2 2 2 2 2 2 2 2 2 2 2 2 2
left_child=1 -1 4 12 -2 -4 -7 -5 10 -9 -6 -10 -3 -12
right_child=2 3 5 7 8 6 -8 9 11 -11 13 -13 -14 -15
leaf_value=-3.4716515654901174 1.0387433553809551 0.6020894121739172 4.0524827701529276 -0.77420809101603039 1.7487424130709668 5.4567977379598211 6.451848648177684 0.059598525101774852 3.9169695096733292 1.1572483961561086 2.7431073504656101 5.1389259320880294 1.8240191968711645 3.6479036520455632
leaf_weight=5445 66 123 96 642 52 536 1720 714 451 112 196 108 147 392
leaf_count=5445 66 123 96 642 52 536 1720 714 451 112 196 108 147 392
internal_value=0.000694291 -2.62896 5.2222 0.0116045 3.52837 6.13133 6.21796 -0.220853 3.66443 0.209652 3.22418 4.16181 1.27164 3.35147
internal_weight=10800 7183 3617 1738 1265 2352 2256 1468 1199 826 640 559 270 588
internal_count=10800 7183 3617 1738 1265 2352 2256 1468 1199 826 640 559 270 588
is_linear=0
shrinkage=0.05


Tree=5
num_leaves=15
num_cat=0
split_feature=65 65 65 53 60 53 26 36 36 31 52 17 65 52
split_gain=5.35526e+07 5.66135e+06 2.08534e+06 185581 167596 143592 133373 128035 95473.4 55336.3 45708 44606.7 32760.4 30151.5
threshold=151.48849750000002 42.523274000000008 230.12127300000003 -0.41248606129204529 -0.8814490726585632 0.13052619222005152 19.012500000000003 21.941145833333337 22.750520833333336 24.487500000000004 0.98611507088852057 2.4022257355649861e-05 181.68180900000002 -0.065403129230142812
decision_type=2 2 2 2 2 2 2 2 2 2 2 2 2 2
left_child=1 -1 3 -2 -3 -4 -7 -6 11 -9 -10 12 -5 -8
right_child=2 4 5 8 7 6 13 9 10 -11 -12 -13 -14 -15
leaf_value=-3.2981006258776469 0.95429961353249382 1.1809602418283778 3.8519475327324622 1.9970638062272752 -0.86359623324749402 5.1105655563288721 5.7237092050034768 -0.14398364373995351 3.6846769829551778 0.65615196963227718 4.8524426810761803 2.4909052388296384 3.5942825230685145 6.2706226723670202
leaf_weight=5445 79 253 96 41 495 463 537 644 504 324 116 262 285 1256
leaf_count=5445 79 253 96 41 495 463 537 644 504 324 116 262 285 1256
internal_value=0.000815191 -2.509 4.93908 3.31661 -0.00465923 5.8251 5.90732 -0.210358 3.47018 0.124231 3.91062 2.99991 3.40013 6.1101
internal_weight=10800 7161 3639 1287 1716 2352 2256 1463 1208 968 620 588 326 1793
internal_count=10800 7161 3639 1287 1716 2352 2256 1463 1208 968 620 588 326 1793
is_linear=0
shrinkage=0.05


Tree=6
num_leaves=15
num_cat=0
split_feature=65 65 65 60 53 53 34 36 36 48 0 29 33 36
split_gain=4.83401e+07 5.20755e+06 1.80642e+06 166327 138319 129357 120676 116096 85906.1 71535.9 51757.8 36041.4 35638.2 29719.3
threshold=156.28901650000003 42.523274000000008 230.12127300000003 -0.8814490726585632 -0.41248606129204529 0.13052619222005152 19.917708333333337 21.941145833333337 20.71901041666667 6.6250000000000009 86.131610500000008 21.212500000000002 21.603125000000002 18.395963541666671
decision_type=2 2 2 2 2 2 2 2 2 2 2 2 2 2
left_child=1 -1 4 11 -2 -4 13 -5 -6 -10 -9 -3 -11 -7
right_child=2 3 5 7 8 6 -8 10 9 12 -12 -13 -14 -15
leaf_value=-3.1332259300041407 0.94057858328877109 0.80287344495553781 3.6613356678756244 -0.82044450036553018 2.4318860884960194 3.9520587192492544 5.8244221037311101 0.65804729811480789 3.9976961775210942 2.701678079282734 -0.12809199571921798 2.1289675494602749 3.5768274899256434 5.1035202145310983
leaf_weight=5445 66 201 96 497 236 88 1720 304 445 283 667 69 235 448
leaf_count=5445 66 201 96 497 236 88 1720 304 445 283 667 69 235 448
internal_value=0.000941329 -2.37274 4.71419 0.0102161 3.18622 5.53429 5.61234 -0.199757 3.30895 3.52114 0.118456 1.14837 3.10483 4.92219
internal_weight=10800 7183 3617 1738 1265 2352 2256 1468 1199 963 971 270 518 536
internal_count=10800 7183 3617 1738 1265 2352 2256 1468 1199 963 971 270 518 536
is_linear=0
shrinkage=0.05


Tree=7
num_leaves=15
num_cat=0
split_feature=65 65 65 60 53 53 36 26 36 48 33 29 33 36
split_gain=4.36328e+07 4.70015e+06 1.63052e+06 150239 135884 122706 109165 109134 78987 59396.8 39651.4 33814.8 30707.9 29007.9
threshold=156.28901650000003 42.523274000000008 228.35139800000002 -0.8814490726585632 0.13052619222005152 -0.41248606129204529 23.424218750000005 19.012500000000003 20.71901041666667 6.6250000000000009 19.978125000000002 20.162500000000005 21.603125000000002 22.962760416666672
decision_type=2 2 2 2 2 2 2 2 2 2 2 2 2 2
left_child=1 -1 5 11 -4 -2 10 -6 -7 -10 -5 -3 -11 -9
right_child=2 3 4 6 7 8 -8 13 9 12 -12 -13 -14 -15
leaf_value=-2.9765934719305638 0.89425158429501672 0.55427474617124439 3.4443414290746057 -0.99792950371185596 4.6127326564215796 2.2718143670455269 0.37418979497873861 5.2260001236537725 3.7713977514603823 2.5729039625073158 -0.29527831728352022 1.678550868233045 3.3903359440656811 5.7114881312364005
leaf_weight=5445 66 142 107 294 465 229 541 741 435 281 633 128 233 1060
leaf_count=5445 66 142 107 294 465 229 541 741 435 281 633 128 233 1060
internal_value=0.00104101 -2.25411 4.47893 0.00978123 5.24815 3.00856 -0.189779 5.33177 3.12616 3.32971 -0.518961 1.09149 2.94932 5.51475
internal_weight=10800 7183 3617 1738 2373 1244 1468 2266 1178 949 927 270 514 1801
internal_count=10800 7183 3617 1738 2373 1244 1468 2266 1178 949 927 270 514 1801
is_linear=0
shrinkage=0.05


Tree=8
num_leaves=15
num_cat=0
split_feature=65 65 65 53 36 53 36 36 60 14 36 36 33 65
split_gain=3.93857e+07 4.1613e+06 1.53262e+06 134595 124251 122448 100632 73048.1 67024.5 51416.1 39365.7 36724.6 35927.5 33923.1
threshold=151.48849750000002 42.523274000000008 228.35139800000002 -0.41248606129204529 23.424218750000005 0.13052619222005152 20.302864583333335 23.077213541666669 -0.8814490726585632 105.81901270833335 22.950130208333338 18.395963541666671 19.978125000000002 189.76806900000005
decision_type=2 2 2 2 2 2 2 2 2 2 2 2 2 2
left_child=1 -1 3 -2 8 -4 -7 11 -3 -6 -8 -5 -10 -13
right_child=2 4 5 7 9 6 10 -9 12 -11 -12 13 -14 -15
leaf_value=-2.8277911493019108 0.81670183062553403 0.64711745464801795 3.273718915162263 1.2553854624430338 1.0507925121074029 4.1392086848406731 4.921978268176642 3.4000920353433055 -0.94820219537464245 0.15034264518705373 5.4260776748585728 2.1658369919700085 -0.27868955042701038 2.9852612278899371
leaf_weight=5445 79 149 107 50 281 283 917 536 294 363 1066 210 629 391
leaf_count=5445 79 149 107 50 281 283 917 536 294 363 1066 210 629 391
internal_value=0.0011289 -2.15126 4.23613 2.82749 -0.00418068 4.98614 5.06552 2.96051 -0.333855 0.544261 5.19556 2.59392 -0.492742 2.70301
internal_weight=10800 7161 3639 1266 1716 2373 2266 1187 1072 644 1983 651 923 601
internal_count=10800 7161 3639 1266 1716 2373 2266 1187 1072 644 1983 651 923 601
is_linear=0
shrinkage=0.05


Tree=9
num_leaves=15
num_cat=0
split_feature=65 65 65 60 17 33 36 64 48 33 53 36 36 48
split_gain=3.55521e+07 3.82755e+06 1.32754e+06 125056 110363 99456.3 89158.3 61094.8 41566.4 39300.7 37270.1 39218.9 35298 32942.9
threshold=156.28901650000003 42.523274000000008 230.12127300000003 -0.8814490726585632 2.2746480028614838e-05 20.612500000000001 24.022526041666669 165.57299300000003 5.6250000000000009 19.978125000000002 0.13052619222005152 18.395963541666671 22.838802083333338 21.625000000000004
decision_type=2 2 2 2 2 2 2 2 2 2 2 2 2 2
left_child=1 -1 4 -3 12 10 9 -6 -7 -5 -4 -12 -2 -10
right_child=2 3 5 6 7 8 -8 -9 13 -11 11 -13 -14 -15
leaf_value=-2.6864274553459357 2.798448890374031 0.99540707513799964 2.9768672658686057 -0.90897697277879663 1.4580474799179901 5.2671824952246444 0.43218685386789057 2.5676031780134303 3.1752487055460614 -0.22869425265903148 3.3239956802196717 4.5331420491353498 3.5773194420521079 4.7635805863600513
leaf_weight=5445 323 270 56 297 180 851 429 438 44 742 88 833 324 480
leaf_count=5445 323 270 56 297 180 851 429 438 44 742 88 833 324 480
internal_value=0.00119367 -2.03445 4.04322 0.00851104 2.73334 4.74627 -0.173557 2.24731 5.03038 -0.423841 4.34167 4.42134 3.1934 4.63651
internal_weight=10800 7183 3617 1738 1265 2352 1468 618 1375 1039 977 921 647 524
internal_count=10800 7183 3617 1738 1265 2352 1468 618 1375 1039 977 921 647 524
is_linear=0
shrinkage=0.05


Tree=10
num_leaves=15
num_cat=0
split_feature=65 65 65 60 53 17 36 34 53 31 29 36 65 35
split_gain=3.20912e+07 3.45445e+06 1.19903e+06 112905 98996.9 95379.1 84162.9 81381.2 56048.7 53119.6 40337.9 33437.1 31047.1 30188.1
threshold=156.28901650000003 42.523274000000008 228.35139800000002 -0.8814490726585632 0.13052619222005152 2.2746480028614838e-05 20.302864583333335 20.001041666666669 -0.41248606129204529 23.412500000000005 21.062500000000004 22.950130208333338 176.72083500000002 20.281250000000004
decision_type=2 2 2 2 2 2 2 2 2 2 2 2 2 2
left_child=1 -1 5 13 -4 12 -6 -5 -7 -9 -10 -8 -2 -3
right_child=2 3 4 7 6 8 11 9 10 -11 -12 -13 -14 -15
leaf_value=-2.5521307160737887 1.8112356376106089 0.36348423361177407 2.9609702216254341 -0.80861765843760436 3.7264619068360667 0.73816645194345454 4.4403526235509805 -0.21984899938269212 1.811522860166086 0.49607067579502023 2.6939944752510763 4.9029352068342442 3.1251318095052119 1.4273329499655882
leaf_weight=5445 54 123 107 367 283 66 917 686 250 415 297 1066 577 147
leaf_count=5445 54 123 107 367 283 66 917 686 250 415 297 1066 577 147
internal_value=0.00128235 -1.93274 3.84154 0.00809383 4.50117 2.58065 4.57256 -0.164903 2.1286 0.0502079 2.29471 4.69137 3.01573 0.94582
internal_weight=10800 7183 3617 1738 2373 1244 2266 1468 613 1101 547 1983 631 270
internal_count=10800 7183 3617 1738 2373 1244 2266 1468 613 1101 547 1983 631 270
is_linear=0
shrinkage=0.05


Tree=11
num_leaves=15
num_cat=0
split_feature=65 65 65 53 36 53 26 36 60 52 14 53 26 52
split_gain=2.89675e+07 3.05837e+06 1.12706e+06 102326 96212.6 89206.9 76703 60477 47419 44869.1 41490.9 31692.1 37319.1 29261.5
threshold=151.48849750000002 42.523274000000008 228.35139800000002 -0.41248606129204529 23.424218750000005 0.13052619222005152 19.012500000000003 20.71901041666667 -0.8814490726585632 0.98611507088852057 105.81901270833335 0.91037613702198772 19.762500000000003 0.41248606129204562
decision_type=2 2 2 2 2 2 2 2 2 2 2 2 2 2
left_child=1 -1 3 -2 8 -4 -7 -5 -3 -9 -6 12 -10 -8
right_child=2 4 5 7 10 6 13 9 11 -11 -12 -13 -14 -15
leaf_value=-2.4245477553811359 0.67274764863774184 0.53117335392038034 2.8142925412566573 1.7976215121517709 0.93374608749827603 3.7430451573220447 4.2433816611473203 2.5448137267073738 -1.1262310144235836 3.447130936680578 0.12490027413862133 0.32102863387757447 -0.34199607359410233 4.700766521457707
leaf_weight=5445 79 149 107 230 281 465 811 777 203 180 363 122 598 990
leaf_count=5445 79 149 107 230 281 465 811 777 203 180 363 122 598 990
internal_value=0.0013335 -1.84456 3.63328 2.42531 -0.00388128 4.27645 4.34422 2.54128 -0.293983 2.71795 0.478729 -0.427619 -0.541904 4.49727
internal_weight=10800 7161 3639 1266 1716 2373 2266 1187 1072 957 644 923 801 1801
internal_count=10800 7161 3639 1266 1716 2373 2266 1187 1072 957 644 923 801 1801
is_linear=0
shrinkage=0.05


Tree=12
num_leaves=15
num_cat=0
split_feature=65 65 65 60 53 17 36 33 35 31 36 36 29 32
split_gain=2.61478e+07 2.81314e+06 976871 94138.5 84345.8 76920.2 73126.2 68676 47033.1 42964.2 29871.3 29341.2 27544.7 22658.7
threshold=156.28901650000003 42.523274000000008 226.44898150000003 -0.8814490726585632 0.13052619222005152 2.2746480028614838e-05 20.302864583333335 20.184375000000003 21.679166666666671 24.487500000000004 22.838802083333338 22.950130208333338 21.212500000000002 23.012500000000003
decision_type=2 2 2 2 2 2 2 2 2 2 2 2 2 2
left_child=1 -1 5 12 -4 10 -6 -5 -7 -9 -2 -8 -3 -13
right_child=2 3 4 7 6 8 11 9 -10 -11 -12 13 -14 -15
leaf_value=-2.3033425601492725 2.3423296587919098 0.56233463659144867 2.6883417528251123 -0.7348509314868289 3.3490803457286265 1.4793104497891552 4.0016030581913267 -0.14525229610048246 2.3701241791653795 0.55329470670736225 3.072771655703054 4.5614361380415351 1.7194536566308569 3.8976253729262114
leaf_weight=5445 305 201 115 374 291 317 918 790 293 304 308 854 69 216
leaf_count=5445 305 201 115 374 291 317 918 790 293 304 308 854 69 216
internal_value=0.00136862 -1.7444 3.46781 0.00704116 4.05556 2.31493 4.12334 -0.150925 1.91037 0.0491875 2.71374 4.23494 0.863297 4.4312
internal_weight=10800 7183 3617 1738 2394 1223 2279 1468 610 1094 613 1988 270 1070
internal_count=10800 7183 3617 1738 2394 1223 2279 1468 610 1094 613 1988 270 1070
is_linear=0
shrinkage=0.05


Tree=13
num_leaves=15
num_cat=0
split_feature=65 65 65 60 33 48 36 29 48 48 31 36 29 30
split_gain=2.36053e+07 2.63451e+06 807810 95157.7 72436.1 69889.1 66449.1 47146.8 32810 30750.8 28423.9 25782.3 25510.1 24461.6
threshold=162.68421800000002 42.523274000000008 230.12127300000003 -0.8814490726585632 20.612500000000001 6.6250000000000009 24.022526041666669 21.012500000000003 5.6250000000000009 5.6250000000000009 19.762500000000003 22.838802083333338 16.862500000000004 19.087500000000002
decision_type=2 2 2 2 2 2 2 2 2 2 2 2 2 2
left_child=1 -1 5 13 9 11 10 -7 -6 12 -5 -2 -4 -3
right_child=2 3 4 6 8 7 -8 -9 -10 -11 -12 -13 -14 -15
leaf_value=-2.1881966616448087 2.3444853845352123 -0.071014042345226791 2.3921081679207936 -0.83476514043003935 4.3166097829039662 1.4647189893693693 0.37802871580104891 2.3212485542458094 3.7648347140720917 3.0511057242283837 -0.21325060797126399 3.0612234641887524 3.7941152642948839 1.0547329090779922
leaf_weight=5445 288 60 41 238 851 309 437 355 524 286 804 269 650 243
leaf_count=5445 288 60 41 238 851 309 437 355 524 286 804 269 650 243
internal_value=0.00142705 -1.64215 3.32538 0.0265978 3.86757 2.27865 -0.138918 1.92545 4.10922 3.52362 -0.355873 2.6955 3.71451 0.832312
internal_weight=10800 7227 3573 1782 2352 1221 1479 664 1375 977 1042 557 691 303
internal_count=10800 7227 3573 1782 2352 1221 1479 664 1375 977 1042 557 691 303
is_linear=0
shrinkage=0.05


Tree=14
num_leaves=15
num_cat=0
split_feature=65 65 65 60 53 36 36 34 9 9 52 36 29 32
split_gain=2.13073e+07 2.37771e+06 729672 85914.2 72415.7 61616.1 60931.4 59072.6 34429.3 34132.4 28975.2 24782.1 22894 20396
threshold=162.68421800000002 42.523274000000008 226.44898150000003 -0.8814490726585632 0.13052619222005152 21.963281250000005 20.302864583333335 19.983333333333338 75.408333500000012 79.608916500000007 0.98611507088852057 22.950130208333338 20.162500000000005 23.012500000000003
decision_type=2 2 2 2 2 2 2 2 2 2 2 2 2 2
left_child=1 -1 7 12 -4 -5 -6 10 -7 -9 -2 -8 -3 -13
right_child=2 3 4 5 6 8 11 9 -10 -11 -12 13 -14 -15
leaf_value=-2.0788068471215815 1.342447431214608 0.35698315333091207 2.3968872752682917 -0.57760139370377384 3.0179839695969672 0.52926790837186743 3.6121832790520041 2.6548169088063753 -0.10538322740751205 1.9790258899331095 2.4152487923117247 4.1279143566555447 1.2281165855609819 3.5056305283225626
leaf_weight=5445 278 153 115 508 291 316 918 476 655 341 84 854 150 216
leaf_count=5445 278 153 115 508 291 316 918 476 655 341 84 854 150 216
internal_value=0.00146978 -1.56006 3.15948 0.0252767 3.66137 -0.131995 3.72409 2.13815 0.101488 2.37552 1.59735 3.82588 0.790859 4.00568
internal_weight=10800 7227 3573 1782 2394 1479 2279 1179 971 817 362 1988 303 1070
internal_count=10800 7227 3573 1782 2394 1479 2279 1179 971 817 362 1988 303 1070
is_linear=0
shrinkage=0.05


Tree=15
num_leaves=15
num_cat=0
split_feature=65 65 65 31 53 26 30 60 48 36 52 28 60 45
split_gain=1.92329e+07 2.14667e+06 658521 81323 65274 55579 54376.5 46133.4 43496.3 26547.6 24803.1 22766.5 21845.2 21343
threshold=162.68421800000002 63.145266500000005 226.44898150000003 21.962500000000002 0.13052619222005152 19.012500000000003 19.962500000000002 -0.8814490726585632 6.6250000000000009 21.825520833333339 0.41248606129204562 21.812500000000004 -0.8814490726585632 81.302083333333357
decision_type=2 2 2 2 2 2 2 2 2 2 2 2 2 2
left_child=1 -1 6 12 -4 -6 -2 -5 -8 -9 -7 -10 -3 -12
right_child=2 3 4 7 5 10 8 9 11 -11 13 -13 -14 -15
leaf_value=-1.9709227875278392 1.2333578077695704 0.28172904553432621 2.2780760302625853 1.0693083430182457 3.0335248872700622 3.4413482702245903 2.5614827045942841 -0.83805462508383455 1.6055596059935535 0.26596036558203223 4.1985154912712872 2.2717345076021944 -0.43980593242851235 3.6521196568966658
leaf_weight=5467 185 123 115 180 473 815 432 58 333 710 355 229 689 636
leaf_count=5467 185 123 115 180 473 815 432 58 333 710 355 229 689 636
internal_value=0.00150929 -1.48206 3.00186 0.036721 3.47865 3.5382 2.0316 0.351104 2.17877 0.181603 3.66863 1.88056 -0.330297 3.85189
internal_weight=10800 7227 3573 1760 2394 2279 1179 948 994 768 1806 562 812 991
internal_count=10800 7227 3573 1760 2394 2279 1179 948 994 768 1806 562 812 991
is_linear=0
shrinkage=0.05


Tree=16
num_leaves=15
num_cat=0
split_feature=65 65 65 53 36 53 36 36 52 14 60 53 26 26
split_gain=1.73612e+07 1.83184e+06 676022 73765.3 63863.3 58838.3 51221.9 45688.2 30144.7 27785.6 27295.3 26229.2 27801.7 23005.3
threshold=151.48849750000002 42.523274000000008 226.44898150000003 -0.41248606129204529 23.424218750000005 0.13052619222005152 20.302864583333335 20.71901041666667 0.98611507088852057 105.81901270833335 -0.8814490726585632 0.91037613702198772 19.762500000000003 22.812500000000004
decision_type=2 2 2 2 2 2 2 2 2 2 2 2 2 2
left_child=1 -1 3 -2 10 -4 -7 -5 -9 -6 -3 12 -12 -8
right_child=2 4 5 7 9 6 13 8 -10 -11 11 -13 -14 -15
leaf_value=-1.8763576070832455 0.38167110890150074 0.38679879592110716 2.1651541475591989 1.3041459960812194 0.76260992376041337 2.7150481426552551 3.3621984684185779 1.9762297298546903 2.7208730627587965 0.10070524358773952 -0.94896252079885091 0.34016594709601344 -0.27217713839627916 3.8369878612478261
leaf_weight=5445 79 149 115 219 281 291 1608 771 176 363 203 122 598 380
leaf_count=5445 79 149 115 219 281 291 1608 771 176 363 203 122 598 380
internal_value=0.00153859 -1.42749 2.81327 1.86572 -0.0029409 3.30506 3.36161 1.96586 2.11735 0.390252 -0.239294 -0.340673 -0.444666 3.45484
internal_weight=10800 7161 3639 1245 1716 2394 2279 1166 947 644 1072 923 801 1988
internal_count=10800 7161 3639 1245 1716 2394 2279 1166 947 644 1072 923 801 1988
is_linear=0
shrinkage=0.05


Tree=17
num_leaves=15
num_cat=0
split_feature=65 65 65 36 64 29 48 30 60 60 48 45 24 48
split_gain=1.56741e+07 1.74812e+06 535498 65258.9 53159 53123.6 40264.2 38127.8 31671.3 29923.4 29178 25046.2 25754.7 24757.3
threshold=162.68421800000002 42.523274000000008 230.12127300000003 23.424218750000005 229.58777250000003 18.112500000000004 5.6250000000000009 19.962500000000002 -0.8814490726585632 -0.8814490726585632 6.6250000000000009 81.302083333333357 290.03840000000008 21.625000000000004
decision_type=2 2 2 2 2 2 2 2 2 2 2 2 2 2
left_child=1 -1 4 9 7 -4 11 -2 -5 -3 -9 12 -7 -8
right_child=2 3 5 8 -6 6 13 10 -10 -11 -12 -13 -14 -15
leaf_value=-1.7825569324094148 1.1066615954235508 0.37482009263740063 2.2619748447622574 1.132115602301013 3.0202368623466906 3.9439310281416953 2.0898922244707747 2.2367572034032723 0.24659117622538049 -0.3280032161751284 1.6553604595043829 3.2251455698181348 2.9707914663017343 3.0180697339889004
leaf_weight=5445 191 180 167 123 92 339 92 379 549 930 559 978 108 668
leaf_count=5445 191 180 167 123 92 339 92 379 549 930 559 978 108 668
internal_value=0.00154016 -1.33776 2.71012 0.021581 1.85788 3.15156 3.21849 1.76057 0.410115 -0.213797 1.89241 3.38161 3.71597 2.90861
internal_weight=10800 7227 3573 1782 1221 2352 2185 1129 672 1110 938 1425 447 760
internal_count=10800 7227 3573 1782 1221 2352 2185 1129 672 1110 938 1425 447 760
is_linear=0
shrinkage=0.05


Tree=18
num_leaves=15
num_cat=0
split_feature=65 65 65 31 33 34 60 52 48 9 48 36 31 29
split_gain=1.41485e+07 1.57817e+06 483948 63227.4 51427 44489.7 35389 25666.9 25435.4 24795.8 23886.6 22378.8 20007.5 19311.5
threshold=162.68421800000002 63.145266500000005 226.44898150000003 21.962500000000002 20.612500000000001 20.127083333333335 -0.8814490726585632 0.98611507088852057 5.6250000000000009 77.844594000000015 5.6250000000000009 21.825520833333339 18.275000000000002 16.862500000000004
decision_type=2 2 2 2 2 2 2 2 2 2 2 2 2 2
left_child=1 -1 5 12 10 7 -5 -2 -6 -7 13 -8 -3 -4
right_child=2 3 4 6 8 9 11 -9 -10 -11 -12 -13 -14 -15
leaf_value=-1.6900346182935326 1.1134808690904314 -0.94013637292843599 1.7370531490870886 0.9376071737212186 3.3649203064833033 2.2416428407033284 -0.77603997244673262 2.0130997918270253 2.8920086320538392 1.6414540384444725 2.3008187157852595 0.23757248801924549 -0.19694136292541656 2.9327983635017674
leaf_weight=5467 331 103 41 180 858 416 58 107 534 325 298 710 709 663
leaf_count=5467 331 103 41 180 858 416 58 107 534 325 298 710 709 663
internal_value=0.00157972 -1.27087 2.57497 0.031364 2.9837 1.74319 0.308572 1.33734 3.18571 1.98097 2.70018 0.160114 -0.292254 2.86572
internal_weight=10800 7227 3573 1760 2394 1179 948 438 1392 741 1002 768 812 704
internal_count=10800 7227 3573 1760 2394 1179 948 438 1392 741 1002 768 812 704
is_linear=0
shrinkage=0.05


Tree=19
num_leaves=15
num_cat=0
split_feature=65 65 65 53 26 14 34 36 48 49 43 36 29 53
split_gain=1.2772e+07 1.34662e+06 496746 59904.8 49357.7 49692.4 47509 37913.1 31397.1 23428.2 20775.2 20705.5 20206.5 16108.9
threshold=151.48849750000002 42.523274000000008 226.44898150000003 -0.41248606129204529 19.962500000000002 109.8756917916667 21.587500000000002 23.249348958333339 5.6250000000000009 4.5000000000000009 82.875000000000014 18.395963541666671 16.862500000000004 0.91037613702198772
decision_type=2 2 2 2 2 2 2 2 2 2 2 2 2 2
left_child=1 -1 3 -2 13 -6 8 9 12 11 -9 -5 -4 -3
right_child=2 4 6 7 5 -7 -8 10 -10 -11 -12 -13 -14 -15
leaf_value=-1.6089592321103785 0.26481913419440389 -0.68506767189130191 1.6522684188116168 0.40905927179790125 0.48883668723070184 -0.1208852317370589 3.1152189845275582 1.7438543986464212 2.2837224678128165 0.32108741998672485 2.4324855424871497 1.5963050118243476 2.8573548179336643 0.2902339733839035
leaf_weight=5445 79 289 41 40 567 811 958 286 451 44 200 596 944 49
leaf_count=5445 79 289 41 40 567 811 958 286 451 44 200 596 944 49
internal_value=0.00158314 -1.22411 2.41323 1.60098 -0.00271258 0.130167 2.83479 1.6912 2.64568 1.44525 2.03165 1.52239 2.80892 -0.543239
internal_weight=10800 7161 3639 1245 1716 1378 2394 1166 1436 680 486 636 985 338
internal_count=10800 7161 3639 1245 1716 1378 2394 1166 1436 680 486 636 985 338
is_linear=0
shrinkage=0.05


Tree=20
num_leaves=15
num_cat=0
split_feature=65 65 65 60 48 34 29 48 35 31 48 46 25 29
split_gain=1.15307e+07 1.30887e+06 376960 62975.6 47306.7 43751.8 42959.9 31240.1 30879.3 23809.9 21545.3 20129.8 22097.3 18043.7
threshold=164.68652700000004 42.523274000000008 230.12127300000003 -0.8814490726585632 6.6250000000000009 20.001041666666669 18.962500000000002 5.6250000000000009 18.693750000000005 24.487500000000004 21.625000000000004 82.171875000000014 105.3195466553865 21.212500000000002
decision_type=2 2 2 2 2 2 2 2 2 2 2 2 2 2
left_child=1 -1 4 13 -2 -5 -4 11 -6 -7 -9 12 -8 -3
right_child=2 3 6 5 8 9 7 10 -10 -11 -12 -13 -14 -15
leaf_value=-1.5285259622447072 1.9535928898058146 0.42626484977161705 2.0044422439325635 -0.57862719491049652 0.35033786932627364 -0.10391216460325546 3.4601136150420277 1.738592169854952 1.441170723964736 0.40290081289039198 2.6011829379101896 2.7451532267850807 2.7784545834368419 1.2677314057276492
leaf_weight=5445 552 231 213 374 74 783 316 91 573 328 661 820 251 88
leaf_count=5445 552 231 213 374 74 783 316 91 573 328 661 820 251 88
internal_value=0.00157365 -1.14187 2.33545 0.025387 1.61154 -0.111641 2.70365 2.7723 1.31714 0.0459418 2.49925 2.91844 3.16378 0.66163
internal_weight=10800 7249 3551 1804 1199 1485 2352 2139 647 1111 752 1387 567 319
internal_count=10800 7249 3551 1804 1199 1485 2352 2139 647 1111 752 1387 567 319
is_linear=0
shrinkage=0.05


Tree=21
num_leaves=15
num_cat=0
split_feature=65 65 65 60 64 33 33 17 53 35 29 30 48 47
split_gain=1.04082e+07 1.18157e+06 340456 55312.2 53616.9 39459.6 38793.4 32724.8 22761.8 21722.2 18149.9 16389.2 16270.7 15053.7
threshold=164.68652700000004 63.145266500000005 232.51930700000003 -0.8814490726585632 229.58777250000003 20.612500000000001 20.184375000000003 2.2746480028614838e-05 0.91037613702198772 18.767187500000002 18.112500000000004 19.237500000000004 5.6250000000000009 78.209635416666671
decision_type=2 2 2 2 2 2 2 2 2 2 2 2 2 2
left_child=1 -1 4 11 7 10 -5 -2 -8 -9 13 -3 -7 -4
right_child=2 3 5 6 -6 12 8 9 -10 -11 -12 -13 -14 -15
leaf_value=-1.4491664272760967 1.70902990602814 -0.085569961667060865 0.94884834516616101 -0.5402310104997764 2.5563843825631896 2.901867603142962 -0.031040460740301798 0.47172240928276299 0.67365569707292783 1.3049199745542817 2.4243245575830379 0.80774300749380934 2.5135988613161864 2.0940663290417887
leaf_weight=5467 564 64 41 368 120 840 966 96 129 461 793 255 516 120
leaf_count=5467 564 64 41 368 120 840 966 96 129 461 793 255 516 120
internal_value=0.00158274 -1.08477 2.21895 0.0333337 1.54876 2.57817 -0.0968484 1.43871 0.0525174 1.16242 2.32267 0.628813 2.75608 1.81008
internal_weight=10800 7249 3551 1782 1241 2310 1463 1121 1095 557 954 319 1356 161
internal_count=10800 7249 3551 1782 1241 2310 1463 1121 1095 557 954 319 1356 161
is_linear=0
shrinkage=0.05


Tree=22
num_leaves=15
num_cat=0
split_feature=65 65 65 64 36 29 53 36 26 31 60 48 60 21
split_gain=9.39505e+06 1.04773e+06 322289 63793.8 45595.7 36159.9 27814.8 23347.4 22169 21024.5 20452.2 20097.2 18660 17499.4
threshold=162.68421800000002 42.523274000000008 236.37161600000005 229.58777250000003 23.663020833333334 18.962500000000002 -0.41248606129204529 18.395963541666671 22.912500000000005 18.987500000000004 -0.8814490726585632 5.6250000000000009 -0.8814490726585632 1.4402954876835646e-05
decision_type=2 2 2 2 2 2 2 2 2 2 2 2 2 2
left_child=1 -1 3 6 9 -4 -2 -8 11 -3 -6 -7 -11 -10
right_child=2 4 5 -5 10 8 7 -9 13 12 -12 -13 -14 -15
leaf_value=-1.3796687180620322 0.11324108547634548 -0.69845481998298642 1.8135084319696195 2.3673171599706015 0.94884685914525224 2.5716790005256658 0.35476818658270926 1.447617331329466 3.5815494825673664 0.39996568934924631 0.22064884687602088 2.172981322537705 -0.18108522167928856 2.6869495080135488
leaf_weight=5445 44 161 204 179 118 1160 52 1072 85 165 514 508 824 269
leaf_count=5445 44 161 204 179 118 1160 52 1072 85 165 514 508 824 269
internal_value=0.00157903 -1.03532 2.09858 1.48613 0.0170478 2.46835 1.34918 1.39742 2.53349 -0.170418 0.357894 2.45163 -0.0838394 2.91124
internal_weight=10800 7227 3573 1347 1782 2226 1168 1124 2022 1150 632 1668 989 354
internal_count=10800 7227 3573 1347 1782 2226 1168 1124 2022 1150 632 1668 989 354
is_linear=0
shrinkage=0.05


Tree=23
num_leaves=15
num_cat=0
split_feature=65 65 65 64 60 34 28 48 35 31 29 21 29 47
split_gain=8.48196e+06 962533 278416 55637.1 46585 34224.4 33539 28411 22185.1 19648.8 19485.8 17354.5 14885.6 13783.6
threshold=164.68652700000004 42.523274000000008 236.37161600000005 229.58777250000003 -0.8814490726585632 20.001041666666669 21.262500000000003 6.6250000000000009 18.693750000000005 24.487500000000004 18.112500000000004 1.4088495625161608e-05 21.212500000000002 78.209635416666671
decision_type=2 2 2 2 2 2 2 2 2 2 2 2 2 2
left_child=1 -1 3 7 12 -6 10 -2 -9 -7 13 -8 -3 -4
right_child=2 4 6 -5 5 9 11 8 -10 -11 -12 -13 -14 -15
leaf_value=-1.3106979254016184 1.5861466030894382 0.35550351001338326 0.81401900563921259 2.2496088833279084 -0.50901873461802805 -0.092757396107867401 2.9225572015732939 0.25837530056635538 1.1816432952162732 0.3676447878880455 2.2498906112379498 2.4213154107189636 1.119413169481781 1.9084870532407601
leaf_weight=5445 492 231 41 179 374 783 291 74 580 328 1151 626 88 117
leaf_count=5445 492 231 41 179 374 783 291 74 580 328 1151 626 88 117
internal_value=0.0015761 -0.979118 2.00327 1.42746 0.0218592 -0.0959951 2.34522 1.2972 1.07773 0.0433753 2.17654 2.58339 0.569077 1.63139
internal_weight=10800 7249 3551 1325 1804 1485 2226 1146 654 1111 1309 917 319 158
internal_count=10800 7249 3551 1325 1804 1485 2226 1146 654 1111 1309 917 319 158
is_linear=0
shrinkage=0.05


Tree=24
num_leaves=15
num_cat=0
split_feature=65 65 65 64 60 33 28 48 35 9 48 22 32 29
split_gain=7.65616e+06 868975 251289 50408.3 40915 30603 30285.5 25862.3 20342.2 19340.4 19328.9 16217.3 15895.1 14251.6
threshold=164.68652700000004 63.145266500000005 236.37161600000005 231.25554700000001 -0.8814490726585632 20.184375000000003 21.262500000000003 6.6250000000000009 21.679166666666671 75.408333500000012 5.6250000000000009 135.02732832812504 22.012500000000003 16.862500000000004
decision_type=2 2 2 2 2 2 2 2 2 2 2 2 2 2
left_child=1 -1 3 7 -3 -6 10 -2 -9 12 13 -8 -7 -4
right_child=2 4 6 -5 5 9 11 8 -10 -11 -12 -13 -14 -15
leaf_value=-1.242658404574267 1.5089593839310931 0.54085344801638713 1.2325675601050969 2.1596359308375872 -0.47706769616835248 0.14802587448497451 2.8884001271094686 0.75021174839015181 1.3121073218451298 -0.08122663234603944 1.7516450070199512 2.3357848869539164 0.93242379882002391 2.2366143625413355
leaf_weight=5467 498 319 41 171 368 213 192 336 320 790 377 725 92 891
leaf_count=5467 498 319 41 171 368 213 192 336 320 790 377 725 92 891
internal_value=0.00156914 -0.930163 1.90333 1.35629 0.0287032 -0.0832618 2.2282 1.23548 1.02589 0.0494003 2.0679 2.45451 0.386905 2.19381
internal_weight=10800 7249 3551 1325 1782 1463 2226 1154 656 1095 1309 917 305 932
internal_count=10800 7249 3551 1325 1782 1463 2226 1154 656 1095 1309 917 305 932
is_linear=0
shrinkage=0.05


Tree=25
num_leaves=15
num_cat=0
split_feature=65 65 65 64 60 36 29 17 26 48 35 18 42 32
split_gain=6.91086e+06 784760 226798 45543 37922.6 28643.6 28069.1 23866 18667.8 16924.2 16610.2 14802.4 14045.7 13787.7
threshold=164.68652700000004 42.523274000000008 236.37161600000005 231.25554700000001 -0.8814490726585632 24.022526041666669 18.962500000000002 2.2746480028614838e-05 22.912500000000005 5.6250000000000009 18.693750000000005 36.676776666666676 73.375000000000014 23.012500000000003
decision_type=2 2 2 2 2 2 2 2 2 2 2 2 2 2
left_child=1 -1 3 7 12 -6 -4 -2 9 13 -9 -10 -3 -8
right_child=2 4 6 -5 5 -7 8 10 11 -11 -12 -13 -14 -15
leaf_value=-1.1830535593603713 1.3955879949683312 1.3240003784065664 1.5410465526871566 2.0522819489933726 -0.2281437313767552 0.25297144932634197 2.2553485922077123 0.30520316494421829 3.0266595823424205 1.8459144941715924 1.0542875754028054 2.2753341203830284 0.37651807966472756 1.501780203870825
leaf_weight=5445 595 45 204 171 1047 438 1087 89 111 508 470 243 274 73
leaf_count=5445 595 45 204 171 1047 438 1087 89 111 508 470 243 274 73
internal_value=0.00156474 -0.883656 1.80839 1.28869 0.0201697 -0.0861643 2.11702 1.17386 2.17434 2.09977 0.935782 2.51878 0.513895 2.20926
internal_weight=10800 7249 3551 1325 1804 1485 2226 1154 2022 1668 559 354 319 1160
internal_count=10800 7249 3551 1325 1804 1485 2226 1154 2022 1668 559 354 319 1160
is_linear=0
shrinkage=0.05


Tree=26
num_leaves=15
num_cat=0
split_feature=65 65 65 53 53 34 26 15 36 21 25 17 51 52
split_gain=6.23847e+06 657194 242267 37938.8 34199 30699.6 30550.2 32442.8 24696.5 20582.3 18077.6 24799.7 22197 15949.4
threshold=151.48849750000002 42.523274000000008 224.81167200000002 -0.41248606129204529 0.13052619222005152 21.293750000000006 19.962500000000002 69.939157000000009 22.950130208333338 1.4402954876835646e-05 104.33527907377577 1.9810494292234628e-06 1.5000000000000002 0.98611507088852057
decision_type=2 2 2 2 2 2 2 2 2 2 2 2 2 2
left_child=1 -1 3 -2 -4 13 -3 -8 -6 -7 11 12 -10 -5
right_child=2 6 4 5 8 9 7 -9 10 -11 -12 -13 -14 -15
leaf_value=-1.1239117230819158 0.051991532268002627 -0.42705046338933061 1.1532995828688146 0.81509943534469897 1.8613064454710533 2.0943193160735811 0.31126156241608338 -0.17912789689536801 2.0649602374092479 1.3047038369328172 2.0489030056839304 2.0396068442435493 3.3141788055419923 1.3971435226546893
leaf_weight=5445 79 338 124 495 1214 110 792 586 60 382 726 167 124 158
leaf_count=5445 79 338 124 495 1214 110 792 586 60 382 726 167 124 158
internal_value=0.00156889 -0.855056 1.68705 1.11246 1.97769 1.18552 -0.00179835 0.102743 2.02178 1.48513 2.20078 2.50821 2.92019 0.957852
internal_weight=10800 7161 3639 1224 2415 1145 1716 1378 2291 492 1077 351 184 653
internal_count=10800 7161 3639 1224 2415 1145 1716 1378 2291 492 1077 351 184 653
is_linear=0
shrinkage=0.05


Tree=27
num_leaves=15
num_cat=0
split_feature=65 65 65 64 36 29 48 8 31 35 26 60 48 60
split_gain=5.63292e+06 638866 185221 38200.7 33262.9 24740.2 20830.5 18262.5 17017.4 16958.2 16355.8 15100.3 14719.6 13137.2
threshold=164.68652700000004 63.145266500000005 236.37161600000005 229.58777250000003 23.663020833333334 18.512500000000003 6.6250000000000009 261.65772150000004 18.275000000000002 18.693750000000005 22.912500000000005 -0.8814490726585632 5.6250000000000009 -0.95642797789208689
decision_type=2 2 2 2 2 2 2 2 2 2 2 2 2 2
left_child=1 -1 3 6 8 -4 -2 13 -3 -8 12 -10 -7 -6
right_child=2 4 5 -5 7 10 9 -9 11 -11 -12 -13 -14 -15
leaf_value=-1.0655712625615423 1.3024391699816587 -0.74614325162882988 1.3342288926182038 1.8442501327064305 1.2606849493675454 1.9937030935045428 0.15246168915430705 -0.36428895190704702 0.34428033791063878 0.95841254707948398 2.283644543231373 -0.16130221020443739 1.6574995125876741 0.34813149660269499
leaf_weight=5467 492 103 180 179 42 1181 74 85 177 580 354 867 511 508
leaf_count=5467 492 103 180 179 42 1181 74 85 177 580 354 867 511 508
internal_value=0.00156786 -0.797626 1.63281 1.16315 0.0245385 1.91171 1.05525 0.31459 -0.136174 0.867591 1.96184 -0.0753382 1.89321 0.419979
internal_weight=10800 7249 3551 1325 1782 2226 1146 635 1147 654 2046 1044 1692 550
internal_count=10800 7249 3551 1325 1782 2226 1146 635 1147 654 2046 1044 1692 550
is_linear=0
shrinkage=0.05


Tree=28
num_leaves=15
num_cat=0
split_feature=65 65 65 64 36 60 33 48 53 35 26 18 48 28
split_gain=5.08444e+06 576932 167163 34577.5 30331.1 27465 22825.5 18943.9 17069.6 15609.4 15601.9 13299.3 12913.7 12737.1
threshold=164.68652700000004 42.523274000000008 236.37161600000005 231.25554700000001 20.649218750000006 -0.8814490726585632 20.756250000000005 6.6250000000000009 0.91037613702198772 21.735416666666669 19.762500000000003 39.567794062500006 5.6250000000000009 22.787500000000005
decision_type=2 2 2 2 2 2 2 2 2 2 2 2 2 2
left_child=1 -1 3 7 -3 -6 12 -2 10 -9 -7 13 -4 -8
right_child=2 4 6 -5 5 8 11 9 -10 -11 -12 -13 -14 -15
leaf_value=-1.0144577369416763 1.2389804941271703 -0.41217712394781963 1.7429515973054184 1.7703659676535186 0.56454154704562454 -0.92396500056982045 1.9923276836186454 0.58862067552512154 0.49709849549564206 1.0802951230325655 -0.018682846638649386 1.7930228611618553 1.3175938078080225 2.5597196127573651
leaf_weight=5445 498 334 696 171 275 49 458 341 156 315 990 657 266 149
leaf_count=5445 498 334 696 171 275 49 458 341 156 315 990 657 266 149
internal_value=0.00154104 -0.757748 1.55133 1.10516 0.0172109 0.114986 1.81629 1.00514 0.0111467 0.825999 -0.062224 1.95909 1.62683 2.13559
internal_weight=10800 7249 3551 1325 1804 1470 2226 1154 1195 656 1039 1264 962 607
internal_count=10800 7249 3551 1325 1804 1470 2226 1154 1195 656 1039 1264 962 607
is_linear=0
shrinkage=0.05


Tree=29
num_leaves=15
num_cat=0
split_feature=65 65 65 53 53 36 36 36 32 52 45 25 31 43
split_gain=4.5904e+06 464267 192022 39648.2 28129.3 26342.5 26143.8 20075.5 16711.7 16615.7 18001.8 18072.7 15864.9 14971.9
threshold=146.96493750000002 42.523274000000008 224.81167200000002 -0.41248606129204529 0.13052619222005152 22.750520833333336 24.196093750000006 18.395963541666671 25.137500000000003 0.47114434510950087 82.677083333333357 105.3195466553865 18.275000000000002 82.875000000000014
decision_type=2 2 2 2 2 2 2 2 2 2 2 2 2 2
left_child=1 -1 3 -2 -4 -5 12 -6 -8 -9 11 -11 -3 -7
right_child=2 6 4 5 7 13 8 9 -10 10 -12 -13 -14 -15
leaf_value=-0.96374416559704779 -0.0055053429767632717 -0.77734889117154216 0.95011033326983463 0.77194900630074637 0.97718301998095569 1.0217930935412467 0.49093301125445604 1.6135447686988451 -0.21727376303568416 2.4645583615642215 1.7429180419045007 1.7772056158257543 -0.080421888055361546 1.5360293196006256
leaf_weight=5445 103 87 124 569 88 333 336 1033 110 238 744 188 1139 263
leaf_count=5445 103 87 124 569 88 333 336 1033 110 238 744 188 1139 263
internal_value=0.00152313 -0.739999 1.43425 0.934775 1.696 1.01784 -0.0112138 1.73594 0.316168 1.76579 1.89871 2.16609 -0.130471 1.25091
internal_weight=10800 7117 3683 1268 2415 1165 1672 2291 446 2203 1170 426 1226 596
internal_count=10800 7117 3683 1268 2415 1165 1672 2291 446 2203 1170 426 1226 596
is_linear=0
shrinkage=0.05


Tree=30
num_leaves=15
num_cat=0
split_feature=65 65 65 64 36 28 34 52 8 35 36 60 22 48
split_gain=4.14451e+06 469390 136441 29192.6 26528 20523.4 16839.3 18836.2 14679.1 13182.8 13084.8 14227.4 13028.9 12423
threshold=164.68652700000004 63.145266500000005 236.37161600000005 227.97181700000002 23.424218750000005 21.262500000000003 22.892708333333335 0.98611507088852057 261.65772150000004 18.693750000000005 18.666666666666668 -0.8814490726585632 135.02732832812504 5.6250000000000009
decision_type=2 2 2 2 2 2 2 2 2 2 2 2 2 2
left_child=1 -1 3 6 10 13 7 9 -6 -2 -3 -12 -7 -4
right_child=2 4 5 -5 8 12 -8 -9 -10 -11 11 -13 -14 -15
leaf_value=-0.91369540174495123 0.16935833454504612 -0.89661106343539265 1.6093875286663462 1.5762409766042045 0.36014131221056905 2.2066878832683665 1.364867814193816 1.2766809486176658 -0.31685888752821956 0.78843186451392899 0.3123880219558326 -0.17461296572936297 1.7214425189846478 1.2573808643957676
leaf_weight=5467 99 52 932 188 583 192 168 183 92 687 180 875 725 377
leaf_count=5467 99 52 932 188 583 192 168 183 92 687 180 875 725 377
internal_value=0.00149931 -0.684024 1.40072 0.997631 0.0207042 1.6401 0.900658 0.818852 0.267536 0.710771 -0.129909 -0.0913056 1.82534 1.50904
internal_weight=10800 7249 3551 1325 1782 2226 1137 969 675 786 1107 1055 917 1309
internal_count=10800 7249 3551 1325 1782 2226 1137 969 675 786 1107 1055 917 1309
is_linear=0
shrinkage=0.05


Tree=31
num_leaves=15
num_cat=0
split_feature=65 65 65 53 53 36 24 65 33 8 21 15 36 42
split_gain=3.74232e+06 377783 155778 33646.9 24388.6 22935.9 22401.2 18940.3 18021 16306.5 13070.9 12651 12587.3 11511.4
threshold=146.96493750000002 42.523274000000008 224.81167200000002 -0.41248606129204529 0.13052619222005152 20.172395833333336 278.91518350000007 90.727547000000001 21.243750000000002 261.38013950000004 1.4088495625161608e-05 61.225635500000003 18.091406250000002 76.625000000000014
decision_type=2 2 2 2 2 2 2 2 2 2 2 2 2 2
left_child=1 -1 3 -2 -4 -5 11 -8 12 -9 -10 -3 -6 -7
right_child=2 6 4 5 8 13 7 9 10 -11 -12 -13 -14 -15
leaf_value=-0.86988942135444169 -0.020831357114590134 -0.0036149909893461204 0.83717354905605323 0.33951642699974283 0.84040927031460932 1.1456209848479169 -0.22603092110294798 0.55605039006828916 2.048497585880269 -0.50171685364188223 1.6147350212954734 -0.34511003903367304 1.4891339233030141 0.79654344434292956
leaf_weight=5445 103 707 124 149 84 609 145 341 268 40 644 439 1295 407
leaf_count=5445 103 707 124 149 84 609 145 341 268 40 644 439 1295 407
internal_value=0.0014722 -0.668057 1.29509 0.845216 1.53086 0.921738 -0.0106452 0.2592 1.56802 0.443976 1.7443 -0.134619 1.45026 1.0067
internal_weight=10800 7117 3683 1268 2415 1165 1672 526 2291 381 912 1146 1379 1016
internal_count=10800 7117 3683 1268 2415 1165 1672 526 2291 381 912 1146 1379 1016
is_linear=0
shrinkage=0.05


Tree=32
num_leaves=15
num_cat=0
split_feature=65 65 65 53 36 43 36 29 32 26 31 22 44 47
split_gain=3.378e+06 334112 146210 37685.1 25830 21877.9 21299.2 18455.2 13764.3 12591.2 12203.3 11230.1 16065.2 11214.2
threshold=145.113167 42.523274000000008 236.37161600000005 -0.41248606129204529 23.137890625000004 82.875000000000014 24.196093750000006 18.962500000000002 25.137500000000003 22.912500000000005 18.275000000000002 125.64656252604168 82.093750000000014 78.209635416666671
decision_type=2 2 2 2 2 2 2 2 2 2 2 2 2 2
left_child=1 -1 3 -2 11 -6 10 13 -8 -9 -3 12 -5 -4
right_child=2 6 7 4 5 -7 8 9 -10 -11 -12 -13 -14 -15
leaf_value=-0.82640290393402072 -0.026331888075567716 -0.70001801818609244 0.36640172307021346 -0.40709731032450991 0.8837622372079853 1.4982850515356896 0.44520749631817602 1.4669670303248945 -0.20138008050620557 1.8068135898549791 -0.078622971482548543 0.86378084654746989 0.62615939149876698 1.2311045609511337
leaf_weight=5445 116 84 51 44 333 266 329 1668 109 354 1128 484 236 153
leaf_count=5445 116 84 51 44 333 266 329 1668 109 354 1128 484 236 153
internal_value=0.00143425 -0.637555 1.22493 0.838616 0.912194 1.1587 -0.0142339 1.48111 0.284207 1.52733 -0.122232 0.717665 0.46292 1.01777
internal_weight=10800 7095 3705 1479 1363 599 1650 2226 438 2022 1212 764 280 204
internal_count=10800 7095 3705 1479 1363 599 1650 2226 438 2022 1212 764 280 204
is_linear=0
shrinkage=0.05


Tree=33
num_leaves=15
num_cat=0
split_feature=65 65 65 64 60 26 29 48 26 53 8 35 47 42
split_gain=3.04995e+06 344794 100503 23704.9 22515.5 18175.3 16707.8 14871.2 11849.7 11474 11270.9 11246.8 11161.8 11117.4
threshold=164.68652700000004 63.145266500000005 236.37161600000005 231.25554700000001 -0.8814490726585632 21.937500000000004 18.112500000000004 6.6250000000000009 22.912500000000005 0.91037613702198772 260.64287600000006 18.693750000000005 80.944010416666671 73.375000000000014
decision_type=2 2 2 2 2 2 2 2 2 2 2 2 2 2
left_child=1 -1 3 7 13 9 12 -2 -8 -6 -7 -9 -4 -3
right_child=2 4 6 -5 5 10 8 11 -10 -11 -12 -13 -14 -15
leaf_value=-0.78352252351612006 0.97981524096283035 1.1174998564726633 0.55402650974460488 1.4061061439819116 -0.35779778457408246 0.18075456537596116 1.3883655587850958 0.033727981468041741 1.7167274001618507 0.1777428626378135 -0.31311541432780882 0.68855636510934115 1.421049769719442 0.275320320610973
leaf_weight=5467 498 45 96 171 541 661 1714 74 354 122 139 582 62 274
leaf_count=5467 498 45 96 171 541 661 1714 74 354 122 139 582 62 274
internal_value=0.0013947 -0.586679 1.20171 0.855759 0.0173177 -0.0657382 1.40716 0.773061 1.44538 -0.259133 0.0946609 0.614852 0.901048 0.397244
internal_weight=10800 7249 3551 1325 1782 1463 2226 1154 2068 663 800 656 158 319
internal_count=10800 7249 3551 1325 1782 1463 2226 1154 2068 663 800 656 158 319
is_linear=0
shrinkage=0.05


Tree=34
num_leaves=15
num_cat=0
split_feature=65 65 65 64 24 65 8 53 17 34 52 34 15 34
split_gain=2.75295e+06 311331 90703.1 21616 21542.8 17872.8 16169.1 15845.2 20020 16925.9 15157.9 16344.1 11976 10675.4
threshold=164.68652700000004 42.523274000000008 236.37161600000005 237.02630750000003 278.91518350000007 90.727547000000001 262.36879000000005 0.13052619222005152 2.2746480028614838e-05 22.969791666666669 0.98611507088852057 22.695833333333336 61.225635500000003 18.712500000000002
decision_type=2 2 2 2 2 2 2 2 2 2 2 2 2 2
left_child=1 -1 3 10 12 -6 -7 -4 9 -9 11 -2 -3 -10
right_child=2 4 7 -5 5 6 -8 8 13 -11 -12 -13 -14 -15
leaf_value=-0.7459214212348958 0.55046025923741204 0.01089333061394614 0.56805119805846038 1.401310221523258 -0.21001162880597868 0.53324714105397841 -0.51415747287796776 1.4164391387576105 0.7006368723664993 1.9933332841127915 1.125594198794287 1.0555550767045196 -0.31352580058392632 1.2360924178509267
leaf_weight=5445 768 798 67 140 145 380 40 1170 112 150 213 204 441 727
leaf_count=5445 768 798 67 140 145 380 40 1170 112 150 213 204 441 727
internal_value=0.00136425 -0.557343 1.14174 0.813088 0.0119393 0.267535 0.43251 1.33692 1.36051 1.48345 0.74247 0.657444 -0.104738 1.16553
internal_weight=10800 7249 3551 1325 1804 565 420 2226 2159 1320 1185 972 1239 839
internal_count=10800 7249 3551 1325 1804 565 420 2226 2159 1320 1185 972 1239 839
is_linear=0
shrinkage=0.05


Tree=35
num_leaves=15
num_cat=0
split_feature=65 65 65 53 26 53 34 15 21 53 28 5 52 52
split_gain=2.48617e+06 246291 107480 27181.3 18733.8 18433.9 18379.1 15766.5 14970.9 14770.1 14329.1 13381.3 12347.7 12059.4
threshold=145.113167 28.000000000000004 222.63694400000003 -0.41248606129204529 19.762500000000003 0.06540312923014284 21.293750000000006 69.939157000000009 1.4402954876835646e-05 0.91037613702198772 19.012500000000003 248.16158650000003 -0.84874750804349186 0.47114434510950087
decision_type=2 2 2 2 2 2 2 2 2 2 2 2 2 2
left_child=1 -1 3 -2 9 -4 -5 -6 -8 -3 -7 12 -9 -12
right_child=2 4 5 6 7 10 8 11 -10 -11 13 -13 -14 -15
leaf_value=-0.71308530728996844 -0.052179967249051121 -0.4953573618342893 0.59251050094020707 0.5774069988387952 0.20211903448081558 1.0126565882084686 1.5080189375620749 -0.89584803819656378 0.83294378217966569 0.445318136501069 1.2009573491064627 0.56202850986699593 -0.13347186993227711 1.4610421233652715
leaf_weight=5381 116 287 106 664 792 442 107 59 382 48 915 60 468 973
leaf_count=5381 116 287 106 664 792 442 107 59 382 48 915 60 468 973
internal_value=0.00133683 -0.546851 1.05097 0.676972 -0.0248556 1.24544 0.750311 0.0566775 0.983436 -0.35965 1.27488 -0.139567 -0.220358 1.3357
internal_weight=10800 7095 3705 1269 1714 2436 1153 1379 489 335 2330 587 527 1888
internal_count=10800 7095 3705 1269 1714 2436 1153 1379 489 335 2330 587 527 1888
is_linear=0
shrinkage=0.05


Tree=36
num_leaves=15
num_cat=0
split_feature=65 65 65 53 48 26 36 53 43 24 57 36 13 51
split_gain=2.24407e+06 222276 96991.6 24540.7 17307 20948.8 16811.2 16626 14418.4 13383.3 24025.5 12379.6 12152.9 11776.3
threshold=145.113167 28.000000000000004 222.63694400000003 -0.41248606129204529 1.6250000000000002 19.762500000000003 23.249348958333339 0.06540312923014284 79.125000000000014 277.75656700000008 3.5000000000000004 18.395963541666671 35.787237843658509 3.5000000000000004
decision_type=2 2 2 2 2 2 2 2 2 2 2 2 2 2
left_child=1 -1 3 -2 -3 -6 -5 -4 -8 10 11 -9 -7 -12
right_child=2 4 7 6 5 12 8 9 -10 -11 13 -13 -14 -15
leaf_value=-0.67743767328485605 -0.049593258133301371 0.64354343815990123 0.5631618538471026 0.55191441857278256 -0.43260600113630443 -0.032198509240980555 0.63042213552994353 0.62400531059970243 1.1906099160038954 1.3816667615650575 0.84556875330525527 1.2420082571436419 0.42540694450488292 -0.003311863031826521
leaf_weight=5381 116 91 106 679 307 1151 212 90 262 789 150 1245 165 56
leaf_count=5381 116 91 106 679 307 1151 212 90 262 789 150 1245 165 56
internal_value=0.00129824 -0.519515 0.998517 0.643236 -0.023622 -0.0614026 0.712922 1.18326 0.941916 1.21121 1.1231 1.20084 0.0254555 0.615904
internal_weight=10800 7095 3705 1269 1714 1623 1153 2436 474 2330 1541 1335 1316 206
internal_count=10800 7095 3705 1269 1714 1623 1153 2436 474 2330 1541 1335 1316 206
is_linear=0
shrinkage=0.05


Tree=37
num_leaves=15
num_cat=0
split_feature=65 65 65 24 64 8 52 26 34 65 48 57 53 36
split_gain=2.02573e+06 229559 67405.8 18833.8 18573.2 15716.6 13506 13306.8 13068.7 12121.7 11336.4 10787.8 17117.7 14389.5
threshold=164.68652700000004 77.844594000000015 237.30504750000003 278.91518350000007 237.02630750000003 261.38013950000004 0.98611507088852057 22.912500000000005 22.969791666666669 24.000000000000004 5.6250000000000009 3.5000000000000004 0.91037613702198772 18.666666666666668
decision_type=2 2 2 2 2 2 2 2 2 2 2 2 2 2
left_child=1 9 4 11 6 -5 8 10 -2 -1 -4 13 -13 -3
right_child=2 3 7 5 -6 -7 -8 -9 -10 -11 -12 12 -14 -15
leaf_value=-0.66448252112399619 0.46981710735549087 -0.76712134984823377 1.1772031768804607 0.40541013081193622 1.2149354693885799 -0.34590374220566578 0.98906245534436421 1.4372332794459117 0.96883190289328369 -0.46288690826174428 0.90238718378889782 -0.52589782154494435 0.15382103497265942 0.094939104125874196
leaf_weight=4677 817 51 1296 436 155 82 217 350 157 900 559 260 143 700
leaf_count=4677 817 51 1296 436 155 82 217 350 157 900 559 260 143 700
internal_value=0.00126529 -0.478 0.979496 0.035868 0.699726 0.286039 0.631713 1.14988 0.551165 -0.632038 1.09492 -0.0765776 -0.284924 0.0354548
internal_weight=10800 7249 3551 1672 1346 518 1191 2205 974 5577 1855 1154 403 751
internal_count=10800 7249 3551 1672 1346 518 1191 2205 974 5577 1855 1154 403 751
is_linear=0
shrinkage=0.05


Tree=38
num_leaves=15
num_cat=0
split_feature=65 65 65 53 24 57 25 48 26 36 33 57 13 52
split_gain=1.82955e+06 181338 79231.6 22979.2 17815 19832.4 19513.7 15014.5 17449.5 14346 12875.1 10753.4 10601 10669.4
threshold=145.113167 28.000000000000004 237.30504750000003 -0.41248606129204529 277.75656700000008 3.5000000000000004 110.55984742745123 1.6250000000000002 19.762500000000003 18.395963541666671 20.756250000000005 3.5000000000000004 35.787237843658509 -0.8814490726585632
decision_type=2 2 2 2 2 2 2 2 2 2 2 2 2 2
left_child=1 -1 3 -2 5 9 -6 -3 -9 -5 11 -4 13 -10
right_child=2 7 10 4 6 -7 -8 8 12 -11 -12 -13 -14 -15
leaf_value=-0.61167264280599198 -0.054946734488774573 0.60028004788834122 1.0191378251802004 -0.15602359546805331 1.0562979604133058 -0.01145931156955177 0.25277622763780838 -0.39510200268516393 0.5864058025068406 0.70284115350791565 1.1990851822774486 0.52944822624877641 0.39650004293141239 -0.068344071332563192
leaf_weight=5381 116 91 817 52 420 138 93 307 65 681 1254 134 165 1086
leaf_count=5381 116 91 817 52 420 138 93 307 65 681 1254 134 165 1086
internal_value=0.00122538 -0.469033 0.901644 0.620592 0.677212 0.538389 0.911405 -0.0211276 -0.0563175 0.641783 1.09247 0.950767 0.022955 -0.0308917
internal_weight=10800 7095 3705 1500 1384 871 513 1714 1623 733 2205 951 1316 1151
internal_count=10800 7095 3705 1500 1384 871 513 1714 1623 733 2205 951 1316 1151
is_linear=0
shrinkage=0.05


Tree=39
num_leaves=15
num_cat=0
split_feature=65 65 65 30 44 64 26 52 17 39 24 53 15 17
split_gain=1.65132e+06 163680 71507.3 21723 20468.5 16129.7 14293.5 13423.5 12626 16863.3 22680.1 10996.1 10089.2 9829.06
threshold=145.113167 28.000000000000004 237.30504750000003 19.962500000000002 82.281250000000014 266.45511000000005 21.937500000000004 0.98611507088852057 2.2746480028614838e-05 82.875000000000014 290.03840000000008 0.13052619222005152 61.225635500000003 2.5927198770225745e-06
decision_type=2 2 2 2 2 2 2 2 2 2 2 2 2 2
left_child=1 -1 3 4 -2 7 12 -5 9 10 -4 -11 13 -3
right_child=2 6 8 5 -6 -7 -8 -9 -10 11 -12 -13 -14 -15
leaf_value=-0.58109470530984486 -0.78339007268560701 -0.40307672160688884 1.5939522684880973 0.55981655751053816 0.3781308220879076 1.5668252656654438 0.12013338037881481 1.0046411064232965 0.88229308211510737 0.25144257881539933 0.71327661811849297 1.0505337027845889 -0.44785715035070939 0.059023811248499231
leaf_weight=5381 46 154 330 1004 196 48 882 206 839 46 97 893 232 446
leaf_count=5381 46 154 330 1004 196 48 882 206 839 46 97 893 232 446
internal_value=0.00118746 -0.445577 0.856623 0.589622 0.155031 0.673035 -0.0200386 0.636314 1.03791 1.13277 1.39603 1.0117 -0.1686 -0.0600553
internal_weight=10800 7095 3705 1500 242 1258 1714 1210 2205 1366 427 939 832 600
internal_count=10800 7095 3705 1500 242 1258 1714 1210 2205 1366 427 939 832 600
is_linear=0
shrinkage=0.05


Tree=40
num_leaves=15
num_cat=0
split_feature=65 65 65 24 64 8 36 52 34 65 57 53 36 4
split_gain=1.49112e+06 169295 49271.4 15827.6 15256 13841.1 11636.8 11566.5 11095.7 9911.07 9549.82 14556.8 12148.3 8914.86
threshold=164.68652700000004 77.844594000000015 237.30504750000003 278.91518350000007 239.77626600000005 261.38013950000004 20.302864583333335 0.98611507088852057 22.969791666666669 24.000000000000004 3.5000000000000004 0.81241147629689003 18.666666666666668 73.648852500000018
decision_type=2 2 2 2 2 2 2 2 2 2 2 2 2 2
left_child=1 9 4 10 7 -5 -4 8 -2 -1 12 -12 -3 -14
right_child=2 3 6 5 -6 -7 -8 -9 -10 -11 11 -13 13 -15
leaf_value=-0.57163990901646933 0.39265455673358107 -0.70384512910476094 0.67436637364375851 0.37262839144799065 1.0913798183411152 -0.33239332807351313 1.0294244580770764 0.86532296584960133 0.85195446670809882 -0.38946950312344142 -0.56502907241457234 0.035099265398225978 0.30495940998020543 -0.058345520351446613
leaf_weight=4677 821 51 271 436 142 82 1934 226 157 900 203 200 282 418
leaf_count=4677 821 51 271 436 142 82 1934 226 157 900 203 200 282 418
internal_value=0.0011557 -0.410034 0.840437 0.0312587 0.601237 0.260597 0.986112 0.542572 0.467182 -0.542317 -0.0718218 -0.267849 0.0335862 0.0882407
internal_weight=10800 7249 3551 1672 1346 518 2205 1204 978 5577 1154 403 751 700
internal_count=10800 7249 3551 1672 1346 518 2205 1204 978 5577 1154 403 751 700
is_linear=0
shrinkage=0.05


Tree=41
num_leaves=15
num_cat=0
split_feature=65 65 65 60 64 29 41 48 26 17 53 17 65 31
split_gain=1.34593e+06 152778 44447.8 14974.1 14050.9 13918.8 14052.1 11671 11300.8 9661.64 12584.5 9541.39 8943.11 8308.01
threshold=164.68652700000004 77.844594000000015 237.30504750000003 -0.95642797789208689 262.93909600000006 21.062500000000004 84.875000000000014 6.6250000000000009 22.912500000000005 2.2746480028614838e-05 0.13052619222005152 1.9866838054813594e-05 24.000000000000004 18.512500000000003
decision_type=2 2 2 2 2 2 2 2 2 2 2 2 2 2
left_child=1 12 4 -3 7 -5 -7 -2 9 10 -4 -10 -1 -9
right_child=2 3 8 5 -6 6 -8 13 11 -11 -12 -13 -14 -15
leaf_value=-0.54306401816021943 0.69614070535167905 0.60480881130920272 0.25134508813420936 -0.145491230543177 1.3032980538549879 0.096616330367535183 1.0192556196993048 -0.28316165214014605 1.5309826441433119 0.72386388558001635 1.0047889585697498 0.98193951410667923 -0.3700176559719407 0.43735742902044283
leaf_weight=4677 600 105 59 853 62 671 43 42 137 627 1169 213 900 642
leaf_count=4677 600 105 59 853 62 671 43 42 137 627 1169 213 900 642
internal_value=0.00111179 -0.389546 0.798484 0.0296675 0.571294 -0.0092322 0.153529 0.534961 0.936845 0.88646 0.968823 1.2006 -0.51521 0.392766
internal_weight=10800 7249 3551 1672 1346 1567 714 1284 2205 1855 1228 350 5577 684
internal_count=10800 7249 3551 1672 1346 1567 714 1284 2205 1855 1228 350 5577 684
is_linear=0
shrinkage=0.05


Tree=42
num_leaves=15
num_cat=0
split_feature=65 65 65 60 33 26 27 48 64 15 5 52 57 6
split_gain=1.21489e+06 138137 40119.2 14832.9 13611.2 12807.6 10599.3 10456.6 9840.48 9515.39 9850.66 11551.5 9413.36 8864.05
threshold=164.68652700000004 28.000000000000004 237.30504750000003 -0.95642797789208689 21.603125000000002 20.212500000000002 20.487500000000004 6.6250000000000009 240.97423950000004 69.939157000000009 248.16158650000003 -0.84874750804349186 3.5000000000000004 105.13475800000002
decision_type=2 2 2 2 2 2 2 2 2 2 2 2 2 2
left_child=1 -1 4 -3 7 -5 12 -2 -6 -7 11 -11 -4 -8
right_child=2 3 6 5 8 9 13 -9 -10 10 -12 -13 -14 -15
leaf_value=-0.4986437485413851 0.59704192735976536 0.57485365695935098 0.8198827464356544 -0.26030424930542323 0.66439244725494362 0.16472022456974905 1.1351480270070691 0.25285836062680483 1.319546525720237 -0.85592893213033683 0.50429364452927794 -0.094485659029252919 0.34208690167450517 0.86596511517453068
leaf_weight=5381 449 105 784 461 391 735 559 438 68 55 58 454 121 741
leaf_count=5381 449 105 784 461 391 735 559 438 68 55 58 454 121 741
internal_value=0.00109004 -0.370064 0.758653 0.000395045 0.542809 -0.0341248 0.890105 0.42756 0.76411 0.046097 -0.107693 -0.17828 0.756449 0.982497
internal_weight=10800 7249 3551 1868 1346 1763 2205 887 459 1302 567 509 905 1300
internal_count=10800 7249 3551 1868 1346 1763 2205 887 459 1302 567 509 905 1300
is_linear=0
shrinkage=0.05


Tree=43
num_leaves=15
num_cat=0
split_feature=65 65 65 30 44 25 24 48 26 57 29 47 25 13
split_gain=1.09666e+06 109209 47331.5 18035.9 16976.8 13031.4 18520.9 12911.4 12559.2 12321.6 10138 9239.9 9183.06 8434.77
threshold=145.113167 28.000000000000004 237.30504750000003 19.962500000000002 82.281250000000014 110.55984742745123 278.56941200000006 1.6250000000000002 19.762500000000003 3.5000000000000004 18.512500000000003 80.881510416666671 104.10919296887657 35.787237843658509
decision_type=2 2 2 2 2 2 2 2 2 2 2 2 2 2
left_child=1 -1 3 4 -2 6 9 -3 -9 -5 11 -4 -11 -10
right_child=2 7 10 5 -6 -7 -8 8 13 12 -12 -13 -14 -15
leaf_value=-0.47371618729991483 -0.76903804913163187 0.56081395524999367 0.18608522796576177 0.55771877272923331 0.2886272132907271 0.036708731043177685 0.90889388717943143 -0.33548152698082973 -0.028841179212395221 0.33430844812867155 0.87776739849862517 0.91659048448686731 -0.54642494852128232 0.35238944283989543
leaf_weight=5381 46 91 108 669 196 110 352 307 1151 82 2025 72 45 165
leaf_count=5381 46 91 108 669 196 110 352 307 1151 82 2025 72 45 165
internal_value=0.00106114 -0.363022 0.698182 0.480954 0.085246 0.556948 0.606722 -0.0154296 -0.0480645 0.472125 0.845671 0.481737 0.0204067 0.0191888
internal_weight=10800 7095 3705 1500 242 1258 1148 1714 1623 796 2205 180 127 1316
internal_count=10800 7095 3705 1500 242 1258 1148 1714 1623 796 2205 180 127 1316
is_linear=0
shrinkage=0.05


Tree=44
num_leaves=15
num_cat=0
split_feature=65 65 64 25 45 24 8 24 57 22 32 51 35 46
split_gain=990616 112691 33160 29991.6 30542.4 12692.6 11774.9 9556.12 18404.5 12799.3 11435.8 10784.4 9183.81 9382.61
threshold=164.68652700000004 77.844594000000015 240.49638400000001 1.3929144003015315 80.635416666666671 278.91518350000007 261.38013950000004 277.75656700000008 3.5000000000000004 148.4124377447917 21.012500000000003 3.5000000000000004 18.693750000000005 90.885416666666671
decision_type=2 2 2 2 2 2 2 2 2 2 2 2 2 2
left_child=1 -1 3 4 -2 -3 -7 8 10 -9 -4 -10 13 -5
right_child=2 5 7 12 -6 6 -8 9 11 -11 -12 -13 -14 -15
leaf_value=-0.44205339278581007 1.9503169828447804 -0.066397523768770297 0.9632845139061964 -0.035322148249952834 0.72710168698552635 0.33462566814557981 -0.31560016335493113 1.0683851721733357 0.54076126049700624 0.55186075766227749 0.49241612040845867 -0.30635634707777126 0.47496197499894904 0.78658316925514582
leaf_weight=5577 57 1154 512 180 461 436 82 657 110 151 177 56 1148 42
leaf_count=5577 57 1154 512 180 461 436 82 657 110 151 177 56 1148 42
internal_value=0.00102135 -0.334128 0.685095 0.541133 0.865201 0.02591 0.231284 0.848111 0.729413 0.972658 0.84321 0.254863 0.418061 0.123003
internal_weight=10800 7249 3551 1888 518 1672 518 1663 855 808 689 166 1370 222
internal_count=10800 7249 3551 1888 518 1672 518 1663 855 808 689 166 1370 222
is_linear=0
shrinkage=0.05


Tree=45
num_leaves=15
num_cat=0
split_feature=65 65 65 30 44 24 64 53 61 29 47 26 52 52
split_gain=894256 89421.7 38859.7 15449.1 14896 11860.7 12825.2 11588.3 11860.5 17878.3 16726.8 9240.93 9237.22 8633.9
threshold=145.113167 28.000000000000004 237.30504750000003 19.962500000000002 82.218750000000014 318.1844445000001 266.45511000000005 0.91037613702198772 -0.29012925520284105 21.612500000000004 63.825520833333336 22.812500000000004 0.98611507088852057 -0.84874750804349186
decision_type=2 2 2 2 2 2 2 2 2 2 2 2 2 2
left_child=1 -1 3 4 -2 6 12 8 13 -10 -11 -4 -5 -3
right_child=2 7 11 5 -6 -7 -8 -9 9 10 -12 -13 -14 -15
leaf_value=-0.4279362161555551 -0.74333725531949946 -0.71422112021595252 0.71799138342555047 0.44127768046817417 0.25554438715687761 -0.15165261087205373 1.3711962456173368 0.36632870741188528 -0.080779582849906426 -0.52046422584027785 0.58292573917708645 0.99806836384485309 0.81792381625884603 -0.15600435104143201
leaf_weight=5381 45 79 1845 951 197 65 44 179 675 40 216 360 198 525
leaf_count=5381 45 79 1845 951 197 65 44 179 675 40 216 360 198 525
internal_value=0.00100142 -0.327771 0.630512 0.433686 0.0675073 0.504017 0.539838 -0.0132408 -0.057713 0.054237 0.409167 0.76415 0.506838 -0.230076
internal_weight=10800 7095 3705 1500 242 1258 1193 1714 1535 931 256 2205 1149 604
internal_count=10800 7095 3705 1500 242 1258 1193 1714 1535 931 256 2205 1149 604
is_linear=0
shrinkage=0.05


Tree=46
num_leaves=15
num_cat=0
split_feature=65 65 9 29 22 45 60 64 32 26 32 47 24 24
split_gain=807614 91932.9 27677.4 18111.4 14043.1 13064.9 12229.1 12037.1 10283.2 9941.27 8949.88 11558.9 8451.51 12231.4
threshold=164.68652700000004 28.000000000000004 75.408333500000012 21.962500000000002 23.216666666666672 82.239583333333357 -0.95642797789208689 240.49638400000001 20.587500000000002 20.212500000000002 21.962500000000002 77.710937500000014 277.75656700000008 297.26105400000006
decision_type=2 2 2 2 2 2 2 2 2 2 2 2 2 2
left_child=1 -1 3 7 5 -5 -3 -2 -6 -8 11 -9 -10 -14
right_child=2 6 -4 4 8 -7 9 10 12 -11 -12 -13 13 -15
leaf_value=-0.40654336720406015 0.45972208005464199 0.52217372222188507 0.29181941238133924 1.7868297625279081 1.0622650611560978 0.87130543411523098 -0.23004445183167471 1.052697975229886 0.45331689140156795 0.039902529551923499 0.34283270271596061 0.61074593055987902 0.96296198120462195 0.48279344864607421
leaf_weight=5381 1004 105 550 68 222 99 461 269 288 1302 128 343 367 213
leaf_count=5381 1004 105 550 68 222 99 461 269 288 1302 128 343 367 213
internal_value=0.000964117 -0.301649 0.618628 0.678406 0.823532 1.25251 0.000568686 0.573393 0.75672 -0.0307752 0.726789 0.806403 0.677441 0.787759
internal_weight=10800 7249 3551 3001 1257 167 1868 1744 1090 1763 740 612 868 580
internal_count=10800 7249 3551 3001 1257 167 1868 1744 1090 1763 740 612 868 580
is_linear=0
shrinkage=0.05


Tree=47
num_leaves=15
num_cat=0
split_feature=65 65 65 30 48 29 22 25 51 24 24 24 64 47
split_gain=729727 54007.3 48338.3 20098.7 11160 11156.3 10848.5 10645 9746.79 9238.42 12720 9592.72 9055.07 10272.3
threshold=127.49180350000002 28.000000000000004 209.37194500000001 19.962500000000002 1.6250000000000002 21.962500000000002 23.216666666666672 1.3929144002552951 2.5000000000000004 277.75656700000008 297.26105400000006 274.34720900000008 240.49638400000001 82.790364583333357
decision_type=2 2 2 2 2 2 2 2 2 2 2 2 2 2
left_child=1 -1 3 8 -3 12 7 -7 -2 11 -11 -8 13 -4
right_child=2 4 5 -5 -6 6 9 -9 -10 10 -12 -13 -14 -15
leaf_value=-0.38622000205919943 -0.74256306243343995 0.64528391115498129 0.35183902468541384 0.37645466133837385 -0.068735715126291799 0.76739825198705169 0.59484454414422394 1.6033975304784001 0.03588336322017098 0.96578582974348937 0.49586818562211282 -0.22217129497993282 0.69312734683883981 0.79664058877850874
leaf_weight=5381 51 56 616 1054 1372 86 316 73 177 469 213 40 731 165
leaf_count=5381 51 56 616 1054 1372 86 316 73 177 469 213 40 731 165
internal_value=0.000954333 -0.31369 0.53771 0.284438 -0.040303 0.657418 0.772042 1.15884 -0.140725 0.711734 0.819964 0.50268 0.566224 0.44671
internal_weight=10800 6809 3991 1282 1428 2709 1197 159 228 1038 682 356 1512 781
internal_count=10800 6809 3991 1282 1428 2709 1197 159 228 1038 682 356 1512 781
is_linear=0
shrinkage=0.05


Tree=48
num_leaves=15
num_cat=0
split_feature=65 65 10 33 64 25 29 41 36 32 24 25 47 45
split_gain=659481 74900.8 23766.2 15841.7 12872.9 11686.7 11246.7 16030.4 11158.4 9815.3 9439.02 8318.33 10625.6 9988.21
threshold=164.68652700000004 80.564241500000009 31.238853250000002 22.940625000000004 237.02630750000003 104.66497572821065 21.062500000000004 83.375000000000014 24.217317708333336 21.962500000000002 278.11863750000003 1.3929144003015315 82.167968750000014 81.302083333333357
decision_type=2 2 2 2 2 2 2 2 2 2 2 2 2 2
left_child=1 -1 3 4 11 8 -3 -8 -5 -6 -11 13 -13 -2
right_child=2 6 -4 5 9 -7 7 -9 -10 10 -12 12 -14 -15
leaf_value=-0.359003854757314 1.343569137562405 -0.090874795015180046 0.3112030507014158 0.67403486828009296 0.78112917641672386 0.73147805329658644 0.10173022798495016 0.94916980755133717 1.6911322798910022 0.15224758792772064 0.66960504258235387 0.24878427407046005 0.73864877229194636 0.54527711894703457
leaf_weight=5621 43 908 763 44 884 256 660 60 78 143 232 555 138 415
leaf_count=5621 43 908 763 44 884 256 660 60 78 143 232 555 138 415
internal_value=0.000933959 -0.272522 0.559085 0.626788 0.579091 0.928551 0.0261129 0.173569 1.33277 0.689874 0.473249 0.457421 0.347257 0.62299
internal_weight=10800 7249 3551 2788 2410 378 1628 720 122 1259 375 1151 693 458
internal_count=10800 7249 3551 2788 2410 378 1628 720 122 1259 375 1151 693 458
is_linear=0
shrinkage=0.05


Tree=49
num_leaves=15
num_cat=0
split_feature=65 65 65 30 48 29 45 22 51 64 26 25 24 57
split_gain=596161 45179.6 38251 18089.1 9790.17 9738.84 9248.08 8939.98 9191.25 8276.21 8071.03 7827.63 12632.4 13014.3
threshold=128.45911150000003 28.000000000000004 209.37194500000001 19.962500000000002 1.6250000000000002 21.962500000000002 83.010416666666671 23.216666666666672 1.5000000000000002 218.84893750000001 23.962500000000002 110.83558801624868 284.15934500000009 3.5000000000000004
decision_type=2 2 2 2 2 2 2 2 2 2 2 2 2 2
left_child=1 -1 3 6 -3 11 -2 8 -7 -9 -6 12 13 -4
right_child=2 4 5 -5 10 7 -8 9 -10 -11 -12 -13 -14 -15
leaf_value=-0.34896572540790699 -0.68987749347399019 0.60784520797039343 0.55929199602445678 0.34858112235861011 -0.12209577991264556 0.63673754779523928 0.042186845406151474 0.20896418949216608 1.4113978784224566 0.69221811906454411 0.17465657352125047 -0.14527342241464389 1.2419244647026062 0.12135320006303452
leaf_weight=5381 57 56 1211 1035 1106 75 168 99 84 939 288 44 59 198
leaf_count=5381 57 56 1211 1035 1106 75 168 99 84 939 288 44 59 198
internal_value=0.000926559 -0.282226 0.488206 0.260307 -0.0344846 0.594071 -0.145501 0.70112 1.05226 0.646373 -0.0607056 0.508916 0.528609 0.49788
internal_weight=10800 6831 3969 1260 1450 2709 225 1197 159 1038 1394 1512 1468 1409
internal_count=10800 6831 3969 1260 1450 2709 225 1197 159 1038 1394 1512 1468 1409
is_linear=0
shrinkage=0.05


Tree=50
num_leaves=15
num_cat=0
split_feature=65 65 10 33 24 64 25 36 32 47 8 57 53 36
split_gain=538655 60942.7 20348.7 13687.8 11492.1 11102.9 10225.7 9785.83 9724.89 9110.62 9018.4 7803.92 12524.5 9195.2
threshold=164.68652700000004 82.382441500000013 31.238853250000002 22.940625000000004 278.91518350000007 240.49638400000001 104.66497572821065 24.217317708333336 20.262500000000003 77.108072916666671 262.36879000000005 3.5000000000000004 0.81241147629689003 18.091406250000002
decision_type=2 2 2 2 2 2 2 2 2 2 2 2 2 2
left_child=1 -1 3 5 11 -2 7 -5 9 -7 -6 13 -13 -3
right_child=2 4 -4 6 10 8 -8 -9 -10 -11 -12 12 -14 -15
leaf_value=-0.32288481428801091 0.41661827915280009 -0.63508673111597702 0.27600026347929557 0.61024027321073748 0.31157343911233348 1.0113935181577727 0.66424518610252947 1.5617487424536598 0.5056358856682186 0.58732951095655617 -0.32124831447234525 -0.55128680308338962 0.028640316700923964 0.081152097235399276
leaf_weight=5665 1216 47 763 44 427 253 256 78 675 266 64 177 195 674
leaf_count=5665 1216 47 763 44 427 253 256 78 675 266 64 177 195 674
internal_value=0.000902167 -0.246237 0.505338 0.56798 0.0279181 0.52366 0.848417 1.22633 0.632235 0.795598 0.228602 -0.0623602 -0.248031 0.0336475
internal_weight=10800 7249 3551 2788 1584 2410 378 122 1194 519 491 1093 372 721
internal_count=10800 7249 3551 2788 1584 2410 378 122 1194 519 491 1093 372 721
is_linear=0
shrinkage=0.05


Tree=51
num_leaves=15
num_cat=0
split_feature=65 65 65 53 36 36 43 52 45 25 32 32 33 29
split_gain=486594 36127.4 32986.4 12604.9 11298.1 10930.1 13236.5 10244.6 14696.2 21604 16395.2 11071.7 9668.78 9326.76
threshold=127.49180350000002 28.000000000000004 190.66043800000003 -0.16280825711808986 18.395963541666671 23.663020833333334 79.125000000000014 0.5277851165098012 82.843750000000014 105.3195466553865 21.012500000000003 21.962500000000002 23.068750000000005 21.762500000000003
decision_type=2 2 2 2 2 2 2 2 2 2 2 2 2 2
left_child=1 -1 5 -4 -5 -2 12 -6 9 10 -9 13 -7 -10
right_child=2 -3 3 4 7 6 -8 8 11 -11 -12 -13 -14 -15
leaf_value=-0.31537943610645325 0.026666205482553985 -0.032459632185384883 0.0085926203522831198 0.067232399274195942 0.46318377104059599 -0.16360724110288169 0.75561153010749227 0.94947036162570686 0.5407503800314406 0.49875823146926718 1.8811594889277505 0.19790644649996531 0.68358200788497925 1.0436227721503071
leaf_weight=5381 542 1428 119 125 1524 112 140 215 574 222 62 198 47 111
leaf_count=5381 542 1428 119 125 1524 112 140 215 574 222 62 198 47 111
internal_value=0.000876617 -0.256058 0.439185 0.51345 0.533261 0.160743 0.402885 0.553277 0.652221 0.869643 1.16402 0.528507 0.089527 0.62364
internal_weight=10800 6809 3991 3150 3031 841 299 2906 1382 499 277 883 159 685
internal_count=10800 6809 3991 3150 3031 841 299 2906 1382 499 277 883 159 685
is_linear=0
shrinkage=0.05


Tree=52
num_leaves=15
num_cat=0
split_feature=65 65 9 57 28 45 57 36 22 36 32 22 36 21
split_gain=439505 41916.4 24433.6 12977.6 11849 12165.3 13139.4 10202.4 9701.63 8596.1 9423.74 10749.9 7756.59 7492.68
threshold=141.29982250000003 28.000000000000004 96.61214750000002 4.5000000000000009 21.162500000000005 77.010416666666671 3.5000000000000004 24.196093750000006 23.216666666666672 18.395963541666671 20.587500000000002 127.35229659895835 21.325911458333337 7.028973393161898e-06
decision_type=2 2 2 2 2 2 2 2 2 2 2 2 2 2
left_child=1 -1 3 4 5 -2 9 -3 -6 -7 11 12 -11 -13
right_child=2 7 -4 -5 8 6 -8 -9 -10 10 -12 13 -14 -15
leaf_value=-0.29961340579345119 1.2515171412811723 -0.087808511040399065 0.10000038188653811 -0.37978490508746271 0.96217407562051516 0.059323041998152817 0.12371777767738537 0.19067465048635171 0.5594850702254992 0.54199884959477385 0.30948544981554482 1.1696512378827491 0.08435317255681804 0.65801712556244585
leaf_weight=5381 42 1221 468 42 174 122 354 449 1149 436 455 98 118 291
leaf_count=5381 42 1221 468 42 174 122 354 449 1149 436 455 98 118 291
internal_value=0.000863356 -0.23171 0.438225 0.486424 0.49777 0.417833 0.398491 -0.0128656 0.613133 0.46236 0.497465 0.587742 0.44485 0.789581
internal_weight=10800 7051 3749 3281 3239 1916 1874 1670 1323 1520 1398 943 554 389
internal_count=10800 7051 3749 3281 3239 1916 1874 1670 1323 1520 1398 943 554 389
is_linear=0
shrinkage=0.05


Tree=53
num_leaves=15
num_cat=0
split_feature=65 65 65 24 57 24 36 53 17 44 24 17 22 61
split_gain=397147 29820.4 27376.2 12769.7 18792 17796.8 11865.7 7510.26 8189.44 8469.63 14297.5 7204.94 7167.34 8402.36
threshold=127.49180350000002 24.000000000000004 237.30504750000003 278.11863750000003 3.5000000000000004 318.1844445000001 18.395963541666671 0.13052619222005152 2.2746480028614838e-05 82.968750000000014 290.03840000000008 8.291695780468328e-06 136.69453288541669 -0.68322629814330815
decision_type=2 2 2 2 2 2 2 2 2 2 2 2 2 2
left_child=1 -1 3 4 6 -5 -2 -4 9 10 -9 -11 -3 -14
right_child=2 12 7 5 -6 -7 -8 8 -10 11 -12 -13 13 -15
leaf_value=-0.30191436889284745 -0.39769834114915947 -0.13747339050628846 -0.02301634205505252 0.54734593883324167 -0.26238179912282661 -0.21912835576895917 0.29778273228027552 0.94369694887710043 0.40719395718541729 0.47729969801977479 0.24906215392744421 1.0364520103212387 0.45126902131004293 -0.020720133813432393
leaf_weight=4677 65 1474 63 522 219 88 892 337 835 812 96 62 113 545
leaf_count=4677 65 1474 63 522 219 88 892 337 835 812 96 62 113 545
internal_value=0.000844462 -0.231277 0.396823 0.251095 0.154586 0.436595 0.250179 0.514692 0.53051 0.608922 0.790619 0.518104 -0.0762502 0.0608975
internal_weight=10800 6809 3991 1786 1176 610 957 2205 2142 1307 433 874 2132 658
internal_count=10800 6809 3991 1786 1176 610 957 2205 2142 1307 433 874 2132 658
is_linear=0
shrinkage=0.05


Tree=54
num_leaves=15
num_cat=0
split_feature=65 65 64 25 45 29 41 43 41 24 57 22 51 32
split_gain=358612 41696.3 15549.6 15396.2 15884.6 11490.1 12369.9 7035.28 9758.89 6715.22 13209.3 9166.85 9118.34 7489.22
threshold=164.68652700000004 86.489938500000008 240.49638400000001 1.3929144003015315 81.302083333333357 21.062500000000004 86.375000000000014 82.375000000000014 86.875000000000014 277.75656700000008 3.5000000000000004 148.4124377447917 3.5000000000000004 21.012500000000003
decision_type=2 2 2 2 2 2 2 2 2 2 2 2 2 2
left_child=1 -1 3 4 -2 7 -7 8 -3 10 13 -11 -12 -4
right_child=2 5 9 -5 -6 6 -8 -9 -10 11 12 -13 -14 -15
leaf_value=-0.26197457196595025 1.1906770387905892 -0.044476161242281195 0.61849976085093727 0.22581902457160685 0.42577550704792516 0.13332387717539526 1.0019989001480016 0.07948741011511401 -0.51284782284213981 0.7085548085998461 0.28847841628164322 0.27405847060052974 -0.48953893889852784 0.23937105374682821
leaf_weight=5753 80 312 512 1370 438 607 43 362 172 657 110 151 56 177
leaf_count=5753 80 312 512 1370 438 607 43 362 172 657 110 151 56 177
internal_value=0.000816344 -0.200833 0.412404 0.313901 0.545974 0.034308 0.192241 -0.087119 -0.211637 0.523979 0.425252 0.627795 0.024655 0.521592
internal_weight=10800 7249 3551 1888 518 1496 650 846 484 1663 855 808 166 689
internal_count=10800 7249 3551 1888 518 1496 650 846 484 1663 855 808 166 689
is_linear=0
shrinkage=0.05


Tree=55
num_leaves=15
num_cat=0
split_feature=65 65 65 53 52 46 25 32 36 43 30 33 32 33
split_gain=323980 25148.1 23103.5 9981.67 8827.55 13062.9 17247.3 10547.9 8725.25 11263.7 8293.32 8275.82 8271.88 8226.65
threshold=127.49180350000002 24.000000000000004 190.66043800000003 -0.16280825711808986 0.5277851165098012 82.078125000000014 105.3195466553865 21.012500000000003 23.663020833333334 79.125000000000014 20.012500000000003 23.068750000000005 21.962500000000002 21.243750000000002
decision_type=2 2 2 2 2 2 2 2 2 2 2 2 2 2
left_child=1 -1 8 -4 10 6 7 -6 -2 11 -5 -10 13 -7
right_child=2 -3 3 4 5 12 -8 -9 9 -11 -12 -13 -14 -15
leaf_value=-0.27372594459182231 0.0056719166477095908 -0.066495673384616108 -0.028375855654012412 0.024338469943086777 0.8209026991992312 0.43451206515489038 0.40662459453059868 1.5576973955133069 -0.18106827977467824 0.66712984961873678 0.39588019997768464 0.60264589041471484 0.12737432758120867 0.9597209217267878
leaf_weight=4677 542 2132 119 168 203 670 219 66 112 140 1427 47 194 84
leaf_count=4677 542 2132 119 168 203 670 219 66 112 140 1427 47 194 84
internal_value=0.000793481 -0.208858 0.358441 0.420592 0.438222 0.528364 0.738829 1.00678 0.125429 0.341772 0.356786 0.0529143 0.419359 0.494217
internal_weight=10800 6809 3991 3150 3031 1436 488 269 841 299 1595 159 948 754
internal_count=10800 6809 3991 3150 3031 1436 488 269 841 299 1595 159 948 754
is_linear=0
shrinkage=0.05


Tree=56
num_leaves=15
num_cat=0
split_feature=65 65 9 35 30 44 25 24 57 51 36 24 36 52
split_gain=292620 28978.5 18408.8 11645.4 9752.86 9215.96 8530.11 13394.1 20619.6 13799.9 8962.25 8121.64 6801.67 6695.78
threshold=141.29982250000003 86.489938500000008 96.61214750000002 21.369270833333339 19.762500000000003 82.406250000000014 110.83558801624868 277.75656700000008 3.5000000000000004 3.5000000000000004 25.21510416666667 297.26105400000006 25.307031250000005 0.41248606129204562
decision_type=2 2 2 2 2 2 2 2 2 2 2 2 2 2
left_child=1 -1 4 -3 5 -2 7 8 12 -10 -8 -9 13 -6
right_child=2 3 -4 -5 6 -7 10 11 9 -11 -12 -13 -14 -15
leaf_value=-0.23713179649196003 -0.39660140616913975 -0.12666504492777869 0.06413078550845068 0.17264990032020186 0.32943060108080946 0.27156709905912568 -0.23374057704876916 0.67623982068037103 0.1947768306332523 -0.60126961833117787 0.4189761069350702 0.20295213288760611 1.0927482610795556 0.5487156634803807
leaf_weight=5753 58 643 468 655 729 416 94 766 205 73 117 104 40 679
leaf_count=5753 58 643 468 655 729 416 94 766 205 73 117 104 40 679
internal_value=0.000779049 -0.188992 0.357649 0.0243926 0.399484 0.189145 0.434923 0.459773 0.378717 -0.0156628 0.128461 0.619961 0.454392 0.435494
internal_weight=10800 7051 3749 1298 3281 474 2807 2596 1726 278 211 870 1448 1408
internal_count=10800 7051 3749 1298 3281 474 2807 2596 1726 278 211 870 1448 1408
is_linear=0
shrinkage=0.05


Tree=57
num_leaves=15
num_cat=0
split_feature=65 65 65 53 36 52 46 25 32 47 17 17 30 32
split_gain=264446 21178 19438.4 8614.62 7880.49 7482.25 11442.8 15311.1 9315.46 8011.15 7874.23 10256.1 7120.72 6969.19
threshold=127.49180350000002 24.000000000000004 190.66043800000003 -0.16280825711808986 20.950520833333336 0.5277851165098012 82.078125000000014 105.3195466553865 21.012500000000003 82.351562500000014 2.2746480028614838e-05 8.291695780468328e-06 20.012500000000003 20.087500000000002
decision_type=2 2 2 2 2 2 2 2 2 2 2 2 2 2
left_child=1 -1 4 -4 -2 12 7 8 -7 10 11 13 -5 -8
right_child=2 -3 3 5 -6 6 9 -9 -10 -11 -12 -13 -14 -15
leaf_value=-0.2481885257007832 -0.15975578864866005 -0.058020099896266955 -0.036136334032441181 0.014297659614691018 0.19670071058357749 0.75508907521874002 0.44998790732106653 0.36432352289726788 1.4470590447311971 0.70913393840000227 -0.30220503977366858 1.0186037884818184 0.35852046887291183 0.13209224806418585
leaf_weight=4677 204 2132 119 168 637 203 369 219 66 153 48 53 1427 325
leaf_count=4677 204 2132 119 168 637 203 369 219 66 153 48 53 1427 325
internal_value=0.000751095 -0.188661 0.323872 0.380879 0.110149 0.397258 0.480239 0.677183 0.929597 0.378252 0.313762 0.353693 0.322295 0.301522
internal_weight=10800 6809 3991 3150 841 3031 1436 488 269 948 795 747 1595 694
internal_count=10800 6809 3991 3150 841 3031 1436 488 269 948 795 747 1595 694
is_linear=0
shrinkage=0.05


Tree=58
num_leaves=15
num_cat=0
split_feature=65 65 64 25 45 29 41 47 29 42 21 43 41 47
split_gain=238886 28786.4 11503.4 12065.6 12233.6 9239.65 11008.2 6195.59 9315.87 6885.31 8936.93 6131.54 8607.68 6349.12
threshold=164.68652700000004 86.489938500000008 240.49638400000001 1.3929144003015315 81.302083333333357 21.062500000000004 86.375000000000014 82.167968750000014 18.112500000000004 75.125000000000014 1.2382070770162167e-05 82.375000000000014 86.875000000000014 78.904947916666671
decision_type=2 2 2 2 2 2 2 2 2 2 2 2 2 2
left_child=1 -1 3 4 -2 11 -7 8 -5 10 -10 12 -3 -13
right_child=2 5 -4 7 -6 6 -8 -9 9 -11 -12 13 -14 -15
leaf_value=-0.21464808465542126 1.0230080747585972 -0.03663363315322371 0.43261367567173559 -0.26033810509834437 0.35196480298656674 0.11758911160500965 0.93701713301918732 0.42477683086643386 0.673776538624273 0.022519311892788815 0.19193631789110829 0.3331733645539578 -0.47649233466972513 -0.092970436448103183
leaf_weight=5753 80 312 1663 135 438 607 43 208 119 414 494 145 172 217
leaf_count=5753 80 312 1663 135 438 607 43 208 119 414 494 145 172 217
internal_value=0.000735026 -0.163846 0.336662 0.251962 0.457372 0.0315292 0.173154 0.174019 0.128806 0.180163 0.28642 -0.0773598 -0.193607 0.0781701
internal_weight=10800 7249 3551 1888 518 1496 650 1370 1162 1027 613 846 484 362
internal_count=10800 7249 3551 1888 518 1496 650 1370 1162 1027 613 846 484 362
is_linear=0
shrinkage=0.05


Tree=59
num_leaves=15
num_cat=0
split_feature=65 65 8 28 45 57 24 52 30 7 52 22 8 42
split_gain=215627 26115.3 10510 8441.49 8505.03 10731.8 7738.01 7614.17 7432.43 6271.87 9963.46 8695.28 8386.63 8076.87
threshold=164.68652700000004 42.523274000000008 24.000000000000004 21.162500000000005 77.010416666666671 3.5000000000000004 146.43356750000004 0.91037613702198772 17.925000000000001 123.9397335 -0.84874750804349186 136.82405300000002 259.12192600000009 54.375000000000007
decision_type=2 2 2 2 2 2 2 2 2 2 2 2 2 2
left_child=1 -1 3 4 -2 -6 -5 8 -3 12 -11 -12 -10 -13
right_child=2 7 -4 6 5 -7 -8 -9 9 10 11 13 -14 -15
leaf_value=-0.21026718935632022 0.97403976239941348 -0.43857209083673204 0.11074670076716778 0.76994557717913081 0.32682860210895531 0.0064027572629856882 0.40553763451155733 0.6054812670327151 0.18447270440057625 -0.66767764972217059 -0.1943424319891624 0.60134212430808454 -0.22110355836219894 0.02234850843845726
leaf_weight=5445 43 94 515 170 1445 319 1059 51 698 66 387 76 155 277
leaf_count=5445 43 94 515 170 1445 319 1059 51 698 66 387 76 155 277
internal_value=0.000714144 -0.15565 0.31987 0.355295 0.286228 0.26892 0.456529 0.00922543 -0.00845674 0.0161634 -0.0837956 -0.0308888 0.110602 0.148351
internal_weight=10800 7249 3551 3036 1807 1764 1229 1804 1753 1659 806 740 853 353
internal_count=10800 7249 3551 3036 1807 1764 1229 1804 1753 1659 806 740 853 353
is_linear=0
shrinkage=0.05


Tree=60
num_leaves=15
num_cat=0
split_feature=65 65 64 25 45 60 26 45 47 32 47 29 32 65
split_gain=194637 23595.3 10217.1 10041.5 10720.3 6983.63 6229.02 5995.65 6845.97 5926.41 5603.49 8458.53 6319.17 9304.14
threshold=164.68652700000004 28.000000000000004 240.49638400000001 1.3929144003015315 80.635416666666671 -0.95642797789208689 23.962500000000002 71.677083333333357 68.201822916666686 23.962500000000002 82.167968750000014 18.112500000000004 20.212500000000002 224.81167200000002
decision_type=2 2 2 2 2 2 2 2 2 2 2 2 2 2
left_child=1 -1 3 4 -2 -3 7 -7 9 -9 11 -5 -13 -14
right_child=2 5 -4 10 -6 6 -8 8 -10 -11 -12 12 13 -15
leaf_value=-0.20101085412861114 1.0534507274627687 0.39940507447101037 0.39432908408588657 -0.26074535356122341 0.33000512630920614 -0.56541802041363298 0.18040299406846383 0.69754954161388538 -0.072524141192657696 -0.091608383967762899 0.39145663827657701 0.30693964537865714 0.12340834509009491 -0.50552385956698076
leaf_weight=5381 57 105 1663 135 461 56 321 55 1290 41 208 423 539 65
leaf_count=5381 57 105 1663 135 461 56 321 55 1290 41 208 423 539 65
internal_value=0.000688967 -0.14787 0.303913 0.224105 0.411488 0.00523512 -0.0184538 -0.0628152 -0.042115 0.363044 0.153006 0.110023 0.158967 0.0550015
internal_weight=10800 7249 3551 1888 518 1868 1763 1442 1386 96 1370 1162 1027 604
internal_count=10800 7249 3551 1888 518 1868 1763 1442 1386 96 1370 1162 1027 604
is_linear=0
shrinkage=0.05


Tree=61
num_leaves=15
num_cat=0
split_feature=65 65 65 36 43 36 33 53 3 52 52 44 24 17
split_gain=175688 15405.4 13659 8553.75 7469.78 12276.5 7999.59 6312.74 6130.26 5578.41 9276.99 5109.94 8274.59 8023.69
threshold=127.49180350000002 24.000000000000004 238.98002500000004 18.395963541666671 79.375000000000014 23.663020833333334 23.003125000000004 0.13052619222005152 62.684561500000008 -0.8814490726585632 -0.84874750804349186 82.968750000000014 290.03840000000008 1.0026559406380949e-06
decision_type=2 2 2 2 2 2 2 2 2 2 2 2 2 2
left_child=1 -1 3 -2 6 -6 -5 -4 11 -3 -11 12 13 -9
right_child=2 9 7 4 5 -7 -8 8 -10 10 -12 -13 -14 -15
leaf_value=-0.20449211901709177 -0.39601665394253693 0.42900864367113745 -0.17706146258860828 -0.074135508947074422 0.15642892983006496 0.51437864837395708 0.3842375959655861 0.79585786991019669 0.1456775050708683 -0.58756811751783655 -0.035080625766265049 0.33491140242903084 0.15965060725140928 0.39198170550105216
leaf_weight=4677 65 60 55 420 894 327 122 262 283 78 1994 1192 133 238
leaf_count=4677 65 60 55 420 894 327 122 262 283 78 1994 1192 133 238
internal_value=0.000664617 -0.153722 0.264035 0.163277 0.18411 0.252635 0.0295583 0.349073 0.362878 -0.0423039 -0.0561523 0.39646 0.511652 0.604779
internal_weight=10800 6809 3991 1828 1763 1221 542 2163 2108 2132 2072 1825 633 500
internal_count=10800 6809 3991 1828 1763 1221 542 2163 2108 2132 2072 1825 633 500
is_linear=0
shrinkage=0.05


Tree=62
num_leaves=15
num_cat=0
split_feature=65 65 10 33 25 52 31 36 47 36 46 32 22 21
split_gain=159080 19433.5 8496.54 7844.34 6668.24 6436.77 6568.21 6204.91 5976.63 7929.99 6882.46 8291.74 9932.62 6811.92
threshold=164.68652700000004 63.145266500000005 31.238853250000002 22.940625000000004 104.66497572821065 0.91037613702198772 18.275000000000002 24.217317708333336 85.757812500000014 18.395963541666671 89.609375000000014 20.587500000000002 127.28854346354167 1.0749051175988377e-05
decision_type=2 2 2 2 2 2 2 2 2 2 2 2 2 2
left_child=1 -1 3 8 7 6 -3 -5 9 -2 11 12 -11 -13
right_child=2 5 -4 4 -6 -7 -8 -9 -10 10 -12 13 -14 -15
leaf_value=-0.18039750757578821 -0.2101556360896896 -0.39993415993452075 0.12670016392714378 0.34542118292715818 0.37962681554721722 0.56335286316918398 0.017504595368878283 1.0970646281785603 0.64975434693525425 0.24676757751099532 -0.01898415753671101 0.060780376647191318 0.57419124943088051 0.31452315600528835
leaf_weight=5467 84 99 763 44 256 50 1633 78 105 445 174 433 488 681
leaf_count=5467 84 99 763 44 256 50 1633 78 105 445 174 433 488 681
internal_value=0.000639888 -0.133665 0.274771 0.315233 0.527114 0.00972523 -0.00657294 0.830992 0.281796 0.26476 0.282808 0.308458 0.418456 0.216039
internal_weight=10800 7249 3551 2788 378 1782 1732 122 2410 2305 2221 2047 933 1114
internal_count=10800 7249 3551 2788 378 1782 1732 122 2410 2305 2221 2047 933 1114
is_linear=0
shrinkage=0.05


Tree=63
num_leaves=15
num_cat=0
split_feature=65 65 64 22 34 17 22 7 24 42 32 48 47 24
split_gain=143606 17908.9 7942.29 8584.45 9318.03 6648.11 6396.6 6620.09 8620.85 6614.61 6565.87 5731.03 5372.72 5229.41
threshold=164.68652700000004 24.000000000000004 240.49638400000001 23.216666666666672 21.078125000000004 1.9810494292234628e-06 136.54920041145837 242.82119850000004 257.54432450000007 54.375000000000007 22.487500000000004 1.6250000000000002 68.554687500000014 277.75656700000008
decision_type=2 2 2 2 2 2 2 2 2 2 2 2 2 2
left_child=1 -1 3 4 11 -6 7 -3 -9 -8 12 -2 -11 -4
right_child=2 6 13 -5 5 -7 9 8 -10 10 -12 -13 -14 -15
leaf_value=-0.18525176462886578 -0.19812774429582569 -0.042734138129713113 0.25406448833043815 0.11851075574543482 0.84445578629576323 0.26034234638621168 0.51559011435293289 -0.99080306644595817 -0.17088648272182447 0.74088614706586053 -0.091597478382070274 0.294400901207997 0.13170839769163736 0.43214312179707115
leaf_weight=4677 72 1548 855 1296 126 81 82 41 138 40 407 313 316 808
leaf_count=4677 72 1548 855 1296 126 81 82 41 138 40 407 313 316 808
internal_value=0.000624402 -0.126982 0.261082 0.190726 0.348352 0.61824 -0.0209918 -0.0761355 -0.36315 0.0916668 0.0454923 0.202017 0.202039 0.340795
internal_weight=10800 7249 3551 1888 592 207 2572 1727 179 845 763 385 356 1663
internal_count=10800 7249 3551 1888 592 207 2572 1727 179 845 763 385 356 1663
is_linear=0
shrinkage=0.05


Tree=64
num_leaves=15
num_cat=0
split_feature=65 65 36 65 16 17 47 8 53 43 24 57 51 24
split_gain=130435 13665.2 10358.7 8521.05 6425.89 6180.14 9038.29 7209.7 5918.32 6395.76 5912.68 15252.4 10962.2 8085.15
threshold=116.18365950000002 190.66043800000003 25.347395833333334 24.000000000000004 261.91249100000005 1.0026559406380949e-06 77.584635416666671 197.46853500000003 -0.16280825711808986 82.875000000000014 277.75656700000008 3.5000000000000004 3.5000000000000004 288.22990800000008
decision_type=2 2 2 2 2 2 2 2 2 2 2 2 2 2
left_child=3 2 5 -1 -5 6 -2 -7 9 -3 11 -10 -13 -12
right_child=1 8 -4 4 -6 7 -8 -9 10 -11 13 12 -14 -15
leaf_value=-0.17599115902004514 0.046261298861563882 -0.50202657562844899 0.51537440724832861 -0.07535057748340411 0.28175685257678301 0.13088131151291438 -0.73774528210125279 -0.25560947589704702 0.28524119682424626 0.23427180693351796 0.49743926902096347 0.092078196808942775 -0.60794083303139534 0.21118105858662584
leaf_weight=4677 88 50 114 1711 135 719 62 144 1747 69 603 180 80 421
leaf_count=4677 88 50 114 1711 135 719 62 144 1747 69 603 180 80 421
internal_value=0.000602036 0.215164 0.0656725 -0.140093 -0.0490965 0.014606 -0.280534 0.0661703 0.268611 -0.0767027 0.282189 0.232084 -0.124816 0.38007
internal_weight=10800 4277 1127 6523 1846 1013 150 863 3150 119 3031 2007 260 1024
internal_count=10800 4277 1127 6523 1846 1013 150 863 3150 119 3031 2007 260 1024
is_linear=0
shrinkage=0.05


Tree=65
num_leaves=15
num_cat=0
split_feature=65 65 36 65 16 17 47 8 53 43 52 45 25 32
split_gain=117717 12334.9 9359.08 7691.2 5802.98 5585.09 8170.46 6510.2 5345.05 5783.06 5767.73 7734 12819.3 10411.7
threshold=116.18365950000002 190.66043800000003 25.347395833333334 24.000000000000004 261.91249100000005 1.0026559406380949e-06 77.584635416666671 197.46853500000003 -0.16280825711808986 82.875000000000014 0.5277851165098012 82.843750000000014 105.3195466553865 21.062500000000004
decision_type=2 2 2 2 2 2 2 2 2 2 2 2 2 2
left_child=3 2 5 -1 -5 6 -2 -7 9 -3 -10 12 13 -12
right_child=1 8 -4 4 -6 7 -8 -9 10 -11 11 -13 -14 -15
leaf_value=-0.16719347523440151 0.043974221106409361 -0.47741742513927765 0.48982975782583593 -0.071585248220058059 0.2677725995260784 0.12434633584511984 -0.701443533386503 -0.24291714259905037 0.20241035040264324 0.22272555516766654 0.56011837601492354 0.25543352067216823 0.21448627573358636 1.3057572597362956
leaf_weight=4677 88 50 114 1711 135 719 62 144 1595 69 219 935 222 60
leaf_count=4677 88 50 114 1711 135 719 62 144 1595 69 219 935 222 60
internal_value=0.000571658 0.204404 0.0623755 -0.133088 -0.0466361 0.0138354 -0.266737 0.0628546 0.255183 -0.0729792 0.268087 0.340844 0.499418 0.724562
internal_weight=10800 4277 1127 6523 1846 1013 150 863 3150 119 3031 1436 501 279
internal_count=10800 4277 1127 6523 1846 1013 150 863 3150 119 3031 1436 501 279
is_linear=0
shrinkage=0.05


Tree=66
num_leaves=15
num_cat=0
split_feature=65 65 36 64 44 49 36 40 36 54 36 43 47 45
split_gain=106255 11138.2 8455.96 7033.93 5292.43 5094.29 5067.47 5704.85 5028.6 4807.34 4785.89 5722.52 4885.42 7128.88
threshold=116.18365950000002 190.66043800000003 25.347395833333334 85.15667950000001 72.968750000000014 2.5000000000000004 18.395963541666671 93.875000000000014 19.607031250000002 0.6078576107927941 22.670312500000005 82.625000000000014 82.167968750000014 80.822916666666671
decision_type=2 2 2 2 2 2 2 2 2 2 2 2 2 2
left_child=3 2 5 -1 -4 8 7 -3 -2 -5 12 -12 13 -7
right_child=1 6 4 9 -6 10 -8 -9 -10 -11 11 -13 -14 -15
leaf_value=-0.15626219390182322 -0.40467673540115356 -0.27655857635001019 0.026019527314929292 -0.071476553214593327 0.72768797330144386 0.021244450614078723 0.25572094733772988 0.4314953503925808 0.17352441890355111 0.17310402266265074 -0.15547834296202445 0.30998108318801654 0.10416400417199601 -0.63141088740606055
leaf_weight=4904 40 92 43 1385 71 66 3018 40 460 234 149 117 68 113
leaf_count=4904 40 92 43 1385 71 66 3018 40 460 234 149 117 68 113
internal_value=0.000552454 0.194208 0.059244 -0.126434 0.465551 0.0131054 0.24246 -0.0603657 0.126553 -0.0360414 -0.0974983 0.049648 -0.255525 -0.391986
internal_weight=10800 4277 1127 6523 114 1013 3150 132 500 1619 513 266 247 179
internal_count=10800 4277 1127 6523 114 1013 3150 132 500 1619 513 266 247 179
is_linear=0
shrinkage=0.05


Tree=67
num_leaves=15
num_cat=0
split_feature=65 65 36 43 24 57 65 31 45 30 25 32 53 22
split_gain=95899.7 10122.7 7777.21 8248.48 9519.49 8227.98 6364.74 5900.33 5821.55 5652.81 7608.23 7398.69 5544.85 5502.65
threshold=116.18365950000002 238.98002500000004 25.173697916666672 82.875000000000014 284.15934500000009 3.5000000000000004 24.000000000000004 18.512500000000003 72.052083333333357 26.937500000000004 104.33527907377577 20.412500000000005 0.13052619222005152 129.95237014583338
decision_type=2 2 2 2 2 2 2 2 2 2 2 2 2 2
left_child=6 2 3 9 5 7 -1 -5 -4 10 11 -2 -3 -7
right_child=1 12 8 4 -6 13 -8 -9 -10 -11 -12 -13 -14 -15
leaf_value=-0.15113743068367666 -0.30915144712927234 -0.23183568380107836 0.018954886631108822 -0.37627399684456381 0.55723889632723655 0.062248657397601916 -0.041468489092220534 0.2071268033176934 0.54115105953631981 0.26036496632793721 -0.38118580006274216 0.14768833963227643 0.27349052075776875 -0.44681491912013355
leaf_weight=4677 130 55 79 45 129 114 1846 776 164 113 193 273 2108 98
leaf_count=4677 130 55 79 45 129 114 1846 776 164 113 193 273 2108 98
internal_value=0.000527271 0.184504 0.106619 0.0719515 0.153907 0.103049 -0.120112 0.174731 0.372157 -0.0623953 -0.123923 -7.97884e-05 0.26054 -0.174066
internal_weight=10800 4277 2114 1871 1162 1033 6523 821 243 709 596 403 2163 212
internal_count=10800 4277 2114 1871 1162 1033 6523 821 243 709 596 403 2163 212
is_linear=0
shrinkage=0.05


Tree=68
num_leaves=15
num_cat=0
split_feature=65 29 57 40 29 32 22 21 51 51 22 49 47 64
split_gain=86552.6 9400.88 8878.94 19827.6 7735.36 8213.99 9148.32 7454.7 6421.56 6049.2 13443.1 8108.64 6297 5840.56
threshold=116.18365950000002 21.762500000000003 3.5000000000000004 76.625000000000014 16.025000000000002 20.587500000000002 127.35229659895835 1.4088495625161608e-05 2.5000000000000004 1.5000000000000002 146.76454146875002 3.5000000000000004 75.419270833333357 85.15667950000001
decision_type=2 2 2 2 2 2 2 2 2 2 2 2 2 2
left_child=13 2 4 -4 -2 6 8 9 -6 12 11 -11 -3 -1
right_child=1 7 3 -5 5 -7 -8 -9 -10 10 -12 -13 -14 -15
leaf_value=-0.14128885194066831 -0.3535332750422614 0.3513757912884955 0.96659600571837534 -0.15104507137216558 -0.17100583029387054 0.034401500687855843 0.4391580352861737 0.19932485267198319 0.21886399348938537 0.94106955940340775 -0.044679566721121472 0.32024627099802466 -0.3523606924260626 -0.031740936778807717
leaf_weight=4904 69 142 42 514 127 615 443 1365 608 161 71 80 40 1619
leaf_count=4904 69 142 42 514 127 615 443 1365 608 161 71 80 40 1619
internal_value=0.000501514 0.175283 0.110213 -0.0650352 0.162549 0.182596 0.259869 0.259814 0.151358 0.426215 0.559669 0.737162 0.195628 -0.114108
internal_weight=10800 4277 2418 556 1862 1793 1178 1859 735 494 312 241 182 6523
internal_count=10800 4277 2418 556 1862 1793 1178 1859 735 494 312 241 182 6523
is_linear=0
shrinkage=0.05


Tree=69
num_leaves=15
num_cat=0
split_feature=65 65 36 43 24 57 65 45 16 31 22 39 53 52
split_gain=78130.4 8860.44 6839.72 7037.01 8351.32 6935.07 5281.37 5231.19 5141.98 5124.98 4883.6 5307.56 4856.3 4916.62
threshold=116.18365950000002 238.98002500000004 25.173697916666672 82.625000000000014 284.15934500000009 3.5000000000000004 24.000000000000004 72.052083333333357 261.91249100000005 18.512500000000003 129.95237014583338 85.375000000000014 0.13052619222005152 -0.22695468355932472
decision_type=2 2 2 2 2 2 2 2 2 2 2 2 2 2
left_child=6 2 3 -2 5 9 -1 -4 -8 -5 -7 -12 -3 -14
right_child=1 12 7 4 -6 10 8 -9 -10 -11 11 -13 13 -15
leaf_value=-0.13666559959283595 -0.064325959488799406 -0.22305089086294175 0.0080126544996164742 -0.35899121160821423 0.51235853705185519 0.057768159779982689 -0.060254708387743175 0.50289251017751124 0.25918407428544016 0.18457544349048222 -0.084232311509549629 -0.81377161404360887 0.096194843065819616 0.28783025452669453
leaf_weight=4677 699 55 79 45 130 116 1711 164 135 781 55 45 419 1689
leaf_count=4677 699 55 79 45 130 116 1711 164 135 781 55 45 419 1689
internal_value=0.000486738 0.166547 0.0936841 0.0611771 0.13602 0.088622 -0.108404 0.342698 -0.0367661 0.154564 -0.163095 -0.417332 0.237682 0.249803
internal_weight=10800 4277 2114 1871 1172 1042 6523 243 1846 826 216 100 2163 2108
internal_count=10800 4277 2114 1871 1172 1042 6523 243 1846 826 216 100 2163 2108
is_linear=0
shrinkage=0.05


Tree=70
num_leaves=15
num_cat=0
split_feature=65 29 57 40 36 36 21 36 48 21 24 24 51 42
split_gain=70513.1 8256.9 7595.55 17761.8 7008.41 8843.26 6541.16 6225.96 6886.28 5993.78 5490.71 5444.53 7571.43 6034.35
threshold=116.18365950000002 21.762500000000003 3.5000000000000004 76.625000000000014 18.395963541666671 21.325911458333337 1.4088495625161608e-05 20.71901041666667 8.1250000000000018 9.352934621520943e-06 300.20324800000009 297.26105400000006 1.5000000000000002 65.875000000000014
decision_type=2 2 2 2 2 2 2 2 2 2 2 2 2 2
left_child=-1 2 4 -4 -2 7 11 -6 -9 -7 -11 12 13 -3
right_child=1 6 3 -5 5 9 -8 8 -10 10 -12 -13 -14 -15
leaf_value=-0.10298346989730443 -0.1657247190493526 0.39834669914229642 0.91158402433055774 -0.1462408891501068 0.18372881534587845 -0.10009108578585663 0.18078576227631982 0.62506492610228559 0.096464472762362544 0.20366379058577566 -0.39547783183615381 -0.029042719938416978 0.62374811779777961 -0.2458949462131218
leaf_weight=6523 164 111 42 514 444 324 1365 220 86 584 40 66 264 53
leaf_count=6523 164 111 42 514 444 324 1365 220 86 584 40 66 264 53
internal_value=0.000463176 0.15822 0.0972425 -0.0648401 0.14565 0.175804 0.237439 0.303983 0.477302 0.0741824 0.164686 0.393301 0.458344 0.189918
internal_weight=10800 4277 2418 556 1862 1698 1859 750 306 948 624 494 428 164
internal_count=10800 4277 2418 556 1862 1698 1859 750 306 948 624 494 428 164
is_linear=0
shrinkage=0.05


Tree=71
num_leaves=15
num_cat=0
split_feature=65 65 29 41 46 17 43 60 47 36 46 13 46 51
split_gain=64374 11538.5 9322.58 8967.65 5360.72 6522.46 6182.79 4899.86 4611.4 7348.71 4653.86 4609.19 4467.4 4731.64
threshold=190.66043800000003 86.489938500000008 21.062500000000004 86.875000000000014 80.963541666666671 1.1692635583363182e-06 82.375000000000014 -0.9733555533461492 85.403645833333357 18.395963541666671 89.760416666666671 0.1662472149511437 65.661458333333357 2.5000000000000004
decision_type=2 2 2 2 2 2 2 2 2 2 2 2 2 2
left_child=1 -1 4 7 -3 -6 -7 -4 9 -2 11 12 -11 -14
right_child=8 2 3 -5 5 6 -8 -9 -10 10 -12 -13 13 -15
leaf_value=-0.11313910296579793 -0.25007772705296882 0.13596666435020741 0.56013535207935738 0.76432086027094304 -0.56051897012162955 -0.23465529877062835 0.055798689889325952 0.074708768648545254 0.4950620029494166 0.70454001092910767 -0.075414286805437769 0.06226185915876517 0.15557829937871887 0.30011953094140537
leaf_weight=5753 96 242 55 55 79 354 378 734 119 49 153 458 1175 1100
leaf_count=5753 96 242 55 55 79 354 378 734 119 49 153 458 1175 1100
internal_value=0.000449452 -0.0778824 0.0290432 0.152758 -0.0701675 -0.131769 -0.0847953 0.109213 0.190648 0.178537 0.192637 0.207401 0.235965 0.225568
internal_weight=10800 7650 1897 844 1053 811 732 789 3150 3031 2935 2782 2324 2275
internal_count=10800 7650 1897 844 1053 811 732 789 3150 3031 2935 2782 2324 2275
is_linear=0
shrinkage=0.05


Tree=72
num_leaves=15
num_cat=0
split_feature=65 65 29 41 46 17 43 60 34 47 36 46 32 22
split_gain=58105.6 10416.9 8422.48 8110.02 4840.84 5895.34 5581.6 4431.63 4264.74 4167.1 6636.9 4201.56 4328.29 6090.95
threshold=190.66043800000003 86.489938500000008 21.062500000000004 86.875000000000014 80.963541666666671 1.1692635583363182e-06 82.375000000000014 -0.9733555533461492 24.160416666666674 85.403645833333357 18.395963541666671 89.760416666666671 22.237500000000004 148.13106922916668
decision_type=2 2 2 2 2 2 2 2 2 2 2 2 2 2
left_child=1 -1 4 7 -3 -6 -7 -4 -9 10 -2 12 13 -12
right_child=9 2 3 -5 5 6 -8 8 -10 -11 11 -13 -14 -15
leaf_value=-0.10748312870742348 -0.23770274456936061 0.12919630929607315 0.53262870319719824 0.72678723960582703 -0.53284334691241386 -0.22295558208730859 0.053016115847783346 0.0054092527832835914 0.29224212678770223 0.47051518190652131 0.24933996746010836 -0.071668053631271642 0.083131535162481118 -0.16092761693767421
leaf_weight=5753 96 242 55 55 79 354 378 567 167 119 2045 153 643 94
leaf_count=5753 96 242 55 55 79 354 378 567 167 119 2045 153 643 94
internal_value=0.000436584 -0.0739838 0.027612 0.145203 -0.0666877 -0.125226 -0.0805677 0.103793 0.0709784 0.181138 0.169625 0.183025 0.197053 0.231244
internal_weight=10800 7650 1897 844 1053 811 732 789 734 3150 3031 2935 2782 2139
internal_count=10800 7650 1897 844 1053 811 732 789 734 3150 3031 2935 2782 2139
is_linear=0
shrinkage=0.05


Tree=73
num_leaves=15
num_cat=0
split_feature=65 65 29 41 46 17 8 8 30 47 36 24 22 25
split_gain=52440.1 9405.2 7617.04 7345.48 4360.02 5575.72 5286.34 4261.94 5258.91 6852.06 4961.74 4210.72 12460.7 7568.6
threshold=190.66043800000003 86.489938500000008 21.012500000000003 86.875000000000014 80.963541666666671 1.1692635583363182e-06 255.20086750000004 262.36879000000005 22.612500000000004 72.553385416666671 26.213020833333339 277.75656700000008 144.14977325520837 110.55984742745123
decision_type=2 2 2 2 2 2 2 2 2 2 2 2 2 2
left_child=1 -1 4 7 -3 -6 -7 8 9 -4 -10 12 -2 -13
right_child=11 2 3 -5 5 6 -8 -9 10 -11 -12 13 -14 -15
leaf_value=-0.10210990534022549 0.14884365634828448 0.12287114302770726 0.6840538261241691 0.69109680679227625 -0.51856156380116181 -0.03201296565354677 -0.48613038692675847 -0.3922302795307977 -0.0032645369187379496 0.052225885463172 0.42755416484622216 0.31890282464023795 -0.70176330804824838 -0.022809409311091045
leaf_weight=5753 2057 240 85 55 78 660 70 41 506 86 76 850 43 200
leaf_count=5753 2057 240 85 55 78 660 70 41 506 86 76 850 43 200
internal_value=0.000420351 -0.0702789 0.0262573 0.13749 -0.0638992 -0.119459 -0.0761639 0.098321 0.125516 0.368443 0.0536304 0.172086 0.131101 0.253855
internal_weight=10800 7650 1897 849 1048 808 730 794 753 171 582 3150 2100 1050
internal_count=10800 7650 1897 849 1048 808 730 794 753 171 582 3150 2100 1050
is_linear=0
shrinkage=0.05


Tree=74
num_leaves=15
num_cat=0
split_feature=65 65 29 41 36 49 41 41 47 26 24 53 52 45
split_gain=47324.3 8490.32 6886.71 6630.59 4088.3 4436.06 4774 4727.04 5300.83 5592.58 5038.23 3974.76 4803.14 6326.07
threshold=190.66043800000003 86.489938500000008 21.062500000000004 86.875000000000014 18.091406250000002 2.5000000000000004 85.875000000000014 76.875000000000014 80.944010416666671 19.762500000000003 255.41771600000001 -0.16280825711808986 0.58216583101416164 82.843750000000014
decision_type=2 2 2 2 2 2 2 2 2 2 2 2 2 2
left_child=1 -1 4 -4 -3 6 -6 -7 9 -9 -10 -2 -13 -14
right_child=11 2 3 -5 5 7 -8 8 10 -11 -12 12 13 -15
leaf_value=-0.097005297555897332 -0.11918506467714907 -0.47605095761162897 0.093846689656942706 0.65715901255607612 0.20660916801421442 0.19162095698781989 -0.10479817351334775 -0.75584177024780763 0.21608386874908492 -0.21617720949209551 -0.43752377861883585 0.1179023962230219 0.3932642775980919 0.16583126358025047
leaf_weight=5753 119 55 789 55 277 87 220 62 104 208 40 1676 468 887
leaf_count=5753 119 55 789 55 277 87 220 62 104 208 40 1676 468 887
internal_value=0.000400197 -0.0667621 0.0249588 0.13129 -0.0603112 -0.0369461 0.0688292 -0.141805 -0.212166 -0.342432 0.0327609 0.163478 0.174611 0.244616
internal_weight=10800 7650 1897 844 1053 998 497 501 414 270 144 3150 3031 1355
internal_count=10800 7650 1897 844 1053 998 497 501 414 270 144 3150 3031 1355
is_linear=0
shrinkage=0.05


Tree=75
num_leaves=15
num_cat=0
split_feature=65 65 36 57 22 24 51 9 47 43 15 48 46 47
split_gain=42715.5 7811 4189.91 5007.14 5940.04 7295.78 5259.09 5481.21 4609.63 5938.14 4267.33 3978.37 5635.71 3857.04
threshold=190.66043800000003 24.000000000000004 17.625651041666668 2.5000000000000004 137.21175876562504 300.20324800000009 1.5000000000000002 90.112818000000019 77.815104166666671 74.625000000000014 65.757307000000011 19.875000000000004 86.296875000000014 85.403645833333357
decision_type=2 2 2 2 2 2 2 2 2 2 2 2 2 2
left_child=1 -1 -3 8 10 6 -6 -8 9 -4 -5 12 -11 -2
right_child=13 2 3 4 5 -7 7 -9 -10 11 -12 -13 -14 -15
leaf_value=-0.10370332751074324 0.14424646016879783 -0.44935283941381121 0.015078417563939142 -0.061547097930472576 0.49223930968178647 -0.26393389610982521 0.26099965106940975 -0.088537626548320467 -0.026836108518913555 0.5803311883838157 -0.31615875770622587 0.019683740163842837 -0.020058046829174548 0.4336323230077202
leaf_weight=4677 3031 50 246 1123 98 122 227 220 397 177 192 71 50 119
leaf_count=4677 3031 50 246 1123 98 122 227 220 397 177 192 71 50 119
internal_value=0.000379423 -0.0634287 -5.67678e-05 0.00777981 -0.0373115 0.0841451 0.162404 0.0891543 0.102693 0.197096 -0.0989343 0.3468 0.448579 0.155313
internal_weight=10800 7650 2973 2923 1982 667 545 447 941 544 1315 298 227 3150
internal_count=10800 7650 2973 2923 1982 667 545 447 941 544 1315 298 227 3150
is_linear=0
shrinkage=0.05


Tree=76
num_leaves=15
num_cat=0
split_feature=65 65 5 52 13 43 22 57 36 25 64 42 27 36
split_gain=38554 7049.93 3899.97 6421.62 4751.04 4179.7 5237.43 5657.23 6789.6 4456.09 4434.34 3904.07 3844.33 5983.69
threshold=190.66043800000003 24.000000000000004 248.16158650000003 -0.84874750804349186 15.049730409386438 64.875000000000014 136.54920041145837 2.5000000000000004 18.666666666666668 103.46998804815223 187.36653000000004 83.125000000000014 22.087500000000002 24.250520833333336
decision_type=2 2 2 2 2 2 2 2 2 2 2 2 2 2
left_child=1 -1 3 4 -3 -5 7 8 -7 -8 -11 -10 13 -2
right_child=12 2 -4 5 -6 6 9 -9 11 10 -12 -13 -14 -15
leaf_value=-0.098519260985772808 0.14547482640282616 -0.044996792740292023 0.38001276666693617 -0.2373695974698268 -0.70636174210480285 -0.43768060960859628 0.45410498579781833 -0.08671365906839143 0.27224695673638505 -0.031671794486179163 0.21513007461678152 -0.0021060015841395455 0.25431480762924913 -0.10726972147964567
leaf_weight=4677 2224 53 65 165 55 52 91 1233 305 386 343 225 665 261
leaf_count=4677 2224 53 65 165 55 52 91 1233 305 386 343 225 665 261
internal_value=0.000363308 -0.060257 -5.15435e-05 -0.0086745 -0.385193 0.0059807 0.0213032 -0.0260849 0.102289 0.126097 0.084586 0.155992 0.147556 0.118897
internal_weight=10800 7650 2973 2908 108 2800 2635 1815 582 820 729 530 3150 2485
internal_count=10800 7650 2973 2908 108 2800 2635 1815 582 820 729 530 3150 2485
is_linear=0
shrinkage=0.05


Tree=77
num_leaves=15
num_cat=0
split_feature=65 65 24 57 51 25 36 25 24 49 40 24 47 36
split_gain=34797.4 6362.19 3703.23 11666.9 9102.32 6600.77 5497.68 4704.66 6683.51 5869.24 6879.91 4482.97 3735.26 5603.89
threshold=190.66043800000003 24.000000000000004 277.75656700000008 3.5000000000000004 3.5000000000000004 110.55984742745123 25.21510416666667 110.25738953028021 290.03840000000008 3.5000000000000004 79.125000000000014 278.51062050000002 82.251302083333357 18.395963541666671
decision_type=2 2 2 2 2 2 2 2 2 2 2 2 2 2
left_child=1 -1 3 12 -5 7 -7 8 9 11 -11 -4 13 -2
right_child=2 -3 5 4 -6 6 -8 -9 -10 10 -12 -13 -14 -15
leaf_value=-0.093594353848310968 -0.26912571021847514 -5.2755918302438606e-05 0.58475386326666923 -0.010482178690532844 -0.63659351751917892 -0.29951994899002948 0.22222980112954974 0.69804306672585592 -0.027239834536182679 1.1235569371117486 0.34885757654195743 0.17434361350914354 0.31323664502136517 0.1397620544563685
leaf_weight=4677 88 2973 79 188 83 101 99 61 176 44 83 407 285 1456
leaf_count=4677 88 2973 79 188 83 101 99 61 176 44 83 407 285 1456
internal_value=0.000344996 -0.0572463 0.140183 0.101767 -0.203879 0.216847 -0.0414331 0.277596 0.244247 0.322112 0.623938 0.24212 0.14714 0.116298
internal_weight=10800 7650 3150 2100 271 1050 200 850 789 613 127 486 1829 1544
internal_count=10800 7650 3150 2100 271 1050 200 850 789 613 127 486 1829 1544
is_linear=0
shrinkage=0.05


Tree=78
num_leaves=15
num_cat=0
split_feature=65 64 25 22 24 33 30 65 10 33 32 22 30 36
split_gain=31417.4 5853.16 4656.14 6889.83 4281.27 4530.13 4093.46 3714.31 3513.17 4361.09 4981.81 7007.16 6451.16 6465.58
threshold=190.66043800000003 102.75268950000002 100.22833971946149 129.95237014583338 307.27302800000007 19.065625000000004 26.737500000000004 63.145266500000005 31.238853250000002 22.940625000000004 20.487500000000004 138.76109273958335 21.012500000000003 24.179687500000004
decision_type=2 2 2 2 2 2 2 2 2 2 2 2 2 2
left_child=1 -1 3 -3 5 -4 -6 -7 9 10 11 -2 -12 -14
right_child=8 2 4 -5 6 7 -8 -9 -10 -11 12 -13 13 -15
leaf_value=-0.080710263637128687 0.16183849077991599 -0.0103649472890983 -0.38432989164509557 -0.40484018855248438 -0.36737913321307364 -0.066373951948787036 0.23235454897328123 0.17829124290688048 0.010894265971728601 0.31538164972453503 -0.23123686686604322 0.57059038054739308 0.19000631813261665 -0.090443853278786457
leaf_weight=5615 1032 686 43 131 93 189 40 853 495 369 166 116 678 294
leaf_count=5615 1032 686 43 131 93 189 40 853 495 369 166 116 678 294
internal_value=0.000338245 -0.0543846 0.0182576 -0.0740338 0.080174 0.113019 -0.18662 0.133892 0.133212 0.156004 0.130151 0.203602 0.055941 0.105173
internal_weight=10800 7650 2035 817 1218 1085 133 1042 3150 2655 2286 1148 1138 972
internal_count=10800 7650 2035 817 1218 1085 133 1042 3150 2655 2286 1148 1138 972
is_linear=0
shrinkage=0.05


Tree=79
num_leaves=15
num_cat=0
split_feature=65 9 26 47 36 38 32 24 57 24 52 51 65 26
split_gain=28428 8262.4 5424.45 5242.95 8550.92 5399.82 6909.02 4826.43 11287.8 6880.98 5366.81 6574.44 5307.5 5136.66
threshold=86.489938500000008 95.869577000000007 19.012500000000003 63.825520833333336 25.671614583333334 64.375000000000014 22.237500000000004 277.75656700000008 3.5000000000000004 300.20324800000009 0.41248606129204562 2.5000000000000004 121.32088650000001 23.962500000000002
decision_type=2 2 2 2 2 2 2 2 2 2 2 2 2 2
left_child=-1 7 -3 -4 5 -5 -7 8 13 -9 12 -12 -10 -2
right_child=1 2 3 4 -6 6 -8 9 10 -11 11 -13 -14 -15
leaf_value=-0.075652677238733368 0.12550250739413038 -0.26861234988656735 -0.43385603296260045 0.57637449793699314 0.63182550592947817 0.095776047075295037 -0.16799267328292167 0.26468697359052773 0.36029455450465675 -0.022074218597965985 -0.10688610120282678 -0.67039395079016684 -0.11737251581624152 0.59599288102239378
leaf_weight=5753 1835 185 59 40 58 626 410 1004 81 264 148 79 199 59
leaf_count=5753 1835 185 59 40 58 626 410 1004 81 264 148 79 199 59
internal_value=0.000321443 0.086921 -0.0174602 0.0216786 0.0457407 0.0135914 -0.00867252 0.126119 0.0843856 0.205012 -0.124976 -0.305077 0.0216002 0.140466
internal_weight=10800 5047 1378 1193 1134 1076 1036 3669 2401 1268 507 227 280 1894
internal_count=10800 5047 1378 1193 1134 1076 1036 3669 2401 1268 507 227 280 1894
is_linear=0
shrinkage=0.05


Tree=80
num_leaves=15
num_cat=0
split_feature=65 24 57 25 25 36 36 51 36 17 47 36 25 6
split_gain=25806.2 5060.82 14981.2 7805.19 7334.72 7284.73 5499.61 6646.03 7570.09 8234.8 7461.07 6276.35 7768.49 5278.67
threshold=116.18365950000002 277.75656700000008 3.5000000000000004 110.55984742745123 104.10919296887657 25.21510416666667 18.395963541666671 1.5000000000000002 23.168489583333336 2.5927198770225745e-06 75.419270833333357 21.325911458333337 98.16314542257372 98.124331000000012
decision_type=2 2 2 2 2 2 2 2 2 2 2 2 2 2
left_child=-1 2 6 -3 -4 -5 -2 10 11 -10 -8 -9 -13 -12
right_child=1 3 4 5 -6 -7 7 8 9 -11 13 12 -14 -15
leaf_value=-0.062272086893958391 -0.16826961966626575 0.23294979918150377 -0.06757408857909071 -0.27758868986684265 -0.48763528583590326 0.21376897473987061 0.1014162852106118 0.21926068363475459 0.66181982286475805 0.1552620799620793 -0.72739921172459931 -0.2132464557219812 0.12874223457046999 -0.045094904249364687
leaf_weight=6523 164 1127 356 164 146 138 201 789 147 177 59 245 510 54
leaf_count=6523 164 1127 356 164 146 138 201 789 147 177 59 245 510 54
internal_value=0.000309018 0.0957459 0.0571856 0.172503 -0.19047 -0.0530965 0.110238 0.131238 0.167004 0.386418 -0.0813907 0.120741 0.0176305 -0.404598
internal_weight=10800 4277 2848 1429 502 302 2346 2182 1868 324 314 1544 755 113
internal_count=10800 4277 2848 1429 502 302 2346 2182 1868 324 314 1544 755 113
is_linear=0
shrinkage=0.05


Tree=81
num_leaves=15
num_cat=0
split_feature=65 9 26 47 36 38 32 24 57 24 52 51 65 34
split_gain=23482.1 6941.79 4855.98 4805.54 7656.32 4919.27 5951.61 3964.45 9074.88 5945.81 4774 5770.24 4679.64 4422.08
threshold=86.489938500000008 95.869577000000007 19.012500000000003 63.825520833333336 25.671614583333334 64.375000000000014 22.237500000000004 277.75656700000008 3.5000000000000004 300.20324800000009 0.41248606129204562 2.5000000000000004 121.32088650000001 24.739583333333336
decision_type=2 2 2 2 2 2 2 2 2 2 2 2 2 2
left_child=-1 7 -3 -4 5 -5 -7 8 13 -9 12 -12 -10 -2
right_child=1 2 3 4 -6 6 -8 9 10 -11 11 -13 -14 -15
leaf_value=-0.068757636455264171 0.11595891346532419 -0.25430520226157483 -0.41576363893225787 0.55012708490759865 0.59797082325538342 0.088661615017569806 -0.15615017264401609 0.24190217454065177 0.3456107155510747 -0.024647451426201273 -0.094852826429293463 -0.6227173493802548 -0.10292065563146024 0.64131859234738642
leaf_weight=5753 1854 185 59 40 58 626 410 1004 81 264 148 79 199 40
leaf_count=5753 1854 185 59 40 58 626 410 1004 81 264 148 79 199 40
internal_value=0.000292012 0.0789987 -0.0166773 0.0203541 0.0433908 0.0129697 -0.00828051 0.114927 0.0771038 0.18643 -0.110619 -0.280484 0.0276012 0.127387
internal_weight=10800 5047 1378 1193 1134 1076 1036 3669 2401 1268 507 227 280 1894
internal_count=10800 5047 1378 1193 1134 1076 1036 3669 2401 1268 507 227 280 1894
is_linear=0
shrinkage=0.05


Tree=82
num_leaves=15
num_cat=0
split_feature=65 64 25 22 24 30 33 47 36 64 22 36 22 43
split_gain=21330.2 4387.48 3686.4 6027.58 3409.97 3601.2 3566.55 3275.31 4906.42 3092.27 3961.04 3945.68 3486.28 8049.35
threshold=190.66043800000003 102.75268950000002 100.22833971946149 129.95237014583338 307.27302800000007 26.737500000000004 19.065625000000004 85.403645833333357 18.395963541666671 275.16442350000005 147.37491395312503 25.21510416666667 143.83039347916667 87.375000000000014
decision_type=2 2 2 2 2 2 2 2 2 2 2 2 2 2
left_child=1 -1 3 -3 6 -6 -4 8 -2 12 -11 -12 -10 -14
right_child=7 2 4 -5 5 -7 -8 -9 9 10 11 -13 13 -15
leaf_value=-0.067601314286490549 -0.25046238388059677 -0.0044940633506712737 -0.33882208209146158 -0.37345217110194046 -0.33451749489424709 0.22789474049719372 0.12100644491453078 0.36611753248609608 0.11491276529641221 0.43091415164112318 -0.14664880376309158 0.31436618336980854 -0.16166325242912791 0.49832106334062037
leaf_weight=5615 96 686 43 131 93 40 1042 119 2247 162 89 95 288 54
leaf_count=5615 96 686 43 131 93 40 1042 119 2247 162 89 95 288 54
internal_value=0.000281307 -0.0448087 0.0180832 -0.064038 0.0731752 -0.164933 0.102488 0.109765 0.099583 0.111114 0.251354 0.0917879 0.0922822 -0.0563062
internal_weight=10800 7650 2035 817 1218 133 1085 3150 3031 2935 346 184 2589 342
internal_count=10800 7650 2035 817 1218 133 1085 3150 3031 2935 346 184 2589 342
is_linear=0
shrinkage=0.05


Tree=83
num_leaves=15
num_cat=0
split_feature=65 9 26 47 47 8 51 34 45 43 22 17 62 47
split_gain=19379.2 5802.56 4285.88 4398.1 6921.03 4612.13 3888.12 3630.01 6696.1 7322.31 4228.79 4113.49 3907.7 4496.56
threshold=86.489938500000008 95.869577000000007 19.012500000000003 63.825520833333336 66.623697916666686 259.12192600000009 3.5000000000000004 21.078125000000004 77.343750000000014 81.625000000000014 23.216666666666672 1.9810494292234628e-06 0.87837969732492682 77.855468750000014
decision_type=2 2 2 2 2 2 2 2 2 2 2 2 2 2
left_child=-1 7 6 -4 -5 -6 -3 8 -2 -10 11 -9 -11 -14
right_child=1 2 3 4 5 -7 -8 10 9 12 -12 -13 13 -15
leaf_value=-0.062458760236209637 0.68182569124868941 0.12590938235791224 -0.39813331555575138 0.46440596796488498 0.039542667250332064 -0.31433770833445679 -0.38147292643952285 0.54635327207291229 -0.17749470944130294 0.051622992992815989 0.12817191483475091 0.089077781059029637 0.47870377840858602 0.067797625002978784
leaf_weight=5753 41 52 59 88 945 101 133 126 312 1310 1532 81 125 142
leaf_count=5753 41 52 59 88 945 101 133 126 312 1310 1532 81 125 142
internal_value=0.000269074 0.0717698 -0.0157035 0.0190863 0.0411252 0.00510498 -0.238947 0.104618 0.0573642 0.043457 0.156999 0.368708 0.0872557 0.261238
internal_weight=10800 5047 1378 1193 1134 1046 185 3669 1930 1889 1739 207 1577 267
internal_count=10800 5047 1378 1193 1134 1046 185 3669 1930 1889 1739 207 1577 267
is_linear=0
shrinkage=0.05


Tree=84
num_leaves=15
num_cat=0
split_feature=65 9 0 47 36 8 0 65 17 17 25 45 24 35
split_gain=17493.6 5240.68 4117.91 3998.95 6611.5 4501.2 3468.55 3218.48 3988.19 6099.11 4988.02 4699.18 7206.61 8370.53
threshold=86.489938500000008 95.869577000000007 92.673793000000003 63.825520833333336 25.710807291666665 258.65802250000007 109.91590650000002 261.5324245000001 2.9592160239579114e-06 2.2746480028614838e-05 109.81433337420579 83.010416666666671 300.20324800000009 19.669270833333336
decision_type=2 2 2 2 2 2 2 2 2 2 2 2 2 2
left_child=-1 6 -3 -4 5 -5 7 8 11 -10 -11 12 13 -2
right_child=1 2 3 4 -6 -7 -8 -9 9 10 -12 -13 -14 -15
leaf_value=-0.059336365194436719 -0.53342395786728181 -0.23308315192334314 -0.37855842946718138 0.049525845730501894 0.57000501637480094 -0.27066538818180563 0.41716454909349399 0.15675655318844656 0.31437753990644451 0.015356703258435703 0.43256601608605894 -0.11866302329244822 -0.33706857421006381 0.20020191499125037
leaf_weight=5753 41 186 59 955 55 123 83 1248 306 770 78 525 88 530
leaf_count=5753 41 186 59 955 55 123 83 1248 306 770 78 525 88 530
internal_value=0.000261821 0.0681952 -0.0149352 0.0192716 0.0403038 0.012775 0.0994128 0.091944 0.0572955 0.1234 0.0541964 -0.0071835 0.0816732 0.146684
internal_weight=10800 5047 1378 1192 1133 1078 3669 3586 2338 1154 848 1184 659 571
internal_count=10800 5047 1378 1192 1133 1078 3669 3586 2338 1154 848 1184 659 571
is_linear=0
shrinkage=0.05


Tree=85
num_leaves=15
num_cat=0
split_feature=65 15 20 24 52 47 36 46 44 46 49 45 65 52
split_gain=15941.7 3664.96 4684.18 3923.66 3444.18 2995.01 4326.61 2970.84 3351.58 2616.08 4308.95 3871.75 3360.19 2515.52
threshold=190.66043800000003 24.000000000000004 116.87200450000002 307.27302800000007 0.91037613702198772 85.121093750000014 18.395963541666671 89.760416666666671 90.031250000000014 81.484375000000014 1.5000000000000002 72.177083333333357 146.96493750000002 0.41248606129204562
decision_type=2 2 2 2 2 2 2 2 2 2 2 2 2 2
left_child=1 2 -1 4 9 6 -2 8 -8 10 -4 -12 -11 -10
right_child=5 -3 3 -5 -6 -7 7 -9 13 12 11 -13 -14 -15
leaf_value=-0.040296440052131531 -0.24532335841989458 -0.066584834100412979 0.57587965292031651 -0.26184433823170727 0.47017856859243834 0.33895241024572992 0.095763670595387484 -0.1180372814938136 0.1056727946303519 0.070399321777104978 -0.17370228748549432 0.2184236814912989 -0.29700452698241564 0.55986766645950936
leaf_weight=1992 95 4642 60 72 64 120 2658 153 55 421 84 243 72 69
leaf_count=1992 95 4642 60 72 64 120 2658 153 55 421 84 243 72 69
internal_value=0.000249771 -0.038731 0.00426145 0.0915767 0.118781 0.0948995 0.0851254 0.0959013 0.107705 0.0927202 0.189844 0.117472 0.0162494 0.360867
internal_weight=10800 7650 3008 1016 944 3150 3030 2935 2782 880 387 327 493 124
internal_count=10800 7650 3008 1016 944 3150 3030 2935 2782 880 387 327 493 124
is_linear=0
shrinkage=0.05


Tree=86
num_leaves=15
num_cat=0
split_feature=65 15 49 46 30 51 51 6 47 36 46 32 35 21
split_gain=14389.3 3308.61 4248.81 3961.29 4806.75 3485.72 2856.84 2777.59 2755.35 3955.2 3345.18 3045.54 7221.41 6771.37
threshold=190.66043800000003 24.000000000000004 2.5000000000000004 82.848958333333357 22.987500000000004 1.5000000000000002 2.5000000000000004 166.95717700000003 85.015625000000014 18.091406250000002 89.760416666666671 20.412500000000005 20.667187500000004 7.028973393161898e-06
decision_type=2 2 2 2 2 2 2 2 2 2 2 2 2 2
left_child=1 2 3 4 5 -1 -5 -4 9 -2 11 13 -13 -11
right_child=8 -3 7 6 -6 -7 -8 -9 -10 10 -12 12 -14 -15
leaf_value=0.069371630697576112 -0.25223395897225404 -0.063256309887606138 -0.038439212641420056 -0.23543481213780934 -0.13893879836632148 0.61162806225633171 0.10841238549493476 0.16398153793311021 0.30873927029281645 0.38338805416755845 -0.15047385058487239 -0.30032778559252621 0.089860125032923829 0.093668822084398917
leaf_weight=42 86 4642 2294 77 44 102 267 182 137 272 137 127 1615 776
leaf_count=42 86 4642 2294 77 44 102 267 182 137 272 137 127 1615 776
internal_value=0.000242987 -0.0367912 0.00405771 0.132118 0.316023 0.455039 0.0309873 -0.0234999 0.0901663 0.0801287 0.0899769 0.101834 0.0612576 0.169157
internal_weight=10800 7650 3008 532 188 144 344 2476 3150 3013 2927 2790 1742 1048
internal_count=10800 7650 3008 532 188 144 344 2476 3150 3013 2927 2790 1742 1048
is_linear=0
shrinkage=0.05


Tree=87
num_leaves=15
num_cat=0
split_feature=65 64 54 47 47 40 48 25 25 45 47 51 52 46
split_gain=12986.2 3035.42 3419.8 3307.48 4974.16 2768.07 2968.07 2744.96 5167.45 6750.43 4070.59 5056.9 2676.45 4793.78
threshold=190.66043800000003 101.99091850000001 0.6078576107927941 78.128906250000014 64.346354166666671 86.875000000000014 20.125000000000004 104.14334355566672 105.41375802674405 79.739583333333357 76.108072916666671 1.5000000000000002 0.5277851165098012 82.005208333333357
decision_type=2 2 2 2 2 2 2 2 2 2 2 2 2 2
left_child=1 -1 7 4 -4 6 -6 -3 9 -9 11 -10 -2 -14
right_child=12 2 3 -5 5 -7 -8 8 10 -11 -12 -13 13 -15
leaf_value=-0.0540463416148112 0.04011552297762732 -0.067650236039011255 -0.28025496144120288 -0.085902923578396448 0.50670289725984463 -0.008036224695819395 0.065208808024628806 0.64668518666468278 0.19727416883509319 0.026236744138222298 0.24898739696773531 -0.21302077092257812 0.25730344856551196 0.070602572138585548
leaf_weight=5593 1595 991 40 111 153 53 51 76 103 102 107 270 513 1042
leaf_count=5593 1595 991 40 111 153 53 51 76 103 102 107 270 513 1042
internal_value=0.000233848 -0.0349485 0.0169797 0.1464 0.233217 0.313911 0.397186 -0.0151111 0.0639995 0.29328 -0.0214584 -0.0994976 0.0856607 0.132322
internal_weight=10800 7650 2057 408 297 257 204 1649 658 178 480 373 3150 1555
internal_count=10800 7650 2057 408 297 257 204 1649 658 178 480 373 3150 1555
is_linear=0
shrinkage=0.05


Tree=88
num_leaves=15
num_cat=0
split_feature=65 15 20 24 52 53 52 45 22 51 36 21 49 48
split_gain=11720 2854.52 3753.16 3455.25 3123.65 2654.78 3755.11 4339.55 10115.3 5947.9 6065.34 5163.3 4278.28 4194.65
threshold=190.66043800000003 24.000000000000004 116.87200450000002 307.27302800000007 0.91037613702198772 -0.16280825711808986 0.58216583101416164 82.843750000000014 135.9634828697917 2.5000000000000004 23.581770833333337 9.7600226787990613e-06 3.5000000000000004 3.8750000000000004
decision_type=2 2 2 2 2 2 2 2 2 2 2 2 2 2
left_child=1 2 -1 4 -4 -2 -7 8 13 10 -9 -10 -11 -8
right_child=5 -3 3 -5 -6 6 7 9 11 12 -12 -13 -14 -15
leaf_value=-0.035137675084758735 -0.14941361115993154 -0.057776693424733787 0.083623966195678218 -0.24873713528456753 0.4430658772215248 0.040412030254641178 0.31014796975586151 -0.27414625963766148 -0.18773521954814595 0.24281764891330943 0.17675668235040376 0.24851648925787548 -0.11710359823144972 0.86413771783312177
leaf_weight=1992 119 4642 880 72 64 1676 62 182 95 481 125 231 99 80
leaf_count=1992 119 4642 880 72 64 1676 62 182 95 481 125 231 99 80
internal_value=0.000228405 -0.0331947 0.00474736 0.0829048 0.108436 0.0813835 0.0904911 0.152358 0.275411 0.0871963 -0.0905761 0.121203 0.181287 0.626115
internal_weight=10800 7650 3008 1016 944 3150 3031 1355 468 887 307 326 580 142
internal_count=10800 7650 3008 1016 944 3150 3031 1355 468 887 307 326 580 142
is_linear=0
shrinkage=0.05


Tree=89
num_leaves=15
num_cat=0
split_feature=65 64 12 7 52 65 15 25 24 25 47 25 55 25
split_gain=10580.6 2641.09 3908.83 3291.37 3080.58 2715.5 3821.93 3915.12 3038.42 4958.31 4848.29 5804.94 5150.75 3425.21
threshold=190.66043800000003 193.94754600000002 100.98312750000001 169.59329650000004 -0.84874750804349186 24.000000000000004 129.10348450000001 110.83558801624868 280.08090150000004 103.31627607694045 73.740885416666671 105.16358070881857 -0.56174490092936669 101.27214067106148
decision_type=2 2 2 2 2 2 2 2 2 2 2 2 2 2
left_child=1 3 -3 5 -5 -1 7 8 9 13 11 -10 -13 -7
right_child=-2 2 -4 4 -6 6 -8 -9 10 -11 -12 12 -14 -15
leaf_value=-0.053650155470470078 0.077332637125044845 0.010970031206043045 0.33804176937196861 -0.47049827214918638 -0.11232693370603893 0.0069690821677893273 0.46237532259460457 -0.34565904281641308 0.70414688911508116 -0.22514145602804742 -0.051981140814558437 -0.23292685510977262 0.5136693240211504 0.32204000163142399
leaf_weight=4631 3150 625 106 75 291 1191 46 75 67 223 136 52 40 92
leaf_count=4631 3150 625 106 75 291 1191 46 75 67 223 136 52 40 92
internal_value=0.000223185 -0.0315337 0.0587947 -0.0410841 -0.186805 -0.032918 0.0170372 0.00587692 0.0206998 -0.00807885 0.167148 0.353733 0.0937131 0.0297951
internal_weight=10800 7650 731 6919 366 6553 1922 1876 1801 1506 295 159 92 1283
internal_count=10800 7650 731 6919 366 6553 1922 1876 1801 1506 295 159 92 1283
is_linear=0
shrinkage=0.05


Tree=90
num_leaves=15
num_cat=0
split_feature=65 64 17 24 65 53 3 5 49 34 25 25 46 35
split_gain=9608.18 3870.88 5041.1 5347.12 3823.16 3600.47 3297.85 2890.41 3714.19 4920.91 5585.08 6535.71 5583.39 5158.7
threshold=238.98002500000004 194.84658450000003 5.28078295052665e-06 296.45735250000007 228.35139800000002 0.13052619222005152 66.72361100000002 24.000000000000004 2.5000000000000004 16.935416666666672 103.31627607694045 100.97654148591421 83.005208333333357 19.712500000000002
decision_type=2 2 2 2 2 2 2 2 2 2 2 2 2 2
left_child=1 4 -3 -4 7 -2 -7 8 9 -1 11 12 -11 -14
right_child=5 2 3 -5 -6 6 -8 -9 -10 10 -12 -13 13 -15
leaf_value=-0.36076153719200277 -0.30150760297796558 -0.036718203704294232 0.078338180428355123 0.42656884511880994 -0.4970120520061917 0.12926638349351549 -0.055392389966168291 -0.056540148469648624 -0.031415698168642828 0.41225424734413202 -0.12389880690204268 0.67857462554725245 0.19916191087728463 -0.20604967227784182
leaf_weight=52 55 693 473 143 44 1830 278 4917 1630 140 155 66 193 131
leaf_count=52 55 693 473 143 44 1830 278 4917 1630 140 155 66 193 131
internal_value=0.000216392 -0.0233863 0.055783 0.159738 -0.037534 0.0944306 0.104899 -0.0346906 0.0107025 0.10377 0.139509 0.216631 0.149606 0.0351965
internal_weight=10800 8637 1309 616 7328 2163 2108 7284 2367 737 685 530 464 324
internal_count=10800 8637 1309 616 7328 2163 2108 7284 2367 737 685 530 464 324
is_linear=0
shrinkage=0.05


Tree=91
num_leaves=15
num_cat=0
split_feature=65 47 36 46 44 7 17 64 24 40 18 33 36 36
split_gain=8671.59 2500.93 3485.63 2512.64 2996.9 2226.28 6611.35 3469.85 3962.77 3002.52 5500.59 2880.31 3852.06 4746.95
threshold=190.66043800000003 85.121093750000014 18.395963541666671 89.760416666666671 90.031250000000014 24.000000000000004 1.9810494292234628e-06 251.44647600000002 288.22990800000008 82.875000000000014 45.999148000000012 22.021875000000005 21.497656250000002 20.71901041666667
decision_type=2 2 2 2 2 2 2 2 2 2 2 2 2 2
left_child=-1 2 -2 4 5 6 -4 8 9 10 -7 12 13 -11
right_child=1 -3 3 -5 -6 7 -8 -9 -10 11 -12 -13 -14 -15
leaf_value=-0.028542897610776594 -0.23546897268388423 0.29298850972020674 0.4871590948000819 -0.12593462309715422 0.32096502252966164 0.30528728871129901 -0.095923195449613974 0.11574051555848137 -0.2980764850150221 -0.11369874348409129 -0.035562584986325918 0.34368556907231157 -0.20093880180281856 0.2971105180680752
leaf_weight=7650 95 120 110 153 124 216 86 1251 103 171 260 43 300 118
leaf_count=7650 95 120 110 153 124 216 86 1251 103 171 260 43 300 118
internal_value=0.000206754 0.0700142 0.0610898 0.0707658 0.0816249 0.0703428 0.232129 0.057374 -0.00296608 0.0247115 0.119425 -0.046699 -0.0757332 0.0544826
internal_weight=10800 3150 3030 2935 2782 2658 196 2462 1211 1108 476 632 589 289
internal_count=10800 3150 3030 2935 2782 2658 196 2462 1211 1108 476 632 589 289
is_linear=0
shrinkage=0.05


Tree=92
num_leaves=15
num_cat=0
split_feature=15 49 24 24 47 35 31 51 29 26 22 45 51 52
split_gain=7952.12 5159.23 5630.7 12861 9346.08 10281.6 5248.18 5106.64 6029.36 5799.36 6845.2 12387.6 10439.3 8186.26
threshold=24.000000000000004 3.5000000000000004 274.65417650000006 273.12119300000006 69.212239583333357 21.875520833333336 27.437500000000004 2.5000000000000004 16.025000000000002 19.762500000000003 143.3531295416667 82.906250000000014 1.5000000000000002 0.68322629814330837
decision_type=2 2 2 2 2 2 2 2 2 2 2 2 2 2
left_child=1 7 3 -3 5 -4 -7 9 -9 -1 11 12 -11 -14
right_child=-2 2 4 -5 -6 6 -8 8 -10 10 -12 -13 13 -15
leaf_value=-0.3121884343735874 -0.047252546433950236 -0.024686456575364165 1.0504889696836472 -0.67443052032325845 -0.016753735158506419 -0.12755281923160161 0.40931972056382993 -0.29600289565324783 0.16292942884250375 0.021569071320647545 -0.12869959740652906 -0.07427047129337902 0.24414366883681204 0.81088806586187401
leaf_weight=124 4857 2122 44 78 459 72 121 74 1610 186 388 408 136 121
leaf_count=124 4857 2122 44 78 459 72 121 74 1610 186 388 408 136 121
internal_value=0.000201178 0.0389848 -0.00880166 -0.0480188 0.115052 0.369318 0.209411 0.0843911 0.142599 0.0124231 0.045136 0.124452 0.307228 0.513085
internal_weight=10800 5943 2896 2200 696 237 193 3047 1684 1363 1239 851 443 257
internal_count=10800 5943 2896 2200 696 237 193 3047 1684 1363 1239 851 443 257
is_linear=0
shrinkage=0.05


Tree=93
num_leaves=15
num_cat=0
split_feature=65 64 17 24 65 53 52 21 7 52 65 34 25 36
split_gain=7202.6 3254.47 4664.51 4779.18 3480.47 3136.94 2951.8 2780.6 2703.7 3188.37 3083.74 7444.78 4752.14 4351.73
threshold=238.98002500000004 194.84658450000003 5.28078295052665e-06 296.45735250000007 228.35139800000002 0.13052619222005152 -0.22695468355932472 1.4088495625161608e-05 169.59329650000004 -0.84874750804349186 71.13744800000002 25.198958333333337 110.83558801624868 18.395963541666671
decision_type=2 2 2 2 2 2 2 2 2 2 2 2 2 2
left_child=1 4 -3 7 8 -2 -7 -4 10 -10 -1 12 13 -12
right_child=5 2 3 -5 -6 6 -8 -9 9 -11 11 -13 -14 -15
leaf_value=-0.040139612946397542 -0.28777770966989918 -0.036625087066615263 0.46898347742673829 0.40461430586660757 -0.47161040544509891 -0.027198394941432138 0.12099641929237315 0.038034071801401989 -0.44075318192572976 -0.089000593199567921 -0.29366891767297471 0.70560644901380309 -0.4211132936950388 0.063912688339201496
leaf_weight=5282 55 693 40 143 44 419 1689 433 75 429 90 40 57 1311
leaf_count=5282 55 693 40 143 44 419 1689 433 75 429 90 40 57 1311
internal_value=0.000195737 -0.0202397 0.0523525 0.152349 -0.0332123 0.0817676 0.0915413 0.0753905 -0.0304997 -0.142114 -0.022183 0.0411173 0.022416 0.0407486
internal_weight=10800 8637 1309 616 7328 2163 2108 473 7284 504 6780 1498 1458 1401
internal_count=10800 8637 1309 616 7328 2163 2108 473 7284 504 6780 1498 1458 1401
is_linear=0
shrinkage=0.05


Tree=94
num_leaves=15
num_cat=0
split_feature=15 49 24 24 47 35 31 51 35 22 51 53 29 54
split_gain=6632.18 4362.36 4837.05 11802.4 8572.94 9261 4628.89 4560.28 5463.33 8468.6 8408.89 9885.57 5193.19 5141.81
threshold=24.000000000000004 3.5000000000000004 274.65417650000006 273.12119300000006 69.212239583333357 21.875520833333336 27.437500000000004 2.5000000000000004 20.761458333333337 143.3531295416667 1.5000000000000002 0.60876142900872032 16.025000000000002 0.87837969732492682
decision_type=2 2 2 2 2 2 2 2 2 2 2 2 2 2
left_child=1 7 3 -3 5 -4 -7 8 -1 10 13 -12 -9 -10
right_child=-2 2 4 -5 -6 6 -8 12 9 -11 11 -13 -14 -15
leaf_value=-0.17142415095178876 -0.043152263798692247 -0.022335252702390593 0.99645561271243632 -0.64476477315154268 -0.019772673406607835 -0.11825590211234681 0.3859599867501663 -0.27469202899808687 0.11900510906258173 -0.11952136306144545 0.77611041822940996 0.15988090030554189 0.1512300904630326 -0.32210623749510148
leaf_weight=319 4857 2122 44 78 459 72 121 74 284 390 100 185 1610 85
leaf_count=319 4857 2122 44 78 459 72 121 74 284 390 100 185 1610 85
internal_value=0.000184535 0.0356034 -0.00833781 -0.0446861 0.106456 0.349979 0.198219 0.0773561 0.00934878 0.0646961 0.174565 0.378059 0.132362 0.0167982
internal_weight=10800 5943 2896 2200 696 237 193 3047 1363 1044 654 285 1684 369
internal_count=10800 5943 2896 2200 696 237 193 3047 1363 1044 654 285 1684 369
is_linear=0
shrinkage=0.05


Tree=95
num_leaves=15
num_cat=0
split_feature=65 64 47 41 17 25 47 24 51 49 51 43 36 17
split_gain=6127.3 5190.33 2955.31 2696.58 2646.55 3273.11 5265.38 3407.46 2667.16 2606.02 2436.69 2380.54 2949 2881.89
threshold=261.5324245000001 265.70148350000005 85.757812500000014 87.875000000000014 2.0018641137551049e-06 104.33527907377577 69.212239583333357 263.86678650000005 2.5000000000000004 3.5000000000000004 2.5000000000000004 79.625000000000014 24.062760416666674 1.0026559406380949e-06
decision_type=2 2 2 2 2 2 2 2 2 2 2 2 2 2
left_child=1 11 3 4 5 6 -2 9 -7 -8 -9 -1 13 -13
right_child=2 -3 -4 -5 -6 8 7 10 -10 -11 -12 12 -14 -15
leaf_value=-0.043572694808509789 0.7743745165579814 0.15053384475778253 0.51136639253344651 -0.093753385509369694 0.030110357573420482 -0.061182694270307793 0.43060560636815559 -0.26778116496462451 0.37283519675334298 0.015795992506558405 0.18265623241816076 -0.092870410093583655 0.13480261321363116 0.017652583249395139
leaf_weight=5269 46 458 42 172 463 165 156 50 44 50 72 758 410 2645
leaf_count=5269 46 458 42 172 463 165 156 50 44 50 72 758 410 2645
internal_value=0.000179254 -0.0135111 0.103763 0.0892998 0.119461 0.190248 0.278622 0.206954 0.0315298 0.330486 -0.00262548 -0.0217994 0.00829155 -0.00698587
internal_weight=10800 9540 1260 1218 1046 583 374 328 209 206 122 9082 3813 3403
internal_count=10800 9540 1260 1218 1046 583 374 328 209 206 122 9082 3813 3403
is_linear=0
shrinkage=0.05


Tree=96
num_leaves=15
num_cat=0
split_feature=15 49 24 24 47 35 31 51 26 22 45 51 52 54
split_gain=5613.43 3766.24 4153.71 10644.1 7650.12 8140.6 4100.39 3960.96 4803.99 5554.94 10652.9 8591.11 6837.44 5947.15
threshold=24.000000000000004 3.5000000000000004 274.65417650000006 273.12119300000006 69.212239583333357 21.875520833333336 27.437500000000004 2.5000000000000004 19.762500000000003 143.3531295416667 82.906250000000014 1.5000000000000002 0.68322629814330837 0.87837969732492682
decision_type=2 2 2 2 2 2 2 2 2 2 2 2 2 2
left_child=1 7 3 -3 5 -4 -7 8 -1 10 11 -10 -13 -12
right_child=-2 2 4 -5 -6 6 -8 -9 9 -11 13 12 -14 -15
leaf_value=-0.28726129919737575 -0.039689848536607106 -0.020521114108662 0.93446881691614792 -0.61161690482610398 -0.020923575190827253 -0.11178451194140858 0.36277081111720844 0.12282426347377094 0.019764127682167343 -0.11863912692243249 0.0072339463294645223 0.21989896163942607 0.73780752348362422 -0.5175372441182845
leaf_weight=124 4857 2122 44 78 459 72 121 1684 186 388 345 136 121 63
leaf_count=124 4857 2122 44 78 459 72 121 1684 186 388 345 136 121 63
internal_value=0.000179836 0.0327651 -0.00806353 -0.0417465 0.0983128 0.328357 0.186071 0.0715603 0.00817951 0.0379552 0.109407 0.278907 0.465654 -0.0748642
internal_weight=10800 5943 2896 2200 696 237 193 3047 1363 1239 851 443 257 408
internal_count=10800 5943 2896 2200 696 237 193 3047 1363 1239 851 443 257 408
is_linear=0
shrinkage=0.05


Tree=97
num_leaves=15
num_cat=0
split_feature=65 64 47 41 44 17 24 24 49 25 39 26 25 32
split_gain=5349.01 4452.82 2615.33 2437.24 2286.19 2177.38 2168.4 5694.57 4123.62 3416 2241.9 2971.51 2154.06 2021.34
threshold=261.5324245000001 260.04007850000005 85.757812500000014 87.125000000000014 90.031250000000014 1.1809109315730381e-05 277.22543400000006 278.51062050000002 3.5000000000000004 99.971251996581813 82.875000000000014 20.212500000000002 110.25738953028021 21.212500000000002
decision_type=2 2 2 2 2 2 2 2 2 2 2 2 2 2
left_child=1 -1 3 4 6 -3 9 -8 -9 10 11 -2 -7 -11
right_child=2 5 -4 -5 -6 12 7 8 -10 13 -12 -13 -14 -15
leaf_value=-0.021712869258281173 0.084721929515711961 0.027879882965014497 0.48039429076882301 -0.073599331793420528 0.41745187377525589 0.12543998637502748 0.73475540515988369 0.035707870171058413 0.52074652123001386 0.041745369592609334 0.065082842503459401 0.65626660069927234 0.42019474841026438 -0.23788969756748815
leaf_weight=8909 49 334 42 205 58 209 42 254 52 128 259 42 88 129
leaf_count=8909 49 334 42 205 58 209 42 254 52 128 259 42 88 129
internal_value=0.000173977 -0.0126174 0.0969558 0.0833506 0.115154 0.115632 0.0963767 0.195701 0.11956 0.0392049 0.140675 0.352778 0.213892 -0.0989942
internal_weight=10800 9540 1260 1218 1013 631 955 348 306 607 350 91 297 257
internal_count=10800 9540 1260 1218 1013 631 955 348 306 607 350 91 297 257
is_linear=0
shrinkage=0.05


Tree=98
num_leaves=15
num_cat=0
split_feature=65 64 47 41 46 43 22 22 25 24 65 22 48 47
split_gain=4837.24 4085.26 2366.18 2202.85 2074.92 1955.53 2671.52 5841.07 4775.39 4619.53 3924.42 2699.8 3434.31 2543.54
threshold=261.5324245000001 265.70148350000005 85.757812500000014 87.125000000000014 87.005208333333357 79.625000000000014 132.85421945312501 131.20599068750002 103.01617201837239 278.11863750000003 84.261643500000005 127.35229659895835 10.625000000000002 72.779947916666671
decision_type=2 2 2 2 2 2 2 2 2 2 2 2 2 2
left_child=1 5 3 4 -2 -1 7 11 10 -10 -8 13 -13 -7
right_child=2 -3 -4 -5 -6 6 8 -9 9 -11 -12 12 -14 -15
leaf_value=-0.03907103169730209 0.086671605186032868 0.133554063090387 0.45693317166594571 -0.069937228225171566 0.33475511234293703 0.20854978558535758 -0.041708817345336664 -0.28155011580222183 -0.1442728699470098 0.094600005271773438 0.34183390249346951 0.31705538658166516 -0.034417261293640845 -0.031238781664915977
leaf_weight=5269 921 458 42 205 92 116 93 197 315 562 233 143 134 2020
leaf_count=5269 921 458 42 205 92 116 93 197 315 562 233 143 134 2020
internal_value=0.000180449 -0.0119836 0.0922161 0.0792751 0.10951 -0.0193369 0.00793591 -0.0204789 0.0695499 0.00873528 0.232625 0.000942996 0.147517 -0.0181251
internal_weight=10800 9540 1260 1218 1013 9082 3813 2610 1203 877 326 2413 277 2136
internal_count=10800 9540 1260 1218 1013 9082 3813 2610 1203 877 326 2413 277 2136
is_linear=0
shrinkage=0.05


Tree=99
num_leaves=15
num_cat=0
split_feature=15 49 51 29 35 22 51 53 45 54 46 22 35 62
split_gain=4368.32 3036.5 3558.59 4556.94 4462.52 6913.53 6499.57 8132.92 4754.94 4195.04 4123.34 3829.07 3691.82 3322.31
threshold=24.000000000000004 3.5000000000000004 2.5000000000000004 16.025000000000002 20.796875000000004 143.3531295416667 1.5000000000000002 0.63405362205439486 76.177083333333357 0.87837969732492682 82.848958333333357 146.95078990625004 21.735416666666669 1.0000000180025095e-35
decision_type=2 2 2 2 2 2 2 2 2 2 2 2 2 2
left_child=1 2 4 -4 10 6 9 -8 11 -6 -1 -7 -10 -12
right_child=-2 -3 3 -5 5 8 7 -9 12 -11 13 -13 -14 -15
leaf_value=0.038197222559544067 -0.034993500495693747 -0.0077375437718958592 -0.26890350035826366 0.13002703806710869 0.10822448180773765 -0.63995397223366635 0.68385836946112777 0.12747564776748252 -0.35009020717769135 -0.29249661926399256 -0.084488478391653021 -0.14740220220537475 0.1862173141571819 -0.51661851857740859
leaf_weight=148 4857 2896 74 1610 281 53 104 177 40 84 83 150 147 96
leaf_count=148 4857 2896 74 1610 281 53 104 177 40 84 83 150 147 96
internal_value=0.000177592 0.0289227 0.0637573 0.112348 0.00368509 0.0545266 0.154796 0.335091 -0.111531 0.0154565 -0.157066 -0.278506 0.0702471 -0.317828
internal_weight=10800 5943 3047 1684 1363 1036 646 281 390 365 327 203 187 179
internal_count=10800 5943 3047 1684 1363 1036 646 281 390 365 327 203 187 179
is_linear=0
shrinkage=0.05


Tree=100
num_leaves=15
num_cat=0
split_feature=65 64 47 41 17 25 25 24 49 51 51 53 57 21
split_gain=4115.84 3598.51 2118.16 2015.3 2072.52 2688.56 4243.32 2984.12 2258.78 2073.8 1995.2 1869.58 1786.97 1785.06
threshold=261.5324245000001 265.70148350000005 85.757812500000014 87.125000000000014 2.0018641137551049e-06 104.33527907377577 103.12805452538002 263.86678650000005 3.5000000000000004 2.5000000000000004 2.5000000000000004 0.98611507088852057 3.5000000000000004 1.0749051175988377e-05
decision_type=2 2 2 2 2 2 2 2 2 2 2 2 2 2
left_child=1 -1 3 4 5 6 7 8 -2 13 -9 -6 -5 -7
right_child=2 -3 -4 12 11 9 -8 10 -10 -11 -12 -13 -14 -15
leaf_value=-0.017957984358861864 0.39084583737005463 0.12553583736529408 0.43012316272875606 0.0079140964021653295 -0.065804995188776125 -0.29475794927803456 0.69211752371902158 -0.26386643204034543 0.025551411410172781 0.32755812926387251 0.17635453523387418 0.14023325884451418 -0.34844345768292745 0.054852734595141589
leaf_weight=9082 150 458 42 161 259 53 46 50 59 43 51 190 44 112
leaf_count=9082 150 458 42 161 259 53 46 50 59 43 51 190 44 112
internal_value=0.000163764 -0.0110566 0.0850597 0.0728178 0.101738 0.165465 0.248722 0.180913 0.288337 0.0224593 -0.042027 0.0215006 -0.0698926 -0.0585456
internal_weight=10800 9540 1260 1218 1013 564 356 310 209 208 101 449 205 165
internal_count=10800 9540 1260 1218 1013 564 356 310 209 208 101 449 205 165
is_linear=0
shrinkage=0.05


Tree=101
num_leaves=15
num_cat=0
split_feature=15 49 32 22 36 25 24 24 47 35 31 29 31 21
split_gain=3733.18 2601.54 3196.5 4235.47 9267.5 3186.34 3143.82 9311.78 6763.7 7063.61 3447.17 2943.17 3491.48 4349.17
threshold=24.000000000000004 3.5000000000000004 22.237500000000004 148.13106922916668 23.976302083333341 108.0147368726637 274.65417650000006 273.12119300000006 69.212239583333357 21.875520833333336 27.437500000000004 16.025000000000002 22.987500000000004 9.352934621520943e-06
decision_type=2 2 2 2 2 2 2 2 2 2 2 2 2 2
left_child=1 2 3 4 11 -6 7 -3 9 -8 -11 -1 -13 -14
right_child=-2 6 -4 -5 5 -7 8 -9 -10 10 -12 12 13 -15
leaf_value=-0.25580264794826507 -0.032351885104302501 -0.016649946730954154 -0.045910006568146783 -0.2417555356534043 0.25992034048135593 0.69172138291962293 0.8662295701768663 -0.56951468926441817 -0.026753544331826879 -0.10394308420587076 0.33116111610634408 0.13791955113226637 -0.17278787462509945 0.062322366419279122
leaf_weight=74 4857 2122 586 95 367 48 44 78 459 72 121 858 265 754
leaf_count=74 4857 2122 586 95 367 48 44 78 459 72 121 858 265 754
internal_value=0.000161966 0.0267353 0.0589786 0.0839626 0.0971375 0.311406 -0.00719779 -0.0365014 0.0853479 0.301656 0.169143 0.0514239 0.063666 0.0010704
internal_weight=10800 5943 3047 2461 2366 415 2896 2200 696 237 193 1951 1877 1019
internal_count=10800 5943 3047 2461 2366 415 2896 2200 696 237 193 1951 1877 1019
is_linear=0
shrinkage=0.05


Tree=102
num_leaves=15
num_cat=0
split_feature=65 64 17 32 36 25 42 47 24 25 32 25 7 33
split_gain=3571.29 3120.74 1997.81 1888.3 1919.52 1782.33 1934.48 1658.03 2022.32 3941.19 4423.61 3350.85 3161.67 2897.98
threshold=261.5324245000001 260.04007850000005 1.1809109315730381e-05 23.212500000000002 25.307031250000005 110.25738953028021 61.625000000000007 85.757812500000014 274.28284400000007 105.86682911295337 21.062500000000004 99.971251996581813 251.85101150000006 20.756250000000005
decision_type=2 2 2 2 2 2 2 2 2 2 2 2 2 2
left_child=1 -1 -3 7 -5 -4 -7 8 11 10 -10 12 13 -2
right_child=3 2 5 4 -6 6 -8 -9 9 -11 -12 -13 -14 -15
leaf_value=-0.017908331160152762 -0.0095997807100741545 0.013061729271465273 0.11075177879028378 -0.2402639090313631 0.17674759684539423 0.14966656979411205 0.62050379516426912 0.40430071499458581 0.15912730291332167 0.044106852098960772 0.705926564677817 -0.094791591668931349 0.52756129188399592 0.28603624656420795
leaf_weight=8909 273 334 209 84 40 46 42 42 96 219 60 285 43 118
leaf_count=8909 273 334 209 84 40 46 42 42 96 219 60 285 43 118
internal_value=0.000157959 -0.0102939 0.0970721 0.0792385 -0.105406 0.191187 0.378831 0.0994684 0.087407 0.181384 0.372592 0.0382087 0.125565 0.0801224
internal_weight=10800 9540 631 1260 124 297 88 1136 1094 375 156 719 434 391
internal_count=10800 9540 631 1260 124 297 88 1136 1094 375 156 719 434 391
is_linear=0
shrinkage=0.05


Tree=103
num_leaves=15
num_cat=0
split_feature=65 64 32 36 36 36 28 43 17 52 47 47 36 24
split_gain=3228.63 2836.38 1706.19 1735.49 1635.7 3803.19 1633 1702.59 2276.57 4591.82 4310.6 4748.09 3811.27 3501.93
threshold=261.5324245000001 266.11977550000006 23.212500000000002 25.307031250000005 25.671614583333334 25.257291666666671 16.025000000000002 79.625000000000014 1.0026559406380949e-06 0.91037613702198772 77.669270833333357 82.167968750000014 21.399479166666669 268.00463550000006
decision_type=2 2 2 2 2 2 2 2 2 2 2 2 2 2
left_child=1 6 4 -4 5 -2 -1 -8 10 -10 -9 12 -12 -14
right_child=2 -3 3 -5 -6 -7 7 8 9 -11 11 -13 13 -15
leaf_value=-0.2952173214405775 0.08689214968216312 0.1131918264759217 -0.22839204624569154 0.16812576341738061 -0.15765446604641736 0.5139670844714751 -0.032592792565804586 0.050988124115311763 0.0074374813492695778 0.18803017472626229 -0.035783004741927589 0.042960695763725014 -0.68385559137616503 -0.24208650046878533
leaf_weight=51 1022 446 84 40 60 54 5263 460 2452 410 98 171 75 114
leaf_count=51 1022 446 84 40 60 54 5263 460 2452 410 98 171 75 114
internal_value=0.000163186 -0.00977457 0.0753543 -0.100161 0.0945839 0.108783 -0.015817 -0.0142088 0.0113895 0.0333652 -0.0570846 -0.165504 -0.289429 -0.420068
internal_weight=10800 9540 1260 124 1136 1076 9094 9043 3780 2862 918 458 287 189
internal_count=10800 9540 1260 124 1136 1076 9094 9043 3780 2862 918 458 287 189
is_linear=0
shrinkage=0.05


Tree=104
num_leaves=15
num_cat=0
split_feature=15 49 36 22 36 43 47 36 41 51 42 45 46 36
split_gain=2952.35 2133.53 3111.82 2963.43 4231.26 4350.78 3412.7 3658.43 3312.07 3128.64 2966.8 2846.76 3646.75 3084.24
threshold=24.000000000000004 3.5000000000000004 26.592968750000008 148.4124377447917 23.663020833333334 80.375000000000014 82.251302083333357 22.610416666666669 81.875000000000014 1.5000000000000002 53.875000000000007 67.406250000000014 69.776041666666671 25.307031250000005
decision_type=2 2 2 2 2 2 2 2 2 2 2 2 2 2
left_child=1 2 3 4 6 11 8 -8 -1 -7 -11 -6 -13 -14
right_child=-2 -3 -4 -5 5 9 7 -9 -10 10 -12 12 13 -15
leaf_value=0.089528148660450724 -0.028761609318166181 -0.006945408146992689 -0.35981551706170045 -0.13879487695580536 0.44439634788958798 0.059674377042111482 0.11099544756279207 0.59591368436813352 -0.056049463785287301 0.16017915420234205 0.48478935013966346 -0.3789333477831231 -0.023648661576392439 0.30918593108654024
leaf_weight=644 4857 2896 44 177 41 118 293 44 990 114 189 51 246 96
leaf_count=644 4857 2896 44 177 41 118 293 44 990 114 189 51 246 96
internal_value=0.000152693 0.0237842 0.0529836 0.0591497 0.0715922 0.164418 0.0312624 0.175884 0.00134596 0.278748 0.363587 0.0531263 0.0112824 0.0704076
internal_weight=10800 5943 3047 3003 2826 855 1971 337 1634 421 303 434 393 342
internal_count=10800 5943 3047 3003 2826 855 1971 337 1634 421 303 434 393 342
is_linear=0
shrinkage=0.05


Tree=105
num_leaves=15
num_cat=0
split_feature=65 64 17 42 47 61 41 44 24 24 49 25 47 36
split_gain=2811.93 2508.12 1763.62 1672.97 1650.42 1600.16 1591.16 1795.89 1558.52 4016.11 3137.62 2500.85 1864.12 2478.06
threshold=261.5324245000001 260.04007850000005 1.1809109315730381e-05 71.875000000000014 85.757812500000014 -0.72947329433276253 87.125000000000014 90.031250000000014 277.22543400000006 278.51062050000002 3.5000000000000004 99.971251996581813 75.100260416666671 20.71901041666667
decision_type=2 2 2 2 2 2 2 2 2 2 2 2 2 2
left_child=1 -1 -3 5 6 -4 7 8 11 -10 -11 12 -2 -14
right_child=4 2 3 -5 -6 -7 -8 -9 9 10 -12 -13 13 -15
leaf_value=-0.015949713695795911 -0.030151902423686774 0.0082090798246938351 0.07047257249568438 0.46073462939397852 0.37489151635835338 0.41198990141473169 -0.067271252306521812 0.35307251033452103 0.60544432276903204 0.015821147689632341 0.43883554710707862 -0.098060831667985349 0.029956839946456829 0.37710780149813994
leaf_weight=8909 145 334 214 43 42 40 205 58 42 254 52 257 103 102
leaf_count=8909 145 334 214 43 42 40 205 58 42 254 52 257 103 102
internal_value=0.0001509 -0.0091234 0.087129 0.175555 0.0703222 0.12566 0.0595209 0.0852207 0.068601 0.152799 0.0889012 0.0201575 0.106996 0.203678
internal_weight=10800 9540 631 297 1260 254 1218 1013 955 348 306 607 350 205
internal_count=10800 9540 631 297 1260 254 1218 1013 955 348 306 607 350 205
is_linear=0
shrinkage=0.05


Tree=106
num_leaves=15
num_cat=0
split_feature=65 64 26 47 41 44 24 24 49 49 17 32 31 47
split_gain=2542.77 2317.44 1498.02 1493.18 1451.21 1634.34 1559.04 3598.63 2772.9 2225.79 2694.74 2435.2 2026.9 1573.8
threshold=261.5324245000001 266.11977550000006 16.025000000000002 85.757812500000014 87.875000000000014 90.031250000000014 277.22543400000006 278.51062050000002 3.5000000000000004 1.5000000000000002 2.0018641137551049e-06 20.112500000000004 23.487500000000004 67.813802083333357
decision_type=2 2 2 2 2 2 2 2 2 2 2 2 2 2
left_child=1 2 -1 4 5 6 9 -8 13 10 12 -11 -2 -9
right_child=3 -3 -4 -5 -6 -7 7 8 -10 11 -12 -13 -14 -15
leaf_value=-0.29567987254642425 0.552466595504019 0.10248742657276058 -0.012660208907520077 0.35658286491105723 -0.077648523389065721 0.33001871885289058 0.57587610427723379 -0.15967494709843613 0.41730776713141859 0.090627263878344855 -0.028394028765995519 -0.18112539472517197 0.14277305092740183 0.10351554692425352
leaf_weight=46 44 446 9048 42 172 60 42 82 52 138 152 202 95 179
leaf_count=46 44 446 9048 42 172 60 42 82 52 138 152 202 95 179
internal_value=0.000156942 -0.00866233 -0.0141242 0.0668854 0.0566115 0.0787417 0.0631321 0.146797 0.0875703 0.0159045 0.117202 -0.0708835 0.27548 0.0205335
internal_weight=10800 9540 9094 1260 1218 1046 986 355 313 631 291 340 139 261
internal_count=10800 9540 9094 1260 1218 1046 986 355 313 631 291 340 139 261
is_linear=0
shrinkage=0.05


Tree=107
num_leaves=15
num_cat=0
split_feature=15 25 25 28 31 24 25 24 30 57 42 25 45 47
split_gain=2411.99 1970.25 4008.49 3502.74 2640.03 2326.87 6586.91 3974.06 3872.62 3980.14 3745.04 5623.57 5135.52 4794.11
threshold=24.000000000000004 110.83558801624868 110.25738953028021 23.512500000000003 30.612500000000004 274.65417650000006 103.78186874622266 273.57706450000006 22.162500000000005 3.5000000000000004 73.375000000000014 105.16358070881857 76.177083333333357 69.212239583333357
decision_type=2 2 2 2 2 2 2 2 2 2 2 2 2 2
left_child=1 2 5 4 -3 6 7 -1 -8 -10 11 13 -13 -7
right_child=-2 3 -4 -5 -6 10 8 -9 9 -11 -12 12 -14 -15
leaf_value=0.020318553527970025 -0.025976653712636383 -0.27297648163702415 0.34550717942872827 0.21825073446812376 0.087520743026465619 0.45393547354791414 -0.33520990626174563 0.46901754295825965 0.14297509095240526 -0.28477710925683541 -0.047752616183321168 -0.23359816327158894 0.13200509218433248 0.11273974926796704
leaf_weight=3800 4857 195 97 69 68 194 207 49 130 92 378 139 305 220
leaf_count=3800 4857 195 97 69 68 194 207 49 130 92 378 139 305 220
internal_value=0.000157966 0.0215176 0.028526 -0.0966574 -0.17979 0.0228881 0.00542265 0.0261511 -0.180182 -0.0347737 0.0832858 0.141004 0.0172805 0.273332
internal_weight=10800 5943 5611 332 263 5514 4278 3849 429 222 1236 858 444 414
internal_count=10800 5943 5611 332 263 5514 4278 3849 429 222 1236 858 444 414
is_linear=0
shrinkage=0.05


Tree=108
num_leaves=15
num_cat=0
split_feature=65 6 44 24 60 24 25 25 25 47 25 22 22 22
split_gain=2224.19 1969.14 2273.95 1737.94 2388.8 4543.13 6414.64 5515.97 4591.79 7968.23 3972.45 4397.48 3628.23 7941.18
threshold=261.5324245000001 291.57821000000007 76.406250000000014 307.27302800000007 -0.63405362205439475 278.56941200000006 103.12805452538002 101.27214067106148 105.05818924571476 69.984375000000014 99.107873749544453 127.35229659895835 126.51514404687502 125.64656252604168
decision_type=2 2 2 2 2 2 2 2 2 2 2 2 2 2
left_child=1 3 -3 4 5 6 7 10 9 -7 11 12 13 -1
right_child=-2 2 -4 -5 -6 8 -8 -9 -10 -11 -12 -13 -14 -15
leaf_value=-0.0017569983608596218 0.062562086749386153 0.00063528574451252268 0.49320749123386731 -0.11659291208790917 -0.021767487182946316 0.68163466704519182 -0.2035502013007025 0.36569570712745192 0.065270114419825498 0.010906659901818438 -0.22458270526502969 0.30323968349688957 -0.34509456034968883 0.58559071499793258
leaf_weight=1017 1260 53 41 369 6597 94 326 119 416 83 156 142 67 60
leaf_count=1017 1260 53 41 369 6597 94 326 119 416 83 156 142 67 60
internal_value=0.000153688 -0.00809462 0.218411 -0.0103715 -0.00604103 0.0357845 -0.00217567 0.0399829 0.156379 0.368941 0.0128689 0.0418254 0.00914059 0.0314772
internal_weight=10800 9540 94 9446 9077 2480 1887 1561 593 177 1442 1286 1144 1077
internal_count=10800 9540 94 9446 9077 2480 1887 1561 593 177 1442 1286 1144 1077
is_linear=0
shrinkage=0.05


Tree=109
num_leaves=15
num_cat=0
split_feature=3 6 46 7 48 0 24 24 25 42 25 25 46 25
split_gain=2082.22 2135.69 2092.51 2053.2 2831.4 3015.43 1981.7 3461.14 4457.35 3245.93 4199.21 3902.31 3394.75 3221.24
threshold=24.000000000000004 289.58042400000005 72.854166666666671 126.87402200000001 20.125000000000004 94.991474000000025 300.20324800000009 274.65417650000006 103.84300070996518 72.875000000000014 105.86682911295337 103.58154791507557 84.765625000000014 104.35210430727291
decision_type=2 2 2 2 2 2 2 2 2 2 2 2 2 2
left_child=6 3 -3 -2 -5 -6 7 8 -1 10 11 -9 -11 -13
right_child=1 2 -4 4 5 -7 -8 9 -10 12 -12 13 -14 -15
leaf_value=0.02750813317952322 -0.010504183778474094 0.040607115288459977 0.47254473063207814 -0.28512576092512182 -0.1233475219563335 0.077459729145116674 -0.11099294290506086 0.024466493317955418 -0.16425038348284685 -0.19957546735124995 0.062726079173907476 0.63200249129220065 0.16923186735660178 0.25416283481371632
leaf_weight=3089 4998 85 41 155 529 288 252 94 335 145 442 94 108 145
leaf_count=3089 4998 85 41 155 529 288 252 94 335 145 442 94 108 145
internal_value=0.000153667 -0.0191306 0.183772 -0.023443 -0.0898951 -0.052553 0.0251433 0.0328723 0.00870423 0.113283 0.163995 0.297821 -0.0420935 0.404783
internal_weight=10800 6096 126 5970 972 817 4704 4452 3424 1028 775 333 253 239
internal_count=10800 6096 126 5970 972 817 4704 4452 3424 1028 775 333 253 239
is_linear=0
shrinkage=0.05


Tree=110
num_leaves=15
num_cat=0
split_feature=65 64 28 44 27 47 34 43 7 51 20 65 64 54
split_gain=1955.15 1768.23 1406.76 1354.24 3561.04 1346.84 1311.31 1263.06 2305.68 2667.59 2935.19 2877.03 2488.36 2502.89
threshold=261.5324245000001 266.11977550000006 16.025000000000002 83.343750000000014 21.162500000000005 85.757812500000014 17.311458333333334 79.625000000000014 126.87402200000001 1.5000000000000002 296.65950400000003 42.523274000000008 194.84658450000003 0.6078576107927941
decision_type=2 2 2 2 2 2 2 2 2 2 2 2 2 2
left_child=1 2 -1 -3 -5 6 -2 8 -4 -10 11 -11 13 -13
right_child=5 3 7 4 -6 -7 -8 -9 9 10 -12 12 -14 -15
leaf_value=-0.27167733371830904 -0.22920813809444263 0.031844226459417348 -0.013016500939860069 0.049559588008805333 0.60394679009914398 0.33377726999826213 0.058539700041626966 0.011185844942830496 0.028067173804698822 0.0051018829529102042 0.18256823940659472 -0.6678153931218036 -0.18950776958372445 -0.18178503983046698
leaf_weight=51 40 311 4496 94 41 42 1178 3780 248 116 52 67 239 45
leaf_count=51 40 311 4496 94 41 42 1178 3780 248 116 52 67 239 45
internal_value=0.000149997 -0.00758339 -0.0123543 0.0895063 0.221132 0.0586623 0.0489096 -0.0108619 -0.0266962 -0.106763 -0.17112 -0.210809 -0.281976 -0.475872
internal_weight=10800 9540 9094 446 135 1260 1218 9043 5263 767 519 467 351 112
internal_count=10800 9540 9094 446 135 1260 1218 9043 5263 767 519 467 351 112
is_linear=0
shrinkage=0.05


Tree=111
num_leaves=15
num_cat=0
split_feature=53 52 32 49 30 36 49 21 45 49 45 29 22 24
split_gain=1835.69 2260.88 3341.73 4535.71 3582.74 3960.97 5688.72 3935.41 3548.94 4511.78 4389.5 3212 3022.94 2975.97
threshold=0.98611507088852057 0.58216583101416164 21.762500000000003 3.5000000000000004 19.762500000000003 21.214843750000004 1.5000000000000002 8.7437006731502298e-06 82.093750000000014 1.5000000000000002 71.843750000000014 22.487500000000004 125.64656252604168 284.15934500000009
decision_type=2 2 2 2 2 2 2 2 2 2 2 2 2 2
left_child=1 -1 3 4 -3 12 7 -7 9 -4 -11 -12 -6 -5
right_child=-2 2 8 13 5 6 -8 -9 -10 10 11 -13 -14 -15
leaf_value=-0.020819139741962533 0.08795965732527726 0.0033838618323034837 0.33319877915439156 -0.065100950962351259 0.13300837338834567 -0.30726525112594433 0.24088010830804707 0.082373226208466238 -0.15030328301808285 -0.33329062941337106 -0.064093854439223788 0.22530020302088533 0.56419710608629081 0.18137955462598071
leaf_weight=6960 563 432 104 733 68 94 444 203 448 94 256 152 103 146
leaf_count=6960 563 432 104 733 68 94 444 203 448 94 256 152 103 146
internal_value=0.000141347 -0.00469648 0.0295422 0.0643002 0.122026 0.17816 0.12777 -0.041564 -0.0437574 0.035127 -0.0271646 0.0440069 0.3945 -0.0240015
internal_weight=10800 10237 3277 2223 1344 912 741 297 1054 606 502 408 171 879
internal_count=10800 10237 3277 2223 1344 912 741 297 1054 606 502 408 171 879
is_linear=0
shrinkage=0.05


Tree=112
num_leaves=15
num_cat=0
split_feature=35 15 49 51 26 25 45 22 31 21 22 47 36 47
split_gain=1704.3 1811.37 1665.19 3221.05 3529.53 4066.76 7234.16 4679.94 4437.34 2819.84 3196.04 3106.45 2479.89 3565.38
threshold=16.005208333333339 24.000000000000004 3.5000000000000004 2.5000000000000004 19.762500000000003 99.460662613930012 83.010416666666671 135.23865165104169 22.787500000000005 9.352934621520943e-06 143.3531295416667 67.677083333333357 22.750520833333336 76.860677083333357
decision_type=2 2 2 2 2 2 2 2 2 2 2 2 2 2
left_child=-1 2 3 4 -2 6 8 -7 -6 -9 11 -11 -5 -14
right_child=1 -3 -4 12 5 7 -8 9 -10 10 -12 -13 13 -15
leaf_value=-0.31041031777858735 -0.26402749253455554 -0.021223868270992447 -0.0070590353038108627 0.054044308968042458 0.54091503701718713 -0.42868456131179039 -0.12898912921547889 -0.25132631905554309 0.10872879682349101 0.36322298397620523 -0.086876596552808494 0.036926485432037547 0.13410142490248628 0.53093514579602263
leaf_weight=43 124 4852 2896 1173 115 72 144 104 123 101 323 257 408 65
leaf_count=43 124 4852 2896 1173 115 72 144 104 123 101 323 257 408 65
internal_value=0.000138495 0.00140862 0.0200057 0.0460476 -0.0108019 0.0147336 0.150196 -0.0457523 0.318948 -0.0101291 0.0270202 0.129738 0.0931009 0.18964
internal_weight=10800 10757 5905 3009 1363 1239 382 857 238 785 681 358 1646 473
internal_count=10800 10757 5905 3009 1363 1239 382 857 238 785 681 358 1646 473
is_linear=0
shrinkage=0.05


Tree=113
num_leaves=15
num_cat=0
split_feature=53 52 25 24 49 65 25 47 30 46 51 47 21 36
split_gain=1622.62 1912.02 3003.53 3440.54 3941.21 4249.84 3463.76 5051.29 4724.24 3453.16 6153.96 5248.72 4687.24 3652.9
threshold=0.98611507088852057 0.58216583101416164 110.83558801624868 280.08090150000004 3.5000000000000004 81.492148500000013 105.05818924571476 69.984375000000014 22.987500000000004 82.848958333333357 2.5000000000000004 72.779947916666671 8.7437006731502298e-06 22.750520833333336
decision_type=2 2 2 2 2 2 2 2 2 2 2 2 2 2
left_child=1 -1 3 4 9 -6 7 8 -5 12 11 -11 -3 -12
right_child=-2 2 -4 6 5 -7 -8 -9 -10 10 13 -13 -14 -15
leaf_value=-0.019242267008227169 0.082697382039994882 0.53824636105980195 -0.16020912200499754 0.90634419562968815 -0.00082134383686836929 -0.23177994316827288 0.063203946852596449 -0.016573938012859873 0.26792702908598587 0.23253678808609646 0.06033462818435447 -0.29520811662581325 0.10717463585085073 0.49134349665551813
leaf_weight=6960 563 76 200 46 744 271 418 72 79 59 686 221 353 52
leaf_count=6960 563 76 200 46 744 271 418 72 79 59 686 221 353 52
internal_value=0.000132822 -0.00441558 0.027071 0.039292 0.0128444 -0.0626536 0.144975 0.317285 0.508193 0.0658093 0.0156105 -0.183573 0.184616 0.0913276
internal_weight=10800 10237 3277 3077 2462 1015 615 197 125 1447 1018 280 429 738
internal_count=10800 10237 3277 3077 2462 1015 615 197 125 1447 1018 280 429 738
is_linear=0
shrinkage=0.05


Tree=114
num_leaves=15
num_cat=0
split_feature=35 65 6 44 60 49 41 25 25 41 36 47 47 24
split_gain=1571.38 1571.47 1545.48 1848.82 1409.04 2889.79 4199.51 4612.16 6934.3 4044.07 3290.94 5687.44 3310.36 2180.64
threshold=16.005208333333339 261.5324245000001 291.57821000000007 76.406250000000014 -0.63405362205439475 2.5000000000000004 82.875000000000014 103.14478863480169 100.97654148591421 69.375000000000014 21.282552083333339 72.779947916666671 75.976562500000014 194.76600600000003
decision_type=2 2 2 2 2 2 2 2 2 2 2 2 2 2
left_child=-1 2 4 -4 5 6 9 8 10 -2 12 -12 -8 -14
right_child=1 -3 3 -5 -6 -7 7 -9 -10 -11 11 -13 13 -15
leaf_value=-0.29805793377401474 -0.16092927301159274 0.054059685750771316 -0.0012441335383940625 0.44286865659412888 -0.019441066744040707 -0.018115926522650486 0.56189162589254837 -0.22048130500939936 0.62265412173487933 0.32365897713250635 0.33078658842857472 -0.24330467273104475 0.24891125620146723 -0.078276033404875892
leaf_weight=43 51 1249 53 41 6847 1575 41 152 54 258 56 177 94 109
leaf_count=43 51 1249 53 41 6847 1575 41 152 54 258 56 177 94 109
internal_value=0.00013556 0.00135515 -0.00557323 0.195087 -0.00759736 0.0239888 0.0907895 0.0214833 0.0910305 0.243417 0.02967 -0.104502 0.157697 0.0737069
internal_weight=10800 10757 9508 94 9414 2567 992 683 531 309 477 233 244 203
internal_count=10800 10757 9508 94 9414 2567 992 683 531 309 477 233 244 203
is_linear=0
shrinkage=0.05


Tree=115
num_leaves=15
num_cat=0
split_feature=29 65 6 64 24 48 60 24 25 49 25 46 36 25
split_gain=1449.28 1499.98 1393.22 1750.48 1455.99 2060.54 1958.23 3306.87 5521.96 4902.81 3891.48 5534.85 6930.93 3419.62
threshold=16.025000000000002 261.5324245000001 289.58042400000005 150.16800350000003 307.27302800000007 10.625000000000002 -0.63405362205439475 278.56941200000006 103.12805452538002 2.5000000000000004 100.97654148591421 83.005208333333357 21.282552083333339 105.05818924571476
decision_type=2 2 2 2 2 2 2 2 2 2 2 2 2 2
left_child=-1 2 4 -4 6 -6 7 8 9 10 11 -2 -13 -9
right_child=1 -3 3 -5 5 -7 -8 13 -10 -11 -12 12 -14 -15
leaf_value=-0.19533608345354492 0.34837925711413847 0.053704271813922691 -0.088626313348149147 0.31377930268896997 -0.23283291807254922 0.0062428931062369006 -0.017251233495433959 0.32126721185684376 -0.18418614396438093 -0.036390974778622083 0.46555722364819196 0.18664265563057966 -0.22464151177054614 0.05919534446408066
leaf_weight=93 159 1233 42 73 168 193 6572 177 326 854 82 227 185 416
leaf_count=93 159 1233 42 73 168 193 6572 177 326 854 82 227 185 416
internal_value=0.000135934 0.00185187 -0.00490145 0.167317 -0.00703526 -0.105353 -0.00307949 0.0353028 0.00207742 0.0424661 0.145494 0.098797 0.00186732 0.137828
internal_weight=10800 10707 9474 115 9359 361 8998 2426 1833 1507 653 571 412 593
internal_count=10800 10707 9474 115 9359 361 8998 2426 1833 1507 653 571 412 593
is_linear=0
shrinkage=0.05


Tree=116
num_leaves=15
num_cat=0
split_feature=53 52 32 49 45 45 29 24 24 24 49 35 29 22
split_gain=1420.37 1473.15 2644.24 3168.66 2884.85 3991.78 2817.13 2402.89 3179.08 2231.22 3264.34 2781.86 2049.36 4211.9
threshold=0.98611507088852057 0.58216583101416164 21.762500000000003 3.5000000000000004 81.552083333333357 71.843750000000014 16.025000000000002 284.15934500000009 285.31225600000005 291.63912650000003 4.5000000000000009 21.90260416666667 21.262500000000003 146.95078990625004
decision_type=2 2 2 2 2 2 2 2 2 2 2 2 2 2
left_child=1 -1 3 6 5 -4 -3 -5 -9 10 -7 -11 -8 -14
right_child=-2 2 4 7 -6 9 12 8 -10 11 -12 -13 13 -15
leaf_value=-0.017137091897247738 0.077380700533753857 -0.20881373492487965 -0.25602615583838539 -0.056304313496455594 -0.13288201291256921 0.29665915775888912 0.082924345927555265 0.51524759663475883 0.010625670631461352 -0.36874970759336767 -0.0075504577032960499 0.10485747852060315 0.29919495673224816 -0.24514884599825232
leaf_weight=6960 563 68 98 733 475 191 960 44 102 51 163 76 276 40
leaf_count=6960 563 68 98 733 475 191 960 44 102 51 163 76 276 40
internal_value=0.000132727 -0.00412279 0.023515 0.054434 -0.0416864 0.0332289 0.102683 -0.0193713 0.165174 0.0925712 0.156959 -0.0867262 0.119433 0.229735
internal_weight=10800 10237 3277 2223 1054 579 1344 879 146 481 354 127 1276 316
internal_count=10800 10237 3277 2223 1054 579 1344 879 146 481 354 127 1276 316
is_linear=0
shrinkage=0.05


Tree=117
num_leaves=15
num_cat=0
split_feature=6 39 3 26 64 17 26 65 43 17 54 24 36 32
split_gain=1300.92 1662.79 1366.97 1745.83 2171.17 1474.07 2707.72 2237.52 2008.04 1876.43 3871.81 1605.56 3031.42 2551.91
threshold=291.57821000000007 75.875000000000014 24.000000000000004 18.962500000000002 97.515739500000009 2.9592160239579114e-06 24.962500000000002 267.06350950000007 89.375000000000014 1.9866838054813594e-05 1.0000000180025095e-35 288.22990800000008 22.709635416666668 20.987500000000004
decision_type=2 2 2 2 2 2 2 2 2 2 2 2 2 2
left_child=2 -2 5 4 -4 6 7 11 -9 10 -7 12 13 -1
right_child=1 -3 3 -5 -6 9 -8 8 -10 -11 -12 -13 -14 -15
leaf_value=-0.041699592885760292 0.0074794560729984257 0.40950380019123922 -0.040613061565687593 -0.010725310038997394 -0.30860542030606486 0.075889275840814618 0.33479791631301248 0.044837986615111285 0.39567065807906066 0.02224490470384493 0.46188823927782086 -0.16445132181672012 0.044321060733732043 -0.2431033877855433
leaf_weight=701 62 43 238 5643 110 452 56 565 43 1529 75 226 855 202
leaf_count=701 62 43 238 5643 110 452 56 565 43 1529 75 226 855 202
internal_value=0.000126527 0.174428 -0.00160086 -0.0174391 -0.125965 0.0185702 -0.00609416 -0.0135854 0.0702591 0.0503238 0.131593 -0.0393021 -0.0231292 -0.0869725
internal_weight=10800 105 10695 5991 348 4704 2648 2592 608 2056 527 1984 1758 903
internal_count=10800 105 10695 5991 348 4704 2648 2592 608 2056 527 1984 1758 903
is_linear=0
shrinkage=0.05


Tree=118
num_leaves=15
num_cat=0
split_feature=53 52 32 49 49 46 30 36 47 47 47 22 35 65
split_gain=1236.17 1273.11 2182.9 2895.08 2749.01 3704.68 2674.13 3581.59 4463.5 4117.51 2983.6 3097.06 2958.99 2584.07
threshold=0.98611507088852057 0.5277851165098012 21.762500000000003 3.5000000000000004 1.5000000000000002 81.692708333333357 19.762500000000003 21.166796875000006 78.115885416666671 76.425781250000014 74.242187500000014 146.95078990625004 20.955208333333339 97.969588500000015
decision_type=2 2 2 2 2 2 2 2 2 2 2 2 2 2
left_child=1 -1 3 6 5 -4 -3 -8 9 10 11 -9 -10 -6
right_child=-2 2 4 -5 13 -7 7 8 12 -11 -12 -13 -14 -15
leaf_value=-0.01656195498668812 0.072189982956257184 -0.0054417884334656032 0.36285546181784212 -0.020314829170997459 0.017525872936600757 -0.027407152894237598 0.35044401771548761 0.22255307415437048 -0.19594921433531187 0.48484625732931108 -0.1998874869896099 -0.23464057129763424 0.1537588447114413 -0.15204875575071794
leaf_weight=6734 563 458 91 919 405 179 168 323 169 91 63 41 93 503
leaf_count=6734 563 458 91 919 405 179 168 323 169 91 63 41 93 503
internal_value=0.000124772 -0.00384523 0.0205985 0.0486866 -0.0348326 0.104979 0.0937701 0.141657 0.0962962 0.181243 0.11556 0.170554 -0.0717036 -0.0764764
internal_weight=10800 10237 3503 2325 1178 270 1406 948 780 518 427 364 262 908
internal_count=10800 10237 3503 2325 1178 270 1406 948 780 518 427 364 262 908
is_linear=0
shrinkage=0.05


end of trees

feature_importances:
consumo_alvo_semana_anterior=262
temperatura_externa_c_media_1440m=142
consumo_max_1440m=90
origem_hora_cos=79
umidade_relativa_pct_media_1440m=73
consumo_std_1440m=72
origem_hora_sin=53
temperatura_externa_c_lag_180m=51
consumo_alvo_dia_anterior=51
consumo_mean_1440m=48
origem_hora=48
consumo_std_180m=44
alvo_hora_sin=42
temperatura_externa_c_lag_1440m=41
temperatura_externa_c_atual=40
origem_mes=38
umidade_relativa_pct_media_180m=34
origem_dia_semana=32
temperatura_externa_c_media_60m=30
alvo_dia_semana=29
temperatura_externa_c_media_180m=28
temperatura_externa_c_media_360m=28
temperatura_externa_c_lag_720m=27
umidade_relativa_pct_media_360m=27
umidade_relativa_pct_lag_1440m=26
temperatura_externa_c_lag_360m=23
umidade_relativa_pct_lag_360m=21
consumo_min_180m=19
consumo_std_360m=19
consumo_lag_1440m=17
umidade_relativa_pct_media_60m=16
umidade_relativa_pct_lag_720m=13
consumo_lag_10080m=12
temperatura_externa_c_lag_60m=11
consumo_lag_360m=8
consumo_lag_720m=8
origem_semana_sin=7
umidade_relativa_pct_lag_180m=6
consumo_std_60m=5
consumo_atual_kw=4
consumo_lag_60m=4
consumo_lag_180m=4
consumo_mean_60m=4
consumo_mean_180m=4
umidade_relativa_pct_lag_60m=4
consumo_max_180m=3
consumo_mean_360m=3
consumo_max_360m=3
temperatura_externa_c_lag_15m=3
alvo_hora_cos=3
umidade_relativa_pct_lag_15m=2
alvo_semana_sin=2
consumo_lag_120m=1
consumo_max_60m=1
origem_semana_cos=1

parameters:
[boosting: gbdt]
[objective: regression]
[metric: l1]
[tree_learner: serial]
[device_type: cpu]
[data_sample_strategy: bagging]
[data: ]
[valid: ]
[num_iterations: 400]
[learning_rate: 0.05]
[num_leaves: 15]
[num_threads: 2]
[seed: 20260905]
[deterministic: 1]
[force_col_wise: 1]
[force_row_wise: 0]
[histogram_pool_size: -1]
[max_depth: -1]
[min_data_in_leaf: 40]
[min_sum_hessian_in_leaf: 0.001]
[bagging_fraction: 1]
[pos_bagging_fraction: 1]
[neg_bagging_fraction: 1]
[bagging_freq: 0]
[bagging_seed: 23218]
[bagging_by_query: 0]
[feature_fraction: 1]
[feature_fraction_bynode: 1]
[feature_fraction_seed: 28090]
[extra_trees: 0]
[extra_seed: 14360]
[early_stopping_round: 0]
[early_stopping_min_delta: 0]
[first_metric_only: 0]
[max_delta_step: 0]
[lambda_l1: 0]
[lambda_l2: 1]
[linear_lambda: 0]
[min_gain_to_split: 0]
[drop_rate: 0.1]
[max_drop: 50]
[skip_drop: 0.5]
[xgboost_dart_mode: 0]
[uniform_drop: 0]
[drop_seed: 16970]
[top_rate: 0.2]
[other_rate: 0.1]
[min_data_per_group: 100]
[max_cat_threshold: 32]
[cat_l2: 10]
[cat_smooth: 10]
[max_cat_to_onehot: 4]
[top_k: 20]
[monotone_constraints: ]
[monotone_constraints_method: basic]
[monotone_penalty: 0]
[feature_contri: ]
[forcedsplits_filename: ]
[refit_decay_rate: 0.9]
[cegb_tradeoff: 1]
[cegb_penalty_split: 0]
[cegb_penalty_feature_lazy: ]
[cegb_penalty_feature_coupled: ]
[path_smooth: 0]
[interaction_constraints: ]
[verbosity: -1]
[saved_feature_importance_type: 0]
[use_quantized_grad: 0]
[num_grad_quant_bins: 4]
[quant_train_renew_leaf: 0]
[stochastic_rounding: 1]
[linear_tree: 0]
[max_bin: 255]
[max_bin_by_feature: ]
[min_data_in_bin: 3]
[bin_construct_sample_cnt: 200000]
[data_random_seed: 5037]
[is_enable_sparse: 1]
[enable_bundle: 1]
[use_missing: 1]
[zero_as_missing: 0]
[feature_pre_filter: 1]
[pre_partition: 0]
[two_round: 0]
[header: 0]
[label_column: ]
[weight_column: ]
[group_column: ]
[ignore_column: ]
[categorical_feature: ]
[forcedbins_filename: ]
[precise_float_parser: 0]
[parser_config_file: ]
[objective_seed: 15411]
[num_class: 1]
[is_unbalance: 0]
[scale_pos_weight: 1]
[sigmoid: 1]
[boost_from_average: 1]
[reg_sqrt: 0]
[alpha: 0.9]
[fair_c: 1]
[poisson_max_delta_step: 0.7]
[tweedie_variance_power: 1.5]
[lambdarank_truncation_level: 30]
[lambdarank_norm: 1]
[label_gain: ]
[lambdarank_position_bias_regularization: 0]
[eval_at: ]
[multi_error_top_k: 1]
[auc_mu_weights: ]
[num_machines: 1]
[local_listen_port: 12400]
[time_out: 120]
[machine_list_filename: ]
[machines: ]
[gpu_platform_id: -1]
[gpu_device_id: -1]
[gpu_device_id_list: ]
[gpu_use_dp: 0]
[num_gpu: 1]

end of parameters

pandas_categorical:[]
