tree
version=v4
num_class=1
num_tree_per_iteration=1
label_index=0
max_feature_idx=65
objective=regression
feature_names=consumo_atual_kw consumo_lag_15m consumo_lag_30m consumo_lag_60m consumo_lag_120m consumo_lag_180m consumo_lag_360m consumo_lag_720m consumo_lag_1440m consumo_lag_10080m consumo_mean_60m consumo_min_60m consumo_max_60m consumo_std_60m consumo_mean_180m consumo_min_180m consumo_max_180m consumo_std_180m consumo_mean_360m consumo_min_360m consumo_max_360m consumo_std_360m consumo_mean_1440m consumo_min_1440m consumo_max_1440m consumo_std_1440m temperatura_externa_c_atual temperatura_externa_c_lag_15m temperatura_externa_c_lag_60m temperatura_externa_c_lag_180m temperatura_externa_c_lag_360m temperatura_externa_c_lag_720m temperatura_externa_c_lag_1440m temperatura_externa_c_media_60m temperatura_externa_c_media_180m temperatura_externa_c_media_360m temperatura_externa_c_media_1440m umidade_relativa_pct_atual umidade_relativa_pct_lag_15m umidade_relativa_pct_lag_60m umidade_relativa_pct_lag_180m umidade_relativa_pct_lag_360m umidade_relativa_pct_lag_720m umidade_relativa_pct_lag_1440m umidade_relativa_pct_media_60m umidade_relativa_pct_media_180m umidade_relativa_pct_media_360m umidade_relativa_pct_media_1440m origem_hora origem_dia_semana origem_fim_de_semana origem_mes origem_hora_sin origem_hora_cos origem_semana_sin origem_semana_cos alvo_hora alvo_dia_semana alvo_fim_de_semana alvo_mes alvo_hora_sin alvo_hora_cos alvo_semana_sin alvo_semana_cos consumo_alvo_dia_anterior consumo_alvo_semana_anterior
feature_infos=[22.399999999999999:324.71375799999998] [22.399999999999999:324.71375799999998] [22.399999999999999:324.71375799999998] [22.399999999999999:324.71375799999998] [22.399999999999999:324.71375799999998] [22.399999999999999:324.71375799999998] [22.399999999999999:324.71375799999998] [22.399999999999999:324.71375799999998] [22.399999999999999:324.71375799999998] [22.399999999999999:324.71375799999998] [22.399999999999999:321.24876725000001] [22.399999999999999:318.278571] [22.399999999999999:324.71375799999998] [0:82.540869055199337] [22.399999999999999:313.28577408333337] [22.399999999999999:302.53573799999998] [22.399999999999999:324.71375799999998] [0:92.970139865692389] [22.399999999999999:295.13563500000004] [22.399999999999999:249.29458700000001] [22.399999999999999:324.71375799999998] [0:116.53386463160022] [23.200000000000003:159.49963871874999] none [25.600000000000001:324.71375799999998] [1.3929144002343703:128.71471884334804] [15:33.700000000000003] [15:33.700000000000003] [15:33.700000000000003] [15:33.700000000000003] [15:33.700000000000003] [15:33.700000000000003] [15:33.700000000000003] [15:33.4375] [15:32.71875] [15.333333333333334:31.620833333333334] [16.439843749999998:27.283072916666669] [31:98] [31:98] [31:98] [31:98] [31:98] [31:98] [31:98] [32.5:95.625] [33.666666666666664:95.083333333333329] [37.041666666666664:94] [59.309895833333336:91.638020833333329] [0:23.75] [0:6] [0:1] [1:4] [-1:1] [-1:1] [-0.97492791218182362:0.97492791218182362] [-0.90096886790241903:1] [0:23.75] [0:6] [0:1] [1:4] [-1:1] [-1:1] [-0.97492791218182362:0.97492791218182362] [-0.90096886790241903:1] [22.399999999999999:324.71375799999998] [22.399999999999999:324.71375799999998]
tree_sizes=1370 1394 1387 1384 1386 1394 1392 1386 1385 1380 1393 1391 1405 1392 1394 1399 1391 1398 1416 1414 1398 1398 1390 1409 1403 1394 1400 1387 1410 1414 1418 1413 1420 1412 1430 1424 1411 1423 1435 1426 1417 1419 1432 1430 1427 1425 1420 1430 1424 1432 1428 1433 1430 1403 1430 1425 1430 1419 1426 1428 1420 1419 1423 1423 1424 1435 1425 1428 1424 1434 1436 1406 1438 1430 1433 1426 1428 1435 1446 1427 1418 1439 1427 1420 1445 1427 1424 1441 1426 1435 1442 1436 1433 1433 1436 1434 1436 1435 1428 1432 1429 1425 1435 1431 1443 1429 1427 1438 1436 1429 1450 1440 1451 1449 1449 1433 1442 1452 1435 1452 1460 1453 1446 1448 1457 1452 1448 1446 1457 1418 1459 1434 1445

Tree=0
num_leaves=15
num_cat=0
split_feature=65 65 65 0 10 26 48 1 53 36 36 0 26 1
split_gain=8.93878e+07 9.56097e+06 3.39626e+06 431768 401041 329271 162912 137341 128578 104780 79653.3 63251.1 62686.4 51436.7
threshold=152.44543550000003 42.523274000000008 229.58777250000003 117.51320250000002 245.40019912500003 24.762500000000003 18.125000000000004 189.98309250000003 -0.5 21.497656250000002 20.71901041666667 276.50310850000005 19.762500000000003 275.19923050000006
decision_type=2 2 2 2 2 2 2 2 2 2 2 2 2 2
left_child=1 -1 4 9 6 8 12 -5 10 -3 -4 -7 -2 -6
right_child=2 3 5 7 13 11 -8 -9 -10 -11 -12 -13 -14 -15
leaf_value=103.63744527135297 110.81622590518292 106.58434828528283 114.17527776794294 108.53082350503161 113.01271205187888 115.78449278613023 109.16212470636796 110.48851903856989 112.46436857073395 107.64365674338617 115.2269534111435 116.81910334563203 111.98345105440434 114.33824113089892
leaf_weight=5465 161 397 313 657 346 913 69 103 63 566 792 271 563 121
leaf_count=5465 161 397 313 657 346 913 69 103 63 566 792 271 563 121
internal_value=107.886 104.661 114.302 107.909 112.201 115.425 111.507 108.799 114.806 107.206 114.935 116.029 111.728 113.369
internal_weight=10800 7188 3612 1723 1260 2352 793 760 1168 963 1105 1184 724 467
internal_count=10800 7188 3612 1723 1260 2352 793 760 1168 963 1105 1184 724 467
is_linear=0
shrinkage=1


Tree=1
num_leaves=15
num_cat=0
split_feature=65 65 65 0 10 26 48 53 1 36 26 26 36 1
split_gain=8.06862e+07 8.62915e+06 3.06503e+06 389821 362235 298052 146973 126606 125214 94590.9 84595.8 62315.6 58670.4 46589.9
threshold=152.44543550000003 42.523274000000008 229.58777250000003 117.51320250000002 245.40019912500003 25.262500000000003 18.125000000000004 -0.5 174.61435900000001 21.497656250000002 20.337500000000002 23.162500000000005 22.72096354166667 275.19923050000006
decision_type=2 2 2 2 2 2 2 2 2 2 2 2 2 2
left_child=1 -1 4 9 6 7 12 10 11 -3 -4 -5 -2 -6
right_child=2 3 5 8 13 -7 -8 -9 -10 -11 -12 -13 -14 -15
leaf_value=-4.0358381153417957 3.2418606001124397 -1.2364050778256139 5.7233835743922814 -0.075244163068110187 4.8714429849850003 7.8056471645492769 1.2135577610560828 4.3892665386199949 1.9500044015922933 -0.22991990329323231 6.9521062665772675 0.97801873806208084 4.1912927362139554 6.1326010406994431
leaf_weight=5465 416 397 203 263 346 1053 69 67 197 566 1029 300 308 121
leaf_count=5465 416 397 203 263 346 1053 69 67 197 566 1029 300 308 121
internal_value=0.00024252 -3.06325 6.09586 0.0221382 4.1003 7.16271 3.4407 6.63593 0.868095 -0.645699 6.75445 0.486736 3.65099 5.21062
internal_weight=10800 7188 3612 1723 1260 2352 793 1299 760 963 1232 563 724 467
internal_count=10800 7188 3612 1723 1260 2352 793 1299 760 963 1232 563 724 467
is_linear=0
shrinkage=0.05


Tree=2
num_leaves=15
num_cat=0
split_feature=65 65 65 0 1 26 36 48 53 1 36 36 0 12
split_gain=7.28299e+07 7.78812e+06 2.76571e+06 354810 327226 269721 137093 136370 104127 74391 73455.6 59026.4 58666.7 38807.5
threshold=152.44543550000003 42.523274000000008 229.58777250000003 135.40775700000003 249.60064250000002 24.762500000000003 22.479947916666671 18.125000000000004 -0.5 202.07243900000003 17.496875000000006 22.670312500000005 276.50310850000005 276.69339350000001
decision_type=2 2 2 2 2 2 2 2 2 2 2 2 2 2
left_child=1 -1 4 6 7 8 -3 11 10 -5 -4 -2 -7 -6
right_child=2 3 5 9 13 12 -8 -9 -10 -11 -12 -13 -14 -15
leaf_value=-3.8340832696657152 3.0760803034672373 -0.93073907992832605 4.6240985161917552 0.97724317787139392 4.6465449832133112 7.1211499813088182 0.10042287969110822 1.153746680872781 4.1373206228017807 2.8075541395129582 6.4726359622112923 3.9987245459305614 8.0995699321522441 5.7904353784631803
leaf_weight=5465 415 619 69 368 301 913 671 69 63 65 1036 341 271 134
leaf_count=5465 415 619 69 368 301 913 671 69 63 65 1036 341 271 134
internal_value=0.000424215 -2.91011 5.79168 0.0210715 3.89607 6.80511 -0.394713 3.30263 6.24517 1.25784 6.36149 3.49698 7.35174 5.01139
internal_weight=10800 7188 3612 1723 1260 2352 1290 825 1168 433 1105 756 1184 435
internal_count=10800 7188 3612 1723 1260 2352 1290 825 1168 433 1105 756 1184 435
is_linear=0
shrinkage=0.05


Tree=3
num_leaves=15
num_cat=0
split_feature=65 65 65 0 10 12 48 48 1 36 53 0 36 26
split_gain=6.57399e+07 7.02924e+06 2.49588e+06 324993 297093 245934 119442 109442 105546 78651.2 73594.7 64092.5 57893.7 52847.4
threshold=152.44543550000003 42.523274000000008 229.58777250000003 117.51320250000002 245.40019912500003 255.77468050000002 18.125000000000004 16.125000000000004 188.24832300000006 21.497656250000002 -0.5 280.82143000000002 17.496875000000006 19.762500000000003
decision_type=2 2 2 2 2 2 2 2 2 2 2 2 2 2
left_child=1 -1 4 9 6 10 13 11 -5 -3 12 -7 -4 -2
right_child=2 3 5 8 -6 7 -8 -9 -10 -11 -12 -13 -14 -15
leaf_value=-3.6424141639237697 2.4617548035986632 -1.1283201524959736 4.3961964579990935 0.54692386690469896 4.7074890780652687 6.8580532653889055 1.0968834580693927 4.5878155022336733 2.2107863341059004 -0.21054421378499988 3.7395634752638802 8.0798096418380734 6.06216938673239 3.5275461477590788
leaf_weight=5465 161 397 69 649 467 1137 69 56 111 566 46 159 885 563
leaf_count=5465 161 397 69 649 467 1137 69 56 111 566 46 159 885 563
internal_value=0.000626309 -2.76461 5.50278 0.0201036 3.702 6.4655 3.10469 6.91703 0.792521 -0.589678 5.84873 7.01406 5.9464 3.29426
internal_weight=10800 7188 3612 1723 1260 2352 793 1352 760 963 1000 1296 954 724
internal_count=10800 7188 3612 1723 1260 2352 793 1352 760 963 1000 1296 954 724
is_linear=0
shrinkage=0.05


Tree=4
num_leaves=15
num_cat=0
split_feature=65 65 65 1 1 26 36 48 1 53 31 1 10 0
split_gain=5.934e+07 6.34417e+06 2.25296e+06 296663 270400 226059 131186 101070 99679.3 92573.2 75917.7 59790.6 57860.6 40555.7
threshold=152.44543550000003 42.523274000000008 229.58777250000003 140.87937700000003 230.35291300000003 25.262500000000003 22.610416666666669 10.375000000000002 186.24630300000004 -0.5 19.762500000000003 202.07243900000003 265.28411775000006 284.82648600000005
decision_type=2 2 2 2 2 2 2 2 2 2 2 2 2 2
left_child=1 -1 4 6 7 9 -3 -2 -9 10 -4 -5 -6 -7
right_child=2 3 5 11 12 13 -8 8 -10 -11 -12 -13 -14 -15
leaf_value=-3.4603269174340618 3.4420728294320386 -0.86939698632741802 5.166022768713777 0.91404813713485922 3.8867266750840281 6.5582610681139188 0.13350500837688017 0.70043979391109112 2.6917038594584071 3.7631042256074796 6.0753471191771737 2.5604388612689397 4.9679876129012301 7.702522716372032
leaf_weight=5465 328 632 398 354 377 927 672 85 250 67 834 65 220 126
leaf_count=5465 328 632 398 354 377 927 672 85 250 67 834 65 220 126
internal_value=0.000795368 -2.62639 5.22827 0.0191396 3.51737 6.14294 -0.352858 2.8137 2.19005 5.68465 5.78602 1.17494 4.29282 6.70236
internal_weight=10800 7188 3612 1723 1260 2352 1304 663 335 1299 1232 419 597 1053
internal_count=10800 7188 3612 1723 1260 2352 1304 663 335 1299 1232 419 597 1053
is_linear=0
shrinkage=0.05


Tree=5
num_leaves=15
num_cat=0
split_feature=65 65 65 0 1 12 48 48 1 26 53 36 26 26
split_gain=5.35634e+07 5.72599e+06 2.03329e+06 271619 246754 205474 103899 100095 83454.8 73383.4 63277.6 53732.9 51663.8 50358.5
threshold=152.44543550000003 42.523274000000008 229.58777250000003 119.34476450000001 255.57108200000002 258.48132350000009 18.125000000000004 16.125000000000004 174.61435900000001 20.087500000000002 -0.5 17.496875000000006 19.762500000000003 23.612500000000004
decision_type=2 2 2 2 2 2 2 2 2 2 2 2 2 2
left_child=1 -1 4 9 6 10 12 -7 13 -3 11 -4 -2 -5
right_child=2 3 5 8 -6 7 -8 -9 -10 -11 -12 -13 -14 -15
leaf_value=-3.2873422132060073 2.1958018561940134 -1.0601287264036447 3.92491569519043 -0.072810848435530304 4.3846229891233808 6.3944723072650582 0.98412148441587177 4.0857562416478208 1.6300276101237596 -0.17838520072493969 3.3724118821164399 5.5058400815226642 3.2305888108967618 0.90282236883761713
leaf_weight=5465 161 382 69 259 394 1178 69 56 197 616 46 1003 636 269
leaf_count=5465 161 382 69 259 394 1178 69 56 197 616 46 1003 636 269
internal_value=0.000960336 -2.49508 4.96748 0.018262 3.34212 5.83641 2.86331 6.29309 0.754238 -0.51661 5.32718 5.40784 3.02457 0.425012
internal_weight=10800 7188 3612 1723 1260 2352 866 1234 725 998 1118 1072 797 528
internal_count=10800 7188 3612 1723 1260 2352 866 1234 725 998 1118 1072 797 528
is_linear=0
shrinkage=0.05


Tree=6
num_leaves=15
num_cat=0
split_feature=65 65 65 1 33 26 48 1 1 53 31 33 1 48
split_gain=4.83481e+07 5.07357e+06 1.9071e+06 244933 236892 189887 92593 89694.7 86140.8 67430.6 57311.7 53138.7 52289.3 49202
threshold=150.05667400000002 42.523274000000008 229.58777250000003 230.35291300000003 22.096875000000004 24.762500000000003 10.125000000000002 186.24630300000004 149.17291750000001 -0.5 20.012500000000003 19.003125000000004 274.61923400000006 12.125000000000002
decision_type=2 2 2 2 2 2 2 2 2 2 2 2 2 2
left_child=1 -1 3 6 11 9 -2 -8 13 10 -4 -3 -5 -6
right_child=2 4 5 12 8 -7 7 -9 -10 -11 -12 -13 -14 -15
leaf_value=-3.1230050165488352 3.0875539847769895 -1.2024668908062377 4.7098672214840125 3.6236568282985093 0.9110254096798599 6.0029724896909826 0.62549100895226006 2.4105604753076317 1.3678269540990584 3.377689164876938 5.5024369749633024 -0.32691028630672347 4.8368089477539069 -0.080863790381129078
leaf_weight=5465 332 235 470 476 191 1184 99 250 261 63 635 657 124 358
leaf_count=5465 332 235 470 476 191 1184 99 250 261 63 635 657 124 358
internal_value=0.00106059 -2.38072 4.69907 3.14262 0.00315225 5.54509 2.48644 1.90743 0.621772 5.07619 5.16989 -0.558666 3.88201 0.265249
internal_weight=10800 7167 3633 1281 1702 2352 681 349 810 1168 1105 892 600 549
internal_count=10800 7167 3633 1281 1702 2352 681 349 810 1168 1105 892 600 549
is_linear=0
shrinkage=0.05


Tree=7
num_leaves=15
num_cat=0
split_feature=65 65 65 0 1 0 26 53 48 26 1 36 48 1
split_gain=4.3642e+07 4.66353e+06 1.65555e+06 228667 204466 177435 93765.6 85307.4 82814.9 69896.8 50165.6 49034 33352.2 30707.4
threshold=152.44543550000003 42.523274000000008 229.58777250000003 135.40775700000003 252.73851850000003 264.13985200000008 20.337500000000002 -0.5 18.125000000000004 20.337500000000002 202.07243900000003 22.72096354166667 12.125000000000002 283.61178550000005
decision_type=2 2 2 2 2 2 2 2 2 2 2 2 2 2
left_child=1 -1 4 6 8 7 -3 9 11 -4 -5 -2 -8 -6
right_child=2 3 5 10 13 -7 12 -9 -10 -11 -12 -13 -14 -15
leaf_value=-2.9668833384355082 2.3349984228890825 -0.9131530823872277 4.103362424700868 0.77886555332735918 3.7162201258761827 5.8751781923698658 0.3718662687558133 3.2221437825785055 0.8831147096838271 5.1711832270812996 2.2816081523895266 3.1611825965171638 -0.26596402524331542 5.0348765711630543
leaf_weight=5465 425 436 203 368 362 824 339 76 69 1249 65 343 515 61
leaf_count=5465 425 436 203 368 362 824 339 76 69 1249 65 343 515 61
internal_value=0.00115442 -2.25189 4.48417 0.0163206 3.01755 5.26825 -0.317468 4.93733 2.55844 5.02482 1.00919 2.70762 -0.012635 3.91781
internal_weight=10800 7188 3612 1723 1260 2352 1290 1528 837 1452 433 768 854 423
internal_count=10800 7188 3612 1723 1260 2352 1290 1528 837 1452 433 768 854 423
is_linear=0
shrinkage=0.05


Tree=8
num_leaves=15
num_cat=0
split_feature=65 65 65 1 0 26 48 1 53 31 33 36 1 1
split_gain=3.93946e+07 4.13174e+06 1.55212e+06 203598 201784 162208 79723.3 75450.2 71476.2 63200.5 62590.8 53071.7 43316.1 42755.1
threshold=150.05667400000002 42.523274000000008 229.58777250000003 230.35291300000003 117.51320250000002 26.175000000000001 10.125000000000002 186.24630300000004 -0.5 19.762500000000003 23.190625000000001 21.497656250000002 274.61923400000006 73.648852500000018
decision_type=2 2 2 2 2 2 2 2 2 2 2 2 2 2
left_child=1 -1 3 6 11 8 13 -8 9 -4 -6 -3 -5 -2
right_child=2 4 5 12 10 -7 7 -9 -10 -11 -12 -13 -14 -15
leaf_value=-2.8185664379330642 1.3225534534972647 -0.92152538439141041 4.2087642007715562 3.2769267556052544 0.094278086753037338 5.5611551409610795 0.52781498241424563 2.1643325978541283 3.078874310811361 4.9887252433893039 1.0197328962403269 -0.16541344150134354 4.3804036987304684 3.0229811304145393
leaf_weight=5465 45 394 424 476 322 870 99 250 74 984 422 564 124 287
leaf_count=5465 45 394 424 476 322 870 99 250 74 984 422 564 124 287
internal_value=0.0012484 -2.14871 4.242 2.83785 0.0025471 5.00523 2.23971 1.70294 4.67534 4.757 0.619864 -0.477019 3.51189 2.79717
internal_weight=10800 7167 3633 1281 1702 2352 681 349 1482 1408 744 958 600 332
internal_count=10800 7167 3633 1281 1702 2352 681 349 1482 1408 744 958 600 332
is_linear=0
shrinkage=0.05


Tree=9
num_leaves=15
num_cat=0
split_feature=65 65 65 1 1 0 36 48 53 26 1 10 12 1
split_gain=3.55591e+07 3.72897e+06 1.40052e+06 186820 184611 149066 94192 82651.7 69783.5 60679.3 58920.7 43251.2 39504.3 32846.8
threshold=150.05667400000002 42.523274000000008 229.58777250000003 144.029684 225.09076550000003 264.13985200000008 22.750520833333336 10.125000000000002 -0.5 20.337500000000002 186.24630300000004 266.05778837500003 94.482010000000017 204.78679650000001
decision_type=2 2 2 2 2 2 2 2 2 2 2 2 2 2
left_child=1 -1 4 6 7 8 -3 12 9 -4 -9 -6 -2 -5
right_child=2 3 5 13 11 -7 -8 10 -10 -11 -12 -13 -14 -15
leaf_value=-2.6776637615060093 1.4222260625197971 -0.68661579896787506 3.6764116221783207 0.78775978869049812 2.997366997842013 5.3111782455444336 0.15495545391863164 0.50168813657760614 2.9015131987534559 4.6673611576843266 1.9727700114250184 3.918903437609921 2.9080123509185904 2.0989004829473665
leaf_weight=5465 57 679 203 317 417 824 650 99 76 1249 223 210 275 56
leaf_count=5465 57 679 203 317 417 824 650 99 76 1249 223 210 275 56
internal_value=0.00132376 -2.04129 4.03035 0.00242055 2.69653 4.75535 -0.275205 2.10255 4.45233 4.53144 1.52343 3.31176 2.65796 0.989692
internal_weight=10800 7167 3633 1702 1281 2352 1329 654 1528 1452 322 627 332 373
internal_count=10800 7167 3633 1702 1281 2352 1329 654 1528 1452 322 627 332 373
is_linear=0
shrinkage=0.05


Tree=10
num_leaves=15
num_cat=0
split_feature=65 65 65 0 1 12 36 48 20 48 1 36 36 53
split_gain=3.2097e+07 3.49074e+06 1.16823e+06 185053 146962 136805 76485.9 72840.2 57562.1 53170.7 40871.5 40472.9 35063.7 35545.2
threshold=158.09946100000005 42.523274000000008 229.58777250000003 137.81104500000004 256.80026200000003 255.20086750000004 21.497656250000002 16.125000000000004 286.87046450000008 18.125000000000004 200.78176400000004 22.020963541666671 19.607031250000002 -0.5
decision_type=2 2 2 2 2 2 2 2 2 2 2 2 2 2
left_child=1 -1 4 6 9 12 -3 8 -7 11 -5 -2 -4 -14
right_child=2 3 5 10 -6 7 -8 -9 -10 -11 -12 -13 13 -15
leaf_value=-2.5438051605154821 1.931654068245285 -0.79478586901623083 3.2630616095330982 0.71799920009199325 3.439582068275592 4.8089863404469515 0.0075992117557463369 3.0022258824315564 6.0507541815439865 0.72862724097711706 2.0341047426064809 2.6662388247173427 4.2586816043853757 2.6074374059351482
leaf_weight=5465 347 446 143 342 380 1194 885 57 119 55 71 457 799 40
leaf_count=5465 347 446 143 342 380 1194 885 57 119 55 71 457 799 40
internal_value=0.00139618 -1.92236 3.86284 0.0253254 2.61664 4.51793 -0.261664 4.84826 4.92605 2.24902 0.948621 2.35199 4.05263 4.18316
internal_weight=10800 7209 3591 1744 1239 2352 1331 1370 1313 859 413 804 982 839
internal_count=10800 7209 3591 1744 1239 2352 1331 1370 1313 859 413 804 982 839
is_linear=0
shrinkage=0.05


Tree=11
num_leaves=15
num_cat=0
split_feature=65 65 65 26 1 26 48 53 30 1 1 1 1 48
split_gain=2.89759e+07 3.03643e+06 1.1399e+06 162842 154198 127028 71242.4 52001.5 51913.5 49439.2 47368.2 44429.4 38036.1 35901.5
threshold=150.05667400000002 42.523274000000008 229.58777250000003 22.262500000000003 225.09076550000003 26.175000000000001 10.125000000000002 -0.5 19.012500000000003 179.56352250000003 158.09946100000005 153.78291400000003 279.73507200000006 12.125000000000002
decision_type=2 2 2 2 2 2 2 2 2 2 2 2 2 2
left_child=1 -1 4 11 6 7 -2 8 -4 -8 13 -3 -6 -5
right_child=2 3 5 10 12 -7 9 -9 -10 -11 -12 -13 -14 -15
leaf_value=-2.4166382214196909 2.4078194995542188 -0.52867412863251895 3.5578244470245211 0.86789609778868526 2.8339833264822492 4.7836887672765931 0.25527673171290871 2.6389645652770994 4.2714223098187221 1.7042967449888893 1.2205893230082383 0.63246340790947719 4.035782113132707 0.0092950417128775057
leaf_weight=5465 332 884 401 189 545 870 78 74 1007 244 200 90 82 339
leaf_count=5465 332 884 401 189 545 870 78 74 1007 244 200 90 82 339
internal_value=0.0014753 -1.84239 3.63847 0.00180657 2.43514 4.29254 1.8924 4.00119 4.07086 1.35517 0.567077 -0.420844 2.99733 0.317695
internal_weight=10800 7167 3633 1702 1281 2352 654 1482 1408 322 728 974 627 528
internal_count=10800 7167 3633 1702 1281 2352 654 1482 1408 322 728 974 627 528
is_linear=0
shrinkage=0.05


Tree=12
num_leaves=15
num_cat=0
split_feature=65 65 65 26 1 26 48 48 16 1 1 33 1 10
split_gain=2.61544e+07 2.74059e+06 1.02862e+06 147008 139221 117461 69913.3 64303.4 62843 45270.3 43651.3 41170.8 34963.3 34770.1
threshold=150.05667400000002 42.523274000000008 229.58777250000003 22.262500000000003 225.09076550000003 23.012500000000003 16.125000000000004 10.125000000000002 285.75061850000003 175.81884250000004 189.98309250000003 19.003125000000004 73.648852500000018 266.05778837500003
decision_type=2 2 2 2 2 2 2 2 2 2 2 2 2 2
left_child=1 -1 4 11 7 -4 8 12 -7 -9 -5 -3 -2 -6
right_child=2 3 5 10 13 6 -8 9 -10 -11 -12 -13 -14 -15
leaf_value=-2.2958282657739142 0.96325512295183935 -0.97487414772227654 3.5496990023942612 0.38657475983250245 2.5673359688389246 4.283185253363178 2.6341361427307128 0.072017192462133992 5.4423962744351098 1.5762240566056351 1.5271355021860182 -0.21585247249921433 2.4914040704568228 3.3905478952055299
leaf_weight=5465 45 235 757 632 417 1387 64 62 144 260 96 739 287 210
leaf_count=5465 45 235 757 632 417 1387 64 62 144 260 96 739 287 210
internal_value=0.00152324 -1.75027 3.45691 0.00178088 2.31382 4.07824 4.32671 1.79812 4.3957 1.28771 0.538867 -0.399796 2.28779 2.84801
internal_weight=10800 7167 3633 1702 1281 2352 1595 654 1531 322 728 974 332 627
internal_count=10800 7167 3633 1702 1281 2352 1595 654 1531 322 728 974 332 627
is_linear=0
shrinkage=0.05


Tree=13
num_leaves=15
num_cat=0
split_feature=65 65 65 0 1 0 1 53 31 48 8 36 33 48
split_gain=2.36084e+07 2.56541e+06 857984 147593 112037 109892 54197.3 50043.3 49900.8 39985 39667.9 34799.3 33878.2 27692.8
threshold=158.09946100000005 42.523274000000008 229.58777250000003 110.80504650000002 256.80026200000003 266.52725100000004 171.96254650000003 -0.5 19.762500000000003 18.125000000000004 213.40162650000002 22.067447916666669 19.003125000000004 6.3750000000000009
decision_type=2 2 2 2 2 2 2 2 2 2 2 2 2 2
left_child=1 -1 4 12 9 7 10 8 -4 11 -5 -2 -3 -14
right_child=2 3 5 6 -6 -7 -8 -9 -10 -11 -12 -13 13 -15
leaf_value=-2.1810579688305651 1.6371119921488895 -0.98301130792247915 3.2227866072632949 -0.012773554419566478 2.9636177583629379 4.3989037691313646 1.1361116875394732 2.3283883936993486 3.8862169186274209 0.60662748898778651 0.8512374287402189 2.3131711006164553 0.75733983164928009 -0.36095965230899041
leaf_weight=5465 359 213 437 447 380 724 232 76 1115 55 188 445 60 604
leaf_count=5465 359 213 437 447 380 724 232 76 1115 55 188 445 60 604
internal_value=0.00156459 -1.64831 3.31326 0.0213914 2.24528 3.87467 0.483727 3.63897 3.70161 1.92443 0.243964 2.01371 -0.435703 -0.258922
internal_weight=10800 7209 3591 1744 1239 2352 867 1628 1552 859 635 804 877 664
internal_count=10800 7209 3591 1744 1239 2352 867 1628 1552 859 635 804 877 664
is_linear=0
shrinkage=0.05


Tree=14
num_leaves=15
num_cat=0
split_feature=65 65 65 33 1 26 48 48 20 0 1 26 31 17
split_gain=2.13114e+07 2.23174e+06 837188 121227 116496 99791 60489.6 59775.7 56484.3 42005 35404.5 33183 31443.3 30624
threshold=150.05667400000002 63.145266500000005 229.58777250000003 22.096875000000004 220.96832750000002 23.012500000000003 10.125000000000002 16.125000000000004 286.87046450000008 149.18104250000002 175.81884250000004 28.512500000000003 18.112500000000004 25.206380320083937
decision_type=2 2 2 2 2 2 2 2 2 2 2 2 2 2
left_child=1 -1 4 -3 6 12 13 8 -7 -5 -8 -6 -4 -2
right_child=2 3 5 9 11 7 10 -9 -10 -11 -12 -13 -14 -15
leaf_value=-2.067865031566634 0.76951368635886219 -0.39185226870320544 2.4648235583650897 0.23524191252759891 2.3707736007869245 3.8774586999720286 0.023568520032697257 2.3484169519864597 5.0643155499923331 1.0451705408042373 1.3619932614389014 3.2889099540995126 3.3516592704539523 2.2533347937954615
leaf_weight=5487 41 876 137 584 511 1411 62 64 120 220 243 133 620 291
leaf_count=5487 41 876 137 584 511 1411 62 64 120 220 243 133 620 291
internal_value=0.00158162 -1.57973 3.12069 0.0148392 2.08943 3.68123 1.60518 3.91003 3.97373 0.457887 1.09089 2.56519 3.19463 2.07295
internal_weight=10800 7167 3633 1680 1281 2352 637 1595 1531 804 305 644 757 332
internal_count=10800 7167 3633 1680 1281 2352 637 1595 1531 804 305 644 757 332
is_linear=0
shrinkage=0.05


Tree=15
num_leaves=15
num_cat=0
split_feature=65 65 65 1 16 1 36 26 1 31 17 48 1 64
split_gain=1.92386e+07 2.16581e+06 641390 136836 93643.6 86610.3 66701.1 41286.6 33641.4 31449.1 25204.8 24647.9 23824.6 23533.5
threshold=163.43167900000003 42.523274000000008 231.31079250000002 144.029684 270.47923350000002 256.80026200000003 22.750520833333336 21.487500000000004 200.78176400000004 21.862500000000004 19.595518256219851 15.875000000000002 211.73058250000003 201.85957300000004
decision_type=2 2 2 2 2 2 2 2 2 2 2 2 2 2
left_child=1 -1 5 6 7 9 -3 -4 -5 12 -9 -6 -2 -8
right_child=2 3 4 8 11 -7 13 10 -10 -11 -12 -13 -14 -15
leaf_value=-1.9686506229139622 1.275343252839253 -0.55350510803439901 2.7835200985606647 0.58607686029868489 4.0960153293314363 2.6989827463469531 -0.060164594406984295 2.7356554697591364 1.6931207588938779 2.2633757368976855 3.5084708049638547 3.058443382051256 1.9335904081662496 0.57697210776171193
leaf_weight=5465 312 694 356 352 645 393 440 140 85 250 1110 80 263 215
leaf_count=5465 312 694 356 352 645 393 440 140 85 250 1110 80 263 215
internal_value=0.00162284 -1.47473 3.01754 0.0368779 3.50391 2.08462 -0.212291 3.28398 0.80478 1.78905 3.42417 3.9859 1.57925 0.149533
internal_weight=10800 7251 3549 1786 2331 1218 1349 1606 437 825 1250 725 575 655
internal_count=10800 7251 3549 1786 2331 1218 1349 1606 437 825 1250 725 575 655
is_linear=0
shrinkage=0.05


Tree=16
num_leaves=15
num_cat=0
split_feature=65 65 65 0 0 1 1 53 26 36 33 48 48 0
split_gain=1.73656e+07 1.95481e+06 579279 124454 86219.3 74555.7 51763.5 40549 40642.9 29713.2 28700.6 25915.1 23786.8 21809.6
threshold=163.43167900000003 42.523274000000008 229.58777250000003 109.91590650000002 266.52725100000004 256.80026200000003 200.78176400000004 -0.5 20.337500000000002 23.614322916666669 18.828125000000004 6.3750000000000009 19.125000000000004 289.58042400000005
decision_type=2 2 2 2 2 2 2 2 2 2 2 2 2 2
left_child=1 -1 5 10 7 9 12 8 -4 -2 -3 -12 -5 -6
right_child=2 3 4 6 13 -7 -8 -9 -10 -11 11 -13 -14 -15
leaf_value=-1.8702360901691257 1.5134359328864051 -0.97643021611606384 2.4793985137752461 0.53536236886433008 3.6635623687063159 2.5507132848103842 1.6094490805337598 1.9405583579818924 3.2731501230531275 2.2174480643568999 0.69238763261925096 -0.34903284801124834 -0.011465775435592266 4.5849846193867343
leaf_weight=5465 609 169 203 504 632 380 85 76 1349 208 65 635 328 92
leaf_count=5465 609 169 203 504 632 380 85 76 1349 208 65 635 328 92
internal_value=0.00165571 -1.40099 2.86701 0.0350968 3.32317 1.96867 0.441175 3.11478 3.17099 1.69516 -0.393426 -0.25148 0.320031 3.78681
internal_weight=10800 7251 3549 1786 2352 1197 917 1628 1552 817 869 700 832 724
internal_count=10800 7251 3549 1786 2352 1197 917 1628 1552 817 869 700 832 724
is_linear=0
shrinkage=0.05


Tree=17
num_leaves=15
num_cat=0
split_feature=65 65 65 1 26 26 36 53 36 36 16 53 36 1
split_gain=1.56749e+07 1.76528e+06 524016 111425 82941.7 66374.7 65018.6 48002.9 38476.6 31185.5 24896.1 23793.6 23572 22676.3
threshold=163.43167900000003 63.145266500000005 225.72088050000005 158.09946100000005 27.012500000000003 24.512500000000003 23.663020833333334 -0.5 20.874609375000002 20.208854166666669 288.39755700000006 -0.2269546835593246 20.649218750000006 209.98823450000003
decision_type=2 2 2 2 2 2 2 2 2 2 2 2 2 2
left_child=1 -1 5 6 7 9 12 8 -4 -2 -6 -11 -3 -5
right_child=2 3 4 13 10 -7 -8 -9 -10 11 -12 -13 -14 -15
leaf_value=-1.7732176801564483 0.90367996027532793 -0.72264525215559738 2.5708199780686458 0.66917329930854486 3.4676748395985011 2.3526113013948065 0.33851146435856949 1.8260408252477647 3.1633236650177063 1.9329856097553191 4.3660485619897242 1.2239496092448074 -0.20255016997403416 1.7610723569475373
leaf_weight=5487 150 333 398 283 584 418 461 95 1207 410 110 177 630 57
leaf_count=5487 150 333 398 283 584 418 461 95 1207 410 110 177 630 57
internal_value=0.00167407 -1.33094 2.72397 0.0449898 3.14638 1.84647 -0.14932 2.95259 3.01809 1.55661 3.61615 1.72163 -0.382959 0.856855
internal_weight=10800 7251 3549 1764 2394 1155 1424 1700 1605 737 694 587 963 340
internal_count=10800 7251 3549 1764 2394 1155 1424 1700 1605 737 694 587 963 340
is_linear=0
shrinkage=0.05


Tree=18
num_leaves=15
num_cat=0
split_feature=65 65 65 26 14 0 53 1 21 48 35 0 1 36
split_gain=1.41506e+07 1.48249e+06 557950 93261.7 79117.3 77090.4 38577.1 37796.1 36574.6 34829.8 34132.1 30998.1 26825.1 22594.8
threshold=150.05667400000002 42.523274000000008 225.72088050000005 23.062500000000004 256.77839379166676 258.60530300000011 -0.2269546835593246 153.78291400000003 50.434122811265944 16.125000000000004 19.669270833333336 280.82143000000002 195.52885400000002 20.417187500000001
decision_type=2 2 2 2 2 2 2 2 2 2 2 2 2 2
left_child=1 -1 4 7 6 8 10 13 -4 11 -2 -7 -8 -3
right_child=2 3 5 -5 -6 9 12 -9 -10 -11 -12 -13 -14 -15
leaf_value=-1.6880968205535365 0.97965306205564728 -0.75210100773735888 2.3246487798983888 0.539732130716846 2.2893536636352541 3.2374627649580199 0.35511927826055251 0.53096241768559116 2.9116127151411213 1.8429622704332527 1.8610259557038213 4.0413138407139693 1.3596625556945803 -0.21644809748361468
leaf_weight=5465 151 266 422 546 374 876 121 135 891 43 444 162 149 755
leaf_count=5465 151 266 422 546 374 876 121 135 891 43 444 162 149 755
internal_value=0.00169161 -1.28685 2.54332 0.00176079 1.67971 2.98938 1.41378 -0.25258 2.72487 3.30784 1.63937 3.36669 0.91245 -0.356601
internal_weight=10800 7167 3633 1702 1239 2394 865 1156 1313 1081 595 1038 270 1021
internal_count=10800 7167 3633 1702 1239 2394 865 1156 1313 1081 595 1038 270 1021
is_linear=0
shrinkage=0.05


Tree=19
num_leaves=15
num_cat=0
split_feature=65 65 65 0 26 26 48 26 16 53 35 48 1 17
split_gain=1.27763e+07 1.43713e+06 426070 94808.4 68712.7 61979.1 43565.7 40590.2 40229.8 33789.8 29451.6 28131.4 24455.9 23522.6
threshold=163.43167900000003 63.145266500000005 231.31079250000002 137.81104500000004 22.787500000000005 27.562500000000004 16.125000000000004 20.987500000000004 288.39755700000006 -0.2269546835593246 20.281250000000004 12.125000000000002 209.98823450000003 62.655287756964334
decision_type=2 2 2 2 2 2 2 2 2 2 2 2 2 2
left_child=1 -1 5 7 13 9 8 -3 -6 10 -2 -9 -5 -4
right_child=2 3 4 12 6 -7 -8 11 -10 -11 -12 -13 -14 -15
leaf_value=-1.6004686707799101 1.2203871882825563 -0.5270817783613414 2.0796858948185331 0.52487811706243803 3.0065544903007311 2.4887575610402668 1.7046729447291449 0.43155594417112786 4.0383364823487424 1.044587306508711 1.9176481811986497 -0.17754102118166734 1.6293038253126473 2.7082582978641287
leaf_weight=5487 225 501 314 389 1504 208 64 297 110 267 518 520 57 339
leaf_count=5487 225 501 314 389 1504 208 64 297 110 267 518 520 57 339
internal_value=0.00169789 -1.20141 2.45944 0.0400634 2.85585 1.69907 3.02795 -0.17323 3.07933 1.53414 1.70842 0.0441379 0.669356 2.40965
internal_weight=10800 7251 3549 1764 2331 1218 1678 1318 1614 1010 743 817 446 653
internal_count=10800 7251 3549 1764 2331 1218 1678 1318 1614 1010 743 817 446 653
is_linear=0
shrinkage=0.05


Tree=20
num_leaves=15
num_cat=0
split_feature=65 65 65 26 26 36 53 1 26 1 36 14 1 48
split_gain=1.15325e+07 1.2979e+06 385429 89388.1 66711.9 52260.7 44598.7 37319 36172.5 27177.4 22990.7 21962.5 20749.6 17538.2
threshold=163.43167900000003 42.523274000000008 225.72088050000005 23.062500000000004 28.462500000000002 23.063020833333336 -0.5 153.78291400000003 20.962500000000002 200.78176400000004 20.338411458333336 241.39679045833338 274.61923400000006 6.3750000000000009
decision_type=2 2 2 2 2 2 2 2 2 2 2 2 2 2
left_child=1 -1 5 7 6 11 8 10 -4 -5 -3 -2 -7 -12
right_child=2 3 4 9 -6 12 -8 -9 -10 -11 13 -13 -14 -15
leaf_value=-1.5236985865068489 1.0311105242964487 -0.73788262377656155 2.0771012692555892 0.39899106792231676 3.2758529462546946 1.7878850507040096 1.5389665023681509 0.48435700244111263 2.7224180172321035 1.3879370094817363 0.57547098309459066 1.6370211795318959 2.5949430995517311 -0.26498348673388511
leaf_weight=5465 381 256 273 502 427 410 104 163 1590 80 67 257 107 718
leaf_count=5465 381 256 273 502 427 410 104 163 1590 80 67 257 107 718
internal_value=0.00170782 -1.14134 2.33675 0.0288321 2.69902 1.58418 2.5722 -0.217089 2.62902 0.537076 -0.327281 1.27736 1.9596 -0.19261
internal_weight=10800 7251 3549 1786 2394 1155 1967 1204 1863 582 1041 638 517 785
internal_count=10800 7251 3549 1786 2394 1155 1967 1204 1863 582 1041 638 517 785
is_linear=0
shrinkage=0.05


Tree=21
num_leaves=15
num_cat=0
split_feature=65 65 65 26 0 1 53 36 36 1 48 33 1 0
split_gain=1.04099e+07 1.08991e+06 410496 71078.1 62951.9 60277.1 41905.4 36139.3 35823.1 28938.3 21151.7 20088.2 18533 18515.1
threshold=150.05667400000002 42.523274000000008 225.72088050000005 23.062500000000004 273.04091050000005 241.01930950000005 -0.5 20.338411458333336 21.166796875000006 150.44379050000001 18.125000000000004 18.828125000000004 286.66023200000001 125.89937800000001
decision_type=2 2 2 2 2 2 2 2 2 2 2 2 2 2
left_child=1 -1 5 9 6 7 8 -2 -4 11 -9 -3 -7 -5
right_child=2 3 4 13 -6 12 -8 10 -10 -11 -12 -13 -14 -15
leaf_value=-1.4475275841380406 0.46035425576153188 -0.79229588321518174 2.1077029519213855 0.1090256742652316 3.1666585523094541 1.7684079640517247 1.4384073340777057 1.4326823107198459 2.6285753931359146 0.44305484563940106 0.46243184969975398 -0.2106241041718484 2.8420502265294392 0.70518751387450718
leaf_weight=5465 150 180 466 215 378 436 102 542 1448 143 64 833 47 331
leaf_count=5465 150 180 466 215 378 436 102 542 1448 143 64 833 47 331
internal_value=0.00170106 -1.10348 2.18166 0.00141259 2.56427 1.44091 2.44981 1.1592 2.50293 -0.220628 1.33114 -0.314661 1.87854 0.471064
internal_weight=10800 7167 3633 1702 2394 1239 2016 756 1914 1156 606 1013 483 546
internal_count=10800 7167 3633 1702 2394 1239 2016 756 1914 1156 606 1013 483 546
is_linear=0
shrinkage=0.05


Tree=22
num_leaves=15
num_cat=0
split_feature=65 65 65 0 0 36 53 1 36 1 48 8 1 36
split_gain=9.39983e+06 1.05638e+06 312988 72478.4 57325.3 45340.4 31771.9 31226.9 31224.4 21517.2 19634.9 16444.4 19040.2 16004
threshold=163.43167900000003 63.145266500000005 225.72088050000005 109.91590650000002 269.30760800000007 23.549088541666666 -0.5 194.89302000000004 17.496875000000006 213.75428150000002 6.3750000000000009 219.80874700000004 158.09946100000005 22.936588541666669
decision_type=2 2 2 2 2 2 2 2 2 2 2 2 2 2
left_child=1 -1 5 10 6 9 8 11 -4 -2 -3 12 -5 -10
right_child=2 3 4 7 -6 -7 -8 -9 13 -11 -12 -13 -14 -15
leaf_value=-1.3724066503563186 0.93129265327202659 0.44393170411572047 1.2728318405151366 -0.10013836647264469 2.8809123459083219 1.8690213280086276 1.3697584030476024 1.1728385151022731 2.2511966051883183 1.4694281932890572 -0.37509640492523005 0.63514952645379696 0.47591223632055235 2.5895467339514258
leaf_weight=5487 379 80 69 389 571 394 93 100 996 382 771 198 226 665
leaf_count=5487 379 80 69 389 571 394 93 100 996 382 771 198 226 665
internal_value=0.00168596 -1.03027 2.10979 0.0341154 2.43625 1.43161 2.29547 0.343358 2.34441 1.203 -0.297671 0.240016 0.111977 2.38814
internal_weight=10800 7251 3549 1764 2394 1155 1823 913 1730 761 851 813 615 1661
internal_count=10800 7251 3549 1764 2394 1155 1823 913 1730 761 851 813 615 1661
is_linear=0
shrinkage=0.05


Tree=23
num_leaves=15
num_cat=0
split_feature=65 65 65 26 36 10 53 16 1 1 16 26 25 17
split_gain=8.48448e+06 953955 282889 67690.4 52517.5 46318.2 30876.8 30192.2 27460.6 21527.7 20412.3 19772.4 19595.8 14781.7
threshold=163.43167900000003 42.523274000000008 231.31079250000002 23.062500000000004 22.301041666666666 266.05778837500003 -0.47114434510950048 278.64649100000008 153.78291400000003 204.78679650000001 249.26160750000003 20.487500000000004 104.92822605096291 42.95197819662576
decision_type=2 2 2 2 2 2 2 2 2 2 2 2 2 2
left_child=1 -1 5 8 10 11 7 -6 12 -5 -4 -2 -3 -13
right_child=2 3 4 9 6 -7 -8 -9 -10 -11 -12 13 -14 -15
leaf_value=-1.3065566371222621 0.82836719132068337 -0.40622133243094316 1.795358617063882 0.35186860160292782 2.4487994047683599 2.0460489552671262 1.3398360942539416 3.0667070152141434 0.41216997321149923 1.2770975831482145 2.2768584366546256 1.2773162699432459 0.10049204221235529 1.9728407272925743
leaf_weight=5465 233 790 482 511 1056 219 56 269 163 71 468 676 251 90
leaf_count=5465 233 790 482 511 1056 219 56 269 163 71 468 676 251 90
internal_value=0.00167351 -0.978755 2.00451 0.0244581 2.32752 1.38494 2.52732 2.57646 -0.189545 0.466737 2.03471 1.23811 -0.284066 1.3615
internal_weight=10800 7251 3549 1786 2331 1218 1381 1325 1204 582 950 999 1041 766
internal_count=10800 7251 3549 1786 2331 1218 1381 1325 1204 582 950 999 1041 766
is_linear=0
shrinkage=0.05


Tree=24
num_leaves=15
num_cat=0
split_feature=65 65 65 0 26 26 53 36 36 36 26 53 64 48
split_gain=7.65853e+06 861027 255625 62225.7 49729.9 39859.8 31581.5 29606.2 28164.8 23900.3 19747.6 19374.6 14513.4 15535.1
threshold=163.43167900000003 42.523274000000008 225.72088050000005 137.81104500000004 28.462500000000002 27.562500000000004 -0.5 21.497656250000002 17.496875000000006 20.208854166666669 26.237500000000004 -0.2269546835593246 201.85957300000004 6.3750000000000009
decision_type=2 2 2 2 2 2 2 2 2 2 2 2 2 2
left_child=1 -1 5 7 6 9 8 -3 -4 -2 -5 -11 13 -9
right_child=2 3 4 10 -6 -7 -8 12 -10 11 -12 -13 -14 -15
leaf_value=-1.2412407537105099 0.57999150732832572 -0.47705916582695534 1.1216138914653235 0.29677777079609069 2.6964991604613369 1.9417761311386572 1.2225672821771532 0.67633387711991011 2.1765687760252059 1.4161626029461369 1.0022184810948869 0.85605902905877862 0.34608290498917887 -0.18149781937767961
leaf_weight=5465 154 450 69 297 427 197 104 57 1794 586 149 218 246 587
leaf_count=5465 154 450 69 297 427 197 104 57 1794 586 149 218 246 587
internal_value=0.00167076 -0.929814 1.90452 0.0232837 2.19955 1.29164 2.09036 -0.147028 2.13812 1.15606 0.534167 1.26555 0.0201898 -0.104641
internal_weight=10800 7251 3549 1786 2394 1155 1967 1340 1863 958 446 804 890 644
internal_count=10800 7251 3549 1786 2394 1155 1967 1340 1863 958 446 804 890 644
is_linear=0
shrinkage=0.05


Tree=25
num_leaves=15
num_cat=0
split_feature=65 65 65 1 0 36 14 53 26 36 26 48 53 1
split_gain=6.91268e+06 777442 230671 55730 46079 39049.8 36205.6 29430 26319.2 19472.7 13042.6 15917.7 12975 12583.6
threshold=163.43167900000003 63.145266500000005 225.72088050000005 158.09946100000005 273.04091050000005 23.614322916666669 261.53954950000008 -0.5 20.962500000000002 20.208854166666669 20.012500000000003 12.125000000000002 -0.2269546835593246 209.98823450000003
decision_type=2 2 2 2 2 2 2 2 2 2 2 2 2 2
left_child=1 -1 6 5 7 10 9 8 -4 -2 -3 -12 -11 -5
right_child=2 3 4 13 -6 -7 -8 -9 -10 12 11 -13 -14 -15
leaf_value=-1.1768271475009424 0.55117902493284598 -0.51817967398214371 1.5677105901885209 0.46434272525145048 2.6041850442307606 0.26504517220615187 1.7253093246423774 1.1458089559257609 2.1134790500973089 1.3101385364642724 0.25130399756924404 -0.31677253946136469 0.83042165385422906 1.2771895507286335
leaf_weight=5487 154 380 273 283 378 470 279 102 1641 518 178 396 204 57
leaf_count=5487 154 380 273 283 378 470 279 102 1641 518 178 396 204 57
internal_value=0.00164475 -0.883321 1.80947 0.0297931 2.08972 -0.107625 1.22726 1.99202 2.03649 1.06685 -0.291311 -0.140479 1.17593 0.60396
internal_weight=10800 7251 3549 1764 2394 1424 1155 2016 1914 876 954 574 722 340
internal_count=10800 7251 3549 1764 2394 1424 1155 2016 1914 876 954 574 722 340
is_linear=0
shrinkage=0.05


Tree=26
num_leaves=15
num_cat=0
split_feature=65 65 65 0 36 26 53 20 1 53 35 48 0 1
split_gain=6.2395e+06 702031 208423 52939.6 43225.1 37273.9 24336.1 26180.7 23125.2 22670.3 18414.8 17699.7 17233 15404.7
threshold=163.43167900000003 42.523274000000008 231.31079250000002 105.86520100000001 22.301041666666666 27.562500000000004 -0.47114434510950048 297.46106850000007 194.89302000000004 -0.2269546835593246 17.664583333333336 6.3750000000000009 248.81352550000003 198.88739500000003
decision_type=2 2 2 2 2 2 2 2 2 2 2 2 2 2
left_child=1 -1 5 11 12 9 7 -6 -5 10 -2 -3 -4 -11
right_child=2 3 4 8 6 -7 -8 -9 -10 13 -12 -13 -14 -15
leaf_value=-1.1203594762765137 0.15444869424511748 0.42197940916190912 1.5556885247802166 0.18497390505200051 2.1700153152617627 1.7988056586689927 1.1255053200219807 3.2964786134917166 0.9840468848990922 0.13891500573843082 1.2614707767963411 -0.35812424547393212 2.0079309902555957 0.93696022655282707
leaf_weight=5465 40 80 585 884 1268 208 56 57 100 93 703 722 365 174
leaf_count=5465 40 80 585 884 1268 208 56 57 100 93 703 722 365 174
internal_value=0.00161853 -0.839153 1.71916 0.021459 1.99641 1.18735 2.17735 2.22092 0.267097 1.05978 1.20216 -0.27988 1.73137 0.660545
internal_weight=10800 7251 3549 1786 2331 1218 1381 1325 984 1010 743 802 950 267
internal_count=10800 7251 3549 1786 2331 1218 1381 1325 984 1010 743 802 950 267
is_linear=0
shrinkage=0.05


Tree=27
num_leaves=15
num_cat=0
split_feature=65 65 65 26 26 36 53 36 1 33 1 24 13 16
split_gain=5.63272e+06 589373 222313 43250.8 39896.6 39062.5 24108.1 23229.5 20580.1 15930.1 15509.2 15126.8 14964.8 12747
threshold=150.05667400000002 42.523274000000008 225.72088050000005 22.262500000000003 28.462500000000002 23.063020833333336 -0.5 17.496875000000006 208.67909150000003 18.828125000000004 289.58042400000005 273.99644800000004 0.91425697716869847 288.39755700000006
decision_type=2 2 2 2 2 2 2 2 2 2 2 2 2 2
left_child=1 -1 5 9 6 8 7 -4 12 -3 -7 -5 -2 -6
right_child=2 3 4 11 13 10 -8 -9 -10 -11 -12 -13 -14 -15
leaf_value=-1.064351753677329 -0.34623475287641803 -0.62890386015531563 0.910836034161704 -0.027557503878010245 2.1632048522810083 1.2952390572921499 1.0317338598342169 1.865666339311095 1.0959652872710695 -0.11740864411823622 2.3190570172809419 0.45450572223356378 0.66086579250562716 2.860508880853653
leaf_weight=5465 41 188 69 245 328 507 104 1794 327 786 41 483 323 99
leaf_count=5465 41 188 69 245 328 507 104 1794 327 786 41 483 323 99
internal_value=0.001605 -0.811357 1.60516 0.0011381 1.88673 1.06003 1.78911 1.83081 0.807883 -0.21668 1.37592 0.292458 0.546791 2.33118
internal_weight=10800 7167 3633 1702 2394 1239 1967 1863 691 974 548 728 364 427
internal_count=10800 7167 3633 1702 2394 1239 1967 1863 691 974 548 728 364 427
is_linear=0
shrinkage=0.05


Tree=28
num_leaves=15
num_cat=0
split_feature=65 65 65 64 1 16 36 36 36 26 53 1 0 36
split_gain=5.08647e+06 571277 169988 46371.5 44136.7 39292 31853.5 20138.5 19185.3 15880.4 12757 12486.8 11625.8 11282.8
threshold=163.43167900000003 63.145266500000005 236.90132750000004 225.63727100000003 158.09946100000005 269.78556100000009 23.663020833333334 19.691927083333336 19.556510416666669 28.762500000000003 -0.2269546835593246 198.88739500000003 294.76548300000007 20.338411458333336
decision_type=2 2 2 2 2 2 2 2 2 2 2 2 2 2
left_child=1 -1 3 7 6 8 13 -2 -4 10 -9 -12 -7 -3
right_child=2 4 5 -5 -6 12 -8 9 -10 -11 11 -13 -14 -15
leaf_value=-1.0091371120803558 0.21174315769731267 -0.52742459380011553 1.0840843709309895 1.7910205911121098 0.53616358410468734 2.0571500161605263 0.24434684002000912 1.0902007381641883 1.7275234324796065 1.6580119768778485 0.12401390049854916 0.88610224699974072 2.8314843603455628 -0.15064933329864205
leaf_weight=5487 80 280 134 210 340 680 461 686 1331 95 74 199 60 683
leaf_count=5487 80 280 134 210 340 680 461 686 1331 95 74 199 60 683
internal_value=0.00158249 -0.757539 1.55233 1.10759 0.0251952 1.82278 -0.0970963 0.979568 1.66945 1.03759 0.974468 0.680735 2.12367 -0.260633
internal_weight=10800 7251 3549 1344 1764 2205 1424 1134 1465 1054 959 273 740 963
internal_count=10800 7251 3549 1344 1764 2205 1424 1134 1465 1054 959 273 740 963
is_linear=0
shrinkage=0.05


Tree=29
num_leaves=15
num_cat=0
split_feature=65 65 65 26 64 26 0 26 1 36 1 48 53 31
split_gain=4.59136e+06 515751 153396 42673.6 42074.1 36947.8 20342.6 19153.9 16791.4 14157 14028.8 13175.1 12685.3 12134.4
threshold=163.43167900000003 42.523274000000008 236.90132750000004 23.062500000000004 229.01913550000003 22.487500000000004 273.48420700000003 26.387500000000003 150.44379050000001 20.338411458333336 209.98823450000003 12.125000000000002 -0.2269546835593246 18.112500000000004
decision_type=2 2 2 2 2 2 2 2 2 2 2 2 2 2
left_child=1 -1 4 8 7 13 -7 12 9 -3 11 -5 -2 -4
right_child=2 3 5 10 -6 6 -8 -9 -10 -11 -12 -13 -14 -15
leaf_value=-0.96069630904813585 0.94252429324810905 -0.55496930943957845 0.90256918438342437 0.68512632211032731 1.7364306721183445 1.7579780277565344 2.2096116348921533 1.3110428375857217 0.30421216618377356 -0.12313448309352429 1.107937991413577 0.12928029695555332 0.51940520785660615 1.4920989604657917
leaf_weight=5465 634 250 118 148 193 1339 331 265 172 782 57 377 252 417
leaf_count=5465 634 250 118 148 193 1339 331 265 172 782 57 377 252 417
internal_value=0.00156146 -0.719669 1.4749 0.0179795 1.05243 1.73182 1.84876 0.936328 -0.151936 -0.228182 0.369146 0.286981 0.8229 1.364
internal_weight=10800 7251 3549 1786 1344 2205 1670 1151 1204 1032 582 525 886 535
internal_count=10800 7251 3549 1786 1344 2205 1670 1151 1204 1032 582 525 886 535
is_linear=0
shrinkage=0.05


Tree=30
num_leaves=15
num_cat=0
split_feature=65 65 65 64 26 26 26 14 1 48 48 33 36 16
split_gain=4.14429e+06 465617 138430 38004.8 37605.4 33334.1 19194.3 18094.6 14782.8 16809.6 13785.2 13084.8 12462.7 10904.1
threshold=163.43167900000003 63.145266500000005 236.90132750000004 229.01913550000003 22.312500000000004 22.437500000000004 30.012500000000003 262.47120458333342 200.78176400000004 12.125000000000002 16.125000000000004 18.828125000000004 19.691927083333336 140.10094300000003
decision_type=2 2 2 2 2 2 2 2 2 2 2 2 2 2
left_child=1 -1 3 7 11 -4 10 12 9 -6 -7 -3 -2 -11
right_child=2 4 5 -5 8 6 -8 -9 -10 13 -12 -13 -14 -15
leaf_value=-0.91082340615703772 0.19376545121847857 -0.55472179793931076 1.2916486395629188 1.650056672176903 0.59271692434205347 1.7275810173306967 2.3345539792836143 1.2880251985607725 0.90892873052288514 -0.44179243555940362 0.80287688520219591 -0.091692112313002283 0.84593746624399735 0.16338070693097484
leaf_weight=5487 81 187 525 193 200 1498 138 230 84 91 44 813 840 389
leaf_count=5487 81 187 525 193 200 1498 138 230 84 91 44 813 840 389
internal_value=0.00153646 -0.683681 1.40131 0.999975 0.0229708 1.64537 1.75507 0.889632 0.286887 0.208825 1.70173 -0.178746 0.788853 0.04797
internal_weight=10800 7251 3549 1344 1764 2205 1680 1151 764 680 1542 1000 921 480
internal_count=10800 7251 3549 1344 1764 2205 1680 1151 764 680 1542 1000 921 480
is_linear=0
shrinkage=0.05


Tree=31
num_leaves=15
num_cat=0
split_feature=65 65 65 36 36 36 48 1 16 1 16 1 36 26
split_gain=3.74137e+06 376562 157555 31894.8 31608.3 31475.3 23178.1 17887.2 17877.2 15748.1 15057.8 13074.8 12083.2 10956
threshold=146.34854200000004 42.523274000000008 225.72088050000005 24.022526041666669 22.936588541666669 23.024739583333339 16.125000000000004 208.67909150000003 288.39755700000006 153.78291400000003 249.26160750000003 289.58042400000005 20.338411458333336 26.937500000000004
decision_type=2 2 2 2 2 2 2 2 2 2 2 2 2 2
left_child=1 -1 5 9 10 7 8 12 -6 -3 -4 -7 -2 -5
right_child=2 3 4 13 6 11 -8 -9 -10 -11 -12 -13 -14 -15
leaf_value=-0.86713746755148446 -0.022731460995788946 -0.22680427139750037 1.1546008910101129 0.15793777388554453 1.7079762647149488 1.0528798354444489 0.68257254395844802 0.89844775616751282 2.4012141953717485 0.33115448428253674 1.5120858759586127 1.9863796574728831 0.58047416084022685 0.6484754687884734
leaf_weight=5465 121 993 535 356 968 536 52 320 110 144 729 41 263 167
leaf_count=5465 121 993 535 356 968 536 52 320 110 144 729 41 263 167
internal_value=0.00150497 -0.666836 1.2971 -0.00728379 1.53671 0.848438 1.73098 0.622516 1.78087 -0.15591 1.36181 1.12253 0.390836 0.315511
internal_weight=10800 7125 3675 1660 2394 1281 1130 704 1078 1137 1264 577 384 523
internal_count=10800 7125 3675 1660 2394 1281 1130 704 1078 1137 1264 577 384 523
is_linear=0
shrinkage=0.05


Tree=32
num_leaves=15
num_cat=0
split_feature=65 65 65 1 64 16 48 26 26 36 48 26 35 26
split_gain=3.37962e+06 378541 112862 33161.7 32226.1 29003.3 17958.1 20652.9 15505.1 15085.6 13307.1 12988.6 12081.5 12057.3
threshold=163.43167900000003 42.523274000000008 236.90132750000004 137.76946450000003 225.63727100000003 269.78556100000009 12.125000000000002 20.937500000000004 18.425000000000001 19.691927083333336 11.125000000000002 26.237500000000004 21.90260416666667 28.762500000000003
decision_type=2 2 2 2 2 2 2 2 2 2 2 2 2 2
left_child=1 -1 4 6 9 8 7 -3 -4 -2 -10 -5 -8 -11
right_child=2 3 5 11 -6 -7 12 -9 10 13 -12 -13 -14 -15
leaf_value=-0.82378851091124583 0.13269126105616674 -0.22483021126916777 0.42892642150754512 0.18674296187183992 1.4727767735860926 1.7440381623030352 -0.65111557738648518 0.35403451381028639 1.5207583089719092 0.79181956501244422 1.2035708897152255 0.73468629313502343 -0.17086951608765766 1.3864593232671421
leaf_weight=5465 80 298 45 351 210 740 179 317 801 959 619 156 485 95
leaf_count=5465 80 298 45 351 210 740 179 317 801 959 619 156 485 95
internal_value=0.00148527 -0.617296 1.26554 0.0146584 0.90316 1.48591 -0.121004 0.0736343 1.35443 0.796471 1.38344 0.356455 -0.301118 0.84668
internal_weight=10800 7251 3549 1786 1344 2205 1279 615 1465 1134 1420 507 664 1054
internal_count=10800 7251 3549 1786 1344 2205 1279 615 1465 1134 1420 507 664 1054
is_linear=0
shrinkage=0.05


Tree=33
num_leaves=15
num_cat=0
split_feature=65 65 65 26 64 26 0 14 1 48 21 17 24 1
split_gain=3.05054e+06 341645 101847 30361.7 29125.4 26960.9 17621.9 14263.1 12616 11332 10648.2 10512.5 10509 10490.4
threshold=163.43167900000003 42.523274000000008 236.90132750000004 23.062500000000004 229.01913550000003 21.487500000000004 273.48420700000003 264.96680766666674 163.51199100000002 6.3750000000000009 40.238798767239011 41.422532074823756 248.07883750000005 209.98823450000003
decision_type=2 2 2 2 2 2 2 2 2 2 2 2 2 2
left_child=1 -1 4 8 7 -4 10 11 9 -3 -7 12 -2 -5
right_child=2 3 5 13 -6 6 -8 -9 -10 -11 -12 -13 -14 -15
leaf_value=-0.78260657336307982 0.23327959139194143 0.38632318721730496 0.99484401794485644 0.23911181835620576 1.4271347103458014 1.231534332249846 1.8243519241730852 1.1550773724145498 0.29991590837265053 -0.23662840826439258 1.5150076072883998 1.0878345816031747 0.69698003141983966 0.94895125576134398
leaf_weight=5465 151 78 338 525 193 559 331 193 149 977 977 137 670 57
leaf_count=5465 151 78 338 525 193 559 331 193 149 977 977 137 670 57
internal_value=0.00144846 -0.586436 1.20239 0.0139319 0.858143 1.41173 1.48663 0.761578 -0.129391 -0.190249 1.41271 0.681182 0.612083 0.310141
internal_weight=10800 7251 3549 1786 1344 2205 1867 1151 1204 1055 1536 958 821 582
internal_count=10800 7251 3549 1786 1344 2205 1867 1151 1204 1055 1536 958 821 582
is_linear=0
shrinkage=0.05


Tree=34
num_leaves=15
num_cat=0
split_feature=65 65 65 1 64 26 36 26 26 48 53 1 17 65
split_gain=2.7542e+06 313686 88018.5 29216.7 25743.1 24855.6 21639.8 15000.6 14528.3 11536.2 11110.6 11059.3 9948.5 9216.07
threshold=165.57299300000003 63.145266500000005 236.90132750000004 171.96254650000003 236.85653950000003 22.487500000000004 23.614322916666669 30.012500000000003 28.362500000000004 16.125000000000004 -0.2269546835593246 198.88739500000003 62.655287756964334 24.000000000000004
decision_type=2 2 2 2 2 2 2 2 2 2 2 2 2 2
left_child=1 13 4 6 8 12 -3 9 10 -7 -2 -12 -4 -1
right_child=2 3 5 -5 -6 7 -8 -9 -10 -11 11 -13 -14 -15
leaf_value=-0.76875131707741584 0.78027257306342857 -0.20008678125005852 0.81297849500551822 0.49407644250102856 1.4388614188683662 1.4135944323062577 0.20020818465107079 1.9470612236090916 1.2658298571247701 0.57426891777250499 -0.042813816958147552 0.62880936510422658 1.2527714613134213 -0.58208260876038287
leaf_weight=4697 775 1002 261 275 151 1488 508 138 120 44 91 186 274 790
leaf_count=4697 775 1002 261 275 151 1488 508 138 120 44 91 186 274 790
internal_value=0.00142705 -0.554714 1.14759 0.0210437 0.824027 1.34127 -0.0653746 1.43706 0.743653 1.38988 0.682944 0.408807 1.04014 -0.741986
internal_weight=10800 7272 3528 1785 1323 2205 1510 1670 1172 1532 1052 277 535 5487
internal_count=10800 7272 3528 1785 1323 2205 1510 1670 1172 1532 1052 277 535 5487
is_linear=0
shrinkage=0.05


Tree=35
num_leaves=15
num_cat=0
split_feature=65 65 65 0 64 16 26 26 48 36 36 48 48 48
split_gain=2.48613e+06 283517 79430.8 29042.8 23331.3 23196.4 15598.6 12871.5 13361.1 12711.7 12074.7 11038.4 10248.6 9737.79
threshold=165.57299300000003 28.000000000000004 236.90132750000004 124.77185700000001 225.63727100000003 269.78556100000009 26.237500000000004 19.212500000000002 11.125000000000002 19.691927083333336 20.417187500000001 6.3750000000000009 19.125000000000004 6.6250000000000009
decision_type=2 2 2 2 2 2 2 2 2 2 2 2 2 2
left_child=1 -1 4 10 9 7 12 -4 -9 -2 -3 -12 -5 -13
right_child=2 3 5 6 -6 -7 -8 8 -10 -11 11 13 -14 -15
leaf_value=-0.71070701437762651 0.082285883231663415 -0.4163671316452397 0.55042437803065192 0.27406743187586463 1.2670088913768389 1.5049335423027457 0.60656409703091851 1.335758914373308 1.0164794295447546 0.73758340775444242 0.55457572995320614 -0.66794075874345649 -0.2069056094294148 -0.05052146467984886
leaf_weight=5401 80 308 85 301 210 740 220 763 617 1033 68 69 174 731
leaf_count=5401 80 308 85 301 210 740 220 763 617 1033 68 69 174 731
internal_value=0.00139835 -0.526984 1.09035 0.00346221 0.78298 1.27434 0.259498 1.15692 1.19385 0.690598 -0.147943 -0.0523266 0.0978149 -0.104541
internal_weight=10800 7272 3528 1871 1323 2205 695 1465 1380 1113 1176 868 475 800
internal_count=10800 7272 3528 1871 1323 2205 695 1465 1380 1113 1176 868 475 800
is_linear=0
shrinkage=0.05


Tree=36
num_leaves=15
num_cat=0
split_feature=65 65 65 53 16 14 36 17 16 17 33 48 65 12
split_gain=2.24469e+06 221109 96592.8 24305.4 23893.7 22930 20411.8 15809.9 15611.9 10528.1 10235.5 10035.9 9394.18 8681.06
threshold=144.54316150000002 28.000000000000004 221.97237050000004 -0.5 288.39755700000006 255.93984062500002 24.022526041666669 41.422532074823756 255.27931950000001 65.673211196188433 18.828125000000004 18.125000000000004 87.394937500000012 96.162038500000008
decision_type=2 2 2 2 2 2 2 2 2 2 2 2 2 2
left_child=1 -1 5 4 8 7 10 11 9 -4 -3 13 -8 -2
right_child=2 6 3 -5 -6 -7 12 -9 -10 -11 -12 -13 -14 -15
leaf_value=-0.67517825701818435 -0.011801882755833788 -0.47796685893801938 0.8726784666647589 0.55131155857242242 1.9382075192635519 0.97090148317908476 -0.15039794113039973 1.003062715817381 1.2958838122735159 1.2373594896631608 -0.074845339446586751 -0.025209656580617384 0.34392385913829676 0.55735061250852025
leaf_weight=5401 76 187 522 145 113 377 124 134 1318 338 973 111 419 562
leaf_count=5401 76 187 522 145 113 377 124 134 1318 338 973 111 419 562
internal_value=0.00135563 -0.518567 1.00056 1.18449 1.2243 0.644306 -0.0217775 0.503925 1.18639 1.01728 -0.140187 0.413408 0.230971 0.48964
internal_weight=10800 7104 3696 2436 2291 1260 1703 883 2178 860 1160 749 543 638
internal_count=10800 7104 3696 2436 2291 1260 1703 883 2178 860 1160 749 543 638
is_linear=0
shrinkage=0.05


Tree=37
num_leaves=15
num_cat=0
split_feature=65 65 65 36 14 36 13 48 20 0 33 1 65 26
split_gain=2.02617e+06 199682 87443.7 22364.6 20627.8 19880.1 17068 13451.8 13929.2 10379 9501.31 7929.69 7748.98 7625.29
threshold=144.54316150000002 63.145266500000005 217.24452850000003 22.936588541666669 248.21197412500007 24.022526041666669 37.563354768093426 16.125000000000004 297.46106850000007 248.17799000000002 18.828125000000004 283.61178550000005 24.000000000000004 27.562500000000004
decision_type=2 2 2 2 2 2 2 2 2 2 2 2 2 2
left_child=1 12 4 9 6 10 -2 8 -5 -4 -3 -6 -1 -7
right_child=2 5 3 7 11 13 -8 -9 -10 -11 -12 -13 -14 -15
leaf_value=-0.66104242934628521 0.28125660288586934 -0.45457626075821589 0.83978192996196288 1.2781156340575084 0.78261425591348366 0.14137137159420063 0.83266360872269929 0.60399129862246459 2.1004494583397579 1.1257320371475878 -0.059059879691846187 1.4724206556876502 -0.49012437289493582 0.58790352187288097
leaf_weight=4697 529 181 696 1053 430 391 191 72 56 622 919 47 790 126
leaf_count=4697 529 181 696 1053 430 391 191 72 56 622 919 47 790 126
internal_value=0.00132191 -0.492646 0.950644 1.11904 0.598431 -0.00431807 0.428485 1.2783 1.3215 0.975481 -0.124494 0.853521 -0.636528 0.251122
internal_weight=10800 7104 3696 2499 1197 1617 720 1181 1109 1318 1100 477 5487 517
internal_count=10800 7104 3696 2499 1197 1617 720 1181 1109 1318 1100 477 5487 517
is_linear=0
shrinkage=0.05


Tree=38
num_leaves=15
num_cat=0
split_feature=65 65 64 8 24 31 64 64 26 1 48 26 65 65
split_gain=1.83003e+06 208491 60455.8 28552.7 22737.1 19724.6 15298.5 14589.5 11149.1 8521.68 11261.3 12359.8 7552.02 6991.34
threshold=165.57299300000003 63.145266500000005 240.49638400000001 69.10047950000002 274.28284400000007 21.062500000000004 162.59598550000001 117.02563150000002 30.012500000000003 163.51199100000002 12.125000000000002 20.637500000000003 237.73522350000002 24.000000000000004
decision_type=2 2 2 2 2 2 2 2 2 2 2 2 2 2
left_child=1 13 3 5 9 12 -5 -6 -4 10 11 -3 -2 -1
right_child=2 4 8 6 7 -7 -8 -9 -10 -11 -12 -13 -14 -15
leaf_value=-0.62799735403203016 0.54592396182048586 -0.23264405061228774 1.1194877143200386 -0.16958343199803494 -0.023170637122137083 1.3707273289561273 0.62924628718030273 0.41673368001335015 1.6572463485929703 0.23664395218869128 -0.35260228722250259 0.33003042699912422 0.9615412959466616 -0.46564916359489095
leaf_weight=4697 183 230 1556 63 336 231 1096 428 107 132 491 168 292 790
leaf_count=4697 183 230 1556 63 336 231 1096 428 107 132 491 168 292 790
internal_value=0.00129461 -0.452037 0.935575 0.739346 0.0173561 0.990368 0.585715 0.223491 1.15506 -0.136959 -0.192636 0.00509866 0.802903 -0.604712
internal_weight=10800 7272 3528 1865 1785 706 1159 764 1663 1021 889 398 475 5487
internal_count=10800 7272 3528 1865 1785 706 1159 764 1663 1021 889 398 475 5487
is_linear=0
shrinkage=0.05


Tree=39
num_leaves=15
num_cat=0
split_feature=65 65 64 8 1 31 48 1 64 26 48 15 48 48
split_gain=1.65183e+06 188278 54631.3 26332.8 22264.8 17810.6 15812.7 19069.8 13632.9 10583.8 10367.1 8217.38 8155.93 8777.61
threshold=165.57299300000003 28.000000000000004 239.74407900000003 69.10047950000002 153.78291400000003 21.062500000000004 12.125000000000002 94.991474000000025 162.59598550000001 27.012500000000003 11.125000000000002 91.430019500000014 6.3750000000000009 6.6250000000000009
decision_type=2 2 2 2 2 2 2 2 2 2 2 2 2 2
left_child=1 -1 3 5 6 -2 7 12 -5 10 -4 -8 -3 -14
right_child=2 4 9 8 -6 -7 11 -9 -10 -11 -12 -13 13 -15
leaf_value=-0.57915712848763612 0.76291575760995389 0.39316163942401794 1.128293969258209 -0.16123674134723842 0.3485276249060083 1.3024863742789705 -0.48159234474837914 0.54389862348901097 0.59314456018356476 1.2689633750432248 0.80776207327978788 -0.13056367923042175 -0.61803191395067592 -0.035982045711979514
leaf_weight=5401 475 80 651 63 372 231 227 177 1080 591 437 625 81 309
leaf_count=5401 475 80 651 63 372 231 227 177 1080 591 437 625 81 309
internal_value=0.00125486 -0.42944 0.888883 0.700646 0.00282686 0.941053 -0.0831393 0.103128 0.55146 1.09564 1.00041 -0.224544 -0.0636666 -0.158141
internal_weight=10800 7272 3528 1849 1871 706 1499 647 1143 1679 1088 852 470 390
internal_count=10800 7272 3528 1849 1871 706 1499 647 1143 1679 1088 852 470 390
is_linear=0
shrinkage=0.05


Tree=40
num_leaves=15
num_cat=0
split_feature=65 65 64 8 24 31 64 65 0 1 48 26 65 25
split_gain=1.49098e+06 169924 49312 23781.8 20290.8 16086.7 12309 11098 10152.3 7241.83 9292.01 10510.8 6836.02 6347.3
threshold=165.57299300000003 28.000000000000004 239.74407900000003 69.10047950000002 274.28284400000007 21.062500000000004 162.59598550000001 114.78420550000001 294.76548300000007 153.78291400000003 12.125000000000002 20.637500000000003 237.73522350000002 100.41493076626193
decision_type=2 2 2 2 2 2 2 2 2 2 2 2 2 2
left_child=1 -1 3 5 9 12 -5 -6 13 10 11 -3 -2 -4
right_child=2 4 8 6 7 -7 -8 -9 -10 -11 -12 -13 -14 -15
leaf_value=-0.55020464528538227 0.4808376410530637 -0.22349204045264648 0.840482599578386 -0.15330087041947993 0.050506242739440946 1.2376427644157204 0.5635147682068461 0.43849686735262305 1.8338761062156863 0.18923650817477564 -0.32453066282099186 0.2926349101840135 0.87561271695146792 1.0773124194682269
leaf_weight=5401 183 234 397 63 492 231 1080 294 40 146 536 169 292 1242
leaf_count=5401 183 234 397 63 492 231 1080 294 40 146 536 169 292 1242
internal_value=0.00121591 -0.407972 0.84452 0.665681 0.00268604 0.894147 0.523906 0.196005 1.04095 -0.137411 -0.188346 -0.00686311 0.72485 1.02049
internal_weight=10800 7272 3528 1849 1871 706 1143 786 1679 1085 939 403 475 1639
internal_count=10800 7272 3528 1849 1871 706 1143 786 1679 1085 939 403 475 1639
is_linear=0
shrinkage=0.05


Tree=41
num_leaves=15
num_cat=0
split_feature=65 65 64 8 24 31 48 64 26 65 22 65 1 26
split_gain=1.34582e+06 153974 44511.7 21483.4 17350.7 14525.7 12530 11113.6 9504 9313.96 7247.41 6218.01 5954.57 5945.79
threshold=165.57299300000003 80.564241500000009 239.74407900000003 69.10047950000002 268.06765750000005 21.062500000000004 19.125000000000004 162.59598550000001 30.012500000000003 24.000000000000004 77.338464890625005 206.39418350000003 214.34171200000003 26.237500000000004
decision_type=2 2 2 2 2 2 2 2 2 2 2 2 2 2
left_child=1 9 3 5 10 11 12 -5 -4 -1 -3 -2 -6 -8
right_child=2 4 8 7 6 -7 13 -9 -10 -11 -12 -13 -14 -15
leaf_value=-0.54014808206976406 0.35648901390044818 0.3933622589651144 0.95648482086814701 -0.14575559601653368 0.25798051860455457 1.1760273582719525 -0.13460933218735296 0.53536509501413521 1.4491170773812392 -0.36714910740535411 -0.21823539975022876 0.78881718411837543 0.79588343961197039 0.4222902896148818
leaf_weight=4697 111 52 1571 63 564 231 332 1080 108 944 572 364 56 55
leaf_count=4697 111 52 1571 63 564 231 332 1080 108 944 572 364 56 55
internal_value=0.00118582 -0.387574 0.80239 0.632478 0.0402862 0.849623 0.168599 0.497728 0.989017 -0.511268 -0.166721 0.68875 0.307769 -0.054579
internal_weight=10800 7272 3528 1849 1631 706 1007 1143 1679 5641 624 475 620 387
internal_count=10800 7272 3528 1849 1631 706 1007 1143 1679 5641 624 475 620 387
is_linear=0
shrinkage=0.05


Tree=42
num_leaves=15
num_cat=0
split_feature=65 65 65 0 0 17 48 31 26 0 6 1 61 36
split_gain=1.21626e+06 87793.8 81462.7 21683 16993.8 16025.9 13143.2 12165.5 12152.1 9668.87 8620.23 7530.75 7290.35 7990.76
threshold=126.25790000000002 28.000000000000004 215.25594400000003 207.47661800000003 276.50310850000005 18.434907066323344 10.375000000000002 18.725000000000005 18.962500000000002 97.442560000000014 218.54977050000002 99.388253500000005 -0.9733555533461492 25.847656250000004
decision_type=2 2 2 2 2 2 2 2 2 2 2 2 2 2
left_child=1 -1 3 6 5 10 11 -7 -3 -8 -4 -2 -10 -14
right_child=2 8 4 -5 -6 7 9 -9 12 -11 -12 -13 13 -15
leaf_value=-0.49682436586088363 0.27149142780030772 -0.47085765648633243 0.02930766382330173 0.65085570970055362 1.2262428118694217 0.50683868371886132 -0.63782779418286828 0.92189644827573769 0.56678551921138065 0.15174193046693149 0.63440313470592491 0.72108384486810684 -0.065311027086673953 0.40802901010845133
leaf_weight=5401 209 154 73 526 291 202 41 1670 53 506 305 170 1103 96
leaf_count=5401 209 154 73 526 291 202 41 1670 53 506 305 170 1103 96
internal_value=0.00115303 -0.405221 0.693841 0.394676 0.86457 0.817269 0.248612 0.877404 -0.0532346 0.0915044 0.517932 0.474522 -0.00153084 -0.0271038
internal_weight=10800 6807 3993 1452 2541 2250 926 1872 1406 547 378 379 1252 1199
internal_count=10800 6807 3993 1452 2541 2250 926 1872 1406 547 378 379 1252 1199
is_linear=0
shrinkage=0.05


Tree=43
num_leaves=15
num_cat=0
split_feature=65 65 0 64 48 22 33 33 31 1 16 0 61 36
split_gain=1.0978e+06 79241.5 73989 24625.7 17121.6 13909.5 10986.6 10293.8 7774.51 7688.58 7573.48 7420.43 6578.64 7202.01
threshold=126.25790000000002 28.000000000000004 187.42767950000004 243.97296700000004 10.375000000000002 105.48478607812503 18.921875000000004 29.943750000000005 21.562500000000004 98.602626500000014 288.39755700000006 97.442560000000014 -0.9733555533461492 25.847656250000004
decision_type=2 2 2 2 2 2 2 2 2 2 2 2 2 2
left_child=1 -1 4 5 9 8 -3 -7 -4 -2 -5 -6 -8 -14
right_child=2 6 3 10 11 7 12 -9 -10 -11 -12 -13 13 -15
leaf_value=-0.47198775115608066 0.24780037327863202 -0.443390424417544 0.7209887752127847 0.89045303731389047 -0.60669572958057483 0.48046517097567937 0.5389710459444258 0.99741057543842881 1.1595753358022587 0.67750363135879699 1.4624285357339044 0.092527044715203399 -0.061583213285787489 0.38783787872603875
leaf_weight=5401 201 157 358 1479 41 987 53 107 147 219 62 392 1100 96
leaf_count=5401 201 157 358 1479 41 987 53 107 147 219 62 392 1100 96
internal_value=0.00111582 -0.384961 0.659205 0.771371 0.245888 0.633045 -0.0505573 0.53189 0.850696 0.472937 0.914399 0.0250735 -0.000862726 -0.0252154
internal_weight=10800 6807 3993 3140 853 1599 1406 1094 505 420 1541 433 1249 1196
internal_count=10800 6807 3993 3140 853 1599 1406 1094 505 420 1541 433 1249 1196
is_linear=0
shrinkage=0.05


Tree=44
num_leaves=15
num_cat=0
split_feature=65 65 65 26 26 48 48 26 48 26 27 65 65 48
split_gain=990930 75302 63420.7 18139 15070.7 15519.8 13145.2 13375.7 11513.5 10248.8 8319.68 7107.53 6418.62 6827.08
threshold=128.36177500000005 28.000000000000004 215.25594400000003 22.662500000000005 28.362500000000004 11.125000000000002 12.125000000000002 23.962500000000002 9.6250000000000018 18.962500000000002 19.212500000000002 221.97237050000004 87.394937500000012 12.125000000000002
decision_type=2 2 2 2 2 2 2 2 2 2 2 2 2 2
left_child=1 -1 3 8 5 10 11 -8 -2 -3 -4 -7 -11 -14
right_child=2 9 4 -5 -6 6 7 -9 -10 12 -12 -13 13 -15
leaf_value=-0.44839273357956294 0.39885256660473384 -0.42269307164817199 0.41962810444335147 0.53583051025858508 1.0460289392886419 0.45119287835603417 0.37900334096211297 0.76763619108093994 -0.013283002848527459 -0.17689332031122321 0.9186659432541241 -0.44751422253691342 0.25097434165453286 -0.029328424146457983
leaf_weight=5401 313 157 95 727 447 43 327 707 368 355 879 43 340 598
leaf_count=5401 313 157 95 727 447 43 327 707 368 355 879 43 340 598
internal_value=0.00108814 -0.362516 0.631827 0.362259 0.780996 0.723948 0.595862 0.645217 0.176449 -0.0425534 0.870472 0.00186047 0.00389529 0.0724329
internal_weight=10800 6851 3949 1408 2541 2094 1120 1034 681 1450 974 86 1293 938
internal_count=10800 6851 3949 1408 2541 2094 1120 1034 681 1450 974 86 1293 938
is_linear=0
shrinkage=0.05


Tree=45
num_leaves=15
num_cat=0
split_feature=65 65 64 8 24 31 65 64 26 64 26 36 36 26
split_gain=895151 103001 30333.9 16937.4 14378.9 10941.7 8534.25 8396.2 7939.44 6791.45 5033.92 4888.44 4670.32 4728.37
threshold=165.57299300000003 84.179539500000018 236.85653950000003 69.10047950000002 274.28284400000007 21.062500000000004 24.000000000000004 162.59598550000001 30.962500000000002 105.70697350000002 28.987500000000004 18.666666666666668 23.515885416666666 26.175000000000001
decision_type=2 2 2 2 2 2 2 2 2 2 2 2 2 2
left_child=1 6 3 5 -3 11 -1 -5 12 -6 -9 -2 13 -4
right_child=2 4 8 7 9 -7 -8 10 -10 -11 -12 -13 -14 -15
leaf_value=-0.44230128192252027 0.057641850842369925 -0.08467011670949072 0.63644603121111976 -0.17269113992806526 -0.021665350284728439 0.98360462180049779 -0.2829353688675586 0.38576363024111804 1.3775052460034689 0.32907983053880541 0.79034687590949682 0.61223937501760073 0.88746069797320293 0.87346848953769818
leaf_weight=4697 44 887 688 63 197 231 1032 940 59 459 84 431 667 321
leaf_count=4697 44 887 688 63 197 231 1032 940 59 459 84 431 667 321
internal_value=0.00105054 -0.316005 0.654477 0.509704 0.0465673 0.700534 -0.413648 0.385231 0.803711 0.223877 0.419691 0.561095 0.782702 0.712642
internal_weight=10800 7272 3528 1793 1543 706 5729 1087 1735 656 1024 475 1676 1009
internal_count=10800 7272 3528 1793 1543 706 5729 1087 1735 656 1024 475 1676 1009
is_linear=0
shrinkage=0.05


Tree=46
num_leaves=15
num_cat=0
split_feature=65 65 0 64 48 1 22 26 48 34 7 64 61 48
split_gain=808997 58078.1 55949.6 17960.4 13623.4 11249.4 9647.54 8967.92 6948.61 8122.14 6623.34 7132.43 6418.25 7142.16
threshold=126.25790000000002 28.000000000000004 187.42767950000004 243.97296700000004 10.375000000000002 289.58042400000005 105.48478607812503 19.812500000000004 12.125000000000002 27.968750000000004 66.72361100000002 95.869577000000007 -0.9733555533461492 11.125000000000002
decision_type=2 2 2 2 2 2 2 2 2 2 2 2 2 2
left_child=1 -1 4 5 -2 6 12 -3 10 -10 -9 -12 13 -4
right_child=2 7 3 -5 -6 -7 -8 8 9 -11 11 -13 -14 -15
leaf_value=-0.4049046963596733 0.40908370437255387 -0.30494940487758609 0.79768865108489995 0.78565061227182942 0.009615877469731195 1.1184605540298835 0.42872091701435533 0.55773613879555151 -0.13444596249938806 0.31091221008480585 -0.53642969633021009 0.18145918266277192 0.79777810039852648 -0.049287733984264462
leaf_weight=5401 420 266 45 1541 433 81 1047 94 665 120 40 221 372 54
leaf_count=5401 420 266 45 1541 433 81 1047 94 665 120 40 221 372 54
internal_value=0.00102547 -0.3304 0.565958 0.663496 0.206554 0.545355 0.514058 -0.0441129 0.0169629 -0.0660568 0.200211 0.0698104 0.702445 0.339829
internal_weight=10800 6807 3993 3140 853 1599 1518 1406 1140 785 355 261 471 99
internal_count=10800 6807 3993 3140 853 1599 1518 1406 1140 785 355 261 471 99
is_linear=0
shrinkage=0.05


Tree=47
num_leaves=15
num_cat=0
split_feature=65 65 0 26 48 17 26 34 0 13 21 48 48 48
split_gain=730216 52417.4 50673.3 15968.7 20800.9 13885.2 9584.41 8193.16 6880 6573.44 6483.87 5968.05 6892.85 6795.15
threshold=126.25790000000002 28.000000000000004 194.93075200000001 28.362500000000004 11.125000000000002 41.422532074823756 24.587500000000002 19.001041666666669 294.76548300000007 27.833983672343319 86.639565168942781 6.3750000000000009 6.6250000000000009 12.125000000000002
decision_type=2 2 2 2 2 2 2 2 2 2 2 2 2 2
left_child=1 -1 5 4 -4 9 -6 -3 -5 -2 -8 -9 -13 -14
right_child=2 7 3 8 6 -7 10 11 -10 -11 -12 12 13 -15
leaf_value=-0.38466322270202358 0.038315005060622652 -0.36204103956477984 0.77846637100151606 0.80389402194918835 0.32120416012636965 0.55700591209981787 0.64282420999190437 0.55013959367449095 1.3060783611722739 0.37256389580779342 0.30022591143633637 -0.52747569074706424 0.21237421853609215 -0.064632300938674489
leaf_weight=5401 565 174 874 502 629 246 723 47 82 198 174 62 302 821
leaf_count=5401 565 174 874 502 629 246 723 47 82 198 174 62 302 821
internal_value=0.000992555 -0.313882 0.537714 0.641281 0.583699 0.231096 0.471711 -0.0419046 0.876518 0.125427 0.576775 0.0035664 -0.0185576 0.00998366
internal_weight=10800 6807 3993 2984 2400 1009 1526 1406 584 763 897 1232 1185 1123
internal_count=10800 6807 3993 2984 2400 1009 1526 1406 584 763 897 1232 1185 1123
is_linear=0
shrinkage=0.05


Tree=48
num_leaves=15
num_cat=0
split_feature=65 65 0 26 48 48 33 26 26 1 26 12 25 35
split_gain=659150 51186.2 42652.8 14306.8 18477.9 13247.1 9520.36 8782.57 6860.22 6856.33 6632.11 6260.65 6140.16 5827.66
threshold=129.53476700000002 63.145266500000005 194.93075200000001 28.362500000000004 11.125000000000002 10.125000000000002 28.506250000000005 25.012500000000003 20.262500000000003 99.388253500000005 18.962500000000002 295.75362100000007 62.307591751417114 19.523437500000004
decision_type=2 2 2 2 2 2 2 2 2 2 2 2 2 2
left_child=1 -1 5 4 13 9 10 -6 -7 -2 -3 -5 -12 -4
right_child=2 6 3 11 7 8 -8 -9 -10 -11 12 -13 -14 -15
leaf_value=-0.36285429660274321 0.19117145082316339 -0.36029078012021881 0.46401063702840561 0.756253995372693 0.32442898870697889 -0.25893213472898224 0.52133003212511542 0.56593927989312287 0.15935999670575826 0.58346405240560051 0.58800272432769218 1.2002747410833836 -0.035011590701371983 0.80155029753497375
leaf_weight=5487 194 155 162 484 730 134 75 790 357 265 40 99 1116 712
leaf_count=5487 194 155 162 484 730 134 75 790 357 265 40 99 1116 712
internal_value=0.00096396 -0.294287 0.517653 0.610734 0.55614 0.225631 -0.0227715 0.45024 0.0449086 0.418435 -0.0542723 0.83358 -0.0129644 0.739588
internal_weight=10800 6873 3927 2977 2394 950 1386 1520 491 459 1311 583 1156 874
internal_count=10800 6873 3927 2977 2394 950 1386 1520 491 459 1311 583 1156 874
is_linear=0
shrinkage=0.05


Tree=49
num_leaves=15
num_cat=0
split_feature=65 65 65 26 48 25 26 26 26 16 65 21 36 48
split_gain=595205 42946.5 42702.9 15701.2 14704.9 10768.8 8824.28 7952.29 7027.36 7008.22 6382.64 5549.29 5375.3 4657.97
threshold=126.25790000000002 84.179539500000018 192.97342250000005 27.012500000000003 11.125000000000002 100.41493076626193 21.387500000000003 20.862500000000004 18.962500000000002 291.91166700000002 24.000000000000004 81.772065941470899 25.847656250000004 12.125000000000002
decision_type=2 2 2 2 2 2 2 2 2 2 2 2 2 2
left_child=1 10 5 4 6 -2 -4 -6 -3 -5 -1 -9 13 -10
right_child=2 8 3 9 7 -7 -8 11 12 -11 -12 -13 -14 -15
leaf_value=-0.36258206921671238 -0.018959173588667319 -0.35456683258215588 0.44112949626225401 0.69706655127056338 -0.014722531360502429 0.33005535178516809 0.73783705833867108 0.47506824176163365 0.16858793491696789 1.1095202897131444 -0.22482122481861022 0.16374666257628373 0.443677013553679 -0.070718431239782553
leaf_weight=4697 381 119 393 713 116 525 723 844 317 124 1032 174 79 563
leaf_count=4697 381 119 393 713 116 525 723 844 317 124 1032 174 79 563
internal_value=0.000939555 -0.28334 0.48551 0.57408 0.504827 0.183425 0.63384 0.377415 0.00618342 0.759422 -0.33781 0.422069 0.0512708 0.0155798
internal_weight=10800 6807 3993 3087 2250 906 1116 1134 1078 837 5729 1018 959 880
internal_count=10800 6807 3993 3087 2250 906 1116 1134 1078 837 5729 1018 959 880
is_linear=0
shrinkage=0.05


Tree=50
num_leaves=15
num_cat=0
split_feature=65 65 26 17 24 0 65 35 53 65 26 64 9 21
split_gain=537746 62553.8 20185.1 19201.1 10731.7 8694.55 7003.43 6300.27 5942.22 5759.71 5198.05 5505.17 4885.73 4458.83
threshold=165.57299300000003 84.179539500000018 24.012500000000003 43.996795706049234 274.28284400000007 294.76548300000007 241.68896250000003 17.530208333333338 -0.2269546835593246 24.000000000000004 25.312500000000004 203.16976750000001 273.77944250000002 47.036211011711927
decision_type=2 2 2 2 2 2 2 2 2 2 2 2 2 2
left_child=1 9 3 7 -3 6 12 -2 -9 -1 11 -6 -4 -8
right_child=2 4 5 -5 10 -7 13 8 -10 -11 -12 -13 -14 -15
leaf_value=-0.34445681778001203 -0.24952258792135026 -0.075654821871802946 0.50895493899064714 0.57835717333914483 0.0051168998213750976 1.1215009325742722 0.57625919195543518 0.33905648143374639 0.032146704852067193 -0.21359105020804769 0.36981540122830059 0.53118048781079474 0.057321371597008432 0.77785236303810745
leaf_weight=4697 61 887 518 729 349 84 608 722 202 1032 250 57 68 536
leaf_count=4697 61 887 518 729 349 84 608 722 202 1032 250 57 68 536
internal_value=0.000908876 -0.244831 0.50736 0.383903 0.0377212 0.623735 0.598932 0.239547 0.272069 -0.320925 0.190903 0.0800968 0.456734 0.671309
internal_weight=10800 7272 3528 1714 1543 1814 1730 985 924 5729 656 406 586 1144
internal_count=10800 7272 3528 1714 1543 1814 1730 985 924 5729 656 406 586 1144
is_linear=0
shrinkage=0.05


Tree=51
num_leaves=15
num_cat=0
split_feature=0 65 48 65 26 64 18 16 26 17 65 17 26 51
split_gain=486476 60104.7 17743.9 16141.1 12100 9890.08 9264.94 8961.98 7617.55 7440.77 5197.57 5161.67 5027.14 4422.22
threshold=169.72636300000002 84.179539500000018 12.125000000000002 241.68896250000003 20.812500000000004 266.28212850000006 101.06491489583333 272.23383550000005 28.762500000000003 22.519431719107509 24.000000000000004 59.481066393397107 19.012500000000003 2.5000000000000004
decision_type=2 2 2 2 2 2 2 2 2 2 2 2 2 2
left_child=1 10 4 5 9 8 -4 12 11 -3 -1 13 -5 -2
right_child=3 2 6 7 -6 -7 -8 -9 -10 -11 -12 -13 -14 -15
leaf_value=-0.32723765013927397 0.12534177358552745 -0.21145769964302114 -0.77494203080149271 0.059544297648688495 0.40268991502249307 0.92039572479327525 -0.079201102657850228 0.75522145024589171 0.63289463732329165 0.22068941966194103 -0.20292183462465463 0.61821121214530794 0.53546249448455485 0.33387496725725413
leaf_weight=4697 435 191 50 58 398 74 782 547 178 206 1032 103 1432 617
leaf_count=4697 435 191 50 58 398 74 782 547 178 206 1032 103 1432 617
internal_value=0.000882012 -0.228729 0.0394469 0.49123 0.208236 0.360508 -0.121893 0.581301 0.32876 0.0127709 -0.304883 0.281382 0.516989 0.247848
internal_weight=10800 7356 1627 3444 795 1407 832 2037 1333 397 5729 1155 1490 1052
internal_count=10800 7356 1627 3444 795 1407 832 2037 1333 397 5729 1155 1490 1052
is_linear=0
shrinkage=0.05


Tree=52
num_leaves=15
num_cat=0
split_feature=0 65 48 48 26 26 17 18 17 35 48 65 65 1
split_gain=439128 54241.5 16021.7 14918.7 11355.9 10923.1 10267.3 8380.73 6718.84 6323.17 4757.34 4992.62 4690.3 4604.69
threshold=169.72636300000002 84.179539500000018 12.125000000000002 17.125000000000004 30.012500000000003 20.812500000000004 19.902520457982302 101.06491489583333 22.519431719107509 20.281250000000004 12.125000000000002 218.54977050000002 24.000000000000004 213.75428150000002
decision_type=2 2 2 2 2 2 2 2 2 2 2 2 2 2
left_child=1 12 5 4 6 8 10 -4 -3 -8 11 -2 -1 -5
right_child=3 2 7 13 -6 -7 9 -9 -10 -11 -12 -13 -14 -15
leaf_value=-0.31087925256998705 0.24654824549673929 -0.20093988166966789 -0.73695468210852622 0.096001687408767092 0.89184589800627345 0.38260588075844271 0.37425428329961347 -0.075246104601100705 0.20970825661156001 0.58715104943213203 0.40446637874604979 -0.33638517444438126 -0.19278556414206949 0.40567415582814387
leaf_weight=4697 168 191 50 312 183 398 455 782 206 1606 479 46 1032 195
leaf_count=4697 168 191 50 312 183 398 455 782 206 1606 479 46 1032 195
internal_value=0.000851838 -0.217299 0.037461 0.466726 0.509977 0.19785 0.484288 -0.115849 0.0121335 0.540355 0.317003 0.120263 -0.289644 0.215671
internal_weight=10800 7356 1627 3444 2937 795 2754 832 397 2061 693 214 5729 507
internal_count=10800 7356 1627 3444 2937 795 2754 832 397 2061 693 214 5729 507
is_linear=0
shrinkage=0.05


Tree=53
num_leaves=15
num_cat=0
split_feature=0 65 48 53 3 26 18 17 17 26 48 31 61 65
split_gain=396368 48950.2 14466.7 13638.5 9970.37 9860.77 7580.89 7379.73 6066.96 5824.06 5686.16 5211.31 4990.34 4909.38
threshold=169.72636300000002 84.179539500000018 12.125000000000002 -0.5 289.58042400000005 20.812500000000004 101.06491489583333 19.333335973937228 22.519431719107509 28.987500000000004 12.125000000000002 18.725000000000005 -0.99892946161930163 218.54977050000002
decision_type=2 2 2 2 2 2 2 2 2 2 2 2 2 2
left_child=1 -1 5 4 7 8 -4 10 -3 -5 13 -9 -13 -2
right_child=3 2 6 9 -6 -7 -8 11 -10 -11 -12 12 -14 -15
leaf_value=-0.27516588203114883 0.2317959479826652 -0.19094521544951326 -0.70082945274371733 0.22011971546334555 1.1424931202332178 0.36352353288925121 -0.071488604740397879 0.27527820167403355 0.19927349703179464 0.57095290758772521 0.47058706077347906 0.14413548844891627 0.5681821777597581 -0.36404097865928309
leaf_weight=5729 161 191 50 758 59 398 782 191 206 140 223 73 1796 43
leaf_count=5729 161 191 50 758 59 398 782 191 206 140 223 73 1796 43
internal_value=0.000817323 -0.206441 0.035575 0.443429 0.502567 0.187982 -0.110105 0.486932 0.011528 0.27539 0.2966 0.526222 0.551706 0.10504
internal_weight=10800 7356 1627 3444 2546 795 832 2487 397 898 427 2060 1869 204
internal_count=10800 7356 1627 3444 2546 795 832 2487 397 898 427 2060 1869 204
is_linear=0
shrinkage=0.05


Tree=54
num_leaves=15
num_cat=0
split_feature=65 65 0 17 0 9 17 65 26 13 19 48 48 0
split_gain=357783 28223.1 24590.5 12747.1 8556.5 7687.04 8961.13 7383.85 5761.73 5486.65 5049.38 4967.66 4955.24 4441.91
threshold=129.53476700000002 28.000000000000004 207.47661800000003 41.422532074823756 276.50310850000005 232.32850950000002 24.859374640562155 217.24452850000003 25.437500000000004 1.4110673534488358 179.42079400000003 12.875000000000002 6.3750000000000009 250.23162800000003
decision_type=2 2 2 2 2 2 2 2 2 2 2 2 2 2
left_child=1 -1 3 9 5 7 10 -4 12 -2 -7 -11 -3 -8
right_child=2 8 4 -5 -6 6 13 -9 -10 11 -12 -13 -14 -15
leaf_value=-0.26962313909347041 -0.16150891623967753 0.34707978503270587 0.42675640790852731 0.44731873564750102 0.69660037049201617 0.028963411114562083 0.31319155703141305 0.85186964939443444 0.16815881575756253 0.28640900431701571 0.33201501000437023 0.027579465925924463 -0.099102387628148755 0.52534279371337866
leaf_weight=5401 164 65 222 371 357 203 348 195 311 371 426 370 1096 900
leaf_count=5401 164 65 222 371 357 203 348 195 311 371 426 370 1096 900
internal_value=0.000788422 -0.216736 0.381457 0.200885 0.468263 0.43244 0.38888 0.627113 -0.0226358 0.0994781 0.234411 0.15738 -0.0738451 0.466483
internal_weight=10800 6873 3927 1276 2651 2294 1877 417 1472 905 629 741 1161 1248
internal_count=10800 6873 3927 1276 2651 2294 1877 417 1472 905 629 741 1161 1248
is_linear=0
shrinkage=0.05


Tree=55
num_leaves=15
num_cat=0
split_feature=0 65 48 0 26 21 61 53 18 17 9 1 15 10
split_gain=324023 39841.9 12399.5 11904.7 8864.45 8008.56 7125.49 7027.82 6855.98 5191.54 4917.62 4778.37 4600.05 4505.31
threshold=169.72636300000002 84.179539500000018 12.125000000000002 260.07892350000003 20.812500000000004 47.806590801448458 -0.9733555533461492 -0.9733555533461492 102.32875725000001 22.519431719107509 272.25950450000005 214.98286950000002 213.60790650000004 291.36953275000002
decision_type=2 2 2 2 2 2 2 2 2 2 2 2 2 2
left_child=1 -1 4 5 9 11 -7 -5 -4 -3 13 -2 -8 -9
right_child=3 2 8 7 -6 6 12 10 -10 -11 -12 -13 -14 -15
leaf_value=-0.24862684240277627 0.099426190580606782 -0.1817555156342375 -0.64804210079212987 0.20762638319165086 0.33925299724163649 0.20674391601234676 0.46479932335073021 0.59937470063947085 -0.065297490340203809 0.17921294201939292 0.40536144601320157 0.31634905913001676 0.93140989994180612 1.0390791157881418
leaf_weight=5729 417 191 53 156 398 284 773 705 779 206 334 653 57 65
leaf_count=5729 417 191 53 156 398 284 773 705 779 206 334 653 57 65
internal_value=0.000767145 -0.186624 0.0317172 0.400953 0.172817 0.330046 0.423945 0.523498 -0.103153 0.00552769 0.567904 0.231982 0.497926 0.637792
internal_weight=10800 7356 1627 3444 795 2184 1114 1260 832 397 1104 1070 830 770
internal_count=10800 7356 1627 3444 795 2184 1114 1260 832 397 1104 1070 830 770
is_linear=0
shrinkage=0.05


Tree=56
num_leaves=15
num_cat=0
split_feature=0 65 52 48 26 26 17 18 35 17 9 20 21 65
split_gain=292513 34730.9 11513.2 11363.5 8647.14 8213.35 7133.44 6082.5 4752.14 4473.4 4065.89 4037.26 3983.17 3950.1
threshold=165.96690300000003 84.179539500000018 -0.9733555533461492 12.125000000000002 30.012500000000003 20.812500000000004 19.902520457982302 97.342647708333345 20.281250000000004 22.519431719107509 272.94655100000006 134.10144150000002 54.72104627017881 24.000000000000004
decision_type=2 2 2 2 2 2 2 2 2 2 2 2 2 2
left_child=1 13 -2 5 6 9 10 -5 -8 -3 -4 -7 -10 -1
right_child=2 3 4 7 -6 11 8 -9 12 -11 -12 -13 -14 -15
leaf_value=-0.25567624270535372 0.15641971450241968 -0.17271507482510062 0.32589748332207685 -0.66290229403454326 0.74820862464282822 0.23982903675796108 0.29622539670993414 -0.070457903830339494 0.39109308209460303 0.16558326568323464 0.051474399026986722 0.6335542977215296 0.54945767194772188 -0.14738197073589251
leaf_weight=4697 505 191 510 45 183 316 463 753 734 198 184 82 907 1032
leaf_count=4697 505 191 510 45 183 316 463 753 734 198 184 82 907 1032
internal_value=0.000745668 -0.178897 0.377598 0.0282357 0.415002 0.162945 0.39295 -0.104654 0.438864 -0.000539037 0.253319 0.322333 0.478904 -0.236198
internal_weight=10800 7314 3486 1585 2981 787 2798 798 2104 389 694 398 1641 5729
internal_count=10800 7314 3486 1585 2981 787 2798 798 2104 389 694 398 1641 5729
is_linear=0
shrinkage=0.05


Tree=57
num_leaves=15
num_cat=0
split_feature=0 65 26 48 48 1 26 35 51 0 0 48 48 25
split_gain=264146 32442.8 10205.2 13361 8317.09 11061.9 7106.16 5376.33 5342.49 4388.11 3955.75 3729.71 5944.27 3515.02
threshold=169.72636300000002 28.000000000000004 28.362500000000004 11.125000000000002 12.125000000000002 94.447084000000018 23.962500000000002 27.001041666666669 2.5000000000000004 260.48309450000005 302.79461750000002 6.3750000000000009 6.6250000000000009 108.0147368726637
decision_type=2 2 2 2 2 2 2 2 2 2 2 2 2 2
left_child=1 -1 3 9 5 11 -5 -6 13 -2 -4 -3 -13 -8
right_child=2 4 10 6 7 -7 8 -9 -10 -11 -12 12 -14 -15
leaf_value=-0.23163964623038483 0.40608997976612199 0.29418141449370039 0.51151315724136126 0.114331843759878 -0.14862165876740893 0.34039991762130672 0.24085394513651304 0.13319989146725952 0.40704620935177138 0.64799833433300846 1.0163841596869536 -0.4587744392974944 0.007173575855881336 -0.15727565936171092
leaf_weight=5401 763 81 567 693 825 342 386 212 675 254 42 81 414 64
leaf_count=5401 763 81 567 693 825 342 386 212 675 254 42 81 414 64
internal_value=0.000718795 -0.168475 0.362042 0.321929 0.00605709 0.115601 0.240515 -0.0909344 0.318074 0.467085 0.547941 -0.0182315 -0.0698437 0.184008
internal_weight=10800 7356 3444 2835 1955 918 1818 1037 1125 1017 609 576 495 450
internal_count=10800 7356 3444 2835 1955 918 1818 1037 1125 1017 609 576 495 450
is_linear=0
shrinkage=0.05


Tree=58
num_leaves=15
num_cat=0
split_feature=1 65 48 48 12 17 26 48 65 18 26 17 31 48
split_gain=239053 25470.7 13999 12255.4 7100.01 7623.74 6592.6 5486.86 7494.05 4409.57 4350.44 4156.05 3306.44 3164.44
threshold=149.17291750000001 80.564241500000009 17.125000000000004 12.125000000000002 279.13438900000006 24.859374640562155 20.812500000000004 12.125000000000002 220.10123150000001 97.342647708333345 26.937500000000004 19.000867638863912 18.862500000000004 7.1250000000000009
decision_type=2 2 2 2 2 2 2 2 2 2 2 2 2 2
left_child=1 -1 4 6 5 7 11 8 -2 -5 -4 13 -7 -3
right_child=2 3 10 9 -6 12 -8 -9 -10 -11 -12 -13 -14 -15
leaf_value=-0.21549622174451591 0.16129283526350024 -0.071956626167447552 0.063925738182282463 -0.60831895060837271 0.5907907852233294 0.21149150729588759 0.27052101818180929 0.31147043340577513 -0.54916216182212041 -0.11079496487737149 0.35940090129381902 0.12097877975539002 0.43966922420504934 -0.5738378185956251
leaf_weight=5633 211 126 542 47 355 181 448 639 44 633 161 260 1479 41
leaf_count=5633 211 126 542 47 355 181 448 639 44 633 161 260 1479 41
internal_value=0.000697306 -0.166052 0.332488 0.0130825 0.380875 0.351477 0.136758 0.233322 0.0370382 -0.146025 0.132009 -0.00388836 0.414932 -0.197855
internal_weight=10800 7188 3612 1555 2909 2554 875 894 255 680 703 427 1660 167
internal_count=10800 7188 3612 1555 2909 2554 875 894 255 680 703 427 1660 167
is_linear=0
shrinkage=0.05


Tree=59
num_leaves=15
num_cat=0
split_feature=1 65 48 48 1 12 17 48 65 9 15 26 48 48
split_gain=215773 23081.5 12633 8331.92 8354.96 6411.83 6882.34 4955.71 6776.38 4182.12 4962.65 3929.21 3228.6 5353.94
threshold=149.17291750000001 28.000000000000004 17.125000000000004 12.125000000000002 94.991474000000025 279.13438900000006 24.859374640562155 12.125000000000002 220.10123150000001 113.77359350000002 105.93737100000001 26.937500000000004 6.3750000000000009 6.6250000000000009
decision_type=2 2 2 2 2 2 2 2 2 2 2 2 2 2
left_child=1 -1 5 4 12 6 7 8 -2 10 -5 -4 -3 -14
right_child=2 3 11 9 -6 -7 -8 -9 -10 -11 -12 -13 13 -15
leaf_value=-0.20928701086425638 0.15326623510045467 0.27720341717869773 0.060735338296514854 -0.13750969161456131 0.29079472531839995 0.56133422312965053 0.3942049176842064 0.29592124521732333 -0.52231422768698799 -0.23994983927181157 0.21007123404539796 0.34154178283096837 -0.43130390051661466 0.0084237843053153807
leaf_weight=5401 211 81 542 289 354 355 1660 639 44 380 158 161 81 444
leaf_count=5401 211 81 542 289 354 355 1660 639 44 380 158 161 81 444
internal_value=0.000664288 -0.157758 0.315886 -0.00198708 0.0981732 0.361851 0.333915 0.221651 0.0351106 -0.118234 -0.0144564 0.125439 -0.0146419 -0.0601109
internal_weight=10800 7188 3612 1787 960 2909 2554 894 255 827 447 703 606 525
internal_count=10800 7188 3612 1787 960 2909 2554 894 255 827 447 703 606 525
is_linear=0
shrinkage=0.05


Tree=60
num_leaves=15
num_cat=0
split_feature=1 65 48 48 1 16 17 36 9 15 43 26 9 22
split_gain=194752 20831.3 11400 7520.85 7545.17 5942.17 5826.63 3944.71 3775.76 4481.22 3678.17 3548.77 3335.09 3234.6
threshold=149.17291750000001 28.000000000000004 17.125000000000004 12.125000000000002 94.447084000000018 288.39755700000006 20.294969482085559 23.549088541666666 113.77359350000002 105.93737100000001 79.375000000000014 26.937500000000004 270.73891950000007 88.043009151041687
decision_type=2 2 2 2 2 2 2 2 2 2 2 2 2 2
left_child=1 -1 5 4 -3 6 13 -8 9 -5 -9 -4 -7 -2
right_child=2 3 11 8 -6 12 7 10 -10 -11 -12 -13 -14 -15
leaf_value=-0.19882458966116429 -0.20338320246209271 -0.015857587161921712 0.057704162991624564 -0.13065791491065817 0.27309421079012647 0.7464046733495262 0.31846611513013556 0.4355395899138314 -0.22798383561796523 0.19963373284810371 0.9086416387557984 0.32457010558357946 0.21956551062261187 0.23089212024922579
leaf_weight=5401 45 598 542 289 362 134 1322 642 380 158 44 161 40 682
leaf_count=5401 45 598 542 289 362 134 1322 642 380 158 44 161 40 682
internal_value=0.000635952 -0.149872 0.30011 -0.00188835 0.0932721 0.343774 0.325517 0.369473 -0.112332 -0.0137255 0.467163 0.119196 0.627239 0.203769
internal_weight=10800 7188 3612 1787 960 2909 2735 2008 827 447 686 703 174 727
internal_count=10800 7188 3612 1787 960 2909 2735 2008 827 447 686 703 174 727
is_linear=0
shrinkage=0.05


Tree=61
num_leaves=15
num_cat=0
split_feature=1 48 65 5 26 9 65 3 14 1 65 1 22 0
split_gain=175876 16098.1 14948.1 8572.63 6449.72 5739.14 7525.14 7247.78 4805.6 4044.25 4031.31 3836.42 3631.1 4400.03
threshold=130.04427350000003 17.125000000000004 80.564241500000009 70.579213000000024 18.425000000000001 272.25950450000005 262.33844350000004 282.29026750000008 97.545992375000026 210.59611600000002 229.58777250000003 70.579213000000024 38.005665614583343 260.07892350000003
decision_type=2 2 2 2 2 2 2 2 2 2 2 2 2 2
left_child=2 4 -1 11 -2 7 10 12 -5 -3 -7 -4 -6 -14
right_child=1 9 3 8 5 6 -8 -9 -10 -11 -12 -13 13 -15
leaf_value=-0.18668982207072382 -0.19135113130013148 0.019804579562115107 -0.021880881347388557 -0.66371248419894735 0.71876657724380499 0.16922127268125123 0.2999880120813333 0.74690493536759017 -0.11091410621990788 0.2666339983118538 -0.34092015768401329 0.20107732415432633 0.28357322787019584 0.43208290466057664
leaf_weight=5597 59 667 338 42 64 71 434 120 469 220 83 448 1403 785
leaf_count=5597 59 667 338 42 64 71 434 120 469 220 83 448 1403 785
internal_value=0.000617761 0.268637 -0.151253 0.00169248 0.323646 0.333972 0.193619 0.368668 -0.157557 0.0812563 -0.106151 0.105294 0.348191 0.337028
internal_weight=10800 3906 6894 1297 3019 2960 588 2372 511 887 154 786 2252 2188
internal_count=10800 3906 6894 1297 3019 2960 588 2372 511 887 154 786 2252 2188
is_linear=0
shrinkage=0.05


Tree=62
num_leaves=15
num_cat=0
split_feature=1 65 48 48 26 48 18 33 65 13 0 9 18 26
split_gain=158883 17091.4 9216.41 7484.45 5283.75 5856.06 6316.9 4827.69 4824.99 4054.81 4031.8 3910.51 3840.56 3523.18
threshold=149.17291750000001 84.179539500000018 17.125000000000004 12.125000000000002 30.012500000000003 11.125000000000002 196.3622754791667 20.996875000000006 234.28840900000003 1.3724561396087973 262.99180150000007 232.32850950000002 106.57567679166668 21.962500000000002
decision_type=2 2 2 2 2 2 2 2 2 2 2 2 2 2
left_child=1 -1 4 7 5 8 9 -3 -2 -7 -10 -8 -5 -13
right_child=2 3 -4 12 -6 6 11 -9 10 -11 -12 13 -14 -15
leaf_value=-0.17441811005698463 0.92452025754695255 0.0051914708810862492 0.10841745958539172 -0.49371417353550595 0.56325409577525765 -0.17300749497990761 0.47009797433505257 0.24621647780961564 0.31351439076868137 0.1697655206145107 0.57333023350489776 -0.039071038782558576 -0.07301807346970686 0.27606974186999084
leaf_weight=5719 40 457 703 59 193 125 244 380 742 273 189 97 573 1006
leaf_count=5719 40 457 703 59 193 125 244 380 742 273 189 97 573 1006
internal_value=0.000594379 -0.135349 0.271088 0.0167694 0.310349 0.292176 0.23715 0.114781 0.390719 0.0619469 0.366818 0.288833 -0.11301 0.248345
internal_weight=10800 7188 3612 1469 2909 2716 1745 837 971 398 931 1347 632 1103
internal_count=10800 7188 3612 1469 2909 2716 1745 837 971 398 931 1347 632 1103
is_linear=0
shrinkage=0.05


Tree=63
num_leaves=15
num_cat=0
split_feature=1 48 65 5 26 9 65 3 14 65 26 51 1 48
split_gain=143797 13104.2 12106.1 7139.05 5622.44 5048.61 6484.21 6266.03 4140.14 3769.86 3690.93 3790.37 3387.58 3252.91
threshold=130.04427350000003 17.125000000000004 80.564241500000009 70.579213000000024 18.425000000000001 272.25950450000005 262.33844350000004 282.29026750000008 97.545992375000026 229.58777250000003 27.712500000000002 2.5000000000000004 70.579213000000024 6.3750000000000009
decision_type=2 2 2 2 2 2 2 2 2 2 2 2 2 2
left_child=2 4 -1 12 -2 7 9 -6 -5 -7 11 -3 13 -4
right_child=1 10 3 8 5 6 -8 -9 -10 -11 -12 -13 -14 -15
leaf_value=-0.1686376559085247 -0.18817991894980274 -0.09684196094254377 0.25713172037437371 -0.61422732583312101 0.31570132383361588 0.15871439725192937 0.26934185877313904 0.68636530430233189 -0.10114204985842586 -0.33463413046029888 0.31782855450203928 0.12883979779949714 0.18544462155218844 -0.10907590489734637
leaf_weight=5597 59 327 78 42 2252 71 434 120 469 83 131 429 448 260
leaf_count=5597 59 327 78 42 2252 71 434 120 469 83 131 429 448 260
internal_value=0.000577148 0.242925 -0.136747 0.000894215 0.292555 0.302198 0.170597 0.334735 -0.144431 -0.107625 0.073863 0.0312245 0.0954374 -0.0240572
internal_weight=10800 3906 6894 1297 3019 2960 588 2372 511 154 887 756 786 338
internal_count=10800 3906 6894 1297 3019 2960 588 2372 511 154 887 756 786 338
is_linear=0
shrinkage=0.05


Tree=64
num_leaves=15
num_cat=0
split_feature=1 65 26 48 22 51 34 22 30 64 8 0 0 65
split_gain=130052 15599.8 6593.88 9846.56 6190.74 5025.9 5695.55 4123.56 7029.94 3779.07 3114.4 3354.22 2920 2660.32
threshold=165.73075150000003 24.000000000000004 28.362500000000004 11.125000000000002 137.21175876562504 2.5000000000000004 20.556250000000002 30.15955740104167 21.487500000000004 144.69242300000005 258.40172800000011 130.14004500000001 302.79461750000002 235.35129550000002
decision_type=2 2 2 2 2 2 2 2 2 2 2 2 2 2
left_child=1 -1 3 13 7 -5 -7 8 -3 -6 -9 -12 -4 -2
right_child=2 4 12 5 9 6 -8 10 -10 -11 11 -13 -14 -15
leaf_value=-0.17372808284635696 0.734911419722167 -0.0084027964413166036 0.36973995801119147 0.057312096414035021 0.03632320203984233 -0.13374361062537682 0.25668013843970516 -0.10433430204270969 0.74677095727813325 0.31704103799547234 -0.022325869442688096 0.41824336759114672 0.80158259743867921 0.33306513909158086
leaf_weight=4697 43 124 573 784 364 102 1041 1692 40 178 161 58 42 901
leaf_count=4697 43 124 573 784 364 102 1041 1692 40 178 161 58 42 901
internal_value=0.000551559 -0.119231 0.251831 0.219859 -0.0213915 0.154914 0.221753 -0.060699 0.179196 0.128929 -0.0813695 0.0957253 0.400485 0.352128
internal_weight=10800 7314 3486 2871 2617 1927 1143 2075 164 542 1911 219 615 944
internal_count=10800 7314 3486 2871 2617 1927 1143 2075 164 542 1911 219 615 944
is_linear=0
shrinkage=0.05


Tree=65
num_leaves=15
num_cat=0
split_feature=1 65 26 48 22 48 1 9 20 0 22 9 28 51
split_gain=117389 14084.3 6170.28 10374.9 5757.28 4038.11 7204.53 3385.48 3416.94 3188.74 3105.38 2756.85 2662.67 3518.92
threshold=165.73075150000003 24.000000000000004 26.812500000000004 11.125000000000002 144.81875300520838 12.125000000000002 70.579213000000024 140.82800200000005 134.10144150000002 302.79461750000002 23.700781744791673 287.58038500000004 20.987500000000004 2.5000000000000004
decision_type=2 2 2 2 2 2 2 2 2 2 2 2 2 2
left_child=1 -1 3 -2 5 6 10 8 -8 11 -3 -4 -5 -14
right_child=2 4 9 12 -6 -7 7 -9 -10 -11 -12 -13 13 -15
leaf_value=-0.16504352046561374 0.32778433721499167 0.29441831989251838 0.33652939790404757 -0.1082476680636406 0.23210924600140201 -0.10238556535414588 0.17750828198204655 -0.064962799151327993 0.60423076326196856 0.76243554710648787 -0.12067252618557983 -0.075271404343982079 0.041917556859116793 0.20379315198039435
leaf_weight=4697 903 48 1010 124 207 1289 333 120 54 42 566 42 597 768
leaf_count=4697 903 48 1010 124 207 1289 333 120 54 42 566 42 597 768
internal_value=0.000540785 -0.113262 0.239274 0.194137 -0.0202955 -0.0420623 0.0273308 0.166653 0.238455 0.337698 -0.0877965 0.320033 0.112921 0.133077
internal_weight=10800 7314 3486 2392 2617 2410 1121 507 387 1094 614 1052 1489 1365
internal_count=10800 7314 3486 2392 2617 2410 1121 507 387 1094 614 1052 1489 1365
is_linear=0
shrinkage=0.05


Tree=66
num_leaves=15
num_cat=0
split_feature=0 65 36 26 26 48 26 9 1 36 48 22 0 40
split_gain=106203 14571.5 5746.88 4888.1 4236.08 5706.15 4823.7 3905.82 3725.84 3302.5 2585.86 2535.51 2384.62 2507.18
threshold=180.45327350000005 84.179539500000018 25.847656250000004 19.262500000000003 30.012500000000003 11.125000000000002 26.175000000000001 121.27933200000001 163.51199100000002 18.891406250000006 12.125000000000002 117.86824984895834 262.99180150000007 93.875000000000014
decision_type=2 2 2 2 2 2 2 2 2 2 2 2 2 2
left_child=1 -1 7 -2 5 12 10 9 -9 -3 -7 -12 13 -5
right_child=3 2 -4 4 -6 6 -8 8 -10 -11 11 -13 -14 -15
leaf_value=-0.14187777904579077 -0.13043629115616734 -0.34320498782655467 0.38029625083718988 0.2686115917557525 0.46691132381540507 -0.058860944200876279 0.26884017103757818 -0.15883877350430958 0.072546586896507781 0.091735187009180666 0.28883835283034015 0.099436689837598666 0.49360155736406641 0.63434855192899708
leaf_weight=5729 87 45 104 692 207 179 946 526 259 861 238 686 191 50
leaf_count=5729 87 45 104 692 207 179 946 526 259 861 238 686 191 50
internal_value=0.000524593 -0.102935 0.0213661 0.2381 0.248191 0.232857 0.186021 -0.000920579 -0.0825012 0.0697776 0.11481 0.148481 0.335408 0.294078
internal_weight=10800 7524 1795 3276 3189 2982 2049 1691 785 906 1103 924 933 742
internal_count=10800 7524 1795 3276 3189 2982 2049 1691 785 906 1103 924 933 742
is_linear=0
shrinkage=0.05


Tree=67
num_leaves=15
num_cat=0
split_feature=1 48 65 17 15 26 53 1 48 48 48 1 48 65
split_gain=96256.7 12982.4 5373.88 4567.6 5871.9 3435.7 3370.61 3301.09 2938.94 3697.21 3143.74 3139.18 3734.87 2891.5
threshold=111.91807350000002 17.125000000000004 24.000000000000004 19.000867638863912 216.91513 18.425000000000001 -0.95642797789208678 210.59611600000002 6.3750000000000009 6.6250000000000009 10.375000000000002 70.579213000000024 6.8750000000000009 220.10123150000001
decision_type=2 2 2 2 2 2 2 2 2 2 2 2 2 2
left_child=2 3 -1 6 5 -5 13 -3 -4 -10 11 12 -11 -2
right_child=1 7 8 4 -6 -7 -8 -9 9 10 -12 -13 -14 -15
leaf_value=-0.14963249238143708 0.064119525783963863 -0.011176932181272027 0.24367477854759231 -0.17201460997263593 0.53937863149537291 0.25739693945274372 0.20735293791547199 0.20564696178919051 -0.39048293776265008 0.24655827222698617 -0.10309783761372925 0.16001196042634547 -0.13124161972146894 -0.38686325030355917
leaf_weight=4639 266 853 81 47 188 2072 611 220 81 81 1007 291 323 40
leaf_count=4639 266 853 81 47 188 2072 611 220 81 81 1007 291 323 40
internal_value=0.000508698 0.184116 -0.120824 0.234241 0.271781 0.247796 0.139606 0.0334291 -0.0490841 -0.062513 -0.0466845 0.0350847 -0.0550729 0.00409941
internal_weight=10800 4297 6503 3224 2307 2119 917 1073 1864 1783 1702 695 404 306
internal_count=10800 4297 6503 3224 2307 2119 917 1073 1864 1783 1702 695 404 306
is_linear=0
shrinkage=0.05


Tree=68
num_leaves=15
num_cat=0
split_feature=1 48 65 26 9 65 20 25 65 65 22 24 7 47
split_gain=87105.6 8829.82 7341.67 4192.07 4796.22 5022.63 4462.46 4150.64 3416.71 2899.56 3694.17 2750.63 2676.75 3290.4
threshold=128.89744550000003 17.125000000000004 24.000000000000004 20.412500000000005 272.25950450000005 262.33844350000004 295.90254450000003 106.51322533143657 229.58777250000003 165.57299300000003 26.311127171875004 235.28737700000002 112.28162400000001 71.692708333333357
decision_type=2 2 2 2 2 2 2 2 2 2 2 2 2 2
left_child=2 3 -1 -2 6 8 11 9 -6 10 -4 -5 -13 -14
right_child=1 -3 7 4 5 -7 -8 -9 -10 -11 -12 12 13 -15
leaf_value=-0.14221338584264662 0.0308353047318034 0.050942585965905209 0.28795140871583524 0.6377380813795086 0.12588686178057967 0.20584705333141262 0.63236116726037084 0.180078515438654 -0.34835961767040741 0.10780166850623783 -0.090787279730449325 0.24293531429344878 0.28584278986011058 0.85377660321026316
leaf_weight=4680 245 902 66 48 70 425 86 209 81 243 1675 1958 72 40
leaf_count=4680 245 902 66 48 70 425 86 209 81 243 1675 1958 72 40
internal_value=0.000485945 0.188314 -0.106844 0.229245 0.246713 0.117961 0.280293 -0.0313339 -0.129128 -0.0536842 -0.0762725 0.265706 0.256775 0.494437
internal_weight=10800 3927 6873 3025 2780 576 2204 2193 151 1984 1741 2118 2070 112
internal_count=10800 3927 6873 3025 2780 576 2204 2193 151 1984 1741 2118 2070 112
is_linear=0
shrinkage=0.05


Tree=69
num_leaves=15
num_cat=0
split_feature=1 48 65 20 48 21 26 26 51 48 48 48 9 1
split_gain=78655.6 10642 4323.18 4190.85 5572.3 3070.36 3004.68 2915.81 2862.26 2588.61 3423.43 2623.05 2864.46 2700.57
threshold=111.91807350000002 17.125000000000004 24.000000000000004 269.61846750000007 11.125000000000002 87.448564602626618 26.812500000000004 20.987500000000004 2.5000000000000004 6.3750000000000009 6.6250000000000009 10.375000000000002 139.175487 70.579213000000024
decision_type=2 2 2 2 2 2 2 2 2 2 2 2 2 2
left_child=2 3 -1 4 -2 7 8 -6 -3 -4 -11 13 -13 -12
right_child=1 6 9 -5 5 -7 -8 -9 -10 10 11 12 -14 -15
leaf_value=-0.13504334734688547 0.25393064036595298 -0.10984436984006794 0.22989586877931908 0.29380799786613127 -0.13024962047673763 -0.12031056661771176 0.21216174251733616 0.15517920731236379 0.070954286338078362 -0.3730504931155138 -0.051163484564533949 -0.076101548127606597 -0.49815315072025568 0.14833012103575141
leaf_weight=4639 1061 389 81 1052 99 145 186 867 498 81 404 966 41 291
leaf_count=4639 1061 389 81 1052 99 145 186 867 498 81 404 966 41 291
internal_value=0.000475816 0.16645 -0.109204 0.211832 0.172011 0.0936198 0.0300197 0.125823 -0.00837063 -0.044858 -0.0574617 -0.0422322 -0.0937625 0.0324586
internal_weight=10800 4297 6503 3224 2172 1111 1073 966 887 1864 1783 1702 1007 695
internal_count=10800 4297 6503 3224 2172 1111 1073 966 887 1864 1783 1702 1007 695
is_linear=0
shrinkage=0.05


Tree=70
num_leaves=15
num_cat=0
split_feature=1 65 26 15 22 9 65 65 65 48 10 9 54 12
split_gain=71348.7 8540.04 4776.24 5077.38 4253.36 3288.69 3299.27 3218.84 3714.63 2824.49 4985.94 3193.56 3064.82 2529.69
threshold=165.73075150000003 24.000000000000004 23.962500000000002 133.42670900000002 144.81875300520838 272.25950450000005 257.43111050000005 262.33844350000004 229.58777250000003 12.125000000000002 48.743630625000002 140.82800200000005 -0.8783796973249266 134.61723400000002
decision_type=2 2 2 2 2 2 2 2 2 2 2 2 2 2
left_child=1 -1 3 -2 9 6 -4 8 -7 10 12 13 -3 -12
right_child=2 4 5 -5 -6 7 -8 -9 -10 -11 11 -13 -14 -15
leaf_value=-0.12859220152309267 0.22414169159498942 -0.41032673310368289 0.21318603559640315 0.033989313969658951 0.20106743680483374 0.15804547687371573 0.36172672480139106 0.1930864119001881 -0.41123628242110666 -0.085039238094662628 0.1498989663820994 -0.088060516566925109 -0.038346671901100901 0.50958766607861772
leaf_weight=4697 618 61 1014 812 207 59 599 330 54 1289 358 125 521 56
leaf_count=4697 618 61 1014 812 207 59 599 330 54 1289 358 125 521 56
internal_value=0.000451425 -0.0882703 0.186571 0.116266 -0.015879 0.235389 0.268538 0.114361 -0.115222 -0.0345887 0.0234469 0.132897 -0.0779712 0.199663
internal_weight=10800 7314 3486 1430 2617 2056 1613 443 113 2410 1121 539 582 414
internal_count=10800 7314 3486 1430 2617 2056 1613 443 113 2410 1121 539 582 414
is_linear=0
shrinkage=0.05


Tree=71
num_leaves=15
num_cat=0
split_feature=0 1 48 26 0 9 65 9 65 9 0 0 34 51
split_gain=64639.7 9192.98 5683.39 3687 3258.04 3250.64 3737.87 2951.75 2799.47 2883.17 5004.1 4335.2 1996.91 2470.74
threshold=184.793192 98.602626500000014 12.125000000000002 19.612500000000004 302.79461750000002 270.46035150000006 264.48251600000009 285.86399050000006 211.64741700000005 232.32850950000002 247.39528150000004 219.21948700000004 29.079166666666669 2.5000000000000004
decision_type=2 2 2 2 2 2 2 2 2 2 2 2 2 2
left_child=1 -1 -3 -2 5 8 7 -7 -5 11 -11 -10 13 -4
right_child=3 2 12 4 -6 6 -8 -9 9 10 -12 -13 -14 -15
leaf_value=-0.10591916364594733 -0.10510603576594105 0.20599252603370233 -0.129785508698878 0.13207301540183311 0.63130228956511558 0.021324470087787824 0.1655103169419172 -0.43639416320559876 0.28399649354555695 0.02500118314551647 0.26604083296437847 0.6722123429179192 0.22263129125167797 0.02739276990454298
leaf_weight=6137 103 360 444 668 42 132 495 47 379 276 982 89 76 570
leaf_count=6137 103 360 444 668 42 132 495 47 379 276 982 89 76 570
internal_value=0.000432943 -0.0791696 0.0340404 0.188368 0.198118 0.191985 0.0947887 -0.100615 0.219298 0.25296 0.21322 0.3591 -0.0228879 -0.0414909
internal_weight=10800 7587 1450 3213 3110 3068 674 179 2394 1726 1258 468 1090 1014
internal_count=10800 7587 1450 3213 3110 3068 674 179 2394 1726 1258 468 1090 1014
is_linear=0
shrinkage=0.05


Tree=72
num_leaves=15
num_cat=0
split_feature=0 65 22 22 36 26 26 48 48 65 19 11 26 0
split_gain=58349.6 8490.51 3542.75 3459.53 4782.12 3347.52 3075.6 3901.12 3567.96 6054.74 2857.75 2424.72 2095.1 2066.2
threshold=183.10643150000004 24.000000000000004 137.21175876562504 30.15955740104167 22.962760416666672 18.912500000000005 30.012500000000003 11.125000000000002 12.125000000000002 221.97237050000004 174.03359550000002 200.16932900000003 21.962500000000002 262.99180150000007
decision_type=2 2 2 2 2 2 2 2 2 2 2 2 2 2
left_child=1 -1 3 4 -3 -2 7 13 9 -9 11 -10 -12 -7
right_child=5 2 -4 -5 -6 6 -8 8 10 -11 12 -13 -14 -15
leaf_value=-0.11695127856634993 -0.22454650602212142 0.0098385506090910551 0.099710003965195609 -0.053601937870574656 0.60485566367084787 0.21773218482036061 0.37078003659307096 0.065663063710798761 0.073807999529824489 -0.56753550744192161 -0.092994402709223767 0.32935760489251054 0.1397366412682868 0.40266305476737518
leaf_weight=4697 50 114 604 2104 47 751 207 265 126 43 105 359 1137 191
leaf_count=4697 50 114 604 2104 47 751 207 265 126 43 105 359 1137 191
internal_value=0.000419981 -0.0755623 -0.00778502 -0.0364817 0.186201 0.17815 0.184543 0.171473 0.132417 -0.0242886 0.160362 0.263256 0.120002 0.255616
internal_weight=10800 7566 2869 2265 161 3234 3184 2977 2035 308 1727 485 1242 942
internal_count=10800 7566 2869 2265 161 3234 3184 2977 2035 308 1727 485 1242 942
is_linear=0
shrinkage=0.05


Tree=73
num_leaves=15
num_cat=0
split_feature=1 48 65 9 0 0 37 53 25 22 39 65 9 44
split_gain=53000.3 5535.61 4473.34 3257.49 6348.94 4204.38 3898.96 3191.7 3096.54 2143.62 3503.64 2310.66 2253.63 2132.12
threshold=128.89744550000003 17.125000000000004 24.000000000000004 232.32850950000002 250.23162800000003 198.92361450000001 70.125000000000014 -0.9733555533461492 106.51322533143657 26.311127171875004 85.875000000000014 167.43945400000004 146.08976850000002 84.156250000000014
decision_type=2 2 2 2 2 2 2 2 2 2 2 2 2 2
left_child=2 3 -1 5 -5 -2 -7 -6 9 10 -4 12 -11 -10
right_child=1 -3 8 4 7 6 -8 -9 13 11 -12 -13 -14 -15
leaf_value=-0.11092544821586602 0.15470415640243379 0.038152560900282101 0.52889714705802149 0.006015244858291257 0.006349557064898273 0.29420192651122706 0.67006766759259728 0.22307957958930055 0.051178171966633157 -0.063636611580297972 -0.089068825776670496 0.09769792660696594 -0.37097192828453363 0.39623992266563274
leaf_weight=4680 402 902 41 579 192 283 92 1477 145 1614 50 218 61 64
leaf_count=4680 402 902 41 579 192 283 92 1477 145 1614 50 218 61 64
internal_value=0.000404807 0.146918 -0.083317 0.179326 0.1487 0.267629 0.387951 0.198166 -0.024375 -0.0436808 0.192078 -0.0551096 -0.0750438 0.158227
internal_weight=10800 3927 6873 3025 2248 777 375 1669 2193 1984 91 1893 1675 209
internal_count=10800 3927 6873 3025 2248 777 375 1669 2193 1984 91 1893 1675 209
is_linear=0
shrinkage=0.05


Tree=74
num_leaves=15
num_cat=0
split_feature=1 65 26 36 0 48 48 65 26 47 13 28 1 34
split_gain=47864 6931.54 3032.16 2960.85 2827.42 2943.46 4011.51 5348.18 2881.96 2797.16 2274.35 2090.23 2017.8 1935.68
threshold=184.77605350000002 24.000000000000004 19.612500000000004 26.159505208333339 302.79461750000002 11.125000000000002 12.125000000000002 221.97237050000004 26.812500000000004 64.861979166666671 37.563354768093426 27.237500000000004 66.72361100000002 17.001041666666669
decision_type=2 2 2 2 2 2 2 2 2 2 2 2 2 2
left_child=1 -1 -2 10 5 -4 7 -7 11 -5 13 -8 -12 -3
right_child=2 3 4 9 -6 6 8 -9 -10 -11 12 -13 -14 -15
leaf_value=-0.10558684304350233 -0.12133699219532149 -0.35017683866123361 0.24419242001106742 0.071313207055878847 0.57382651033789622 0.051774403641876937 0.13146140931236602 -0.54241030961275105 0.22856050749260459 0.54261848892677911 -0.11548703610897065 -0.085901592998388454 0.17727375307605286 -0.029420309795776894
leaf_weight=4697 91 47 846 112 42 271 920 43 875 43 77 125 241 2370
leaf_count=4697 91 47 846 112 42 271 920 43 875 43 77 125 241 2370
internal_value=0.000393047 -0.0681056 0.162113 -0.00717336 0.170411 0.164725 0.134536 -0.0310585 0.16162 0.204703 -0.0192514 0.105404 0.106245 -0.0357999
internal_weight=10800 7587 3213 2890 3122 3080 2234 314 1920 155 2735 1045 318 2417
internal_count=10800 7587 3213 2890 3122 3080 2234 314 1920 155 2735 1045 318 2417
is_linear=0
shrinkage=0.05


Tree=75
num_leaves=15
num_cat=0
split_feature=1 48 20 48 46 40 31 8 21 8 16 9 20 65
split_gain=43571.1 7592.32 3077.03 4048.6 3096.25 2431.81 2412.03 2181.73 2125.07 1918.34 2489.09 1857.44 2510.38 1756.94
threshold=98.602626500000014 17.125000000000004 269.61846750000007 11.125000000000002 90.546875000000014 49.875000000000007 18.112500000000004 24.000000000000004 87.448564602626618 191.78700500000002 249.26160750000003 270.46035150000006 295.90254450000003 215.25594400000003
decision_type=2 2 2 2 2 2 2 2 2 2 2 2 2 2
left_child=-1 2 3 4 6 -3 -2 -8 9 10 -5 12 -4 -10
right_child=1 5 11 8 -6 -7 7 -9 13 -11 -12 -13 -14 -15
leaf_value=-0.086927816308780492 -0.15305354991419751 0.16480281273442732 0.23805982123340017 0.038148539933899883 0.56277103064195166 -0.020128917069240873 0.44988020824620856 0.16750262255058343 -0.0057747177998809258 0.041890595401557706 0.34522634621547615 0.12661466937780022 0.54176824505065946 -0.3814612222048972
leaf_weight=6151 54 213 648 127 52 1049 73 987 101 760 137 328 76 44
leaf_count=6151 54 213 648 127 52 1049 73 987 101 760 137 328 76 44
internal_value=0.0003765 0.115881 0.154874 0.122791 0.188683 0.0111896 0.170732 0.187355 0.0569643 0.0823444 0.198205 0.2259 0.270644 -0.121608
internal_weight=10800 4649 3387 2335 1166 1262 1114 1060 1169 1024 264 1052 724 145
internal_count=10800 4649 3387 2335 1166 1262 1114 1060 1169 1024 264 1052 724 145
is_linear=0
shrinkage=0.05


Tree=76
num_leaves=15
num_cat=0
split_feature=1 52 3 65 1 65 22 46 26 22 47 26 28 22
split_gain=39432.7 4537 3319.88 3241.97 3050.27 3143.8 2624.31 2492.45 2486.16 2489.44 2128.6 2049.22 2082.4 2001.13
threshold=126.71870300000002 -0.8814490726585632 289.58042400000005 24.000000000000004 171.96254650000003 227.85165700000002 139.29893664062504 60.744791666666679 18.425000000000001 36.183371145833341 68.832031250000014 28.725000000000005 29.137500000000003 26.311127171875004
decision_type=2 2 2 2 2 2 2 2 2 2 2 2 2 2
left_child=3 4 8 -1 -2 11 13 -7 -3 -10 -8 12 -6 -5
right_child=1 2 -4 6 5 7 10 -9 9 -11 -12 -13 -14 -15
leaf_value=-0.095828297664182424 -0.11363921101021779 -0.18841297064890278 0.52792964268475773 0.18500341184355401 0.10875060765826933 -0.47465575311968966 -0.047008739982265985 0.017329687795468739 0.46920334190603291 0.15056880902857409 0.22581003089383078 0.29545342913781208 -0.22154421362524424 -0.055467213895129763
leaf_weight=4677 248 52 59 90 588 40 119 69 62 2664 177 136 51 1768
leaf_count=4677 248 52 59 90 588 40 119 69 62 2664 177 136 51 1768
internal_value=0.000367068 0.125688 0.159449 -0.0724558 0.0410123 0.0844781 -0.0216859 -0.165889 0.151436 0.157985 0.116341 0.119859 0.0820841 -0.0437258
internal_weight=10800 3969 2837 6831 1132 884 2154 109 2778 2726 296 775 639 1858
internal_count=10800 3969 2837 6831 1132 884 2154 109 2778 2726 296 775 639 1858
is_linear=0
shrinkage=0.05


Tree=77
num_leaves=15
num_cat=0
split_feature=1 48 20 48 46 40 31 21 8 26 8 51 17 65
split_gain=35684.2 6371.61 2698.65 3604.91 2800.05 2100.75 2086.9 1962.5 1839.41 1835.26 2015.04 1631.31 1627.08 1587.84
threshold=98.602626500000014 17.125000000000004 269.61846750000007 11.125000000000002 90.546875000000014 49.875000000000007 18.112500000000004 87.448564602626618 24.000000000000004 20.862500000000004 191.78700500000002 2.5000000000000004 1.6711454971758737 215.25594400000003
decision_type=2 2 2 2 2 2 2 2 2 2 2 2 2 2
left_child=-1 2 3 4 6 -3 -2 9 -8 -5 -11 -7 -4 -9
right_child=1 5 12 7 -6 11 8 13 -10 10 -12 -13 -14 -15
leaf_value=-0.078656232159617728 -0.14546916025606069 0.15175131599845315 -0.088795239734980796 -0.13915650917076935 0.52842698341832972 -0.086896375113439228 0.4121810496256158 -0.012943446395151756 0.15290987265234068 0.22093268465250732 0.05130056164290623 0.037996731828019902 0.22010575864072687 -0.37017315109570825
leaf_weight=6151 54 213 44 92 52 488 73 101 987 233 699 561 1008 44
leaf_count=6151 54 213 44 92 52 488 73 101 987 233 699 561 1008 44
internal_value=0.000352342 0.104881 0.140603 0.110561 0.172735 0.00897594 0.155673 0.0484522 0.171137 0.0728459 0.0938999 -0.0201316 0.207114 -0.123137
internal_weight=10800 4649 3387 2335 1166 1262 1114 1169 1060 1024 932 1049 1052 145
internal_count=10800 4649 3387 2335 1166 1262 1114 1169 1060 1024 932 1049 1052 145
is_linear=0
shrinkage=0.05


Tree=78
num_leaves=15
num_cat=0
split_feature=1 65 36 65 26 51 26 22 51 48 33 48 1 54
split_gain=32501.6 4915.15 2551.93 2526.46 2513.41 2505.35 3848.45 2746.47 2106.06 2067.24 1936 2218.62 3242.58 2864.67
threshold=186.24630300000004 24.000000000000004 26.159505208333339 87.394937500000012 20.412500000000005 2.5000000000000004 28.362500000000004 147.13377104166668 3.5000000000000004 11.125000000000002 17.003125000000004 12.125000000000002 42.523274000000008 -0.8783796973249266
decision_type=2 2 2 2 2 2 2 2 2 2 2 2 2 2
left_child=1 -1 10 -4 -2 6 9 -7 -9 -6 -3 12 13 -12
right_child=4 2 3 -5 5 7 -8 8 -10 -11 11 -13 -14 -15
leaf_value=-0.087477457741566456 -0.05143022667966525 -0.26998277877087462 -0.045473114920384958 0.36203710922746213 0.13991316864508446 0.16955730617608877 0.23129133133425556 0.24483770100662536 0.66716515104006979 -0.0023125464955417365 -0.37645795032671048 -0.049717954156120257 0.12161185141227981 -0.0060796686583234156
leaf_weight=4697 172 72 65 90 404 1398 400 77 49 692 57 1489 615 523
leaf_count=4697 172 72 65 90 404 1398 400 77 49 692 57 1489 615 523
internal_value=0.000338678 -0.0558445 -0.00479112 0.19195 0.134225 0.144812 0.0987375 0.189945 0.413036 0.0501935 -0.0159216 -0.00900825 0.0417162 -0.0430642
internal_weight=10800 7608 2911 155 3192 3020 1496 1524 126 1096 2756 2684 1195 580
internal_count=10800 7608 2911 155 3192 3020 1496 1524 126 1096 2756 2684 1195 580
is_linear=0
shrinkage=0.05


Tree=79
num_leaves=15
num_cat=0
split_feature=1 26 15 65 40 48 65 26 37 51 25 43 31 26
split_gain=29348.2 3599.04 3876.1 2996.44 3059.85 2697.45 2606.26 2377.15 2573.1 2351.55 2334.6 1843.67 1787.14 1852.26
threshold=130.04427350000003 23.962500000000002 127.79850000000002 231.31079250000002 75.875000000000014 11.125000000000002 24.000000000000004 29.475000000000005 54.875000000000007 2.5000000000000004 106.51322533143657 84.125000000000014 21.162500000000005 20.987500000000004
decision_type=2 2 2 2 2 2 2 2 2 2 2 2 2 2
left_child=6 2 3 4 -2 -3 -1 9 -9 -7 -8 -12 13 -4
right_child=1 5 12 -5 -6 7 10 8 -10 -11 11 -13 -14 -15
leaf_value=-0.08284694692585419 0.11213389453364582 0.28455897998637852 -0.11552156759332866 0.10574087432086297 0.72649585178920206 0.032382650693250491 -0.033769982839575684 0.15753931055974119 0.44776320567837469 0.15608295227564803 0.055411683773208001 0.3958613238947572 -0.17619799563228819 0.059237235030486141
leaf_weight=4681 40 323 199 607 41 693 2000 268 107 863 161 52 139 626
leaf_count=4681 40 323 199 607 41 693 2000 268 107 863 161 52 139 626
internal_value=0.000326592 0.109811 0.0537027 0.144268 0.428175 0.150893 -0.0617122 0.128398 0.24132 0.101046 -0.0169902 0.139988 -0.0110158 0.0169945
internal_weight=10800 3906 1652 688 81 2254 6894 1931 375 1556 2213 213 964 825
internal_count=10800 3906 1652 688 81 2254 6894 1931 375 1556 2213 213 964 825
is_linear=0
shrinkage=0.05


Tree=80
num_leaves=15
num_cat=0
split_feature=1 0 48 26 9 10 65 65 10 9 9 7 47 65
split_gain=26755.1 3976.6 3090.41 2196.13 2139.67 2599.45 2538.3 3150.66 2111.22 2212.55 1940.88 1725.75 2451.15 2021.94
threshold=186.24630300000004 94.447084000000018 12.125000000000002 18.912500000000005 270.73891950000007 288.27641050000005 263.38003000000009 233.25313400000002 53.323914875000007 108.82221200000002 131.90194550000004 112.28162400000001 71.519531250000014 255.81438450000005
decision_type=2 2 2 2 2 2 2 2 2 2 2 2 2 2
left_child=1 10 8 -2 5 11 7 -6 -3 -10 -1 13 -13 -5
right_child=3 2 -4 4 6 -7 -8 -9 9 -11 -12 12 -14 -15
leaf_value=-0.066722857462985605 -0.21796004919612663 -0.14328470195211204 -0.031322468114548953 0.091950747679422656 0.076230717151581001 0.4272504153442972 0.10487578832572496 -0.35046266201836401 0.3005015908740461 0.075000480993363206 -0.37367755853785922 0.14754857721676429 0.62164308659055023 0.18899134823632235
leaf_weight=5945 46 69 1054 1410 95 80 496 78 163 326 51 74 43 870
leaf_count=5945 46 69 1054 1410 95 80 496 78 163 326 51 74 43 870
internal_value=0.000320098 -0.0506549 0.0190529 0.121795 0.12683 0.148257 0.0473953 -0.11706 0.114092 0.150627 -0.0693956 0.138771 0.32558 0.129046
internal_weight=10800 7608 1612 3192 3146 2477 669 173 558 489 5996 2397 117 2280
internal_count=10800 7608 1612 3192 3146 2477 669 173 558 489 5996 2397 117 2280
is_linear=0
shrinkage=0.05


Tree=81
num_leaves=15
num_cat=0
split_feature=1 65 36 47 9 0 17 17 33 51 24 22 9 13
split_gain=24152 3733.85 2213.05 2419.35 2042.31 4348.6 3407.77 2093.31 1712.49 1924.61 2474.06 2468.64 1779.55 1954.5
threshold=186.24630300000004 24.000000000000004 26.159505208333339 64.861979166666671 221.97237050000004 260.90748600000006 75.223936112024205 1.4472544539957835 17.003125000000004 2.5000000000000004 296.45735250000007 27.444602249999999 122.90141000000001 1.3020716109354509
decision_type=2 2 2 2 2 2 2 2 2 2 2 2 2 2
left_child=1 -1 8 -4 6 -6 -2 -7 -3 11 -11 -10 -13 -14
right_child=4 2 3 -5 5 7 -8 -9 9 10 -12 12 13 -15
leaf_value=-0.07569451478883632 0.15830786468641733 -0.25293717303708813 0.055640272963462412 0.49381881505250935 0.024163360666652398 -0.18879239145150808 0.58949466743031331 0.17133251520534487 0.29608469766875112 0.019263488345562144 0.41309337277964853 -0.027072968970262807 -0.36214671258476905 -0.093867154892247465
leaf_weight=4697 752 72 112 43 1180 41 48 1171 47 1464 40 771 90 272
leaf_count=4697 752 72 112 43 1180 41 48 1171 47 1464 40 771 90 272
internal_value=0.000308031 -0.0481237 -0.00362656 0.179586 0.115722 0.0925238 0.184883 0.159004 -0.013992 -0.00749032 0.0300052 -0.0552662 -0.0700894 -0.16138
internal_weight=10800 7608 2911 155 3192 2392 800 1212 2756 2684 1504 1180 1133 362
internal_count=10800 7608 2911 155 3192 2392 800 1212 2756 2684 1504 1180 1133 362
is_linear=0
shrinkage=0.05


Tree=82
num_leaves=15
num_cat=0
split_feature=65 1 26 9 0 0 12 48 53 26 47 51 45 0
split_gain=22127.8 3852.07 3316.81 2506.65 4021.59 3824.69 2556.16 2129.3 1996.78 1568.7 2264.89 1952.43 1571.42 1486.17
threshold=190.81968700000002 98.602626500000014 17.525000000000002 232.32850950000002 246.65827700000003 218.01924050000002 260.96122350000007 9.1250000000000018 -0.9733555533461492 28.462500000000002 70.266927083333357 2.5000000000000004 54.520833333333336 274.61923400000006
decision_type=2 2 2 2 2 2 2 2 2 2 2 2 2 2
left_child=1 -1 -2 5 -5 -4 -7 -3 -6 11 12 -9 -11 -10
right_child=2 7 3 4 8 6 -8 9 13 10 -12 -13 -14 -15
leaf_value=-0.063670219479977391 -0.31419046339889367 0.26538795897910417 0.14654814279976422 -0.036085815864552291 -0.036012454167330572 0.75960867938607235 0.28124667351273286 -0.075858910763280996 0.11671550335343664 0.098250323996136465 -0.15821372302977935 0.045274010535851728 0.44028900571477908 0.23137873756596342
leaf_weight=6061 44 85 715 488 171 42 86 602 1213 78 45 741 59 370
leaf_count=6061 44 85 715 488 171 42 86 602 1213 78 45 741 59 370
internal_value=0.000298281 -0.0454111 0.112337 0.11852 0.0908132 0.192014 0.442881 0.023324 0.12612 0.00966689 0.147002 -0.00903989 0.247675 0.143645
internal_weight=10800 7671 3129 3085 2242 843 128 1610 1754 1525 182 1343 137 1583
internal_count=10800 7671 3129 3085 2242 843 128 1610 1754 1525 182 1343 137 1583
is_linear=0
shrinkage=0.05


Tree=83
num_leaves=15
num_cat=0
split_feature=65 0 26 9 9 0 0 9 12 65 65 53 51 9
split_gain=19974.3 3484.91 2998.86 2777.15 2265.28 3652.87 3494.62 2130.05 2053.93 1993.75 4396.51 1560.41 1531.94 1479.45
threshold=190.81968700000002 96.925260500000022 17.525000000000002 77.844594000000015 232.32850950000002 260.90748600000006 214.99514700000003 272.25950450000005 260.96122350000007 259.46345850000006 229.58777250000003 -0.9733555533461492 1.5000000000000002 131.90194550000004
decision_type=2 2 2 2 2 2 2 2 2 2 2 2 2 2
left_child=1 13 -2 -3 6 11 -4 12 -8 10 -9 -6 -7 -1
right_child=2 3 4 -5 5 7 8 9 -10 -11 -12 -13 -14 -15
leaf_value=-0.058300536023655682 -0.298830041454898 0.39174679534471768 0.13379280724642456 0.0096516894770853606 -0.18685015475022651 0.072859818937304685 0.65099688386017429 0.15547264815756567 0.26279221631658195 0.11669449283891208 -0.5227924646073302 0.037531558779196353 0.23541608554544324 -0.30200022270991689
leaf_weight=5946 44 48 688 1615 83 194 52 53 103 285 42 999 586 62
leaf_count=5946 44 48 688 1615 83 194 52 53 103 285 42 999 586 62
internal_value=0.000291238 -0.0431369 0.106739 0.0209091 0.112618 0.0862787 0.182484 0.147879 0.396367 0.0506301 -0.146714 0.0201626 0.19513 -0.0608653
internal_weight=10800 7671 3129 1663 3085 2242 843 1160 155 380 95 1082 780 6008
internal_count=10800 7671 3129 1663 3085 2242 843 1160 155 380 95 1082 780 6008
is_linear=0
shrinkage=0.05


Tree=84
num_leaves=15
num_cat=0
split_feature=1 65 9 1 13 48 48 48 0 9 0 17 29 53
split_gain=18068.1 2915.85 1953.19 3925.8 2170.53 1951.18 3558.44 2169.35 1858.74 1994.98 3013.93 2884.23 1924.39 1627.91
threshold=186.24630300000004 24.000000000000004 113.77359350000002 111.91807350000002 1.3254992120623699 6.3750000000000009 6.6250000000000009 6.8750000000000009 302.79461750000002 221.97237050000004 250.77304450000003 75.223936112024205 19.512500000000003 -0.9733555533461492
decision_type=2 2 2 2 2 2 2 2 2 2 2 2 2 2
left_child=1 -1 3 5 -4 -3 -7 -8 9 11 -11 -2 -12 -14
right_child=8 2 4 -5 -6 6 7 -9 -10 10 12 -13 13 -15
leaf_value=-0.065974301161310325 0.13935624872902311 0.23225171625977611 -0.19938298131400756 0.18597911268113815 -0.02060653464784247 -0.33835809797775457 0.25011708175808922 -0.01517979496496428 0.42693903993728555 -0.013188572875529301 0.38563393266474616 0.53598273484682557 -0.041816212771880024 0.11737473810240601
leaf_weight=4697 752 81 211 326 854 81 81 1277 42 716 60 48 181 1393
leaf_count=4697 752 81 211 326 854 81 81 1277 42 716 60 48 181 1393
internal_value=0.00027991 -0.04161 -0.00228829 0.0288166 -0.0561799 -0.00499073 -0.0184969 0.000816647 0.100105 0.0956127 0.0723425 0.163793 0.109806 0.0990539
internal_weight=10800 7608 2911 1846 1065 1520 1439 1358 3192 3150 2350 800 1634 1574
internal_count=10800 7608 2911 1846 1065 1520 1439 1358 3192 3150 2350 800 1634 1574
is_linear=0
shrinkage=0.05


Tree=85
num_leaves=15
num_cat=0
split_feature=65 1 26 9 0 0 12 48 9 51 0 36 26 47
split_gain=16529.1 2841.19 2636.71 2009.08 3150.4 3131.5 2103.67 1871.94 1716.59 1437.62 1706.23 1754.91 1341.95 1564.92
threshold=190.81968700000002 98.602626500000014 17.525000000000002 232.32850950000002 246.65827700000003 218.01924050000002 260.96122350000007 9.1250000000000018 290.2148160000001 1.5000000000000002 272.06304300000005 21.963281250000005 28.725000000000005 70.126302083333357
decision_type=2 2 2 2 2 2 2 2 2 2 2 2 2 2
left_child=1 -1 -2 5 -5 -4 -7 -3 9 -6 11 -11 -9 -14
right_child=2 7 3 4 8 6 -8 12 -10 10 -12 -13 13 -15
leaf_value=-0.054913885812977216 -0.2831676831924253 0.24676254427190436 0.12728380332362718 -0.034494368104011318 0.043381657999908105 0.68263467030469771 0.24887466699784172 -0.0089897819091371896 -0.085334136295262902 0.21372950804870661 0.23884688525420605 0.059730092821879681 0.2371137285072325 -0.11922130598908379
leaf_weight=6061 44 85 715 488 434 42 86 1367 106 274 371 569 117 41
leaf_count=6061 44 85 715 488 434 42 86 1367 106 274 371 569 117 41
internal_value=0.000273223 -0.0392326 0.0971065 0.10262 0.0778178 0.168413 0.395391 0.0197987 0.109067 0.121615 0.149525 0.109978 0.00699483 0.144479
internal_weight=10800 7671 3129 3085 2242 843 128 1610 1754 1648 1214 843 1525 158
internal_count=10800 7671 3129 3085 2242 843 128 1610 1754 1648 1214 843 1525 158
is_linear=0
shrinkage=0.05


Tree=86
num_leaves=15
num_cat=0
split_feature=65 64 24 26 9 0 0 9 65 65 46 24 10 0
split_gain=14921.5 2605.11 2494.97 2384.04 1825.28 3153.38 2743.11 1826.13 1744.35 4004.97 1659.7 1574.71 1323.17 1212.82
threshold=190.81968700000002 105.70697350000002 266.01351400000004 17.525000000000002 221.97237050000004 219.21948700000004 260.90748600000006 272.25950450000005 259.46345850000006 229.58777250000003 85.901041666666671 263.73263850000006 291.36953275000002 198.92361450000001
decision_type=2 2 2 2 2 2 2 2 2 2 2 2 2 2
left_child=1 -1 -3 -2 5 13 11 12 9 -9 -4 -6 -8 -5
right_child=3 2 10 4 6 -7 7 8 -10 -11 -12 -13 -14 -15
leaf_value=-0.054389037066509577 -0.26932392542560896 -0.049062533892742878 0.047112724965701638 0.081586341232199364 0.085232404884537663 0.48309070351992695 0.15294876416290262 0.14304627617605514 0.10091510821325977 -0.50436130303369708 0.29578600295612384 -0.03156742510430699 0.38932993887063977 0.22180078699492101
leaf_weight=5702 44 899 999 431 526 70 736 53 285 42 71 637 64 241
leaf_count=5702 44 899 999 431 526 70 736 53 285 42 71 637 64 241
internal_value=0.000266562 -0.037269 0.0123112 0.0922705 0.0975134 0.165842 0.0758131 0.129491 0.0391042 -0.145448 0.0638742 0.0212865 0.172322 0.132126
internal_weight=10800 7671 1969 3129 3085 742 2343 1180 380 95 1070 1163 800 672
internal_count=10800 7671 1969 3129 3085 742 2343 1180 380 95 1070 1163 800 672
is_linear=0
shrinkage=0.05


Tree=87
num_leaves=15
num_cat=0
split_feature=1 48 65 26 0 36 16 9 64 22 47 1 54 9
split_gain=13548.6 2320.48 5160.02 3342.23 2007.16 1994.95 1688.34 1470.04 1388.43 2175.41 2462.62 1732.69 2832.88 1534.51
threshold=130.04427350000003 11.125000000000002 229.58777250000003 26.175000000000001 262.99180150000007 23.762239583333336 152.10823100000002 290.2148160000001 105.70697350000002 133.23735208854171 71.976562500000014 24.000000000000004 -0.8783796973249266 146.08976850000002
decision_type=2 2 2 2 2 2 2 2 2 2 2 2 2 2
left_child=8 2 -2 5 -4 -3 -5 -8 -1 11 -11 12 -10 -13
right_child=1 3 4 6 -6 -7 7 -9 9 10 -12 13 -14 -15
leaf_value=-0.053376244833521783 0.63528603792190552 0.025881182658929882 0.0778451181960685 -0.19760087700777276 0.25870618326346934 -0.13450746931284008 0.1319528178952121 -0.15358941531244746 -0.54089265160782396 -0.038329214880024422 0.21038250480343901 -0.00043964541162421075 -0.0090070953501052552 -0.29976479134625861
leaf_weight=5463 49 1363 772 42 191 225 1218 46 42 178 224 883 60 44
leaf_count=5463 49 1363 772 42 191 225 1218 46 42 178 224 883 60 44
internal_value=0.000258292 0.0746476 0.139793 0.0518267 0.113948 0.00308574 0.111044 0.121448 -0.0418939 0.0019478 0.100435 -0.0365882 -0.231144 -0.0149548
internal_weight=10800 3906 1012 2894 963 1588 1306 1264 6894 1431 402 1029 102 927
internal_count=10800 3906 1012 2894 963 1588 1306 1264 6894 1431 402 1029 102 927
is_linear=0
shrinkage=0.05


Tree=88
num_leaves=15
num_cat=0
split_feature=0 51 26 22 20 48 37 26 36 42 24 9 54 31
split_gain=12311.3 2452.47 4257.29 2852.81 2891.62 2430.23 1937.72 1741.57 1393.83 1356.03 1311.58 1246.14 1237.54 1138.25
threshold=96.925260500000022 2.5000000000000004 28.362500000000004 147.13377104166668 273.13806300000005 11.125000000000002 55.625000000000007 17.525000000000002 26.213020833333339 76.625000000000014 307.27302800000007 131.90194550000004 0.87837969732492682 21.512500000000003
decision_type=2 2 2 2 2 2 2 2 2 2 2 2 2 2
left_child=11 2 5 7 -5 -2 10 -3 -9 -8 -4 -1 -7 -11
right_child=1 3 6 4 -6 12 9 8 -10 13 -12 -13 -14 -15
leaf_value=-0.044392960557368862 0.064500419045972021 -0.2351349172897117 0.12487215634117842 0.65212694122677761 0.17435333042509027 -0.034822031436144915 0.44934662829618904 0.080361671481162147 0.34761709880083802 -0.03897403138803273 -0.15643633306026461 -0.26457426074749008 -0.17994210991253087 0.31799528767913582
leaf_weight=6020 643 42 271 41 134 949 75 2202 49 40 48 64 173 49
leaf_count=6020 643 42 271 41 134 949 75 2202 49 40 48 64 173 49
internal_value=0.000244971 0.060872 0.0230767 0.0952749 0.289358 -0.0129403 0.154446 0.080343 0.0863311 0.29365 0.082187 -0.0467522 -0.0573383 0.158909
internal_weight=10800 4716 2248 2468 175 1765 483 2293 2251 164 319 6084 1122 89
internal_count=10800 4716 2248 2468 175 1765 483 2293 2251 164 319 6084 1122 89
is_linear=0
shrinkage=0.05


Tree=89
num_leaves=15
num_cat=0
split_feature=65 64 7 1 64 26 9 0 0 53 12 9 8 0
split_gain=11327.6 1970.46 2202.56 2432.93 2386.18 1957.05 1667.33 2631.02 2508.08 1833.92 1627.12 1382.49 1349.62 1435.43
threshold=190.81968700000002 105.70697350000002 138.13026000000002 24.000000000000004 152.06653700000001 17.525000000000002 232.32850950000002 242.21224350000003 214.99514700000003 -0.9733555533461492 260.96122350000007 276.57951800000006 241.52656550000003 273.99435950000003
decision_type=2 2 2 2 2 2 2 2 2 2 2 2 2 2
left_child=1 -1 3 4 -3 -2 8 -8 -7 11 -10 -9 -11 -14
right_child=5 2 -4 -5 -6 6 7 9 10 12 -12 -13 13 -15
leaf_value=-0.047355157203034813 -0.24719791175823455 -0.024729251867485424 0.13588628268631914 0.0046429157255587572 -0.48443130337848112 0.1038509726179669 -0.053742781688168186 0.011119376695875465 0.55256025554998867 0.18419374756107285 0.20777513166585077 -0.31789805133168292 0.049592701169020995 0.17663928383581057
leaf_weight=5702 44 62 297 1559 51 688 399 144 52 401 103 40 970 288
leaf_count=5702 44 62 297 1559 51 688 399 144 52 401 103 40 970 288
internal_value=0.000238541 -0.0324658 0.0106542 -0.0116589 -0.234635 0.0804007 0.0851517 0.0625638 0.14508 0.087759 0.326246 -0.0617379 0.104367 0.0787953
internal_weight=10800 7671 1969 1672 113 3129 3085 2242 843 1843 155 184 1659 1258
internal_count=10800 7671 1969 1672 113 3129 3085 2242 843 1843 155 184 1659 1258
is_linear=0
shrinkage=0.05


Tree=90
num_leaves=15
num_cat=0
split_feature=0 4 65 22 36 16 51 33 9 0 65 29 26 0
split_gain=10371.9 2596.65 2000.41 1708.24 2922.27 1703.59 1622.21 2078.62 1764.44 1829.9 1650.09 1611.76 1471.89 1854.96
threshold=198.92361450000001 69.10047950000002 24.000000000000004 30.15955740104167 22.962760416666672 249.76574550000001 2.5000000000000004 19.065625000000004 146.08976850000002 172.05135050000004 152.44543550000003 19.512500000000003 27.637500000000003 130.14004500000001
decision_type=2 2 2 2 2 2 2 2 2 2 2 2 2 2
left_child=2 -2 -1 4 -4 -3 8 -8 12 10 -10 -7 -5 -14
right_child=1 5 3 6 -6 11 7 -9 9 -11 -12 -13 13 -15
leaf_value=-0.050223666071739538 0.33555690919231512 -0.015086342947512103 0.021734357750465894 -0.045216692030146416 0.48128962528948888 0.32617495191948759 -0.076768491408515424 0.056852310611299972 -0.15909693189955587 -0.057877456802140237 -0.5425256838401159 0.082337113161089659 -0.021524019679304729 0.27601336394802906
leaf_weight=4697 96 465 118 848 48 69 377 1265 78 212 44 2268 127 88
leaf_count=4697 96 465 118 848 48 69 377 1265 78 212 44 2268 127 88
internal_value=0.000227776 0.0811224 -0.0294463 0.00100968 0.156704 0.0722886 -0.0075436 0.0261452 -0.047131 -0.147195 -0.300669 0.0896729 -0.0155816 0.100973
internal_weight=10800 2898 7902 3205 166 2802 3039 1642 1397 334 122 2337 1063 215
internal_count=10800 2898 7902 3205 166 2802 3039 1642 1397 334 122 2337 1063 215
is_linear=0
shrinkage=0.05


Tree=91
num_leaves=15
num_cat=0
split_feature=65 26 48 12 26 30 31 40 34 49 21 32 26 0
split_gain=9467.06 2902.4 2579.6 3936.93 2317.03 2084.42 1808.13 1672.7 1939.6 1661.45 1403.26 1512.67 1243.62 1225.92
threshold=106.36441800000001 17.275000000000002 11.125000000000002 95.430012500000018 25.187500000000004 23.962500000000002 21.112500000000004 90.875000000000014 19.998958333333338 3.5000000000000004 77.498709640484108 24.487500000000004 20.987500000000004 302.79461750000002
decision_type=2 2 2 2 2 2 2 2 2 2 2 2 2 2
left_child=-1 -2 5 -4 6 7 10 9 -9 -3 12 -12 -5 -6
right_child=1 2 3 4 13 -7 -8 8 -10 -11 11 -13 -14 -15
leaf_value=-0.039169501677604808 -0.27085422246591817 0.11571647159262806 -0.37501231932948376 -0.070906237888308923 0.076255409520715328 0.37592475002424586 -0.13453753587203182 0.14181872912796967 0.53204368054866791 -0.010906072096700331 0.026018021054199487 -0.33835418883504143 0.067353927110603937 0.34749466510013094
leaf_weight=6323 66 956 57 204 1440 71 228 113 44 355 60 53 788 42
leaf_count=6323 66 956 57 204 1440 71 228 113 44 355 60 53 788 42
internal_value=0.000219218 0.0558454 0.060794 0.0327842 0.0411718 0.113009 -0.00666166 0.100046 0.253856 0.0814467 0.0198214 -0.146351 0.0388786 0.0841715
internal_weight=10800 4477 4411 2872 2815 1539 1333 1468 157 1311 1105 113 992 1482
internal_count=10800 4477 4411 2872 2815 1539 1333 1468 157 1311 1105 113 992 1482
is_linear=0
shrinkage=0.05


Tree=92
num_leaves=15
num_cat=0
split_feature=65 26 48 1 26 35 31 40 34 32 21 44 34 47
split_gain=8545.1 2622.93 2330.81 3565.42 1949.57 1941.62 1550.6 1543.74 1788.31 1455.74 1305.54 1380.4 1240.97 1474.31
threshold=106.36441800000001 17.275000000000002 11.125000000000002 95.543330000000012 25.187500000000004 23.850000000000005 21.112500000000004 90.875000000000014 19.998958333333338 22.512500000000003 77.498709640484108 68.781250000000014 20.98854166666667 73.924479166666671
decision_type=2 2 2 2 2 2 2 2 2 2 2 2 2 2
left_child=-1 -2 5 9 6 7 10 12 -9 -4 -5 -12 13 -3
right_child=1 2 3 4 -6 -7 -8 8 -10 -11 11 -13 -14 -15
leaf_value=-0.037211334433255902 -0.25751363909664327 -0.14769741457213861 -0.08277046132053055 0.039684405772340205 0.079977200519074074 0.41739134636460523 -0.12353698334440455 0.13478999359680241 0.50373153198272624 -0.50397173805934636 0.0013184053331081356 -0.35461623783740737 0.12382734057788901 0.061348626081070279
leaf_weight=6323 66 100 42 972 1482 48 223 113 46 40 69 44 721 511
leaf_count=6323 66 100 42 972 1482 48 223 113 46 40 69 44 721 511
internal_value=0.000210308 0.0530585 0.0577628 0.031138 0.0407314 0.107396 -0.00376226 0.0971433 0.244009 -0.291831 0.0209461 -0.139171 0.0794422 0.0269494
internal_weight=10800 4477 4411 2872 2790 1539 1308 1491 159 82 1085 113 1332 611
internal_count=10800 4477 4411 2872 2790 1539 1308 1491 159 82 1085 113 1332 611
is_linear=0
shrinkage=0.05


Tree=93
num_leaves=15
num_cat=0
split_feature=1 4 26 61 65 49 1 9 16 17 9 33 8 65
split_gain=7715.5 2250.5 1744.39 1625.52 2507.19 1916.28 1863.76 1662 2201.11 1566.92 1557.27 1410.6 1451.79 1377.02
threshold=198.88739500000003 69.10047950000002 20.987500000000004 -0.3520614488341256 152.44543550000003 3.5000000000000004 149.17291750000001 139.175487 140.87699600000005 22.31062338797727 270.73891950000007 17.096875000000004 24.000000000000004 258.63541800000007
decision_type=2 2 2 2 2 2 2 2 2 2 2 2 2 2
left_child=3 -2 -3 5 6 11 -5 8 -7 -9 13 -1 -13 -4
right_child=1 2 10 4 -6 7 -8 9 -10 -11 -12 12 -14 -15
leaf_value=-0.19940760862536547 0.34416684715511048 -0.083961653895183383 0.065980873819994276 -0.039938777435833295 -0.26195908274418273 -0.019516961950047526 0.097308984182552086 -0.42594599372810793 0.24578986476574627 -0.068050146152322397 0.005396109087596415 0.23592295685843112 0.058127220423297592 0.15442116629981539
leaf_weight=40 72 188 1343 5530 122 1127 258 44 83 97 639 154 447 656
leaf_count=40 72 188 1343 5530 122 1127 258 44 83 97 639 154 447 656
internal_value=0.00019912 0.0699696 0.0628644 -0.0253943 -0.0385585 0.0136619 -0.0338052 -0.0201222 -0.00113029 -0.181947 0.073356 0.0847871 0.104002 0.0950665
internal_weight=10800 2898 2826 7902 5910 1992 5788 1351 1210 141 2638 641 601 1999
internal_count=10800 2898 2826 7902 5910 1992 5788 1351 1210 141 2638 641 601 1999
is_linear=0
shrinkage=0.05


Tree=94
num_leaves=15
num_cat=0
split_feature=65 26 51 22 4 26 49 20 26 37 43 36 40 46
split_gain=7027.71 2228.49 2270.33 2619.25 2479.66 2261.81 2106.48 2246.68 1964.16 1587.02 1495.64 1482.35 1438.68 1401.14
threshold=106.36441800000001 17.275000000000002 2.5000000000000004 146.95078990625004 141.67352400000001 28.362500000000004 1.5000000000000002 283.09452200000004 21.512500000000003 55.625000000000007 67.875000000000014 26.159505208333339 51.125000000000007 57.447916666666679
decision_type=2 2 2 2 2 2 2 2 2 2 2 2 2 2
left_child=-1 -2 5 11 -5 6 -3 8 10 13 -8 -4 -11 -7
right_child=1 2 3 4 -6 9 7 -9 -10 12 -12 -13 -14 -15
leaf_value=-0.033747145888494055 -0.23815108753129174 0.060706095714909092 0.066033389987948082 0.61471909085909537 0.16126196466918505 0.14824715350488468 -0.43258686675349384 -0.33915490806102755 0.0057515998473441562 0.033096434052466699 -0.10174696098908152 0.33904846845304265 0.38281149849468887 -0.071423946807499306
leaf_weight=6323 66 638 2096 41 111 167 40 64 735 45 212 50 85 127
leaf_count=6323 66 638 2096 41 111 167 40 64 735 45 212 50 85 127
internal_value=0.000189666 0.0481165 0.0524528 0.0868391 0.286794 0.0150325 -0.0109047 -0.0543917 -0.0356022 0.118135 -0.155763 0.0725494 0.262933 0.0534348
internal_weight=10800 4477 4411 2298 152 2113 1689 1051 987 424 252 2146 130 294
internal_count=10800 4477 4411 2298 152 2113 1689 1051 987 424 252 2146 130 294
is_linear=0
shrinkage=0.05


Tree=95
num_leaves=15
num_cat=0
split_feature=0 51 26 22 20 40 37 42 39 33 22 31 20 65
split_gain=6351.71 2047.24 3053.86 2145.69 2080.9 1586.97 1557.53 1161.4 1126.28 1077.35 1086.32 1038.97 1002.74 972.932
threshold=96.925260500000022 2.5000000000000004 28.362500000000004 147.13377104166668 273.13806300000005 65.875000000000014 55.625000000000007 76.625000000000014 54.625000000000007 19.003125000000004 38.005665614583343 21.512500000000003 284.15934500000009 252.87840800000001
decision_type=2 2 2 2 2 2 2 2 2 2 2 2 2 2
left_child=-1 2 5 9 -5 12 8 -8 -4 -3 -11 -9 -2 -7
right_child=1 3 6 4 -6 13 7 11 -10 10 -12 -13 -14 -15
leaf_value=-0.033574240834945999 -0.05753654881581776 -0.049070943872170557 0.097731180786249344 0.55118921853247149 0.1459261696068225 -0.026252803219511751 0.38915217838397154 -0.067438635593507351 -0.15278315962188774 0.32780623256297009 0.067630757505286132 0.27306528794392942 -0.22517939305661813 0.064073086691671291
leaf_weight=6084 403 198 266 41 134 758 75 40 53 40 2055 49 114 490
leaf_count=6084 403 198 266 41 134 758 75 40 53 40 2055 49 114 490
internal_value=0.000182936 0.0437302 0.00920471 0.0751615 0.243466 -0.0212947 0.120471 0.245235 0.0557623 0.0622161 0.0727523 0.120981 -0.0948656 0.00923459
internal_weight=10800 4716 2248 2468 175 1765 483 164 319 2293 2095 89 517 1248
internal_count=10800 4716 2248 2468 175 1765 483 164 319 2293 2095 89 517 1248
is_linear=0
shrinkage=0.05


Tree=96
num_leaves=15
num_cat=0
split_feature=65 26 48 12 30 22 26 46 40 47 0 47 47 30
split_gain=5820.5 1955.19 1961.51 2929.23 1684.35 1637.64 1515.58 1344.11 1310.35 1460.44 1380.77 1206.19 1157.78 1009.75
threshold=106.36441800000001 17.275000000000002 11.125000000000002 95.430012500000018 23.962500000000002 67.757860947916683 23.962500000000002 77.036458333333357 90.875000000000014 79.756510416666671 262.99180150000007 71.028645833333343 73.467447916666671 21.862500000000004
decision_type=2 2 2 2 2 2 2 2 2 2 2 2 2 2
left_child=-1 -2 4 -4 8 7 11 -5 10 -10 12 -7 -3 -14
right_child=1 2 3 5 -6 6 -8 -9 9 -11 -12 -13 13 -15
leaf_value=-0.030704944176776622 -0.22433970673982775 -0.028501709051584379 -0.32831203995657893 0.0067987965500873066 0.32969112428060421 -0.24106448959220539 0.064509598656110986 -0.3863450850448793 0.39066851437631728 0.082951776054170409 0.19607273526489735 0.00022865434778808155 0.056947577616231773 0.22390130475873038
leaf_weight=6323 66 363 57 45 71 54 1787 41 68 89 174 888 670 104
leaf_count=6323 66 363 57 45 71 54 1787 41 68 89 174 888 670 104
internal_value=0.000179829 0.0437964 0.0478584 0.0234361 0.093389 0.0306726 0.0374681 -0.182917 0.0817436 0.217859 0.0652893 -0.0138444 0.0451202 0.0796406
internal_weight=10800 4477 4411 2872 1539 2815 2729 86 1468 157 1311 942 1137 774
internal_count=10800 4477 4411 2872 1539 2815 2729 86 1468 157 1311 942 1137 774
is_linear=0
shrinkage=0.05


Tree=97
num_leaves=15
num_cat=0
split_feature=1 4 26 9 65 65 61 65 1 49 4 9 16 17
split_gain=5272.14 1842.64 1439.96 1389.63 1346.65 2420.01 1219.83 2309.4 1525.3 1523.9 1217.18 1209.89 1823.9 1594.74
threshold=198.88739500000003 69.10047950000002 20.987500000000004 272.25950450000005 261.60709800000006 229.58777250000003 -0.3520614488341256 152.44543550000003 149.17291750000001 2.5000000000000004 222.39344700000001 139.175487 140.87699600000005 19.595518256219851
decision_type=2 2 2 2 2 2 2 2 2 2 2 2 2 2
left_child=6 -2 -3 -4 5 -5 9 8 -8 -1 -10 12 -11 -13
right_child=1 2 3 4 -6 -7 7 -9 10 11 -12 13 -14 -15
leaf_value=0.090260600714212005 0.30593929580629692 -0.0819676716250205 0.079804596409454406 0.078203253897705258 0.037544950972193659 -0.32498303223866976 -0.033376830035808484 -0.24679131762965062 0.30452185557136002 -0.0098507641210024907 0.035618316255462613 -0.4017588424246486 0.22113264177156533 -0.055426152572868259
leaf_weight=481 72 188 2077 69 413 79 5530 122 52 1202 206 40 91 178
leaf_count=481 72 188 2077 69 413 79 5530 122 52 1202 206 40 91 178
internal_value=0.000171359 0.0578457 0.0514189 0.0609523 -0.00886264 -0.137748 -0.0209849 -0.0323888 -0.0278277 0.0128479 0.0907824 -0.0118384 0.00656394 -0.120518
internal_weight=10800 2898 2826 2638 561 148 7902 5910 5788 1992 258 1511 1293 218
internal_count=10800 2898 2826 2638 561 148 7902 5910 5788 1992 258 1511 1293 218
is_linear=0
shrinkage=0.05


Tree=98
num_leaves=15
num_cat=0
split_feature=1 46 51 26 48 37 31 42 35 54 24 35 9 22
split_gain=4798.72 1947.31 1419.01 2514.5 1420.5 1395.01 1095.16 1078.19 1102.36 993.178 989.768 967.221 913.581 881.05
threshold=98.602626500000014 90.546875000000014 2.5000000000000004 28.362500000000004 11.125000000000002 55.625000000000007 24.962500000000002 76.625000000000014 29.256250000000001 0.87837969732492682 307.27302800000007 17.664583333333336 146.08976850000002 143.30230728645839
decision_type=2 2 2 2 2 2 2 2 2 2 2 2 2 2
left_child=12 2 3 4 -2 10 11 -7 -9 -6 -5 -4 -1 -11
right_child=1 -3 6 5 9 7 -8 8 -10 13 -12 -13 -14 -15
leaf_value=-0.026877652051172499 0.040293667164956221 0.33159537384552618 -0.12300106620327947 0.082668185495791857 -0.034884978976935661 0.36305171283648208 0.232890750815471 0.25992381187046276 -0.088988122707459982 -0.10077919150730048 -0.15933978698402643 0.060869153687756028 -0.22137832678091085 -0.36435377044337142
leaf_weight=6091 595 55 73 273 956 75 89 50 40 135 49 2218 60 41
leaf_count=6091 595 55 73 273 956 75 89 50 40 135 49 2218 60 41
internal_value=0.000162785 0.0384948 0.0349144 0.00609702 -0.0222099 0.106319 0.061708 0.224094 0.105578 -0.0550695 0.0454616 0.0549592 -0.0288106 -0.163892
internal_weight=10800 4649 4594 2214 1727 487 2380 165 90 1132 322 2291 6151 176
internal_count=10800 4649 4594 2214 1727 487 2380 165 90 1132 322 2291 6151 176
is_linear=0
shrinkage=0.05


Tree=99
num_leaves=15
num_cat=0
split_feature=65 26 51 22 4 49 26 36 7 26 31 36 46 41
split_gain=4433.5 1664.15 1670.05 1980.17 1940.8 1696.43 2028.4 1196.99 1147.49 1295.27 1066.22 1280.39 988.384 969.596
threshold=106.36441800000001 17.225000000000005 2.5000000000000004 146.95078990625004 141.67352400000001 1.5000000000000002 22.487500000000004 26.159505208333339 141.44309700000002 30.275000000000002 20.862500000000004 23.549088541666666 80.572916666666671 64.875000000000014
decision_type=2 2 2 2 2 2 2 2 2 2 2 2 2 2
left_child=-1 -2 5 7 -5 10 12 -4 9 -8 -3 -12 -7 -13
right_child=1 2 3 4 -6 6 8 -9 -10 -11 11 13 -14 -15
leaf_value=-0.026799077631200336 -0.21907401732619733 -0.037893617348537356 0.053036593400264481 0.53517476540236242 0.13417631593121249 -0.18530751557249214 -0.018750770698695046 0.29833018848416853 0.266272701426994 0.16760177840079582 0.19047133306817465 0.20366504506932365 -0.015556173443602508 -0.0022817615222808967
leaf_weight=6323 61 178 2101 41 111 235 832 50 42 104 239 71 135 277
leaf_count=6323 61 178 2101 41 111 235 832 50 42 104 239 71 135 277
internal_value=0.000155811 0.0382225 0.0418254 0.0712686 0.245131 0.00971619 -0.0240324 0.0588744 0.0137166 0.00211184 0.069138 0.101603 -0.12358 0.0401993
internal_weight=10800 4477 4416 2303 152 2113 1348 2151 978 936 765 587 370 348
internal_count=10800 4477 4416 2303 152 2113 1348 2151 978 936 765 587 370 348
is_linear=0
shrinkage=0.05


Tree=100
num_leaves=15
num_cat=0
split_feature=65 9 0 0 12 53 8 9 0 40 9 64 7 1
split_gain=4040.19 1201 2206.8 1805.81 1531.4 1317.32 1184.16 1096.49 1034.72 1105.61 1353.69 957.919 1872.79 1971.62
threshold=192.97342250000005 232.32850950000002 218.01924050000002 242.21224350000003 260.96122350000007 -0.9733555533461492 241.52656550000003 276.57951800000006 273.99435950000003 57.875000000000007 258.3471090000001 105.70697350000002 138.13026000000002 24.000000000000004
decision_type=2 2 2 2 2 2 2 2 2 2 2 2 2 2
left_child=11 2 -2 -3 -4 7 -7 -5 -8 10 -10 -1 13 -13
right_child=1 3 4 5 -6 6 8 -9 9 -11 -12 12 -14 -15
leaf_value=-0.02963140174244154 0.065829473231107938 -0.064517026131289262 0.54116471926016474 -0.010600035402761854 0.16572175970778052 0.13957996960662422 0.015964435143012209 -0.30541748761585574 0.23746356870535587 0.20619323959232438 -0.11308077029534616 -0.21062478330925827 0.12552175566620205 0.0046293557126919774
leaf_weight=5709 716 416 41 137 81 399 969 40 41 168 79 113 300 1591
leaf_count=5709 716 416 41 137 81 399 969 40 41 168 79 113 300 1591
internal_value=0.000154238 0.0484846 0.0995445 0.0294234 0.295269 0.0507668 0.0646295 -0.078567 0.0407466 0.123784 0.00766123 -0.019193 0.010544 -0.00976029
internal_weight=10800 3087 838 2249 122 1833 1656 177 1257 288 120 7713 2004 1704
internal_count=10800 3087 838 2249 122 1833 1656 177 1257 288 120 7713 2004 1704
is_linear=0
shrinkage=0.05


Tree=101
num_leaves=15
num_cat=0
split_feature=1 9 65 53 65 37 0 24 21 9 19 24 22 61
split_gain=3671.15 1574.94 1804.36 1566.45 2712.4 1227.9 1032.5 1214.03 991.347 1015.14 1131.67 1109.04 950.461 923.94
threshold=198.88739500000003 221.97237050000004 215.25594400000003 -0.9733555533461492 229.58777250000003 70.375000000000014 262.29786650000005 263.73263850000006 28.509041049590959 268.97275250000001 216.92619700000003 297.26105400000006 107.89668338020834 -0.3520614488341256
decision_type=2 2 2 2 2 2 2 2 2 2 2 2 2 2
left_child=13 2 -2 4 -3 -4 7 -5 9 10 12 -11 -8 -1
right_child=1 3 5 6 -6 -7 8 -9 -10 11 -12 -13 -14 -15
leaf_value=0.011940573506457736 0.047647887208786315 -0.016549346950139945 0.15608890375561632 0.071246605284423351 -0.45708512983671046 0.411074960514 0.27392296452166104 -0.036864472892681931 0.13677581756488241 0.017152681561756578 0.31589796529524028 -0.23868430303409696 0.0099364230117084951 -0.027428938482112943
leaf_weight=1992 341 237 175 461 40 65 40 592 446 196 49 53 203 5910
leaf_count=1992 341 237 175 461 40 65 40 592 446 196 49 53 203 5910
internal_value=0.000150082 0.0482773 0.121818 0.029792 -0.08158 0.226567 0.0449471 0.0104889 0.0816616 0.036057 0.0991562 -0.0380395 0.0543355 -0.0175041
internal_weight=10800 2898 581 2317 277 240 2040 1053 987 541 292 249 243 7902
internal_count=10800 2898 581 2317 277 240 2040 1053 987 541 292 249 243 7902
is_linear=0
shrinkage=0.05


Tree=102
num_leaves=15
num_cat=0
split_feature=0 51 26 22 51 37 40 15 5 65 27 21 39 42
split_gain=3334.28 1610.51 2145.84 1511.54 1727.63 1252 1236.2 984.359 1661.85 1213.5 2221.02 1153.23 940.527 927.477
threshold=94.447084000000018 2.5000000000000004 28.362500000000004 147.13377104166668 3.5000000000000004 55.625000000000007 65.625000000000014 42.523274000000008 94.991474000000025 92.337511500000019 20.912500000000005 1.2382070770162167e-05 54.625000000000007 76.625000000000014
decision_type=2 2 2 2 2 2 2 2 2 2 2 2 2 2
left_child=7 2 6 -3 -5 12 -2 9 -9 -1 -11 -12 -4 -7
right_child=1 3 5 4 -6 13 -8 8 -10 10 11 -13 -14 -15
leaf_value=-0.02581048524677438 -0.089646046825439626 0.0480951005725875 0.07464787760507037 0.077950365826286172 0.40246965258354045 0.33459710634656648 0.0019205299907638909 -0.38767082224721494 -0.063256274646436669 -0.0042761521216369038 0.4435884267687798 0.085688892734605226 -0.15421566709324167 0.095229911663466033
leaf_weight=5314 516 2346 266 110 65 75 1284 45 283 263 49 42 53 89
leaf_count=5314 516 2346 266 110 65 75 1284 45 283 263 49 42 53 89
internal_value=0.000145704 0.0311798 0.000754941 0.0587211 0.200088 0.0942219 -0.0243638 -0.0247199 -0.108807 -0.0198355 0.0696764 0.281131 0.0362604 0.206061
internal_weight=10800 4804 2283 2521 175 483 1800 5996 328 5668 354 91 319 164
internal_count=10800 4804 2283 2521 175 483 1800 5996 328 5668 354 91 319 164
is_linear=0
shrinkage=0.05


Tree=103
num_leaves=15
num_cat=0
split_feature=65 9 0 0 12 53 8 13 53 65 64 15 17 41
split_gain=3070.7 1035.75 1930.44 1565.06 1167.03 1115.53 1039.07 1013.12 848.406 1003.98 1208.54 1106.19 1104.32 815.037
threshold=192.97342250000005 232.32850950000002 214.99514700000003 242.21224350000003 260.96122350000007 -0.9733555533461492 241.52656550000003 2.5159561177983671 -0.84874750804349197 229.58777250000003 245.05360500000003 217.18543900000003 21.433826923415911 84.125000000000014
decision_type=2 2 2 2 2 2 2 2 2 2 2 2 2 2
left_child=-1 2 -2 -3 -4 7 -7 13 -8 -10 -11 -12 -13 -5
right_child=1 3 4 5 -6 6 8 -9 9 10 11 12 -14 -15
leaf_value=-0.016724612000301148 0.05450280720942198 -0.062874459574329591 0.44800827669746734 -0.033273839166857395 0.14987494108476201 0.12741080876206978 0.083673799971669141 0.087440562493626084 0.16641656316724826 -0.20627150322225962 -0.036564898194615232 0.027498959884757087 0.31570799659025306 -0.29912888482213024
leaf_weight=7713 691 416 50 60 97 399 520 62 80 76 429 104 48 55
leaf_count=7713 691 416 50 60 97 399 520 62 80 76 429 104 48 55
internal_value=0.000142304 0.0422768 0.0896926 0.0245771 0.253623 0.0444478 0.0572054 -0.0745627 0.0348371 0.000313025 -0.0201348 0.00452608 0.119981 -0.161904
internal_weight=10800 3087 838 2249 147 1833 1656 177 1257 737 657 581 152 115
internal_count=10800 3087 838 2249 147 1833 1656 177 1257 737 657 581 152 115
is_linear=0
shrinkage=0.05


Tree=104
num_leaves=15
num_cat=0
split_feature=1 9 40 53 65 17 21 61 65 1 49 9 16 17
split_gain=2820.63 1365.56 1557.92 1320 2472.06 996.466 897.222 756.839 2146.87 1201.15 1121.31 1193.34 1533.79 1273.5
threshold=198.88739500000003 221.97237050000004 76.875000000000014 -0.9733555533461492 229.58777250000003 19.902520457982302 97.61190750032732 -0.3520614488341256 152.44543550000003 149.17291750000001 2.5000000000000004 139.175487 146.04809150000003 19.595518256219851
decision_type=2 2 2 2 2 2 2 2 2 2 2 2 2 2
left_child=7 2 -2 4 -3 -4 -5 10 9 -9 -1 12 -12 -13
right_child=1 3 5 6 -6 -7 -8 8 -10 -11 11 13 -14 -15
leaf_value=0.077717606080367513 0.063509313118182656 -0.01504113261955751 0.039471525267311715 0.025113922623323928 -0.43560278095850136 0.33381757893732616 0.11812728569110031 -0.024847012809645286 -0.23103224381925616 0.085328311114985511 -0.0034831651975664474 -0.36916397470163137 0.25746607265229954 -0.059562678487487558
leaf_weight=481 437 237 40 1736 40 104 304 5530 122 258 1235 40 58 178
leaf_count=481 437 237 40 1736 40 104 304 5530 122 258 1235 40 58 178
internal_value=0.000138918 0.0423244 0.110801 0.0251131 -0.0771205 0.252891 0.0390258 -0.0153357 -0.0243183 -0.0199221 0.0113135 -0.00986252 0.00841214 -0.117797
internal_weight=10800 2898 581 2317 277 144 2040 7902 5910 5788 1992 1511 1293 218
internal_count=10800 2898 581 2317 277 144 2040 7902 5910 5788 1992 1511 1293 218
is_linear=0
shrinkage=0.05


Tree=105
num_leaves=15
num_cat=0
split_feature=65 26 9 0 43 51 26 34 22 51 45 46 36 9
split_gain=2574.99 1434.05 1447.64 1748.97 2314.97 1214.77 1214.7 1347.19 1056.16 1653.74 1040.69 1333.22 872.574 847.379
threshold=106.36441800000001 17.225000000000005 113.77359350000002 94.447084000000018 72.125000000000014 2.5000000000000004 28.987500000000004 28.585416666666671 147.13377104166668 3.5000000000000004 56.197916666666679 57.447916666666679 25.466666666666672 103.72645050000001
decision_type=2 2 2 2 2 2 2 2 2 2 2 2 2 2
left_child=13 -2 12 4 -4 6 7 -5 -7 -10 11 -8 -3 -1
right_child=1 2 3 5 -6 8 10 -9 9 -11 -12 -13 -14 -15
leaf_value=-0.015871854004147961 -0.20969020851677464 0.09809424844713939 -0.46846278411586112 -0.010975027124734677 -0.010897563085999601 0.046520232470498794 0.1059337859536454 -0.28296306645299529 0.054782940580930917 0.41958000944182283 0.2371488717872472 -0.13777463246561303 0.34249240518888324 -0.09426076221438838
leaf_weight=5958 61 356 40 1457 85 1906 193 46 83 49 83 78 40 365
leaf_count=5958 61 356 40 1457 85 1906 193 46 83 49 83 78 40 365
internal_value=0.000131332 0.0291421 0.0324879 0.023486 -0.159874 0.02941 0.000154257 -0.019482 0.0560544 0.192337 0.083345 0.0355403 0.123581 -0.0204111
internal_weight=10800 4477 4416 4020 125 3895 1857 1503 2038 132 354 271 396 6323
internal_count=10800 4477 4416 4020 125 3895 1857 1503 2038 132 354 271 396 6323
is_linear=0
shrinkage=0.05


Tree=106
num_leaves=15
num_cat=0
split_feature=0 9 51 26 40 37 24 24 24 3 3 36 20 29
split_gain=2381.11 1503.42 1335.53 1496.91 1188.67 1119.66 1405.59 957.986 1303.06 1245.28 1277.89 1091.49 915.069 1323.5
threshold=94.447084000000018 77.844594000000015 2.5000000000000004 28.137500000000003 66.125000000000014 64.375000000000014 318.1844445000001 294.325579 288.22990800000008 204.59749700000003 275.94297850000004 25.564322916666672 253.49028900000005 20.262500000000003
decision_type=2 2 2 2 2 2 2 2 2 2 2 2 2 2
left_child=-1 -2 3 4 -3 6 -5 8 11 -9 -11 12 -4 -14
right_child=1 2 7 5 -6 -7 -8 9 -10 10 -12 -13 13 -15
leaf_value=-0.020887879298041926 0.28628308654170143 -0.090471103834079081 0.006805062351562384 0.068972458438888856 4.4555870494395617e-05 0.24646699138034089 -0.23212031158943508 0.40087782384418863 -0.11050789177362973 -0.018967965121704098 0.28616163623782825 0.30158239001674314 0.25111174656388663 0.057380719115000922
leaf_weight=5996 54 512 928 394 1238 76 42 40 135 97 52 41 95 1100
leaf_count=5996 54 512 928 394 1238 76 42 40 135 97 52 41 95 1100
internal_value=0.000125107 0.0263509 0.0233362 -0.00446998 -0.0264743 0.070645 0.0395033 0.0486082 0.0396705 0.156546 0.088718 0.049086 0.0440701 0.072979
internal_weight=10800 4804 4750 2262 1750 512 436 2488 2299 189 149 2164 2123 1195
internal_count=10800 4804 4750 2262 1750 512 436 2488 2299 189 149 2164 2123 1195
is_linear=0
shrinkage=0.05


Tree=107
num_leaves=15
num_cat=0
split_feature=65 9 21 20 65 51 24 3 36 29 44 26 46 22
split_gain=2201.96 2547.18 1278.17 1382.82 1239.03 1430.08 2164.74 2372.05 1934.7 1465.48 1264.1 1243.4 1357.19 1313.94
threshold=258.63541800000007 285.86399050000006 25.424376487933504 274.29007000000007 24.000000000000004 2.5000000000000004 296.45735250000007 203.37092600000003 25.519140625000002 16.862500000000004 68.593750000000014 20.937500000000004 79.635416666666671 30.15955740104167
decision_type=2 2 2 2 2 2 2 2 2 2 2 2 2 2
left_child=1 4 -2 -4 -1 11 8 -8 9 -7 -9 12 -6 -13
right_child=2 -3 3 -5 5 6 7 10 -10 -11 -12 13 -14 -15
leaf_value=-0.0250060950646755 -0.0244863541873305 -0.40185626788837159 0.057797078432696963 0.20281268228119351 -0.27410880163946055 -0.24095638314226889 0.48548332730791083 0.24693427733503859 0.36547570103188842 0.025010262784042187 -0.10370941991899528 0.26491122192660854 -0.030922814264843529 -0.011560913096816181
leaf_weight=4697 349 40 855 203 93 52 53 51 40 2282 50 43 148 1844
leaf_count=4697 349 40 855 203 93 52 53 51 40 2282 50 43 148 1844
internal_value=0.000125484 -0.00861428 0.058436 0.0857867 -0.00688972 0.0113876 0.036805 0.217855 0.0249736 0.018984 0.0740334 -0.0188105 -0.125511 -0.00512383
internal_weight=10800 9393 1407 1058 9353 4656 2528 154 2374 2334 101 2128 241 1887
internal_count=10800 9393 1407 1058 9353 4656 2528 154 2374 2334 101 2128 241 1887
is_linear=0
shrinkage=0.05


Tree=108
num_leaves=15
num_cat=0
split_feature=65 53 9 0 0 17 8 65 16 9 9 1 8 32
split_gain=1994.9 1013.58 1140.59 2087.08 969.839 1289.17 874.62 950.874 861.555 844.412 840.152 1063.67 1550.73 1019.78
threshold=192.97342250000005 -0.99892946161930163 232.32850950000002 204.79491400000003 260.90748600000006 1.5755710845560853 252.85511200000005 254.84713050000002 261.28771000000006 270.46035150000006 201.74848100000003 128.89744550000003 237.63502200000002 28.137500000000003
decision_type=2 2 2 2 2 2 2 2 2 2 2 2 2 2
left_child=10 -2 3 -3 6 -6 7 -4 -5 -7 11 -1 13 -13
right_child=1 2 4 8 5 9 -8 -9 -10 -11 -12 12 -14 -15
leaf_value=-0.017072469594012901 -0.15687426815138145 0.031630567141877466 -0.042182951743529505 0.37232155608634154 -0.21321571924808352 0.096515486561458752 -0.066980605200244181 0.079232590879767445 0.1548232789691992 0.0062282934375467221 -0.10911296181831794 0.039514503824110869 0.23159155829703992 -0.15353114210165941
leaf_weight=6706 67 511 296 59 43 694 448 352 204 413 222 613 96 76
leaf_count=6706 67 511 296 59 43 694 448 352 204 413 222 613 96 76
internal_value=0.00012169 0.0340827 0.0383696 0.0906747 0.0203123 0.0523678 -0.0133396 0.0237916 0.204841 0.0628671 -0.0134733 -0.0106248 0.0444076 0.018029
internal_weight=10800 3087 3020 774 2246 1150 1096 648 263 1107 7713 7491 785 689
internal_count=10800 3087 3020 774 2246 1150 1096 648 263 1107 7713 7491 785 689
is_linear=0
shrinkage=0.05


Tree=109
num_leaves=15
num_cat=0
split_feature=1 9 26 12 30 54 16 51 41 0 41 65 14 46
split_gain=1848.84 1132.36 1026.21 1099.52 894.703 2041.08 1358.67 753.195 1363.65 749.899 733.54 979.362 557.912 596.836
threshold=198.88739500000003 169.62799400000003 20.912500000000005 232.39856250000003 27.362500000000004 0.6078576107927941 303.53637200000009 2.5000000000000004 62.125000000000007 204.79491400000003 83.375000000000014 241.68896250000003 274.62240629166678 54.364583333333336
decision_type=2 2 2 2 2 2 2 2 2 2 2 2 2 2
left_child=-1 -2 -3 9 6 -6 7 10 -9 -4 12 -12 13 -5
right_child=1 2 3 4 5 -7 -8 8 -10 -11 11 -13 -14 -15
leaf_value=-0.012411622317985295 0.27514292748916586 -0.086075588643257872 0.035636992827810424 0.13490618775863578 0.072299500663989588 -0.38924925461774923 0.3003230041943174 -0.22730049803489594 0.066269069635504982 0.21748754478552762 -0.2798196304808645 -0.018095672276825455 -0.1497120479742686 0.0099818657297836618
leaf_weight=7902 47 177 98 108 57 40 46 40 1153 135 50 120 47 780
leaf_count=7902 47 177 98 108 57 40 46 40 1153 135 50 120 47 780
internal_value=0.000116776 0.0342706 0.0302046 0.0379308 0.0279929 -0.12006 0.0341682 0.0287122 0.0562439 0.14148 -0.00103612 -0.0962595 0.0163616 0.02531
internal_weight=10800 2898 2851 2674 2441 97 2344 2298 1193 233 1105 170 935 888
internal_count=10800 2898 2851 2674 2441 97 2344 2298 1193 233 1105 170 935 888
is_linear=0
shrinkage=0.05


Tree=110
num_leaves=15
num_cat=0
split_feature=65 9 53 65 48 48 8 48 22 46 13 33 51 9
split_gain=1726.3 2261.1 1129.78 1001.73 1321.25 3088.94 1489.31 1407.63 1312.54 1624.36 1314.59 1163.64 1087.08 1227.83
threshold=258.63541800000007 285.86399050000006 -0.84874750804349197 24.000000000000004 6.3750000000000009 6.6250000000000009 24.000000000000004 16.625000000000004 137.35020099479172 88.322916666666671 23.268834759580574 20.046875000000004 2.5000000000000004 123.66876400000001
decision_type=2 2 2 2 2 2 2 2 2 2 2 2 2 2
left_child=1 3 -2 -1 11 -6 7 -7 12 10 -10 -5 13 -8
right_child=2 -3 -4 4 5 6 8 -9 9 -11 -12 -13 -14 -15
leaf_value=-0.022292404140120951 0.094659339229142353 -0.3781287514581913 0.004993400817159219 0.020494724029586429 -0.29725636549112278 0.17798710773481177 -0.0033497532791157895 0.015025784380748622 0.069710904690986203 0.35430308736679034 -0.043659915421632479 0.39772817583345788 0.010197530032924167 -0.10498823746736362
leaf_weight=4697 733 40 674 41 81 247 604 285 813 40 372 40 1549 584
leaf_count=4697 733 40 674 41 81 247 604 285 813 40 372 40 1549 584
internal_value=0.000110703 -0.00762772 0.0517404 -0.00600294 0.0104312 0.0068642 0.0124106 0.0908784 0.001854 0.0448499 0.0341143 0.209361 -0.017399 -0.0533597
internal_weight=10800 9393 1407 9353 4656 4575 4494 532 3962 1225 1185 81 2737 1188
internal_count=10800 9393 1407 9353 4656 4575 4494 532 3962 1225 1185 81 2737 1188
is_linear=0
shrinkage=0.05


Tree=111
num_leaves=15
num_cat=0
split_feature=65 9 21 3 32 15 47 32 8 5 65 36 47 51
split_gain=1558.12 2046 1051.47 1165.87 936.983 1276.78 916.884 1211.01 770.738 771.459 832.223 1512.33 1958.48 1288.65
threshold=258.63541800000007 285.86399050000006 25.424376487933504 286.66023200000001 29.637500000000003 216.91513 76.727864583333357 27.237500000000004 282.85540250000008 299.02505250000007 24.000000000000004 25.986979166666668 65.013020833333357 2.5000000000000004
decision_type=2 2 2 2 2 2 2 2 2 2 2 2 2 2
left_child=1 4 6 -4 8 -6 7 -2 9 10 -1 13 -13 -12
right_child=2 -3 3 -5 5 -7 -8 -9 -10 -11 11 12 -14 -15
leaf_value=-0.021152897499877837 0.20854414657727391 -0.35968345185605494 0.06310243403444396 0.3291507504707159 -0.009043532201630922 0.19530992799611002 -0.10748793056686999 -0.056202560738445477 -0.21739221612753515 -0.20152746316264658 -0.029894971683941091 0.040866083893463141 0.40385933416309183 0.026818158672081843
leaf_weight=4654 73 40 1016 42 176 134 173 103 43 50 1712 120 53 2411
leaf_count=4654 73 40 1016 42 176 134 173 103 43 50 1712 120 53 2411
internal_value=0.000106535 -0.00724529 0.0491569 0.0739647 -0.00569973 0.0796339 -0.0260449 0.054165 -0.0086335 -0.00761206 -0.00650634 0.009362 0.153754 0.00326753
internal_weight=10800 9393 1407 1058 9353 310 349 176 9043 9000 8950 4296 173 4123
internal_count=10800 9393 1407 1058 9353 310 349 176 9043 9000 8950 4296 173 4123
is_linear=0
shrinkage=0.05


Tree=112
num_leaves=15
num_cat=0
split_feature=0 9 15 53 65 9 22 25 18 21 13 13 61 65
split_gain=1438.19 1443.43 1934.27 823.005 1188.93 709.183 705.465 767.721 1159.99 715.792 807.489 651.177 1291.8 987.612
threshold=207.47661800000003 221.97237050000004 206.75052800000003 -0.9733555533461492 225.72088050000005 221.97237050000004 117.86824984895834 115.07125642071684 269.03160637500008 94.652199327569591 1.7495715532852629 1.6473945741295528 -0.98611507088852035 147.92368350000001
decision_type=2 2 2 2 2 2 2 2 2 2 2 2 2 2
left_child=5 2 -2 4 -3 11 -5 8 9 -8 -11 13 -13 -1
right_child=1 3 -4 6 -6 -7 7 -9 -10 10 -12 12 -14 -15
leaf_value=-0.014289752421309317 0.3957601624940123 -0.016802585401010137 0.075042488949877972 0.085081646916525519 -0.29629364204795466 -0.12949711270327491 -0.0052599192887163981 -0.17974663798511029 0.24275399439835121 0.013762651436856231 0.18805957469451537 0.27640400470598886 0.0087103134480739763 -0.1521550503135764
leaf_weight=5606 55 221 298 431 45 122 1237 49 55 166 110 45 2228 132
leaf_count=5606 55 221 298 431 45 122 1237 49 55 166 110 45 2228 132
internal_value=0.000102436 0.031958 0.125989 0.0175653 -0.0650175 -0.0103464 0.0283179 0.0131447 0.0192832 0.0110048 0.083657 -0.0085159 0.0141292 -0.0174872
internal_weight=10800 2667 353 2314 266 8133 2048 1617 1568 1513 276 8011 2273 5738
internal_count=10800 2667 353 2314 266 8133 2048 1617 1568 1513 276 8011 2273 5738
is_linear=0
shrinkage=0.05


Tree=113
num_leaves=15
num_cat=0
split_feature=65 9 53 3 32 15 1 8 65 48 48 48 51 26
split_gain=1341.38 1813.2 948.896 936.942 812.938 1118.81 716.792 634.772 696.95 1220.75 2758.81 1336.73 1105.99 1380.09
threshold=258.63541800000007 285.86399050000006 -0.84874750804349197 272.06304300000005 29.637500000000003 216.91513 284.82648600000005 282.85540250000008 24.000000000000004 6.3750000000000009 6.6250000000000009 6.8750000000000009 2.5000000000000004 18.112500000000004
decision_type=2 2 2 2 2 2 2 2 2 2 2 2 2 2
left_child=1 4 3 -2 6 -6 7 8 -1 -10 -11 -12 -13 -14
right_child=2 -3 -4 -5 5 -7 -8 -9 9 10 11 12 13 -15
leaf_value=-0.019467859118276556 0.064111714985187127 -0.33850369104524941 0.0027718051763734337 0.23913258244979316 -0.0087908650238045869 0.1825016617650787 -0.20275603851422352 -0.19863153602494751 0.19952147853129157 -0.28245384073021212 0.21029001886888252 -0.023392893397401072 -0.089558058312137478 0.041888405685097156
leaf_weight=4654 647 40 674 86 176 134 46 42 81 81 81 1763 220 2075
leaf_count=4654 647 40 674 86 176 134 46 42 81 81 81 1763 220 2075
internal_value=9.95902e-05 -0.00672176 0.0456107 0.084944 -0.00526679 0.0742178 -0.00799948 -0.0069813 -0.00606036 0.00844869 0.00473478 0.0104219 0.00638161 0.0292544
internal_weight=10800 9393 1407 733 9353 310 9043 8997 8955 4301 4220 4139 4058 2295
internal_count=10800 9393 1407 733 9353 310 9043 8997 8955 4301 4220 4139 4058 2295
is_linear=0
shrinkage=0.05


Tree=114
num_leaves=15
num_cat=0
split_feature=65 43 33 46 9 1 9 10 65 65 32 36 36 21
split_gain=1226.11 934.862 1076.32 835.408 829.954 836.221 1124.42 1554.71 1228.84 920.477 916.536 1279.57 915.861 977.734
threshold=192.97342250000005 78.125000000000014 21.040625000000006 89.864583333333357 201.74848100000003 149.17291750000001 113.77359350000002 128.74909037500001 106.36441800000001 87.394937500000012 21.762500000000003 20.678385416666668 22.816927083333336 1.0332964104389293e-05
decision_type=2 2 2 2 2 2 2 2 2 2 2 2 2 2
left_child=4 2 -2 -3 5 6 7 8 -1 -9 -8 -12 -10 -14
right_child=1 3 -4 -5 -6 -7 10 9 12 -11 11 -13 13 -15
leaf_value=-0.014168343766874238 -0.082308170295260483 0.066096205566952781 0.024481764789016855 0.29513027120468233 -0.10562084672467223 0.0553454171373488 -0.011047835340595818 0.030806873964944054 0.0032662430980738692 0.31693629019990049 -0.39440916936572007 -0.095553858539504877 0.37891859925070476 0.094825296911680818
leaf_weight=5962 263 561 2221 42 222 490 291 55 153 57 40 295 42 106
leaf_count=5962 263 561 2221 42 222 490 291 55 153 57 40 295 42 106
internal_value=9.35767e-05 0.0267182 0.0131465 0.082511 -0.0105646 -0.0077338 -0.012156 -0.00587132 -0.00918631 0.177942 -0.0760458 -0.132306 0.0892146 0.177448
internal_weight=10800 3087 2484 603 7713 7491 7001 6375 6263 112 626 335 301 148
internal_count=10800 3087 2484 603 7713 7491 7001 6375 6263 112 626 335 301 148
is_linear=0
shrinkage=0.05


Tree=115
num_leaves=15
num_cat=0
split_feature=65 9 21 20 47 32 32 15 40 12 64 13 17 9
split_gain=1149.87 1654.76 881.981 1041.49 814.84 1098.58 719.342 1010.3 683.835 1082.2 610.163 609.979 566.616 896.41
threshold=258.63541800000007 285.86399050000006 25.424376487933504 274.29007000000007 76.727864583333357 27.237500000000004 29.637500000000003 216.91513 45.375000000000007 286.52537350000006 249.76574550000001 2.1891571538402661 68.59179836405535 225.72088050000005
decision_type=2 2 2 2 2 2 2 2 2 2 2 2 2 2
left_child=1 6 4 10 5 -2 8 -8 -1 12 -4 -6 -10 -14
right_child=2 -3 3 -5 11 -7 7 -9 9 -11 -12 -13 13 -15
leaf_value=0.0885367302940442 0.19602837329982103 -0.32317883056111452 0.099805314333184555 0.16649435461822937 -0.050182489316938521 -0.056116942094656855 -0.0089424993253528744 0.1728335906078832 -0.010103274632654593 -0.24133490309119227 0.010516878531042252 -0.26951595818003021 0.18808375247456927 -0.014494698444196513
leaf_weight=181 73 40 288 203 132 103 176 134 8590 49 567 41 93 130
leaf_count=181 73 40 288 203 132 103 176 134 8590 49 567 41 93 130
internal_value=9.15029e-05 -0.00622417 0.0422288 0.0649501 -0.02664 0.0489827 -0.00483424 0.0699348 -0.00740482 -0.00937413 0.0406744 -0.103413 -0.0080572 0.0704512
internal_weight=10800 9393 1407 1058 349 176 9353 310 9043 8862 855 173 8813 223
internal_count=10800 9393 1407 1058 349 176 9353 310 9043 8862 855 173 8813 223
is_linear=0
shrinkage=0.05


Tree=116
num_leaves=15
num_cat=0
split_feature=1 9 26 32 53 22 3 29 9 9 65 12 0 0
split_gain=1056.74 992.786 820.044 913.273 743.387 707.524 1195.49 820.949 810.555 663.386 1820.87 1625.49 1101.48 1100.62
threshold=198.88739500000003 169.62799400000003 20.987500000000004 24.437500000000004 -0.99892946161930163 153.79876114583337 289.58042400000005 29.762500000000003 239.33377250000004 146.08976850000002 128.36177500000005 149.900586 163.56473950000003 70.579213000000024
decision_type=2 2 2 2 2 2 2 2 2 2 2 2 2 2
left_child=9 -2 -3 -4 -5 6 7 8 -6 10 -1 13 -11 -12
right_child=1 2 3 4 5 -7 -8 -9 -10 12 11 -13 -14 -15
leaf_value=-0.010680297048272044 0.2514326206408441 -0.078557469490816989 0.066850029029744448 -0.17263497393578292 0.087542946301800248 -0.19236390483452054 0.20633675338700416 -0.18923761377147599 -0.0045201614434006296 -0.15358932789479671 -0.15848367201126945 0.36951898248980242 -0.018215840124552404 0.097400568239390861
leaf_weight=6720 47 188 1004 55 302 40 79 50 1133 201 48 48 588 297
leaf_count=6720 47 188 1004 55 302 40 79 50 1133 201 48 48 588 297
internal_value=8.66888e-05 0.0259078 0.0221031 0.0292362 0.00644638 0.0126907 0.0180546 0.00790614 0.0149023 -0.00938509 -0.00455667 0.099914 -0.0528534 0.0614441
internal_weight=10800 2898 2851 2663 1659 1604 1564 1485 1435 7902 7113 393 789 345
internal_count=10800 2898 2851 2663 1659 1604 1564 1485 1435 7902 7113 393 789 345
is_linear=0
shrinkage=0.05


Tree=117
num_leaves=15
num_cat=0
split_feature=65 9 61 20 32 15 5 8 64 40 35 53 61 65
split_gain=990.619 1494.5 821.721 984.564 634.797 907.118 664.981 630.829 591.915 586.904 528.549 623.835 1571.32 1814.84
threshold=258.63541800000007 285.86399050000006 -0.91037613702198728 274.29007000000007 29.637500000000003 216.91513 299.02505250000007 282.85540250000008 250.42878000000005 45.375000000000007 16.320833333333336 -0.16280825711808986 -0.29012925520284105 79.608916500000007
decision_type=2 2 2 2 2 2 2 2 2 2 2 2 2 2
left_child=1 4 3 8 6 -6 7 9 -2 -1 -11 -12 13 -13
right_child=2 -3 -4 -5 5 -7 -8 -9 -10 10 11 12 -14 -15
leaf_value=0.084199599929936031 0.14566128317374682 -0.30699432673977645 0.011142654819556362 0.25686977380200438 -0.0089589353082543729 0.16328275732972006 -0.18691191103528529 -0.19471049200404775 0.019054712326468048 -0.13233910569898696 0.013003164590628986 -0.04312487949218069 -0.011535634429366538 -0.46070763197328363
leaf_weight=180 137 40 915 75 176 134 50 43 280 82 2975 69 5603 41
leaf_count=180 137 40 915 75 176 134 50 43 280 82 2975 69 5603 41
internal_value=8.28212e-05 -0.00577921 0.0391935 0.0912327 -0.00445832 0.0657796 -0.00687312 -0.00585146 0.0608986 -0.00492244 -0.00676102 -0.00556068 -0.0152282 -0.201518
internal_weight=10800 9393 1407 492 9353 310 9043 8993 417 8950 8770 8688 5713 110
internal_count=10800 9393 1407 492 9353 310 9043 8993 417 8950 8770 8688 5713 110
is_linear=0
shrinkage=0.05


Tree=118
num_leaves=15
num_cat=0
split_feature=65 9 21 3 4 47 15 32 32 15 1 46 33 8
split_gain=894.918 1352.26 755.971 899.197 737.718 820.438 661.83 578.112 573.402 821.628 606.944 530.293 516.934 527.508
threshold=258.63541800000007 285.86399050000006 25.424376487933504 263.35991450000006 272.38507200000004 76.425781250000014 222.56220000000005 27.237500000000004 29.637500000000003 218.84893750000001 284.82648600000005 52.114583333333336 30.640625000000004 282.85540250000008
decision_type=2 2 2 2 2 2 2 2 2 2 2 2 2 2
left_child=1 8 4 -4 5 7 -5 -2 10 -10 12 -11 13 -1
right_child=2 -3 3 6 -6 -7 -8 -9 9 11 -12 -13 -14 -15
leaf_value=-0.0055939672623243732 0.19917478646067055 -0.29201900209868098 0.032626844259829806 0.094845406472419652 -0.19646119993455985 -0.075756348986420544 0.28634942680597308 -0.0018672551511775091 -0.006325054506433535 0.05643494370195902 -0.18574723075044919 0.25951905719935897 0.16735207469657409 -0.18321215723242079
leaf_weight=8914 65 40 809 190 53 153 59 78 181 65 46 64 42 41
leaf_count=8914 65 40 809 190 53 153 59 78 181 65 46 64 42 41
internal_value=7.56614e-05 -0.00549602 0.0372492 0.0582853 -0.0265067 0.00448332 0.141186 0.090264 -0.00423956 0.0625154 -0.00653462 0.158411 -0.0055978 -0.00642755
internal_weight=10800 9393 1407 1058 349 296 249 143 9353 310 9043 129 8997 8955
internal_count=10800 9393 1407 1058 349 296 249 143 9353 310 9043 129 8997 8955
is_linear=0
shrinkage=0.05


Tree=119
num_leaves=15
num_cat=0
split_feature=65 22 51 22 20 26 33 55 43 32 3 26 20 45
split_gain=856.573 1179.07 1115.97 1346.64 1966.07 1254.48 1066.65 870.709 841.157 809.195 761.583 712.985 1022.79 850.531
threshold=24.000000000000004 23.700781744791673 2.5000000000000004 146.95078990625004 261.28771000000006 21.487500000000004 19.065625000000004 1.0000000180025095e-35 68.125000000000014 27.812500000000004 277.80985600000002 28.362500000000004 284.15934500000009 56.197916666666679
decision_type=2 2 2 2 2 2 2 2 2 2 2 2 2 2
left_child=-1 -2 5 6 -5 7 -4 8 -3 -8 -11 12 -7 -13
right_child=1 2 3 4 -6 11 9 -9 -10 10 -12 13 -14 -15
leaf_value=-0.015976544442238099 0.25671127353395734 -0.3387450335157472 -0.045330430067216529 0.45351525213230737 0.069659892950497612 -0.0017537767960393231 0.04530115180796751 0.036853667702525857 -0.10012649947395483 -0.078190276286847216 0.14792064489288764 0.012149098562543516 -0.13081513985815132 0.14961084972853494
leaf_weight=4697 48 42 486 43 140 1675 2285 99 277 243 43 398 168 156
leaf_count=4697 48 42 486 43 140 1675 2285 99 277 243 43 398 168 156
internal_value=7.25697e-05 0.0124249 0.0104463 0.0304503 0.16183 -0.0125804 0.0225352 -0.0924006 -0.132504 0.0353766 -0.0437976 0.00137169 -0.013583 0.0510566
internal_weight=10800 6103 6055 3240 183 2815 3057 418 319 2571 286 2397 1843 554
internal_count=10800 6103 6055 3240 183 2815 3057 418 319 2571 286 2397 1843 554
is_linear=0
shrinkage=0.05


Tree=120
num_leaves=15
num_cat=0
split_feature=53 61 65 8 17 65 21 65 26 65 46 15 19 61
split_gain=774.405 1457.62 1569.41 1183.56 892.4 970.791 4109.34 1305.96 1072.93 1990.32 963.27 961.334 934.754 862.052
threshold=-0.16280825711808986 -0.29012925520284105 79.608916500000007 24.000000000000004 19.333335973937228 229.58777250000003 23.982376234201517 215.25594400000003 19.812500000000004 90.634957500000013 90.677083333333357 217.18543900000003 199.94320350000004 -0.19509032201612839
decision_type=2 2 2 2 2 2 2 2 2 2 2 2 2 2
left_child=3 2 -2 -1 5 7 -7 8 9 -5 11 12 -6 -3
right_child=1 13 -4 4 10 6 -8 -9 -10 -11 -12 -13 -14 -15
leaf_value=0.090685156755381191 -0.041353269162732111 0.12761753756806191 -0.42310777948322625 0.0030754331790376456 0.020316383475730629 -0.012635359832902116 -0.49818904359514521 0.1652211792394519 -0.0016247654490976699 -0.36107895854980715 0.20297232544099963 0.13208821796592368 -0.10066792733187593 -0.011238087103434727
leaf_weight=465 70 113 43 95 2225 226 53 104 1187 61 73 177 171 5737
leaf_count=465 70 113 43 95 2225 226 53 104 1187 61 73 177 171 5737
internal_value=7.10739e-05 -0.0119867 -0.18906 0.0149351 0.00685958 -0.0211025 -0.106323 -0.00460888 -0.0178734 -0.140711 0.0251005 0.0199771 0.0116435 -0.00853457
internal_weight=10800 5963 113 4837 4372 1726 279 1447 1343 156 2646 2573 2396 5850
internal_count=10800 5963 113 4837 4372 1726 279 1447 1343 156 2646 2573 2396 5850
is_linear=0
shrinkage=0.05


Tree=121
num_leaves=15
num_cat=0
split_feature=65 9 61 20 64 32 6 5 40 28 47 37 0 28
split_gain=735.682 1174.7 681.222 817.464 538.646 494.276 756.063 561.331 527.204 637.904 984.912 1496.31 696.379 586.039
threshold=258.63541800000007 285.86399050000006 -0.91037613702198728 274.29007000000007 250.42878000000005 29.637500000000003 255.57108200000002 299.02505250000007 45.375000000000007 27.937500000000004 71.519531250000014 60.875000000000007 263.81563600000004 29.737500000000004
decision_type=2 2 2 2 2 2 2 2 2 2 2 2 2 2
left_child=1 5 3 4 -2 7 -7 8 -1 12 13 -12 -10 -11
right_child=2 -3 -4 -5 -6 6 -8 -9 9 10 11 -13 -14 -15
leaf_value=0.079226197460397663 0.13437032516019931 -0.27203724965816595 0.0082306154067391703 0.23207023590680606 0.01361774886126408 -0.0061438125793531698 0.15262733565676692 -0.17136048897370404 -0.0062295319835933899 -0.036841698417413062 -0.050365527665399645 -0.32263681609949024 0.078492503489670351 0.15619514929977329
leaf_weight=181 137 40 915 75 280 185 125 50 8135 137 165 72 249 54
leaf_count=181 137 40 915 75 280 185 125 50 8135 137 165 72 249 54
internal_value=6.42433e-05 -0.00498748 0.0337687 0.0811502 0.053516 -0.00381643 0.0581617 -0.00594727 -0.00500865 -0.00674764 -0.0662158 -0.134089 -0.00370428 0.0182634
internal_weight=10800 9393 1407 492 417 9353 310 9043 8993 8812 428 237 8384 191
internal_count=10800 9393 1407 492 417 9353 310 9043 8993 8812 428 237 8384 191
is_linear=0
shrinkage=0.05


Tree=122
num_leaves=15
num_cat=0
split_feature=65 22 51 24 39 24 33 26 36 46 6 43 22 26
split_gain=699.638 1080.34 990.879 1193.82 2257.46 1249.51 1151.43 1103.6 879.296 811.11 758.516 690.307 671.258 616.738
threshold=24.000000000000004 23.700781744791673 2.5000000000000004 294.325579 87.375000000000014 288.22990800000008 19.065625000000004 21.487500000000004 25.519140625000002 79.635416666666671 62.684561500000008 56.625000000000007 77.338464890625005 28.987500000000004
decision_type=2 2 2 2 2 2 2 2 2 2 2 2 2 2
left_child=-1 -2 7 5 -5 6 12 9 11 10 -3 -8 -4 -9
right_child=1 2 3 4 -6 -7 8 13 -10 -11 -12 -13 -14 -15
leaf_value=-0.014443613760186803 0.24505971858696063 -0.31284181846274162 0.054087949042983412 0.061451487830948663 0.47702649388371443 -0.12670561947211947 -0.033095669404099713 -0.01159551591796573 0.25564877894072929 -0.023753960080186678 -0.095679587684571743 0.047521765318103856 -0.078313301892361561 0.052908994358156984
leaf_weight=4697 48 58 130 163 40 137 304 1940 46 229 131 2064 356 457
leaf_count=4697 48 58 130 163 40 137 304 1940 46 229 131 2064 356 457
internal_value=6.09809e-05 0.0112246 0.00933072 0.0281802 0.145275 0.0203081 0.0272945 -0.012367 0.0414301 -0.0872334 -0.163618 0.0371626 -0.042859 0.000719526
internal_weight=10800 6103 6055 3240 203 3037 2900 2815 2414 418 189 2368 486 2397
internal_count=10800 6103 6055 3240 203 3037 2900 2815 2414 418 189 2368 486 2397
is_linear=0
shrinkage=0.05


Tree=123
num_leaves=15
num_cat=0
split_feature=13 48 35 47 26 26 28 31 40 30 37 17 61 12
split_gain=657.061 1265.83 1176.92 1078.46 1023.45 922.674 1003.2 892.861 822.055 817.501 955.589 763.297 679.984 566.778
threshold=1.3724561396087973 11.625000000000002 23.850000000000005 75.628906250000014 22.487500000000004 29.475000000000005 29.887500000000003 22.812500000000004 47.375000000000007 26.312500000000004 52.125000000000007 16.913660691055775 -0.99892946161930163 285.17474500000009
decision_type=2 2 2 2 2 2 2 2 2 2 2 2 2 2
left_child=12 2 3 4 -2 6 8 -5 -3 10 -7 -11 -1 -10
right_child=1 5 -4 7 -6 9 -8 -9 13 11 -12 -13 -14 -15
leaf_value=-0.17478432583232081 -0.087859406630230841 0.12606007425114513 0.30355244330737907 0.071255770165765897 0.048585192381129794 0.04395258263763735 -0.21122450326238909 0.29664784155221302 -0.010447590438625727 -0.20385374958377059 0.26545848381661236 0.099626328435260814 -0.0083972233961848025 -0.19357625370801881
leaf_weight=61 227 109 45 709 345 117 61 46 2444 40 83 41 6430 42
leaf_count=61 227 109 45 709 345 117 61 46 2444 40 83 41 6430 42
internal_value=6.02341e-05 0.0151948 0.0548259 0.0461691 -0.00562211 -0.00333092 -0.0124567 0.0853625 -0.00770475 0.0826639 0.136741 -0.0508988 -0.00998755 -0.0136181
internal_weight=10800 4309 1372 1327 572 2937 2656 755 2595 281 200 81 6491 2486
internal_count=10800 4309 1372 1327 572 2937 2656 755 2595 281 200 81 6491 2486
is_linear=0
shrinkage=0.05


Tree=124
num_leaves=15
num_cat=0
split_feature=65 9 53 64 15 16 29 49 36 42 25 47 47 9
split_gain=613.588 1049.02 626.074 638.281 758.041 734.736 481.572 509.462 1186.87 609.975 1216.1 1075.77 1399.36 867.705
threshold=258.63541800000007 285.86399050000006 -0.84874750804349197 252.85511200000005 205.14259650000002 261.28771000000006 16.025000000000002 1.5000000000000002 26.159505208333339 83.375000000000014 104.14334355566672 76.657552083333357 78.904947916666671 121.97390900000001
decision_type=2 2 2 2 2 2 2 2 2 2 2 2 2 2
left_child=1 6 3 4 -2 -5 -1 8 -8 13 -11 -12 -13 -9
right_child=2 -3 -4 5 -6 -7 7 9 -10 10 11 12 -14 -15
leaf_value=-0.12053610292830685 0.075967511843848159 -0.25691541793142875 -0.0039482034297177093 -0.067582146404641316 0.27395241981515522 0.068440148512482188 0.012305827517465479 -0.007979836466158895 0.2609170733057723 -0.0035311130314168134 0.010540474963860598 0.30146121305747414 -0.0039556933787919706 -0.060155162757014449
leaf_weight=86 194 40 674 140 64 335 2379 4053 48 1475 158 105 58 991
leaf_count=86 194 40 674 140 64 335 2379 4053 48 1475 158 105 58 991
internal_value=5.89123e-05 -0.00455461 0.0308397 0.0627893 0.125948 0.0282916 -0.00344799 -0.0023485 0.0173282 -0.00933177 0.0156848 0.103719 0.193424 -0.0182407
internal_weight=10800 9393 1407 733 258 475 9353 9267 2427 6840 1796 321 163 5044
internal_count=10800 9393 1407 733 258 475 9353 9267 2427 6840 1796 321 163 5044
is_linear=0
shrinkage=0.05


Tree=125
num_leaves=15
num_cat=0
split_feature=65 22 51 33 45 26 55 35 43 31 22 24 65 36
split_gain=579.86 976.298 841.933 1012.51 978.359 968.453 862.608 782.695 652.361 639.517 598.438 597.576 720.416 593.982
threshold=24.000000000000004 23.700781744791673 2.5000000000000004 19.065625000000004 91.947916666666671 21.762500000000003 1.0000000180025095e-35 28.557291666666671 66.375000000000014 26.487500000000004 77.338464890625005 266.21698650000002 95.869577000000007 20.032552083333336
decision_type=2 2 2 2 2 2 2 2 2 2 2 2 2 2
left_child=-1 -2 5 10 7 6 8 9 -3 -5 -4 -10 -13 -12
right_child=1 2 3 4 -6 -7 -8 -9 11 -11 13 12 -14 -15
leaf_value=-0.013146572859114115 0.2325109670432855 -0.29916670457238242 0.050858290257458472 0.034668741141108572 0.26375942801724767 0.0019941410702653357 0.038449811769856346 -0.13924029795452952 -0.032170366950947597 0.23377621422817066 -0.13564986615954716 -0.34478832452398978 -0.093228057488723079 -0.0064745326789248494
leaf_weight=4697 48 41 130 2605 46 2319 125 63 193 40 186 40 97 170
leaf_count=4697 48 41 130 2605 46 2319 125 63 193 40 186 40 97 170
internal_value=5.81837e-05 0.0102213 0.00842107 0.0257962 0.0375379 -0.0115794 -0.0749176 0.0335992 -0.113115 0.037767 -0.0406802 -0.0891653 -0.168643 -0.0741559
internal_weight=10800 6103 6055 3240 2754 2815 496 2708 371 2645 486 330 137 356
internal_count=10800 6103 6055 3240 2754 2815 496 2708 371 2645 486 330 137 356
is_linear=0
shrinkage=0.05


Tree=126
num_leaves=15
num_cat=0
split_feature=15 22 17 21 19 3 61 13 48 65 13 7 8 65
split_gain=550.664 736.682 638.096 588.596 529.739 501.955 476.286 947.983 939.199 931.188 1311.5 1022.3 603.235 1118.26
threshold=217.18543900000003 151.27462798958337 19.595518256219851 22.804569832130245 222.66369200000003 258.94589250000007 -0.68322629814330815 1.5557819095223928 11.875000000000002 231.31079250000002 20.305628337891779 66.72361100000002 130.66006100000001 87.394937500000012
decision_type=2 2 2 2 2 2 2 2 2 2 2 2 2 2
left_child=6 2 3 -2 5 -4 7 -1 9 10 -9 -11 13 -8
right_child=1 -3 4 -5 -6 -7 12 8 -10 11 -12 -13 -14 -15
leaf_value=-0.020379687607669086 0.083341072591292309 -0.14504682433371449 0.03727934671373203 -0.020478281547726823 -0.037936250120401388 0.21776082559381843 -0.013052962469856958 0.10276791886961156 -0.0071425780070046062 0.11135775466186044 0.40721638380754288 -0.020756314349928074 -0.040495121220393046 0.043070539886528564
leaf_weight=1090 233 50 57 327 41 121 4980 269 611 257 40 338 1307 1079
leaf_count=1090 233 50 57 327 41 121 4980 269 611 257 40 338 1307 1079
internal_value=5.43124e-05 0.0391846 0.0511803 0.0227895 0.123344 0.160497 -0.00320263 0.0151695 0.0407427 0.0730797 0.143365 0.0363992 -0.00970113 -0.00305291
internal_weight=10800 829 779 560 219 178 9971 2605 1515 904 309 595 7366 6059
internal_count=10800 829 779 560 219 178 9971 2605 1515 904 309 595 7366 6059
is_linear=0
shrinkage=0.05


Tree=127
num_leaves=15
num_cat=0
split_feature=65 9 61 20 64 29 57 36 53 9 31 32 9 37
split_gain=509.486 970.132 547.297 643.917 455.735 425.817 425.179 1139.73 527.537 805.085 863.354 732.974 580.447 1013.25
threshold=258.63541800000007 285.86399050000006 -0.91037613702198728 274.29007000000007 250.42878000000005 16.025000000000002 1.5000000000000002 26.159505208333339 0.25881904510252057 196.22379650000002 22.512500000000003 20.862500000000004 169.62799400000003 81.625000000000014
decision_type=2 2 2 2 2 2 2 2 2 2 2 2 2 2
left_child=1 5 3 4 -2 -1 7 8 9 10 12 -12 13 -7
right_child=2 -3 -4 -5 -6 6 -8 -9 -10 -11 11 -13 -14 -15
leaf_value=-0.11318660031618744 0.12042008166511853 -0.24683510770158068 0.0052153371256487913 0.20451190452042378 0.009363732129638664 0.35962120480835441 -0.0084306545375841084 0.2624424720911876 -0.011362388038145337 -0.0051211315724408509 -0.17171009564596529 0.055689931897638004 0.046410465132829412 0.11096129982491559
leaf_weight=86 137 40 915 75 280 53 6840 45 1243 586 52 106 165 177
leaf_count=86 137 40 915 75 280 53 6840 45 1243 586 52 106 165 177
internal_value=5.48257e-05 -0.00414915 0.0281032 0.0705722 0.0460507 -0.00308498 -0.00205111 0.0159244 0.0111591 0.0357253 0.0789404 -0.0197598 0.118371 0.16957
internal_weight=10800 9393 1407 492 417 9353 9267 2427 2382 1139 553 158 395 230
internal_count=10800 9393 1407 492 417 9353 9267 2427 2382 1139 553 158 395 230
is_linear=0
shrinkage=0.05


Tree=128
num_leaves=15
num_cat=0
split_feature=0 20 26 43 53 64 9 65 22 7 48 3 22 1
split_gain=499.801 496.782 452.054 1013.86 774.834 671.791 1089.62 615.53 1920.44 802.456 772.8 1036.28 763.466 626.818
threshold=302.79461750000002 322.54412650000006 20.987500000000004 70.875000000000014 -0.91037613702198728 201.85957300000004 171.80616150000003 24.000000000000004 28.658252109375002 194.63205700000003 19.125000000000004 163.30129150000002 142.71963096354168 24.000000000000004
decision_type=2 2 2 2 2 2 2 2 2 2 2 2 2 2
left_child=1 2 3 4 -1 -5 -7 -4 -9 10 13 -12 -11 -10
right_child=-2 -3 7 5 -6 6 -8 8 9 12 11 -13 -14 -15
leaf_value=-0.2539382064526064 0.17017998814929364 -0.17433780887868347 -0.012729639581558089 -0.013122650040196674 -0.057562270615540603 0.25382384454447127 0.00045646301947022214 0.32908253685894368 -0.092561458193790899 0.010668998671829836 0.024164829248665195 -0.14444971481481425 0.19350270710635087 0.019430137099826467
leaf_weight=68 42 40 2560 2951 188 62 130 48 128 110 182 181 118 3992
leaf_count=68 42 40 2560 2951 188 62 130 48 128 110 182 181 118 3992
internal_value=5.49452e-05 -0.000624991 3.95162e-05 -0.015026 -0.11051 -0.00721608 0.0831642 0.00703715 0.0176707 0.0144286 0.00976281 -0.0600761 0.105725 0.0159292
internal_weight=10800 10758 10718 3399 256 3143 192 7319 4759 4711 4483 363 228 4120
internal_count=10800 10758 10718 3399 256 3143 192 7319 4759 4711 4483 363 228 4120
is_linear=0
shrinkage=0.05


Tree=129
num_leaves=15
num_cat=0
split_feature=15 15 65 65 64 9 11 24 14 25 42 9 14 0
split_gain=465.642 672.076 865.121 647.045 511.421 526.472 708.422 455.134 796.582 656.09 526.706 484.61 413.038 547.506
threshold=217.18543900000003 264.92105900000007 229.58777250000003 250.58438100000004 217.26212850000005 237.73522350000002 261.42802450000005 281.72766850000005 270.22033016666677 102.6691844837945 80.375000000000014 270.46035150000006 255.93984062500002 266.52725100000004
decision_type=2 2 2 2 2 2 2 2 2 2 2 2 2 2
left_child=12 4 -3 -4 7 -6 -7 9 -9 11 -10 -2 13 -1
right_child=1 2 3 -5 5 6 -8 8 10 -11 -12 -13 -14 -15
leaf_value=-0.0037544645536956808 0.067360929771682912 0.072926650960475972 -0.29564306304551835 -0.034944716150110418 0.23108833006758622 -0.021631732146040753 0.16408082939154817 -0.17525537555867976 0.15565839585054805 0.17124985890543981 -0.066395407556644026 -0.13877664997496389 -0.066011918708313952 0.056056282849618257
leaf_weight=9321 80 77 42 54 68 103 101 65 53 91 52 43 252 398
leaf_count=9321 80 77 42 54 68 103 101 65 53 91 52 43 252 398
internal_value=5.33674e-05 0.0360363 -0.0514157 -0.150872 0.0591422 0.111471 0.0706661 0.0218826 -0.0390658 0.070256 0.0461 -0.00524143 -0.0029416 -0.00129966
internal_weight=10800 829 173 96 656 272 204 384 170 214 105 123 9971 9719
internal_count=10800 829 173 96 656 272 204 384 170 214 105 123 9971 9719
is_linear=0
shrinkage=0.05


Tree=130
num_leaves=15
num_cat=0
split_feature=0 20 13 48 10 9 12 26 47 47 26 28 40 61
split_gain=427.414 446.879 405.184 975.337 1076.81 1314.2 1595.87 911.615 799.447 707.004 658.226 861.799 694.706 625.23
threshold=302.79461750000002 322.54412650000006 1.3724561396087973 11.625000000000002 59.900954250000005 171.80616150000003 144.73887100000005 23.862500000000004 76.727864583333357 70.597656250000014 29.475000000000005 29.887500000000003 47.375000000000007 -0.99465189230620676
decision_type=2 2 2 2 2 2 2 2 2 2 2 2 2 2
left_child=1 2 13 4 9 6 8 -7 -6 -4 11 12 -5 -1
right_child=-2 -3 3 10 5 7 -8 -9 -10 -11 -12 -13 -14 -15
leaf_value=-0.10022389784382049 0.15737496798121653 -0.16533448552803659 -0.24415509069747313 0.11522427179088646 0.041579190178344098 -0.0086776292097385764 0.42685471725734803 0.10408163767624166 0.20328968433988473 -0.012351594520095249 0.072844984922168482 -0.20774988640438427 -0.013213229626371913 -0.0051993542982866139
leaf_weight=177 42 40 40 109 196 529 43 270 125 167 250 54 2456 6302
leaf_count=177 42 40 40 109 196 529 43 270 125 167 250 54 2456 6302
internal_value=5.1236e-05 -0.000577537 5.27092e-05 0.0120699 0.0467606 0.0654589 0.144075 0.0295087 0.104986 -0.058103 -0.00450606 -0.0119147 -0.00771248 -0.0078104
internal_weight=10800 10758 10718 4239 1370 1163 364 799 321 207 2869 2619 2565 6479
internal_count=10800 10758 10718 4239 1370 1163 364 799 321 207 2869 2619 2565 6479
is_linear=0
shrinkage=0.05


Tree=131
num_leaves=15
num_cat=0
split_feature=15 22 17 5 24 64 36 18 14 61 13 37 61 40
split_gain=408.695 680.13 465.101 573.098 795.694 577.006 518.929 437.502 395.31 413.166 800.948 766.693 558.879 558.935
threshold=216.91513 151.27462798958337 19.595518256219851 277.80985600000002 281.72766850000005 219.80874700000004 23.947526041666674 265.50410314583343 263.20607370833341 -0.68322629814330815 1.5557819095223928 47.875000000000007 -0.98611507088852035 93.875000000000014
decision_type=2 2 2 2 2 2 2 2 2 2 2 2 2 2
left_child=8 2 3 4 -2 -6 -4 -8 9 10 -1 -12 -13 -14
right_child=1 -3 6 -5 5 -7 7 -9 -10 -11 11 12 13 -15
leaf_value=-0.017483001810429184 0.050117109300067221 -0.14363656268984665 0.20759926086291669 0.16910737600049069 -0.18798772041509684 -0.007012786441905932 0.11002548615088557 -0.068676116604071399 -0.11563286507357058 -0.0079712942874486572 -0.12264212591307505 0.12559435239706476 0.027128728539401334 0.19026630169119349
leaf_weight=1080 324 50 79 57 73 109 100 51 76 7306 69 194 1178 54
leaf_count=1080 324 50 79 57 73 109 100 51 76 7306 69 194 1178 54
internal_value=5.03608e-05 0.033457 0.0447899 0.0202372 0.00316679 -0.0802322 0.104543 0.0496146 -0.00278105 -0.00190144 0.0153169 0.0390076 0.0469098 0.0344278
internal_weight=10800 843 793 563 506 182 230 151 9957 9881 2575 1495 1426 1232
internal_count=10800 843 793 563 506 182 230 151 9957 9881 2575 1495 1426 1232
is_linear=0
shrinkage=0.05


Tree=132
num_leaves=15
num_cat=0
split_feature=26 43 53 47 64 9 36 24 24 30 36 39 40 15
split_gain=382.361 911.448 829.404 700.918 595.06 781.993 509.834 1001.09 1093.08 539.774 533.59 435.156 434.295 600.087
threshold=20.987500000000004 69.625000000000014 -0.93540483100319605 69.815104166666671 194.63205700000003 171.80616150000003 21.872395833333339 279.17391850000007 255.41771600000001 19.087500000000002 19.066145833333337 69.875000000000014 80.625000000000014 73.362583000000015
decision_type=2 2 2 2 2 2 2 2 2 2 2 2 2 2
left_child=1 2 -1 -3 -5 -6 7 8 10 11 -2 -10 -12 -14
right_child=6 3 -4 4 5 -7 -8 -9 9 -11 12 -13 13 -15
leaf_value=-0.28877724629699014 0.14136508089460192 -0.15905060197755294 -0.058652983191443311 -0.0093256155692667715 0.19713883521147524 0.0015431169378779719 0.00067226729299044521 -0.20350875308116279 0.074367412434118554 0.074202034412940293 0.018348950513518505 0.28968612937877575 -0.0052522831079440087 -0.18318944075328641
leaf_weight=50 61 73 172 2889 82 133 6209 41 40 407 383 59 126 75
leaf_count=50 61 73 172 2889 82 133 6209 41 40 407 383 59 126 75
internal_value=4.88094e-05 -0.0138312 -0.111545 -0.00697026 -0.00334355 0.0767097 0.00642438 0.0363608 0.0450745 0.100009 0.00189039 0.204302 -0.0128948 -0.0722249
internal_weight=10800 3399 222 3177 3104 215 7401 1192 1151 506 645 99 584 201
internal_count=10800 3399 222 3177 3104 215 7401 1192 1151 506 645 99 584 201
is_linear=0
shrinkage=0.05


end of trees

feature_importances:
consumo_alvo_semana_anterior=291
temperatura_externa_c_atual=186
origem_hora=157
consumo_lag_15m=156
consumo_atual_kw=121
consumo_lag_10080m=92
temperatura_externa_c_media_1440m=90
origem_hora_cos=58
consumo_mean_1440m=46
consumo_std_180m=42
consumo_alvo_dia_anterior=42
origem_mes=34
consumo_max_180m=28
temperatura_externa_c_lag_720m=28
temperatura_externa_c_media_60m=27
consumo_max_1440m=26
consumo_lag_1440m=25
consumo_max_360m=25
consumo_max_60m=23
consumo_min_180m=23
consumo_std_360m=23
umidade_relativa_pct_media_1440m=23
alvo_hora_cos=21
umidade_relativa_pct_lag_180m=20
consumo_std_60m=18
temperatura_externa_c_lag_1440m=16
umidade_relativa_pct_media_360m=16
temperatura_externa_c_media_360m=15
consumo_lag_60m=14
consumo_mean_60m=14
consumo_mean_180m=13
umidade_relativa_pct_atual=13
consumo_std_1440m=11
consumo_mean_360m=10
umidade_relativa_pct_lag_1440m=10
temperatura_externa_c_media_180m=9
consumo_lag_720m=8
temperatura_externa_c_lag_360m=8
consumo_lag_120m=7
consumo_lag_180m=7
temperatura_externa_c_lag_60m=7
temperatura_externa_c_lag_180m=7
origem_dia_semana=7
umidade_relativa_pct_lag_720m=6
origem_semana_sin=6
consumo_min_360m=5
umidade_relativa_pct_lag_60m=5
umidade_relativa_pct_lag_360m=4
umidade_relativa_pct_media_180m=4
consumo_lag_360m=3
umidade_relativa_pct_media_60m=3
consumo_min_60m=2
temperatura_externa_c_lag_15m=2
origem_hora_sin=2
origem_semana_cos=2
alvo_dia_semana=1

parameters:
[boosting: gbdt]
[objective: regression]
[metric: l1]
[tree_learner: serial]
[device_type: cpu]
[data_sample_strategy: bagging]
[data: ]
[valid: ]
[num_iterations: 400]
[learning_rate: 0.05]
[num_leaves: 15]
[num_threads: 2]
[seed: 20260905]
[deterministic: 1]
[force_col_wise: 1]
[force_row_wise: 0]
[histogram_pool_size: -1]
[max_depth: -1]
[min_data_in_leaf: 40]
[min_sum_hessian_in_leaf: 0.001]
[bagging_fraction: 1]
[pos_bagging_fraction: 1]
[neg_bagging_fraction: 1]
[bagging_freq: 0]
[bagging_seed: 23218]
[bagging_by_query: 0]
[feature_fraction: 1]
[feature_fraction_bynode: 1]
[feature_fraction_seed: 28090]
[extra_trees: 0]
[extra_seed: 14360]
[early_stopping_round: 0]
[early_stopping_min_delta: 0]
[first_metric_only: 0]
[max_delta_step: 0]
[lambda_l1: 0]
[lambda_l2: 1]
[linear_lambda: 0]
[min_gain_to_split: 0]
[drop_rate: 0.1]
[max_drop: 50]
[skip_drop: 0.5]
[xgboost_dart_mode: 0]
[uniform_drop: 0]
[drop_seed: 16970]
[top_rate: 0.2]
[other_rate: 0.1]
[min_data_per_group: 100]
[max_cat_threshold: 32]
[cat_l2: 10]
[cat_smooth: 10]
[max_cat_to_onehot: 4]
[top_k: 20]
[monotone_constraints: ]
[monotone_constraints_method: basic]
[monotone_penalty: 0]
[feature_contri: ]
[forcedsplits_filename: ]
[refit_decay_rate: 0.9]
[cegb_tradeoff: 1]
[cegb_penalty_split: 0]
[cegb_penalty_feature_lazy: ]
[cegb_penalty_feature_coupled: ]
[path_smooth: 0]
[interaction_constraints: ]
[verbosity: -1]
[saved_feature_importance_type: 0]
[use_quantized_grad: 0]
[num_grad_quant_bins: 4]
[quant_train_renew_leaf: 0]
[stochastic_rounding: 1]
[linear_tree: 0]
[max_bin: 255]
[max_bin_by_feature: ]
[min_data_in_bin: 3]
[bin_construct_sample_cnt: 200000]
[data_random_seed: 5037]
[is_enable_sparse: 1]
[enable_bundle: 1]
[use_missing: 1]
[zero_as_missing: 0]
[feature_pre_filter: 1]
[pre_partition: 0]
[two_round: 0]
[header: 0]
[label_column: ]
[weight_column: ]
[group_column: ]
[ignore_column: ]
[categorical_feature: ]
[forcedbins_filename: ]
[precise_float_parser: 0]
[parser_config_file: ]
[objective_seed: 15411]
[num_class: 1]
[is_unbalance: 0]
[scale_pos_weight: 1]
[sigmoid: 1]
[boost_from_average: 1]
[reg_sqrt: 0]
[alpha: 0.9]
[fair_c: 1]
[poisson_max_delta_step: 0.7]
[tweedie_variance_power: 1.5]
[lambdarank_truncation_level: 30]
[lambdarank_norm: 1]
[label_gain: ]
[lambdarank_position_bias_regularization: 0]
[eval_at: ]
[multi_error_top_k: 1]
[auc_mu_weights: ]
[num_machines: 1]
[local_listen_port: 12400]
[time_out: 120]
[machine_list_filename: ]
[machines: ]
[gpu_platform_id: -1]
[gpu_device_id: -1]
[gpu_device_id_list: ]
[gpu_use_dp: 0]
[num_gpu: 1]

end of parameters

pandas_categorical:[]
