tree
version=v4
num_class=1
num_tree_per_iteration=1
label_index=0
max_feature_idx=65
objective=regression
feature_names=consumo_atual_kw consumo_lag_15m consumo_lag_30m consumo_lag_60m consumo_lag_120m consumo_lag_180m consumo_lag_360m consumo_lag_720m consumo_lag_1440m consumo_lag_10080m consumo_mean_60m consumo_min_60m consumo_max_60m consumo_std_60m consumo_mean_180m consumo_min_180m consumo_max_180m consumo_std_180m consumo_mean_360m consumo_min_360m consumo_max_360m consumo_std_360m consumo_mean_1440m consumo_min_1440m consumo_max_1440m consumo_std_1440m temperatura_externa_c_atual temperatura_externa_c_lag_15m temperatura_externa_c_lag_60m temperatura_externa_c_lag_180m temperatura_externa_c_lag_360m temperatura_externa_c_lag_720m temperatura_externa_c_lag_1440m temperatura_externa_c_media_60m temperatura_externa_c_media_180m temperatura_externa_c_media_360m temperatura_externa_c_media_1440m umidade_relativa_pct_atual umidade_relativa_pct_lag_15m umidade_relativa_pct_lag_60m umidade_relativa_pct_lag_180m umidade_relativa_pct_lag_360m umidade_relativa_pct_lag_720m umidade_relativa_pct_lag_1440m umidade_relativa_pct_media_60m umidade_relativa_pct_media_180m umidade_relativa_pct_media_360m umidade_relativa_pct_media_1440m origem_hora origem_dia_semana origem_fim_de_semana origem_mes origem_hora_sin origem_hora_cos origem_semana_sin origem_semana_cos alvo_hora alvo_dia_semana alvo_fim_de_semana alvo_mes alvo_hora_sin alvo_hora_cos alvo_semana_sin alvo_semana_cos consumo_alvo_dia_anterior consumo_alvo_semana_anterior
feature_infos=[22.399999999999999:324.71375799999998] [22.399999999999999:324.71375799999998] [22.399999999999999:324.71375799999998] [22.399999999999999:324.71375799999998] [22.399999999999999:324.71375799999998] [22.399999999999999:324.71375799999998] [22.399999999999999:324.71375799999998] [22.399999999999999:324.71375799999998] [22.399999999999999:324.71375799999998] [22.399999999999999:324.71375799999998] [22.399999999999999:321.24876725000001] [22.399999999999999:318.278571] [22.399999999999999:324.71375799999998] [0:82.540869055199337] [22.399999999999999:313.28577408333337] [22.399999999999999:302.53573799999998] [22.399999999999999:324.71375799999998] [0:92.970139865692389] [22.399999999999999:295.13563500000004] [22.399999999999999:249.29458700000001] [22.399999999999999:324.71375799999998] [0:116.53386463160022] [23.200000000000003:159.49963871874999] none [25.600000000000001:324.71375799999998] [1.3929144002343703:128.71471884334804] [15:33.700000000000003] [15:33.700000000000003] [15:33.700000000000003] [15:33.700000000000003] [15:33.700000000000003] [15:33.700000000000003] [15:33.700000000000003] [15:33.4375] [15:32.71875] [15.333333333333334:31.620833333333334] [16.439843749999998:27.283072916666669] [31:98] [31:98] [31:98] [31:98] [31:98] [31:98] [31:98] [32.5:95.625] [33.666666666666664:95.083333333333329] [37.041666666666664:94] [59.309895833333336:91.638020833333329] [0:23.75] [0:6] [0:1] [1:4] [-1:1] [-1:1] [-0.97492791218182362:0.97492791218182362] [-0.90096886790241903:1] [0:23.75] [0:6] [0:1] [1:4] [-1:1] [-1:1] [-0.97492791218182362:0.97492791218182362] [-0.90096886790241903:1] [22.399999999999999:324.71375799999998] [22.399999999999999:324.71375799999998]
tree_sizes=1388 1405 1406 1412 1416 1414 1410 1398 1410 1411 1409 1414 1406 1408 1415 1415 1409 1416 1406 1406 1418 1416 1405 1405 1419 1408 1412 1419 1415 1420 1430 1419 1421 1421 1411 1420 1416 1429 1423 1439 1430 1421 1444 1429 1434 1442 1430 1436 1430 1423 1437 1425 1429 1422 1426 1434 1437 1417 1438 1439 1439 1434 1433 1419 1430 1439 1410 1427 1433 1440 1425 1421 1428 1431 1431 1428 1435 1429 1442 1432 1440 1449 1432 1435 1424 1439 1429 1436 1440 1439 1421 1444 1427 1430 1439 1417 1432 1436 1432 1438 1435 1447 1418 1412 1436 1438 1437 1423 1431 1443 1434 1439 1436 1430 1418 1436 1435 1430 1428 1445 1430 1455 1437 1425

Tree=0
num_leaves=15
num_cat=0
split_feature=65 65 65 12 48 36 48 35 0 20 17 12 36 61
split_gain=8.94553e+07 9.60337e+06 3.3552e+06 355956 251285 222546 217894 235852 174328 86537 84690.9 62226 57357 55381.8
threshold=154.31620500000005 42.523274000000008 229.94297600000002 236.58261950000002 16.625000000000004 22.653776041666671 14.625000000000002 20.219270833333336 254.15196650000004 269.61846750000007 14.497234743019471 272.57805500000006 20.820312500000004 -0.68322629814330815
decision_type=2 2 2 2 2 2 2 2 2 2 2 2 2 2
left_child=1 -1 4 5 8 -3 7 -4 12 -9 -10 -5 -2 -7
right_child=2 3 6 11 -6 13 -8 9 10 -11 -12 -13 -14 -15
leaf_value=103.74888708178473 111.23235936683163 107.02997421531101 114.70952484660616 109.05108655714496 109.30606209241863 108.94680633158275 113.09598024918678 115.65939946543024 112.28579423411213 116.52722937842464 113.63898738145728 110.56830483416924 112.27764435611661 108.00793020481039
leaf_weight=5459 223 667 565 194 66 220 96 1143 204 548 355 105 412 543
leaf_count=5459 223 667 565 194 66 220 96 1143 204 548 355 105 412 543
internal_value=108.003 104.777 114.421 108.025 112.333 107.696 115.537 115.639 112.499 115.946 113.154 109.591 111.916 108.28
internal_weight=10800 7188 3612 1729 1260 1430 2352 2256 1194 1691 559 299 635 763
internal_count=10800 7188 3612 1729 1260 1430 2352 2256 1194 1691 559 299 635 763
is_linear=0
shrinkage=1


Tree=1
num_leaves=15
num_cat=0
split_feature=65 65 65 26 48 48 35 36 12 26 20 17 36 0
split_gain=8.07449e+07 8.66765e+06 3.02777e+06 325747 226745 196265 212819 162190 128738 95904.6 79878.8 72875.4 47504.2 46875
threshold=154.31620500000005 42.523274000000008 229.94297600000002 22.987500000000004 16.625000000000004 14.625000000000002 20.147395833333338 22.382291666666671 271.76304800000008 19.087500000000002 269.61846750000007 14.497234743019471 17.496875000000006 247.39528150000004
decision_type=2 2 2 2 2 2 2 2 2 2 2 2 2 2
left_child=1 -1 4 9 7 6 12 13 -5 -3 -8 -9 -4 -2
right_child=2 3 5 8 -6 -7 10 11 -10 -11 -12 -13 -14 -15
leaf_value=-4.0413806143261146 3.180855997452825 -1.3794336805311334 4.9992787009791329 0.55014793742691581 1.2389471057635637 4.8410222024032752 7.2692895670783209 4.253280137796871 2.4172562476691852 -0.26887185638583949 8.0988594492927941 5.3409188006786597 6.5576237215774471 4.2396728852835812
leaf_weight=5459 321 262 75 611 66 96 1160 365 108 748 548 328 473 180
leaf_count=5459 321 262 75 611 66 96 1160 365 108 748 548 328 473 180
internal_value=0.000213215 -3.0644 6.09805 0.0208066 4.11458 7.15842 7.25484 4.27237 0.833571 -0.558038 7.54003 4.77502 6.35384 3.56896
internal_weight=10800 7188 3612 1729 1260 2352 2256 1194 719 1010 1708 693 548 501
internal_count=10800 7188 3612 1729 1260 2352 2256 1194 719 1010 1708 693 548 501
is_linear=0
shrinkage=0.05


Tree=2
num_leaves=15
num_cat=0
split_feature=65 65 65 26 48 31 0 48 12 20 26 17 65 48
split_gain=7.28855e+07 7.68045e+06 2.84035e+06 283697 236696 184272 155722 149872 102560 95770.6 85001.5 70123.8 51493.9 58517.4
threshold=150.63429550000004 42.523274000000008 229.94297600000002 22.987500000000004 16.625000000000004 19.912500000000005 254.15196650000004 14.625000000000002 267.01345100000009 274.29007000000007 19.087500000000002 14.497234743019471 170.36247050000003 15.625000000000002
decision_type=2 2 2 2 2 2 2 2 2 2 2 2 2 2
left_child=1 -1 4 10 6 -4 12 9 -5 -7 -3 -8 -2 -14
right_child=2 3 5 8 -6 7 11 -9 -10 -11 -12 -13 13 -15
leaf_value=-3.8393488637344309 1.7808985318077935 -1.3136154700440306 5.8236121412255306 0.47630799699367748 1.1256899096463857 6.9357749302770983 3.8757559224178921 4.7472364836101297 2.0138319051087792 8.0176618996313067 -0.26492379016368778 5.0986482534515725 3.8299605993773995 2.406213495808263
leaf_weight=5459 44 261 434 575 75 1546 208 78 133 294 739 355 507 92
leaf_count=5459 44 261 434 575 75 1546 208 78 133 294 739 355 507 92
internal_value=0.000421326 -2.92395 5.76868 0.00233822 3.86914 6.80117 4.03868 7.01922 0.76757 7.1129 -0.539671 4.65452 3.49307 3.61566
internal_weight=10800 7167 3633 1708 1281 2352 1206 1918 708 1840 1000 563 643 599
internal_count=10800 7167 3633 1708 1281 2352 1206 1918 708 1840 1000 563 643 599
is_linear=0
shrinkage=0.05


Tree=3
num_leaves=15
num_cat=0
split_feature=65 65 65 10 48 36 31 36 48 20 17 61 12 26
split_gain=6.57911e+07 7.0593e+06 2.46504e+06 278240 184307 171048 166252 138565 134903 88904.3 58500.8 51735.8 44851.2 41624.7
threshold=154.31620500000005 42.523274000000008 229.94297600000002 219.75382662500002 16.625000000000004 22.431770833333335 19.912500000000005 22.382291666666671 14.625000000000002 269.61846750000007 14.497234743019471 -0.68322629814330815 272.57805500000006 21.212500000000002
decision_type=2 2 2 2 2 2 2 2 2 2 2 2 2 2
left_child=1 -1 4 5 7 -3 -4 13 9 -8 -9 -7 -5 -2
right_child=2 3 6 12 -6 11 8 10 -10 -11 -12 -13 -14 -15
leaf_value=-3.6474162984156346 2.7143213686904288 -0.88143335113597809 5.5331009283833126 0.93681886229737144 1.1224799013849516 0.86810133259625466 6.5125682122988398 3.8536293515742153 4.5128791640076455 7.356416950551564 4.8292180290338118 -0.035282986158996478 2.2153379062436662 3.6680717438575359
leaf_weight=5459 245 641 434 203 66 220 1314 365 78 526 328 560 105 256
leaf_count=5459 245 641 434 203 66 220 1314 365 78 526 328 560 105 256
internal_value=0.000588864 -2.76572 5.50488 0.0185626 3.7152 -0.27695 6.46166 3.85745 6.66877 6.75766 4.32167 0.220303 1.37844 3.208
internal_weight=10800 7188 3612 1729 1260 1421 2352 1194 1918 1840 693 780 308 501
internal_count=10800 7188 3612 1729 1260 1421 2352 1194 1918 1840 693 780 308 501
is_linear=0
shrinkage=0.05


Tree=4
num_leaves=15
num_cat=0
split_feature=65 65 65 12 48 36 36 48 36 16 24 53 61 0
split_gain=5.93885e+07 6.25461e+06 2.3118e+06 237334 192730 163008 152945 141021 133816 82590.8 53690.8 49731 42815.7 35756.2
threshold=150.63429550000004 42.523274000000008 229.94297600000002 234.49915500000003 16.625000000000004 22.653776041666671 20.920312500000001 14.625000000000002 23.231250000000006 278.64649100000008 250.71295650000005 -0.58216583101416131 -0.68322629814330815 274.61923400000006
decision_type=2 2 2 2 2 2 2 2 2 2 2 2 2 2
left_child=1 -1 4 5 8 -3 -4 9 10 -8 -2 -12 -7 -10
right_child=2 3 6 -5 -6 12 7 -9 13 -11 11 -13 -14 -15
leaf_value=-3.4650789438324532 2.3948203333445957 -0.84400826632271719 5.2070463942534877 1.2839370570626836 1.0182522569832049 0.81986705996413622 6.2859607828313662 4.2362449579460675 3.9761650841092804 7.4224228432650952 3.9595533080399039 2.9416165189389831 -0.0087393753789620828 4.9966117368804088
leaf_weight=5459 174 657 402 297 75 219 1649 85 365 216 255 269 535 143
leaf_count=5459 174 657 402 297 75 219 1649 85 365 216 255 269 535 143
internal_value=0.000742559 -2.63901 5.2076 0.00172162 3.49388 -0.268889 6.13908 6.32846 3.64686 6.42149 3.18595 3.44358 0.232697 4.27267
internal_weight=10800 7167 3633 1708 1281 1411 2352 1950 1206 1865 698 524 754 508
internal_count=10800 7167 3633 1708 1281 1411 2352 1950 1206 1865 698 524 754 508
is_linear=0
shrinkage=0.05


Tree=5
num_leaves=15
num_cat=0
split_feature=65 65 65 10 0 36 36 48 48 48 31 61 16 34
split_gain=5.36115e+07 5.74779e+06 2.0054e+06 229335 154825 144254 143169 116097 70506.4 64140.6 57914.4 53601.6 51729.6 46520.8
threshold=154.31620500000005 42.523274000000008 229.94297600000002 219.75382662500002 251.98463850000005 21.664192708333335 22.654296875000004 15.625000000000002 15.625000000000002 14.625000000000002 18.112500000000004 -0.68322629814330815 278.91518350000007 19.998958333333338
decision_type=2 2 2 2 2 2 2 2 2 2 2 2 2 2
left_child=1 -1 4 5 7 -3 10 13 -6 12 -4 -7 -8 -2
right_child=2 3 6 -5 8 11 9 -9 -10 -11 -12 -13 -14 -15
leaf_value=-3.2918566622751535 2.5716342346519947 -0.96327186656939368 4.4516651880173459 1.2506917963166115 4.3460662236908822 0.71277107344442658 6.124580385493136 1.5600434159447483 3.1859025308064055 4.1170980280095888 5.5571462010515154 -0.12781171032398386 7.1909051707714289 3.5900508538092653
leaf_weight=5459 208 474 167 308 390 261 1043 148 223 43 927 686 172 291
leaf_count=5459 208 474 167 308 390 261 1043 148 223 43 927 686 172 291
internal_value=0.00089166 -2.49627 4.96964 0.0160977 3.35541 -0.25219 5.83262 2.80588 3.92989 6.21068 5.39261 0.104366 6.28132 3.17153
internal_weight=10800 7188 3612 1729 1260 1421 2352 647 613 1258 1094 947 1215 499
internal_count=10800 7188 3612 1729 1260 1421 2352 647 613 1258 1094 947 1215 499
is_linear=0
shrinkage=0.05


Tree=6
num_leaves=15
num_cat=0
split_feature=65 65 65 12 48 36 36 36 48 36 48 20 36 12
split_gain=4.83927e+07 5.18756e+06 1.80984e+06 209066 139884 133652 130039 106591 59995.6 56579.2 63949.1 43758.3 42228.9 39084.9
threshold=154.31620500000005 42.523274000000008 229.94297600000002 234.49915500000003 16.625000000000004 22.653776041666671 22.857812500000005 23.231250000000006 14.625000000000002 17.496875000000006 14.625000000000002 285.07486300000005 18.666666666666668 272.57805500000006
decision_type=2 2 2 2 2 2 2 2 2 2 2 2 2 2
left_child=1 -1 4 5 7 -3 9 12 11 -4 -11 -8 -2 -5
right_child=2 3 6 13 -6 -7 8 -9 -10 10 -12 -13 -14 -15
leaf_value=-3.1272940377176028 1.4240396888888611 -0.75840365790839037 3.7156585392199064 0.78197369426806895 0.93049626448261213 0.21319423166916876 5.8928918654524445 3.8737475242879658 3.8446751292158918 5.3410908221754099 3.4801954771343029 7.1868979604620682 3.0060268225136753 1.9730751082582296
leaf_weight=5459 48 664 75 204 66 756 1015 503 40 1072 56 94 643 105
leaf_count=5459 48 664 75 204 66 756 1015 503 40 1072 56 94 643 105
internal_value=0.00103349 -2.37147 4.72175 0.015318 3.18824 -0.241344 5.54157 3.31216 5.93701 5.15926 5.25187 6.00895 2.89835 1.19178
internal_weight=10800 7188 3612 1729 1260 1420 2352 1194 1149 1203 1128 1109 691 309
internal_count=10800 7188 3612 1729 1260 1420 2352 1194 1149 1203 1128 1109 691 309
is_linear=0
shrinkage=0.05


Tree=7
num_leaves=15
num_cat=0
split_feature=65 65 65 26 0 36 48 48 20 12 48 26 65 0
split_gain=4.36843e+07 4.59604e+06 1.69791e+06 185229 150521 119228 107581 104361 70589.8 65684.9 61334 59027 41665.7 38757.4
threshold=150.63429550000004 42.523274000000008 229.94297600000002 22.987500000000004 251.98463850000005 20.920312500000001 14.625000000000002 15.625000000000002 269.61846750000007 271.76304800000008 15.625000000000002 19.087500000000002 172.61755000000002 274.61923400000006
decision_type=2 2 2 2 2 2 2 2 2 2 2 2 2 2
left_child=1 -1 4 11 7 -4 8 12 -7 -5 13 -3 -2 -6
right_child=2 3 5 9 10 6 -8 -9 -10 -11 -12 -13 -14 -15
leaf_value=-2.970958044275696 1.2275281766565835 -1.0820413607531689 4.4443501025216454 0.4177233626263232 3.6599178681965747 5.2972782479052274 3.607807935670365 1.3332460784312314 6.0306008208721771 1.7740529196602957 2.8803286937245152 -0.20817812466226218 2.952051636238425 4.95436937642652
leaf_weight=5459 40 261 402 604 305 1324 85 158 541 104 227 739 466 85
leaf_count=5459 40 261 402 604 305 1324 85 158 541 104 227 739 466 85
internal_value=0.00115665 -2.26283 4.46683 0.000849352 2.99817 5.26512 5.43196 2.46755 5.51312 0.619179 3.56428 -0.43711 2.81842 3.95399
internal_weight=10800 7167 3633 1708 1281 2352 1950 664 1865 708 617 1000 506 390
internal_count=10800 7167 3633 1708 1281 2352 1950 664 1865 708 617 1000 506 390
is_linear=0
shrinkage=0.05


Tree=8
num_leaves=15
num_cat=0
split_feature=65 65 65 26 48 36 0 60 36 64 48 27 36 15
split_gain=3.94315e+07 4.14808e+06 1.532e+06 167885 136214 110233 100716 66861.9 52505.9 49801.1 48698.9 45802.1 43497.5 41474.2
threshold=150.63429550000004 42.523274000000008 229.94297600000002 22.387500000000003 16.625000000000004 22.889062500000005 270.59288700000008 -0.8814490726585632 20.417187500000001 240.61717000000002 14.625000000000002 19.012500000000003 23.947526041666674 220.70555350000004
decision_type=2 2 2 2 2 2 2 2 2 2 2 2 2 2
left_child=1 -1 4 11 6 9 8 -5 -2 -4 -7 -3 -9 -10
right_child=2 3 5 7 -6 10 -8 12 13 -11 -12 -13 -14 -15
leaf_value=-2.822437315371447 1.9695604869659911 -1.0389030931226444 4.252258454529505 1.3341463010758163 0.76927381279437168 5.4324734690394338 3.9079219230016076 -0.20675637809777236 3.118771080916666 4.9532953468679688 3.481139317954459 -0.24608800253719562 0.63208556110826386 2.1902499580383301
leaf_weight=5459 187 255 525 191 75 1104 239 273 616 683 40 635 354 164
leaf_count=5459 187 255 525 191 75 1104 239 273 616 683 40 635 354 164
internal_value=0.00125772 -2.1497 4.24399 0.000833268 2.84892 5.00227 2.97751 0.517577 2.74375 4.65239 5.36734 -0.474154 0.267101 2.9266
internal_weight=10800 7167 3633 1708 1281 2352 1206 818 967 1208 1144 890 627 780
internal_count=10800 7167 3633 1708 1281 2352 1206 818 967 1208 1144 890 627 780
is_linear=0
shrinkage=0.05


Tree=9
num_leaves=15
num_cat=0
split_feature=65 65 65 12 48 35 0 36 48 20 34 61 17 12
split_gain=3.55974e+07 3.81119e+06 1.32939e+06 162055 116120 127842 111021 110190 93121.7 49582 49035 47405 44888.7 33470.9
threshold=154.31620500000005 42.523274000000008 228.23518250000004 227.78233700000004 14.625000000000002 20.147395833333338 261.54221350000006 21.664192708333335 15.625000000000002 285.07486300000005 19.998958333333338 -0.68322629814330815 9.9793352146722292 272.57805500000006
decision_type=2 2 2 2 2 2 2 2 2 2 2 2 2 2
left_child=1 -1 6 7 5 -4 8 -3 10 -7 -2 -9 -8 -5
right_child=2 3 4 13 -6 9 12 11 -10 -11 -12 -13 -14 -15
leaf_value=-2.6813412975478959 2.0324123156579184 -0.86491095468316692 4.1321482519669965 0.64636891404023533 3.0871080591044295 4.9639064281369443 2.7066958662829825 0.65244080184297715 1.4249903428410393 6.2351310068247274 2.9902145676401668 -0.14250565683412733 3.8401516169188961 1.7144646990973997
leaf_weight=5459 210 458 549 246 108 1619 157 261 198 97 428 659 246 105
leaf_count=5459 210 458 549 246 108 1619 157 261 198 97 428 659 246 105
internal_value=0.00132318 -2.0335 4.05013 0.0122994 4.74379 4.82138 2.71886 -0.232131 2.38377 5.03935 2.67862 0.0834807 3.40637 0.969848
internal_weight=10800 7188 3612 1729 2373 2265 1239 1378 836 1716 638 920 403 351
internal_count=10800 7188 3612 1729 2373 2265 1239 1378 836 1716 638 920 403 351
is_linear=0
shrinkage=0.05


Tree=10
num_leaves=15
num_cat=0
split_feature=65 65 65 12 48 26 36 0 48 20 34 17 36 36
split_gain=3.21327e+07 3.50218e+06 1.15151e+06 152221 104649 118598 101496 93587 76639.9 46270.8 40489.8 39520.1 34678.1 32201.2
threshold=159.64771750000003 42.523274000000008 228.23518250000004 236.58261950000002 14.625000000000002 20.912500000000005 23.762239583333336 261.54221350000006 15.625000000000002 285.31225600000005 19.998958333333338 9.9793352146722292 21.664192708333335 18.666666666666668
decision_type=2 2 2 2 2 2 2 2 2 2 2 2 2 2
left_child=1 -1 7 6 5 13 12 8 10 -7 -2 -9 -3 -4
right_child=2 3 4 -5 -6 9 -8 11 -10 -11 -12 -13 -14 -15
leaf_value=-2.5472988887409591 1.9689421823720612 -0.78293690050918463 2.7693491092626599 1.0223259268025051 2.9341688173626541 4.7080709475508788 0.4325087254901413 2.5797790447870894 1.3906713290560631 5.974497809776893 2.8460059007195868 3.648921393575939 -0.19130741146403907 4.0374831163658289
leaf_weight=5459 208 476 68 312 108 1684 445 155 185 90 424 246 517 423
leaf_count=5459 208 476 68 312 108 1684 445 155 185 90 424 246 517 423
internal_value=0.00139926 -1.92343 3.86499 0.0230318 4.50698 4.58065 -0.194343 2.61153 2.29795 4.77565 2.56092 3.24311 -0.475411 3.86784
internal_weight=10800 7209 3591 1750 2373 2265 1438 1218 817 1774 632 401 993 491
internal_count=10800 7209 3591 1750 2373 2265 1438 1218 817 1774 632 401 993 491
is_linear=0
shrinkage=0.05


Tree=11
num_leaves=15
num_cat=0
split_feature=65 65 65 26 48 16 0 48 26 30 12 48 48 35
split_gain=2.90055e+07 3.10393e+06 1.08281e+06 137132 99613.1 113940 94551.9 62053.3 49461.5 48538.2 47236 38546.3 35474.2 34457.3
threshold=154.31620500000005 42.523274000000008 226.16809050000003 23.262500000000003 14.625000000000002 258.60530300000011 251.98463850000005 15.625000000000002 20.262500000000003 19.012500000000003 271.76304800000008 15.625000000000002 17.625000000000004 19.523437500000004
decision_type=2 2 2 2 2 2 2 2 2 2 2 2 2 2
left_child=1 -1 6 8 5 9 7 13 -3 -4 -5 -8 -10 -2
right_child=2 3 4 10 -6 -7 11 -9 12 -11 -12 -13 -14 -15
leaf_value=-2.4199572940798468 1.6521412039010586 -0.73441565963957045 3.5876118797384282 0.4111409353504244 2.7848768184496011 4.7619048918291975 3.2128452548368731 1.0944048126807084 0.26741437090782771 4.2673898813369915 1.5629854635361138 2.3420338874538196 -0.44890414253234295 2.5794699922020055
leaf_weight=5459 157 431 464 493 114 990 373 147 385 826 108 218 312 323
leaf_count=5459 157 431 464 493 114 990 373 147 385 826 108 218 312 323
internal_value=0.00147183 -1.83531 3.65623 0.0109343 4.27419 4.3474 2.4391 2.00439 -0.314041 4.02585 0.62038 2.89613 -0.053417 2.28022
internal_weight=10800 7188 3612 1729 2394 2280 1218 627 1128 1290 601 591 697 480
internal_count=10800 7188 3612 1729 2394 2280 1218 627 1128 1290 601 591 697 480
is_linear=0
shrinkage=0.05


Tree=12
num_leaves=15
num_cat=0
split_feature=65 65 65 26 16 0 48 12 48 31 34 26 15 16
split_gain=2.61835e+07 2.85242e+06 937396 125071 87442.5 84451.9 71172.7 57163.8 55066.6 45706.6 42552.9 34999.4 30218.1 26172.9
threshold=159.64771750000003 63.145266500000005 229.94297600000002 22.387500000000003 258.60530300000011 270.32723250000009 15.625000000000002 271.76304800000008 14.625000000000002 20.012500000000003 19.998958333333338 18.962500000000002 42.523274000000008 287.24088100000006
decision_type=2 2 2 2 2 2 2 2 2 2 2 2 2 2
left_child=1 -1 5 11 9 6 10 12 13 -4 -2 -3 -5 -6
right_child=2 3 4 7 8 -7 -8 -9 -10 -11 -12 -13 -14 -15
leaf_value=-2.2943738734404651 1.7875631319021896 -1.0271304265729018 3.3849880094952911 0.96374014981195966 4.438091569794433 3.2135230455593189 1.4255763383848328 1.5149702210175364 2.9621016018632531 4.0327091030555193 2.6498332109635889 -0.22553760726961852 0.14997979159728458 5.5949008112368377
leaf_weight=5481 209 167 493 141 916 244 251 113 68 807 535 724 583 68
leaf_count=5481 209 167 493 141 916 244 251 113 68 807 535 724 583 68
internal_value=0.00151366 -1.73602 3.48915 0.0353229 4.07598 2.37279 2.1636 0.473921 4.42561 3.78986 2.41033 -0.376763 0.309571 4.52363
internal_weight=10800 7209 3591 1728 2352 1239 995 837 1052 1300 744 891 724 984
internal_count=10800 7209 3591 1728 2352 1239 995 837 1052 1300 744 891 724 984
is_linear=0
shrinkage=0.05


Tree=13
num_leaves=15
num_cat=0
split_feature=65 65 65 36 0 48 35 65 53 12 48 36 15 48
split_gain=2.36383e+07 2.48268e+06 918045 109051 90601.5 83847.1 93214.8 58300 57697 39602.7 37371.1 34319.7 32482.2 30788
threshold=150.63429550000004 42.523274000000008 226.16809050000003 22.431770833333335 251.98463850000005 14.625000000000002 21.000520833333336 167.68715100000003 -0.097964660725097366 219.74102000000002 15.625000000000002 17.496875000000006 215.93381050000002 15.625000000000002
decision_type=2 2 2 2 2 2 2 2 2 2 2 2 2 2
left_child=1 -1 4 9 7 6 11 -2 -5 -3 -9 -4 -8 -6
right_child=2 3 5 8 13 -7 12 10 -10 -11 -12 -13 -14 -15
leaf_value=-2.1842838365953048 0.47331953898449486 -0.62941881417148804 2.4097056062597981 0.78383072635315987 2.9110441870867891 2.4938662097765052 4.060253496345763 2.1377784680135909 0.016744021590799095 0.48026015853048654 1.0910570563308217 3.5994129806909805 4.770367990803515 2.1362931956090203
leaf_weight=5459 78 603 75 414 373 114 1193 457 599 92 109 779 233 222
leaf_count=5459 78 603 75 414 373 114 1193 457 599 92 109 779 233 222
internal_value=0.0015702 -1.66383 3.28655 -9.86569e-05 2.17874 3.85874 3.92586 1.76203 0.330706 -0.482047 1.93848 3.49787 4.17954 2.62605
internal_weight=10800 7167 3633 1708 1239 2394 2280 644 1013 695 566 854 1426 595
internal_count=10800 7167 3633 1708 1239 2394 2280 644 1013 695 566 854 1426 595
is_linear=0
shrinkage=0.05


Tree=14
num_leaves=15
num_cat=0
split_feature=65 65 65 12 0 36 48 26 65 16 48 33 17 36
split_gain=2.13369e+07 2.24071e+06 828544 101863 83762.1 75581.9 75580.5 86401.3 62918.1 40928.5 39572.6 34725.2 26546.5 26412.3
threshold=150.63429550000004 42.523274000000008 226.16809050000003 224.99381000000002 262.99180150000007 23.992578124999998 14.625000000000002 20.412500000000005 167.68715100000003 269.78556100000009 15.625000000000002 18.990625000000005 9.9793352146722292 21.664192708333335
decision_type=2 2 2 2 2 2 2 2 2 2 2 2 2 2
left_child=1 -1 4 5 8 13 7 -4 -2 -9 11 -10 -6 -3
right_child=2 3 6 -5 12 -7 -8 9 10 -11 -12 -13 -14 -15
leaf_value=-2.0750896286877083 0.51142925408626494 -0.7108106237623486 3.0520313235162533 0.75386253827946703 2.1569355613954606 0.40195165852473019 2.3702572034752887 3.7135784912253764 1.094879310471671 4.2632946853637703 1.2118119515051509 2.2583599638543737 3.0524901407029894 -0.18882898781528129
leaf_weight=5459 87 450 411 354 154 378 114 1320 76 549 156 542 224 526
leaf_count=5459 87 450 411 354 154 378 114 1320 76 549 156 542 224 526
internal_value=0.00160536 -1.58065 3.12258 -7.46567e-05 2.07015 -0.197601 3.66617 3.72989 1.79334 3.87725 1.93658 2.11728 2.69429 -0.429978
internal_weight=10800 7167 3633 1708 1239 1354 2394 2280 861 1869 774 618 378 976
internal_count=10800 7167 3633 1708 1239 1354 2394 2280 861 1869 774 618 378 976
is_linear=0
shrinkage=0.05


Tree=15
num_leaves=15
num_cat=0
split_feature=65 65 65 26 36 31 60 48 48 20 15 34 36 0
split_gain=1.92595e+07 2.02265e+06 747627 92704.2 77436.7 72508 52388.9 46439.9 46160.5 45952.5 40585.1 40669.3 29541.3 27783.4
threshold=150.63429550000004 63.145266500000005 226.16809050000003 20.812500000000004 23.214062500000004 19.912500000000005 -0.8814490726585632 14.625000000000002 16.625000000000004 278.13703400000003 42.523274000000008 27.719791666666669 20.417187500000001 274.61923400000006
decision_type=2 2 2 2 2 2 2 2 2 2 2 2 2 2
left_child=1 -1 4 -3 8 -4 -5 9 12 -7 -8 -12 -2 -6
right_child=2 3 5 6 13 7 10 -9 -10 -11 11 -13 -14 -15
leaf_value=-1.9674233504887351 1.1641181552297932 -0.58451485663636538 2.8924857255631844 0.92979987205327608 2.2017727889926579 3.5759563079449017 0.55753283173131496 2.4601854842642084 0.25775930514109546 4.3912472807653415 -0.34864801180835392 0.55095412161829604 1.9415442511829093 3.0627471148538934
leaf_weight=5481 170 468 451 225 378 1634 312 91 57 218 516 165 496 138
leaf_count=5481 170 468 451 225 378 1634 312 91 57 218 516 165 496 138
internal_value=0.00162628 -1.50163 2.96678 0.0128704 1.96706 3.48314 0.242699 3.61868 1.6284 3.67424 0.0862325 -0.130194 1.74514 2.43751
internal_weight=10800 7167 3633 1686 1239 2394 1218 1943 723 1852 993 681 666 516
internal_count=10800 7167 3633 1686 1239 2394 1218 1943 723 1852 993 681 666 516
is_linear=0
shrinkage=0.05


Tree=16
num_leaves=15
num_cat=0
split_feature=65 65 65 15 26 48 36 0 48 16 35 64 45 22
split_gain=1.73908e+07 1.96056e+06 570177 105747 65874.6 62652 61098.6 60819.2 46240.1 34775.6 31377.3 31129.4 20242.2 19760.9
threshold=163.78829250000004 42.523274000000008 229.94297600000002 210.20160850000005 20.212500000000002 14.625000000000002 21.664192708333335 271.04897450000004 15.625000000000002 285.75061850000003 17.664583333333336 202.01100800000003 54.520833333333336 116.56884092187504
decision_type=2 2 2 2 2 2 2 2 2 2 2 2 2 2
left_child=1 -1 7 6 -4 9 -3 8 10 -6 -2 -8 -5 -13
right_child=2 3 4 12 5 -7 11 -9 -10 -11 -12 13 -14 -15
leaf_value=-1.8730009091206086 0.61701247081523991 -0.59852333461813001 2.6994735283377285 1.3484360401751474 3.4517169341269858 2.1536978591963187 -0.1035384698435991 2.7411781166671614 1.1804920942998238 4.5277991951836487 2.0753612428861543 -0.15919975047567633 0.52906057632601777 0.75256052756851366
leaf_weight=5459 40 493 381 127 1786 96 683 217 232 89 708 81 189 219
leaf_count=5459 40 493 381 127 1786 96 683 217 232 89 708 81 189 219
internal_value=0.00164265 -1.40202 2.86907 0.0329835 3.32164 3.44048 -0.144876 1.97776 1.8061 3.50518 1.9983 0.0830169 0.861581 0.506674
internal_weight=10800 7251 3549 1792 2352 1971 1476 1197 980 1875 748 983 316 300
internal_count=10800 7251 3549 1792 2352 1971 1476 1197 980 1875 748 983 316 300
is_linear=0
shrinkage=0.05


Tree=17
num_leaves=15
num_cat=0
split_feature=65 65 65 10 31 36 0 26 48 48 34 36 12 17
split_gain=1.56973e+07 1.76961e+06 514925 93558.3 65310.8 57698.5 52497.9 42385.8 41462.8 39604.8 28683.8 22742.9 21052.2 18397.9
threshold=163.78829250000004 63.145266500000005 228.23518250000004 219.75382662500002 18.987500000000004 23.762239583333336 272.06304300000005 27.012500000000003 15.625000000000002 14.625000000000002 19.998958333333338 20.610677083333339 271.76304800000008 68.59179836405535
decision_type=2 2 2 2 2 2 2 2 2 2 2 2 2 2
left_child=1 -1 6 5 -4 11 8 9 10 13 -2 -3 -5 -6
right_child=2 3 4 12 7 -7 -8 -9 -10 -11 -12 -13 -14 -15
leaf_value=-1.7757290482007317 1.3787471957032276 -0.69920015509859745 2.3079878873653241 0.47880904099699895 3.0399314118639711 0.3387389338808201 2.6371551287801642 3.6326721049749873 1.1261927221830075 1.7284459871106916 2.0887068592701548 -0.18454533212524105 1.2872296875856055 3.4899039239272436
leaf_weight=5481 204 317 221 226 1193 437 189 546 233 55 550 664 126 358
leaf_count=5481 204 317 221 226 1193 437 189 546 233 55 550 664 126 358
internal_value=0.00164997 -1.33192 2.72589 0.0426128 3.15029 -0.138619 1.86755 3.23568 1.71766 3.09854 1.8987 -0.351393 0.771014 3.14598
internal_weight=10800 7251 3549 1770 2373 1418 1176 2152 987 1606 754 981 352 1551
internal_count=10800 7251 3549 1770 2373 1418 1176 2152 987 1606 754 981 352 1551
is_linear=0
shrinkage=0.05


Tree=18
num_leaves=15
num_cat=0
split_feature=65 65 65 12 36 36 26 48 31 35 12 36 21 48
split_gain=1.41691e+07 1.59847e+06 464841 87595 59563.7 54985.9 51695 38448.5 31018.8 26358 22681.7 21184 19928.7 19596.1
threshold=163.78829250000004 42.523274000000008 229.94297600000002 224.99381000000002 23.002473958333336 23.762239583333336 26.937500000000004 15.625000000000002 18.112500000000004 17.664583333333336 271.76304800000008 20.963802083333338 23.83210466934289 15.625000000000002
decision_type=2 2 2 2 2 2 2 2 2 2 2 2 2 2
left_child=1 -1 6 5 8 11 7 9 -4 -2 -5 -3 -10 -8
right_child=2 3 4 10 -6 -7 13 -9 12 -11 -12 -13 -14 -15
leaf_value=-1.6905979504078736 0.51965836368546625 -0.6811747827572483 2.0926129301389058 0.41941992468312644 3.277590192244062 0.31447987440739034 2.8142498078411577 1.0093827782522344 2.3594707489625004 1.85559843401978 1.2233750133181183 -0.19225789128295701 2.9603801261473808 1.8841982258217678
leaf_weight=5459 40 349 167 290 1083 420 145 212 194 689 126 607 908 111
leaf_count=5459 40 349 167 290 1083 420 145 212 194 689 126 607 908 111
internal_value=0.00166413 -1.26533 2.58989 0.0304026 2.99853 -0.161879 1.78512 1.61005 2.75799 1.78311 0.665275 -0.371269 2.85683 2.41989
internal_weight=10800 7251 3549 1792 2352 1376 1197 941 1269 729 416 956 1102 256
internal_count=10800 7251 3549 1792 2352 1376 1197 941 1269 729 416 956 1102 256
is_linear=0
shrinkage=0.05


Tree=19
num_leaves=15
num_cat=0
split_feature=65 65 65 26 48 16 36 48 36 0 26 19 0 0
split_gain=1.27909e+07 1.34223e+06 496493 67479.2 57767.2 55846.8 47987.1 36064.2 30289.2 29620.5 26786.6 24884 21473 20381.9
threshold=150.63429550000004 42.523274000000008 226.16809050000003 23.262500000000003 16.625000000000004 258.60530300000011 20.417187500000001 14.625000000000002 18.666666666666668 274.61923400000006 18.962500000000002 175.80732200000003 228.63528850000003 233.95246100000003
decision_type=2 2 2 2 2 2 2 2 2 2 2 2 2 2
left_child=1 -1 4 10 6 8 12 -7 -4 -8 -3 -10 -2 -5
right_child=2 3 5 13 -6 7 9 -9 11 -11 -12 -13 -14 -15
leaf_value=-1.6060835419469701 0.35682316403208159 -0.80867897856693993 1.6821511697233396 0.28988696627349775 0.25467474243946769 3.1984492809211935 1.6993524187632154 2.0502384947930898 2.7368950031845096 2.4583796137571334 -0.12522722179437742 1.7382628866949597 1.4832945076816053 1.0427670616446785
leaf_weight=5459 88 168 88 481 75 990 835 81 1162 159 949 73 82 110
leaf_count=5459 88 168 88 481 75 990 835 81 1162 159 949 73 82 110
internal_value=0.00166502 -1.22341 2.4181 -9.35907e-05 1.60341 2.83889 1.69002 3.1136 2.61431 1.82311 -0.228652 2.67932 0.905677 0.431542
internal_weight=10800 7167 3633 1708 1239 2394 1164 1071 1323 994 1117 1235 170 591
internal_count=10800 7167 3633 1708 1239 2394 1164 1071 1323 994 1117 1235 170 591
is_linear=0
shrinkage=0.05


Tree=20
num_leaves=15
num_cat=0
split_feature=65 65 65 0 36 36 36 36 48 53 48 16 36 41
split_gain=1.1549e+07 1.30097e+06 378086 71365.5 51688.2 43611.3 41511.5 26810.8 23590.7 21061.7 21019.9 25826.4 18017.4 16170.9
threshold=163.78829250000004 63.145266500000005 226.16809050000003 203.60231050000002 23.002473958333336 23.231250000000006 23.762239583333336 18.666666666666668 14.625000000000002 -0.58216583101416131 14.625000000000002 278.91518350000007 20.610677083333339 73.375000000000014
decision_type=2 2 2 2 2 2 2 2 2 2 2 2 2 2
left_child=1 -1 5 6 7 9 12 -4 -9 -2 11 -6 -3 -8
right_child=2 3 4 -5 10 -7 13 8 -10 -11 -12 -13 -14 -15
leaf_value=-1.5227403430633428 1.6515907536797965 -0.61471462834321855 1.5989886198150978 0.65932407234527479 2.8842415664391332 1.9590407711743567 0.019170873207716092 2.5909775909625803 1.5443091694324735 1.0790416068375579 1.8588957117528331 3.602521425695981 -0.15609824904096031 0.63843287170824148
leaf_weight=5481 292 317 88 364 884 481 247 1143 62 382 48 169 659 183
leaf_count=5481 292 317 88 364 884 481 247 1143 62 382 48 169 659 183
internal_value=0.00165795 -1.14221 2.33836 0.0363496 2.69718 1.59295 -0.125286 2.4758 2.53845 1.32917 2.95469 3.00283 -0.305531 0.283587
internal_weight=10800 7251 3549 1770 2394 1155 1406 1293 1205 674 1101 1053 976 430
internal_count=10800 7251 3549 1770 2394 1155 1406 1293 1205 674 1101 1053 976 430
is_linear=0
shrinkage=0.05


Tree=21
num_leaves=15
num_cat=0
split_feature=65 65 65 48 24 16 36 53 48 17 24 12 16 15
split_gain=1.04249e+07 1.03266e+06 451198 68548.5 57129.3 48218.6 43636.9 36982.6 28973.4 27776.5 23696 21029.5 19267.4 17401
threshold=145.10194300000003 42.523274000000008 226.16809050000003 16.625000000000004 274.28284400000007 258.60530300000011 22.907812500000002 -0.097964660725097366 14.625000000000002 31.362994787867212 248.07883750000005 224.99381000000002 287.24088100000006 42.523274000000008
decision_type=2 2 2 2 2 2 2 2 2 2 2 2 2 2
left_child=1 -1 3 6 11 9 10 -6 12 -4 -2 13 -7 -3
right_child=2 4 5 -5 7 8 -8 -9 -10 -11 -12 -13 -14 -15
leaf_value=-1.4496709958974261 0.63758637196787282 -0.10540070935806914 2.1097350548338634 0.21935322906974442 0.76820139510124896 2.8254288384725186 1.8264804413653974 0.027800355162985926 1.8634954849394358 2.5856006449496256 1.3859498409002322 0.37446848345751116 3.7638143332108207 -0.5662384671332451
leaf_weight=5459 140 369 648 112 277 922 582 429 81 675 468 109 68 461
leaf_count=5459 140 369 648 112 277 922 582 429 81 675 468 109 68 461
internal_value=0.00165739 -1.1188 2.15499 1.40409 -0.0205922 2.56262 1.51532 0.318973 2.81752 2.35429 1.21496 -0.275967 2.89362 -0.361733
internal_weight=10800 7104 3696 1302 1645 2394 1190 706 1071 1323 608 939 990 830
internal_count=10800 7104 3696 1302 1645 2394 1190 706 1071 1323 608 939 990 830
is_linear=0
shrinkage=0.05


Tree=22
num_leaves=15
num_cat=0
split_feature=65 65 65 28 64 26 26 48 48 0 48 16 53 26
split_gain=9.41435e+06 1.05867e+06 307579 61690 53982.9 47828.3 33631.1 33042.7 30874.4 28692.6 25745.3 24716.1 22169.4 21473
threshold=163.78829250000004 63.145266500000005 232.458088 27.512500000000003 229.38491700000003 20.262500000000003 20.812500000000004 14.625000000000002 17.625000000000004 272.06304300000005 15.625000000000002 285.75061850000003 -0.93540483100319605 20.987500000000004
decision_type=2 2 2 2 2 2 2 2 2 2 2 2 2 2
left_child=1 -1 4 6 9 -4 -3 11 12 10 13 -7 -8 -2
right_child=2 3 5 -5 -6 7 8 -9 -10 -11 -12 -13 -14 -15
leaf_value=-1.3743789745264356 1.0437143006876333 -0.44147090959487506 1.9412596456389082 0.6894810533483422 2.4931896253794186 2.5577642305349482 -0.32411561887870488 1.5555799102783203 -0.27559319223380752 1.9691169044200114 0.80013014000530047 3.4528721364339194 0.44405697188514753 1.6200695964313994
leaf_weight=5481 267 484 398 296 118 1739 116 84 395 169 239 89 479 446
leaf_count=5481 267 484 398 296 118 1739 116 84 395 169 239 89 479 446
internal_value=0.00164987 -1.03111 2.11138 0.032046 1.47368 2.45264 -0.100354 2.55802 0.0666911 1.36423 1.2549 2.60321 0.294003 1.406
internal_weight=10800 7251 3549 1770 1239 2310 1474 1912 990 1121 952 1828 595 713
internal_count=10800 7251 3549 1770 1239 2310 1474 1912 990 1121 952 1828 595 713
is_linear=0
shrinkage=0.05


Tree=23
num_leaves=15
num_cat=0
split_feature=65 65 65 19 64 26 36 48 0 16 48 26 26 45
split_gain=8.4979e+06 956286 277521 57607.7 48793.6 43263.5 30002.5 29563.4 25964.5 22888.1 22046.6 19850 16974.7 14749.7
threshold=163.78829250000004 42.523274000000008 232.458088 198.88739500000003 229.38491700000003 20.212500000000002 23.762239583333336 14.625000000000002 273.48420700000003 287.24088100000006 15.625000000000002 20.987500000000004 18.962500000000002 52.562500000000007
decision_type=2 2 2 2 2 2 2 2 2 2 2 2 2 2
left_child=1 -1 4 6 8 -4 12 9 10 -7 11 -2 -3 -5
right_child=2 3 5 13 -6 7 -8 -9 -10 -11 -12 -13 -14 -15
leaf_value=-1.3084943120034187 0.99172332006464936 -0.71892122472801734 1.8286366651429351 1.0626287636593876 2.3695776614822264 2.4319018292023786 0.23918275240714895 1.4787159608392155 1.9325777262449266 3.4082093529079276 0.79246586832321353 1.5423464542601533 -0.17040216816755815 0.36758849987661285
leaf_weight=5459 267 168 378 116 118 1780 423 84 142 68 251 461 860 225
leaf_count=5459 267 168 378 116 118 1780 423 84 142 68 251 461 860 225
internal_value=0.00164212 -0.979561 2.00606 0.0226448 1.40031 2.33022 -0.114876 2.42735 1.29626 2.46965 1.20209 1.34204 -0.260655 0.60644
internal_weight=10800 7251 3549 1792 1239 2310 1451 1932 1121 1848 979 728 1028 341
internal_count=10800 7251 3549 1792 1239 2310 1451 1932 1121 1848 979 728 1028 341
is_linear=0
shrinkage=0.05


Tree=24
num_leaves=15
num_cat=0
split_feature=65 65 65 48 24 31 36 53 26 61 1 0 60 15
split_gain=7.67452e+06 757384 330113 53188.7 44549.4 40660 35778.2 31585.9 23721 26030.3 23385.5 19159.6 16628.1 15387.7
threshold=145.10194300000003 42.523274000000008 226.16809050000003 16.625000000000004 274.28284400000007 19.912500000000005 20.417187500000001 -0.097964660725097366 27.262500000000003 -0.68322629814330815 273.48420700000003 228.63528850000003 -0.8814490726585632 42.523274000000008
decision_type=2 2 2 2 2 2 2 2 2 2 2 2 2 2
left_child=1 -1 3 6 12 -4 11 -6 9 -7 -8 -2 -3 -14
right_child=2 4 5 -5 7 8 10 -9 -10 -11 -12 -13 13 -15
leaf_value=-1.2430815661608519 0.14682661428889063 0.33364944909445265 1.7597693765057927 0.16361618562873487 0.69580437535982886 2.2813857330455156 1.309409481211615 0.011588694000898233 2.6047195374258898 1.6691446031189778 1.9647198090186486 1.1840183928955434 -0.080002516166281859 -0.51329121366112995
leaf_weight=5459 93 109 451 112 277 1219 844 429 505 219 168 85 369 461
leaf_count=5459 93 109 451 112 277 1219 844 429 505 219 168 85 369 461
internal_value=0.00163524 -0.959725 1.8492 1.20691 -0.0192122 2.19787 1.30488 0.280646 2.29861 2.18937 1.42003 0.645962 -0.244723 -0.320989
internal_weight=10800 7104 3696 1302 1645 2394 1190 706 1943 1438 1012 178 939 830
internal_count=10800 7104 3696 1302 1645 2394 1190 706 1943 1438 1012 178 939 830
is_linear=0
shrinkage=0.05


Tree=25
num_leaves=15
num_cat=0
split_feature=65 65 65 48 26 26 36 48 17 0 35 26 0 26
split_gain=6.9272e+06 683569 297920 48013.4 41798.5 38333.5 32502.5 30425.8 24530.8 19694.9 18813.4 18605.8 18195.4 15472.9
threshold=145.10194300000003 42.523274000000008 226.16809050000003 16.625000000000004 23.262500000000003 25.062500000000004 20.820312500000004 14.625000000000002 68.59179836405535 275.94297850000004 17.530208333333338 18.962500000000002 228.63528850000003 28.725000000000005
decision_type=2 2 2 2 2 2 2 2 2 2 2 2 2 2
left_child=1 -1 3 6 11 7 12 8 10 -8 -4 -3 -2 -6
right_child=2 4 5 -5 13 -7 9 -9 -10 -11 -12 -13 -14 -15
leaf_value=-1.1809388473706368 0.22038215029741004 -0.69303946930049509 1.09191297406242 0.15550777259884419 0.18503770405819658 2.343125004967479 1.2720728793256992 0.56435970124744228 2.3303668131375446 1.9222566538083723 1.8990344874234255 -0.11310377079823049 1.1040590970570805 0.80377674333073879
leaf_weight=5459 106 162 83 112 435 933 813 41 357 141 980 917 130 131
leaf_count=5459 106 162 83 112 435 933 813 41 357 141 980 917 130 131
internal_value=0.00161037 -0.911745 1.75692 1.14675 -0.018238 2.08815 1.23983 1.92384 1.96266 1.37008 1.8371 -0.200736 0.709758 0.329409
internal_weight=10800 7104 3696 1302 1645 2394 1190 1461 1420 954 1063 1079 236 566
internal_count=10800 7104 3696 1302 1645 2394 1190 1461 1420 954 1063 1079 236 566
is_linear=0
shrinkage=0.05


Tree=26
num_leaves=15
num_cat=0
split_feature=65 65 65 64 60 26 36 48 0 26 48 36 17 31
split_gain=6.25584e+06 701450 206193 50626.9 46284.5 36510.5 34336.5 25239.2 22456.9 19879 17643.5 14706.8 13141.7 12815.7
threshold=163.78829250000004 63.145266500000005 236.27183600000004 231.25114700000003 -0.8814490726585632 20.487500000000004 23.762239583333336 14.625000000000002 256.80026200000003 29.012500000000003 15.625000000000002 20.610677083333339 9.9793352146722292 18.112500000000004
decision_type=2 2 2 2 2 2 2 2 2 2 2 2 2 2
left_child=1 -1 3 8 -3 13 11 9 10 -7 -2 -6 -10 -4
right_child=2 4 5 -5 6 7 -8 -9 12 -11 -12 -13 -14 -15
leaf_value=-1.1197067715344486 1.0499931248114072 0.57467633136925067 1.0179469492700366 2.0320476883336118 -0.56464629585151471 2.093140899842143 0.23918094300009726 1.1379130595026241 1.0231417199380177 2.7338068087895713 0.41830804682475453 -0.13895838637164989 1.5931291744284097 1.7236873874664309
leaf_weight=5481 560 314 89 170 293 1627 505 68 171 143 140 658 282 299
leaf_count=5481 560 314 89 170 293 1627 505 68 171 143 140 658 282 299
internal_value=0.00158496 -0.840287 1.72138 1.22534 0.0251096 2.01551 -0.0937227 2.10974 1.10473 2.14642 0.924433 -0.270567 1.3807 1.56484
internal_weight=10800 7251 3549 1323 1770 2226 1456 1838 1153 1770 700 951 453 388
internal_count=10800 7251 3549 1323 1770 2226 1456 1838 1153 1770 700 951 453 388
is_linear=0
shrinkage=0.05


Tree=27
num_leaves=15
num_cat=0
split_feature=65 65 65 64 45 26 26 48 48 26 48 16 53 52
split_gain=5.6469e+06 633140 186071 45778.8 44349.9 32925.1 26092.6 22743.1 21959.3 20593.5 18797.7 18472.9 17279 14985.7
threshold=163.78829250000004 42.523274000000008 236.27183600000004 229.38491700000003 54.520833333333336 20.487500000000004 20.812500000000004 14.625000000000002 17.625000000000004 22.012500000000003 15.625000000000002 287.24088100000006 -0.93540483100319605 0.95642797789208711
decision_type=2 2 2 2 2 2 2 2 2 2 2 2 2 2
left_child=1 -1 3 9 -3 -4 -6 11 12 -2 -11 -7 -8 -14
right_child=2 4 5 -5 6 7 8 -9 -10 10 -12 -13 13 -15
leaf_value=-1.0659277189345588 0.78543993986772931 0.73951216983952017 1.486947172160014 1.9114439384897328 -0.37244968865446904 2.0041538751482335 -0.23812615734318066 1.0818419935910597 -0.20457136408612131 1.4333203440089877 0.88817375243377339 2.8754175745922588 0.5458221605239254 -0.05301495190838288
leaf_weight=5459 462 189 388 178 489 1702 143 68 449 416 267 68 378 144
leaf_count=5459 462 189 388 178 489 1702 143 68 449 416 267 68 378 144
internal_value=0.00156962 -0.79828 1.63552 1.1643 0.0171997 1.91493 -0.0683717 2.00442 0.0653203 1.04658 1.22182 2.03923 0.247581 0.38084
internal_weight=10800 7251 3549 1323 1792 2226 1603 1838 1114 1145 683 1770 665 522
internal_count=10800 7251 3549 1323 1792 2226 1603 1838 1114 1145 683 1770 665 522
is_linear=0
shrinkage=0.05


Tree=28
num_leaves=15
num_cat=0
split_feature=65 65 65 64 25 31 16 45 0 12 61 36 48 64
split_gain=5.09712e+06 571646 167919 41429.8 39721.2 31183.1 21965 21614.6 20983.8 19682.2 19024 15920.2 14993.6 12250.3
threshold=163.78829250000004 63.145266500000005 236.27183600000004 231.25114700000003 105.05818924571476 18.762500000000003 272.70666550000004 53.000000000000007 273.48420700000003 224.99381000000002 -0.9733555533461492 18.666666666666668 15.625000000000002 140.55056500000003
decision_type=2 2 2 2 2 2 2 2 2 2 2 2 2 2
left_child=1 -1 3 8 9 -4 -7 -6 11 10 -3 -2 -13 -9
right_child=2 4 5 -5 7 6 -8 13 -10 -11 -12 12 -14 -15
leaf_value=-1.0106150839704746 0.023827691102514464 0.46461533625920615 1.1966113230834405 1.8360261719129238 1.016454822699038 1.7903297610341768 2.2100932016647117 0.044719033811714264 1.5510366100793249 0.32529466455753309 -0.29758792824641017 1.0723939971070908 0.61027315555295603 0.5894816107067623
leaf_weight=5481 48 89 191 170 103 1619 416 322 150 189 916 716 239 151
leaf_count=5481 48 89 191 170 103 1619 416 322 150 189 916 716 239 151
internal_value=0.00154589 -0.75837 1.55392 1.10627 0.0228628 1.81935 1.87718 0.36353 0.99718 -0.141646 -0.229695 0.912888 0.957502 0.219505
internal_weight=10800 7251 3549 1323 1770 2226 2035 576 1153 1194 1005 1003 955 473
internal_count=10800 7251 3549 1323 1770 2226 2035 576 1153 1194 1005 1003 955 473
is_linear=0
shrinkage=0.05


Tree=29
num_leaves=15
num_cat=0
split_feature=65 65 65 36 24 26 53 65 48 64 26 36 60 26
split_gain=4.6013e+06 453453 196417 39625.8 31259.5 28478 24079.5 21798.4 20526.3 19418.2 16591.4 15633.2 12900.4 12757.8
threshold=145.10194300000003 42.523274000000008 236.27183600000004 23.214062500000004 274.28284400000007 20.487500000000004 -0.097964660725097366 176.25267700000003 14.625000000000002 237.06231900000003 29.012500000000003 18.666666666666668 -0.9733555533461492 18.962500000000002
decision_type=2 2 2 2 2 2 2 2 2 2 2 2 2 2
left_child=1 -1 3 7 13 -4 -6 12 10 -5 -7 -9 -2 -3
right_child=2 4 5 9 6 8 -8 11 -10 -11 -12 -13 -14 -15
leaf_value=-0.96211954506325648 0.93426705216461758 -0.63197306172326717 1.3309832888274695 1.1520560872303436 0.59853073914619936 1.796289061679887 0.0011453569316586783 0.022660615736124469 0.93797717585390361 1.8877615699642583 2.3787231797973316 0.95923016533019068 0.0096915018914098105 -0.1245532279691931
leaf_weight=5459 52 146 388 497 277 1627 429 48 68 113 143 629 131 793
leaf_count=5459 52 146 388 497 277 1627 429 48 68 113 143 629 131 793
internal_value=0.00152146 -0.742869 1.43211 0.982427 -0.0151344 1.7285 0.236045 0.762161 1.81165 1.29121 1.84466 0.892958 0.276062 -0.204038
internal_weight=10800 7104 3696 1470 1645 2226 706 860 1838 610 1770 677 183 939
internal_count=10800 7104 3696 1470 1645 2226 706 860 1838 610 1770 677 183 939
is_linear=0
shrinkage=0.05


Tree=30
num_leaves=15
num_cat=0
split_feature=65 65 65 26 64 31 25 53 20 0 48 15 17 65
split_gain=4.15449e+06 465399 136400 34914.3 34583.4 27200.7 21907.6 25647.3 18907.7 17707.9 15629.3 10239 9726.74 9372.23
threshold=163.78829250000004 63.145266500000005 236.27183600000004 28.462500000000002 229.38491700000003 18.762500000000003 100.68220936795701 -0.097964660725097366 274.06945200000007 266.95445250000006 15.625000000000002 262.23806850000005 74.329625582924422 24.000000000000004
decision_type=2 2 2 2 2 2 2 2 2 2 2 2 2 2
left_child=1 13 4 6 9 -4 -3 -8 12 10 -2 -11 -7 -1
right_child=2 3 5 -5 -6 8 7 -9 -10 11 -12 -13 -14 -15
leaf_value=-0.93931287387854412 0.89966269015935108 -0.25309586737129108 1.0614088504225947 0.71066035287207874 1.6488422078793274 1.5710057999034532 0.48141693464832569 -0.083436744230587154 2.0446439822863418 1.5429392968138604 0.38845905494613531 0.90210023501441494 1.9243006443414163 -0.74998725390087639
leaf_weight=4691 686 730 191 165 178 1441 311 564 341 145 194 120 253 790
leaf_count=4691 686 730 191 165 178 1441 311 564 341 145 194 120 253 790
internal_value=0.00149303 -0.684567 1.40299 0.020337 0.999535 1.64222 -0.0510291 0.117649 1.69618 0.897243 0.787534 1.25723 1.62487 -0.912166
internal_weight=10800 7251 3549 1770 1323 2226 1605 875 2035 1145 880 265 1694 5481
internal_count=10800 7251 3549 1770 1323 2226 1605 875 2035 1145 880 265 1694 5481
is_linear=0
shrinkage=0.05


Tree=31
num_leaves=15
num_cat=0
split_feature=65 65 65 48 37 36 26 48 16 36 60 61 65 36
split_gain=3.75084e+06 368994 159578 34040.4 27545 26850.1 25169.5 17233.5 16362.7 15048.3 13408.9 14431.8 12043.4 10973.8
threshold=145.10194300000003 42.523274000000008 236.27183600000004 16.625000000000004 56.375000000000007 23.854687500000008 19.012500000000003 14.625000000000002 287.24088100000006 18.666666666666668 -0.8814490726585632 -0.9733555533461492 117.7463455 20.338411458333336
decision_type=2 2 2 2 2 2 2 2 2 2 2 2 2 2
left_child=1 -1 3 4 -2 10 -4 8 -8 -6 -3 -12 -7 -13
right_child=2 5 6 -5 9 12 7 -9 -10 -11 11 13 -14 -15
leaf_value=-0.86839687439984903 1.4369441889377259 0.28809993211813523 0.98183553006913926 0.049476619473600811 -0.016254765304679775 0.12155308464589792 1.6084130114669208 0.80974957152553229 2.4174155304397367 0.88844461076333259 0.547102491479171 -0.58183927311983019 0.63848215718548629 -0.17425116410743671
leaf_weight=5459 246 146 179 112 48 389 1911 68 68 1064 56 218 158 678
leaf_count=5459 246 146 179 112 48 389 1911 68 68 1064 56 218 158 678
internal_value=0.00146997 -0.670616 1.2931 0.887772 0.956823 -0.014143 1.56026 1.61033 1.63742 0.849413 -0.156691 -0.225136 0.27176 -0.273957
internal_weight=10800 7104 3696 1470 1358 1645 2226 2047 1979 1112 1098 952 547 896
internal_count=10800 7104 3696 1470 1358 1645 2226 2047 1979 1112 1098 952 547 896
is_linear=0
shrinkage=0.05


Tree=32
num_leaves=15
num_cat=0
split_feature=65 65 65 64 45 16 17 26 48 0 48 53 9 33
split_gain=3.38673e+06 378674 110734 30392.7 30378 23639 23013.9 18315.1 16892 16426.5 12325.5 11349.6 10998.6 10558.4
threshold=163.78829250000004 63.145266500000005 236.27183600000004 231.25114700000003 54.520833333333336 255.27931950000001 32.242513513229461 20.812500000000004 17.625000000000004 273.48420700000003 15.625000000000002 -0.93540483100319605 268.97275250000001 20.971875000000004
decision_type=2 2 2 2 2 2 2 2 2 2 2 2 2 2
left_child=1 -1 3 9 -3 6 -4 -6 11 10 13 -9 -7 -2
right_child=2 4 5 -5 7 12 -8 8 -10 -11 -12 -13 -14 -15
leaf_value=-0.82329880285794743 0.60006590981942587 0.61520728945879177 1.0770092436437693 1.5280306579773886 -0.30978092797503798 1.7719866121051002 1.5343136285501648 -0.19028841074472083 -0.17631459864394533 1.2993206184826152 0.42947421785857948 0.32806185798978932 1.4238843400834442 0.98826749454939733
leaf_weight=5481 295 189 537 170 484 707 598 132 449 150 251 516 384 457
leaf_count=5481 295 189 537 170 484 707 598 132 449 150 251 516 384 457
internal_value=0.00143419 -0.617998 1.26682 0.903296 0.0178451 1.48237 1.31909 -0.05391 0.0591603 0.80994 0.735531 0.222341 1.65088 0.83698
internal_weight=10800 7251 3549 1323 1770 2226 1135 1581 1097 1153 1003 648 1091 752
internal_count=10800 7251 3549 1323 1770 2226 1135 1581 1097 1153 1003 648 1091 752
is_linear=0
shrinkage=0.05


Tree=33
num_leaves=15
num_cat=0
split_feature=65 65 65 25 64 31 45 16 26 48 12 61 4 0
split_gain=3.05705e+06 342054 99918.2 29124 27453.9 22485.2 16206.7 15617.4 15143 13603.6 13403.4 14392.2 11305.9 11036.5
threshold=163.78829250000004 42.523274000000008 236.27183600000004 105.05818924571476 231.25114700000003 18.987500000000004 53.000000000000007 272.23383550000005 22.012500000000003 15.625000000000002 224.99381000000002 -0.9733555533461492 177.16038100000003 275.94297850000004
decision_type=2 2 2 2 2 2 2 2 2 2 2 2 2 2
left_child=1 -1 4 10 8 -4 -5 -7 12 13 11 -3 -2 -10
right_child=2 3 5 6 -6 7 -8 -9 9 -11 -12 -13 -14 -15
leaf_value=-0.78382756448054058 0.67572610155513435 0.40686689296323392 0.90276021208920065 0.87021141201257712 1.4520759218617492 1.3832816127725418 0.18017571300802604 1.7285487005124669 0.98672750822522426 0.63522406947979737 0.25957326837006567 -0.25538417653510936 0.074845685926035493 1.7292077133890058
leaf_weight=5459 364 89 206 103 170 1579 473 441 362 267 189 938 100 60
leaf_count=5459 364 89 206 103 170 1579 473 441 362 267 189 938 100 60
internal_value=0.00140923 -0.587102 1.20363 0.0122903 0.858314 1.40839 0.304862 1.45948 0.769587 0.918701 -0.126433 -0.197653 0.546665 1.09613
internal_weight=10800 7251 3549 1792 1323 2226 576 2020 1153 689 1216 1027 464 422
internal_count=10800 7251 3549 1792 1323 2226 576 2020 1153 689 1216 1027 464 422
is_linear=0
shrinkage=0.05


Tree=34
num_leaves=15
num_cat=0
split_feature=65 65 65 36 36 25 61 48 0 13 37 45 26 6
split_gain=2.75986e+06 271268 117013 25723.2 24258.7 22969.9 16644.8 15758.7 14999.9 14269.8 13397.1 13183.5 11417 11902.2
threshold=145.10194300000003 28.000000000000004 222.39344700000001 20.417187500000001 23.002473958333336 105.05818924571476 -0.9733555533461492 16.625000000000004 213.80468900000002 1.8252001749425923 58.375000000000007 47.072916666666679 30.012500000000003 209.22877650000001
decision_type=2 2 2 2 2 2 2 2 2 2 2 2 2 2
left_child=1 -1 3 8 9 6 -3 11 -2 -4 -7 -5 13 -6
right_child=2 5 4 7 12 10 -8 -9 -10 -11 -12 -13 -14 -15
leaf_value=-0.74898920023856652 -0.27135924842292841 0.55717635582654912 0.9172386295454843 1.4535759276151659 1.4791589430624548 0.81063031875951719 -0.19881249757476005 0.17755777604141079 0.60876588959619404 1.2773298487189382 0.13471545346400091 0.81130020681463888 2.1446431405616528 0.67690342381023449
leaf_weight=5395 93 77 419 89 1010 87 1102 90 99 891 443 889 65 51
leaf_count=5395 93 77 419 89 1010 87 1102 90 99 891 443 889 65 51
internal_value=0.00138618 -0.57512 1.10933 0.717213 1.31177 -0.0261294 -0.149009 0.812944 0.183258 1.16294 0.246985 0.871174 1.48374 1.44127
internal_weight=10800 7104 3696 1260 2436 1709 1179 1068 192 1310 530 978 1126 1061
internal_count=10800 7104 3696 1260 2436 1709 1179 1068 192 1310 530 978 1126 1061
is_linear=0
shrinkage=0.05


Tree=35
num_leaves=15
num_cat=0
split_feature=65 65 65 25 37 26 53 48 48 65 4 16 13 34
split_gain=2.49183e+06 279287 81951.1 24939.1 23679.3 20666.4 20207.5 18935.6 16115 13656.4 12176.8 11850.1 10824.8 11768.7
threshold=163.78829250000004 80.564241500000009 236.27183600000004 100.59176676770393 52.125000000000007 20.937500000000004 -0.065403129230142923 15.625000000000002 14.625000000000002 24.000000000000004 141.67352400000001 287.24088100000006 1.8252001749425923 21.001041666666669
decision_type=2 2 2 2 2 2 2 2 2 2 2 2 2 2
left_child=1 9 4 -3 -2 10 -5 12 11 -1 -4 -7 13 -6
right_child=2 3 5 6 7 8 -8 -9 -10 -11 -12 -13 -14 -15
leaf_value=-0.73116599366081547 1.3271902667073645 -0.18706043334910649 1.0651087666002377 0.47730214508961882 0.48437202581587963 1.3529972100434156 0.013302675353866207 0.32558529864409907 0.58494510093562146 -0.52135593140724479 0.2674530660633796 2.0432464722274006 1.1237135050377407 0.90497509535769349
leaf_weight=4691 169 659 413 410 322 1622 547 272 68 944 55 68 206 354
leaf_count=4691 169 659 413 410 322 1622 547 272 68 944 55 68 206 354
internal_value=0.00136239 -0.529966 1.08677 0.0494751 0.774044 1.2722 0.212381 0.691958 1.35148 -0.696116 0.972137 1.38196 0.804447 0.70564
internal_weight=10800 7251 3549 1616 1323 2226 957 1154 1758 5635 468 1690 882 676
internal_count=10800 7251 3549 1616 1323 2226 957 1154 1758 5635 468 1690 882 676
is_linear=0
shrinkage=0.05


Tree=36
num_leaves=15
num_cat=0
split_feature=65 65 65 36 26 25 61 24 43 64 48 26 0 37
split_gain=2.24937e+06 221841 95930.8 24558.6 19547 19352.2 14647.3 13634.2 13749.2 13387.5 13208.1 12999.5 12091.6 11742.7
threshold=145.10194300000003 28.000000000000004 236.27183600000004 23.214062500000004 19.012500000000003 105.05818924571476 -0.9733555533461492 248.07883750000005 73.375000000000014 262.77837700000003 14.625000000000002 29.012500000000003 274.61923400000006 58.375000000000007
decision_type=2 2 2 2 2 2 2 2 2 2 2 2 2 2
left_child=1 -1 3 7 -4 6 -3 8 -2 12 11 -6 -5 -7
right_child=2 5 4 9 10 13 -8 -9 -10 -11 -12 -13 -14 -15
leaf_value=-0.6763637841764073 -0.44109521991375722 0.52698335624658144 0.70120612303002017 0.71540536899300466 1.2389757070233607 0.75570560073988002 -0.18218121051193906 0.62397841984222679 0.43766621714897619 1.7405770609776181 0.55612172323508546 1.7445159229656888 1.242242878130059 0.12291497363171935
leaf_weight=5395 65 77 179 411 1836 87 1102 659 136 47 68 143 152 443
leaf_count=5395 65 77 179 411 1836 87 1102 659 136 47 68 143 152 443
internal_value=0.00133376 -0.519131 1.00158 0.687309 1.20871 -0.0226695 -0.135459 0.514139 0.152713 0.930209 1.25273 1.27637 0.859593 0.228016
internal_weight=10800 7104 3696 1470 2226 1709 1179 860 201 610 2047 1979 563 530
internal_count=10800 7104 3696 1470 2226 1709 1179 860 201 610 2047 1979 563 530
is_linear=0
shrinkage=0.05


Tree=37
num_leaves=15
num_cat=0
split_feature=65 65 65 25 64 31 53 20 31 65 19 33 25 44
split_gain=2.03307e+06 227767 66186.3 21257.6 20539.3 18027.3 17087.5 12681.4 12040.2 11484.7 11055 9252.13 8887.67 7927.66
threshold=163.78829250000004 80.564241500000009 236.27183600000004 100.41493076626193 231.25114700000003 18.512500000000003 -0.065403129230142923 269.61846750000007 18.275000000000002 24.000000000000004 80.224518000000018 30.593750000000004 1.3929144003015315 55.781250000000007
decision_type=2 2 2 2 2 2 2 2 2 2 2 2 2 2
left_child=1 9 4 12 8 -4 -5 10 -2 -1 -7 -10 -3 -12
right_child=2 3 5 6 -6 7 -8 -9 11 -11 13 -13 -14 -15
leaf_value=-0.66080450136643243 0.16525278219613859 0.51793923849283263 0.66261312959417296 0.43280879159058849 1.2139777692350728 1.1694811488147752 0.0094222594476878595 1.3949576498515774 0.64834254055775675 -0.46843941409209811 1.3626122555834181 1.3968229759823192 -0.22652928545809359 0.62145983343211464
leaf_weight=4691 128 42 180 419 170 1254 551 569 982 944 46 43 604 177
leaf_count=4691 128 42 180 419 170 1254 551 569 982 944 46 43 604 177
internal_value=0.00130923 -0.478622 0.981721 0.0446518 0.700671 1.14837 0.192565 1.19076 0.624002 -0.628667 1.11121 0.681073 -0.177402 0.779744
internal_weight=10800 7251 3549 1616 1323 2226 970 2046 1153 5635 1477 1025 646 223
internal_count=10800 7251 3549 1616 1323 2226 970 2046 1153 5635 1477 1025 646 223
is_linear=0
shrinkage=0.05


Tree=38
num_leaves=15
num_cat=0
split_feature=65 65 65 24 37 26 48 53 15 48 65 13 34 30
split_gain=1.83517e+06 205763 59729.6 19826 19481.7 17197.1 16616.6 13831.1 12343.2 13232.5 11648 9390.78 9394.25 8893.21
threshold=163.78829250000004 82.382441500000013 236.27183600000004 268.06765750000005 51.375000000000007 18.112500000000004 15.625000000000002 -0.065403129230142923 214.77036050000004 14.625000000000002 24.000000000000004 1.180261288280706 21.001041666666669 22.987500000000004
decision_type=2 2 2 2 2 2 2 2 2 2 2 2 2 2
left_child=1 10 4 -3 -2 -4 11 -5 9 13 -1 12 -6 -7
right_child=2 3 5 7 6 8 -8 -9 -10 -11 -12 -13 -14 -15
leaf_value=-0.62777135343706114 1.1924783232789009 -0.17399104751887859 0.4196116463954937 0.39304143757164628 0.37814184376085652 1.0584308312421149 0.25383368873482814 0.014918781409091586 1.4468068565025982 0.28083251309141799 -0.43781524903156976 0.91599555581256187 0.78654586914859037 1.4423483295874162
leaf_weight=4691 155 601 93 452 296 1644 275 519 262 52 988 323 274 175
leaf_count=4691 155 601 93 452 296 1644 275 519 262 52 988 323 274 175
internal_value=0.0012819 -0.454694 0.932756 0.051534 0.665767 1.09107 0.594909 0.191158 1.12013 1.07364 -0.594807 0.699542 0.575496 1.09614
internal_weight=10800 7251 3549 1572 1323 2226 1168 971 2133 1871 5679 893 570 1819
internal_count=10800 7251 3549 1572 1323 2226 1168 971 2133 1871 5679 893 570 1819
is_linear=0
shrinkage=0.05


Tree=39
num_leaves=15
num_cat=0
split_feature=65 65 65 36 37 61 48 27 51 30 48 48 45 26
split_gain=1.65816e+06 122319 107197 24443.1 21803.7 26564.9 16249.9 14768.4 13417.7 12671.1 10887.5 12896.7 10230.5 9498.43
threshold=127.44013800000002 28.000000000000004 210.85402500000004 20.417187500000001 56.875000000000007 -0.68322629814330815 16.625000000000004 19.012500000000003 2.5000000000000004 19.012500000000003 4.8750000000000009 5.1250000000000009 47.072916666666679 28.725000000000005
decision_type=2 2 2 2 2 2 2 2 2 2 2 2 2 2
left_child=1 -1 3 8 -4 9 12 -3 -2 -6 -9 -12 -5 -13
right_child=2 7 4 6 5 -7 -8 10 -10 -11 11 13 -14 -15
leaf_value=-0.58062905194230929 -0.70032069758865345 -0.44637742611045522 1.2811764497517655 1.1760752474820173 0.77446826296674942 0.59914169371000658 0.17231424725037223 0.75290554281561939 0.19199781951966224 1.100517033527092 -0.75678872884365556 -0.034136071055572641 0.58102794182642048 0.45321560526384164
leaf_weight=5395 57 210 537 80 410 496 241 46 153 1224 56 1006 779 110
leaf_count=5395 57 210 537 80 410 496 241 46 153 1224 56 1006 779 110
internal_value=0.0012518 -0.471729 0.812619 0.441734 0.99456 0.921733 0.536025 -0.0601848 -0.0523741 1.01923 0.00671166 -0.0231927 0.637749 0.0142631
internal_weight=10800 6823 3977 1310 2667 2130 1100 1428 210 1634 1218 1172 859 1116
internal_count=10800 6823 3977 1310 2667 2130 1100 1428 210 1634 1218 1172 859 1116
is_linear=0
shrinkage=0.05


Tree=40
num_leaves=15
num_cat=0
split_feature=65 65 65 36 26 15 48 27 51 26 48 48 26 21
split_gain=1.49666e+06 110395 96820.9 22334.1 20119 26601.3 14924.2 13336.1 11649.2 10389.8 9847.73 11661 9587.74 10783.4
threshold=127.44013800000002 28.000000000000004 211.78706500000001 20.417187500000001 24.962500000000002 72.23584750000002 16.625000000000004 19.012500000000003 2.5000000000000004 19.012500000000003 4.8750000000000009 5.1250000000000009 30.212500000000002 38.082746000249706
decision_type=2 2 2 2 2 2 2 2 2 2 2 2 2 2
left_child=1 -1 3 8 5 9 -5 -3 -2 -4 -9 -12 13 -6
right_child=2 7 4 6 12 -7 -8 10 -10 -11 11 -13 -14 -15
leaf_value=-0.55160296468755954 -0.63668596384425957 -0.42416433821569122 0.65441200106571884 0.60877025065620616 0.83369373584933149 0.55735461573127865 0.16373413726947203 0.71606123338037353 0.18387551834506374 1.0696309925335918 -0.71961314895173967 0.013568727149784019 1.6592212536396127 1.1859670608268729
leaf_weight=5395 59 210 194 877 339 572 241 46 154 787 56 1116 77 677
leaf_count=5395 59 210 194 877 339 572 241 46 154 787 56 1116 77 677
internal_value=0.00121035 -0.448147 0.772053 0.423741 0.947036 0.830015 0.513069 -0.0571767 -0.0453292 0.988268 0.00639311 -0.0220475 1.1124 1.06936
internal_weight=10800 6823 3977 1331 2646 1553 1118 1428 213 981 1218 1172 1093 1016
internal_count=10800 6823 3977 1331 2646 1553 1118 1428 213 981 1218 1172 1093 1016
is_linear=0
shrinkage=0.05


Tree=41
num_leaves=15
num_cat=0
split_feature=65 65 65 64 49 22 26 29 39 61 42 48 48 25
split_gain=1.351e+06 102342 85482.8 25717.6 21091.9 15878.3 14994.1 14549 13351.8 12689.5 11912.4 10317.4 8504.17 9724.81
threshold=128.36177500000005 42.523274000000008 192.36539800000003 243.97296700000004 1.0000000180025095e-35 138.91248203125005 28.725000000000005 20.987500000000004 46.375000000000007 -0.9733555533461492 82.875000000000014 4.8750000000000009 5.1250000000000009 100.73766235953788
decision_type=2 2 2 2 2 2 2 2 2 2 2 2 2 2
left_child=1 -1 5 4 7 -2 9 -4 -6 -3 -9 -11 -13 -14
right_child=2 6 3 -5 8 -7 -8 10 -10 11 -12 12 13 -15
leaf_value=-0.52129170610791165 0.149263038582192 0.64488492179335211 0.64519210504186764 1.0012254860524175 1.225679843425751 0.62199206534318452 0.56616183125021824 1.6348273328010074 0.50403747538484167 0.5002529152203351 0.96747294725967081 -0.64963616564869886 -0.28525374515252111 0.015308956368450796
leaf_weight=5459 594 56 256 1567 69 253 94 93 853 63 270 79 475 619
leaf_count=5459 594 56 256 1567 69 253 94 93 853 63 270 79 475 619
internal_value=0.00117444 -0.42389 0.736764 0.858102 0.71201 0.291035 -0.0401587 0.938183 0.559313 -0.0846756 1.14247 -0.118225 -0.15184 -0.115333
internal_weight=10800 6845 3955 3108 1541 847 1386 619 922 1292 363 1236 1173 1094
internal_count=10800 6845 3955 3108 1541 847 1386 619 922 1292 363 1236 1173 1094
is_linear=0
shrinkage=0.05


Tree=42
num_leaves=15
num_cat=0
split_feature=65 65 64 22 39 45 29 31 64 65 20 53 53 12
split_gain=1.22096e+06 138081 40537.6 23368.4 18948.8 16646.5 16071.4 13669.8 9714.32 9465.38 8454.4 8439.54 12608.6 7362.48
threshold=163.78829250000004 84.179539500000018 243.97296700000004 90.608905307291693 50.375000000000007 53.000000000000007 20.987500000000004 24.087500000000002 181.97238500000003 24.000000000000004 274.29007000000007 -0.097964660725097366 -0.93540483100319605 124.06424400000002
decision_type=2 2 2 2 2 2 2 2 2 2 2 2 2 2
left_child=1 9 3 6 -5 -3 -2 11 -6 -1 -4 12 13 -7
right_child=2 5 10 4 8 7 -8 -9 -10 -11 -12 -13 -14 -15
leaf_value=-0.51373087510225213 0.60400044582530754 0.55169220796475815 0.90188404733154981 0.99224746890322002 0.17192224955764313 -0.884215061560921 1.1277786503702696 0.38386013997832735 0.50498926473668215 -0.34572213619392067 1.242396651043207 -0.18840490464612636 0.19975438932974443 -0.045638545254065147
leaf_weight=4691 293 149 1357 168 289 45 302 195 920 1032 220 647 431 61
leaf_count=4691 293 149 1357 168 289 45 302 195 920 1032 220 647 431 61
internal_value=0.00114821 -0.370775 0.760919 0.609192 0.495386 0.0514679 0.871297 -0.00294158 0.425581 -0.4835 0.950145 -0.0669164 0.0795361 -0.406575
internal_weight=10800 7251 3549 1972 1377 1528 595 1379 1209 5723 1577 1184 537 106
internal_count=10800 7251 3549 1972 1377 1528 595 1379 1209 5723 1577 1184 537 106
is_linear=0
shrinkage=0.05


Tree=43
num_leaves=15
num_cat=0
split_feature=65 65 65 31 64 26 9 4 36 64 26 12 65 16
split_gain=1.10209e+06 124622 36844.3 15711.6 14565.2 13923.3 13880.6 12147.5 10302.3 9925.23 9815.34 9341.44 8541.29 7670.85
threshold=163.78829250000004 84.179539500000018 237.22018600000004 20.987500000000004 226.10228050000003 22.262500000000003 268.97275250000001 141.67352400000001 19.607031250000002 248.40562600000001 28.462500000000002 195.47726300000002 24.000000000000004 288.39755700000006
decision_type=2 2 2 2 2 2 2 2 2 2 2 2 2 2
left_child=1 12 4 11 8 7 13 -4 -2 -8 -5 -3 -1 -7
right_child=2 3 5 10 -6 6 9 -9 -10 -11 -12 -13 -14 -15
leaf_value=-0.48804984717722749 -0.11694950256254766 -0.28892580787566574 0.76787499724706609 0.12840905469334873 0.8962416151424808 1.0160744761145777 0.41701460219501113 0.24404142670057438 0.48438237402341422 0.90176654106122012 0.62397940046766887 0.071397525092074379 -0.32845276077453767 1.641663095300848
leaf_weight=4691 76 384 669 691 212 899 177 134 1056 272 116 337 1032 54
leaf_count=4691 76 384 669 691 212 899 177 134 1056 272 116 337 1032 54
internal_value=0.00111256 -0.352242 0.722951 0.0488951 0.515901 0.848863 0.944526 0.680873 0.443943 0.712024 0.200328 -0.120643 -0.459333 1.05321
internal_weight=10800 7251 3549 1528 1344 2205 1402 803 1132 449 807 721 5723 953
internal_count=10800 7251 3549 1528 1344 2205 1402 803 1132 449 807 721 5723 953
is_linear=0
shrinkage=0.05


Tree=44
num_leaves=15
num_cat=0
split_feature=65 65 48 26 13 45 9 12 15 52 35 48 65 9
split_gain=994836 114525 32668.3 26220.8 21096.9 16839.1 12957.4 16176.2 12823.7 9591.48 8777.38 8023.91 7707.41 7354.44
threshold=166.25875200000004 84.179539500000018 15.625000000000002 24.812500000000004 1.8252001749425923 53.000000000000007 121.97390900000001 199.53152800000004 217.18543900000003 0.95642797789208711 17.091145833333339 11.875000000000002 24.000000000000004 260.54473700000011
decision_type=2 2 2 2 2 2 2 2 2 2 2 2 2 2
left_child=1 12 3 4 10 -3 9 -8 -5 -7 -2 -6 -1 -12
right_child=2 5 -4 8 11 6 7 -9 -10 -11 13 -13 -14 -15
leaf_value=-0.46365252501519444 -0.22915553570441577 0.53566641373641832 0.20068003566572654 0.83406319598833578 0.83629765151146085 0.3853109829914822 -0.35489259558140068 0.077829176693693158 1.2357937059977639 -0.042443913354187235 0.56692154865423994 0.45389961673922485 -0.31204602669199638 0.23181859665458002
leaf_weight=4691 45 158 312 985 888 283 408 457 256 243 654 167 1032 221
leaf_count=4691 45 158 312 985 888 283 408 457 256 243 654 167 1032 221
internal_value=0.00108458 -0.333159 0.689934 0.737322 0.623472 0.0482178 -0.00749519 -0.12645 0.917863 0.187992 0.447618 0.776254 -0.436373 0.482645
internal_weight=10800 7272 3528 3216 1975 1549 1391 865 1241 526 920 1055 5723 875
internal_count=10800 7272 3528 3216 1975 1549 1391 865 1241 526 920 1055 5723 875
is_linear=0
shrinkage=0.05


Tree=45
num_leaves=15
num_cat=0
split_feature=65 65 65 26 61 22 13 27 61 65 61 48 26 26
split_gain=898415 67225.5 60205.7 19753.9 24930.5 12100.8 11086.2 10251.4 9417.12 8459.21 7966.53 8053.77 9001.94 7548.54
threshold=127.44013800000002 28.000000000000004 191.07091600000004 27.012500000000003 -0.68322629814330815 138.91248203125005 1.180261288280706 19.012500000000003 -0.9733555533461492 217.50623400000003 -0.9733555533461492 4.8750000000000009 28.725000000000005 19.012500000000003
decision_type=2 2 2 2 2 2 2 2 2 2 2 2 2 2
left_child=1 -1 5 4 6 -2 8 -3 9 -4 -9 -12 -13 -8
right_child=2 7 3 -5 -6 -7 13 10 -10 -11 11 12 -14 -15
leaf_value=-0.42783614947585558 0.098991177048256024 -0.36376728358991905 0.42045835301864387 0.93714955468813699 0.37972122123916008 0.50919866742544651 0.47180708957775946 0.60174946459856904 0.67584376039744276 -0.42327589568282875 0.62715056514803402 -0.087954558455177592 0.38645793632142716 0.84959079703269647
leaf_weight=5395 590 210 101 687 701 258 154 54 283 41 46 1008 110 1162
leaf_count=5395 590 210 101 687 701 258 154 54 283 41 46 1008 110 1162
internal_value=0.00104867 -0.347104 0.598281 0.699545 0.632344 0.224248 0.733785 -0.0420097 0.509504 0.175589 0.0137186 -0.0140543 -0.0409735 0.805774
internal_weight=10800 6823 3977 3129 2442 848 1741 1428 425 142 1218 1164 1118 1316
internal_count=10800 6823 3977 3129 2442 848 1741 1428 425 142 1218 1164 1118 1316
is_linear=0
shrinkage=0.05


Tree=46
num_leaves=15
num_cat=0
split_feature=65 65 21 39 45 16 9 31 13 61 65 17 36 65
split_gain=811514 93729.6 28242.4 18918.1 14420.3 12574.6 12444.7 11758.4 10163.9 11026.1 9272.3 7283.09 7201.35 6396.65
threshold=166.25875200000004 84.179539500000018 27.718762136277039 52.875000000000007 53.000000000000007 288.39755700000006 256.50948950000003 24.487500000000004 2.0132011387474962 -0.9733555533461492 220.49863150000002 4.6257511738790384 19.691927083333336 24.000000000000004
decision_type=2 2 2 2 2 2 2 2 2 2 2 2 2 2
left_child=1 13 3 11 -3 8 12 -6 9 10 -4 -2 -5 -1
right_child=2 4 5 6 7 -7 -8 -9 -10 -11 -12 -13 -14 -15
leaf_value=-0.41908762133843047 0.32752531474006585 0.49523860344768694 0.44536265433530942 -0.073379969082095417 -0.064244648510326532 1.3843951188631962 0.1362220476354917 0.36381125607905357 0.7995738816101432 0.70855978534437825 -0.31239234335720539 0.97447138998438332 0.52461461046338076 -0.28098412993831051
leaf_weight=4691 57 158 213 54 1207 73 400 184 1304 476 49 203 699 1032
leaf_count=4691 57 158 213 54 1207 73 400 184 1304 476 49 203 699 1032
internal_value=0.00101777 -0.300863 0.62317 0.449511 0.0441552 0.738923 0.362062 -0.00740119 0.715181 0.565184 0.302996 0.834439 0.48169 -0.394238
internal_weight=10800 7272 3528 1413 1549 2115 1153 1391 2042 738 262 260 753 5723
internal_count=10800 7272 3528 1413 1549 2115 1153 1391 2042 738 262 260 753 5723
is_linear=0
shrinkage=0.05


Tree=47
num_leaves=15
num_cat=0
split_feature=65 65 65 37 61 35 22 34 26 13 61 22 61 26
split_gain=733009 56240.6 48319.1 16914 22769.3 10798.6 10656.6 9593.65 8963.6 8061.45 8275.03 7597.17 8189.83 8235.01
threshold=128.36177500000005 28.000000000000004 192.36539800000003 56.875000000000007 -0.68322629814330815 23.850000000000005 138.91248203125005 16.997916666666672 18.962500000000002 1.3254992120623699 -0.9733555533461492 82.869578390625023 -0.9733555533461492 28.462500000000002
decision_type=2 2 2 2 2 2 2 2 2 2 2 2 2 2
left_child=1 -1 6 -4 5 7 -2 -5 -3 10 -9 -10 -13 -14
right_child=2 8 3 4 -6 -7 -8 9 11 -11 -12 12 13 -15
leaf_value=-0.38639872395347191 0.091647905443742197 -0.40298486012940443 0.86791827276612177 -0.061716355066350176 0.34204741379424591 1.321467857701438 0.47882479432471625 0.1695213561890454 0.67623863132988538 0.73491414300806357 0.637445040209485 0.57034138859364025 -0.086907104545697778 0.34479849449987338
leaf_weight=5395 594 148 622 46 740 62 253 144 40 1215 279 56 1084 122
leaf_count=5395 594 148 622 46 740 62 253 144 40 1215 279 56 1084 122
internal_value=0.000990077 -0.312109 0.54282 0.634044 0.575203 0.673768 0.207726 0.649151 -0.0356261 0.66914 0.478927 0.00640925 -0.0153401 -0.0429859
internal_weight=10800 6845 3955 3108 2486 1746 847 1684 1450 1638 423 1302 1262 1206
internal_count=10800 6845 3955 3108 2486 1746 847 1684 1450 1638 423 1302 1262 1206
is_linear=0
shrinkage=0.05


Tree=48
num_leaves=15
num_cat=0
split_feature=65 65 48 26 24 15 15 53 33 4 47 44 61 53
split_gain=662028 76817.2 24112.7 19700.1 13114.9 12962.3 12308.4 12427.2 10356.3 10326.1 9381.36 8289.81 8277.49 8143.02
threshold=166.25875200000004 84.179539500000018 15.625000000000002 22.162500000000005 274.28284400000007 215.93381050000002 72.23584750000002 -0.93540483100319605 16.993750000000002 177.16038100000003 63.057291666666679 55.468750000000007 -0.68322629814330815 -0.93540483100319605
decision_type=2 2 2 2 2 2 2 2 2 2 2 2 2 2
left_child=1 -1 3 8 13 6 -5 -8 -2 12 -6 -9 -10 -3
right_child=2 4 -4 5 10 -7 7 11 9 -11 -12 -13 -14 -15
leaf_value=-0.35622909699568617 -0.30290015998813846 -0.62352057669598326 0.1426957731352399 0.92687817046694954 0.8003764432961824 0.99680812559401 0.74515943777917748 0.69759817359515952 0.61848603106273747 0.089109115955698037 0.14899640048274107 0.33174941142699965 0.29961106419608885 -0.042179257464177965
leaf_weight=5723 44 64 312 316 60 314 617 221 739 153 600 527 285 825
leaf_count=5723 44 64 312 316 60 314 617 221 739 153 600 527 285 825
internal_value=0.000965096 -0.271697 0.562901 0.60361 0.0406457 0.700578 0.644685 0.578725 0.444731 0.472913 0.209334 0.440628 0.530116 -0.0846842
internal_weight=10800 7272 3528 3216 1549 1995 1681 1365 1221 1177 660 748 1024 889
internal_count=10800 7272 3528 3216 1549 1995 1681 1365 1221 1177 660 748 1024 889
is_linear=0
shrinkage=0.05


Tree=49
num_leaves=15
num_cat=0
split_feature=65 65 65 26 61 36 43 31 61 44 46 17 61 9
split_gain=598453 51428.1 34864.3 14856 17568 13627.7 10124.9 8571.4 8111.39 8073.75 7667.42 6391.64 6841.67 8245.34
threshold=119.46223000000002 191.07091600000004 28.000000000000004 28.087500000000002 -0.68322629814330815 20.53151041666667 73.375000000000014 18.112500000000004 -0.9733555533461492 56.531250000000007 48.302083333333336 76.423149597557384 -0.9733555533461492 272.25950450000005
decision_type=2 2 2 2 2 2 2 2 2 2 2 2 2 2
left_child=2 5 -1 4 7 6 -2 -3 -4 -6 -7 12 13 -9
right_child=1 3 8 -5 9 10 -8 11 -10 -11 -12 -13 -14 -15
leaf_value=-0.34927420036009815 -0.70424333866407629 0.21153509506559748 0.62048630615653 0.83799566678206139 0.70135217310758091 0.76857711539339668 0.044605946849039992 0.49407940310727166 -0.078597484610560542 0.26693283197140993 0.21016968914980075 0.90159967761327886 0.65784167388698644 -0.25491546267686888
leaf_weight=5395 66 126 42 449 126 66 138 265 1188 701 776 210 1210 42
leaf_count=5395 66 126 42 449 126 66 138 265 1188 701 776 210 1210 42
internal_value=0.000937551 0.469727 -0.294515 0.571172 0.526173 0.16601 -0.199922 0.611765 -0.0542417 0.333887 0.2548 0.640826 0.604157 0.391116
internal_weight=10800 4175 6625 3129 2680 1046 204 1853 1230 827 842 1727 1517 307
internal_count=10800 4175 6625 3129 2680 1046 204 1853 1230 827 842 1727 1517 307
is_linear=0
shrinkage=0.05


Tree=50
num_leaves=15
num_cat=0
split_feature=65 65 65 26 43 48 26 28 16 22 61 48 48 47
split_gain=540400 40646.9 36244.6 13643.1 13933.9 9507.45 8882.58 8767.71 8694.17 8550.77 7942.31 7203.01 6542.26 6652.34
threshold=127.44013800000002 42.523274000000008 191.07091600000004 24.962500000000002 68.125000000000014 15.625000000000002 28.725000000000005 16.862500000000004 288.39755700000006 141.123860984375 -0.9733555533461492 4.8750000000000009 5.1250000000000009 82.634114583333357
decision_type=2 2 2 2 2 2 2 2 2 2 2 2 2 2
left_child=1 -1 9 4 -4 8 10 -6 -5 -2 -3 -12 -13 -14
right_child=2 6 3 5 7 -7 -8 -9 -10 -11 11 12 13 -15
leaf_value=-0.33009730947978333 0.088541587220970552 0.5173622525574868 0.22078128383382445 0.65807430934885036 -0.18979461556527674 0.0212447174299847 0.44410999867510292 0.55711852048888744 1.1482104995592248 0.46946690839764327 0.43862614942894829 -0.55099966240115472 -0.038059053917648029 -0.43306757805868989
leaf_weight=5459 659 56 471 1100 40 54 93 1364 100 189 61 79 956 119
leaf_count=5459 659 56 471 1100 40 54 93 1364 100 189 61 79 956 119
internal_value=0.000910709 -0.269105 0.464104 0.542675 0.456767 0.670659 -0.0249376 0.535719 0.699841 0.173894 -0.0595803 -0.0865755 -0.114693 -0.0821474
internal_weight=10800 6823 3977 3129 1875 1254 1364 1404 1200 848 1271 1215 1154 1075
internal_count=10800 6823 3977 3129 1875 1254 1364 1404 1200 848 1271 1215 1154 1075
is_linear=0
shrinkage=0.05


Tree=51
num_leaves=15
num_cat=0
split_feature=65 65 21 39 24 9 16 47 13 53 48 21 61 17
split_gain=488334 56492.4 19316.3 13961.2 11010.2 10748.8 9647.21 8182.65 7955.53 6861.41 6292.21 5480.65 5434.97 5414.91
threshold=166.25875200000004 84.179539500000018 27.718762136277039 54.625000000000007 274.28284400000007 256.50948950000003 288.39755700000006 63.057291666666679 0.64887496488424434 -0.93540483100319605 17.625000000000004 49.815999221401853 -0.9733555533461492 4.6257511738790384
decision_type=2 2 2 2 2 2 2 2 2 2 2 2 2 2
left_child=1 -1 3 13 9 -5 8 -6 12 -3 -11 -9 -4 -2
right_child=2 4 6 5 7 -7 -8 11 -10 10 -12 -13 -14 -15
leaf_value=-0.3057898614777852 0.25070796871886536 -0.57489833313685201 -0.031160610901530494 0.37020980595392272 0.74108615830296376 0.043304334995929603 1.1436457308563026 0.17442801836319935 0.59395034521580192 0.071465908804337591 -0.21004344011203943 -0.41174119440622114 0.46710627554428008 0.76825195006241043
leaf_weight=5723 67 64 87 744 60 380 73 558 1809 495 330 42 146 222
leaf_count=5723 67 64 87 744 60 380 73 558 1809 495 330 42 146 222
internal_value=0.000879158 -0.233299 0.483501 0.339939 0.0345555 0.259827 0.579207 0.189117 0.558479 -0.080276 -0.0412558 0.132779 0.28172 0.649546
internal_weight=10800 7272 3528 1413 1549 1124 2115 660 2042 889 825 600 233 289
internal_count=10800 7272 3528 1413 1549 1124 2115 660 2042 889 825 600 233 289
is_linear=0
shrinkage=0.05


Tree=52
num_leaves=15
num_cat=0
split_feature=65 65 65 36 36 26 6 43 13 61 46 29 48 15
split_gain=441293 38046.7 25865.3 12360.9 11402.8 10077 13103.1 8875.01 7562.95 6602.29 6494.08 6033.24 5871.11 5430.19
threshold=119.46223000000002 191.07091600000004 28.000000000000004 18.666666666666668 20.53151041666667 28.462500000000002 171.15003550000003 73.375000000000014 0.93779211544966634 -0.9733555533461492 48.302083333333336 22.762500000000003 16.625000000000004 217.18543900000003
decision_type=2 2 2 2 2 2 2 2 2 2 2 2 2 2
left_child=2 4 -1 -3 7 6 8 -2 11 -4 -6 -5 -12 -7
right_child=1 3 9 5 10 13 -8 -9 -10 -11 12 -13 -14 -15
leaf_value=-0.30002526376227967 -0.66469496466330635 -0.00062422705213389094 0.56282132455082834 0.29219793738513283 0.69617198509956479 0.57734632547944786 0.21097323807901633 0.036443937281749661 0.57581315150623669 -0.067882292878581413 0.28464363194033504 0.7688493853578201 -0.00230446630392036 0.95598546117967498
leaf_weight=5395 66 123 42 472 66 223 401 138 1658 1188 499 77 277 175
leaf_count=5395 66 123 42 472 66 223 401 138 1658 1188 499 77 277 175
internal_value=0.000849508 0.403406 -0.25286 0.49066 0.142174 0.510756 0.474613 -0.192531 0.522398 -0.0459064 0.223398 0.360327 0.182344 0.745812
internal_weight=10800 4175 6625 3129 1046 3006 2608 204 2207 1230 842 549 776 398
internal_count=10800 4175 6625 3129 1046 3006 2608 204 2207 1230 842 549 776 398
is_linear=0
shrinkage=0.05


Tree=53
num_leaves=15
num_cat=0
split_feature=65 65 65 26 36 9 16 44 53 43 48 22 61 22
split_gain=398322 34345.3 23347.9 10983.7 10570.5 10557.7 8820.17 8454.2 11063.6 8245.7 7724.17 6000.35 5971.65 5312.5
threshold=119.46223000000002 192.36539800000003 28.000000000000004 20.987500000000004 20.53151041666667 269.54124250000001 288.39755700000006 53.781250000000007 -0.93540483100319605 73.375000000000014 10.125000000000002 141.64654745312501 -0.9733555533461492 41.172908354166672
decision_type=2 2 2 2 2 2 2 2 2 2 2 2 2 2
left_child=2 4 -1 10 9 6 13 -7 -9 -2 -3 -6 -4 -5
right_child=1 3 12 5 11 7 -8 8 -10 -11 -12 -13 -14 -15
leaf_value=-0.28502679451736723 -0.63393278516664664 0.3574558462560215 0.53533470653170767 0.92839272945157958 0.13852300624573607 0.65445654372045081 1.1154025534391403 0.57963051699147916 0.07532326969870104 0.037723056088600847 -0.12510774347969553 0.44288241300508724 -0.06449103305273246 0.53515835292951475
leaf_weight=5395 67 588 42 92 645 165 74 161 332 139 96 216 1188 1600
leaf_count=5395 67 588 42 92 645 165 74 161 332 139 96 216 1188 1600
internal_value=0.000825199 0.38328 -0.240215 0.467293 0.138357 0.517281 0.581089 0.345406 0.240856 -0.182735 0.289644 0.215303 -0.0435909 0.557076
internal_weight=10800 4175 6625 3108 1067 2424 1766 658 493 206 684 861 1230 1692
internal_count=10800 4175 6625 3108 1067 2424 1766 658 493 206 684 861 1230 1692
is_linear=0
shrinkage=0.05


Tree=54
num_leaves=15
num_cat=0
split_feature=65 65 21 39 60 31 9 16 13 46 9 52 29 61
split_gain=359690 41929.1 14991.8 11270.6 9633.41 10201.5 8509.57 7689.62 6605.8 5351.89 6212.09 5942.12 4768.97 4690.15
threshold=166.25875200000004 84.179539500000018 27.718762136277039 54.625000000000007 -0.9733555533461492 20.987500000000004 256.50948950000003 288.39755700000006 0.64887496488424434 51.520833333333336 121.97390900000001 0.95642797789208711 17.925000000000001 -0.9733555533461492
decision_type=2 2 2 2 2 2 2 2 2 2 2 2 2 2
left_child=1 -1 3 -2 -3 -6 12 8 13 -7 11 -11 -5 -4
right_child=2 4 7 6 5 9 -8 -9 -10 10 -12 -13 -14 -15
leaf_value=-0.26262777032794993 0.56669012447112599 0.78680327752741375 -0.061459096605804835 -0.062525415511213642 -0.12796899345716539 0.48903835144254471 0.023983347172276889 1.0030161823775319 0.513134323452903 0.39845716546882287 -0.087693947923059276 0.017596714562243126 0.35713937209585489 0.40109356797179907
leaf_weight=5723 289 40 87 75 709 92 380 73 1809 208 299 201 669 146
leaf_count=5723 289 40 87 75 709 92 380 73 1809 208 299 201 669 146
internal_value=0.000803812 -0.200175 0.415006 0.28855 0.0305841 0.0100308 0.216595 0.499314 0.480825 0.13234 0.0853652 0.211786 0.314807 0.228856
internal_weight=10800 7272 3528 1413 1549 1509 1124 2115 2042 800 708 409 744 233
internal_count=10800 7272 3528 1413 1549 1509 1124 2115 2042 800 708 409 744 233
is_linear=0
shrinkage=0.05


Tree=55
num_leaves=15
num_cat=0
split_feature=65 65 65 36 45 26 17 37 61 61 13 12 31 43
split_gain=324966 29115.8 19273.6 13513.5 8643.86 8089.88 7791.76 8418.02 9689.04 7037.73 7010.62 6943.62 5508.81 5482.32
threshold=119.46223000000002 211.78706500000001 28.000000000000004 20.53151041666667 47.072916666666679 30.425000000000001 74.329625582924422 54.625000000000007 -0.63405362205439475 -0.9733555533461492 0.80131653821530235 258.48132350000009 24.612500000000004 73.375000000000014
decision_type=2 2 2 2 2 2 2 2 2 2 2 2 2 2
left_child=2 3 -1 13 -5 6 7 -3 9 10 -9 -11 -6 -2
right_child=1 5 -4 4 12 -7 -8 8 -10 11 -12 -13 -14 -15
leaf_value=-0.25764913615957735 -0.48866436201192087 0.61080552384405595 -0.038289477180229591 0.63998984125305403 0.14990899428090337 0.99151358622223595 0.68696306007484675 -0.42106694555944868 0.15857725920926394 0.39099589954514302 0.31017227825547056 0.6566306716150786 0.45356331602696565 0.0022793583592957698
leaf_weight=5395 83 401 1230 121 973 66 270 44 463 945 120 337 176 176
leaf_count=5395 83 401 1230 121 973 66 270 44 463 945 120 337 176 176
internal_value=0.000781925 0.34623 -0.216935 0.17237 0.239474 0.446592 0.432273 0.40222 0.358108 0.421843 0.112623 0.461281 0.196776 -0.156324
internal_weight=10800 4175 6625 1529 1270 2646 2580 2310 1909 1446 164 1282 1149 259
internal_count=10800 4175 6625 1529 1270 2646 2580 2310 1909 1446 164 1282 1149 259
is_linear=0
shrinkage=0.05


Tree=56
num_leaves=15
num_cat=0
split_feature=65 65 48 26 24 15 15 53 33 4 22 51 38 26
split_gain=294056 34209.8 13364.3 12486.3 9275.58 7965.37 8880.73 7538.17 7177.52 7618.97 6930.15 6777.92 6815.16 5644.68
threshold=166.25875200000004 42.523274000000008 15.625000000000002 22.162500000000005 274.28284400000007 217.18543900000003 72.23584750000002 -0.065403129230142923 16.993750000000002 177.16038100000003 82.869578390625023 2.5000000000000004 56.375000000000007 28.362500000000004
decision_type=2 2 2 2 2 2 2 2 2 2 2 2 2 2
left_child=1 -1 3 8 10 6 -5 -6 -2 -10 -3 12 -8 -7
right_child=2 4 -4 5 7 13 11 -9 9 -11 -12 -13 -14 -15
leaf_value=-0.24344631581516057 -0.34207099714212952 0.39045111730694776 0.062612900338113342 0.68249562633714467 0.31094738783759079 0.45497280734478934 0.48261335285838752 -0.0027206829374991966 0.3518689959559067 -0.026220245794816452 -0.12477166950113405 0.49566455530470965 0.15553019710871729 0.92593541008345093
leaf_weight=5459 44 69 312 316 347 111 251 426 1024 153 971 720 437 160
leaf_count=5459 44 69 312 316 347 111 251 426 1024 153 971 720 437 160
internal_value=0.000760637 -0.180959 0.375271 0.405575 0.00722242 0.482715 0.442589 0.138305 0.279243 0.30274 -0.0902464 0.3883 0.275386 0.735414
internal_weight=10800 7272 3528 3216 1813 1995 1724 773 1221 1177 1040 1408 688 271
internal_count=10800 7272 3528 3216 1813 1995 1724 773 1221 1177 1040 1408 688 271
is_linear=0
shrinkage=0.05


Tree=57
num_leaves=15
num_cat=0
split_feature=65 65 48 26 25 15 51 36 47 15 33 15 38 10
split_gain=265429 30991.5 12064.2 11522.2 8328.66 7547.9 6932.4 7829.2 6136.02 5982.65 6306.07 5904.61 6518.65 4910.36
threshold=166.25875200000004 84.179539500000018 15.625000000000002 21.012500000000003 105.36956620720093 215.93381050000002 2.5000000000000004 25.466666666666672 62.804687500000007 71.256334500000023 16.993750000000002 72.23584750000002 56.375000000000007 241.09795837500005
decision_type=2 2 2 2 2 2 2 2 2 2 2 2 2 2
left_child=1 -1 3 9 -3 6 11 -8 -6 10 -2 -5 -13 -4
right_child=2 4 13 5 8 -7 7 -9 -10 -11 -12 12 -14 -15
leaf_value=-0.22560124364092551 -0.31516034362444079 -0.052392408353197473 -0.37953740255643598 0.48460722423104707 0.73401905000209811 0.67008932016324252 0.47372377750400452 1.1539905775917902 0.13817894100066042 -0.098166105729372566 0.31666408664085122 0.44863914421720746 0.12850122818754625 0.14841593214992249
leaf_weight=5723 41 1059 52 362 47 319 896 44 443 119 721 239 475 260
leaf_count=5723 41 1059 52 362 47 319 896 44 443 119 721 239 475 260
internal_value=0.00073915 -0.171909 0.356553 0.385345 0.0264828 0.443511 0.407344 0.506759 0.196709 0.230856 0.2823 0.320104 0.23614 0.0594923
internal_weight=10800 7272 3528 3216 1549 2335 2016 940 490 881 762 1076 714 312
internal_count=10800 7272 3528 3216 1549 2335 2016 940 490 881 762 1076 714 312
is_linear=0
shrinkage=0.05


Tree=58
num_leaves=15
num_cat=0
split_feature=65 65 65 36 45 26 48 61 51 17 14 43 48 48
split_gain=240027 21876.8 14184.2 10836.9 7546.27 6409.01 6469.12 5223.66 5171.54 5088.7 7179.74 5417.09 4524.2 5981.11
threshold=119.46223000000002 210.85402500000004 28.000000000000004 20.53151041666667 47.072916666666679 30.425000000000001 14.625000000000002 -0.9733555533461492 2.5000000000000004 74.329625582924422 245.07228858333335 68.375000000000014 4.8750000000000009 5.1250000000000009
decision_type=2 2 2 2 2 2 2 2 2 2 2 2 2 2
left_child=2 3 -1 8 -5 6 9 -4 -2 10 11 -3 -9 -14
right_child=1 5 7 4 -6 -7 -8 12 -10 -11 -12 -13 13 -15
leaf_value=-0.22132102452975189 -0.52507923694656178 0.16645838307752861 0.50829886002249502 0.58130840049548593 0.1654504419961243 0.86857455853206023 0.10774062636644684 0.40348407574571099 -0.016165083222012357 0.59977771180348538 0.50437515232449526 0.37290020883570896 -0.50201083327594564 -0.042783689817198163
leaf_weight=5395 67 475 42 120 1133 66 215 51 188 270 666 975 75 1062
leaf_count=5395 67 475 42 120 1133 66 215 51 188 270 666 975 75 1062
internal_value=0.000718977 0.297607 -0.186393 0.145261 0.205709 0.383662 0.371028 -0.0331388 -0.151409 0.394697 0.368258 0.305434 -0.0526919 -0.0734902
internal_weight=10800 4175 6625 1508 1253 2667 2601 1230 255 2386 2116 1450 1188 1137
internal_count=10800 4175 6625 1508 1253 2667 2601 1230 255 2386 2116 1450 1188 1137
is_linear=0
shrinkage=0.05


Tree=59
num_leaves=15
num_cat=0
split_feature=65 65 21 39 60 36 8 16 22 46 13 53 7 48
split_gain=216796 25268.5 10520.7 9574.87 8226.05 7252.62 6447.94 6380.68 6100.56 5627.56 5487.99 4911.07 6058.04 6273.28
threshold=166.25875200000004 42.523274000000008 28.306436770656237 54.625000000000007 -0.9733555533461492 20.53151041666667 192.77232100000003 288.39755700000006 97.931595473958353 48.302083333333336 2.0132011387474962 -0.097964660725097366 241.43146650000003 5.1250000000000009
decision_type=2 2 2 2 2 2 2 2 2 2 2 2 2 2
left_child=1 -1 3 -2 -3 -6 -5 10 -7 -10 -4 -11 13 -13
right_child=2 4 7 6 5 8 -8 -9 9 11 -12 12 -14 -15
leaf_value=-0.20903886302814381 0.46727759558083826 0.70657634139060976 0.26598835120213704 0.23775771482652847 -0.22088580011281822 0.58125802201032639 -0.011600449588675581 0.86981731443733412 0.39062195382620163 0.1039456232405086 0.44000087175113667 -0.6535125788809224 0.31619126620116056 -0.095569302129891065
leaf_weight=5459 307 40 709 764 330 49 392 68 94 558 1288 54 80 608
leaf_count=5459 307 40 709 764 330 49 392 68 94 558 1288 54 80 608
internal_value=0.000696773 -0.155335 0.322266 0.219431 0.00639505 -0.00979088 0.153263 0.394981 0.038604 0.0191264 0.378385 -0.00801522 -0.0922388 -0.141998
internal_weight=10800 7272 3528 1463 1813 1773 1156 2065 1443 1394 1997 1300 742 662
internal_count=10800 7272 3528 1463 1813 1773 1156 2065 1443 1394 1997 1300 742 662
is_linear=0
shrinkage=0.05


Tree=60
num_leaves=15
num_cat=0
split_feature=65 65 48 26 60 24 15 36 33 4 22 46 26 36
split_gain=195681 22828.2 9833.02 9827.92 7514.5 6309.24 6438.87 6261.73 5808.11 6188.54 5601.63 5181.96 4836.33 4228.6
threshold=166.25875200000004 28.000000000000004 15.625000000000002 22.312500000000004 -0.9733555533461492 239.61420950000004 217.18543900000003 20.53151041666667 16.993750000000002 177.16038100000003 90.608905307291693 48.302083333333336 28.362500000000004 26.654427083333335
decision_type=2 2 2 2 2 2 2 2 2 2 2 2 2 2
left_child=1 -1 3 8 -3 -5 -7 -6 -2 -10 -9 -12 -8 -13
right_child=2 4 -4 5 7 6 12 10 9 -11 11 13 -14 -15
leaf_value=-0.19980701872204923 -0.33560395761496492 0.67210919966058036 0.038054551169597592 1.0192873035989158 -0.20226399068139558 0.35154143715473329 0.35573059834607013 0.55277638097479942 0.28836246579594721 -0.039801635767171488 0.37129644822133218 -0.027467971518134272 0.79136327729091882 0.46033272373935452
leaf_weight=5395 44 40 312 40 350 1640 110 49 1056 166 94 1299 160 45
leaf_count=5395 44 40 312 40 350 1640 110 49 1056 166 94 1299 160 45
internal_value=0.000676704 -0.147562 0.306185 0.332178 0.00263085 0.402648 0.389207 -0.0123045 0.223402 0.243788 0.0325127 0.0144129 0.615851 -0.0108052
internal_weight=10800 7272 3528 3216 1877 1950 1910 1837 1266 1222 1487 1438 270 1344
internal_count=10800 7272 3528 3216 1877 1950 1910 1837 1266 1222 1487 1438 270 1344
is_linear=0
shrinkage=0.05


Tree=61
num_leaves=15
num_cat=0
split_feature=65 65 21 39 25 16 9 13 45 22 53 22 43 20
split_gain=176622 20613.3 9095.8 8407.28 6834.04 5420.06 5341.66 4914.11 4845.56 4757.52 5379.07 6243.76 3852.82 3782.18
threshold=166.25875200000004 28.000000000000004 28.306436770656237 52.875000000000007 105.36956620720093 288.39755700000006 256.50948950000003 0.64887496488424434 52.562500000000007 77.338464890625005 -0.097964660725097366 111.13311288020834 87.875000000000014 278.64649100000008
decision_type=2 2 2 2 2 2 2 2 2 2 2 2 2 2
left_child=1 -1 3 13 9 7 -5 -4 -6 -3 11 -11 -10 -2
right_child=2 4 5 6 8 -7 -8 -9 12 10 -12 -13 -14 -15
leaf_value=-0.18981853408933658 0.31187829062402406 0.34312335073947908 0.12352158519390383 0.2159769334306931 0.48291743432536072 0.7960912936407587 -0.0055468713680291047 0.37131710541700153 0.026721250956250848 -0.18958403638629406 -0.18512079708259868 0.13569789043846028 0.45404872327554424 0.70895657909440468
leaf_weight=5395 186 69 227 765 91 68 422 1770 391 227 622 417 60 90
leaf_count=5395 186 69 227 765 91 68 422 1770 391 227 622 417 60 90
internal_value=0.000661822 -0.140173 0.290911 0.195306 0.00254795 0.358517 0.137283 0.343226 0.152118 -0.0582448 -0.0803739 0.0209249 0.0844507 0.443452
internal_weight=10800 7272 3528 1463 1877 2065 1187 1997 542 1335 1266 644 451 276
internal_count=10800 7272 3528 1463 1877 2065 1187 1997 542 1335 1266 644 451 276
is_linear=0
shrinkage=0.05


Tree=62
num_leaves=15
num_cat=0
split_feature=65 65 31 60 21 38 36 16 32 26 15 48 48 20
split_gain=159424 18609.7 8771.43 6493.6 6379.85 6964.51 5364.39 5150.54 5390.06 6514.64 5918.83 4822.11 7723.16 4359.06
threshold=166.25875200000004 28.000000000000004 18.275000000000002 -0.9733555533461492 29.177304534289629 51.875000000000007 20.53151041666667 288.39755700000006 22.812500000000004 23.962500000000002 72.23584750000002 4.8750000000000009 5.1250000000000009 278.64649100000008
decision_type=2 2 2 2 2 2 2 2 2 2 2 2 2 2
left_child=1 -1 -2 -3 5 13 -5 8 -6 10 -10 -8 -13 -4
right_child=2 3 4 6 7 -7 11 -9 9 -11 -12 12 -14 -15
leaf_value=-0.18032936193794566 0.022311326627203316 0.62479154652030011 0.31278254618441848 -0.18725711419764493 0.46509803595129873 0.16517128334072714 0.43823087248357312 0.80388360675424342 0.335599269380642 0.3568902842458781 -0.083894411065639607 -0.50191025227308284 0.036717809967663578 0.77032955457002694
leaf_weight=5395 310 40 165 350 617 1116 68 63 147 839 194 69 1350 77
leaf_count=5395 310 40 165 350 617 1116 68 63 147 839 194 69 1350 77
internal_value=0.000644473 -0.133158 0.276401 0.00244898 0.300864 0.218178 -0.0114349 0.361083 0.345121 0.282047 0.0973956 0.030047 0.0101916 0.460937
internal_weight=10800 7272 3528 1877 3218 1358 1837 1860 1797 1180 341 1487 1419 242
internal_count=10800 7272 3528 1877 3218 1358 1837 1860 1797 1180 341 1487 1419 242
is_linear=0
shrinkage=0.05


Tree=63
num_leaves=15
num_cat=0
split_feature=65 65 36 22 48 15 17 9 12 7 35 51 26 22
split_gain=144115 19139.6 8220.52 7789.76 5442.67 5877.4 5799.93 5130.45 8939.2 5314.96 4596.66 4596.37 4944.43 5032.46
threshold=178.84713850000003 86.418312 18.666666666666668 141.123860984375 15.625000000000002 215.93381050000002 68.59179836405535 121.97390900000001 202.42022250000002 131.74918700000003 19.830729166666671 2.5000000000000004 23.962500000000002 146.20216796354171
decision_type=2 2 2 2 2 2 2 2 2 2 2 2 2 2
left_child=1 -1 -2 7 5 6 11 9 10 -3 -9 -4 13 -13
right_child=2 3 4 -5 -6 -7 -8 8 -10 -11 -12 12 -14 -15
leaf_value=-0.16530117135087738 -0.11364549982144422 0.26420767921877103 0.17591560672363521 0.22313660396966295 0.025475003122905196 0.50606926320132195 0.45919182175018647 -0.6254175275951237 0.045925147048685527 -0.088055301592757665 -0.19341530320176026 0.1941814235605254 0.43157874359489345 0.76640777573352903
leaf_weight=5767 132 240 1106 387 186 323 388 76 461 192 317 653 532 40
leaf_count=5767 132 240 1106 387 186 323 388 76 461 192 317 653 532 40
internal_value=0.000627893 -0.122114 0.272368 0.0267686 0.288183 0.304232 0.280078 -0.0324525 -0.103445 0.107805 -0.278333 0.25008 0.316842 0.228267
internal_weight=10800 7440 3360 1673 3228 3042 2719 1286 854 432 393 2331 1225 693
internal_count=10800 7440 3360 1673 3228 3042 2719 1286 854 432 393 2331 1225 693
is_linear=0
shrinkage=0.05


Tree=64
num_leaves=15
num_cat=0
split_feature=65 65 65 26 43 9 37 29 45 31 65 36 32 30
split_gain=130257 13200.6 9071.42 7609.32 8591.17 4806.66 6263.18 5204.92 4750.46 4349.3 3979.6 3796.54 3637.93 4098.67
threshold=119.46223000000002 211.78706500000001 24.000000000000004 20.512500000000003 72.875000000000014 263.81563600000004 65.125000000000014 17.925000000000001 47.072916666666679 24.612500000000004 269.03904000000006 25.387500000000006 30.012500000000003 23.762500000000003
decision_type=2 2 2 2 2 2 2 2 2 2 2 2 2 2
left_child=2 3 -1 4 -2 7 -7 -3 -5 11 -8 12 13 -10
right_child=1 5 -4 8 -6 6 10 -9 9 -11 -12 -13 -14 -15
leaf_value=-0.17479621450665256 -0.53832750100465054 0.031755919099757168 -0.046081865477554371 0.45739034180641175 0.034716867494264718 0.30717352218342736 -0.1135637205675023 0.35967393903010009 0.1770928719284881 0.39076165646723332 0.20699570273219417 -0.26392645550625665 0.56775590369781093 -0.065011588072663454
leaf_weight=4691 83 131 1934 124 295 510 201 1619 514 138 185 69 42 264
leaf_count=4691 83 131 1934 124 295 510 201 1619 514 138 185 69 42 264
internal_value=0.000605321 0.219313 -0.137234 0.102261 -0.0921987 0.286887 0.192338 0.335159 0.166149 0.130573 0.0402102 0.0897903 0.11984 0.0949612
internal_weight=10800 4175 6625 1529 378 2646 896 1750 1151 1027 386 889 820 778
internal_count=10800 4175 6625 1529 378 2646 896 1750 1151 1027 386 889 820 778
is_linear=0
shrinkage=0.05


Tree=65
num_leaves=15
num_cat=0
split_feature=65 65 65 36 45 37 43 53 12 36 43 16 31 7
split_gain=117571 11912.2 8187.05 6975.34 4855.1 4419.29 7148.12 4473.27 6758.79 4212.8 3829.86 5855.92 3565.14 3536.45
threshold=119.46223000000002 211.78706500000001 24.000000000000004 20.53151041666667 47.072916666666679 56.875000000000007 68.375000000000014 -0.93540483100319605 255.77468050000002 23.663020833333334 73.375000000000014 232.48416900000004 24.487500000000004 250.11834000000002
decision_type=2 2 2 2 2 2 2 2 2 2 2 2 2 2
left_child=2 3 -1 10 -5 -3 7 8 -7 -8 11 -2 -6 -4
right_child=1 5 13 4 12 6 9 -9 -10 -11 -12 -13 -14 -15
leaf_value=-0.16605827198868009 -0.84423041925197695 0.40125465340703448 -0.05418212708567012 0.44545170510584708 0.074922418331191898 -0.0042222595676173307 0.25855598264657287 -0.0023950103106215479 0.40783133338667271 0.46464833171176378 -0.0063111144157473823 -0.0088404050350866532 0.31521302665097883 0.39435802082634636
leaf_weight=4691 40 534 1890 121 966 171 988 382 237 334 176 43 183 44
leaf_count=4691 40 534 1890 121 966 171 988 382 237 334 176 43 183 44
internal_value=0.000581217 0.208366 -0.130374 0.0971731 0.145393 0.272558 0.239844 0.120633 0.235544 0.310937 -0.138921 -0.416696 0.113434 -0.043779
internal_weight=10800 4175 6625 1529 1270 2646 2112 790 408 1322 259 83 1149 1934
internal_count=10800 4175 6625 1529 1270 2646 2112 790 408 1322 259 83 1149 1934
is_linear=0
shrinkage=0.05


Tree=66
num_leaves=15
num_cat=0
split_feature=65 65 36 22 9 12 7 17 37 43 51 26 42 22
split_gain=106429 14326.8 6744.45 6613.23 4476.58 7555.9 4801.18 4366.63 5515.58 5188.49 5312.52 4116.37 4054.32 3979.21
threshold=178.84713850000003 86.418312 18.666666666666668 141.123860984375 121.97390900000001 202.42022250000002 131.74918700000003 68.59179836405535 59.375000000000007 56.125000000000007 2.5000000000000004 23.962500000000002 93.875000000000014 146.20216796354171
decision_type=2 2 2 2 2 2 2 2 2 2 2 2 2 2
left_child=1 -1 12 4 6 -6 -3 8 -4 -10 -11 13 -2 -12
right_child=2 3 7 -5 5 -7 -8 -9 9 10 11 -13 -14 -15
leaf_value=-0.14228461812428814 -0.29736279191509374 0.2489937731061958 0.33944642154098725 0.2048225096676537 -0.25777668478126936 0.040341736970759642 -0.085804575903659655 0.40588543537554067 -0.02290867807700726 0.11836767477479726 0.18536393342847568 0.43393755314832982 0.2998532302859353 0.69541151581740968
leaf_weight=5767 92 240 786 387 393 461 192 388 265 803 610 336 40 40
leaf_count=5767 92 240 786 387 393 461 192 388 265 803 610 336 40 40
internal_value=0.000559915 -0.104919 0.234083 0.0238902 -0.0306751 -0.0969896 0.10034 0.248409 0.22676 0.183494 0.214064 0.2918 -0.115494 0.217771
internal_weight=10800 7440 3360 1673 1286 854 432 3228 2840 2054 1789 986 132 650
internal_count=10800 7440 3360 1673 1286 854 432 3228 2840 2054 1789 986 132 650
is_linear=0
shrinkage=0.05


Tree=67
num_leaves=15
num_cat=0
split_feature=65 65 22 26 9 65 37 65 35 43 22 24 31 51
split_gain=96071.6 13198.3 6771.82 6223.55 5627.06 5233.84 7319.92 5454.34 7258.88 5218.88 4202.56 3588.28 3244.56 3236.92
threshold=178.84713850000003 24.000000000000004 141.31130992708339 20.987500000000004 263.81563600000004 260.69433450000002 51.625000000000007 228.23518250000004 23.713020833333339 76.625000000000014 121.52319371875001 277.75656700000008 21.812500000000004 2.5000000000000004
decision_type=2 2 2 2 2 2 2 2 2 2 2 2 2 2
left_child=1 -1 -3 9 10 6 -6 -8 -9 -2 12 -4 -5 -10
right_child=3 2 11 4 5 -7 7 8 13 -11 -12 -13 -14 -15
leaf_value=-0.15064441114282975 -0.12169713095420659 -0.046896665080477476 -0.15935196147208486 0.34673573633409899 0.41132250393528746 0.27013393687031301 0.077808184325271715 -0.86214097833564107 -0.37990224369824299 0.1748683610853706 0.27403707251733528 0.22931347966409676 0.66531683974829858 0.23772359016266736
leaf_weight=4691 201 2310 70 211 100 526 219 42 40 559 1286 369 133 43
leaf_count=4691 201 2310 70 211 100 526 219 42 40 559 1286 369 133 43
internal_value=0.000541948 -0.0996734 -0.0126713 0.222411 0.2592 0.163577 0.0370183 -0.0726679 -0.334827 0.0963777 0.315969 0.167118 0.47148 -0.0609066
internal_weight=10800 7440 2749 3360 2600 970 444 344 125 760 1630 439 344 83
internal_count=10800 7440 2749 3360 2600 970 444 344 125 760 1630 439 344 83
is_linear=0
shrinkage=0.05


Tree=68
num_leaves=15
num_cat=0
split_feature=65 65 64 26 43 26 9 53 44 29 32 24 14 31
split_gain=86968.5 9228.97 6349.81 5875.58 6855.86 4182.8 4277.2 4913.59 7280.41 3891.03 3818.22 3489.53 3355.16 3262.53
threshold=119.46223000000002 211.78706500000001 102.28766700000001 20.512500000000003 72.875000000000014 30.425000000000001 263.81563600000004 -0.93540483100319605 54.531250000000007 17.925000000000001 30.087500000000002 274.65417650000006 161.92000579166671 24.612500000000004
decision_type=2 2 2 2 2 2 2 2 2 2 2 2 2 2
left_child=2 3 -1 4 12 6 9 -8 -9 -3 13 -4 -2 -5
right_child=1 5 11 10 -6 -7 7 8 -10 -11 -12 -13 -14 -15
leaf_value=-0.13601478169273115 -0.81225005075698942 0.0088955047871973943 -0.06967242294097524 0.075658300390565356 0.023895718742829017 0.62670683632257274 0.30056555843465543 0.38659460619242203 -0.046763827082877227 0.29244798075116746 0.43959845709614459 0.10622278953591982 -0.17482788010754369 0.33576181446798414
leaf_weight=5349 40 131 857 918 295 66 291 123 443 1592 95 419 43 138
leaf_count=5349 40 131 857 918 295 66 291 123 443 1592 95 419 43 138
internal_value=0.000519328 0.179227 -0.112111 0.08136 -0.0895028 0.235728 0.225488 0.133962 0.047927 0.270907 0.137502 -0.0118758 -0.488032 0.109935
internal_weight=10800 4175 6625 1529 378 2646 2580 857 566 1723 1151 1276 83 1056
internal_count=10800 4175 6625 1529 378 2646 2580 857 566 1723 1151 1276 83 1056
is_linear=0
shrinkage=0.05


Tree=69
num_leaves=15
num_cat=0
split_feature=65 65 26 43 64 15 32 26 17 37 61 51 45 61
split_gain=78536.6 8786.93 6081.23 7009.93 5961.91 5956.54 3688.4 3681.95 3847.25 3717.04 5431.25 4302.12 6235.48 3882.35
threshold=116.68736850000001 214.69806100000002 20.512500000000003 72.875000000000014 202.01100800000003 28.000000000000004 30.087500000000002 30.425000000000001 77.373773850576939 54.625000000000007 -0.68322629814330815 2.5000000000000004 71.843750000000014 -0.9733555533461492
decision_type=2 2 2 2 2 2 2 2 2 2 2 2 2 2
left_child=4 2 3 -2 -1 -6 -4 8 9 -3 13 -12 -13 -11
right_child=1 7 6 -5 5 -7 -8 -9 -10 10 11 12 -14 -15
leaf_value=-0.11942080203115497 -0.47873130232716604 0.34039470320543552 0.10762966506735872 0.021386263826245016 0.39641879094595261 -0.044420296854151803 0.42138785355833969 0.59886829779698303 0.43910168510609576 0.0030273526602887799 -0.13750204991262693 0.29020829825047223 -0.29717588536441325 0.25000464066483769
leaf_weight=6198 89 388 1173 316 109 252 101 64 180 182 220 205 57 1266
leaf_count=6198 89 388 1173 316 109 252 101 64 180 182 220 205 57 1266
internal_value=0.000499641 0.168156 0.079186 -0.0894246 -0.107915 0.0894136 0.132815 0.226409 0.21663 0.199173 0.170621 0.0251734 0.161775 0.218985
internal_weight=10800 4241 1679 405 6559 361 1274 2562 2498 2318 1930 482 262 1448
internal_count=10800 4241 1679 405 6559 361 1274 2562 2498 2318 1930 482 262 1448
is_linear=0
shrinkage=0.05


Tree=70
num_leaves=15
num_cat=0
split_feature=65 12 64 9 26 25 9 65 37 65 5 16 46 47
split_gain=71231.7 10394.5 5565.48 7107.7 5330.34 4516.78 4251.26 4240.97 5979.82 4792 6547.9 3571.1 3290.79 3143.41
threshold=178.84713850000003 205.19718450000002 194.02319200000002 106.36441800000001 19.012500000000003 87.76708810618652 263.81563600000004 260.69433450000002 51.625000000000007 228.23518250000004 200.19951100000003 277.29195150000004 48.302083333333336 66.623697916666686
decision_type=2 2 2 2 2 2 2 2 2 2 2 2 2 2
left_child=1 2 -1 5 -2 -4 11 8 -8 -10 -11 -6 -3 -14
right_child=4 12 3 -5 6 -7 7 -9 9 10 -12 -13 13 -15
leaf_value=-0.11940816030480857 -0.012948746129564226 0.35432854375013939 -0.10296873749822986 -0.16449067833935202 0.23067132595327544 0.29768376633399474 0.36127544054300481 0.22243060659268574 0.052996436833927879 -0.84281582563388646 -0.072521157883280937 0.45294997861406006 -0.29707560867576277 0.086528073718227391
leaf_weight=6121 291 103 97 246 1836 251 100 552 255 40 85 201 58 564
leaf_count=6121 291 103 97 246 1836 251 100 552 255 40 85 201 58 564
internal_value=0.00048295 -0.0858096 -0.105229 0.0408339 0.191528 0.186033 0.210914 0.128042 0.0192591 -0.0714572 -0.323748 0.252816 0.0939546 0.0503385
internal_weight=10800 7440 6715 594 3360 348 3069 1032 480 380 125 2037 725 622
internal_count=10800 7440 6715 594 3360 348 3069 1032 480 380 125 2037 725 622
is_linear=0
shrinkage=0.05


Tree=71
num_leaves=15
num_cat=0
split_feature=65 12 64 9 25 36 17 26 32 48 42 15 32 47
split_gain=64289.3 9382.08 5023.08 6489.97 6066.63 5007.64 3480.73 3812.81 4377.95 3760.8 3409.28 3396.93 3865.2 3810.04
threshold=178.84713850000003 205.19718450000002 194.02319200000002 123.66876400000001 87.76708810618652 18.666666666666668 68.59179836405535 25.062500000000004 22.612500000000004 15.625000000000002 93.875000000000014 217.18543900000003 29.387500000000003 82.167968750000014
decision_type=2 2 2 2 2 2 2 2 2 2 2 2 2 2
left_child=1 2 -1 4 -4 10 7 8 -7 11 -2 13 -13 -9
right_child=5 -3 3 -5 -6 6 -8 9 -10 -11 -12 12 -14 -15
leaf_value=-0.11343872885145818 -0.28587259050979408 0.089266811933666063 -0.13874528827715893 -0.26913021502638224 0.25007177690948929 0.19704797069550697 0.33481788639276072 0.19647038575408168 0.032006628148085553 -0.055589894760680408 0.26187365287687719 0.32800948854881468 0.8181086290914279 0.66529361968455114
leaf_weight=6121 92 725 146 132 316 921 388 820 713 97 40 193 51 45
leaf_count=6121 92 725 146 132 316 921 388 820 713 97 40 193 51 45
internal_value=0.000460869 -0.0815188 -0.0999686 0.0387948 0.127165 0.181958 0.194304 0.174996 0.125095 0.242447 -0.119168 0.268542 0.433369 0.2216
internal_weight=10800 7440 6715 594 462 3360 3228 2840 1634 1206 132 1109 244 865
internal_count=10800 7440 6715 594 462 3360 3228 2840 1634 1206 132 1109 244 865
is_linear=0
shrinkage=0.05


Tree=72
num_leaves=15
num_cat=0
split_feature=65 65 22 26 24 4 33 8 22 47 36 24 54 64
split_gain=58038.9 8681.92 5002.52 4672.86 5884.38 4685.33 3864.42 3509.8 3209.08 3111.66 3815.94 3011.95 2979.03 2928.96
threshold=178.84713850000003 24.000000000000004 141.31130992708339 22.162500000000005 238.41033300000004 177.16038100000003 16.884375000000002 289.75058750000005 27.444602249999999 69.876302083333357 23.663020833333334 277.75656700000008 0.87837969732492682 248.40562600000001
decision_type=2 2 2 2 2 2 2 2 2 2 2 2 2 2
left_child=1 -1 8 5 -5 6 -2 13 -3 -8 -11 -4 -13 -6
right_child=3 2 11 4 7 -7 9 -9 -10 10 -12 12 -14 -15
leaf_value=-0.11878413549113863 -0.33825150553773092 0.27899561512928744 -0.1514170727889303 0.80438441776093983 0.15909123366547118 -0.12662884910777211 -0.073929408010770012 -0.14332884888563838 -0.047292251087282591 0.15364017070082739 0.48568564775038747 0.27500064458873641 -0.080560864467878607 0.27974458109139788
leaf_weight=4691 40 77 70 41 1044 199 126 69 2233 763 97 296 73 981
leaf_count=4691 40 77 70 41 1044 199 126 69 2233 763 97 296 73 981
internal_value=0.000448523 -0.0774441 -0.00688224 0.172897 0.217561 0.094939 0.137995 0.205693 -0.0363 0.157639 0.191612 0.147643 0.204632 0.21765
internal_weight=10800 7440 2749 3360 2135 1225 1026 2094 2310 986 860 439 369 2025
internal_count=10800 7440 2749 3360 2135 1225 1026 2094 2310 986 860 439 369 2025
is_linear=0
shrinkage=0.05


Tree=73
num_leaves=15
num_cat=0
split_feature=65 26 48 12 64 15 24 15 12 33 10 47 51 43
split_gain=52440 6603.16 7127.8 6331.82 4506.93 4684.48 4165.72 4314 4005.25 3608.6 3440.37 3051.83 2411.7 3005.59
threshold=116.68736850000001 24.812500000000004 9.6250000000000018 206.75548900000004 205.19718450000002 28.000000000000004 322.54412650000006 80.875725000000017 121.41262050000002 30.734375000000004 133.78947612500002 82.167968750000014 2.5000000000000004 58.625000000000007
decision_type=2 2 2 2 2 2 2 2 2 2 2 2 2 2
left_child=4 2 8 -4 -1 -6 7 -3 -2 11 -7 -9 -5 -14
right_child=1 6 3 12 5 10 -8 9 -10 -11 -12 -13 13 -15
leaf_value=-0.097984539667529638 0.088329553738390687 0.66049985927447941 -0.27689030045078378 -0.051150913915925605 0.36591902672712295 -0.1293683178617786 -0.19990870305176439 0.18187350953187773 0.25621896146309292 0.53527860564312768 0.32838316869277223 0.55627984948325582 -0.11946256914246484 0.15986437341710646
leaf_weight=6210 796 56 177 390 104 194 57 1357 643 83 51 56 118 508
leaf_count=6210 796 56 177 390 104 194 57 1357 643 83 51 56 118 508
internal_value=0.000432376 0.137431 0.0885956 -0.00178523 -0.0881572 0.0864874 0.217211 0.232649 0.163475 0.216203 -0.0331337 0.197095 0.0463667 0.107105
internal_weight=10800 4241 2632 1193 6559 349 1609 1552 1439 1496 245 1413 1016 626
internal_count=10800 4241 2632 1193 6559 349 1609 1552 1439 1496 245 1413 1016 626
is_linear=0
shrinkage=0.05


Tree=74
num_leaves=15
num_cat=0
split_feature=65 12 26 64 9 22 9 65 37 65 18 16 47 46
split_gain=47504.5 7399.9 4174.12 3867.6 6250.39 3876.66 3548.56 3488.78 4964.52 4530.69 5793.44 2900.67 2878.62 2828.3
threshold=178.84713850000003 205.19718450000002 19.012500000000003 202.01100800000003 106.36441800000001 106.62172396875 263.81563600000004 260.69433450000002 51.625000000000007 228.23518250000004 238.12262443750001 277.29195150000004 69.815104166666671 48.302083333333336
decision_type=2 2 2 2 2 2 2 2 2 2 2 2 2 2
left_child=1 3 -2 -1 5 -5 11 8 -8 -10 -11 -4 -6 -3
right_child=2 13 6 4 12 -7 7 -9 9 10 -12 -13 -14 -15
leaf_value=-0.097767400524983492 -0.024469196637582086 0.32300145141063979 0.19192482729407689 -0.085838451719171899 0.1253921706173847 0.29912840229095766 0.31095378460676071 0.18352212875535812 0.037730043516239681 -0.8169462302835977 -0.092010740251388667 0.39215825679481475 -0.26188487798324106 0.041199680336378816
leaf_weight=6165 291 103 1836 92 66 222 100 552 255 40 85 201 170 622
leaf_count=6165 291 103 1836 92 66 222 100 552 255 40 85 201 170 622
internal_value=0.00042121 -0.0700487 0.156436 -0.0864342 0.0405474 0.186421 0.173592 0.0979141 -0.000712049 -0.0833303 -0.328633 0.211865 -0.153506 0.0816247
internal_weight=10800 7440 3360 6715 550 314 3069 1032 480 380 125 2037 236 725
internal_count=10800 7440 3360 6715 550 314 3069 1032 480 380 125 2037 236 725
is_linear=0
shrinkage=0.05


Tree=75
num_leaves=15
num_cat=0
split_feature=65 65 22 22 26 9 16 43 47 47 14 22 35 43
split_gain=43030.8 7623.54 4046.78 3566.22 3336.19 3718.1 3226.02 3204.6 3131.26 2976.68 2972.26 2928.55 4387.73 2978.97
threshold=191.07091600000004 24.000000000000004 138.91248203125005 27.444602249999999 19.012500000000003 269.54124250000001 287.24088100000006 87.875000000000014 62.804687500000007 78.559895833333357 245.07228858333335 121.52319371875001 21.242708333333336 58.875000000000007
decision_type=2 2 2 2 2 2 2 2 2 2 2 2 2 2
left_child=1 -1 3 9 -2 6 11 8 -4 -3 -7 12 -6 -14
right_child=4 2 7 -5 5 10 -8 -9 -10 -11 -12 -13 13 -15
leaf_value=-0.10306068259177814 -0.014096579549147149 0.56547044091754495 0.42386458547491773 -0.043450531264066831 0.14419200137784385 -0.058261769934732643 0.5187371044879473 0.43736256191979594 0.033547777311876414 -0.026693249621042393 0.15390906631580531 0.16346821923942564 0.12259782757998135 0.57876752719001956
leaf_weight=4691 262 44 56 2250 197 270 78 66 524 40 422 1695 47 158
leaf_count=4691 262 44 56 2250 197 270 78 66 524 40 422 1695 47 158
internal_value=0.000402584 -0.0633394 -0.000798136 -0.0314584 0.156642 0.172244 0.204357 0.109855 0.0718982 0.286491 0.071161 0.192422 0.313793 0.475285
internal_weight=10800 7671 2980 2334 3129 2867 2175 646 580 84 692 2097 402 205
internal_count=10800 7671 2980 2334 3129 2867 2175 646 580 84 692 2097 402 205
is_linear=0
shrinkage=0.05


Tree=76
num_leaves=15
num_cat=0
split_feature=65 26 43 24 49 12 65 47 9 64 15 24 11 32
split_gain=38847.2 5446.72 7207.83 6279.41 5583.65 4281.86 3887.11 4393.16 3658.19 3617.22 3940.41 3342.79 3280.2 3074.87
threshold=116.68736850000001 22.162500000000005 74.125000000000014 238.41033300000004 3.5000000000000004 99.393461500000015 261.40437250000008 61.761718750000007 290.2148160000001 205.98561300000003 28.000000000000004 296.45735250000007 272.67347150000006 24.812500000000004
decision_type=2 2 2 2 2 2 2 2 2 2 2 2 2 2
left_child=9 2 4 -3 -2 -6 7 -5 12 -1 -11 -4 -9 -8
right_child=1 3 11 6 5 -7 13 8 -10 10 -12 -13 -14 -15
leaf_value=-0.084617008305241992 -0.00092362629289463756 0.76178445594255317 0.088929527438074377 0.60214266089553181 -0.80954697983605528 -0.20732082873582841 0.36541644158023234 0.083224987985219573 -0.2583351227907198 0.34065507627951291 -0.028045436333180691 0.46371223453491456 0.29301421359397989 0.16874484081469296
leaf_weight=6213 280 42 1097 43 41 103 307 1412 69 102 244 62 214 571
leaf_count=6213 280 42 1097 43 41 103 307 1412 69 102 244 62 214 571
internal_value=0.000395861 0.11831 0.0448463 0.162028 -0.131346 -0.383189 0.152112 0.108686 0.0958205 -0.0758527 0.0813151 0.109361 0.110999 0.23785
internal_weight=10800 4241 1583 2658 424 144 2616 1738 1695 6559 346 1159 1626 878
internal_count=10800 4241 1583 2658 424 144 2616 1738 1695 6559 346 1159 1626 878
is_linear=0
shrinkage=0.05


Tree=77
num_leaves=15
num_cat=0
split_feature=65 65 22 22 26 9 0 51 32 26 34 45 9 43
split_gain=35437.3 6338.11 3497.83 3240.01 2892.13 3322.77 2904.25 4735.85 2920.43 3952.5 3175.6 3012.2 2969.62 2796.27
threshold=191.07091600000004 24.000000000000004 137.7884817291667 27.444602249999999 19.012500000000003 269.54124250000001 272.38507200000004 1.5000000000000002 22.762500000000003 22.812500000000004 20.521875000000005 89.760416666666671 248.16158650000003 87.875000000000014
decision_type=2 2 2 2 2 2 2 2 2 2 2 2 2 2
left_child=1 -1 3 -3 -2 6 8 -8 9 11 -10 -6 -12 -4
right_child=4 2 13 -5 5 -7 7 -9 10 -11 12 -13 -14 -15
leaf_value=-0.093678801474363915 -0.016787556028737202 0.27198116235873282 0.06195739697524482 -0.042693225676488478 0.14496133778979217 0.061151513357849699 -0.068395575656081148 0.47015598911231243 -0.19320994033190755 0.40953785370521506 0.21941163781817805 0.58741779276510575 0.039966862803945943 0.3847847754955292
leaf_weight=4691 262 84 642 2180 663 692 52 185 80 231 481 40 443 74
leaf_count=4691 262 84 642 2180 663 692 52 185 80 231 481 40 443 74
internal_value=0.000384303 -0.0574608 -0.000435445 -0.0309031 0.142169 0.156696 0.187053 0.352202 0.166685 0.230322 0.107315 0.170935 0.133515 0.0958124
internal_weight=10800 7671 2980 2264 3129 2867 2175 237 1938 934 1004 703 924 716
internal_count=10800 7671 2980 2264 3129 2867 2175 237 1938 934 1004 703 924 716
is_linear=0
shrinkage=0.05


Tree=78
num_leaves=15
num_cat=0
split_feature=65 12 61 9 17 47 31 52 52 65 22 24 46 47
split_gain=31989.8 5827.81 3183.21 4751.8 4524.51 4190.62 2785.35 2737.01 3029.37 2554.82 2543.41 2704.22 2497.67 2910.47
threshold=191.07091600000004 205.19718450000002 -0.3520614488341256 128.30735650000003 13.663158637717466 73.467447916666671 16.862500000000004 0.95642797789208711 0.93540483100319638 79.608916500000007 25.219638276041668 296.45735250000007 48.302083333333336 66.623697916666686
decision_type=2 2 2 2 2 2 2 2 2 2 2 2 2 2
left_child=1 2 3 4 10 -5 -2 8 -4 -9 -1 -12 -3 -14
right_child=6 12 7 5 -6 -7 -8 9 -10 -11 11 -13 13 -15
leaf_value=0.32034610060026064 -0.18675112444342989 0.28848001776380583 -0.088609073492556714 -0.04443875277148826 0.24008427781024666 -0.69592021432187823 0.14197345621183052 -0.14075361414694451 0.17212394381824292 -0.62974230186505764 -0.053305796335216732 0.27655014263070898 -0.27280496143868993 0.065431013921684475
leaf_weight=52 65 110 5094 55 197 44 3064 70 113 43 1063 65 69 696
leaf_count=52 65 110 5094 55 197 44 3064 70 113 43 1063 65 69 696
internal_value=0.000375442 -0.0545839 -0.0702219 -0.00525051 0.0189042 -0.33805 0.135087 -0.0882434 -0.0829188 -0.330721 -0.0181937 -0.03407 0.0668155 0.0346071
internal_weight=10800 7671 6796 1476 1377 99 3129 5320 5207 113 1180 1128 875 765
internal_count=10800 7671 6796 1476 1377 99 3129 5320 5207 113 1180 1128 875 765
is_linear=0
shrinkage=0.05


Tree=79
num_leaves=15
num_cat=0
split_feature=65 12 64 9 17 38 61 45 49 43 21 16 9 35
split_gain=28871.7 5260.36 2934.48 4510.56 2607.77 2999.09 3577.2 2702.75 2881.51 2870.66 2475.7 2434.83 2499.87 2369.34
threshold=191.07091600000004 205.19718450000002 194.02319200000002 106.36441800000001 77.373773850576939 54.625000000000007 -0.68322629814330815 87.968750000000014 1.0000000180025095e-35 58.625000000000007 37.65607577428819 285.75061850000003 252.15600850000001 23.748958333333338
decision_type=2 2 2 2 2 2 2 2 2 2 2 2 2 2
left_child=1 2 -1 10 5 -2 13 8 9 -8 -4 12 -10 -7
right_child=4 -3 3 -5 -6 6 7 -9 11 -11 -12 -13 -14 -15
leaf_value=-0.077271980367845203 0.22931404038511141 0.063479325549090151 0.092624164313862209 -0.13184364091921671 0.31274269959305351 0.12263178711254329 -0.11720983114093542 -0.3826739661129458 0.10631747730741543 0.33087030951865021 0.46990090455114847 0.31745800555994119 -0.12582781343969207 0.39876097349858863
leaf_weight=6160 494 875 341 246 180 1569 49 41 167 127 49 47 374 81
leaf_count=6160 494 875 341 246 180 1569 49 41 167 127 49 47 374 81
internal_value=0.000353858 -0.0518584 -0.0667155 0.03549 0.128332 0.116974 0.0942845 0.00785669 0.0292873 0.206163 0.141106 -0.0239153 -0.0541035 0.136421
internal_weight=10800 7671 6796 636 3129 2949 2455 805 764 176 390 588 541 1650
internal_count=10800 7671 6796 636 3129 2949 2455 805 764 176 390 588 541 1650
is_linear=0
shrinkage=0.05


Tree=80
num_leaves=15
num_cat=0
split_feature=65 65 46 7 22 48 47 26 9 22 35 32 14 65
split_gain=26061.7 4829.83 3057.45 2868.65 2646.14 5413.73 2692.68 2479.02 2834.69 2588.18 3687.01 3278.78 2555.45 2530.16
threshold=191.07091600000004 24.000000000000004 48.302083333333336 241.43146650000003 27.444602249999999 5.1250000000000009 78.559895833333357 19.012500000000003 269.54124250000001 121.52319371875001 21.242708333333336 26.312500000000004 245.07228858333335 258.70220500000011
decision_type=2 2 2 2 2 2 2 2 2 2 2 2 2 2
left_child=1 -1 -3 4 6 -6 -4 -2 9 10 -9 -12 13 -10
right_child=7 2 3 -5 5 -7 -8 8 12 -11 11 -13 -14 -15
leaf_value=-0.080879053853306127 -0.025200217477127404 0.22862624262592623 0.52021586550606624 0.26706634403930768 -0.46245015604155404 -0.016843928963751888 -0.042610849185687742 0.10898479539712874 -0.26493520867345594 0.13565512630991472 0.52623910852289668 0.13644877669469613 0.12389656582420105 0.048434246579062444
leaf_weight=4691 262 139 44 89 69 2599 40 197 104 1731 166 81 422 166
leaf_count=4691 262 139 44 89 69 2599 40 197 104 1731 166 81 422 166
internal_value=0.000343614 -0.0492628 0.000516802 -0.0107203 -0.0197977 -0.0285372 0.254855 0.121935 0.135385 0.163421 0.271123 0.399479 0.0471552 -0.0728032
internal_weight=10800 7671 2980 2841 2752 2668 84 3129 2867 2175 444 247 692 270
internal_count=10800 7671 2980 2841 2752 2668 84 3129 2867 2175 444 247 692 270
is_linear=0
shrinkage=0.05


Tree=81
num_leaves=15
num_cat=0
split_feature=65 12 61 9 17 47 31 52 52 65 9 37 65 15
split_gain=23523.6 4477.23 2523.88 4167.51 3910.07 3797.11 2349.2 2335.77 2554.19 2326.23 3202.4 3217.37 3552.09 6083.1
threshold=191.07091600000004 205.19718450000002 -0.3520614488341256 128.30735650000003 13.663158637717466 73.363281250000014 16.862500000000004 0.95642797789208711 0.93540483100319638 261.40437250000008 258.63541800000007 50.375000000000007 228.23518250000004 194.06041950000002
decision_type=2 2 2 2 2 2 2 2 2 2 2 2 2 2
left_child=1 2 3 4 -1 -5 -2 8 -4 10 -8 -12 -13 -14
right_child=6 -3 7 5 -6 -7 9 -9 -10 -11 11 12 13 -15
leaf_value=-0.014521954689946917 -0.17966594217401563 0.05960902400414745 -0.076858574294679835 -0.029396988370201806 0.22558000087173602 -0.64815831469452911 0.12954352787558449 -0.30053633545574393 0.16254129312409646 0.17566870831073822 0.25712616450388681 0.036025970687821381 -0.77335645304549316 -0.076378810472413905
leaf_weight=1180 65 875 5094 54 197 45 1293 113 113 1222 90 294 41 124
leaf_count=1180 65 875 5094 54 197 45 1293 113 113 1222 90 294 41 124
internal_value=0.000332002 -0.0467969 -0.0605037 -0.00265247 0.0199669 -0.314321 0.11585 -0.0765506 -0.071633 0.122176 0.0866127 -0.0145494 -0.0682623 -0.253183
internal_weight=10800 7671 6796 1476 1377 99 3129 5320 5207 3064 1842 549 459 165
internal_count=10800 7671 6796 1476 1377 99 3129 5320 5207 3064 1842 549 459 165
is_linear=0
shrinkage=0.05


Tree=82
num_leaves=15
num_cat=0
split_feature=65 19 64 22 9 64 33 65 15 26 51 47 36 25
split_gain=21229.2 4226.72 2574.65 4193.98 2902.32 2749.55 2324.12 2256.91 2175.56 3205.49 2756.72 4353.34 2867.61 2863.29
threshold=191.07091600000004 210.49128250000004 202.01100800000003 109.33251054687501 119.46223000000002 223.56636350000002 16.993750000000002 81.492148500000013 265.97355050000004 30.725000000000005 2.5000000000000004 78.783854166666671 22.301041666666666 108.0147368726637
decision_type=2 2 2 2 2 2 2 2 2 2 2 2 2 2
left_child=1 2 -1 7 -5 -6 -2 -4 9 10 12 -12 -8 -14
right_child=6 -3 3 4 5 -7 8 -9 -10 -11 11 -13 13 -15
leaf_value=-0.06028912066779897 -0.26435061911257302 0.15653330043642488 -0.0068997735185618693 0.23441808819495882 0.2623912713676691 -0.19177373693138364 -0.058091744028222092 -0.34094846671583451 -0.21258750370144847 0.45750352606393285 0.23255816443604616 0.066455698004622754 0.14742081284368033 -0.06018443575395005
leaf_weight=6788 40 252 132 270 49 99 371 81 49 68 870 723 799 209
leaf_count=6788 40 252 132 270 49 99 371 81 49 68 870 723 799 209
internal_value=0.000310527 -0.0444611 -0.0513085 0.0452437 0.137159 -0.0406564 0.110051 -0.134932 0.114983 0.120331 0.112465 0.15726 0.0606433 0.104359
internal_weight=10800 7671 7419 631 418 148 3129 213 3089 3040 2972 1593 1379 1008
internal_count=10800 7671 7419 631 418 148 3129 213 3089 3040 2972 1593 1379 1008
is_linear=0
shrinkage=0.05


Tree=83
num_leaves=15
num_cat=0
split_feature=65 26 43 12 22 8 47 22 51 37 25 41 61 13
split_gain=19245 3950.98 5260.87 4726.09 3934.23 3666.25 3849.47 5438.02 4589.06 3143.28 3266.84 2744.87 2351.9 4442.87
threshold=116.68736850000001 23.962500000000002 74.125000000000014 99.393461500000015 147.55319502604172 299.42234450000007 71.428385416666671 145.39236452083335 2.5000000000000004 54.625000000000007 92.61157077834612 70.875000000000014 -0.68322629814330815 3.1392281656120145
decision_type=2 2 2 2 2 2 2 2 2 2 2 2 2 2
left_child=12 2 3 -2 -4 6 7 -3 9 -8 -11 -10 13 -1
right_child=1 5 4 -5 -6 -7 8 -9 11 10 -12 -13 -14 -15
leaf_value=-0.0060249670219677462 -0.47955634686208914 0.35315603294138742 0.07587721393801089 -0.028547747868591336 0.44762028884887695 -0.32121451281790819 0.19785403370970989 0.041546778242484157 -0.057891734633768836 0.22483621521944733 -0.14850517634005467 0.21660740605131878 -0.062949256172064566 0.43429678515531123
leaf_weight=546 62 413 1419 747 74 42 130 212 106 70 336 630 5950 63
leaf_count=546 62 413 1419 747 74 42 130 212 106 70 336 630 5950 63
internal_value=0.000296678 0.08329 0.0389715 -0.0636614 0.0945898 0.135858 0.146142 0.247693 0.0960887 -0.015203 -0.0837417 0.177049 -0.0533707 0.0401628
internal_weight=10800 4241 2302 809 1493 1939 1897 625 1272 536 406 736 6559 609
internal_count=10800 4241 2302 809 1493 1939 1897 625 1272 536 406 736 6559 609
is_linear=0
shrinkage=0.05


Tree=84
num_leaves=15
num_cat=0
split_feature=65 19 17 14 9 15 15 22 30 34 26 64 19 24
split_gain=17496.8 3592.92 2256.91 2661 3052.99 2642.6 2363.19 2269.47 3027.4 2513.13 2137.08 2131.75 2945.84 3309.25
threshold=191.07091600000004 210.49128250000004 68.59179836405535 245.07228858333335 274.28284400000007 265.97355050000004 184.793192 105.48478607812503 21.062500000000004 17.779166666666672 24.212500000000002 102.91330200000002 207.58805900000002 273.14664800000008
decision_type=2 2 2 2 2 2 2 2 2 2 2 2 2 2
left_child=1 11 3 4 7 -5 -6 8 -2 -9 -4 -1 13 -13
right_child=2 -3 10 5 6 -7 -8 9 -10 -11 -12 12 -14 -15
leaf_value=-0.062107089857042823 0.11400970012308997 0.14495272537317908 0.17141328535831368 0.16656684487871151 -0.48999152281543329 -0.20685742115974426 -0.043856539951131035 -0.26067241634899641 0.51700301952660088 0.051936434517183133 0.55069791660422374 -0.038287809042443915 -0.34182417974120283 0.10432604315027594
leaf_weight=5571 284 252 345 963 41 49 102 67 55 1182 41 1164 60 624
leaf_count=5571 284 252 345 963 41 49 102 67 55 1182 41 1164 60 624
internal_value=0.000285951 -0.0403598 0.0999134 0.0839252 0.0462258 0.1483 -0.174284 0.06618 0.18072 0.0349721 0.213019 -0.046673 -0.00013672 0.011514
internal_weight=10800 7671 3129 2743 1731 1012 143 1588 339 1249 386 7419 1848 1788
internal_count=10800 7671 3129 2743 1731 1012 143 1588 339 1249 386 7419 1848 1788
is_linear=0
shrinkage=0.05


Tree=85
num_leaves=15
num_cat=0
split_feature=65 12 60 9 65 35 36 26 47 17 38 61 45 22
split_gain=15793.3 3354.97 2128.3 2095.27 4399.97 4052.93 3541.88 2569.1 2069.48 2065.06 2083.29 2937.35 2376.69 2478.97
threshold=191.07091600000004 205.19718450000002 -0.72947329433276231 128.30735650000003 91.384633000000022 19.669270833333336 25.466666666666672 18.425000000000001 68.430989583333357 77.373773850576939 54.625000000000007 -0.68322629814330815 87.968750000000014 123.50618886979167
decision_type=2 2 2 2 2 2 2 2 2 2 2 2 2 2
left_child=1 3 -3 4 -1 -5 7 -6 -9 10 -2 -12 13 -13
right_child=9 2 -4 5 6 -7 -8 8 -10 -11 11 12 -14 -15
leaf_value=-0.056198599514766572 0.17844289668656962 0.024198669372302528 0.25943819365125487 -0.52894355042791763 -0.19822934692377572 -0.09560924480246584 0.46589979466389525 -0.20481419664508893 0.12604819368980993 0.25897246523585316 0.10410983094078677 0.14463184626764936 -0.3785623801073858 -0.051360441627455268
leaf_weight=5623 494 766 109 60 90 475 54 52 442 180 1650 230 41 534
leaf_count=5623 494 766 109 60 90 475 54 52 442 180 1650 230 41 534
internal_value=0.0002734 -0.0383431 0.0537655 -0.0502084 -0.0420778 -0.145104 0.0822689 0.0460604 0.0908772 0.0949269 0.0848295 0.0659275 -0.0123666 0.00775441
internal_weight=10800 7671 875 6796 6261 535 638 584 494 3129 2949 2455 805 764
internal_count=10800 7671 875 6796 6261 535 638 584 494 3129 2949 2455 805 764
is_linear=0
shrinkage=0.05


Tree=86
num_leaves=15
num_cat=0
split_feature=65 0 41 41 9 12 4 9 65 36 35 26 46 31
split_gain=14254.7 3135 2596.84 2110.72 1979.56 2528.98 2531.57 2193.34 3045.32 3719.6 2994.06 2740.11 2500.9 1969.65
threshold=191.07091600000004 234.97078550000003 54.375000000000007 69.375000000000014 227.85165700000002 198.03651700000003 243.76816550000004 137.47383600000003 92.337511500000019 26.055989583333339 19.669270833333336 18.425000000000001 77.703125000000014 16.862500000000004
decision_type=2 2 2 2 2 2 2 2 2 2 2 2 2 2
left_child=1 4 -3 -4 5 7 -7 8 -1 11 -9 -10 -13 -2
right_child=13 2 3 -5 -6 6 -8 10 9 -11 -12 12 -14 -15
leaf_value=-0.053401603530307443 -0.18031773710002502 0.44896500609775497 -0.072939120347308387 0.17075969810881045 -0.23582194871904161 0.3608947877341242 0.025174566113889046 -0.53006405496597286 -0.2240579016348149 0.48646661844500838 -0.10940862241009555 -0.094637119880921786 0.13532957203220577 0.095980035923294141
leaf_weight=5691 65 46 171 183 131 66 348 49 93 46 281 167 399 3064
leaf_count=5691 65 46 171 183 131 66 348 49 93 46 281 167 399 3064
internal_value=0.000259953 -0.0364273 0.0996898 0.0531669 -0.0439282 -0.0403749 0.0794358 -0.0477602 -0.0412579 0.0567072 -0.173282 0.0260172 0.06743 0.0901846
internal_weight=10800 7671 400 354 7271 7140 414 6726 6396 705 330 659 566 3129
internal_count=10800 7671 400 354 7271 7140 414 6726 6396 705 330 659 566 3129
is_linear=0
shrinkage=0.05


Tree=87
num_leaves=15
num_cat=0
split_feature=53 49 24 9 53 39 24 42 21 65 0 31 22 27
split_gain=12947.9 4977.61 5927.9 3792.8 3800.16 3902.23 3751.27 3735.23 3358.77 3098.21 2830.17 2634.67 2559.48 2960.99
threshold=-0.16280825711808986 3.5000000000000004 274.65417650000006 266.89225100000004 -0.93540483100319605 54.625000000000007 299.02505250000007 76.375000000000014 25.974928544904586 154.31620500000005 272.38507200000004 21.212500000000002 147.55319502604172 28.725000000000005
decision_type=2 2 2 2 2 2 2 2 2 2 2 2 2 2
left_child=1 3 9 10 -5 -6 -7 8 -4 -3 -1 -12 13 -9
right_child=-2 2 7 4 5 6 -8 12 -10 -11 11 -13 -14 -15
leaf_value=0.12045965131736136 -0.049056014973308852 -0.019025180802265507 -0.010511216183878342 0.19671723057441282 0.14373436592105363 -0.082489729575553838 -0.56615292926629379 0.078829931422161312 0.46860886065940549 -0.20841298762311333 0.014557366381431448 0.40792241109309163 0.41706648574803362 -0.26629772162751147
leaf_weight=1744 5963 1168 52 208 179 373 44 340 122 264 57 168 43 75
leaf_count=1744 5963 1168 52 208 179 373 44 340 122 264 57 168 43 75
internal_value=0.000247986 0.061027 0.00223013 0.104774 0.0132398 -0.0510148 -0.134756 0.129661 0.326182 -0.0540613 0.142125 0.308775 0.0544516 0.0159673
internal_weight=10800 4837 2064 2773 804 596 417 632 174 1432 1969 225 458 415
internal_count=10800 4837 2064 2773 804 596 417 632 174 1432 1969 225 458 415
is_linear=0
shrinkage=0.05


Tree=88
num_leaves=15
num_cat=0
split_feature=65 19 33 19 64 24 43 37 34 9 25 49 24 16
split_gain=11711.7 2755.19 1922.05 1916.97 2174.24 2615.35 1913.44 4106.14 2837.06 3014.23 2195.9 1896.44 3046.07 1886.14
threshold=191.07091600000004 210.49128250000004 16.993750000000002 207.58805900000002 105.70697350000002 272.97323950000003 68.625000000000014 63.875000000000007 22.189583333333335 267.44138750000008 93.213788882682579 3.5000000000000004 284.15934500000009 288.39755700000006
decision_type=2 2 2 2 2 2 2 2 2 2 2 2 2 2
left_child=1 3 -2 4 -1 -6 7 13 11 10 -10 -8 -13 -4
right_child=2 -3 6 -5 5 -7 8 -9 9 -11 -12 12 -14 -15
leaf_value=-0.05121753089319464 -0.25860681500876459 0.12925909254626322 0.091345455443963552 -0.31104384469799701 -0.032985546099135302 0.095352895379602953 0.10995528354257422 -0.057960357253686492 0.51499985978007323 0.022669338062405588 0.22688056015357061 -0.2296051933211477 0.15647600612238699 0.36386439113513286
leaf_weight=5630 40 252 822 63 1109 617 901 584 87 139 283 114 91 68
leaf_count=5630 40 252 822 63 1109 617 901 584 87 139 283 114 91 68
internal_value=0.000238576 -0.0330156 0.0817485 -0.0385443 -0.0361685 0.0129207 0.0862381 0.0450015 0.123823 0.221427 0.295833 0.0787451 -0.0582952 0.112552
internal_weight=10800 7671 3129 7419 7356 1726 3089 1474 1615 509 370 1106 205 890
internal_count=10800 7671 3129 7419 7356 1726 3089 1474 1615 509 370 1106 205 890
is_linear=0
shrinkage=0.05


Tree=89
num_leaves=15
num_cat=0
split_feature=53 49 24 42 9 53 39 36 21 65 0 51 33 36
split_gain=10786.7 4087.41 4993.16 3379.55 3270.51 3432.95 3464.81 3086.19 2971.36 2771.92 2513.39 2970.92 2411.32 2406.1
threshold=-0.16280825711808986 3.5000000000000004 274.65417650000006 76.375000000000014 266.89225100000004 -0.93540483100319605 55.375000000000007 24.375000000000004 25.974928544904586 154.31620500000005 265.35616800000008 1.5000000000000002 20.940625000000004 24.743229166666669
decision_type=2 2 2 2 2 2 2 2 2 2 2 2 2 2
left_child=1 4 9 8 10 -6 -7 -8 -4 -3 -1 -12 -11 -10
right_child=-2 2 3 -5 5 6 7 -9 13 12 11 -13 -14 -15
leaf_value=0.10287631933193327 -0.044771332153252116 -0.016100341274336911 -0.010367948660310711 0.047849020697095297 0.18474178971749458 0.11727772981956089 -0.086538684292513338 -0.52688578630487126 0.69999171925278814 -0.36492136707290629 -0.060789355428781937 0.31316671504789972 -0.060682028313886194 0.2465705237351358
leaf_weight=1602 5963 1168 52 458 208 202 350 44 51 116 64 303 148 71
leaf_count=1602 5963 1168 52 458 208 202 350 44 51 116 64 303 148 71
internal_value=0.000230209 0.0557054 0.00242476 0.119377 0.0953481 0.0103521 -0.0507162 -0.136924 0.306304 -0.0492385 0.130032 0.247966 -0.195236 0.440265
internal_weight=10800 4837 2064 632 2773 804 596 394 174 1432 1969 367 264 122
internal_count=10800 4837 2064 632 2773 804 596 394 174 1432 1969 367 264 122
is_linear=0
shrinkage=0.05


Tree=90
num_leaves=15
num_cat=0
split_feature=65 46 51 47 29 32 26 49 47 10 47 46 65 9
split_gain=9832.6 3076.79 1960.8 2837.07 3311.17 2878.49 2780.48 2362.34 3489.09 2475.31 2192.01 3349.92 2132.39 1976.19
threshold=210.85402500000004 48.302083333333336 2.5000000000000004 78.904947916666671 17.525000000000002 26.237500000000004 30.425000000000001 3.5000000000000004 81.811197916666671 263.43669387500006 77.423177083333357 82.703125000000014 257.49774850000006 256.17617500000006
decision_type=2 2 2 2 2 2 2 2 2 2 2 2 2 2
left_child=1 -1 6 4 -4 10 12 8 9 -5 -6 -12 13 -2
right_child=2 -3 3 7 5 -7 -8 -9 -10 -11 11 -13 -14 -15
leaf_value=0.1846684161928438 0.025408087106799329 -0.031561733869070657 -0.22296011044861791 0.028781322292856844 0.22360025982888343 0.068983034785776373 0.37859049110036147 -0.17702766135334969 0.22462215063932503 -0.38346507802259094 0.12626927228168 0.70105046695944939 0.076985296687359081 -0.17894877996572323
leaf_weight=167 285 7966 46 237 407 245 56 101 242 42 42 65 698 201
leaf_count=167 285 7966 46 237 407 245 56 101 242 42 42 65 698 201
internal_value=0.000221205 -0.0270996 0.0835147 0.123463 0.185383 0.210392 0.037479 0.0431578 0.0860999 -0.0344252 0.27753 0.478694 0.0210395 -0.0593038
internal_weight=10800 8133 2667 1427 805 759 1240 622 521 279 514 107 1184 486
internal_count=10800 8133 2667 1427 805 759 1240 622 521 279 514 107 1184 486
is_linear=0
shrinkage=0.05


Tree=91
num_leaves=15
num_cat=0
split_feature=53 49 24 51 31 22 36 49 9 46 47 22 31 65
split_gain=9121.26 3868.09 4370.56 2900.94 3133.84 2829.39 4039.31 2957.26 3037.46 2684.02 3919.07 3472.83 3109.17 2538.99
threshold=-0.097964660725097366 3.5000000000000004 274.65417650000006 2.5000000000000004 16.862500000000004 145.39236452083335 24.711067708333339 1.5000000000000002 255.21291950000003 64.156250000000014 71.428385416666671 145.09375083333336 23.212500000000002 154.31620500000005
decision_type=2 2 2 2 2 2 2 2 2 2 2 2 2 2
left_child=1 3 13 5 -5 6 7 -1 -9 -4 12 -12 -11 -3
right_child=-2 2 9 4 -6 -7 -8 8 -10 10 11 -13 -14 -15
leaf_value=0.099273340975791644 -0.042940040783575939 -0.017790523355576168 -0.058467357171353401 -0.1675677872767829 0.14831529109094338 -0.12731633473518286 0.28613275964102097 0.030158845292949262 -0.26061097265636496 0.58311217973629637 -0.019905250593758073 0.43306463625209002 0.16110664532728949 -0.18607674305034927
leaf_weight=527 5738 1233 179 82 1515 230 173 228 147 80 248 50 97 273
leaf_count=527 5738 1233 179 82 1515 230 173 228 147 80 248 50 97 273
internal_value=0.000214983 0.0491319 -0.00153273 0.0868299 0.132001 0.0314926 0.065557 0.0229815 -0.0842129 0.1063 0.168383 0.0572906 0.354048 -0.0483998
internal_weight=10800 5062 2160 2902 1597 1305 1075 902 375 654 475 298 177 1506
internal_count=10800 5062 2160 2902 1597 1305 1075 902 375 654 475 298 177 1506
is_linear=0
shrinkage=0.05


Tree=92
num_leaves=15
num_cat=0
split_feature=65 26 24 35 51 24 24 24 49 24 36 26 34 12
split_gain=8296.1 3908.18 3458.92 6364.07 3314.16 5102.41 3047.26 4090.17 3983.72 2921.59 4198.98 3297.1 3286.19 3307.15
threshold=86.418312 18.912500000000005 238.41033300000004 21.679166666666671 2.5000000000000004 271.97287000000006 291.91166700000002 288.22990800000008 2.5000000000000004 316.47486500000008 25.257291666666671 29.475000000000005 28.043750000000006 270.73891950000007
decision_type=2 2 2 2 2 2 2 2 2 2 2 2 2 2
left_child=-1 -2 3 -3 5 -4 7 -6 -8 11 -11 12 -7 -14
right_child=1 2 4 -5 6 9 8 -9 -10 10 -12 -13 13 -15
leaf_value=-0.040727192146699405 -0.11237573232997407 0.12395591833649229 -0.097076860717824023 0.77594089561038548 0.092652190993231201 0.079488635676499511 0.058599124888756453 -0.19533083543717636 0.51728107999973949 0.0050371473709094356 -0.57169287321044171 0.25843557288366581 0.11982557872931164 -0.4623991127362696
leaf_weight=5767 356 226 784 44 1884 911 97 131 92 137 40 232 41 58
leaf_count=5767 356 226 784 44 1884 911 97 131 92 137 40 232 41 58
internal_value=0.000208217 0.0471123 0.0592735 0.232677 0.0485994 0.00522261 0.0919345 0.0738421 0.28342 0.0617718 -0.127777 0.0888658 0.0496981 -0.222489
internal_weight=10800 5033 4677 270 4407 2203 2204 2015 189 1419 177 1242 1010 99
internal_count=10800 5033 4677 270 4407 2203 2204 2015 189 1419 177 1242 1010 99
is_linear=0
shrinkage=0.05


Tree=93
num_leaves=15
num_cat=0
split_feature=53 17 26 51 41 41 21 22 47 46 44 34 49 36
split_gain=7770.66 2779.91 2475.85 2388.65 3599.5 2747.65 2713.76 2609.08 2932.89 3093.02 2258.27 2563.7 1830.96 2917.04
threshold=-0.16280825711808986 12.616352131789155 30.725000000000005 2.5000000000000004 83.125000000000014 84.125000000000014 31.332372389245492 145.09375083333336 69.582031250000014 66.281250000000014 51.687500000000007 28.043750000000006 3.5000000000000004 19.066145833333337
decision_type=2 2 2 2 2 2 2 2 2 2 2 2 2 2
left_child=1 -1 3 4 6 -6 10 8 9 -8 -3 -12 -5 -14
right_child=-2 2 -4 12 5 -7 7 -9 -10 -11 11 -13 13 -15
leaf_value=-0.0074953045587851201 -0.037995040058820449 0.17655376718968763 0.32648890794829488 0.136581436684275 -0.5115217826413837 -0.076609244323028083 0.080126365341923467 -0.048896581878264747 0.10389150536404031 0.57156422021565967 -0.04257095729110269 -0.4302649183236823 0.38483627157247802 -0.023202062961047848
leaf_weight=1566 5963 97 93 1270 43 211 54 179 406 79 331 48 48 412
leaf_count=1566 5963 97 93 1270 43 211 54 179 406 79 331 48 48 412
internal_value=0.00020036 0.0472853 0.073506 0.0660024 0.0186005 -0.151953 0.0549793 0.116293 0.171141 0.37412 -0.0375561 -0.0926751 0.105644 0.0201183
internal_weight=10800 4837 3271 3178 1448 254 1194 718 539 133 476 379 1730 460
internal_count=10800 4837 3271 3178 1448 254 1194 718 539 133 476 379 1730 460
is_linear=0
shrinkage=0.05


Tree=94
num_leaves=15
num_cat=0
split_feature=53 49 24 42 9 53 39 24 21 24 32 51 65 22
split_gain=7014.22 2576.64 3631.61 2637.75 2604.42 2930.07 2764.36 3150.03 2411.41 2328.15 2286.24 2124.94 2263.35 1910.28
threshold=-0.16280825711808986 3.5000000000000004 274.65417650000006 76.375000000000014 266.89225100000004 -0.93540483100319605 54.625000000000007 299.02505250000007 25.974928544904586 271.88509600000003 30.275000000000002 3.5000000000000004 229.94297600000002 140.47510308854169
decision_type=2 2 2 2 2 2 2 2 2 2 2 2 2 2
left_child=1 4 9 8 10 -6 -7 13 -4 -3 -1 -5 -13 -8
right_child=-2 2 3 11 5 6 7 -9 -10 -11 -12 12 -14 -15
leaf_value=0.096727181921035424 -0.036095606690924806 -0.020614735927012118 -0.017619945235409825 -0.021519507575155715 0.16168708277055238 0.10810944060484569 -0.12451114083954527 -0.52163648161623211 0.38818680590124632 -0.23667346506608999 0.38215839824039644 0.40253244087100032 -0.0638887267382372 0.19712403393178077
leaf_weight=1897 5963 1295 52 348 208 179 320 44 122 137 72 69 41 53
leaf_count=1897 5963 1295 52 348 208 179 320 44 122 137 72 69 41 53
internal_value=0.000193126 0.0449277 0.00262427 0.102365 0.0764027 0.000565565 -0.0558414 -0.126309 0.267504 -0.0414359 0.107353 0.03918 0.229675 -0.0784048
internal_weight=10800 4837 2064 632 2773 804 596 417 174 1432 1969 458 110 373
internal_count=10800 4837 2064 632 2773 804 596 417 174 1432 1969 458 110 373
is_linear=0
shrinkage=0.05


Tree=95
num_leaves=15
num_cat=0
split_feature=0 9 65 61 15 9 8 31 16 1 46 39 8 8
split_gain=6349.06 2798.97 3081.55 2659.12 2675.46 2184 2165.96 2125.11 2894.05 2012.1 3280.62 3779.77 1910.18 1710.82
threshold=204.79491400000003 250.10529400000004 262.00496750000008 -0.68322629814330815 42.523274000000008 227.85165700000002 286.87046450000008 20.337500000000002 280.4522685 277.21077400000007 61.072916666666679 51.375000000000007 260.21102450000006 256.84630900000008
decision_type=2 2 2 2 2 2 2 2 2 2 2 2 2 2
left_child=3 7 6 4 13 -5 9 8 -2 -3 11 -11 -4 -1
right_child=1 2 12 5 -6 -7 -8 -9 -10 10 -12 -13 -14 -15
leaf_value=0.053315742581320894 0.090622586929882176 -0.04061705370947577 0.18390304310303229 -0.033978934649607599 -0.10787077797482625 -0.35937263503527417 -0.34176219618664339 0.18872079267262951 -0.33560990804563401 0.28265370421678476 0.44445600358148418 -0.36560158458623021 0.023978089172866382 0.3605440487252905
leaf_weight=1296 296 838 382 6385 271 51 51 627 45 45 59 43 365 46
leaf_count=1296 296 838 382 6385 271 51 51 627 45 45 59 43 365 46
internal_value=0.000186683 0.0657478 0.0285563 -0.0222263 0.0351643 -0.0366128 -0.0272578 0.134152 0.033558 -0.0106438 0.159344 -0.0346562 0.105897 0.0641073
internal_weight=10800 2751 1783 8049 1613 6436 1036 968 341 985 147 88 747 1342
internal_count=10800 2751 1783 8049 1613 6436 1036 968 341 985 147 88 747 1342
is_linear=0
shrinkage=0.05


Tree=96
num_leaves=15
num_cat=0
split_feature=65 26 22 46 51 24 17 24 11 24 24 26 34 24
split_gain=5840.26 3385.36 3150.12 6380.48 3015.36 4202.2 2517.99 2513.39 3759.41 3582.44 2460.44 2724.34 3626.73 3206.12
threshold=86.418312 18.912500000000005 41.172908354166672 81.276041666666671 2.5000000000000004 271.97287000000006 2.5927198770225745e-06 291.91166700000002 195.96326550000003 288.22990800000008 281.04792900000001 28.912500000000005 28.043750000000006 317.16974600000003
decision_type=2 2 2 2 2 2 2 2 2 2 2 2 2 2
left_child=-1 -2 3 -3 5 -4 -5 9 -9 -6 -7 12 -12 -13
right_child=1 2 4 6 7 10 -8 8 -10 -11 11 13 -14 -15
leaf_value=-0.034168609075976686 -0.10890179939061946 0.79678982089205486 -0.094131062550977473 -0.24016412852740868 0.083016453309981073 0.1484948903769486 0.20208654211377663 0.66160488412292162 0.1329608619833986 -0.18719530700357589 -0.0078037750458080828 0.2160265464695138 -0.38706277521992372 -0.2507260523736477
leaf_weight=5767 356 40 772 40 1941 442 150 43 146 130 634 227 69 43
leaf_count=5767 356 40 772 40 1941 442 150 43 146 130 634 227 69 43
internal_value=0.000177549 0.0395316 0.0508508 0.230895 0.0414891 -0.000369177 0.108211 0.0819775 0.256083 0.0659727 0.0508161 0.00633708 -0.0455253 0.141041
internal_weight=10800 5033 4677 230 4447 2187 190 2260 189 2071 1415 973 703 270
internal_count=10800 5033 4677 230 4447 2187 190 2260 189 2071 1415 973 703 270
is_linear=0
shrinkage=0.05


Tree=97
num_leaves=15
num_cat=0
split_feature=53 17 26 24 24 61 25 17 46 26 51 65 65 20
split_gain=5378.62 2383.95 2129.63 2300.88 2743.71 2512.49 1798.84 1716.11 1774.74 1495.16 2439.4 2377.36 5885.79 2437.69
threshold=-0.097964660725097366 12.616352131789155 30.725000000000005 300.20324800000009 294.91375700000009 -0.9733555533461492 110.42341374092932 68.59179836405535 77.036458333333357 23.962500000000002 1.5000000000000002 150.63429550000004 177.93233050000003 263.84994950000004
decision_type=2 2 2 2 2 2 2 2 2 2 2 2 2 2
left_child=1 -1 3 4 7 -5 -6 9 -9 11 -11 -3 -13 -14
right_child=-2 2 -4 5 6 -7 -8 8 -10 10 -12 12 13 -15
leaf_value=-0.010620864037641781 -0.032966024201479517 0.1315917171392357 0.29180817266888159 -0.40783484352193772 0.1389350419816969 -0.011303736493340695 0.50581634862856439 0.44435957445530222 0.11532227473193142 -0.030150161756102519 0.12262496922278834 -0.598837114464153 0.010795317033236154 -0.3790810747616758
leaf_weight=1695 5738 279 97 49 88 199 54 47 291 362 935 43 882 41
leaf_count=1695 5738 279 97 49 88 199 54 47 291 362 935 43 882 41
internal_value=0.000172981 0.0377366 0.0620764 0.0551746 0.0671944 -0.0909739 0.281015 0.056558 0.162252 0.042446 0.0799942 0.00329672 -0.0338552 -0.00691465
internal_weight=10800 5062 3367 3270 3022 248 142 2880 338 2542 1297 1245 966 923
internal_count=10800 5062 3367 3270 3022 248 142 2880 338 2542 1297 1245 966 923
is_linear=0
shrinkage=0.05


Tree=98
num_leaves=15
num_cat=0
split_feature=65 26 22 46 31 36 26 32 35 24 49 44 47 17
split_gain=4892.49 3115.18 2800.72 6032.72 2478.53 2650.98 2612.98 3158.79 2706.74 2595.13 4857.6 3436.17 2576.25 2080.13
threshold=86.418312 16.862500000000004 41.172908354166672 81.276041666666671 16.862500000000004 18.951302083333335 24.312500000000004 22.112500000000004 19.621875000000003 296.45735250000007 3.5000000000000004 82.031250000000014 82.167968750000014 2.5927198770225745e-06
decision_type=2 2 2 2 2 2 2 2 2 2 2 2 2 2
left_child=-1 -2 3 -3 -4 -6 7 9 -9 10 -7 -11 -8 -5
right_child=1 2 4 13 5 6 12 8 -10 11 -12 -13 -14 -15
leaf_value=-0.031270294160712996 -0.36901527961042335 0.75368529747172097 -0.21806185732082445 -0.15085020623509848 0.31610753622960797 0.091140084935102367 0.064522698903263731 -0.31888279772185268 -0.039389881243461933 0.034592750890735997 -0.12692387058520638 0.62570794468576263 0.40582477194175387 0.18279636505336228
leaf_weight=5767 46 40 97 62 82 916 1897 93 1111 56 353 43 56 181
leaf_count=5767 46 40 97 62 82 916 1897 93 1111 56 353 43 56 181
internal_value=0.000165676 0.0361852 0.039996 0.192488 0.0307829 0.0360685 0.0309251 -0.00218779 -0.0612253 0.0497789 0.0304287 0.295029 0.0745118 0.0973991
internal_weight=10800 5033 4987 283 4704 4607 4525 2572 1204 1368 1269 99 1953 243
internal_count=10800 5033 4987 283 4704 4607 4525 2572 1204 1368 1269 99 1953 243
is_linear=0
shrinkage=0.05


Tree=99
num_leaves=15
num_cat=0
split_feature=53 49 22 40 12 9 64 65 21 24 37 41 29 34
split_gain=4539.62 2051.27 2988.88 3300.3 3078.99 2090.46 2452.07 2332.27 3355.84 5062.02 2477.09 2057.87 1847.67 2691.19
threshold=-0.097964660725097366 3.5000000000000004 147.55319502604172 76.875000000000014 278.70920300000006 266.89225100000004 248.40562600000001 277.88047750000004 22.364424300113068 291.63912650000003 72.875000000000014 54.625000000000007 29.275000000000002 29.079166666666669
decision_type=2 2 2 2 2 2 2 2 2 2 2 2 2 2
left_child=1 5 4 -4 -3 11 7 8 -7 10 -10 -1 13 -13
right_child=-2 2 3 -5 -6 6 -8 -9 9 -11 -12 12 -14 -15
leaf_value=0.43936563265032885 -0.030281786850666494 -0.024803912381189792 0.029974832798221281 0.60869000601332368 0.38040547852093975 0.050322716813238848 0.10960342777525199 0.21594683084366545 -0.0092082369449705669 -0.66815669861837079 -0.38391495137926074 0.076816086782044143 -0.22226240136185471 0.37117444514124487
leaf_weight=40 5738 2011 62 40 47 188 290 61 153 51 61 1930 48 80
leaf_count=40 5738 2011 62 40 47 188 290 61 153 51 61 1930 48 80
internal_value=0.00016304 0.0346728 -0.0022218 0.260628 -0.0153696 0.0621252 -0.00642317 -0.0719714 -0.111132 -0.225432 -0.117306 0.088385 0.0813532 0.0887106
internal_weight=10800 5062 2160 102 2058 2902 804 514 453 265 214 2098 2058 2010
internal_count=10800 5062 2160 102 2058 2902 804 514 453 265 214 2098 2058 2010
is_linear=0
shrinkage=0.05


Tree=100
num_leaves=15
num_cat=0
split_feature=53 48 20 29 15 65 8 25 29 46 34 15 32 26
split_gain=4115.48 1704.12 2792.38 3603.55 1963.51 2810.7 1897.55 2663.4 2001.85 2146.93 1733.21 1726.48 3449.92 1720.64
threshold=-0.16280825711808986 9.6250000000000018 248.46519700000002 19.512500000000003 126.58159800000001 218.78746250000003 200.46031700000003 100.22833971946149 28.812500000000004 50.760416666666679 25.39895833333334 217.18543900000003 29.737500000000004 24.812500000000004
decision_type=2 2 2 2 2 2 2 2 2 2 2 2 2 2
left_child=1 13 -3 -4 5 -5 10 -8 11 -10 -6 -9 -13 -1
right_child=-2 2 3 4 6 -7 7 8 9 -11 -12 12 -14 -15
leaf_value=0.071347677146979732 -0.027637391798463987 -0.037851006126355322 0.44881457368111505 -0.010521785575305908 0.2672211821551525 -0.46929720900509331 -0.1147972845661973 0.044394368654914501 0.08540809646852919 -0.29335107595022575 0.052167020006719689 0.10092932625149174 0.50392469284472186 0.3827038087922594
leaf_weight=1311 5963 1426 55 163 185 41 252 695 73 75 190 260 66 45
leaf_count=1311 5963 1426 55 163 185 41 252 695 73 75 190 260 66 45
internal_value=0.000159257 0.0344253 0.0158923 0.053186 0.0420873 -0.104566 0.058794 0.0323388 0.0641278 -0.107211 0.158689 0.089045 0.183809 0.0819547
internal_weight=10800 4837 3481 2055 2000 204 1796 1421 1169 148 375 1021 326 1356
internal_count=10800 4837 3481 2055 2000 204 1796 1421 1169 148 375 1021 326 1356
is_linear=0
shrinkage=0.05


Tree=101
num_leaves=15
num_cat=0
split_feature=61 49 22 46 26 52 65 33 24 51 31 22 30 43
split_gain=3786.87 2515.3 3912.79 5692.89 2994.66 2364.71 2386.24 2294.19 3259.46 2117.51 2411.88 2282.17 2625.95 2059.92
threshold=-0.32143946530316164 3.5000000000000004 147.55319502604172 76.901041666666671 16.862500000000004 0.95642797789208711 79.608916500000007 20.940625000000004 246.46162000000001 2.5000000000000004 26.812500000000004 145.39236452083335 19.762500000000003 74.125000000000014
decision_type=2 2 2 2 2 2 2 2 2 2 2 2 2 2
left_child=1 4 7 -4 -1 -2 -7 8 -3 11 -11 12 -6 -10
right_child=5 2 3 -5 9 6 -8 -9 13 10 -12 -13 -14 -15
leaf_value=-0.34908331139456661 -0.019823474993698076 0.01018076880605983 0.012479812233398358 0.74712832744528612 -0.17168440752715436 -0.067180916813897415 -0.53821987089785661 0.015965287658278343 -0.40223775702045084 0.10406052059960075 0.41454970945011493 -0.11718200965379387 0.093709224173661149 -0.12586700942575327
leaf_weight=41 6404 304 74 40 105 70 43 1107 103 1251 65 222 775 196
leaf_count=41 6404 304 74 40 105 70 43 1107 103 1251 65 222 775 196
internal_value=0.000155939 0.0366725 -0.00781677 0.274506 0.0696629 -0.0238449 -0.249575 -0.0267878 -0.105171 0.0769046 0.119699 0.0257373 0.061884 -0.222095
internal_weight=10800 4283 1824 114 2459 6517 113 1710 603 2418 1316 1102 880 299
internal_count=10800 4283 1824 114 2459 6517 113 1710 603 2418 1316 1102 880 299
is_linear=0
shrinkage=0.05


Tree=102
num_leaves=15
num_cat=0
split_feature=0 9 65 8 9 31 16 8 1 46 21 46 33 61
split_gain=3569.96 2189.04 2365.49 1852.02 1826.26 1713.8 2456.45 1651.78 1627.96 2724.55 2915.32 1450.45 1812.45 1444.46
threshold=204.79491400000003 250.10529400000004 262.00496750000008 286.87046450000008 227.85165700000002 20.337500000000002 280.4522685 260.21102450000006 277.21077400000007 64.156250000000014 23.982376234201517 65.661458333333357 27.128125000000004 -0.68322629814330815
decision_type=2 2 2 2 2 2 2 2 2 2 2 2 2 2
left_child=4 5 3 8 13 6 -2 11 -3 10 -10 -4 -13 -1
right_child=1 2 7 -5 -6 -7 -8 -9 9 -11 -12 12 -14 -15
leaf_value=0.028057488022536478 0.072104348768307666 -0.044054966205697738 0.42393001824617382 -0.32329833119247975 -0.27468657086000725 0.15880044964468404 -0.32056565827325634 0.0080535566281588356 0.20724522444109122 0.44075243550599841 -0.33978653271886999 0.16325155099492558 -0.19181620703396821 -0.025097293760471831
leaf_weight=1597 296 838 44 51 67 627 45 365 59 48 40 298 40 6385
leaf_count=1597 296 838 44 51 67 627 45 365 59 48 40 298 40 6385
internal_value=0.000146322 0.0493076 0.0164232 -0.0324718 -0.0166601 0.109799 0.0194999 0.0841874 -0.0171012 0.135813 -0.0149653 0.156722 0.12079 -0.0144602
internal_weight=10800 2751 1783 1036 8049 968 341 747 985 147 99 382 338 7982
internal_count=10800 2751 1783 1036 8049 968 341 747 985 147 99 382 338 7982
is_linear=0
shrinkage=0.05


Tree=103
num_leaves=15
num_cat=0
split_feature=0 9 65 8 9 32 22 3 31 16 8 25 4 16
split_gain=3222.54 1974.97 2136 1696.39 1650.89 1628.22 2720.85 1664.76 1547.85 2221.24 1491.8 1403.27 1396.14 1781.23
threshold=204.79491400000003 250.10529400000004 262.00496750000008 284.01228000000009 227.85165700000002 28.812500000000004 145.39236452083335 277.21077400000007 20.337500000000002 280.4522685 260.21102450000006 103.46998804815223 286.66023200000001 276.69339350000001
decision_type=2 2 2 2 2 2 2 2 2 2 2 2 2 2
left_child=4 8 3 5 -1 6 -3 -7 9 -2 -4 -12 13 -10
right_child=1 2 10 -5 -6 7 -8 -9 12 -11 11 -13 -14 -15
leaf_value=-0.013737132385439089 0.068511270428145379 -0.02144480825026426 0.14893769822217157 -0.27418454353933902 -0.26115422308006708 0.010839484398271523 -0.43946414508107234 0.34892038470297532 0.11619189442753941 -0.30488581845293877 -0.15212846873700619 0.067466185146363711 -0.081656837160304446 0.30933416134916075
leaf_weight=7982 296 773 382 66 67 101 40 56 398 45 99 266 58 171
leaf_count=7982 296 773 382 66 67 101 40 56 398 45 99 266 58 171
internal_value=0.000138927 0.0468469 0.0156116 -0.0308511 -0.0158288 -0.0140291 -0.0425262 0.132874 0.104305 0.0184886 0.080005 0.00765198 0.150873 0.174677
internal_weight=10800 2751 1783 1036 8049 970 813 157 968 341 747 365 627 569
internal_count=10800 2751 1783 1036 8049 970 813 157 968 341 747 365 627 569
is_linear=0
shrinkage=0.05


Tree=104
num_leaves=15
num_cat=0
split_feature=61 44 20 13 9 0 8 48 14 24 65 15 64 30
split_gain=3062.26 2250.89 2612.56 2079.46 1639.26 1762.02 1493.44 1269.69 1670.9 2523.39 1530.11 2639.48 1234.98 1254.95
threshold=-0.68322629814330815 53.781250000000007 278.56941200000006 1.985878015540792 75.408333500000012 204.79491400000003 281.26576050000006 8.8750000000000018 242.38877983333336 300.20324800000009 229.94297600000002 173.17063300000004 214.78298450000003 20.487500000000004
decision_type=2 2 2 2 2 2 2 2 2 2 2 2 2 2
left_child=3 2 6 7 -5 12 -2 -1 9 10 -9 -12 13 -6
right_child=1 -3 -4 4 5 -7 -8 8 -10 -11 11 -13 -14 -15
leaf_value=0.076148880021974896 0.045254309015442133 -0.023783856858595936 0.22763039263663815 0.35092143137007953 0.058373457582387246 0.13541529735900951 -0.20583073373721994 -0.0049731961234372006 0.11028543115182617 -0.42625116429395149 -0.5095298092473638 -0.042867623803892523 -0.0071510495912360779 0.36925177746249932
leaf_weight=382 417 7303 191 55 112 655 68 591 169 44 43 98 627 45
leaf_count=382 417 7303 191 55 112 655 68 591 169 44 43 98 627 45
internal_value=0.000129765 -0.0157015 0.07152 0.0448972 0.0853344 0.0749468 0.00969955 -0.000658958 -0.0317549 -0.062791 -0.040392 -0.187769 0.0243196 0.149252
internal_weight=10800 7979 676 2821 1494 1439 485 1327 945 776 732 141 784 157
internal_count=10800 7979 676 2821 1494 1439 485 1327 945 776 732 141 784 157
is_linear=0
shrinkage=0.05


Tree=105
num_leaves=15
num_cat=0
split_feature=61 44 13 20 22 12 12 9 0 8 31 8 43 35
split_gain=2763.85 2056.58 1879.49 1835.96 2679.18 1530.39 2108.91 1482.75 1589.72 1480.05 1360.76 1189.2 1154.03 1721.14
threshold=-0.68322629814330815 58.031250000000007 1.985878015540792 277.29195150000004 150.95053180208336 295.75362100000007 280.98731900000001 75.408333500000012 204.79491400000003 281.26576050000006 20.337500000000002 256.84630900000008 77.125000000000014 19.621875000000003
decision_type=2 2 2 2 2 2 2 2 2 2 2 2 2 2
left_child=2 3 12 9 10 6 -3 -4 11 -2 -5 -9 13 -1
right_child=1 5 7 4 -6 -7 -8 8 -10 -11 -12 -13 -14 -15
leaf_value=-0.19347975610999774 0.033948138502061694 -0.023436564582431312 0.33368867928262003 -0.028587642676300474 -0.18211624650094582 0.26635838694042629 -0.30125523246284847 0.0065619804024014058 0.12865485381817718 -0.20179660733292504 0.27724800980672604 0.25183904650357536 0.066138866562824486 -0.0031312491204984862
leaf_weight=140 592 6905 55 44 48 44 68 732 655 74 204 52 434 753
leaf_count=140 592 6905 55 44 48 44 68 732 655 74 204 52 434 753
internal_value=0.000123984 -0.0149162 0.0426543 0.0536056 0.156989 -0.0243165 -0.0261886 0.081098 0.0712187 0.00749101 0.22309 0.0231304 -0.000656024 -0.0331562
internal_weight=10800 7979 2821 962 296 7017 6973 1494 1439 666 248 784 1327 893
internal_count=10800 7979 2821 962 296 7017 6973 1494 1439 666 248 784 1327 893
is_linear=0
shrinkage=0.05


Tree=106
num_leaves=15
num_cat=0
split_feature=16 29 36 24 16 24 22 16 31 20 46 65 43 52
split_gain=2566.72 4260.29 2452.39 3073.41 2957.03 2661.39 2066.26 1895.86 2672.45 3074.84 3729.3 2238.5 2016.05 1660.77
threshold=248.46519700000002 19.512500000000003 21.809635416666669 266.72196350000007 276.3691280000001 266.21698650000002 150.95053180208336 277.29195150000004 21.612500000000004 280.04660650000005 64.406250000000014 271.87691450000005 56.375000000000007 0.72947329433276253
decision_type=2 2 2 2 2 2 2 2 2 2 2 2 2 2
left_child=13 -2 4 5 -3 -4 7 -5 9 -9 12 -10 -11 -1
right_child=1 2 3 6 -6 -7 -8 8 11 10 -12 -13 -14 -15
leaf_value=-0.030149962988596443 0.41050546882968209 0.19020311859511846 -0.057155963037019746 0.0064006712198933753 -0.22749230180246138 -0.4452282664756621 -0.18474069795980352 0.29964848925861032 0.24612003136311233 -0.47963807026545208 0.32411524297838867 -0.11457894153986126 -0.093915594200081873 0.018499225757550447
leaf_weight=5393 75 369 155 1332 47 61 106 64 323 44 43 49 140 2599
leaf_count=5393 75 369 155 1332 47 61 106 64 323 44 43 49 140 2599
internal_value=0.000119779 0.0412334 0.0309533 0.0108588 0.142579 -0.168297 0.0293488 0.0408108 0.109829 -0.00372462 -0.0901962 0.198429 -0.188248 -0.0143289
internal_weight=10800 2808 2733 2317 416 216 2101 1995 663 291 227 372 184 7992
internal_count=10800 2808 2733 2317 416 216 2101 1995 663 291 227 372 184 7992
is_linear=0
shrinkage=0.05


Tree=107
num_leaves=15
num_cat=0
split_feature=65 64 51 21 64 46 51 12 46 47 9 11 32 54
split_gain=2462.39 1908.19 1893.78 2644.32 1615.73 1719.62 1503.53 1527.98 1523.85 1499.48 1434.22 1508.79 1336.22 1304.99
threshold=261.40437250000008 265.84829400000007 3.5000000000000004 56.302449845339844 265.09664550000008 86.046875000000014 1.5000000000000002 253.23797050000005 85.484375000000014 74.970052083333357 290.2148160000001 272.67347150000006 29.887500000000003 1.0000000180025095e-35
decision_type=2 2 2 2 2 2 2 2 2 2 2 2 2 2
left_child=1 10 -3 -4 6 -6 9 8 -8 -2 11 -1 13 -13
right_child=4 2 3 -5 5 -7 7 -9 -10 -11 -12 12 -14 -15
leaf_value=-0.014855893254936005 0.079037027288642203 0.043063522609918914 0.58583335507483714 0.020825203543617613 0.032970876207060004 -0.24141227332445292 0.032618698105216025 0.25204183591135382 0.27661024656646499 -0.27719233036041263 -0.22049905905522499 0.20371679975459839 0.34068634433027073 -0.083074265572874034
leaf_weight=8789 89 378 41 41 469 64 293 221 81 43 82 72 51 86
leaf_count=8789 89 378 41 41 469 64 293 221 81 43 82 72 51 86
internal_value=0.000113154 -0.0085656 0.090674 0.306984 0.0657784 -0.000366079 0.114206 0.148029 0.0860585 -0.038219 -0.0136026 -0.0116928 0.12076 0.0480746
internal_weight=10800 9540 460 82 1260 533 727 595 374 132 9080 8998 209 158
internal_count=10800 9540 460 82 1260 533 727 595 374 132 9080 8998 209 158
is_linear=0
shrinkage=0.05


Tree=108
num_leaves=15
num_cat=0
split_feature=61 15 2 30 41 34 13 19 32 44 16 24 4 14
split_gain=2266.39 1658.66 2020.3 1898.45 1848.33 1724.89 1592.46 1480.55 1837.88 1438.9 1636.79 1452.9 1270.07 2056.49
threshold=-0.68322629814330815 206.32641350000003 266.95445250000006 23.762500000000003 51.875000000000007 29.456250000000001 1.5075811321767023 210.49128250000004 27.712500000000002 63.031250000000007 278.40259850000001 293.19208500000008 42.523274000000008 243.30722287500006
decision_type=2 2 2 2 2 2 2 2 2 2 2 2 2 2
left_child=6 2 -2 5 -5 9 12 8 -6 11 -11 -3 -1 -14
right_child=1 3 -4 4 7 -7 -8 -9 -10 10 -12 -13 13 -15
leaf_value=0.043115608070783205 -0.020470672892988234 0.094823867571954476 -0.36832981029791489 0.20919255112678237 -0.059202742328500896 0.41361304579324848 0.069229763232688812 0.012752441157818784 -0.39284296563220406 0.046034686770733628 -0.30635333049406366 0.36299642842984009 -0.11820224102750004 0.11024718599608885
leaf_weight=590 6844 280 41 70 121 41 1695 252 62 167 40 61 407 129
leaf_count=590 6844 280 41 70 121 41 1695 252 62 167 40 61 407 129
internal_value=0.000112266 -0.0135073 -0.0225954 0.0436562 -0.0274561 0.10457 0.0386253 -0.06593 -0.17376 0.080737 -0.0232051 0.143717 -0.007465 -0.063118
internal_weight=10800 7979 6885 1094 505 589 2821 435 183 548 207 341 1126 536
internal_count=10800 7979 6885 1094 505 589 2821 435 183 548 207 341 1126 536
is_linear=0
shrinkage=0.05


Tree=109
num_leaves=15
num_cat=0
split_feature=65 26 22 29 17 7 48 31 51 26 45 24 49 24
split_gain=2062.29 2357.06 2757.2 5946.96 2378.85 2134.07 3591.48 1742.36 2124.46 2480.22 3956.61 2773.06 2330.09 3982.52
threshold=24.000000000000004 16.512500000000003 30.15955740104167 21.512500000000003 2.5927198770225745e-06 250.11834000000002 5.1250000000000009 16.512500000000003 2.5000000000000004 28.987500000000004 60.885416666666679 317.16974600000003 3.5000000000000004 293.19208500000008
decision_type=2 2 2 2 2 2 2 2 2 2 2 2 2 2
left_child=-1 -2 3 4 -3 6 -4 -8 9 -9 11 -11 -10 -14
right_child=1 2 5 -5 -6 -7 7 8 12 10 -12 -13 13 -15
leaf_value=-0.024823593713082327 -0.34539924792268062 -0.16679682600578027 -0.32932972849199649 0.69416824465102334 0.20751699430661069 0.30244997511326804 -0.19344177485741293 -0.033233556251943352 0.084644424563126125 0.088787336851929091 0.51100484094783372 -0.34156756638771013 -0.026348856805987586 0.44868953506583753
leaf_weight=4691 43 69 75 46 107 63 96 2236 1815 344 50 41 1079 45
leaf_count=4691 43 69 75 46 107 63 96 2236 1815 344 50 41 1079 45
internal_value=0.0001071 0.0192519 0.0218933 0.194448 0.0606557 0.0153062 0.0121252 0.0166702 0.0202996 -0.0119747 0.0971262 0.0421912 0.0496249 -0.00694849
internal_weight=10800 6109 6066 222 176 5844 5781 5706 5610 2671 435 385 2939 1124
internal_count=10800 6109 6066 222 176 5844 5781 5706 5610 2671 435 385 2939 1124
is_linear=0
shrinkage=0.05


Tree=110
num_leaves=15
num_cat=0
split_feature=65 64 51 21 64 36 51 12 46 47 9 46 49 36
split_gain=1969.98 1551.04 1557.5 2370.36 1458.71 1588.07 1322.15 1326.62 1317.68 1305.18 1273.34 1311.25 1411.32 3762.37
threshold=261.40437250000008 265.84829400000007 3.5000000000000004 56.302449845339844 265.09664550000008 22.238281250000004 1.5000000000000002 253.23797050000005 85.484375000000014 74.970052083333357 290.2148160000001 48.302083333333336 1.0000000180025095e-35 26.055989583333339
decision_type=2 2 2 2 2 2 2 2 2 2 2 2 2 2
left_child=1 10 -3 -4 6 -6 9 8 -8 -2 11 -1 13 -13
right_child=4 2 3 -5 5 -7 7 -9 -10 -11 -12 12 -14 -15
leaf_value=0.13101486588787775 0.071347898211744101 0.03863908804038977 0.54198358945903324 0.0073602681691270506 -0.27838777106565737 0.023050346777839417 0.029145894200718475 0.2334863018185773 0.25602614051866823 -0.26100960231640119 -0.20714481824403067 0.018294467227556607 -0.021106037509089823 0.4567569984086588
leaf_weight=160 89 378 41 41 47 486 293 221 81 43 82 1206 7582 50
leaf_count=160 89 378 41 41 47 486 293 221 81 43 82 1206 7582 50
internal_value=0.000105802 -0.00765685 0.0818149 0.277981 0.0588396 -0.00400205 0.104854 0.136572 0.0788348 -0.0380685 -0.0121981 -0.0103987 -0.0129733 0.0360987
internal_weight=10800 9540 460 82 1260 533 727 595 374 132 9080 8998 8838 1256
internal_count=10800 9540 460 82 1260 533 727 595 374 132 9080 8998 8838 1256
is_linear=0
shrinkage=0.05


Tree=111
num_leaves=15
num_cat=0
split_feature=61 37 20 13 9 26 31 29 9 16 45 43 35 8
split_gain=1850.07 1346.49 1794.26 1320.84 1323.17 1376.72 1428.97 1519.67 1141.75 1214.03 1059.41 1024.55 1899.34 903.378
threshold=-0.68322629814330815 51.375000000000007 278.56941200000006 1.985878015540792 75.408333500000012 22.512500000000003 26.587500000000002 19.512500000000003 103.72645050000001 261.28771000000006 86.052083333333357 70.125000000000014 19.621875000000003 299.42234450000007
decision_type=2 2 2 2 2 2 2 2 2 2 2 2 2 2
left_child=3 2 -2 11 -5 10 7 -7 -9 -10 -6 12 -1 -3
right_child=1 13 -4 4 5 6 -8 8 9 -11 -12 -13 -14 -15
leaf_value=-0.27424997364636511 0.009593715917536369 -0.016229258351908502 0.22112941461458913 0.30569821585501944 -0.042446883800362115 0.31319218598194976 0.36443871621415025 0.29368310765344269 -0.05137296036467618 0.099494441140998147 0.081246552358660226 0.041808631349286002 -0.014168438851468913 -0.24347233144058422
leaf_weight=79 374 7426 136 55 420 66 49 48 215 348 293 674 574 43
leaf_count=79 374 7426 136 55 420 66 49 48 215 348 293 674 574 43
internal_value=0.000105323 -0.0121999 0.0663256 0.0349017 0.0671296 0.0578053 0.106222 0.0870226 0.0621201 0.0418918 0.00842626 -0.00140514 -0.0460044 -0.0175699
internal_weight=10800 7979 510 2821 1494 1439 726 677 611 563 713 1327 653 7469
internal_count=10800 7979 510 2821 1494 1439 726 677 611 563 713 1327 653 7469
is_linear=0
shrinkage=0.05


Tree=112
num_leaves=15
num_cat=0
split_feature=65 10 46 39 64 46 9 65 5 48 12 9 22 47
split_gain=1697.45 1377.82 1655.22 2742.76 1309.96 1560.83 1180.29 2172.88 3713.58 1961.72 1506.73 1919.46 2040.8 2190.23
threshold=261.40437250000008 277.04082750000003 64.406250000000014 52.625000000000007 264.65405750000008 86.046875000000014 256.17617500000006 228.23518250000004 191.15904850000001 16.625000000000004 205.19718450000002 157.72236450000003 144.3220852135417 69.101562500000014
decision_type=2 2 2 2 2 2 2 2 2 2 2 2 2 2
left_child=1 6 3 -3 -2 -6 10 9 -9 -8 -1 -12 13 -13
right_child=4 2 -4 -5 5 -7 7 8 -10 -11 11 12 -14 -15
leaf_value=-0.013294469532187528 0.098943178106843915 0.22151126543189897 0.36211568673123734 -0.20890453691665944 0.027717899030247885 -0.22997071370482447 0.020213188768442102 -0.60792023993056754 -0.091447454615661949 -0.28055211787803042 0.35679456473638615 0.30511086303521606 -0.12023613192758507 0.039441813379354637
leaf_weight=7451 717 85 52 64 477 66 431 45 145 61 47 84 180 895
leaf_count=7451 717 85 52 64 477 66 431 45 145 61 47 84 180 895
internal_value=0.000105095 -0.00710064 0.122096 0.0364745 0.0546252 -0.00396853 -0.00989406 -0.0731739 -0.216312 -0.0175703 -0.00490098 0.0469243 0.0340617 0.0625248
internal_weight=10800 9540 201 149 1260 543 9339 682 190 492 8657 1206 1159 979
internal_count=10800 9540 201 149 1260 543 9339 682 190 492 8657 1206 1159 979
is_linear=0
shrinkage=0.05


Tree=113
num_leaves=15
num_cat=0
split_feature=61 13 9 37 20 43 26 64 0 9 0 65 65 0
split_gain=1623.24 1167.19 1161.61 1144.41 1488.5 976.79 1231.25 971.085 960.782 1139.63 2387.51 1184.19 1085.88 1051.06
threshold=-0.68322629814330815 1.5075811321767023 274.28284400000007 51.375000000000007 278.56941200000006 76.875000000000014 20.962500000000002 188.27934300000004 260.90748600000006 103.72645050000001 121.29276450000002 232.458088 77.844594000000015 204.79491400000003
decision_type=2 2 2 2 2 2 2 2 2 2 2 2 2 2
left_child=1 2 5 4 -2 6 7 -1 9 10 11 12 -3 -11
right_child=3 8 -4 -5 -6 -7 -8 -9 -10 13 -12 -13 -14 -15
leaf_value=-0.012423031192950228 0.0092928041624215744 0.0044268210344643412 -0.20402156932013377 -0.016377641559700659 0.20196514601758034 0.0656339556198825 -0.0025438008109038629 -0.32627529920367848 0.14818309608690469 -0.024963886271964046 0.48308014724312759 -0.023850676934329833 0.30121866372915418 0.07190909451673104
leaf_weight=43 374 51 69 7469 136 418 539 57 255 610 40 146 77 516
leaf_count=43 374 51 69 7469 136 418 539 57 255 610 40 146 77 516
internal_value=9.9283e-05 0.0326929 -0.00676585 -0.0114269 0.0609668 0.00629149 -0.0325691 -0.192778 0.0588941 0.0429907 0.127065 0.0735244 0.183917 0.0194535
internal_weight=10800 2821 1126 7979 510 1057 639 100 1695 1440 314 274 128 1126
internal_count=10800 2821 1126 7979 510 1057 639 100 1695 1440 314 274 128 1126
is_linear=0
shrinkage=0.05


Tree=114
num_leaves=15
num_cat=0
split_feature=65 64 51 21 64 36 51 47 12 46 26 22 3 9
split_gain=1470.72 1263.13 1363.9 2106.56 1183.25 1374.69 1177.55 1158.47 1110.03 1153.15 1167.14 1105.33 1103.22 1073.74
threshold=261.40437250000008 265.84829400000007 3.5000000000000004 56.302449845339844 265.09664550000008 22.238281250000004 1.5000000000000002 74.970052083333357 253.23797050000005 85.484375000000014 20.712500000000002 136.69453288541669 248.78331150000002 290.2148160000001
decision_type=2 2 2 2 2 2 2 2 2 2 2 2 2 2
left_child=1 13 -3 -4 6 -6 7 -2 9 10 -8 -7 -10 -1
right_child=4 2 3 -5 5 11 8 -9 12 -11 -12 -13 -14 -15
leaf_value=-0.0090556479466429047 0.060588924680163886 0.033735932961184933 0.50657459156853812 0.0026836618248905456 -0.26103173734930657 0.2166475679485067 -0.11922733024309976 -0.25256008837710725 0.37739554887664495 0.2351754646543868 0.092493002845275438 -0.0093245330821950106 0.13488726163545303 -0.18972417665084443
leaf_weight=8998 89 378 41 41 47 61 96 43 68 81 197 425 153 82
leaf_count=8998 89 378 41 41 47 61 96 43 68 81 197 425 153 82
internal_value=9.74446e-05 -0.0066098 0.0741318 0.257697 0.0508459 -0.00574836 0.0922888 -0.0425537 0.122225 0.0694212 0.0229543 0.0194248 0.210869 -0.0107079
internal_weight=10800 9540 460 82 1260 533 727 132 595 374 293 486 221 9080
internal_count=10800 9540 460 82 1260 533 727 132 595 374 293 486 221 9080
is_linear=0
shrinkage=0.05


Tree=115
num_leaves=15
num_cat=0
split_feature=61 15 2 30 14 41 19 28 47 24 61 24 21 25
split_gain=1391.63 1059.02 1869.12 1660.63 1537.47 1471.01 1177.31 1754.72 1081.24 1036.42 2164.83 2111.03 1686.75 1155.27
threshold=-0.68322629814330815 206.32641350000003 266.95445250000006 23.762500000000003 269.11421545833338 51.875000000000007 210.49128250000004 28.275000000000002 74.497395833333357 299.84416550000009 -0.9733555533461492 291.91166700000002 59.232085863048134 108.54196097931106
decision_type=2 2 2 2 2 2 2 2 2 2 2 2 2 2
left_child=9 2 -2 4 8 -5 7 -7 -3 11 -11 13 -13 -1
right_child=1 3 -4 5 -6 6 -8 -9 -10 10 -12 12 -14 -15
leaf_value=0.034151578217747669 -0.015794726605806875 0.15818070069145804 -0.35037981647820704 0.17974151679327791 0.29596118461340665 -0.018598347665742043 0.0044781516972384437 -0.32850890978951663 0.0060903739808774431 -0.36526419154927137 0.020126240358308511 0.48227264097203382 0.09082926548492741 -0.17943825971263533
leaf_weight=2459 6844 180 41 70 79 99 252 84 330 49 134 45 70 64
leaf_count=2459 6844 180 41 70 79 99 252 84 330 49 134 45 70 64
internal_value=9.63647e-05 -0.0105759 -0.0178378 0.0351005 0.0920738 -0.0314001 -0.0657113 -0.161865 0.0599738 0.0302752 -0.08449 0.0382656 0.24684 0.0286646
internal_weight=10800 7979 6885 1094 589 505 435 183 510 2821 183 2638 115 2523
internal_count=10800 7979 6885 1094 589 505 435 183 510 2821 183 2638 115 2523
is_linear=0
shrinkage=0.05


Tree=116
num_leaves=15
num_cat=0
split_feature=16 29 36 16 24 24 22 16 33 30 38 5 14 30
split_gain=1307.77 3448.3 2268.95 2714.48 2469.16 2247.56 1832.55 1430.98 1341.98 1330.37 1120.68 1608.52 1583.4 1177.63
threshold=248.46519700000002 19.512500000000003 21.809635416666669 276.3691280000001 266.72196350000007 266.21698650000002 150.95053180208336 238.99755250000001 31.015625000000004 17.525000000000002 63.375000000000007 272.71499900000009 277.69571745833338 23.762500000000003
decision_type=2 2 2 2 2 2 2 2 2 2 2 2 2 2
left_child=7 -2 3 -3 5 -4 8 -1 10 -9 11 13 -13 -6
right_child=1 2 4 -5 6 -7 -8 9 -10 -11 -12 12 -14 -15
leaf_value=-0.0052139594418715192 0.3616539482419428 0.17320415742520712 -0.057534648096547104 -0.22692404291592538 0.063094998495991539 -0.4142115233330837 -0.18415833772073076 0.11913974322378636 0.30456389907834147 -0.13529358181789874 -0.015547954156148854 0.31331524707342462 -0.033691046495611471 -0.083791836921793192
leaf_weight=7569 75 369 155 47 646 61 106 59 42 364 981 107 47 172
leaf_count=7569 75 369 155 47 646 61 106 59 42 364 981 107 47 172
internal_value=9.16106e-05 0.0294386 0.0201928 0.127562 0.000868873 -0.159707 0.0174456 -0.0102219 0.0282442 -0.099608 0.0221491 0.060172 0.207877 0.0321447
internal_weight=10800 2808 2733 416 2317 216 2101 7992 1995 423 1953 972 154 818
internal_count=10800 2808 2733 416 2317 216 2101 7992 1995 423 1953 972 154 818
is_linear=0
shrinkage=0.05


Tree=117
num_leaves=15
num_cat=0
split_feature=61 32 36 2 65 24 65 24 22 41 22 36 44 24
split_gain=1231.37 996.173 2581.68 1734.79 1533.56 1464.86 2747.28 1318.91 1862.92 1604.42 1231.47 1396.23 1130.85 1541.01
threshold=-0.68322629814330815 22.762500000000003 22.179427083333334 234.87221750000003 271.87691450000005 299.84416550000009 245.34100600000002 272.16657050000009 136.37003974479168 82.875000000000014 126.05083759895835 21.809635416666669 84.093750000000014 283.32550850000001
decision_type=2 2 2 2 2 2 2 2 2 2 2 2 2 2
left_child=1 3 4 12 -3 7 -7 -4 9 -9 -5 -12 -1 -14
right_child=-2 2 5 10 -6 6 -8 8 -10 -11 11 -13 13 -15
leaf_value=-0.0017665927834469711 -0.0099511315530390124 -0.18207606187218478 -0.016508058651922002 0.053370875797075473 0.14222920632834524 -0.40657882776397924 0.047660666018203707 0.36761165687648378 0.041885276278140988 0.071783443224118212 0.47176434246357535 0.10054912241580694 0.066204048310351732 0.36268613999091776
leaf_weight=746 7979 246 392 81 42 51 92 100 410 85 59 45 424 48
leaf_count=746 7979 246 392 81 42 51 92 100 410 85 59 45 424 48
internal_value=8.78572e-05 0.0284759 -0.00108334 0.0583306 -0.134453 0.0329971 -0.116039 0.0546856 0.101539 0.232807 0.200578 0.31363 0.0365781 0.0970578
internal_weight=10800 2821 1418 1403 288 1130 143 987 595 185 185 104 1218 472
internal_count=10800 2821 1418 1403 288 1130 143 987 595 185 185 104 1218 472
is_linear=0
shrinkage=0.05


Tree=118
num_leaves=15
num_cat=0
split_feature=0 9 9 30 21 37 32 16 22 36 32 34 4 41
split_gain=1168.14 1416.57 1375.05 1256.35 1368.54 1221.69 1852.61 1453.65 1197.91 1368.06 1115.26 1688.43 1061.67 1139.89
threshold=204.79491400000003 227.85165700000002 248.16158650000003 24.087500000000002 21.551655850966792 69.625000000000014 22.712500000000002 288.39755700000006 126.29556024479167 21.784895833333337 23.912500000000005 25.935416666666672 286.66023200000001 53.125000000000007
decision_type=2 2 2 2 2 2 2 2 2 2 2 2 2 2
left_child=1 -1 12 5 -5 7 8 -4 -7 -10 -8 -12 13 -2
right_child=2 -3 3 4 -6 6 10 -9 9 -11 11 -13 -14 -15
leaf_value=-0.0075882490460870439 0.32855075058356231 -0.23677134641158559 0.034828566317992055 0.12926367743029482 -0.19713240043400862 -0.047918350562587919 -0.26427703673063324 0.31343083187025422 0.42977796024302156 0.042602444868886251 -0.010883839176894408 -0.35681730672353651 -0.10731714860024587 0.079628994201572031
leaf_weight=7982 48 67 1066 41 138 82 85 48 40 52 253 40 70 788
leaf_count=7982 48 67 1066 41 138 82 85 48 40 52 253 40 70 788
internal_value=8.85971e-05 -0.00952515 0.0282102 0.00342775 -0.122068 0.0169766 -0.0437979 0.0471033 0.0908663 0.213751 -0.105862 -0.0591633 0.0786182 0.0942966
internal_weight=10800 8049 2751 1845 179 1666 552 1114 174 92 378 293 906 836
internal_count=10800 8049 2751 1845 179 1666 552 1114 174 92 378 293 906 836
is_linear=0
shrinkage=0.05


Tree=119
num_leaves=15
num_cat=0
split_feature=34 65 22 35 17 7 48 31 51 41 8 21 26 38
split_gain=1108.38 1273.39 2508.26 5367.51 2595.34 2071.15 3049.2 1410.25 1686.12 2155.84 2676.38 3050.63 1802.81 1845.39
threshold=16.226041666666671 24.000000000000004 30.15955740104167 21.444791666666667 2.5927198770225745e-06 250.11834000000002 5.1250000000000009 16.512500000000003 2.5000000000000004 83.125000000000014 201.85957300000004 50.434122811265944 19.087500000000002 93.875000000000014
decision_type=2 2 2 2 2 2 2 2 2 2 2 2 2 2
left_child=-1 -2 3 4 -3 6 -4 -8 9 -9 -11 -12 -10 -14
right_child=1 2 5 -5 -6 -7 7 8 12 10 11 -13 13 -15
leaf_value=-0.18192734253559129 -0.018161320282507349 -0.20350525157991797 -0.3074247516103481 0.64356816490085755 0.19636549070343243 0.29320478038862346 -0.17763964973543722 0.0029462983887056809 -0.059030326712420401 0.010238606360055016 -0.6051980241676983 -0.13587881411257827 0.050710640083749252 0.38900700554069956
leaf_weight=82 4658 63 75 48 110 63 96 2336 391 166 48 121 2503 40
leaf_count=82 4658 63 75 48 110 63 96 2336 391 166 48 121 2503 40
internal_value=8.47664e-05 0.00149413 0.0166027 0.181563 0.0504151 0.0103291 0.00719352 0.0113857 0.0146543 -0.0140855 -0.132506 -0.271952 0.0408139 0.0561827
internal_weight=10800 10718 6060 221 173 5839 5776 5701 5605 2671 335 169 2934 2543
internal_count=10800 10718 6060 221 173 5839 5776 5701 5605 2671 335 169 2934 2543
is_linear=0
shrinkage=0.05


Tree=120
num_leaves=15
num_cat=0
split_feature=65 43 37 0 8 47 10 46 45 9 65 15 48 30
split_gain=1066.27 1096.85 1433.9 1210.53 1796.63 1054.88 1051.96 1386.93 2300.82 1041.42 1944.64 3241.47 1709.1 1228.59
threshold=261.40437250000008 56.875000000000007 69.875000000000014 262.29786650000005 257.88623600000005 74.798177083333357 277.04082750000003 64.406250000000014 54.104166666666679 256.17617500000006 226.16809050000003 181.13944850000004 16.625000000000004 16.025000000000002
decision_type=2 2 2 2 2 2 2 2 2 2 2 2 2 2
left_child=6 2 -2 4 -3 -5 9 8 -8 13 12 -12 -11 -1
right_child=1 3 -4 5 -6 -7 7 -9 -10 10 11 -13 -14 -15
leaf_value=-0.26691812763032929 0.0055933605864762316 0.068483361037541754 -0.30088647637102339 0.28673282478691886 -0.156252250333245 0.077002847818087569 0.19163738518451037 0.32695806886789935 -0.20513433768383918 0.024401009092956102 -0.5880419534586725 -0.094890483233964817 -0.25696035368187775 -0.0020354833107120592
leaf_weight=43 251 614 44 102 103 146 88 52 61 416 41 164 61 8614
leaf_count=43 251 614 44 102 103 146 88 52 61 416 41 164 61 8614
internal_value=8.00523e-05 0.0432907 -0.040981 0.0690683 0.0360265 0.164068 -0.00563095 0.107258 0.028916 -0.00807185 -0.0675125 -0.195897 -0.0120425 -0.00338185
internal_weight=10800 1260 295 965 717 248 9540 201 149 9339 682 205 477 8657
internal_count=10800 1260 295 965 717 248 9540 201 149 9339 682 205 477 8657
is_linear=0
shrinkage=0.05


Tree=121
num_leaves=15
num_cat=0
split_feature=17 31 31 34 65 48 48 22 47 51 41 8 11 26
split_gain=1001.94 1141.13 911.182 927.649 1008.16 2355.39 3090.1 1801.22 1610.13 1513.14 2013.81 2915.82 2440.01 1476.95
threshold=68.59179836405535 25.862500000000004 16.512500000000003 16.226041666666671 24.000000000000004 4.8750000000000009 5.1250000000000009 27.444602249999999 80.757812500000014 2.5000000000000004 83.125000000000014 201.85957300000004 210.49128250000004 19.087500000000002
decision_type=2 2 2 2 2 2 2 2 2 2 2 2 2 2
left_child=2 -2 -1 -4 -5 -6 -7 8 -8 10 -9 -12 -13 -11
right_child=1 -3 3 4 5 6 7 9 -10 13 11 12 -14 -15
leaf_value=-0.14103092795506247 0.048864738163671324 0.3249809596066674 -0.16777633089706842 -0.01716531302142164 0.28546386713845823 -0.29997169637604609 0.29255608048411869 -0.0019533568548466235 -0.035866354715785594 -0.054789794268301474 0.011958615707591276 -0.5502463238219083 -0.12756577356790549 0.050221339653525147
leaf_weight=117 349 41 82 4637 78 78 106 2203 57 389 150 58 83 2372
leaf_count=117 349 41 82 4637 78 78 106 2203 57 389 150 58 83 2372
internal_value=7.19284e-05 0.0786493 -0.00287916 -0.00129525 5.79833e-05 0.0143865 0.0104881 0.0150122 0.178191 0.00991775 -0.0183084 -0.141693 -0.304085 0.0354117
internal_weight=10800 390 10410 10293 10211 5574 5496 5418 163 5255 2494 291 141 2761
internal_count=10800 390 10410 10293 10211 5574 5496 5418 163 5255 2494 291 141 2761
is_linear=0
shrinkage=0.05


Tree=122
num_leaves=15
num_cat=0
split_feature=26 52 38 29 47 22 53 65 47 53 22 26 42 4
split_gain=936.335 1633.34 3716.12 1594.59 1213.65 2189.05 2766.08 1596.4 1248.97 1059.35 1055.29 1341.9 1847.6 1170.27
threshold=22.212500000000002 0.93540483100319638 73.875000000000014 19.012500000000003 69.815104166666671 147.55319502604172 0.38268343236508956 42.523274000000008 65.746093750000014 -0.91037613702198728 150.95053180208336 30.962500000000002 74.125000000000014 283.61178550000005
decision_type=2 2 2 2 2 2 2 2 2 2 2 2 2 2
left_child=4 3 -3 -2 7 9 -7 -1 -9 -6 11 -5 -13 -12
right_child=1 2 -4 10 5 6 -8 8 -10 -11 13 12 -14 -15
leaf_value=-0.016284192167497227 0.24316490035478588 -0.11578367044202101 0.4096517555439208 0.0084391378064278856 -0.11794760174726107 0.54143423707247151 -0.014859310805797577 -0.0037906024139374495 -0.26888107641643244 -0.0056007204892760511 -0.039448502992125725 0.43564804286103365 -0.0084356290744800194 -0.33854396939277653
leaf_weight=338 72 58 78 4449 218 40 49 63 150 5012 138 43 50 42
leaf_count=338 72 58 78 4449 218 40 49 63 150 5012 138 43 50 42
internal_value=6.6562e-05 0.0161294 0.18636 0.0112623 -0.0134245 -0.00609983 0.238398 -0.0839927 -0.190858 -0.0103053 0.00767557 0.012391 0.199344 -0.110722
internal_weight=10800 4930 136 4794 5870 5319 89 551 213 5230 4722 4542 93 180
internal_count=10800 4930 136 4794 5870 5319 89 551 213 5230 4722 4542 93 180
is_linear=0
shrinkage=0.05


Tree=123
num_leaves=15
num_cat=0
split_feature=61 32 36 2 25 24 65 9 22 36 44 24 8 64
split_gain=911.099 883.026 2204.77 1442.99 1408.23 1898.49 1314.85 1066.98 1045.88 1151.01 1011.56 1258.57 940.297 941.155
threshold=-0.68322629814330815 22.762500000000003 22.179427083333334 234.87221750000003 106.9171129683442 272.16657050000009 271.87691450000005 115.95147100000001 126.05083759895835 21.809635416666669 84.093750000000014 283.32550850000001 278.82595250000003 256.17617500000006
decision_type=2 2 2 2 2 2 2 2 2 2 2 2 2 2
left_child=1 3 6 10 5 -4 -3 -7 -5 -10 -1 -12 13 -6
right_child=-2 2 4 8 12 7 -8 -9 9 -11 11 -13 -14 -15
leaf_value=-0.0035083395741422386 -0.0085687965448618397 -0.17068455506432878 -0.017043768409011607 0.046701434836155034 -0.2807646671930949 0.36316169879358751 0.12963005023640256 0.10747089988144581 0.430092524488767 0.092992450442651045 0.0620664265059373 0.33002190801638126 0.13196231717279613 -0.050457817990351109
leaf_weight=746 7979 246 392 81 56 45 42 383 59 45 424 48 51 203
leaf_count=746 7979 246 392 81 56 45 42 383 59 45 424 48 51 203
internal_value=6.65151e-05 0.0244853 -0.00334311 0.0525935 0.0281531 0.0624556 -0.126592 0.135138 0.182326 0.286507 0.0327552 0.0899562 -0.0624918 -0.101142
internal_weight=10800 2821 1418 1403 1130 820 288 428 185 104 1218 472 310 259
internal_count=10800 2821 1418 1403 1130 820 288 428 185 104 1218 472 310 259
is_linear=0
shrinkage=0.05


end of trees

feature_importances:
consumo_alvo_semana_anterior=281
temperatura_externa_c_atual=119
origem_hora=117
temperatura_externa_c_media_1440m=99
consumo_lag_10080m=64
consumo_mean_1440m=61
consumo_max_1440m=59
alvo_hora_cos=52
consumo_max_60m=49
consumo_atual_kw=47
consumo_max_180m=47
temperatura_externa_c_lag_720m=43
consumo_alvo_dia_anterior=43
consumo_min_180m=38
origem_hora_cos=37
consumo_std_180m=35
umidade_relativa_pct_media_1440m=34
umidade_relativa_pct_media_360m=31
origem_mes=31
umidade_relativa_pct_lag_1440m=29
umidade_relativa_pct_atual=23
umidade_relativa_pct_media_180m=23
consumo_std_360m=22
temperatura_externa_c_media_360m=22
consumo_max_360m=21
consumo_std_1440m=21
temperatura_externa_c_media_180m=21
temperatura_externa_c_lag_1440m=20
consumo_lag_1440m=19
consumo_std_60m=19
origem_dia_semana=17
temperatura_externa_c_lag_180m=15
temperatura_externa_c_media_60m=15
temperatura_externa_c_lag_360m=13
umidade_relativa_pct_lag_360m=13
consumo_lag_120m=12
umidade_relativa_pct_lag_60m=12
umidade_relativa_pct_media_60m=12
alvo_hora_sin=11
consumo_min_360m=10
origem_hora_sin=10
consumo_mean_180m=9
consumo_mean_60m=8
umidade_relativa_pct_lag_15m=8
consumo_lag_720m=7
umidade_relativa_pct_lag_720m=7
temperatura_externa_c_lag_15m=5
consumo_lag_30m=4
consumo_min_60m=4
consumo_lag_15m=3
consumo_lag_180m=3
temperatura_externa_c_lag_60m=3
consumo_lag_60m=2
consumo_lag_360m=2
origem_semana_sin=2
consumo_mean_360m=1
umidade_relativa_pct_lag_180m=1

parameters:
[boosting: gbdt]
[objective: regression]
[metric: l1]
[tree_learner: serial]
[device_type: cpu]
[data_sample_strategy: bagging]
[data: ]
[valid: ]
[num_iterations: 400]
[learning_rate: 0.05]
[num_leaves: 15]
[num_threads: 2]
[seed: 20260905]
[deterministic: 1]
[force_col_wise: 1]
[force_row_wise: 0]
[histogram_pool_size: -1]
[max_depth: -1]
[min_data_in_leaf: 40]
[min_sum_hessian_in_leaf: 0.001]
[bagging_fraction: 1]
[pos_bagging_fraction: 1]
[neg_bagging_fraction: 1]
[bagging_freq: 0]
[bagging_seed: 23218]
[bagging_by_query: 0]
[feature_fraction: 1]
[feature_fraction_bynode: 1]
[feature_fraction_seed: 28090]
[extra_trees: 0]
[extra_seed: 14360]
[early_stopping_round: 0]
[early_stopping_min_delta: 0]
[first_metric_only: 0]
[max_delta_step: 0]
[lambda_l1: 0]
[lambda_l2: 1]
[linear_lambda: 0]
[min_gain_to_split: 0]
[drop_rate: 0.1]
[max_drop: 50]
[skip_drop: 0.5]
[xgboost_dart_mode: 0]
[uniform_drop: 0]
[drop_seed: 16970]
[top_rate: 0.2]
[other_rate: 0.1]
[min_data_per_group: 100]
[max_cat_threshold: 32]
[cat_l2: 10]
[cat_smooth: 10]
[max_cat_to_onehot: 4]
[top_k: 20]
[monotone_constraints: ]
[monotone_constraints_method: basic]
[monotone_penalty: 0]
[feature_contri: ]
[forcedsplits_filename: ]
[refit_decay_rate: 0.9]
[cegb_tradeoff: 1]
[cegb_penalty_split: 0]
[cegb_penalty_feature_lazy: ]
[cegb_penalty_feature_coupled: ]
[path_smooth: 0]
[interaction_constraints: ]
[verbosity: -1]
[saved_feature_importance_type: 0]
[use_quantized_grad: 0]
[num_grad_quant_bins: 4]
[quant_train_renew_leaf: 0]
[stochastic_rounding: 1]
[linear_tree: 0]
[max_bin: 255]
[max_bin_by_feature: ]
[min_data_in_bin: 3]
[bin_construct_sample_cnt: 200000]
[data_random_seed: 5037]
[is_enable_sparse: 1]
[enable_bundle: 1]
[use_missing: 1]
[zero_as_missing: 0]
[feature_pre_filter: 1]
[pre_partition: 0]
[two_round: 0]
[header: 0]
[label_column: ]
[weight_column: ]
[group_column: ]
[ignore_column: ]
[categorical_feature: ]
[forcedbins_filename: ]
[precise_float_parser: 0]
[parser_config_file: ]
[objective_seed: 15411]
[num_class: 1]
[is_unbalance: 0]
[scale_pos_weight: 1]
[sigmoid: 1]
[boost_from_average: 1]
[reg_sqrt: 0]
[alpha: 0.9]
[fair_c: 1]
[poisson_max_delta_step: 0.7]
[tweedie_variance_power: 1.5]
[lambdarank_truncation_level: 30]
[lambdarank_norm: 1]
[label_gain: ]
[lambdarank_position_bias_regularization: 0]
[eval_at: ]
[multi_error_top_k: 1]
[auc_mu_weights: ]
[num_machines: 1]
[local_listen_port: 12400]
[time_out: 120]
[machine_list_filename: ]
[machines: ]
[gpu_platform_id: -1]
[gpu_device_id: -1]
[gpu_device_id_list: ]
[gpu_use_dp: 0]
[num_gpu: 1]

end of parameters

pandas_categorical:[]
