tree
version=v4
num_class=1
num_tree_per_iteration=1
label_index=0
max_feature_idx=65
objective=regression
feature_names=consumo_atual_kw consumo_lag_15m consumo_lag_30m consumo_lag_60m consumo_lag_120m consumo_lag_180m consumo_lag_360m consumo_lag_720m consumo_lag_1440m consumo_lag_10080m consumo_mean_60m consumo_min_60m consumo_max_60m consumo_std_60m consumo_mean_180m consumo_min_180m consumo_max_180m consumo_std_180m consumo_mean_360m consumo_min_360m consumo_max_360m consumo_std_360m consumo_mean_1440m consumo_min_1440m consumo_max_1440m consumo_std_1440m temperatura_externa_c_atual temperatura_externa_c_lag_15m temperatura_externa_c_lag_60m temperatura_externa_c_lag_180m temperatura_externa_c_lag_360m temperatura_externa_c_lag_720m temperatura_externa_c_lag_1440m temperatura_externa_c_media_60m temperatura_externa_c_media_180m temperatura_externa_c_media_360m temperatura_externa_c_media_1440m umidade_relativa_pct_atual umidade_relativa_pct_lag_15m umidade_relativa_pct_lag_60m umidade_relativa_pct_lag_180m umidade_relativa_pct_lag_360m umidade_relativa_pct_lag_720m umidade_relativa_pct_lag_1440m umidade_relativa_pct_media_60m umidade_relativa_pct_media_180m umidade_relativa_pct_media_360m umidade_relativa_pct_media_1440m origem_hora origem_dia_semana origem_fim_de_semana origem_mes origem_hora_sin origem_hora_cos origem_semana_sin origem_semana_cos alvo_hora alvo_dia_semana alvo_fim_de_semana alvo_mes alvo_hora_sin alvo_hora_cos alvo_semana_sin alvo_semana_cos consumo_alvo_dia_anterior consumo_alvo_semana_anterior
feature_infos=[22.399999999999999:324.71375799999998] [22.399999999999999:324.71375799999998] [22.399999999999999:324.71375799999998] [22.399999999999999:324.71375799999998] [22.399999999999999:324.71375799999998] [22.399999999999999:324.71375799999998] [22.399999999999999:324.71375799999998] [22.399999999999999:324.71375799999998] [22.399999999999999:324.71375799999998] [22.399999999999999:324.71375799999998] [22.399999999999999:321.24876725000001] [22.399999999999999:318.278571] [22.399999999999999:324.71375799999998] [0:82.540869055199337] [22.399999999999999:313.28577408333337] [22.399999999999999:302.53573799999998] [22.399999999999999:324.71375799999998] [0:92.970139865692389] [22.399999999999999:295.13563500000004] [22.399999999999999:249.29458700000001] [22.399999999999999:324.71375799999998] [0:116.53386463160022] [23.200000000000003:159.49963871874999] none [25.600000000000001:324.71375799999998] [1.3929144002343703:128.71471884334804] [15:33.700000000000003] [15:33.700000000000003] [15:33.700000000000003] [15:33.700000000000003] [15:33.700000000000003] [15:33.700000000000003] [15:33.700000000000003] [15:33.4375] [15:32.71875] [15.333333333333334:31.620833333333334] [16.439843749999998:27.283072916666669] [31:98] [31:98] [31:98] [31:98] [31:98] [31:98] [31:98] [32.5:95.625] [33.666666666666664:95.083333333333329] [37.041666666666664:94] [59.309895833333336:91.638020833333329] [0:23.75] [0:6] [0:1] [1:4] [-1:1] [-1:1] [-0.97492791218182362:0.97492791218182362] [-0.90096886790241903:1] [0:23.75] [0:6] [0:1] [1:4] [-1:1] [-1:1] [-0.97492791218182362:0.97492791218182362] [-0.90096886790241903:1] [22.399999999999999:324.71375799999998] [22.399999999999999:324.71375799999998]
tree_sizes=1386 1405 1410 1415 1411 1416 1405 1412 1412 1414 1417 1413 1417 1419 1406 1415 1412 1416 1409 1415 1411 1408 1416 1407 1413 1417 1408 1418 1418 1421 1412 1410 1424 1423 1422 1411 1430 1426 1420 1429 1432 1419 1433 1422 1427 1416 1430 1428 1433 1432 1428 1433 1415 1429 1421 1424 1426 1430 1431 1424 1424 1427 1439 1439 1427 1421 1427 1442 1422 1425 1430 1438 1438 1436 1435 1426 1425 1421 1431 1435 1415 1434 1421 1441 1426 1429 1435 1422 1432 1441 1444 1445 1440 1449 1443 1425 1449 1439 1445 1439 1439 1445 1446 1429 1435 1431 1443 1421 1434 1434 1444 1432 1423 1413 1430 1440 1425 1429 1431 1435 1417 1431 1442 1431 1452 1440 1456 1439 1448 1435 1434 1432

Tree=0
num_leaves=15
num_cat=0
split_feature=65 65 65 21 48 48 33 36 36 52 18 27 30 36
split_gain=8.9553e+07 9.68374e+06 3.33057e+06 324915 237018 222992 223805 211117 138339 120634 65265.3 42095.8 38455.7 38409.5
threshold=157.70463200000003 42.523274000000008 229.01913550000003 77.498709640484108 11.375000000000002 9.3750000000000018 19.065625000000004 21.784895833333337 20.71901041666667 0.41248606129204562 52.566160104166677 16.862500000000004 21.212500000000002 24.679427083333334
decision_type=2 2 2 2 2 2 2 2 2 2 2 2 2 2
left_child=1 -1 4 7 8 6 11 -3 -2 -10 -9 -4 -5 -12
right_child=2 3 5 12 -6 -7 -8 10 9 -11 13 -13 -14 -15
leaf_value=104.09240463289326 111.68297063715299 107.25116005377724 113.66009226669338 109.63633843729541 109.58657609332744 113.44571582165472 116.25089995200402 109.12026518809657 112.55735293371315 113.71934282888999 108.02136087494527 115.20586478673621 111.03279702810082 108.87917658730829
leaf_weight=5440 225 494 72 190 60 99 1773 307 521 443 504 429 68 175
leaf_count=5440 225 494 72 190 60 99 1773 307 521 443 504 429 68 175
internal_value=108.364 105.13 114.773 108.379 112.677 115.874 115.977 108.094 112.832 113.096 108.517 114.995 110.013 108.243
internal_weight=10800 7178 3622 1738 1249 2373 2274 1480 1189 964 986 501 258 679
internal_count=10800 7178 3622 1738 1249 2373 2274 1480 1189 964 986 501 258 679
is_linear=0
shrinkage=1


Tree=1
num_leaves=15
num_cat=0
split_feature=65 65 65 48 21 29 36 36 2 52 36 18 65 27
split_gain=8.08338e+07 8.57457e+06 3.13109e+06 276545 275264 203249 190274 131454 129545 58001.2 49486.2 49283.1 45184.6 39649
threshold=152.06653700000001 42.523274000000008 229.01913550000003 11.375000000000002 77.498709640484108 19.912500000000005 22.638802083333342 22.750520833333336 244.88150150000004 0.41248606129204562 18.666666666666668 53.414328958333336 190.22173450000003 16.862500000000004
decision_type=2 2 2 2 2 2 2 2 2 2 2 2 2 2
left_child=1 -1 3 7 6 13 -3 10 -7 -9 -2 -8 -12 -4
right_child=2 4 5 -5 -6 8 11 9 -10 -11 12 -13 -14 -15
leaf_value=-4.0584624498167852 2.1536175673862674 -0.88594315444400906 5.0345068317570103 1.1311536046174857 1.554454669614951 7.5132443713052259 0.80436258919784509 4.2618650757320351 4.8680977821350098 5.3197258142324593 3.1494613888499501 -0.022687056328284255 4.1757549243853438 6.4997762005145736
leaf_weight=5440 52 667 72 77 242 1662 270 314 55 285 181 537 362 584
leaf_count=5440 52 667 72 77 242 1662 270 314 55 285 181 537 362 584
internal_value=0.000179024 -3.08654 6.061 4.05291 -0.00483455 7.13438 -0.261718 4.24023 7.4314 4.77322 3.69655 0.254674 3.84008 6.34686
internal_weight=10800 7156 3644 1271 1716 2373 1474 1194 1717 599 595 807 543 656
internal_count=10800 7156 3644 1271 1716 2373 1474 1194 1717 599 595 807 543 656
is_linear=0
shrinkage=0.05


Tree=2
num_leaves=15
num_cat=0
split_feature=65 65 65 21 48 48 36 36 36 36 17 52 36 36
split_gain=7.29631e+07 7.88752e+06 2.71159e+06 265299 192791 187880 186354 176151 117250 55601.1 52563.8 49856.6 40837.2 35318
threshold=157.70463200000003 42.523274000000008 229.01913550000003 77.498709640484108 11.375000000000002 9.3750000000000018 20.649218750000006 21.784895833333337 22.962760416666672 23.992578124999998 52.127083846939321 0.41248606129204562 22.950130208333338 23.063020833333336
decision_type=2 2 2 2 2 2 2 2 2 2 2 2 2 2
left_child=1 -1 4 7 8 6 -4 -3 11 -9 -10 -2 -8 -5
right_child=2 3 5 13 -6 -7 12 9 10 -11 -12 -13 -14 -15
leaf_value=-3.8555765918632838 3.1022144533982918 -1.0143254879071859 5.787088340114833 0.86144069573743565 1.1064108670734969 4.5528950290679928 6.7511143746733957 -0.20237768234431855 4.2969087271637969 0.55071071004722183 5.5890411945811493 4.0425038614900055 7.3208487320650111 2.0431559652090074
leaf_weight=5440 334 494 366 122 60 99 825 536 454 450 113 288 1083 136
leaf_count=5440 334 494 366 122 60 99 825 536 454 450 113 288 1083 136
internal_value=0.000362193 -2.91889 5.78488 0.0134975 3.89381 6.77817 6.873 -0.244698 4.03342 0.141534 4.56381 3.54338 7.07817 1.48984
internal_weight=10800 7178 3622 1738 1249 2373 2274 1480 1189 986 567 622 1908 258
internal_count=10800 7178 3622 1738 1249 2373 2274 1480 1189 986 567 622 1908 258
is_linear=0
shrinkage=0.05


Tree=3
num_leaves=15
num_cat=0
split_feature=65 65 65 48 21 48 33 36 36 52 61 27 36 65
split_gain=6.58627e+07 6.98331e+06 2.5485e+06 225135 224176 169249 168996 158461 114166 92211.8 53890.4 33492.4 33433.7 31606.2
threshold=152.06653700000001 42.523274000000008 229.01913550000003 11.375000000000002 77.498709640484108 9.3750000000000018 19.065625000000004 21.784895833333337 20.71901041666667 0.41248606129204562 -0.68322629814330815 16.862500000000004 24.627343750000005 204.87737250000004
decision_type=2 2 2 2 2 2 2 2 2 2 2 2 2 2
left_child=1 -1 3 8 7 6 11 -3 13 -10 -9 -4 -12 -2
right_child=2 4 5 -5 -6 -7 -8 10 9 -11 12 -13 -14 -15
leaf_value=-3.6628331951918884 2.2184195152282715 -0.96899840062469011 4.5008391706910853 1.0234359670908024 1.402547327824581 4.3275267467498777 6.7673934280670753 0.75572517100502468 3.5991217774890725 4.6119320680854026 -0.29178980761580514 5.8636132626200839 0.4740765829157737 3.4580047283357787
leaf_weight=5440 124 491 72 77 242 99 1773 254 524 444 536 429 193 102
leaf_count=5440 124 491 72 77 242 99 1773 254 524 444 536 429 193 102
internal_value=0.000533583 -2.78572 5.47138 3.65971 -0.00462351 6.43977 6.52979 -0.236446 3.82872 4.06796 0.130071 5.67712 -0.0886579 2.79065
internal_weight=10800 7156 3644 1271 1716 2373 2274 1474 1194 968 983 501 729 226
internal_count=10800 7156 3644 1271 1716 2373 2274 1474 1194 968 983 501 729 226
is_linear=0
shrinkage=0.05


Tree=4
num_leaves=15
num_cat=0
split_feature=65 65 65 48 21 29 36 30 2 52 17 61 29 2
split_gain=5.94489e+07 6.30271e+06 2.29979e+06 203171 202394 153554 143216 105594 93731.7 53388.2 52497.3 43528.2 32160.1 36976.4
threshold=152.06653700000001 42.523274000000008 229.01913550000003 11.375000000000002 77.498709640484108 19.912500000000005 22.238281250000004 20.337500000000002 244.88150150000004 0.41248606129204562 55.894633472865308 -0.68322629814330815 16.862500000000004 230.26470100000003
decision_type=2 2 2 2 2 2 2 2 2 2 2 2 2 2
left_child=1 -1 3 7 6 12 -3 10 -7 -9 -2 -8 -4 -14
right_child=2 4 5 -5 -6 8 11 9 -10 -11 -12 -13 13 -15
leaf_value=-3.4797251957432573 2.6838600495448808 -0.81712709996558941 4.2869442545572918 0.97292025394928761 1.3327085767232587 6.4458005335125952 0.79315390786664053 3.5955672053729786 4.1929472514561246 4.4941924041703034 3.9672831752844027 -0.020011416398334484 5.694599473034895 3.9527126832441852
leaf_weight=5440 336 602 74 77 242 1662 219 407 55 338 113 653 539 43
leaf_count=5440 336 602 74 77 242 1662 219 407 55 338 113 653 539 43
internal_value=0.000664653 -2.64645 5.19831 3.47731 -0.0043524 6.11824 -0.224625 3.63787 6.37612 4.00874 3.01496 0.184887 5.43459 5.5729
internal_weight=10800 7156 3644 1271 1716 2373 1474 1194 1717 745 449 872 656 582
internal_count=10800 7156 3644 1271 1716 2373 1474 1194 1717 745 449 872 656 582
is_linear=0
shrinkage=0.05


Tree=5
num_leaves=15
num_cat=0
split_feature=65 65 65 21 48 29 36 2 35 52 18 37 2 52
split_gain=5.36608e+07 5.68843e+06 2.07539e+06 183789 183359 139971 136736 117429 96657.4 72605.2 46703.6 32020.6 30006.4 28494.9
threshold=152.06653700000001 42.523274000000008 229.01913550000003 75.158553606885491 11.375000000000002 19.012500000000003 21.784895833333337 238.64404750000003 19.947395833333335 0.41248606129204562 51.652780479166672 47.375000000000007 259.33671700000008 0.41248606129204562
decision_type=2 2 2 2 2 2 2 2 2 2 2 2 2 2
left_child=1 -1 4 6 8 -4 -3 -7 13 -10 -8 -12 -5 -2
right_child=2 3 5 12 -6 7 10 -9 9 -11 11 -13 -14 -15
leaf_value=-3.3057710675276546 2.088569646411472 -0.91308419479454406 5.0465283206828593 0.43953549015555488 0.92489789205674944 6.1072989656467636 0.62901298368563419 4.0192439888097065 3.3045588260650636 4.2474707998791521 0.65719127957079859 -0.27317049999008175 1.5736227385158648 3.1075042523835834
leaf_weight=5440 134 482 514 88 77 1781 304 78 499 391 110 554 178 170
leaf_count=5440 134 482 514 88 77 1781 304 78 499 391 110 554 178 170
internal_value=0.000807694 -2.51414 4.93895 -0.00409725 3.30406 5.81284 -0.225935 6.0219 3.45659 3.72311 0.116809 -0.118288 1.20149 2.66669
internal_weight=10800 7156 3644 1716 1271 2373 1450 1859 1194 890 968 664 266 304
internal_count=10800 7156 3644 1716 1271 2373 1450 1859 1194 890 968 664 266 304
is_linear=0
shrinkage=0.05


Tree=6
num_leaves=15
num_cat=0
split_feature=65 65 65 21 48 30 36 2 36 17 36 61 2 52
split_gain=4.84361e+07 5.23224e+06 1.79694e+06 178183 127405 127329 124976 96785.8 88759.5 42135.9 41380 33932.2 33092 32109.8
threshold=157.70463200000003 42.523274000000008 229.01913550000003 75.158553606885491 11.375000000000002 19.912500000000005 22.638802083333342 244.88150150000004 22.962760416666672 52.127083846939321 18.395963541666671 -0.9733555533461492 267.50577000000004 0.41248606129204562
decision_type=2 2 2 2 2 2 2 2 2 2 2 2 2 2
left_child=1 -1 4 6 8 -4 -3 -7 10 -10 -2 -8 -5 -12
right_child=2 3 5 12 -6 7 11 -9 9 -11 13 -13 -14 -15
leaf_value=-3.1405127383882214 1.3933599203824998 -0.72221899467756434 4.7761848648867931 0.72490329344502902 0.90832901083917705 5.7941546644634672 1.3622452202489823 3.8774969443296778 3.5122899408654855 4.6565744132326357 2.611985932132439 0.11595747629381919 1.8424193697238189 3.4005035271321926
leaf_weight=5440 47 658 497 175 60 1799 58 77 454 113 310 739 108 265
leaf_count=5440 47 658 497 175 60 1799 58 77 454 113 310 739 108 265
internal_value=0.000895389 -2.37761 4.71393 0.0107219 3.17447 5.52252 -0.212748 5.71759 3.28797 3.74814 2.86315 0.208247 1.15636 2.98066
internal_weight=10800 7178 3622 1738 1249 2373 1455 1876 1189 567 622 797 283 575
internal_count=10800 7178 3622 1738 1249 2373 1455 1876 1189 567 622 797 283 575
is_linear=0
shrinkage=0.05


Tree=7
num_leaves=15
num_cat=0
split_feature=65 65 65 21 48 36 36 2 30 17 17 18 36 37
split_gain=4.37192e+07 4.63338e+06 1.68923e+06 149701 149523 116907 114048 110684 83151 44047 42985.2 40405.6 36349.3 29627.3
threshold=152.06653700000001 42.523274000000008 229.01913550000003 75.158553606885491 11.375000000000002 20.649218750000006 21.784895833333337 238.64404750000003 20.337500000000002 52.127083846939321 55.894633472865308 53.414328958333336 23.024739583333339 49.375000000000007
decision_type=2 2 2 2 2 2 2 2 2 2 2 2 2 2
left_child=1 -1 4 6 8 -4 -3 12 10 -10 -2 -8 -7 -13
right_child=2 3 5 -5 -6 7 11 -9 9 -11 -12 13 -14 -15
leaf_value=-2.9835160701157877 2.2710571581249068 -0.83148831102175658 4.3984130483992558 1.0843348027838304 0.83486314064417133 5.2015248549730471 0.57986853478897005 3.609693363734654 3.2718400657082514 4.387675890429267 3.4281471252441409 0.49030033844308218 5.7080768603148151 -0.29809779932980635
leaf_weight=5440 336 482 375 266 77 846 309 90 630 115 113 155 1062 504
leaf_count=5440 336 482 375 266 77 846 309 90 630 115 113 155 1062 504
internal_value=0.000994613 -2.26906 4.45828 -0.00371855 2.98331 5.2467 -0.20393 5.40363 3.12105 3.44973 2.56923 0.109088 5.48632 -0.112201
internal_weight=10800 7156 3644 1716 1271 2373 1450 1998 1194 745 449 968 1908 659
internal_count=10800 7156 3644 1716 1271 2373 1450 1998 1194 745 449 968 1908 659
is_linear=0
shrinkage=0.05


Tree=8
num_leaves=15
num_cat=0
split_feature=65 65 65 36 48 36 52 60 48 21 26 30 36 36
split_gain=3.94636e+07 4.26176e+06 1.46262e+06 147167 105908 108946 104942 77750.4 67775.3 57267.9 52901 47108 32797 32588.9
threshold=157.70463200000003 42.523274000000008 229.01913550000003 23.063020833333336 9.3750000000000018 20.649218750000006 0.41248606129204562 -0.8814490726585632 11.375000000000002 73.704067529917253 21.562500000000004 21.112500000000004 23.024739583333339 21.355208333333337
decision_type=2 2 2 2 2 2 2 2 2 2 2 2 2 2
left_child=1 -1 6 9 5 -4 8 -5 11 13 -8 -2 -7 -3
right_child=2 3 4 7 -6 12 10 -9 -10 -11 -12 -13 -14 -15
leaf_value=-2.8343676524485679 2.1462180990761461 -0.90559418380179046 4.2285077825229243 1.6148630301741993 3.3170916061401368 4.9417557406735115 2.9354876467213038 0.29491514384734652 0.82259825438749601 0.54530292680795245 3.9577621736961777 3.0339774170639373 5.4229415782307635 -0.27692372238247837
leaf_weight=5440 312 365 366 135 99 846 319 625 60 138 240 318 1062 475
leaf_count=5440 312 365 366 135 99 846 319 625 60 138 240 318 1062 475
internal_value=0.00108912 -2.14585 4.25525 0.00964474 4.98476 5.05588 2.86637 0.531193 2.44542 -0.395777 3.38067 2.59842 5.21229 -0.550848
internal_weight=10800 7178 3622 1738 2373 2274 1249 760 690 978 559 630 1908 840
internal_count=10800 7178 3622 1738 2373 2274 1249 760 690 978 559 630 1908 840
is_linear=0
shrinkage=0.05


Tree=9
num_leaves=15
num_cat=0
split_feature=65 65 65 36 48 29 2 36 60 52 21 48 36 45
split_gain=3.56216e+07 3.77366e+06 1.37513e+06 126764 121903 96826.3 77274.2 74203.2 62669.1 55239.7 49058.6 31372.2 29508.2 25036.9
threshold=152.06653700000001 42.523274000000008 229.01913550000003 23.063020833333336 11.375000000000002 19.012500000000003 238.64404750000003 20.71901041666667 -0.8814490726585632 0.41248606129204562 73.704067529917253 3.3750000000000004 21.355208333333337 82.989583333333357
decision_type=2 2 2 2 2 2 2 2 2 2 2 2 2 2
left_child=1 -1 4 10 7 -4 11 -2 -5 -9 12 -7 -3 -13
right_child=2 3 5 8 -6 6 -8 9 -10 -11 -12 13 -14 -15
leaf_value=-2.6926752158811573 1.9848479552416025 -0.85927450620148282 4.0997138754835403 1.481505038934545 0.7538589500463927 4.6070834152680593 3.2840369671205938 2.6487295664832704 0.2738557669525154 3.4303753738055072 0.53389030692614914 5.4142870253600552 -0.26033216554544086 4.8800304543989839
leaf_weight=5440 226 364 514 129 77 531 78 524 623 444 126 582 474 668
leaf_count=5440 226 364 514 129 77 531 78 524 623 444 126 582 474 668
internal_value=0.00117009 -2.0479 4.02455 -0.00349869 2.69376 4.7359 4.9095 2.81813 0.482711 3.01042 -0.38289 4.97881 -0.521207 5.13291
internal_weight=10800 7156 3644 1716 1271 2373 1859 1194 752 968 964 1781 838 1250
internal_count=10800 7156 3644 1716 1271 2373 1859 1194 752 968 964 1781 838 1250
is_linear=0
shrinkage=0.05


Tree=10
num_leaves=15
num_cat=0
split_feature=65 65 65 36 36 52 2 60 48 21 27 35 36 61
split_gain=3.21539e+07 3.47123e+06 1.19108e+06 120223 88932.6 86972.5 80782.2 63761.1 54827.8 46561.1 46026.3 42901.6 31678.5 26838.6
threshold=157.70463200000003 42.523274000000008 229.01913550000003 23.063020833333336 20.610677083333339 0.41248606129204562 238.64404750000003 -0.8814490726585632 11.375000000000002 73.704067529917253 20.712500000000002 19.99635416666667 25.138281250000002 -0.9733555533461492
decision_type=2 2 2 2 2 2 2 2 2 2 2 2 2 2
left_child=1 -1 5 9 -4 8 12 -5 11 13 -7 -2 -6 -3
right_child=2 3 4 7 6 10 -8 -9 -10 -11 -12 -13 -14 -15
leaf_value=-2.5580663236882009 1.5396353198134383 0.48077693503636576 3.7415930853949657 1.4613947814001758 4.5970724108217658 2.4856834098567138 3.0993845059321479 0.26608021588395009 0.74506754679758047 0.49078195712549227 3.4430828569563858 2.5619379086050427 5.2094211237980774 -0.57881325151791685
leaf_weight=5440 137 64 359 135 1600 229 90 625 60 138 330 493 324 776
leaf_count=5440 137 64 359 135 1600 229 90 625 60 138 330 493 324 776
internal_value=0.00124844 -1.93668 3.84126 0.00865279 4.49958 2.58791 4.63276 0.480047 2.2048 -0.357782 3.05601 2.34242 4.70284 -0.497607
internal_weight=10800 7178 3622 1738 2373 1249 2014 760 690 978 559 630 1924 840
internal_count=10800 7178 3622 1738 2373 1249 2014 760 690 978 559 630 1924 840
is_linear=0
shrinkage=0.05


Tree=11
num_leaves=15
num_cat=0
split_feature=65 65 65 21 36 36 52 2 30 33 35 35 52 30
split_gain=2.9025e+07 3.2511e+06 984772 123996 86807 82621.5 78662.9 49761.2 48217.3 40275.9 38097.3 33360.9 32896.6 25944.8
threshold=163.30129150000002 42.523274000000008 229.01913550000003 77.498709640484108 23.976302083333341 22.709635416666668 0.41248606129204562 244.88150150000004 20.262500000000003 20.878125000000004 16.967708333333338 19.621875000000003 0.63405362205439497 21.212500000000002
decision_type=2 2 2 2 2 2 2 2 2 2 2 2 2 2
left_child=1 -1 6 4 11 10 8 -7 -2 -8 -4 -3 -12 -5
right_child=2 3 5 13 -6 7 9 -9 -10 -11 12 -13 -14 -15
leaf_value=-2.4301864649263116 1.5754523405124505 -0.94204956325130507 2.8543566770331807 0.67533612223152684 0.41662858718627205 4.6316213474273686 2.4542293852469963 2.9086630335041121 2.4753419825720262 3.3501508737459158 3.4523983568083256 -0.25633028505194388 4.1950293862760955 1.7324466798545384
leaf_weight=5440 248 227 85 208 461 1199 243 50 406 308 228 805 811 81
leaf_count=5440 248 227 85 208 461 1199 243 50 406 308 228 805 811 81
internal_value=0.00131097 -1.82311 3.68329 0.0304536 -0.153218 4.27495 2.51557 4.56503 2.13703 2.9602 3.94883 -0.407928 4.03554 0.976572
internal_weight=10800 7222 3578 1782 1493 2373 1205 1249 654 551 1124 1032 1039 289
internal_count=10800 7222 3578 1782 1493 2373 1205 1249 654 551 1124 1032 1039 289
is_linear=0
shrinkage=0.05


Tree=12
num_leaves=15
num_cat=0
split_feature=65 65 65 36 48 35 36 52 21 21 36 61 26 61
split_gain=2.61996e+07 2.77348e+06 1.01023e+06 94106.1 93847.9 75452.5 60888.1 58265.7 46754.6 36004.5 33671.9 29403.6 25876.3 25679.1
threshold=152.06653700000001 42.523274000000008 229.01913550000003 23.063020833333336 11.375000000000002 19.947395833333335 23.214062500000004 0.63405362205439497 80.571152020363357 73.704067529917253 18.395963541666671 -0.68322629814330815 16.512500000000003 -0.9733555533461492
decision_type=2 2 2 2 2 2 2 2 2 2 2 2 2 2
left_child=1 -1 4 9 6 12 10 11 -5 13 -2 -7 -4 -3
right_child=2 3 5 8 -6 7 -8 -9 -10 -11 -12 -13 -14 -15
leaf_value=-2.3086994358336876 0.78692477991183596 0.51601673718541863 2.5829740109650987 0.24966094186020996 0.61003196159234419 3.9036800347841707 2.8328159426038084 4.4117208329527369 1.3535365354698317 0.4552342921084776 2.1962746902186843 2.7349286115169527 3.7020747112362304 -0.52764021412153805
leaf_weight=5440 47 63 68 640 77 311 519 1310 112 126 628 79 605 775
leaf_count=5440 47 63 68 640 77 311 519 1310 112 126 628 79 605 775
internal_value=0.00137085 -1.75594 3.45187 -0.00327705 2.31122 4.06158 2.42033 4.24486 0.415647 -0.330165 2.09945 3.67453 3.593 -0.448658
internal_weight=10800 7156 3644 1716 1271 2373 1194 1700 752 964 675 390 673 838
internal_count=10800 7156 3644 1716 1271 2373 1194 1700 752 964 675 390 673 838
is_linear=0
shrinkage=0.05


Tree=13
num_leaves=15
num_cat=0
split_feature=65 65 65 60 36 52 36 30 2 33 64 30 2 37
split_gain=2.3656e+07 2.64562e+06 800430 101574 75773.9 70209.8 69598.3 40633.7 40501.1 34626.5 32514.5 31077.2 26006.7 23303.5
threshold=163.30129150000002 42.523274000000008 229.01913550000003 -0.8814490726585632 21.733854166666671 0.41248606129204562 22.709635416666668 20.262500000000003 244.88150150000004 20.996875000000006 201.68129500000001 18.112500000000004 256.37658150000004 47.375000000000007
decision_type=2 2 2 2 2 2 2 2 2 2 2 2 2 2
left_child=1 -1 5 12 -5 7 11 -2 -8 -7 13 -4 -3 -6
right_child=2 3 6 4 10 9 8 -9 -10 -11 -12 -13 -14 -15
leaf_value=-2.1932856235318359 1.4005869447466841 0.088438334837780297 2.9300640293440896 -0.68345324831403431 0.57054750374518337 2.2405365684370357 4.1848633904457095 2.2259826168962538 2.6301200717103246 3.0669826424640156 0.52226378791784123 3.6848489602746812 1.129086703965358 -0.21466032160800108
leaf_weight=5440 248 82 190 453 111 253 1199 406 50 298 307 934 225 604
leaf_count=5440 248 82 190 453 111 253 1199 406 50 298 307 934 225 604
internal_value=0.00141113 -1.64565 3.32545 0.0264247 -0.145934 2.27267 3.85887 1.9156 4.12478 2.69225 0.0927557 3.55998 0.852318 -0.0921343
internal_weight=10800 7222 3578 1782 1475 1205 2373 654 1249 551 1022 1124 307 715
internal_count=10800 7222 3578 1782 1475 1205 2373 654 1249 551 1022 1124 307 715
is_linear=0
shrinkage=0.05


Tree=14
num_leaves=15
num_cat=0
split_feature=65 65 65 21 52 36 35 52 30 27 36 8 26 21
split_gain=2.13524e+07 2.38936e+06 722502 88810.9 68451 66850 62309.6 48777 37184.4 33571.4 26205.1 23525.9 22385.4 22103.7
threshold=163.30129150000002 63.145266500000005 230.94556050000003 77.498709640484108 0.41248606129204562 23.976302083333341 19.947395833333335 0.63405362205439497 18.725000000000005 20.487500000000004 21.355208333333337 256.84630900000008 16.512500000000003 99.767414560835817
decision_type=2 2 2 2 2 2 2 2 2 2 2 2 2 2
left_child=1 -1 4 5 8 10 12 11 -2 -6 -3 -8 -4 -5
right_child=2 3 6 13 9 -7 7 -9 -10 -11 -12 -13 -14 -15
leaf_value=-2.0795457255724652 0.77994367291655731 -0.67468322957018123 2.3113170761992965 0.65804433160526676 2.0805046057806607 0.38115720319268093 3.4526555252075202 3.9929667546875565 1.9565823875290567 2.894867885147316 -0.1488221145356734 2.0727887223406536 3.3477272319714362 1.9184859851511515
leaf_weight=5462 78 378 68 249 225 459 344 1300 579 344 634 40 600 40
leaf_count=5462 78 378 68 249 225 459 344 1300 579 344 634 40 600 40
internal_value=0.00144042 -1.56338 3.15949 0.0387816 2.17225 -0.118801 3.67296 3.84036 1.81829 2.57706 -0.345713 3.31468 3.24584 0.838514
internal_weight=10800 7222 3578 1760 1226 1471 2352 1684 657 569 1012 384 668 289
internal_count=10800 7222 3578 1760 1226 1471 2352 1684 657 569 1012 384 668 289
is_linear=0
shrinkage=0.05


Tree=15
num_leaves=15
num_cat=0
split_feature=65 65 65 60 36 48 26 52 30 33 29 30 48 26
split_gain=1.92733e+07 2.15695e+06 652430 83450.5 62755.8 60674 59954.5 57067.4 35019.9 28569.9 26717.3 23562.2 23452.2 18304.1
threshold=163.30129150000002 42.523274000000008 229.01913550000003 -0.8814490726585632 23.947526041666674 9.3750000000000018 19.012500000000003 0.41248606129204562 20.262500000000003 20.996875000000006 19.962500000000002 21.212500000000002 5.3750000000000009 16.512500000000003
decision_type=2 2 2 2 2 2 2 2 2 2 2 2 2 2
left_child=1 -1 7 11 10 6 13 8 -2 -9 -5 -3 -8 -4
right_child=2 3 5 4 -6 -7 12 9 -10 -11 -12 -13 -14 -15
leaf_value=-1.9796833405006549 1.2518318918634612 0.51129956207112071 2.197426077248394 -0.78784523275005458 0.34776009100088473 2.2292875671386718 3.4444312399478516 2.0195640327188911 2.0173682273752274 2.7698871159633267 -0.20068655077042244 1.5130965494923294 3.8511103809825964 3.1583258003548345
leaf_weight=5440 248 228 68 261 466 99 768 253 406 298 748 79 1007 431
leaf_count=5440 248 228 68 261 466 99 768 253 406 298 748 79 1007 431
internal_value=0.00147467 -1.48521 3.00184 0.0245707 -0.131657 3.48342 3.53701 2.05136 1.72943 2.42965 -0.353198 0.773167 3.67719 3.03204
internal_weight=10800 7222 3578 1782 1475 2373 2274 1205 654 551 1009 307 1775 499
internal_count=10800 7222 3578 1782 1475 2373 2274 1205 654 551 1009 307 1775 499
is_linear=0
shrinkage=0.05


Tree=16
num_leaves=15
num_cat=0
split_feature=65 65 65 60 36 52 36 30 64 34 2 52 28 2
split_gain=1.73968e+07 1.94716e+06 588900 73047.9 58516.5 55836.9 54148.5 31941.3 30831 28586.6 27414.9 24689.5 23573.2 21481.7
threshold=163.30129150000002 63.145266500000005 230.94556050000003 -0.8814490726585632 21.705989583333338 0.41248606129204562 22.709635416666668 18.725000000000005 201.68129500000001 19.786458333333339 244.88150150000004 0.63405362205439497 16.512500000000003 256.37658150000004
decision_type=2 2 2 2 2 2 2 2 2 2 2 2 2 2
left_child=1 -1 5 13 -5 7 11 -2 -6 -7 -8 -4 -13 -3
right_child=2 3 6 4 8 9 10 -9 -10 -11 -12 12 -14 -15
leaf_value=-1.8769143506696366 0.67964081424701073 0.04109674969530968 2.5668277806043629 -0.59357869704919197 -0.082650914016057134 1.7342421589419246 3.598914891281384 1.7692068849144311 0.5207285342979372 2.5512243639813725 2.2593721957916908 2.1598581344850603 3.2544523028319006 0.9863661376808861
leaf_weight=5462 78 82 239 440 713 159 1191 579 300 410 46 61 815 225
leaf_count=5462 78 82 239 440 713 159 1191 579 300 410 46 61 815 225
internal_value=0.00150436 -1.41095 2.85207 0.0353709 -0.112821 1.96077 3.31563 1.64108 0.0963773 2.32637 3.55097 3.0516 3.18078 0.734837
internal_weight=10800 7222 3578 1760 1453 1226 2352 657 1013 569 1237 1115 876 307
internal_count=10800 7222 3578 1760 1453 1226 2352 657 1013 569 1237 1115 876 307
is_linear=0
shrinkage=0.05


Tree=17
num_leaves=15
num_cat=0
split_feature=65 65 65 26 48 52 36 35 16 61 15 56 64 17
split_gain=1.57029e+07 1.75853e+06 531819 69884.3 59353.7 51877 48573.7 44752.7 26350.8 25169.6 24542.6 26975.2 23945 21377.8
threshold=163.30129150000002 42.523274000000008 229.01913550000003 20.012500000000003 12.375000000000002 0.63405362205439497 22.962760416666672 20.281250000000004 269.37355400000007 -0.68322629814330815 208.76132850000002 7.1250000000000009 190.46230900000003 52.127083846939321
decision_type=2 2 2 2 2 2 2 2 2 2 2 2 2 2
left_child=1 -1 6 -3 8 9 12 -7 -5 -4 11 -6 -2 -8
right_child=2 3 5 4 10 7 13 -9 -10 -11 -12 -13 -14 -15
leaf_value=-1.786888886760031 1.3226504277174345 -0.60727573450148187 2.8601824449716058 0.35776638083263945 0.65580171738800253 2.9594081759771367 2.0284273807737563 3.4796150880384964 1.1428880639148482 1.9386042555758303 0.23562128281995764 -0.50814999324995513 1.9772908668172846 2.8286825506310715
leaf_weight=5440 423 352 398 572 56 765 449 1107 131 103 273 398 220 113
leaf_count=5440 423 352 398 572 56 765 449 1107 131 103 273 398 220 113
internal_value=0.00151974 -1.34041 2.70975 0.0228167 0.178232 3.14454 1.85161 3.26872 0.505485 2.67496 -0.138477 -0.363453 1.54936 2.19407
internal_weight=10800 7222 3578 1782 1430 2373 1205 1872 703 501 727 454 643 562
internal_count=10800 7222 3578 1782 1430 2373 1205 1872 703 501 727 454 643 562
is_linear=0
shrinkage=0.05


Tree=18
num_leaves=15
num_cat=0
split_feature=65 65 65 48 35 17 36 36 2 34 36 48 48 65
split_gain=1.41749e+07 1.44246e+06 589740 84088.3 58644.3 50860.5 48480.4 45657.9 38391.9 25792.9 24958.7 19359.6 19054 18372
threshold=147.27926650000003 42.523274000000008 229.01913550000003 11.375000000000002 20.628125000000004 23.653591960153957 20.610677083333339 23.214062500000004 238.64404750000003 22.328125000000004 18.395963541666671 5.3750000000000009 23.625000000000004 190.22173450000003
decision_type=2 2 2 2 2 2 2 2 2 2 2 2 2 2
left_child=1 -1 3 7 -3 -6 -4 10 9 11 -2 -8 -7 -12
right_child=2 4 6 -5 5 12 8 -9 -10 -11 13 -13 -14 -15
leaf_value=-1.6975609000959153 0.38738351687788963 -0.5491543738285235 2.4325239431195791 0.28321569849854539 0.5445636282952665 -0.037816145429666832 2.7996013437351732 2.1369508180745931 2.0315881407850394 3.5332394763987551 1.2258835347916219 3.1919763850754705 -1.0283597456148037 1.7951755788204444
leaf_weight=5440 47 396 359 102 492 733 626 522 90 371 234 927 51 410
leaf_count=5440 47 396 359 102 492 733 626 522 90 371 234 927 51 410
internal_value=0.00153116 -1.30285 2.5166 1.66511 -0.0183958 0.146623 2.98755 1.78099 3.08523 3.13344 1.50938 3.03572 -0.10348 1.59054
internal_weight=10800 7112 3688 1315 1672 1276 2373 1213 2014 1924 691 1553 784 644
internal_count=10800 7112 3688 1315 1672 1276 2373 1213 2014 1924 691 1553 784 644
is_linear=0
shrinkage=0.05


Tree=19
num_leaves=15
num_cat=0
split_feature=65 65 65 25 52 29 52 14 64 30 20 34 32 37
split_gain=1.27978e+07 1.43181e+06 432681 61279.5 46135.1 43334.5 34139.8 32419.5 32162.5 26655.8 23574.2 21990.3 15713.8 14891.7
threshold=163.30129150000002 63.145266500000005 230.94556050000003 104.19667212036495 0.41248606129204562 19.012500000000003 0.63405362205439497 250.04736995833335 145.66790250000003 21.812500000000004 261.60709800000006 22.296875000000004 17.525000000000002 47.875000000000007
decision_type=2 2 2 2 2 2 2 2 2 2 2 2 2 2
left_child=1 -1 4 7 9 -4 -7 -3 13 -2 12 -8 -6 -5
right_child=2 3 5 8 10 6 11 -9 -10 -11 -12 -13 -14 -15
leaf_value=-1.6094947629147414 1.120664382375028 -0.30821804105319939 2.4197226529962879 0.67329907130736577 0.92854652487954437 2.5354296589479217 2.9743403147986012 0.46359952631049189 0.82353309401972352 1.7762449118483989 2.8993842015947617 3.5157572292313803 1.9723552978636132 -0.059069429223549658
leaf_weight=5462 387 945 509 90 42 409 1164 158 275 270 69 270 458 292
leaf_count=5462 387 945 509 90 42 409 1164 158 275 270 69 270 458 292
internal_value=0.00153349 -1.20992 2.44645 0.0303214 1.68246 2.8438 2.95955 -0.197339 0.412246 1.39237 2.01438 3.07866 1.8867 0.114786
internal_weight=10800 7222 3578 1760 1226 2352 1843 1103 657 657 569 1434 500 382
internal_count=10800 7222 3578 1760 1226 2352 1843 1103 657 657 569 1434 500 382
is_linear=0
shrinkage=0.05


Tree=20
num_leaves=15
num_cat=0
split_feature=65 65 65 48 24 52 36 35 48 36 14 31 28 48
split_gain=1.15554e+07 1.17393e+06 479224 70455.8 50459.7 41313.9 38684.4 34629.2 29070.8 22126.5 21554.1 21263.1 17541.2 17169
threshold=147.27926650000003 42.523274000000008 229.01913550000003 11.375000000000002 274.65417650000006 0.63405362205439497 23.214062500000004 20.281250000000004 12.375000000000002 18.395963541666671 247.60687933333338 22.262500000000003 16.512500000000003 1.3750000000000002
decision_type=2 2 2 2 2 2 2 2 2 2 2 2 2 2
left_child=1 -1 3 6 10 11 9 12 13 -2 -3 -4 -7 -6
right_child=2 4 5 -5 8 7 -8 -9 -10 -11 -12 -13 -14 -15
leaf_value=-1.5322385642485155 0.30619452299239736 -0.34369365490003712 1.5992266327727076 0.24008800560988269 -0.039125472765011965 1.6693240381056265 1.9383825254736977 2.992638230086758 -0.021062645261761354 1.4373823059852733 0.48822601822226547 2.4462592014789752 2.6085860488431676 0.77952356876331763
leaf_weight=5440 47 833 101 102 82 61 522 1107 382 644 85 400 704 290
leaf_count=5440 47 833 101 102 82 61 522 1107 382 644 85 400 704 290
internal_value=0.00154998 -1.17616 2.27237 1.5048 -0.0174095 2.69691 1.61086 2.80747 0.285466 1.361 -0.266217 2.27903 2.53597 0.599448
internal_weight=10800 7112 3688 1315 1672 2373 1213 1872 754 691 918 501 765 372
internal_count=10800 7112 3688 1315 1672 2373 1213 1872 754 691 918 501 765 372
is_linear=0
shrinkage=0.05


Tree=21
num_leaves=15
num_cat=0
split_feature=65 65 65 25 52 36 2 14 36 64 25 30 26 48
split_gain=1.04311e+07 1.16557e+06 351942 50982.6 40946.8 37298.1 31240.4 27200 27034.5 26270.2 23987.5 23220.1 20971.8 17415.1
threshold=163.30129150000002 63.145266500000005 230.94556050000003 104.19667212036495 0.41248606129204562 25.138281250000002 230.26470100000003 250.04736995833335 18.666666666666668 145.66790250000003 103.98276118801375 18.725000000000005 22.262500000000003 5.3750000000000009
decision_type=2 2 2 2 2 2 2 2 2 2 2 2 2 2
left_child=1 -1 4 7 11 6 8 -3 -4 -5 -7 -2 -6 -10
right_child=2 3 5 9 12 10 -8 -9 13 -11 -12 -13 -14 -15
leaf_value=-1.4526900342228677 0.43006243347367157 -0.28238492606593651 1.6719893888099908 0.10634998429308867 1.6065810092840356 4.0690180159451677 1.5127355152957662 0.42457612616554752 2.3784593369630396 0.74690267140167244 2.8574900795836742 1.355927247805842 2.2681728801379601 2.7112991388944483
leaf_weight=5462 78 945 96 382 378 56 85 158 800 275 276 579 191 1039
leaf_count=5462 78 945 96 382 378 56 85 158 800 275 276 579 191 1039
internal_value=0.00153996 -1.09218 2.20884 0.0268306 1.5198 2.56721 2.48252 -0.180823 2.52432 0.375193 3.07345 1.24683 1.83225 2.56788
internal_weight=10800 7222 3578 1760 1226 2352 2020 1103 1935 657 332 657 569 1839
internal_count=10800 7222 3578 1760 1226 2352 2020 1103 1935 657 332 657 569 1839
is_linear=0
shrinkage=0.05


Tree=22
num_leaves=15
num_cat=0
split_feature=65 65 65 48 35 48 35 26 17 26 36 48 48 49
split_gain=9.41988e+06 955498 389690 57727.3 43579.1 41384.2 40082.9 38604.5 38504.4 20096.9 17898.9 17653.7 16759.4 14194.6
threshold=147.27926650000003 42.523274000000008 225.63727100000003 11.375000000000002 20.628125000000004 9.3750000000000018 19.621875000000003 21.012500000000003 23.653591960153957 16.512500000000003 23.792968750000004 5.3750000000000009 23.625000000000004 3.5000000000000004
decision_type=2 2 2 2 2 2 2 2 2 2 2 2 2 2
left_child=1 -1 3 6 -3 7 13 9 -6 -4 -8 -11 -10 -2
right_child=2 4 5 -5 8 -7 10 -9 12 11 -12 -13 -14 -15
leaf_value=-1.3830194923023686 1.0498277288495532 -0.47390439711371557 1.4305696694747263 0.19917495438774813 0.4721272237644234 1.4936524020135404 1.4011121002130527 2.7439907996742816 -0.030152903799962369 2.1359792655765131 1.8595910408495304 2.5194382488884841 -0.95912844375349016 0.074481576807955474
leaf_weight=5440 200 396 68 102 492 119 542 863 733 608 383 757 51 46
leaf_count=5440 200 396 68 102 492 119 542 863 733 608 383 757 51 46
internal_value=0.00155743 -1.06177 2.05183 1.34216 -0.0163707 2.42521 1.44147 2.47282 0.125882 2.30771 1.59275 2.35033 -0.0917285 0.868486
internal_weight=10800 7112 3688 1273 1672 2415 1171 2296 1276 1433 925 1365 784 246
internal_count=10800 7112 3688 1273 1672 2415 1171 2296 1276 1433 925 1365 784 246
is_linear=0
shrinkage=0.05


Tree=23
num_leaves=15
num_cat=0
split_feature=65 65 65 48 36 48 33 26 36 29 21 48 31 61
split_gain=8.5027e+06 862314 351718 52106.8 39693.8 37312.4 36184.9 34830.7 21172.6 18553.5 17118.2 17115.5 15076.4 14926.8
threshold=147.27926650000003 42.523274000000008 225.63727100000003 11.375000000000002 23.063020833333336 9.3750000000000018 18.990625000000005 21.012500000000003 23.792968750000004 16.862500000000004 80.571152020363357 5.3750000000000009 30.012500000000003 -0.9733555533461492
decision_type=2 2 2 2 2 2 2 2 2 2 2 2 2 2
left_child=1 -1 3 6 13 7 -2 9 -8 -4 12 -11 -6 -3
right_child=2 4 5 -5 10 -7 8 -9 -10 11 -12 -13 -14 -15
leaf_value=-1.313881276850533 0.57025078267090079 0.54593662876507332 1.3810357473992014 0.18931289841827836 0.09433119715558369 1.4195921337231994 1.290647210485095 2.6069500397752834 1.7668535926456874 2.0285062876632138 0.85006235085782544 2.404617085161235 1.0643000170241954 -0.2828193645093397
leaf_weight=5440 128 57 73 102 591 119 660 863 383 619 104 741 42 878
leaf_count=5440 128 57 73 102 591 119 660 863 383 619 104 741 42 878
internal_value=0.00153755 -1.0087 1.94945 1.27524 -0.0155818 2.30416 1.36958 2.34937 1.46704 2.19254 0.258625 2.23505 0.160267 -0.231767
internal_weight=10800 7112 3688 1273 1672 2415 1171 2296 1043 1433 737 1360 633 935
internal_count=10800 7112 3688 1273 1672 2415 1171 2296 1043 1433 737 1360 633 935
is_linear=0
shrinkage=0.05


Tree=24
num_leaves=15
num_cat=0
split_feature=65 65 65 64 60 36 30 36 48 36 25 48 7 8
split_gain=7.67624e+06 856194 259872 54203.5 43256.2 34837.7 31537 22742.4 22549.8 19754 23617.6 17336.5 19563.1 15851.5
threshold=163.30129150000002 63.145266500000005 236.71232250000003 228.38420300000004 -0.8814490726585632 21.355208333333337 18.962500000000002 18.395963541666671 11.375000000000002 25.415885416666672 103.98276118801375 23.625000000000004 268.48821400000003 257.88623600000005
decision_type=2 2 2 2 2 2 2 2 2 2 2 2 2 2
left_child=1 -1 3 7 -3 -6 -4 -2 -9 13 -11 12 -7 -8
right_child=2 4 6 -5 5 11 9 8 -10 10 -12 -13 -14 -15
leaf_value=-1.2456980545300826 0.14712462023812897 0.56061499877991572 1.67972726770658 2.1289294488728046 -0.51676012696042262 0.013909116620969705 2.2612415650382469 1.3059324024791961 0.1083693870476314 3.8271310763888895 2.4781556290846609 -0.78452711368011219 0.66771649738759487 1.3765877432742362
leaf_weight=5462 48 307 248 191 361 904 1682 1072 41 44 194 58 130 58
leaf_count=5462 48 307 248 191 361 904 1682 1072 41 44 194 58 130 58
internal_value=0.00152832 -0.936713 1.89505 1.34647 0.0223588 -0.0916751 2.22748 1.21603 1.26195 2.29528 2.74252 0.0491963 0.096675 2.23256
internal_weight=10800 7222 3578 1352 1760 1453 2226 1161 1113 1978 238 1092 1034 1740
internal_count=10800 7222 3578 1352 1760 1453 2226 1161 1113 1978 238 1092 1034 1740
is_linear=0
shrinkage=0.05


Tree=25
num_leaves=15
num_cat=0
split_feature=65 65 65 64 21 36 35 30 22 52 52 21 29 35
split_gain=6.92896e+06 773124 234605 48974.2 40072.2 31001.7 28982.5 21022.6 20513.7 17548.7 15811.4 14475.3 13848.9 13567.3
threshold=163.30129150000002 42.523274000000008 236.71232250000003 228.38420300000004 75.158553606885491 23.976302083333341 21.242708333333336 18.512500000000003 41.172908354166672 0.63405362205439497 0.41248606129204562 99.767414560835817 16.512500000000003 19.621875000000003
decision_type=2 2 2 2 2 2 2 2 2 2 2 2 2 2
left_child=1 -1 3 7 5 13 9 -2 -8 -4 -9 -6 -11 -3
right_child=2 4 6 -5 11 -7 8 10 -10 12 -12 -13 -14 -15
leaf_value=-1.1859258056147048 0.59490017064063194 -0.58923125098849694 1.5270041672425849 2.023037395408998 0.39238470520932173 0.25034264088888347 2.9096915131601797 1.0622017025639801 2.2276740626023868 1.2660541979992976 1.4690037931129551 1.4030498065599581 2.0865238146681246 -0.15049777731395583
leaf_weight=5440 149 226 213 191 275 448 144 580 768 60 432 40 1041 793
leaf_count=5440 149 226 213 191 275 448 144 580 768 60 432 40 1041 793
internal_value=0.00151678 -0.889886 1.80051 1.27929 0.014008 -0.0959447 2.11637 1.1553 2.33843 1.96058 1.23714 0.524757 2.043 -0.248285
internal_weight=10800 7222 3578 1352 1782 1467 2226 1161 912 1314 1012 315 1101 1019
internal_count=10800 7222 3578 1352 1782 1467 2226 1161 912 1314 1012 315 1101 1019
is_linear=0
shrinkage=0.05


Tree=26
num_leaves=15
num_cat=0
split_feature=65 65 65 48 25 52 35 46 7 14 61 9 65 36
split_gain=6.25503e+06 633953 257673 40470.7 32773.7 30503.6 29994 25569.6 31226.4 19300 16150.4 16006.7 15150.3 14956.3
threshold=147.27926650000003 42.523274000000008 225.63727100000003 11.375000000000002 104.19667212036495 0.63405362205439497 19.621875000000003 80.572916666666671 91.930868000000018 250.04736995833335 -0.9733555533461492 258.3471090000001 90.665598000000017 25.387500000000006
decision_type=2 2 2 2 2 2 2 2 2 2 2 2 2 2
left_child=1 -1 3 6 9 11 -2 8 -7 10 -3 -4 -6 -8
right_child=2 4 5 -5 12 7 13 -9 -10 -11 -12 -13 -14 -15
leaf_value=-1.1266403823625382 0.68323820630910426 0.49158171727107125 1.7537117042585153 0.13845063191883775 -0.1510124206755169 3.5880900016197792 1.2192265751488183 1.9585669469423856 2.2446897565079618 0.35822504715810366 -0.32707843358509281 0.99052029004828501 0.41580544685403642 1.7846263867411123
leaf_weight=5440 246 64 436 102 157 51 781 1409 432 141 843 87 467 144
leaf_count=5440 246 64 436 102 157 51 781 1409 432 141 843 87 467 144
internal_value=0.00151172 -0.864972 1.67223 1.09515 -0.0134468 1.97585 1.1783 2.07085 2.39366 -0.184207 -0.268834 1.62889 0.273179 1.30908
internal_weight=10800 7112 3688 1273 1672 2415 1171 1892 483 1048 907 523 624 925
internal_count=10800 7112 3688 1273 1672 2415 1171 1892 483 1048 907 523 624 925
is_linear=0
shrinkage=0.05


Tree=27
num_leaves=15
num_cat=0
split_feature=65 65 65 64 60 36 30 52 36 25 8 31 48 7
split_gain=5.64744e+06 629279 191885 41446.8 33904.1 27472.8 26469.1 19032.1 17192.8 22127.1 15512.2 15339.5 15208 16773.1
threshold=163.30129150000002 63.145266500000005 236.71232250000003 230.35291300000003 -0.8814490726585632 21.355208333333337 18.725000000000005 0.41248606129204562 25.307031250000005 103.98276118801375 257.88623600000005 22.762500000000003 23.625000000000004 269.61269000000004
decision_type=2 2 2 2 2 2 2 2 2 2 2 2 2 2
left_child=1 -1 3 7 -3 -6 -4 11 10 -10 -8 -2 13 -7
right_child=2 4 6 -5 5 12 8 -9 9 -11 -12 -13 -14 -15
leaf_value=-1.0681524449752438 0.58045451773755097 0.49548982421976406 1.3645180208854519 1.8576583814099838 -0.45948423506928099 0.016389952766851609 1.9316114942966438 1.2734142977482916 3.347893119344906 2.1248428683321019 1.0231009730752909 1.0722113988982311 -0.73776014939708234 0.65688752311727283
leaf_weight=5462 282 307 211 182 361 920 1678 512 48 237 52 376 58 114
leaf_count=5462 282 307 211 182 361 920 1678 512 48 237 52 376 58 114
internal_value=0.00150104 -0.803258 1.62563 1.15425 0.0189591 -0.0819972 1.91129 1.04334 1.96784 2.34182 1.90491 0.862659 0.043101 0.0875722
internal_weight=10800 7222 3578 1352 1760 1453 2226 1170 2015 285 1730 658 1092 1034
internal_count=10800 7222 3578 1352 1760 1453 2226 1170 2015 285 1730 658 1092 1034
is_linear=0
shrinkage=0.05


Tree=28
num_leaves=15
num_cat=0
split_feature=65 65 65 64 35 60 36 36 18 48 37 52 45 25
split_gain=5.09774e+06 568323 173196 37481.1 32655.7 26597.8 24259 18356.9 18310.6 17517.9 15138.4 14485.8 15895.9 24723
threshold=163.30129150000002 42.523274000000008 236.71232250000003 228.38420300000004 20.628125000000004 -0.8814490726585632 20.610677083333339 18.666666666666668 53.414328958333336 11.375000000000002 47.375000000000007 0.68322629814330837 81.552083333333357 105.41375802674405
decision_type=2 2 2 2 2 2 2 2 2 2 2 2 2 2
left_child=1 -1 3 7 -3 -6 -4 -2 -7 -9 -10 -8 13 -13
right_child=2 4 6 -5 5 8 11 9 10 -11 -12 12 -14 -15
leaf_value=-1.0169209611216488 0.077698800574850166 -0.36714908806326219 1.413825087541112 1.7472164404888948 0.60056145588206433 0.38470002846324963 1.642077819241418 1.0706746203160395 0.42423589646331666 0.017082887400119078 -0.1764064758547767 2.5911503207429929 1.8462329918815492 1.832616670475256
leaf_weight=5440 53 430 336 191 247 270 494 1067 122 41 713 234 934 228
leaf_count=5440 53 430 336 191 247 270 494 1067 122 41 713 234 934 228
internal_value=0.00148836 -0.763102 1.54456 1.09672 0.011878 0.132609 1.81594 0.988291 0.0275592 1.03174 -0.0882455 1.88665 1.97195 2.22158
internal_weight=10800 7222 3578 1352 1782 1352 2226 1161 1105 1108 835 1890 1396 462
internal_count=10800 7222 3578 1352 1782 1352 2226 1161 1105 1108 835 1890 1396 462
is_linear=0
shrinkage=0.05


Tree=29
num_leaves=15
num_cat=0
split_feature=65 65 65 48 36 36 35 61 35 22 25 64 21 52
split_gain=4.60257e+06 465754 189607 34843.3 28452.9 27571 22817.5 18009.9 20754 16708.9 16467.4 19169.2 15445.6 14140.5
threshold=147.27926650000003 42.523274000000008 236.71232250000003 11.375000000000002 23.214062500000004 24.648697916666666 21.242708333333336 -0.9733555533461492 19.621875000000003 41.172908354166672 110.83558801624868 235.04051500000003 73.704067529917253 0.63405362205439497
decision_type=2 2 2 2 2 2 2 2 2 2 2 2 2 2
left_child=1 -1 3 4 -2 7 13 -3 -9 -8 11 -6 -10 -4
right_child=2 5 6 -5 10 -7 9 8 12 -11 -12 -13 -14 -15
leaf_value=-0.96608420682071738 0.85423297957338729 0.62387273371974128 1.2016612685729411 0.098720139565253717 1.2694761519406583 0.41204637846407988 2.4330538716809507 -0.61127238288597896 -0.14715008626336476 1.8226131403244672 0.6300080340119858 2.0653748128832001 0.37342091535146421 1.6613685977220969
leaf_weight=5440 766 78 213 102 420 311 144 207 908 768 78 96 168 1101
leaf_count=5440 766 78 213 102 420 311 144 207 908 768 78 96 168 1101
internal_value=0.00146992 -0.741799 1.43461 0.991064 1.05787 -0.0119256 1.72536 -0.109038 -0.154047 1.92156 1.31859 1.42126 -0.0656001 1.58782
internal_weight=10800 7112 3688 1462 1360 1672 2226 1361 1283 912 594 516 1076 1314
internal_count=10800 7112 3688 1462 1360 1672 2226 1361 1283 912 594 516 1076 1314
is_linear=0
shrinkage=0.05


Tree=30
num_leaves=15
num_cat=0
split_feature=65 65 65 52 65 36 30 48 61 14 36 25 36 20
split_gain=4.15448e+06 420369 171116 31973.6 27619.4 24888.5 21669.6 18105.4 16272 19375.6 15208.5 15838.9 14656.8 14124.4
threshold=147.27926650000003 42.523274000000008 236.71232250000003 0.41248606129204562 179.67937700000002 24.648697916666666 18.275000000000002 11.375000000000002 -0.9733555533461492 251.2378196666667 25.138281250000002 103.98276118801375 23.976302083333341 262.36879000000005
decision_type=2 2 2 2 2 2 2 2 2 2 2 2 2 2
left_child=1 -1 3 7 -5 8 -4 12 -3 -10 -8 -12 -2 -6
right_child=2 5 6 4 13 -7 10 -9 9 -11 11 -13 -14 -15
leaf_value=-0.91778890774149691 0.65732690191626297 0.5930739501609078 1.1168072659619817 -0.042151279612021017 1.1855575781183407 0.39151009271781034 1.625486098954994 0.09383205153721666 -0.238116928310322 0.26424414928556678 2.8019837429648953 1.8371033415649878 1.1818721292218612 1.9844941414892674
leaf_weight=5440 466 78 190 43 598 311 1717 102 1049 234 56 263 190 63
leaf_count=5440 466 78 190 43 598 311 1717 102 1049 234 56 263 190 63
internal_value=0.00145067 -0.704711 1.36305 0.941679 1.18483 -0.0113099 1.63925 0.71459 -0.103578 -0.146359 1.68743 2.01471 0.810821 1.26459
internal_weight=10800 7112 3688 1462 704 1672 2226 758 1361 1283 2036 319 656 661
internal_count=10800 7112 3688 1462 704 1672 2226 758 1361 1283 2036 319 656 661
is_linear=0
shrinkage=0.05


Tree=31
num_leaves=15
num_cat=0
split_feature=65 65 65 52 35 17 30 65 30 30 36 25 8 37
split_gain=3.75006e+06 379418 154429 28908.9 23192.8 21977.4 19648.3 19079.8 15948.7 14517.4 13228 17296.2 13964 12086.4
threshold=147.27926650000003 42.523274000000008 236.71232250000003 0.35206144883412582 20.628125000000004 24.497449183280221 18.962500000000002 172.10123800000002 18.425000000000001 21.262500000000003 25.307031250000005 103.98276118801375 257.88623600000005 47.375000000000007
decision_type=2 2 2 2 2 2 2 2 2 2 2 2 2 2
left_child=1 -1 3 8 -3 -6 -4 -5 -2 -9 12 -12 -8 -7
right_child=2 4 6 7 5 13 10 9 -10 -11 11 -13 -14 -15
leaf_value=-0.8719078755251648 -0.046330609373949672 -0.34449478968208475 1.1279461506380135 0.04748592603774298 0.34132769173827199 0.39678590699898458 1.5804897479867239 0.97838725048247532 0.73605498419918325 1.4373805693100241 2.821419602997449 1.7461936589048692 0.72785175701357296 -0.1641095424410938
leaf_weight=5440 73 396 248 41 524 112 1641 464 595 289 48 237 52 640
leaf_count=5440 73 396 248 41 524 112 1641 464 595 289 48 237 52 640
internal_value=0.00143618 -0.669475 1.29506 0.894768 -0.0107142 0.0930616 1.55745 1.0991 0.650613 1.15622 1.6107 1.93652 1.55475 -0.0801559
internal_weight=10800 7112 3688 1462 1672 1276 2226 794 668 753 1978 285 1693 752
internal_count=10800 7112 3688 1462 1672 1276 2226 794 668 753 1978 285 1693 752
is_linear=0
shrinkage=0.05


Tree=32
num_leaves=15
num_cat=0
split_feature=65 65 65 64 25 35 36 22 64 52 31 60 52 37
split_gain=3.38568e+06 376832 114658 28574.8 25000 18234.4 15871.9 14624.9 13971.6 13328.8 12910 12831.4 12737.5 10895.3
threshold=163.30129150000002 63.145266500000005 236.71232250000003 230.35291300000003 104.19667212036495 21.242708333333336 18.395963541666671 41.172908354166672 145.66790250000003 0.41248606129204562 17.275000000000002 -0.8814490726585632 0.63405362205439497 78.625000000000014
decision_type=2 2 2 2 2 2 2 2 2 2 2 2 2 2
left_child=1 -1 3 6 10 12 -2 -7 -6 -8 -3 -12 -4 -11
right_child=2 4 5 -5 8 7 9 -9 -10 13 11 -13 -14 -15
leaf_value=-0.82668147380701607 -0.086079528156254567 -0.86372971028220236 0.99299548212003641 1.4781838483497747 0.062502254591890002 2.130539793803774 0.68721772893852606 1.5629834797586979 0.52958840971839605 1.311328997817945 0.30278886047574138 -0.16848722534449814 1.426549019235881 0.8261439861475135
leaf_weight=5462 48 56 213 182 382 144 634 768 275 211 172 875 1101 277
leaf_count=5462 48 56 213 182 382 144 634 768 275 211 172 875 1101 277
internal_value=0.00141305 -0.621695 1.25894 0.894562 0.0145712 1.47976 0.802592 1.65483 0.258518 0.840653 -0.130838 -0.0908515 1.35708 1.03818
internal_weight=10800 7222 3578 1352 1760 2226 1170 912 657 1122 1103 1047 1314 488
internal_count=10800 7222 3578 1352 1760 2226 1170 912 657 1122 1103 1047 1314 488
is_linear=0
shrinkage=0.05


Tree=33
num_leaves=15
num_cat=0
split_feature=65 65 65 48 36 36 30 61 35 6 41 24 32 25
split_gain=3.05639e+06 309018 125620 25776.5 22137 19825.5 17452.2 14466.2 16353.2 13688.3 14257.2 22157.8 14069.2 13228.1
threshold=147.27926650000003 42.523274000000008 236.71232250000003 11.375000000000002 22.750520833333336 24.648697916666666 19.087500000000002 -0.9733555533461492 19.621875000000003 77.922700000000006 82.875000000000014 290.03840000000008 22.037500000000005 110.83558801624868
decision_type=2 2 2 2 2 2 2 2 2 2 2 2 2 2
left_child=1 -1 3 4 -2 7 -4 -3 -9 10 11 -8 -12 -6
right_child=2 5 6 -5 13 -7 9 8 -10 -11 12 -13 -14 -15
leaf_value=-0.78699401844251116 0.65940621852198444 0.56470384710951693 1.0892648522955879 0.041173049210778717 1.1437069053429916 0.34972850006112521 1.9490807667672634 -0.53834547139883326 -0.053976698075689222 1.2536608341282065 1.5385407672458611 1.1476792943679681 1.0237726600932293 0.4445326746830458
leaf_weight=5440 671 78 378 102 611 311 399 207 1076 549 601 117 182 78
leaf_count=5440 671 78 378 102 611 311 399 207 1076 549 601 117 182 78
internal_value=0.00138574 -0.604304 1.16926 0.808222 0.865678 -0.00979191 1.40591 -0.0921418 -0.132483 1.47005 1.56047 1.76994 1.42035 1.06531
internal_weight=10800 7112 3688 1462 1360 1672 2226 1361 1283 1848 1299 516 783 689
internal_count=10800 7112 3688 1462 1360 1672 2226 1361 1283 1848 1299 516 783 689
is_linear=0
shrinkage=0.05


Tree=34
num_leaves=15
num_cat=0
split_feature=65 65 65 64 21 30 36 36 52 44 49 24 48 12
split_gain=2.75908e+06 306915 93323.7 25353.7 23344.9 16298.2 15396.1 14047.6 12365.3 13158.4 15497.3 14720.8 11975 14905.8
threshold=163.30129150000002 28.000000000000004 236.71232250000003 230.35291300000003 71.875186405689604 18.275000000000002 21.355208333333337 18.395963541666671 0.72947329433276253 82.843750000000014 3.5000000000000004 290.03840000000008 10.625000000000002 267.18396650000005
decision_type=2 2 2 2 2 2 2 2 2 2 2 2 2 2
left_child=1 -1 3 7 6 -4 -3 -2 -7 11 -11 -10 -9 -14
right_child=2 4 5 -5 -6 8 -8 12 9 10 -12 -13 13 -15
leaf_value=-0.75210851095014064 -0.11416084211395712 -0.36248477724033357 0.88399746217496744 1.3573590594399825 0.36473096823266116 1.1959214683222983 0.003893631297217075 0.84587946226509192 1.822216790301848 1.4299752888666279 0.81931701020221226 1.178306848473019 0.19223576288733801 1.0141049470315562
leaf_weight=5376 48 385 190 182 346 671 1115 867 393 720 127 125 175 80
leaf_count=5376 48 385 190 182 346 671 1115 867 393 720 127 125 175 80
internal_value=0.00136192 -0.561138 1.13658 0.807836 -0.00487936 1.33579 -0.0903223 0.721269 1.3775 1.46582 1.33949 1.6694 0.757079 0.453031
internal_weight=10800 7222 3578 1352 1846 2226 1500 1170 2036 1365 847 518 1122 255
internal_count=10800 7222 3578 1352 1846 2226 1500 1170 2036 1365 847 518 1122 255
is_linear=0
shrinkage=0.05


Tree=35
num_leaves=15
num_cat=0
split_feature=65 65 65 36 52 25 34 48 51 9 36 22 36 15
split_gain=2.49134e+06 246837 106368 25611.8 18894.8 17530.8 16124.4 14650.5 13475.1 11220.9 10915 11193.1 10767 10650.3
threshold=145.74438900000004 63.145266500000005 225.63727100000003 20.649218750000006 0.63405362205439497 104.19667212036495 22.271875000000001 11.375000000000002 2.5000000000000004 258.3471090000001 25.387500000000006 144.58368682812502 18.395963541666671 206.32641350000003
decision_type=2 2 2 2 2 2 2 2 2 2 2 2 2 2
left_child=1 -1 3 8 9 13 -6 10 -2 -4 -5 -12 -10 -3
right_child=2 5 4 7 6 -7 -8 -9 12 -11 11 -13 -14 -15
leaf_value=-0.70902080184130711 -0.589321660453623 -0.19974167996543879 1.0801882006483712 0.77158290497985405 1.2587419553537025 0.20473624996447934 1.6791942512689955 0.18062506760120073 -0.21812813296422082 0.45093286267735744 1.9587270504090846 0.95801258302870262 0.62973802798069445 0.26299970346021245
leaf_weight=5462 43 876 436 835 1614 608 278 92 52 87 40 104 129 144
leaf_count=5462 43 876 436 835 1614 608 278 92 52 87 40 104 129 144
internal_value=0.00133956 -0.547981 1.05098 0.684503 1.24714 -0.00758387 1.32138 0.786139 0.197222 0.976573 0.842798 1.24758 0.386292 -0.13422
internal_weight=10800 7090 3710 1295 2415 1628 1892 1071 224 523 979 144 181 1020
internal_count=10800 7090 3710 1295 2415 1628 1892 1071 224 523 979 144 181 1020
is_linear=0
shrinkage=0.05


Tree=36
num_leaves=15
num_cat=0
split_feature=65 65 65 36 61 14 52 46 24 48 65 56 20 47
split_gain=2.24877e+06 223484 95978.7 23132.9 17131.9 21261.9 17045.1 14690.9 17905.8 13373.3 12744.4 11461.7 11454.5 11004.9
threshold=145.74438900000004 28.000000000000004 225.63727100000003 20.649218750000006 -0.9733555533461492 248.71095337500006 0.63405362205439497 82.078125000000014 290.03840000000008 10.875000000000002 172.10123800000002 7.1250000000000009 262.36879000000005 69.501302083333357
decision_type=2 2 2 2 2 2 2 2 2 2 2 2 2 2
left_child=1 -1 3 10 -3 11 -4 8 -8 12 -2 -6 -5 -9
right_child=2 4 6 9 5 -7 7 13 -10 -11 -12 -13 -14 -15
leaf_value=-0.67906559069227157 -0.61151564179397211 0.64037997220521392 0.92789059908990645 0.76475114565574553 0.42556312063610868 0.24151820803635587 1.6010537123021906 0.32815315903777759 0.95187974257601626 0.39981036897869282 0.36334867441170926 -0.20923505677080445 1.3161114086438945 1.1808526571615221
leaf_weight=5376 40 91 523 738 75 427 488 40 143 223 184 1121 110 1221
leaf_count=5376 40 91 523 738 75 427 488 40 143 223 184 1121 110 1221
internal_value=0.00130834 -0.520585 0.998545 0.65042 -0.0234019 -0.0609909 1.18487 1.25538 1.45567 0.747012 0.187322 -0.169105 0.837738 1.15409
internal_weight=10800 7090 3710 1295 1714 1623 2415 1892 631 1071 224 1196 848 1261
internal_count=10800 7090 3710 1295 1714 1623 2415 1892 631 1071 224 1196 848 1261
is_linear=0
shrinkage=0.05


Tree=37
num_leaves=15
num_cat=0
split_feature=65 65 52 21 30 7 35 64 17 31 64 65 8 29
split_gain=2.03006e+06 230595 74787 26541.2 23037.5 22676.8 16984.3 16506.2 15482.3 12757.5 10787.6 10701.9 10461.9 10011.1
threshold=165.37225500000002 73.362583000000015 0.41248606129204562 98.266410409459311 21.312500000000004 199.64899450000004 19.621875000000003 240.69470000000004 26.582466969226235 24.962500000000002 243.19934200000003 24.000000000000004 262.36879000000005 18.012500000000003
decision_type=2 2 2 2 2 2 2 2 2 2 2 2 2 2
left_child=1 11 9 6 7 12 13 -4 -8 -2 -7 -1 -6 -3
right_child=2 3 4 -5 5 10 8 -9 -10 -11 -12 -13 -14 -15
leaf_value=-0.66604849164143587 0.32540477002692691 -0.068391598298631867 0.81606814583483767 1.0105306976672377 1.5488191032106127 0.64033325027982546 0.20506502723024989 1.1439288353379997 -0.12674676731367016 0.74816142810651898 1.1536402770693399 -0.4723907466134537 0.76166345977783212 -0.71926155735234754
leaf_weight=4672 384 115 858 65 539 132 769 722 646 337 535 856 49 121
leaf_count=4672 384 115 858 65 539 132 769 722 646 337 535 856 49 121
internal_value=0.00127827 -0.479003 0.979529 0.0273189 1.09521 1.25634 -0.0119785 0.966517 0.0535981 0.523766 1.05317 -0.636152 1.48463 -0.403727
internal_weight=10800 7244 3556 1716 2835 1255 1651 1580 1415 721 667 5528 588 236
internal_count=10800 7244 3556 1716 2835 1255 1651 1580 1415 721 667 5528 588 236
is_linear=0
shrinkage=0.05


Tree=38
num_leaves=15
num_cat=0
split_feature=65 65 52 21 30 7 29 17 64 31 48 64 30 8
split_gain=1.83241e+06 208329 67503.4 25269.7 20806.9 20472 16363.9 16462.4 14899.9 11616.2 10473.8 9730.21 9580.89 9424.76
threshold=165.37225500000002 28.000000000000004 0.41248606129204562 98.266410409459311 21.312500000000004 199.64899450000004 19.962500000000002 27.056946914412602 240.69470000000004 23.262500000000003 23.625000000000004 243.19934200000003 16.025000000000002 262.36879000000005
decision_type=2 2 2 2 2 2 2 2 2 2 2 2 2 2
left_child=1 -1 9 6 8 13 -3 -8 12 -2 -9 -7 -4 -6
right_child=2 3 4 -5 5 11 7 10 -10 -11 -12 -13 -14 -15
leaf_value=-0.61309017318319781 0.27547728052926723 -0.3428077465227477 0.10145118400527567 0.9607697139804563 1.4715215636458663 0.60855732071808633 0.18713266038132953 -0.08811211493440381 1.0868115028611194 0.67985868084437284 -0.79850352348334963 1.0960658753513177 0.81683461243546907 0.72434194535017016
leaf_weight=5376 326 348 50 65 539 132 816 583 722 395 56 535 808 49
leaf_count=5376 326 348 50 65 539 132 816 583 722 395 56 535 808 49
internal_value=0.00124354 -0.455059 0.930653 -0.000167948 1.04056 1.19368 -0.0353241 0.0384033 0.918253 0.497653 -0.151519 1.00064 0.775312 1.41059
internal_weight=10800 7244 3556 1868 2835 1255 1803 1455 1580 721 639 667 858 588
internal_count=10800 7244 3556 1868 2835 1255 1803 1455 1580 721 639 667 858 588
is_linear=0
shrinkage=0.05


Tree=39
num_leaves=15
num_cat=0
split_feature=65 65 52 21 30 7 35 64 17 30 37 56 36 65
split_gain=1.65401e+06 188332 60930.7 21659.1 18791.6 18481.6 14110.8 13449.2 12815.4 10831.2 10207.8 9930.01 9437.01 9242.66
threshold=165.37225500000002 73.362583000000015 0.41248606129204562 98.266410409459311 21.312500000000004 199.64899450000004 19.621875000000003 240.69470000000004 23.175591281075739 21.112500000000004 51.125000000000007 7.1250000000000009 25.387500000000006 24.000000000000004
decision_type=2 2 2 2 2 2 2 2 2 2 2 2 2 2
left_child=1 13 9 6 7 -6 -3 -4 12 -2 -10 -12 -8 -1
right_child=2 3 4 -5 5 -7 8 -9 10 -11 11 -13 -14 -15
leaf_value=-0.60210520219629393 0.26934154634370677 -0.36730972208742857 0.73660007548042516 0.91345908492803574 1.340248886915161 0.95073831217854243 0.15225135151111208 1.0325460920020175 0.23381896278247086 0.65834335791297871 0.44528060104569483 -0.24214943275646827 0.76689199079090442 -0.42220972897517506
leaf_weight=4672 345 236 858 65 588 667 527 722 197 376 57 564 70 856
leaf_count=4672 345 236 858 65 588 667 527 722 197 376 57 564 70 856
internal_value=0.00120991 -0.43231 0.884216 0.0252661 0.988635 1.13416 -0.0102339 0.872404 0.0495382 0.472836 -0.078989 -0.178438 0.225482 -0.57433
internal_weight=10800 7244 3556 1716 2835 1255 1651 1580 1415 721 818 621 597 5528
internal_count=10800 7244 3556 1716 2835 1255 1651 1580 1415 721 818 621 597 5528
is_linear=0
shrinkage=0.05


Tree=40
num_leaves=15
num_cat=0
split_feature=65 65 52 21 29 37 36 25 32 48 48 31 65 48
split_gain=1.49289e+06 170178 54991.6 20619.7 17323.9 14470.3 13646.7 18013.4 14160.4 12829.8 12494.6 12342.9 11456.1 9984.71
threshold=165.37225500000002 28.000000000000004 0.41248606129204562 98.266410409459311 16.862500000000004 51.375000000000007 25.347395833333334 103.98276118801375 22.612500000000004 5.3750000000000009 4.3750000000000009 30.187500000000004 220.08628400000001 23.625000000000004
decision_type=2 2 2 2 2 2 2 2 2 2 2 2 2 2
left_child=1 -1 -2 5 -4 -3 8 -8 9 10 -6 13 -12 -7
right_child=2 3 4 -5 6 11 7 -9 -10 -11 12 -13 -14 -15
leaf_value=-0.55351935782706574 0.4492584810145922 0.32096635639608145 0.26100415363206819 0.86847813629375947 0.94888252864387934 -0.080731233316385986 2.0728341003944135 1.0913771558297822 0.6403903899504626 1.0950363994092998 0.69015270682386543 0.76799515834668786 -0.18290876085343569 -0.65146654525564784
leaf_weight=5376 721 250 92 65 698 1433 57 291 392 1044 216 40 45 80
leaf_count=5376 721 250 92 65 698 1433 57 291 392 1044 216 40 45 80
internal_value=0.00117657 -0.410689 0.840076 0.000445444 0.939275 -0.0313121 0.961921 1.25761 0.918449 0.972521 0.838144 -0.0881915 0.539501 -0.111319
internal_weight=10800 7244 3556 1868 2835 1803 2743 348 2395 2003 959 1553 261 1513
internal_count=10800 7244 3556 1868 2835 1803 2743 348 2395 2003 959 1553 261 1513
is_linear=0
shrinkage=0.05


Tree=41
num_leaves=15
num_cat=0
split_feature=65 65 52 21 30 7 36 22 8 30 43 47 65 36
split_gain=1.34755e+06 154150 49648.2 16754.6 16472.3 16150.4 15279.1 11686.7 12188 11458.3 11320 11206.7 11044.4 10758.1
threshold=165.37225500000002 82.382441500000013 0.41248606129204562 98.266410409459311 21.312500000000004 199.64899450000004 24.648697916666666 145.83517119791671 202.65135800000004 16.862500000000004 71.375000000000014 72.183593750000014 24.000000000000004 26.654427083333335
decision_type=2 2 2 2 2 2 2 2 2 2 2 2 2 2
left_child=1 12 -2 6 9 -6 -3 8 -8 -4 -11 -12 -1 -9
right_child=2 3 4 -5 5 -7 7 13 -10 10 11 -13 -14 -15
leaf_value=-0.54433634762281324 0.42682666798068053 -0.063841478735312332 0.1414882355095709 0.82571217491799465 1.2211148465251478 0.85728757621031704 0.12111987601155821 -0.12755540598321843 1.2014649239324389 0.3913022932143429 1.5453250005327424 0.82584630019934357 -0.35954440379343672 0.7888725503569558
leaf_weight=4672 721 1237 67 65 588 667 45 134 62 147 57 1309 988 41
leaf_count=4672 721 1237 67 65 588 667 45 134 62 147 57 1309 988 41
internal_value=0.00115356 -0.39015 0.798171 0.0458282 0.892428 1.02859 0.0119347 0.34338 0.752443 0.783695 0.812021 0.856977 -0.512149 0.0904129
internal_weight=10800 7244 3556 1584 2835 1255 1519 282 107 1580 1513 1366 5660 175
internal_count=10800 7244 3556 1584 2835 1255 1519 282 107 1580 1513 1366 5660 175
is_linear=0
shrinkage=0.05


Tree=42
num_leaves=15
num_cat=0
split_feature=65 65 65 36 43 61 36 22 31 49 56 24 35 0
split_gain=1.21707e+06 90995.6 81433 20584.6 15604.4 13820.5 13332.8 13924.3 20821 13229.1 16174.4 11057.2 10773.8 10751.5
threshold=127.49180350000002 28.000000000000004 217.19465950000003 25.173697916666672 66.875000000000014 -0.9733555533461492 23.024739583333339 135.9634828697917 22.312500000000004 4.5000000000000009 18.875000000000004 277.75656700000008 20.667187500000004 263.35991450000006
decision_type=2 2 2 2 2 2 2 2 2 2 2 2 2 2
left_child=1 -1 3 9 -4 -3 -6 8 -8 10 13 -9 -7 -2
right_child=2 5 4 -5 6 12 7 11 -10 -11 -12 -13 -14 -15
leaf_value=-0.49984651111150868 0.40693929274034624 0.71216068769756125 0.30913752039558573 0.87598816485201214 0.78508390752225843 -0.33859221263305295 2.2365138919265184 0.6069672968836044 1.1076646773326091 -0.19024766751548702 0.028767041496741287 1.0304959288742452 -0.0058438222178404126 0.91709826664999139
leaf_weight=5376 787 56 121 195 1308 315 53 211 194 113 262 633 1057 119
leaf_count=5376 787 56 121 195 1308 315 53 211 194 113 262 633 1057 119
internal_value=0.00112945 -0.405622 0.693635 0.398301 0.866389 -0.0507941 0.894355 1.02452 1.35793 0.324959 0.374924 0.925457 -0.0824311 0.474884
internal_weight=10800 6804 3996 1476 2520 1428 2399 1091 247 1281 1168 844 1372 906
internal_count=10800 6804 3996 1476 2520 1428 2399 1091 247 1281 1168 844 1372 906
is_linear=0
shrinkage=0.05


Tree=43
num_leaves=15
num_cat=0
split_feature=65 65 65 30 9 37 61 29 48 41 25 32 49 36
split_gain=1.09862e+06 82130.3 73510.3 19240.3 14683.4 12503.9 12494.1 12032.6 11377.7 13653.9 17910.1 13025.4 10345.4 11373.2
threshold=127.49180350000002 28.000000000000004 217.19465950000003 21.262500000000003 267.14005600000007 54.875000000000007 -0.9733555533461492 16.862500000000004 5.6250000000000009 82.875000000000014 105.3195466553865 22.012500000000003 2.5000000000000004 18.395963541666671
decision_type=2 2 2 2 2 2 2 2 2 2 2 2 2 2
left_child=1 -1 3 12 7 -5 -3 -4 -9 10 -10 -11 13 -2
right_child=2 6 4 5 -6 -7 -8 8 9 11 -12 -13 -14 -15
leaf_value=-0.47485883619476255 -0.36136436135489114 0.67717734805324625 0.24587488699345347 1.3040675115951321 0.15018203428015114 0.52134264161075483 -0.078322091035062269 0.74649051810738887 1.4738510045503814 0.95219624668615088 0.81777187645594707 0.46565488129828331 0.015341107117690447 0.4399044422109511
leaf_weight=5376 48 56 82 56 79 544 1372 1102 251 641 186 179 345 483
leaf_count=5376 48 56 82 56 79 544 1372 1102 251 641 186 179 345 483
internal_value=0.00110993 -0.385342 0.659055 0.378455 0.82319 0.596445 -0.0482415 0.844901 0.86561 0.969365 1.19711 0.846684 0.228637 0.36693
internal_weight=10800 6804 3996 1476 2520 600 1428 2441 2359 1257 437 820 876 531
internal_count=10800 6804 3996 1476 2520 600 1428 2441 2359 1257 437 820 876 531
is_linear=0
shrinkage=0.05


Tree=44
num_leaves=15
num_cat=0
split_feature=65 65 52 35 30 7 21 43 47 8 30 49 37 52
split_gain=993515 113889 39440.2 15630.5 15506.9 12865.6 11337 11199.8 10590.6 9220.28 9206.21 9839.81 9103.42 13281.2
threshold=165.37225500000002 82.382441500000013 0.35206144883412582 19.621875000000003 21.312500000000004 199.64899450000004 98.266410409459311 71.375000000000014 72.183593750000014 263.87977600000005 16.025000000000002 3.5000000000000004 51.375000000000007 -0.13052619222005171
decision_type=2 2 2 2 2 2 2 2 2 2 2 2 2 2
left_child=1 -1 -2 -3 7 9 12 -4 -9 -6 -10 -12 -5 -14
right_child=2 3 4 6 5 -7 -8 8 10 -11 11 -13 13 -15
leaf_value=-0.43976831656409426 0.3027995809140126 -0.36309736208482224 0.2876545177663074 0.36788893004118561 1.1110882086045317 0.73962696370791325 0.74043106385930024 1.3634778598607598 6.7942738533020025e-05 0.36494463883498884 0.75550057651349389 0.38423485810420033 -0.22657699937408327 0.13780568527782563
leaf_weight=5660 568 208 186 212 566 713 65 58 49 46 1155 215 383 716
leaf_count=5660 568 208 186 212 566 713 65 58 49 46 1155 215 383 716
internal_value=0.00108634 -0.334905 0.685443 0.0398376 0.758055 0.886299 0.100966 0.655405 0.70149 1.05569 0.673491 0.697559 0.0687206 0.0107283
internal_weight=10800 7244 3556 1584 2988 1325 1376 1663 1477 612 1419 1370 1311 1099
internal_count=10800 7244 3556 1584 2988 1325 1376 1663 1477 612 1419 1370 1311 1099
is_linear=0
shrinkage=0.05


Tree=45
num_leaves=15
num_cat=0
split_feature=65 65 52 30 21 7 64 32 17 32 46 9 45 64
split_gain=896782 102840 35604.1 13994.9 13237.4 11616.6 10794.7 10351.4 9306.01 8914.84 8949.13 8548.27 8410.23 7601.4
threshold=165.37225500000002 73.362583000000015 0.35206144883412582 21.312500000000004 95.718381665912645 199.64899450000004 240.69470000000004 19.912500000000005 27.056946914412602 19.962500000000002 82.848958333333357 260.54473700000011 89.760416666666671 241.68442550000003
decision_type=2 2 2 2 2 2 2 2 2 2 2 2 2 2
left_child=1 -1 -2 6 7 11 -4 -3 12 -8 -11 -5 -9 -7
right_child=2 4 3 5 -6 13 9 8 -10 10 -12 -13 -14 -15
leaf_value=-0.42310461814881323 0.28768621206296663 -0.34358889352548067 0.50877045989226222 1.0659440114272729 0.56671911629919824 0.3594408805406204 0.98377407431807318 0.17880736347785331 -0.12003257456364046 0.944597641184722 0.4623936288485222 0.43684272051803652 -0.5319318385794759 0.78138178258106628
leaf_weight=5528 568 208 932 550 103 134 290 783 579 145 296 62 43 579
leaf_count=5528 568 208 932 550 103 134 290 783 579 145 296 62 43 579
internal_value=0.00105761 -0.318158 0.651245 0.720236 0.0199708 0.842068 0.622718 -0.015272 0.0335427 0.767104 0.62272 1.00303 0.141209 0.702697
internal_weight=10800 7244 3556 2988 1716 1325 1663 1613 1405 731 441 612 826 713
internal_count=10800 7244 3556 2988 1716 1325 1663 1613 1405 731 441 612 826 713
is_linear=0
shrinkage=0.05


Tree=46
num_leaves=15
num_cat=0
split_feature=65 65 52 21 35 48 7 37 13 64 22 36 41 22
split_gain=809498 93251.7 32198.7 12682.3 12189.8 10321.2 13553.5 11409.7 10143.4 11130.4 9248.69 12217.8 8804.27 18697.1
threshold=165.37225500000002 28.000000000000004 0.41248606129204562 95.718381665912645 22.584375000000005 23.625000000000004 255.38256250000003 51.375000000000007 2.0969495436930639 241.68442550000003 145.83517119791671 24.648697916666666 82.875000000000014 135.76219061979171
decision_type=2 2 2 2 2 2 2 2 2 2 2 2 2 2
left_child=1 -1 -2 5 8 6 7 10 9 -4 11 -3 13 -10
right_child=2 3 4 -5 -6 -7 -8 -9 12 -11 -12 -13 -14 -15
leaf_value=-0.40798470438779327 0.31977717828281599 0.11156880059804684 0.45008190287892069 0.53865562410165491 0.93405529029963441 -0.58082715166203769 0.36881083093342054 -0.11879874924216707 1.6972295802373154 0.71222909123691425 -0.42096935013930009 0.92973977246454786 0.69309989569594466 0.70874595826943265
leaf_weight=5376 721 132 838 103 452 80 213 1230 77 800 41 69 537 131
leaf_count=5376 721 132 838 103 452 80 213 1230 77 800 41 69 537 131
internal_value=0.0010286 -0.302255 0.618765 0.00208516 0.694664 -0.0295147 -0.00301069 -0.0570275 0.648884 0.578471 0.256131 0.395646 0.802716 1.08104
internal_weight=10800 7244 3556 1868 2835 1765 1685 1472 2383 1638 242 201 745 208
internal_count=10800 7244 3556 1868 2835 1765 1685 1472 2383 1638 242 201 745 208
is_linear=0
shrinkage=0.05


Tree=47
num_leaves=15
num_cat=0
split_feature=65 65 5 53 21 41 25 43 25 34 20 39 17 31
split_gain=730697 84170.8 29607.3 15053.3 12074.4 11175.8 12556.4 12194.8 10558.6 10146.1 9860.66 9324.1 9236.89 8882.27
threshold=165.37225500000002 28.000000000000004 62.684561500000008 0.16280825711809005 61.158939689375472 82.875000000000014 105.3195466553865 82.375000000000014 103.46998804815223 22.511458333333337 265.28061800000006 54.875000000000007 2.2746480028614838e-05 30.012500000000003
decision_type=2 2 2 2 2 2 2 2 2 2 2 2 2 2
left_child=1 -1 3 5 13 6 8 -7 -2 12 -4 -6 -5 -3
right_child=2 4 10 9 11 7 -8 -9 -10 -11 -12 -13 -14 -15
leaf_value=-0.38758926150389539 0.9951441473598257 -0.099599760478914556 0.16136305973185266 0.51826868818805338 0.84882359750130609 0.46207494713428565 0.67157267373855989 0.82237746051534433 1.7147959764689618 0.82069199535606518 0.63966077907676144 0.13644806622209191 -0.0027337137409435808 0.64787213638788321
leaf_weight=5376 202 1308 473 1127 50 416 213 555 72 267 139 470 92 40
leaf_count=5376 202 1308 473 1127 50 416 213 555 72 267 139 470 92 40
internal_value=0.00100465 -0.287139 0.587904 0.653697 0.00200306 0.768223 0.964981 0.668649 1.1898 0.540887 0.270862 0.206443 0.478978 -0.0769558
internal_weight=10800 7244 3556 2944 1868 1458 487 971 274 1486 612 520 1219 1348
internal_count=10800 7244 3556 2944 1868 1458 487 971 274 1486 612 520 1219 1348
is_linear=0
shrinkage=0.05


Tree=48
num_leaves=15
num_cat=0
split_feature=65 65 65 24 49 24 61 36 48 31 26 48 21 25
split_gain=659818 49812.1 45944.8 16100.3 20159.8 17961.7 10964.7 10658.7 10011.2 9286.53 9281.9 8109.8 7959.4 7293.08
threshold=127.49180350000002 28.000000000000004 238.36019300000004 277.29195150000004 3.5000000000000004 302.68069650000001 -0.9733555533461492 18.666666666666668 9.3750000000000018 17.925000000000001 22.512500000000003 23.625000000000004 60.101665002494805 110.25738953028021
decision_type=2 2 2 2 2 2 2 2 2 2 2 2 2 2
left_child=1 -1 3 4 7 13 -3 -2 10 -8 -4 12 -11 -5
right_child=2 6 8 5 -6 -7 9 -9 -10 11 -12 -13 -14 -15
leaf_value=-0.36821339603514175 -0.29592268363092888 0.64358138661635556 0.63920954792909312 0.56137195533433604 -0.20093118658311571 -0.04448175308599818 -0.74011949568378688 0.36553517545677894 0.016908941177998561 -0.070513138926098215 0.93857293452880686 -0.53371173926175408 0.24735149344923546 1.0965279015401999
leaf_weight=5376 65 56 1818 490 237 118 48 828 58 1003 308 77 244 74
leaf_count=5376 65 56 1818 490 237 118 48 828 58 1003 308 77 244 74
internal_value=0.000991216 -0.298499 0.510882 0.324466 0.208379 0.516222 -0.0359729 0.317112 0.665327 -0.0641584 0.683 -0.0391121 -0.00816833 0.633404
internal_weight=10800 6804 3996 1812 1130 682 1428 893 2184 1372 2126 1324 1247 564
internal_count=10800 6804 3996 1812 1130 682 1428 893 2184 1372 2126 1324 1247 564
is_linear=0
shrinkage=0.05


Tree=49
num_leaves=15
num_cat=0
split_feature=65 65 52 35 30 46 22 52 37 28 13 36 61 43
split_gain=596862 68578.3 25657.5 11943.8 11874.1 12419.9 10734.7 8545.45 9461.83 8531.07 8481.05 8240.34 8184.58 7428.64
threshold=165.37225500000002 82.382441500000013 0.35206144883412582 19.621875000000003 18.425000000000001 92.005208333333357 105.48478607812503 -0.13052619222005171 51.875000000000007 26.687500000000004 2.1891571538402661 20.10377604166667 -0.72947329433276253 72.125000000000014
decision_type=2 2 2 2 2 2 2 2 2 2 2 2 2 2
left_child=1 -1 -2 11 6 10 -4 8 -5 -9 13 12 -3 -6
right_child=2 3 4 7 5 -7 -8 9 -10 -11 -12 -13 -14 -15
leaf_value=-0.34084228654379728 0.22282346733743472 0.38107945111664865 0.60320744307684726 0.23008923772465215 0.31671853552739992 -0.20646682103474934 -0.0058740989542474939 0.139619084930002 -0.21014215858106811 0.73694725595987765 0.78145118235372246 -0.75869693680548345 -0.40187507586608479 0.61733121039304284
leaf_weight=5660 568 54 137 180 238 44 152 758 374 64 738 70 84 1679
leaf_count=5660 568 54 137 180 238 44 152 758 374 64 738 70 84 1679
internal_value=0.000952101 -0.25947 0.531387 0.0313235 0.589949 0.622598 0.283944 0.0847606 -0.0669498 0.186965 0.63641 -0.320897 -0.0949641 0.580194
internal_weight=10800 7244 3556 1584 2988 2699 289 1376 554 822 2655 208 138 1917
internal_count=10800 7244 3556 1584 2988 2699 289 1376 554 822 2655 208 138 1917
is_linear=0
shrinkage=0.05


Tree=50
num_leaves=15
num_cat=0
split_feature=65 65 52 36 25 32 29 25 24 65 16 16 30 48
split_gain=538717 62082.9 23158 10963.7 15244.1 10944.2 11494.2 9965.33 8849.1 10241.8 7202.63 6963.02 6958.6 6640.08
threshold=165.37225500000002 28.000000000000004 0.35206144883412582 25.307031250000005 103.84300070996518 22.612500000000004 16.862500000000004 104.19667212036495 301.64842750000008 128.54798350000002 269.10224250000005 262.6316020000001 22.787500000000005 5.3750000000000009
decision_type=2 2 2 2 2 2 2 2 2 2 2 2 2 2
left_child=1 -1 12 5 -5 6 -4 10 9 -9 -3 -7 -2 -8
right_child=2 7 3 4 -6 11 13 8 -10 -11 -12 -13 -14 -15
leaf_value=-0.33276719442193387 0.10726580410275494 -0.13621784093426045 0.034533460684043844 1.5409426610977925 0.67127678835607862 0.20003387001439818 0.50183880217961185 0.13113315473377582 -0.26092829795046285 0.67828824177670943 0.22679636748153953 0.71170836421774664 0.50536553215660507 0.68274878266252537
leaf_weight=5376 420 1013 96 60 320 360 1013 486 109 103 157 81 148 1058
leaf_count=5376 420 1013 96 60 320 360 1013 486 109 103 157 81 148 1058
internal_value=0.000914242 -0.246498 0.504851 0.560487 0.812277 0.523502 0.569763 0.00182485 0.151218 0.227803 -0.0873536 0.295412 0.211702 0.594544
internal_weight=10800 7244 3556 2988 380 2608 2167 1868 698 589 1170 441 568 2071
internal_count=10800 7244 3556 2988 380 2608 2167 1868 698 589 1170 441 568 2071
is_linear=0
shrinkage=0.05


Tree=51
num_leaves=15
num_cat=0
split_feature=65 65 5 35 53 41 7 43 34 20 52 25 17 65
split_gain=486284 56384.2 21257.2 12426.8 11486.8 9509.12 11999.4 10199.6 8301.25 8276.39 8199.19 7585.79 7464.14 7393.49
threshold=165.37225500000002 84.261643500000005 62.684561500000008 19.967187500000005 0.16280825711809005 82.875000000000014 91.930868000000018 82.375000000000014 22.511458333333337 265.28061800000006 -0.13052619222005171 109.2624300420939 2.2746480028614838e-05 24.000000000000004
decision_type=2 2 2 2 2 2 2 2 2 2 2 2 2 2
left_child=1 13 4 -3 5 6 -2 -7 12 -4 -5 -8 -6 -1
right_child=2 3 9 10 8 7 11 -9 -10 -11 -12 -13 -14 -15
leaf_value=-0.33341593139308845 1.4175604736484173 -0.28462875335532078 0.11087196056970752 -0.052575450846166716 0.41637947308906881 0.355228621301373 0.82300885229482557 0.68424253729674567 0.68979012400846684 0.54888581165245609 0.20355291513334564 0.30005817363591314 -0.0514671358690467 -0.18522748665997735
leaf_weight=4672 71 254 473 533 1127 416 326 555 267 139 753 90 92 1032
leaf_count=4672 71 254 473 533 1127 416 326 555 267 139 753 90 92 1032
internal_value=0.000892884 -0.234171 0.479678 0.0342786 0.535421 0.63541 0.816585 0.543795 0.436956 0.211089 0.0974387 0.710861 0.381057 -0.306642
internal_weight=10800 7244 3556 1540 2944 1458 487 971 1486 612 1286 416 1219 5704
internal_count=10800 7244 3556 1540 2944 1458 487 971 1486 612 1286 416 1219 5704
is_linear=0
shrinkage=0.05


Tree=52
num_leaves=15
num_cat=0
split_feature=65 65 65 30 61 37 9 0 17 48 31 34 22 64
split_gain=439362 33200.5 31835.7 13017.2 9684.41 9286.25 9689.24 8905.36 8669.76 8402 7809.34 7611.73 7598.83 9099.06
threshold=127.49180350000002 28.000000000000004 238.36019300000004 21.262500000000003 -0.9733555533461492 54.375000000000007 267.14005600000007 263.35991450000006 31.362994787867212 9.3750000000000018 17.925000000000001 22.271875000000001 142.8302186822917 273.57706450000006
decision_type=2 2 2 2 2 2 2 2 2 2 2 2 2 2
left_child=1 -1 3 8 -3 -5 7 -7 -2 11 -6 12 13 -4
right_child=2 4 9 5 10 6 -8 -9 -10 -11 -12 -13 -14 -15
leaf_value=-0.30043433985569146 0.057331045334961077 0.60945057429765404 0.526063677052797 1.0490618670934981 -0.67555269513811389 0.35697448270641163 -0.30878530882336963 0.95660530715116432 0.37017819252054973 -0.047459209672475272 -0.032718510511383976 0.7713259883798087 0.25059406357761632 1.0250793799005373
leaf_weight=5376 753 56 1432 54 48 575 48 69 313 58 1324 363 233 98
leaf_count=5376 753 56 1432 54 48 575 48 69 313 58 1324 363 233 98
internal_value=0.000869732 -0.24352 0.416949 0.261782 -0.029192 0.421884 0.3715 0.422604 0.14945 0.545507 -0.055684 0.561699 0.518124 0.558675
internal_weight=10800 6804 3996 1812 1428 746 692 644 1066 2184 1372 2126 1763 1530
internal_count=10800 6804 3996 1812 1428 746 692 644 1066 2184 1372 2126 1763 1530
is_linear=0
shrinkage=0.05


Tree=53
num_leaves=15
num_cat=0
split_feature=65 65 52 30 42 35 49 51 29 24 46 54 47 26
split_gain=397241 45990.6 18116.4 11151.5 9597.3 8848.39 9263.32 11881.9 10158.2 8288.37 9951.35 12600.6 10051.5 7301.06
threshold=165.37225500000002 84.261643500000005 0.41248606129204562 21.262500000000003 83.875000000000014 19.947395833333335 3.5000000000000004 2.5000000000000004 16.862500000000004 300.20324800000009 78.005208333333357 1.0000000180025095e-35 69.212239583333357 22.237500000000004
decision_type=2 2 2 2 2 2 2 2 2 2 2 2 2 2
left_child=1 -1 -2 -3 -5 6 7 -4 -9 10 11 -7 13 -12
right_child=2 3 5 4 -6 9 -8 8 -10 -11 12 -13 -14 -15
leaf_value=-0.27705929301333054 0.20938901865485296 -0.083504948810044707 -0.084363389955741344 0.1260391617915752 0.78069005810445358 1.2395562908028142 -0.060285069458028778 0.019335846018086199 0.59019643775063746 0.24805520668413969 -0.31198628889244112 0.61760934616747276 0.55601081130869268 0.53307394588535484
leaf_weight=5704 721 894 100 585 61 117 117 92 511 210 60 280 1305 43
leaf_count=5704 721 894 100 585 61 117 117 92 511 210 60 280 1305 43
internal_value=0.00084757 -0.211608 0.433583 0.0308402 0.188967 0.490506 0.351211 0.419685 0.503276 0.546989 0.581611 0.803557 0.518505 0.0425393
internal_weight=10800 7244 3556 1540 646 2835 820 703 603 2015 1805 397 1408 103
internal_count=10800 7244 3556 1540 646 2835 820 703 603 2015 1805 397 1408 103
is_linear=0
shrinkage=0.05


Tree=54
num_leaves=15
num_cat=0
split_feature=65 65 65 24 24 49 24 36 16 47 48 7 48 48
split_gain=358923 27437 26710.2 11517.3 16562.5 16232.8 8434.35 8324.06 7863.62 7695.22 7506.71 6625.68 14298.9 7150.32
threshold=127.49180350000002 24.000000000000004 238.36019300000004 280.08090150000004 297.26105400000006 3.5000000000000004 296.45735250000007 18.666666666666668 272.70666550000004 75.164062500000014 9.3750000000000018 214.11252300000004 23.625000000000004 1.3750000000000002
decision_type=2 2 2 2 2 2 2 2 2 2 2 2 2 2
left_child=1 -1 3 5 6 7 9 -2 11 -5 -4 -3 13 -13
right_child=2 8 10 4 -6 -7 -8 -9 -10 -11 -12 12 -14 -15
leaf_value=-0.28788019527645098 -0.30705793644442703 -0.15034334056484575 0.50995043206191093 0.64780756783408999 0.018773580087053647 -0.22393450856427935 1.0946374920436315 0.27503391764653118 0.1989463302154858 0.13444041317259822 -0.065518117834955966 -0.20585343051169602 -0.58831108473241334 0.37398998441806597
leaf_weight=4672 65 1539 2126 233 182 237 69 919 238 107 58 69 63 223
leaf_count=4672 65 1539 2126 233 182 237 69 919 238 107 58 69 63 223
internal_value=0.00082419 -0.220064 0.376891 0.234769 0.415822 0.146865 0.592027 0.23631 -0.071387 0.487116 0.494645 -0.105444 0.089079 0.236737
internal_weight=10800 6804 3996 1812 591 1221 409 984 2132 340 2184 1894 355 292
internal_count=10800 6804 3996 1812 591 1221 409 984 2132 340 2184 1894 355 292
is_linear=0
shrinkage=0.05


Tree=55
num_leaves=15
num_cat=0
split_feature=65 65 48 35 26 22 41 9 12 43 48 24 24 44
split_gain=324180 37441.2 15752.5 10831.9 10378.7 9432.26 11375.6 9126.44 8609.41 8340.1 9692.95 7543.8 8088.61 7176.78
threshold=165.37225500000002 87.445244000000017 10.375000000000002 20.065104166666671 21.487500000000004 135.20423319270836 82.875000000000014 252.15600850000001 265.72557100000006 75.875000000000014 5.3750000000000009 277.75656700000008 288.22990800000008 52.593750000000007
decision_type=2 2 2 2 2 2 2 2 2 2 2 2 2 2
left_child=1 -1 4 -3 9 6 -6 -8 -4 -2 -11 -7 -13 -5
right_child=2 3 8 13 5 11 7 -9 -10 10 -12 12 -14 -15
leaf_value=-0.24858124894106945 0.0581247644698204 -0.25717181092546015 -0.11567025251557106 0.38816737830638887 1.1656060374700106 0.17948574359392999 0.76762340568751108 0.071684766880103529 0.43893047757720682 0.28256962219322168 0.51886285561444312 0.6820183178724698 0.34462062140358363 0.045982335794156837
leaf_weight=5770 214 262 222 179 116 198 149 69 101 971 792 394 330 1033
leaf_count=5770 214 262 222 179 116 198 149 69 101 971 792 394 330 1033
internal_value=0.00078957 -0.191136 0.39171 0.0337489 0.424964 0.537567 0.765783 0.548682 0.0585693 0.353191 0.388955 0.454154 0.52892 0.0967979
internal_weight=10800 7244 3556 1474 3233 1256 334 218 323 1977 1763 922 724 1212
internal_count=10800 7244 3556 1474 3233 1256 334 218 323 1977 1763 922 724 1212
is_linear=0
shrinkage=0.05


Tree=56
num_leaves=15
num_cat=0
split_feature=65 65 65 24 24 49 24 36 47 16 48 42 26 6
split_gain=293214 23070.1 22114.5 9790.8 14375.1 13962.6 7787.65 7358.63 6744.57 6624.29 6518.74 6300.29 6012.23 5955.83
threshold=127.49180350000002 24.000000000000004 238.36019300000004 280.08090150000004 297.26105400000006 3.5000000000000004 296.45735250000007 18.395963541666671 75.164062500000014 272.70666550000004 9.3750000000000018 60.125000000000007 16.025000000000002 69.10047950000002
decision_type=2 2 2 2 2 2 2 2 2 2 2 2 2 2
left_child=1 -1 3 5 6 7 8 -2 11 -3 12 -5 -4 -14
right_child=2 9 10 4 -6 -7 -8 -9 -10 -11 -12 -13 13 -15
leaf_value=-0.26106286762155101 -0.31950574058001163 -0.093806067687216013 -0.030818561879826373 0.2774753226101706 0.0084353012353426127 -0.21356620632440731 1.0251046600512097 0.2481785632044681 0.11176211261190475 0.18556702292863295 -0.073987154479501618 0.80911857322722247 0.52942536711681876 0.33890432020323835
leaf_weight=4672 60 1894 60 96 182 237 69 924 107 238 58 137 1489 577
leaf_count=4672 60 1894 60 96 182 237 69 924 107 238 58 137 1489 577
internal_value=0.000770103 -0.198877 0.340675 0.211358 0.378285 0.130316 0.542442 0.213274 0.441771 -0.0625466 0.447819 0.592194 0.462083 0.476406
internal_weight=10800 6804 3996 1812 591 1221 409 984 340 2132 2184 233 2126 2066
internal_count=10800 6804 3996 1812 591 1221 409 984 340 2132 2184 233 2126 2066
is_linear=0
shrinkage=0.05


Tree=57
num_leaves=15
num_cat=0
split_feature=65 65 65 44 8 26 32 43 25 48 56 28 30 36
split_gain=264961 25225.8 15640.9 12149.2 10424.2 9794.94 9228.87 8574.81 7289.44 7220.92 6990.94 8718.58 6781.25 6470.48
threshold=116.72628400000001 191.01635350000001 24.000000000000004 53.343750000000007 260.64287600000006 22.262500000000003 18.012500000000003 72.875000000000014 53.330987254116273 5.3750000000000009 18.875000000000004 21.962500000000002 16.025000000000002 25.007552083333334
decision_type=2 2 2 2 2 2 2 2 2 2 2 2 2 2
left_child=2 3 -1 -2 5 7 -5 -3 -7 -9 11 -8 -11 -6
right_child=1 4 -4 6 13 8 10 9 -10 12 -12 -13 -14 -15
leaf_value=-0.24801250598988289 0.71702665814757349 0.014938294996732269 -0.076784781996562385 -0.61197716603245667 -0.20286384952418945 1.0292323904701426 0.0077827603915723263 0.29541510048890751 0.51082283608249168 -0.12670477668444316 -0.09034455476097919 0.37581345745674749 0.50524233452684653 0.51900130962686875
leaf_weight=4672 74 173 1868 48 118 78 328 1171 547 44 345 315 978 41
leaf_count=4672 74 173 1868 48 118 78 328 1171 547 44 345 315 978 41
internal_value=0.000743367 0.307557 -0.199124 0.102474 0.37977 0.400734 0.0579281 0.353932 0.577061 0.380655 0.09106 0.188381 0.477938 -0.0146421
internal_weight=10800 4260 6540 1110 3150 2991 1036 2366 625 2193 988 643 1022 159
internal_count=10800 4260 6540 1110 3150 2991 1036 2366 625 2193 988 643 1022 159
is_linear=0
shrinkage=0.05


Tree=58
num_leaves=15
num_cat=0
split_feature=65 65 65 36 34 30 22 52 43 24 49 51 25 51
split_gain=239164 22936.6 14116 13291.1 8876.11 9141.92 8426.78 7757.16 7022.88 7828.31 15455.6 11176.3 7554.7 8732.58
threshold=116.72628400000001 217.19465950000003 24.000000000000004 25.347395833333334 19.038541666666671 19.712500000000002 144.58368682812502 -0.13052619222005171 66.875000000000014 277.75656700000008 3.5000000000000004 3.5000000000000004 105.62170988028267 3.5000000000000004
decision_type=2 2 2 2 2 2 2 2 2 2 2 2 2 2
left_child=2 3 -1 4 5 -2 -5 -6 -3 10 -10 -12 -11 -14
right_child=1 8 -4 6 7 -7 -8 -9 9 12 11 -13 13 -15
leaf_value=-0.23561455636623455 -0.0081867364798761475 0.016800043905214942 -0.072947595510661697 1.0249506858528636 -0.24324323714103391 -0.76832450493326732 0.31910071530534578 0.18663465686031966 0.40139051679775622 0.75568617413695338 0.17840317924493465 -0.63438856855767678 0.3542244177409693 1.0068117967967329
leaf_weight=4672 156 121 1868 60 114 52 143 1215 1408 263 137 60 474 57
leaf_count=4672 156 121 1868 60 114 52 143 1215 1408 263 137 60 474 57
internal_value=0.000718312 0.292214 -0.189171 0.152465 0.10206 -0.200988 0.531728 0.149605 0.388609 0.407348 0.343388 -0.0711013 0.536041 0.426037
internal_weight=10800 4260 6540 1740 1537 208 203 1329 2520 2399 1605 197 794 531
internal_count=10800 4260 6540 1740 1537 208 203 1329 2520 2399 1605 197 794 531
is_linear=0
shrinkage=0.05


Tree=59
num_leaves=15
num_cat=0
split_feature=65 65 48 30 26 22 41 9 47 34 12 42 32 48
split_gain=215930 25991.7 12456.7 9280.35 8574.05 8111.49 9690.17 7851.37 7117.57 11248.1 7005.25 6715.17 6573.67 8013.73
threshold=165.37225500000002 87.445244000000017 10.375000000000002 21.062500000000004 21.487500000000004 135.20423319270836 82.875000000000014 252.15600850000001 85.403645833333357 16.997916666666672 267.01345100000009 83.875000000000014 19.612500000000004 5.3750000000000009
decision_type=2 2 2 2 2 2 2 2 2 2 2 2 2 2
left_child=1 -1 4 -3 8 6 -6 -8 9 -2 -4 -5 13 -11
right_child=2 3 10 11 5 -7 7 -9 -10 12 -12 -13 -14 -15
leaf_value=-0.20380754824691466 -0.32400526707119581 -0.080276836251884143 -0.11903908898169964 0.11771758563548416 1.031742320025069 0.37436975283779805 0.66609187546372417 0.021317402528864996 0.67200621031224728 0.25018217438453999 0.40153113813924324 0.64654431485974084 0.21464784023983907 0.60664475368367421
leaf_weight=5770 78 822 235 586 116 922 149 69 111 344 88 66 1150 294
leaf_count=5770 78 822 235 586 116 922 149 69 111 344 88 66 1150 294
internal_value=0.000692961 -0.155945 0.319738 0.0314243 0.349309 0.451602 0.663044 0.463041 0.284126 0.260705 0.0235896 0.172157 0.286379 0.415138
internal_weight=10800 7244 3556 1474 3233 1256 334 218 1977 1866 323 652 1788 638
internal_count=10800 7244 3556 1474 3233 1256 334 218 1977 1866 323 652 1788 638
is_linear=0
shrinkage=0.05


Tree=60
num_leaves=15
num_cat=0
split_feature=65 65 65 36 22 17 31 32 25 25 35 49 51 26
split_gain=195517 19490.7 11896.8 11119.4 7673.76 6866.96 7655.15 7747.43 5943.5 7046.57 5821.64 7481.76 7457.89 5924.3
threshold=116.72628400000001 238.36019300000004 24.000000000000004 25.347395833333334 143.46396390625003 31.362994787867212 21.387500000000003 19.912500000000005 110.83558801624868 107.99489200728748 20.315625000000004 3.5000000000000004 2.5000000000000004 16.512500000000003
decision_type=2 2 2 2 2 2 2 2 2 2 2 2 2 2
left_child=2 3 -1 5 -5 6 7 -2 9 -8 11 12 -3 -14
right_child=1 10 -4 4 -6 -7 8 -9 -10 -11 -12 -13 13 -15
leaf_value=-0.2136481515503583 -0.43388741535600278 0.03404039069635325 -0.064316593767818994 1.0015968543832954 0.31797109691864428 0.29306023895422606 0.13772951808358533 0.020307936741266054 -0.27500351041925547 0.64791485186213182 0.43434636123640574 -0.10432040298326035 -0.026387305700800556 0.47036164044485534
leaf_weight=4672 127 170 1868 54 169 415 809 352 77 73 1325 117 68 504
leaf_count=4672 127 170 1868 54 169 415 809 352 77 73 1325 117 68 504
internal_value=0.000678101 0.264236 -0.171011 0.154426 0.487245 0.114132 0.0623262 -0.100769 0.143809 0.180642 0.368497 0.266538 0.325078 0.411365
internal_weight=10800 4260 6540 2076 223 1853 1438 479 959 882 2184 859 742 572
internal_count=10800 4260 6540 2076 223 1853 1438 479 959 882 2184 859 742 572
is_linear=0
shrinkage=0.05


Tree=61
num_leaves=15
num_cat=0
split_feature=65 9 35 49 36 65 35 36 22 36 52 0 51 36
split_gain=176481 18047.7 13439.9 15345.9 12569 10737 8216.1 8191.07 11813 8987.18 8619.06 8642.92 8076.87 10682.9
threshold=116.72628400000001 267.44138750000008 19.947395833333335 3.5000000000000004 20.208854166666669 24.000000000000004 19.669270833333336 25.307031250000005 143.91240567187504 24.447916666666675 0.25881904510252091 262.99180150000007 2.5000000000000004 18.666666666666668
decision_type=2 2 2 2 2 2 2 2 2 2 2 2 2 2
left_child=5 2 3 12 -5 -1 -6 9 -9 10 -4 -12 -2 -14
right_child=1 -3 7 4 6 -7 -8 8 -10 -11 11 -13 13 -15
leaf_value=-0.20296802157486324 -0.16907841406064109 -0.11409611123714858 0.12907983151621613 0.13222964350595948 -0.91458511932476139 -0.061102486610882994 -0.044456488503651193 0.89381613389650993 0.35794519160871424 0.062419815310773577 0.36344968956803725 0.91480977489550919 -0.074524284004227934 0.38925229310944842
leaf_weight=4672 110 313 398 120 73 1868 43 149 336 346 1566 74 158 574
leaf_count=4672 110 313 398 120 73 1868 43 149 336 346 1566 74 158 574
internal_value=0.000654568 0.251054 0.280032 0.129349 -0.226311 -0.162463 -0.595174 0.336585 0.524074 0.298239 0.338224 0.38887 0.229185 0.289182
internal_weight=10800 4260 3947 1078 236 6540 116 2869 485 2384 2038 1640 842 732
internal_count=10800 4260 3947 1078 236 6540 116 2869 485 2384 2038 1640 842 732
is_linear=0
shrinkage=0.05


Tree=62
num_leaves=15
num_cat=0
split_feature=65 65 65 37 56 61 27 51 31 48 21 52 9 0
split_gain=159511 13502.6 13259 8353.08 9568.16 8077.14 7060.76 7309.49 6238.15 5548.17 5403.16 5197.01 4986.93 6352.68
threshold=127.49180350000002 238.36019300000004 28.000000000000004 54.375000000000007 18.875000000000004 -0.9733555533461492 19.012500000000003 2.5000000000000004 17.925000000000001 23.625000000000004 56.302449845339844 0.77259657388510639 267.44138750000008 263.35991450000006
decision_type=2 2 2 2 2 2 2 2 2 2 2 2 2 2
left_child=2 3 -1 -2 6 -4 7 -5 -7 10 -10 -3 13 -8
right_child=1 11 5 4 -6 8 12 -9 9 -11 -12 -13 -14 -15
leaf_value=-0.18259135752290029 0.60435290423532328 0.23884645040278429 0.57203916694903589 -0.55327830790084298 -0.17176294465489844 -0.58939208546463318 0.21479823956284672 0.077663863849812664 -0.052263582091986387 -0.42397108291968322 0.18247335923529828 0.39731014414490118 -0.094760141767812819 0.61759407714419412
leaf_weight=5376 95 860 56 58 234 48 999 206 913 77 334 1324 112 108
leaf_count=5376 95 860 56 58 234 48 999 206 913 77 334 1324 112 108
internal_value=0.000629537 0.251333 -0.146624 0.1503 0.124841 -0.0111855 0.171726 -0.062517 -0.0353899 -0.0148755 0.0107049 0.335049 0.222466 0.254617
internal_weight=10800 3996 6804 1812 1717 1428 1483 264 1372 1324 1247 2184 1219 1107
internal_count=10800 3996 6804 1812 1717 1428 1483 264 1372 1324 1247 2184 1219 1107
is_linear=0
shrinkage=0.05


Tree=63
num_leaves=15
num_cat=0
split_feature=65 65 65 37 56 61 27 51 31 45 30 45 25 48
split_gain=143974 12185.5 11964.9 7549 8763.3 7303.12 6713.61 6702.74 5642.11 5261.38 5095.66 5911.43 4743.9 5555.58
threshold=127.49180350000002 238.36019300000004 28.000000000000004 54.375000000000007 18.625000000000004 -0.9733555533461492 19.012500000000003 2.5000000000000004 17.925000000000001 88.343750000000014 19.087500000000002 89.760416666666671 91.546538836604768 23.625000000000004
decision_type=2 2 2 2 2 2 2 2 2 2 2 2 2 2
left_child=2 3 -1 -2 6 -4 7 -5 -7 12 11 -3 -10 -14
right_child=1 10 5 4 -6 8 -8 -9 9 -11 -12 -13 13 -15
leaf_value=-0.1734634954201725 0.57445002570748327 0.0386555706970199 0.54393900143995622 -0.52608325518983401 -0.12317670744151338 -0.56052390397811425 0.22350151724440051 0.078422697163322605 0.28988190421302401 -0.34203996027686767 0.35309746083932114 0.50344284613099366 0.0075890925964011216 -0.49551645399167621
leaf_weight=5376 95 286 56 58 307 48 1147 205 139 111 1809 89 1017 57
leaf_count=5376 95 286 56 58 307 48 1147 205 139 111 1809 89 1017 57
internal_value=0.000601931 0.238783 -0.139297 0.142805 0.118602 -0.0106371 0.171294 -0.0563782 -0.0336525 -0.0141428 0.318311 0.150011 0.0161196 -0.0195481
internal_weight=10800 3996 6804 1812 1717 1428 1410 263 1372 1324 2184 375 1213 1074
internal_count=10800 3996 6804 1812 1717 1428 1410 263 1372 1324 2184 375 1213 1074
is_linear=0
shrinkage=0.05


Tree=64
num_leaves=15
num_cat=0
split_feature=65 9 65 36 65 25 34 36 24 49 25 51 46 37
split_gain=129951 11143.5 10870.2 9268.4 8824.48 8641.41 7696.47 7404.86 5971.52 10393.6 9142.49 7746.19 7065.06 5596.79
threshold=127.49180350000002 267.44138750000008 24.000000000000004 25.138281250000002 213.72926950000002 103.98276118801375 19.038541666666671 24.447916666666675 283.32550850000001 3.5000000000000004 104.74827228874399 3.5000000000000004 85.807291666666671 58.625000000000007
decision_type=2 2 2 2 2 2 2 2 2 2 2 2 2 2
left_child=2 3 -1 4 6 -5 -2 8 9 -6 -10 -12 -11 -3
right_child=1 13 -4 5 7 -7 -8 -9 10 12 11 -13 -14 -15
leaf_value=-0.17502285781621985 -0.22165862100650069 0.3979688080521871 -0.038758844888111536 0.90604949137743773 0.31157590932976409 0.35367453794439957 0.15483229755753092 -0.043587256125996218 1.196153136724379 0.11896469016408849 0.23585286105800179 0.81484170198440564 -0.50247026081123047 -0.19332056939389269
leaf_weight=4672 160 48 2132 84 1443 447 867 169 40 166 213 79 62 218
leaf_count=4672 160 48 2132 84 1443 447 867 169 40 166 213 79 62 218
internal_value=0.000573652 0.226858 -0.132337 0.249152 0.216915 0.442595 0.0960189 0.274008 0.300813 0.262038 0.494601 0.394744 -0.0514783 -0.0855308
internal_weight=10800 3996 6804 3730 3199 531 1027 2172 2003 1671 332 292 228 266
internal_count=10800 3996 6804 3730 3199 531 1027 2172 2003 1671 332 292 228 266
is_linear=0
shrinkage=0.05


Tree=65
num_leaves=15
num_cat=0
split_feature=65 65 30 8 30 13 38 40 41 22 24 51 44 36
split_gain=117705 16730.3 9252.66 7731.5 8079 7528.81 6458.17 9644.57 6381.38 9903.24 5715.47 5254.39 5060.47 5949.98
threshold=178.76342250000002 87.445244000000017 21.062500000000004 257.88623600000005 16.025000000000002 2.0969495436930639 51.625000000000007 72.625000000000014 82.875000000000014 135.76219061979171 278.11863750000003 2.5000000000000004 78.156250000000014 20.208854166666669
decision_type=2 2 2 2 2 2 2 2 2 2 2 2 2 2
left_child=1 -1 12 4 -2 -6 -4 -8 9 -7 -5 -10 -3 -14
right_child=3 2 6 10 5 8 7 -9 11 -11 -12 -13 13 -15
leaf_value=-0.15100313199179935 -0.29459986718933262 0.0010064778639863538 0.51641180810603238 -0.284663771503333 0.23266321275390159 1.0752273519955031 -0.21545212329231506 0.22409573658053425 0.095341967538163819 0.39485122377041337 0.18552695080045833 0.42825514624874378 0.010136895468227628 -0.45808570873087801
leaf_weight=5770 62 651 109 112 2286 81 173 441 180 160 150 350 120 155
leaf_count=5770 62 651 109 112 2286 81 173 441 180 160 150 350 120 155
internal_value=0.000560316 -0.110869 0.0295687 0.245033 0.266941 0.278422 0.16349 0.1001 0.413619 0.627024 -0.0157887 0.315583 -0.0750578 -0.254474
internal_weight=10800 7419 1649 3381 3119 3057 723 614 771 241 262 530 926 275
internal_count=10800 7419 1649 3381 3119 3057 723 614 771 241 262 530 926 275
is_linear=0
shrinkage=0.05


Tree=66
num_leaves=15
num_cat=0
split_feature=65 9 36 57 24 22 47 36 64 48 45 22 39 40
split_gain=106577 12658.9 10194.1 9954.07 21145.9 9860.43 9106.58 7834.95 7300.55 7117.68 6860.23 6776.82 6713.29 6679.56
threshold=116.72628400000001 267.14005600000007 25.307031250000005 3.5000000000000004 283.09452200000004 143.91240567187504 69.501302083333357 18.666666666666668 205.60313450000004 5.3750000000000009 90.010416666666671 141.46262681770835 91.625000000000014 73.375000000000014
decision_type=2 2 2 2 2 2 2 2 2 2 2 2 2 2
left_child=8 2 3 7 10 -4 -6 12 -1 -10 11 -5 -2 -7
right_child=1 -3 5 4 6 13 -8 -9 9 -11 -12 -13 -14 -15
leaf_value=-0.13874472343033079 -0.28745495375892349 -0.10652497187430353 0.77200613765915238 -0.023839283151086424 0.95802635259639757 0.017069756843681849 0.23639969360870375 0.25993275144865097 0.44299318999669945 -0.050523737576417253 -0.61806503232096288 -0.68456341277721322 0.45307176690094358 0.46985753263313762
leaf_weight=6192 120 321 149 399 51 139 283 2450 103 245 70 42 40 196
leaf_count=6192 120 321 149 399 51 139 283 2450 103 245 70 42 40 196
internal_value=0.000540446 0.195128 0.219731 0.189522 0.0403077 0.434541 0.349119 0.237797 -0.12622 0.0963967 -0.161825 -0.0881718 -0.100659 0.282594
internal_weight=10800 4260 3939 3455 845 484 334 2610 6540 348 511 441 160 335
internal_count=10800 4260 3939 3455 845 484 334 2610 6540 348 511 441 160 335
is_linear=0
shrinkage=0.05


Tree=67
num_leaves=15
num_cat=0
split_feature=65 65 37 52 48 48 26 22 47 34 32 24 24 41
split_gain=96698.4 13797 6945.48 7107.41 6749.09 6176.16 5597.51 6582.75 6037.01 7583.45 6337.04 5589.56 6062.11 5538.35
threshold=178.76342250000002 42.523274000000008 54.375000000000007 -0.13052619222005171 10.375000000000002 23.625000000000004 21.612500000000004 135.20423319270836 85.403645833333357 16.614583333333339 19.612500000000004 277.75656700000008 288.22990800000008 82.875000000000014
decision_type=2 2 2 2 2 2 2 2 2 2 2 2 2 2
left_child=1 -1 -3 -4 6 -5 8 13 9 -2 -11 -9 -13 -8
right_child=4 2 3 5 -6 -7 7 11 -10 10 -12 12 -14 -15
leaf_value=-0.14159583996552094 -0.31857718203168411 0.21787967082560936 -0.21648145858461085 0.057176739926311573 -0.057151950097770667 -0.39428570918094968 0.80944914419438929 0.0067764014419582162 0.54453876313910021 0.31701283526768509 0.12061871521478854 0.45421776080165871 0.15374379795350013 0.36427928067032417
leaf_weight=5440 76 340 389 1170 203 80 110 179 112 627 1194 378 304 198
leaf_count=5440 76 340 389 1170 203 80 110 179 112 627 1194 378 304 198
internal_value=0.000521294 -0.100477 0.0125687 -0.0301286 0.222107 0.0279911 0.239958 0.327009 0.189167 0.16791 0.188377 0.255522 0.320703 0.525374
internal_weight=10800 7419 1979 1639 3381 1250 3178 1169 2009 1897 1821 861 682 308
internal_count=10800 7419 1979 1639 3381 1250 3178 1169 2009 1897 1821 861 682 308
is_linear=0
shrinkage=0.05


Tree=68
num_leaves=15
num_cat=0
split_feature=65 65 8 30 47 48 37 31 42 22 51 24 47 30
split_gain=87292.3 12468.5 6442.55 6776.27 7521.91 6756.82 6374.31 6389.87 6256.38 5826.4 5921.79 7666.02 5276 5490.69
threshold=178.76342250000002 28.000000000000004 257.88623600000005 18.725000000000005 76.196614583333357 5.8750000000000009 54.375000000000007 30.475000000000005 82.625000000000014 143.83039347916667 1.5000000000000002 277.75656700000008 83.154947916666671 21.512500000000003
decision_type=2 2 2 2 2 2 2 2 2 2 2 2 2 2
left_child=1 -1 3 4 -2 -5 -3 -8 9 10 -7 -12 13 -10
right_child=2 6 -4 5 -6 8 7 -9 12 -11 11 -13 -14 -15
leaf_value=-0.13540819144745575 -0.40992240248582307 0.2070176352282489 -0.027008282629765942 0.1901433229858264 0.14706133765070906 0.2341063561810165 -0.044981487914999611 0.58687958488377123 0.078134360906481751 0.17843882150948048 0.50002976253686493 1.0270603584260056 0.70134632789863738 0.45457429968332513
leaf_weight=5376 77 340 262 1600 271 118 1663 40 374 144 257 96 52 130
leaf_count=5376 77 340 262 1600 271 118 1663 40 374 144 257 96 52 130
internal_value=0.000504106 -0.0954561 0.211037 0.231036 0.0229992 0.257145 0.00968977 -0.0298047 0.348452 0.458384 0.543414 0.645855 0.22625 0.17594
internal_weight=10800 7419 3381 3119 348 2771 2043 1703 1171 615 471 353 556 504
internal_count=10800 7419 3381 3119 348 2771 2043 1703 1171 615 471 353 556 504
is_linear=0
shrinkage=0.05


Tree=69
num_leaves=15
num_cat=0
split_feature=65 65 30 42 43 41 34 47 64 47 35 47 13 44
split_gain=78803.7 11352.8 7776.62 6121.14 5989.05 7355.55 5541.25 5797.66 6364.98 12991.2 5358.38 4927.1 4684.76 4397.62
threshold=178.76342250000002 87.445244000000017 21.062500000000004 87.375000000000014 74.625000000000014 86.875000000000014 22.296875000000004 68.832031250000014 244.17024200000003 77.423177083333357 19.91822916666667 82.251302083333357 1.4710544936018306 78.156250000000014
decision_type=2 2 2 2 2 2 2 2 2 2 2 2 2 2
left_child=1 -1 13 -4 5 -2 7 -6 12 -10 -11 -12 -9 -3
right_child=4 2 3 -5 6 -7 -8 8 9 10 11 -13 -14 -15
leaf_value=-0.12373966416016446 0.15116708371157539 -4.497774165306538e-07 0.10716747792899875 0.670617081810577 -0.10424215779802599 -0.24895054986831588 0.40307887286386723 0.089425303048949231 0.52988078264247107 -0.15577184855083534 0.17148927068068914 0.674911066038268 0.33512898425757887 -0.23816305061629756
leaf_weight=5770 601 651 672 51 142 141 417 872 416 108 380 55 249 275
leaf_count=5770 601 651 672 51 142 141 417 872 416 108 380 55 249 275
internal_value=0.00049597 -0.0906791 0.0250076 0.147784 0.200531 0.0749012 0.235812 0.204254 0.225355 0.31991 0.15837 0.236542 0.144252 -0.0709097
internal_weight=10800 7419 1649 723 3381 742 2639 2222 2080 959 543 435 1121 926
internal_count=10800 7419 1649 723 3381 742 2639 2222 2080 959 543 435 1121 926
is_linear=0
shrinkage=0.05


Tree=70
num_leaves=15
num_cat=0
split_feature=65 9 28 49 36 24 24 57 51 64 48 25 35 52
split_gain=71322.9 9747.78 8190.31 8056.94 11653.4 6052.61 9136.44 13949 6593.97 5938.02 6132.86 5248.76 5522.3 5159.94
threshold=116.72628400000001 267.44138750000008 19.012500000000003 3.5000000000000004 20.208854166666669 300.20324800000009 277.75656700000008 3.5000000000000004 3.5000000000000004 205.60313450000004 5.3750000000000009 98.706903138007235 23.538020833333338 0.5277851165098012
decision_type=2 2 2 2 2 2 2 2 2 2 2 2 2 2
left_child=9 2 3 -2 -5 6 7 11 -9 -1 -11 12 13 -4
right_child=1 -3 5 4 -6 -7 -8 8 -10 10 -12 -13 -14 -15
leaf_value=-0.11451196463578005 0.12492443977884711 -0.10863884446710931 0.13950035789852214 0.089664639332504181 -0.71026606921908231 0.0048695159356782931 0.35716440350470441 -0.01403584481145327 -0.58086066152900462 0.41925723892099298 -0.038869511105907639 0.13116906693014124 0.88220529442741769 0.40282510589892895
leaf_weight=6192 629 313 325 107 78 302 1052 259 63 103 245 652 41 439
leaf_count=6192 629 313 325 107 78 302 1052 259 63 103 245 652 41 439
internal_value=0.000481639 0.159665 0.180964 0.0396014 -0.249609 0.217668 0.240359 0.171125 -0.126391 -0.103215 0.0975383 0.236918 0.322299 0.291137
internal_weight=10800 4260 3947 814 185 3133 2831 1779 322 6540 348 1457 805 764
internal_count=10800 4260 3947 814 185 3133 2831 1779 322 6540 348 1457 805 764
is_linear=0
shrinkage=0.05


Tree=71
num_leaves=15
num_cat=0
split_feature=65 65 16 24 65 64 19 64 22 55 34 24 46 31
split_gain=64527.7 9770.28 6310.23 7490.58 5568.45 5787.04 5006.64 4958.65 6446.52 5895.42 5103.44 4467.78 4286.35 11583.1
threshold=178.76342250000002 24.000000000000004 272.70666550000004 297.26105400000006 262.22140250000007 266.28212850000006 118.51615400000001 194.41475600000004 132.85421945312501 -0.22252093395631442 18.202083333333338 285.09337800000009 80.572916666666671 22.512500000000003
decision_type=2 2 2 2 2 2 2 2 2 2 2 2 2 2
left_child=1 -1 7 6 5 -2 -4 9 10 -3 -9 -11 13 -6
right_child=4 2 3 -5 12 -7 -8 8 -10 11 -12 -13 -14 -15
leaf_value=-0.12603203161049012 0.099340493318419806 -0.18983731606206694 0.45181940251533048 -0.31066529550513283 1.0913832110490789 0.33101657486750596 0.0090387768375839363 0.28531612201080914 0.22744167344856933 -0.029249371927537921 -0.20690001611756537 0.41163259510134093 0.20903832067233044 0.28939203228569488
leaf_weight=4672 1848 714 186 60 53 315 97 68 350 990 222 60 885 280
leaf_count=4672 1848 714 186 60 53 315 97 68 350 990 222 60 885 280
internal_value=0.000462114 -0.0820421 -0.00720693 0.193097 0.181474 0.133217 0.30062 -0.0358545 0.0832763 -0.0790993 -0.0909 -0.00368843 0.266991 0.419922
internal_weight=10800 7419 2747 343 3381 2163 283 2404 640 1764 290 1050 1218 333
internal_count=10800 7419 2747 343 3381 2163 283 2404 640 1764 290 1050 1218 333
is_linear=0
shrinkage=0.05


Tree=72
num_leaves=15
num_cat=0
split_feature=65 65 32 24 24 41 6 65 9 0 36 34 25 16
split_gain=58289.8 6711.3 8771.59 6684.43 10977.2 6557.42 8506.63 6527.38 5970.38 4307.25 4315.81 6569.12 8923.57 4158.91
threshold=135.40775700000003 261.5324245000001 17.525000000000002 297.26105400000006 296.45735250000007 82.875000000000014 70.579213000000024 24.000000000000004 249.54321200000001 248.17799000000002 21.246223958333335 21.587500000000002 1.3929144002791032 272.70666550000004
decision_type=2 2 2 2 2 2 2 2 2 2 2 2 2 2
left_child=7 2 -2 4 5 6 -4 -1 9 10 -7 12 -12 -9
right_child=1 -3 3 -5 -6 8 -8 13 -10 -11 11 -13 -14 -15
leaf_value=-0.11973177442299639 -0.27747723979409783 0.25133213771780044 0.38475778024423496 -0.12378616236206708 0.73798676327436796 0.26397654312794039 0.056546436246903344 -0.041631120708384352 -0.087406130836218565 0.53990106033900431 -0.77287694378073435 0.29452011222134772 -0.00085346791839254084 0.16502465171805022
leaf_weight=4672 137 1260 477 230 78 297 337 2010 418 62 41 161 344 276
leaf_count=4672 137 1260 477 230 78 297 337 2010 418 62 41 161 344 276
internal_value=0.000450781 0.156748 0.110513 0.132357 0.158998 0.13753 0.249113 -0.0858622 0.0687406 0.140878 0.110927 0.0273437 -0.0848582 -0.0166193
internal_weight=10800 3842 2582 2445 2215 2137 814 6958 1323 905 843 546 385 2286
internal_count=10800 3842 2582 2445 2215 2137 814 6958 1323 905 843 546 385 2286
is_linear=0
shrinkage=0.05


Tree=73
num_leaves=15
num_cat=0
split_feature=65 65 16 24 8 26 47 64 55 22 64 37 43 36
split_gain=52996.5 8923.78 5770.62 6359.36 5353.74 5598 5228.77 5032.44 6646.03 5304.88 4953.53 6028.97 4921.86 4790.77
threshold=191.01635350000001 24.000000000000004 272.70666550000004 297.26105400000006 260.64287600000006 22.262500000000003 70.757812500000014 194.41475600000004 -0.22252093395631442 132.85421945312501 243.19934200000003 80.375000000000014 72.875000000000014 18.790104166666669
decision_type=2 2 2 2 2 2 2 2 2 2 2 2 2 2
left_child=1 -1 7 6 5 12 -4 8 -3 10 -9 -12 -2 -10
right_child=4 2 3 -5 -6 -7 -8 9 13 -11 11 -13 -14 -15
leaf_value=-0.11374646037236645 -0.10350964251991319 -0.18733504216149452 0.66274300347203796 -0.27270693187675782 -0.10915176221635192 0.321111917417919 0.16498493703649098 0.10567069335100213 -0.354830083874769 0.19436451492736473 -0.05316117417153924 -0.75480378031109774 0.17302136476968358 0.033170664178386419
leaf_weight=4672 173 749 68 62 159 625 229 160 85 432 85 47 2193 1061
leaf_count=4672 173 749 68 62 159 625 229 160 85 432 85 47 2193 1061
internal_value=0.000434125 -0.0706393 -0.00299556 0.184709 0.173009 0.18804 0.280791 -0.0287859 -0.0716189 0.0832695 -0.0811927 -0.306785 0.152766 0.00410798
internal_weight=10800 7650 2978 359 3150 2991 297 2619 1895 724 292 132 2366 1146
internal_count=10800 7650 2978 359 3150 2991 297 2619 1895 724 292 132 2366 1146
is_linear=0
shrinkage=0.05


Tree=74
num_leaves=15
num_cat=0
split_feature=65 65 37 9 27 43 36 36 8 26 32 30 31 35
split_gain=47832.8 8068.73 6407.17 6515.12 5504.72 7105.5 5490.23 10492.4 4833.15 5053.73 4549.72 4561.75 4873.33 6741.43
threshold=191.01635350000001 87.445244000000017 54.375000000000007 268.69404500000007 21.487500000000004 77.625000000000014 25.886588541666672 24.648697916666666 260.64287600000006 22.262500000000003 22.512500000000003 16.025000000000002 23.362500000000004 20.589583333333337
decision_type=2 2 2 2 2 2 2 2 2 2 2 2 2 2
left_child=1 -1 6 4 5 -4 7 -3 9 10 11 -2 13 -13
right_child=8 2 3 -5 -6 -7 -8 -9 -10 -11 -12 12 -14 -15
leaf_value=-0.096418144728706315 -0.27269405178856432 0.12940602782699798 -0.51634750241457039 -0.26718637652408622 0.10444692190166782 -0.020805491809070892 -0.20549762160689744 0.88549127524549309 -0.10372828161343933 0.30508197011074989 -0.054620091237456481 0.1898745495122216 0.10176122609960639 0.49776324128387456
leaf_weight=5770 56 152 85 220 849 456 53 65 159 625 254 834 996 226
leaf_count=5770 56 152 85 220 849 456 53 65 159 625 254 834 996 226
internal_value=0.000411056 -0.0671111 0.0228402 -0.0150107 0.0250653 -0.0994723 0.247766 0.358906 0.164363 0.178644 0.14513 0.169167 0.181329 0.255926
internal_weight=10800 7650 1880 1610 1390 541 270 217 3150 2991 2366 2112 2056 1060
internal_count=10800 7650 1880 1610 1390 541 270 217 3150 2991 2366 2112 2056 1060
is_linear=0
shrinkage=0.05


Tree=75
num_leaves=15
num_cat=0
split_feature=65 36 25 24 57 46 22 25 36 51 42 36 42 36
split_gain=43272.9 7736.5 8334.2 7611.57 18921.8 7492.39 6435.9 7921.94 5548.19 5853.67 11264.9 7745.2 10361.7 7649.45
threshold=116.72628400000001 25.138281250000002 110.83558801624868 278.11863750000003 3.5000000000000004 84.765625000000014 144.14977325520837 106.38974418390383 18.666666666666668 1.5000000000000002 79.125000000000014 22.925260416666671 77.875000000000014 21.282552083333339
decision_type=2 2 2 2 2 2 2 2 2 2 2 2 2 2
left_child=-1 2 3 4 8 -5 -3 -8 -2 10 -10 13 -13 -11
right_child=1 6 -4 5 -6 -7 7 -9 9 11 -12 12 -14 -15
leaf_value=-0.080378210660467575 -0.13843822552126761 0.52320469840388018 -0.2600868151069452 0.1574664933709915 -0.20688657255260032 0.50132385958161019 -0.32201497288448599 0.2776578801510951 0.17496788391156706 0.26112000852809808 -0.46976843311369998 0.21146251852273623 0.84904471143167859 0.031146048480627388
leaf_weight=6540 170 200 155 625 494 212 66 311 197 726 102 185 97 720
leaf_count=6540 170 200 155 625 494 212 66 311 197 726 102 185 97 720
internal_value=0.000393635 0.124385 0.0976621 0.113449 0.0724386 0.245055 0.294496 0.172101 0.135311 0.158327 -0.0458084 0.193655 0.432998 0.146711
internal_weight=10800 4260 3683 3528 2691 837 577 377 2197 2027 299 1728 282 1446
internal_count=10800 4260 3683 3528 2691 837 577 377 2197 2027 299 1728 282 1446
is_linear=0
shrinkage=0.05


Tree=76
num_leaves=15
num_cat=0
split_feature=65 65 16 24 22 47 13 17 41 22 51 32 56 48
split_gain=39326 7073.61 4865.2 5605.77 4612.97 4417 4349.18 5544.31 5069.34 9733.54 4603.74 4586.13 4084.3 4879.71
threshold=191.01635350000001 24.000000000000004 272.70666550000004 297.26105400000006 151.27462798958337 70.757812500000014 1.7041383089792135 2.2746480028614838e-05 82.875000000000014 135.76219061979171 2.5000000000000004 20.712500000000002 7.1250000000000009 13.375000000000002
decision_type=2 2 2 2 2 2 2 2 2 2 2 2 2 2
left_child=1 -1 4 5 12 -4 7 -2 9 11 -10 -8 -3 -14
right_child=6 2 3 -5 -6 -7 8 -9 10 -11 -12 -13 13 -15
leaf_value=-0.099222433023679293 0.15384786453436639 0.32134585998056431 0.61301524363782101 -0.25771486323977272 0.5019144254486736 0.15548323135701536 0.49641672748181487 -0.034540562578181305 -0.032352760438606791 0.22737092895546993 0.25726981274407146 1.2464808746082028 -0.016213984734950886 -0.22050262526250802
leaf_weight=4672 1741 78 68 62 40 229 45 503 208 212 401 40 2164 337
leaf_count=4672 1741 78 68 62 40 229 45 503 208 212 401 40 2164 337
internal_value=0.000380941 -0.0608432 -0.0006194 0.171731 -0.0243009 0.261944 0.14904 0.111623 0.24149 0.410641 0.15846 0.859778 -0.0326538 -0.0438182
internal_weight=10800 7650 2978 359 2619 297 3150 2244 906 297 609 85 2579 2501
internal_count=10800 7650 2978 359 2619 297 3150 2244 906 297 609 85 2579 2501
is_linear=0
shrinkage=0.05


Tree=77
num_leaves=15
num_cat=0
split_feature=65 64 22 64 37 47 34 8 13 41 22 51 42 28
split_gain=35502.4 6632.93 4509.73 4457.03 5407.11 4098.26 6762.07 4088.91 4246.8 4754.93 8914.79 4252.63 5062.97 5203.93
threshold=191.01635350000001 194.41475600000004 132.85421945312501 243.19934200000003 80.375000000000014 85.121093750000014 16.997916666666672 260.64287600000006 2.0969495436930639 82.875000000000014 135.76219061979171 2.5000000000000004 83.375000000000014 19.962500000000002
decision_type=2 2 2 2 2 2 2 2 2 2 2 2 2 2
left_child=1 -1 3 -3 -5 6 -2 8 -8 10 -10 -11 -13 -14
right_child=5 2 -4 4 -6 -7 7 -9 9 11 -12 12 13 -15
leaf_value=-0.072997460151691992 -0.32989188745999948 0.10936954676503351 0.18474307666796849 -0.041766586644185144 -0.70611831198136021 0.42010376559585105 0.11874345907381301 -0.10409324449021369 0.86819911479582024 -0.023069150249332027 0.2275005135384868 0.50542139905176575 -0.13266289505614515 0.41619422416885699
leaf_weight=6913 77 160 445 85 47 126 2044 159 80 183 168 138 101 74
leaf_count=6913 77 160 445 85 47 126 2044 159 80 183 168 138 101 74
internal_value=0.000377229 -0.0577946 0.0847131 -0.06784 -0.281847 0.141625 0.129887 0.142008 0.156075 0.25834 0.436834 0.168394 0.280053 0.100471
internal_weight=10800 7650 737 292 132 3150 3024 2947 2788 744 248 496 313 175
internal_count=10800 7650 737 292 132 3150 3024 2947 2788 744 248 496 313 175
is_linear=0
shrinkage=0.05


Tree=78
num_leaves=15
num_cat=0
split_feature=65 36 25 24 57 46 25 65 36 51 42 36 42 36
split_gain=32345.2 6690.61 7383.29 6634.39 16332.7 6566.92 5828.4 5055.82 4625.79 4985.93 9807.94 6796.34 8885.09 6692.47
threshold=116.72628400000001 25.138281250000002 110.83558801624868 278.11863750000003 3.5000000000000004 84.765625000000014 103.98276118801375 261.85281600000008 18.666666666666668 1.5000000000000002 79.125000000000014 22.936588541666669 77.875000000000014 21.282552083333339
decision_type=2 2 2 2 2 2 2 2 2 2 2 2 2 2
left_child=-1 2 3 4 8 7 -3 -5 -2 10 -10 13 -13 -11
right_child=1 6 -4 5 -6 -7 -8 -9 9 11 -12 12 -14 -15
leaf_value=-0.069467335070064681 -0.13223353436336532 0.64603179578647718 -0.25398913560291897 0.062406696639306175 -0.20021311674624531 0.46034195612385836 0.19887534350149227 0.40447345889184333 0.15637715763196047 0.23463887468635944 -0.44522963124101311 0.1911230971800113 0.78402057323873664 0.019696582328749726
leaf_weight=6540 170 85 155 487 494 212 492 138 197 726 102 184 96 722
leaf_count=6540 170 85 155 487 494 212 492 138 197 726 102 184 96 722
internal_value=0.000365032 0.107564 0.0827156 0.0975762 0.0592933 0.22044 0.265751 0.138461 0.117708 0.138725 -0.0496532 0.171331 0.396469 0.127552
internal_weight=10800 4260 3683 3528 2691 837 577 625 2197 2027 299 1728 280 1448
internal_count=10800 4260 3683 3528 2691 837 577 625 2197 2027 299 1728 280 1448
is_linear=0
shrinkage=0.05


Tree=79
num_leaves=15
num_cat=0
split_feature=65 52 26 20 30 37 9 36 36 47 26 32 22 47
split_gain=29224.8 7222.68 6799.5 7944.07 5330.89 4771.86 5543.51 4849.95 7353.64 4302.14 5451.42 7024.4 8397.04 5112.2
threshold=87.445244000000017 0.35206144883412582 21.612500000000004 132.95657400000002 19.262500000000003 51.875000000000007 269.85915400000005 25.941927083333336 24.648697916666666 85.403645833333357 19.012500000000003 19.512500000000003 126.42198556250001 77.966145833333357
decision_type=2 2 2 2 2 2 2 2 2 2 2 2 2 2
left_child=-1 2 4 -4 -2 7 -7 8 -5 10 11 12 13 -3
right_child=1 9 3 5 -6 6 -8 -9 -10 -11 -12 -13 -14 -15
leaf_value=-0.076432023830892593 -0.45701474104808953 -0.23210520433198362 0.74654481389173655 0.11916635597922974 -0.059772151344595785 0.056980949451873757 -0.22353600892646794 -0.20270559217618858 0.80510883179921944 0.39079298710229954 0.15078612661596555 -0.29820911098526132 0.52482409235090022 0.13492550233346753
leaf_weight=5770 116 160 40 104 305 773 227 45 62 151 2570 160 87 230
leaf_count=5770 116 160 40 104 305 773 227 45 62 151 2570 160 87 230
internal_value=0.000356301 0.0884392 0.00352316 0.062025 -0.17005 0.0388176 -0.0068561 0.254292 0.378649 0.130707 0.118343 -0.0125835 0.0836472 -0.0158597
internal_weight=10800 5030 1672 1251 421 1211 1000 211 166 3358 3207 637 477 390
internal_count=10800 5030 1672 1251 421 1211 1000 211 166 3358 3207 637 477 390
is_linear=0
shrinkage=0.05


Tree=80
num_leaves=15
num_cat=0
split_feature=65 36 22 40 57 24 47 8 51 24 36 51 31 27
split_gain=26496 5843.69 7147.98 6397.08 5519.66 11766.7 7308.75 5049 5046.75 5650.46 4973.87 6979.46 4853.88 4748.9
threshold=116.72628400000001 25.307031250000005 143.91240567187504 73.375000000000014 3.5000000000000004 283.09452200000004 69.501302083333357 265.49652300000008 3.5000000000000004 288.22990800000008 19.526302083333338 2.5000000000000004 20.337500000000002 22.162500000000005
decision_type=2 2 2 2 2 2 2 2 2 2 2 2 2 2
left_child=-1 4 -3 -4 7 10 -7 -2 9 -8 -6 12 -12 -5
right_child=1 2 3 13 5 6 8 -9 -10 -11 11 -13 -14 -15
leaf_value=-0.062858796606416689 0.12511560894944604 0.52953982929373444 -0.12518070691252409 -0.070576740094160637 0.30808696995178858 0.74021255545891251 0.25502406084243723 -0.17396168623794647 0.58534128293032861 -0.21514621543929091 -0.51605367456611828 -0.49741958764148875 -0.0096743622021209126 0.46471326344262265
leaf_weight=6540 2715 162 145 58 47 51 122 148 44 132 56 159 279 142
leaf_count=6540 2715 162 145 58 47 51 122 148 44 132 56 159 279 142
internal_value=0.000344873 0.0973678 0.256552 0.127207 0.0758007 -0.032927 0.1931 0.1096 0.0973039 0.0107981 -0.178824 -0.225679 -0.0956068 0.3099
internal_weight=10800 4260 507 345 3753 890 349 2863 298 254 541 494 335 200
internal_count=10800 4260 507 345 3753 890 349 2863 298 254 541 494 335 200
is_linear=0
shrinkage=0.05


Tree=81
num_leaves=15
num_cat=0
split_feature=65 65 36 8 55 24 24 24 34 29 47 17 32 22
split_gain=24149.2 6517.43 6809.02 4400.25 4336.3 9904.43 5675.01 8389.53 4959.74 5936.19 4811.62 4432.83 3795.05 3773.78
threshold=87.445244000000017 262.22140250000007 18.666666666666668 285.25181400000002 -0.22252093395631442 278.84935850000005 300.20324800000009 293.19208500000008 17.998958333333338 19.962500000000002 69.101562500000014 28.641617962894184 22.987500000000004 122.08230760416667
decision_type=2 2 2 2 2 2 2 2 2 2 2 2 2 2
left_child=-1 2 -2 4 5 8 7 10 -4 13 11 -7 -11 -10
right_child=1 -3 3 -5 -6 6 -8 -9 9 12 -12 -13 -14 -15
leaf_value=-0.06946869008317319 -0.30466905962758495 0.18104705844839258 0.41259506879882379 -0.40990591949346111 0.11990255125645061 0.15419092050984376 -0.14200308186032118 0.57327566504788896 -0.01098614419179578 0.035825202613509292 0.020308113122787193 0.69145444076636753 -0.22495279666923343 -0.46960092009209542
leaf_weight=5770 131 1218 43 48 1880 116 154 119 61 415 410 57 209 169
leaf_count=5770 131 1218 43 48 1880 116 154 119 61 415 410 57 209 169
internal_value=0.000333817 0.0804034 0.0482069 0.0608445 0.0671752 0.0105918 0.132175 0.192439 -0.105452 -0.131988 0.113855 0.334165 -0.0517389 -0.348542
internal_weight=10800 5030 3812 3681 3633 1753 856 702 897 854 583 173 624 230
internal_count=10800 5030 3812 3681 3633 1753 856 702 897 854 583 173 624 230
is_linear=0
shrinkage=0.05


Tree=82
num_leaves=15
num_cat=0
split_feature=65 21 64 48 65 47 34 42 13 65 41 22 51 47
split_gain=21921 5160.66 3643.6 4377.17 3574.89 3533.35 5239 3336.5 4420.98 3620.84 3064.63 8533.5 4932.9 3273.64
threshold=191.01635350000001 100.35874753866986 193.66493300000005 5.3750000000000009 81.492148500000013 85.121093750000014 16.614583333333339 88.125000000000014 1.7041383089792135 260.86295650000005 82.875000000000014 135.76219061979171 2.5000000000000004 76.727864583333357
decision_type=2 2 2 2 2 2 2 2 2 2 2 2 2 2
left_child=1 2 -1 -4 -5 6 -2 8 9 -8 11 -10 13 -12
right_child=5 -3 3 4 -6 -7 7 -9 10 -11 12 -13 -14 -15
leaf_value=-0.06208939746213598 -0.30965820546997225 0.25651955060232029 0.18165420210767252 0.090794228878268324 -0.23120385625927944 0.369818658917211 0.031741472563941331 -0.15947698382491415 0.78056195234677883 0.1686577224044776 0.13606143607231588 0.17874704828386867 0.2799472708177172 -0.26535454102597394
leaf_weight=6817 75 138 352 173 170 126 1291 109 82 771 114 206 286 90
leaf_count=6817 75 138 352 173 170 126 1291 109 82 771 114 206 286 90
internal_value=0.000319706 -0.0453905 -0.0509702 0.0580262 -0.0690048 0.111309 0.10042 0.11095 0.121382 0.0829926 0.222891 0.352205 0.146323 -0.0414644
internal_weight=10800 7650 7512 695 343 3150 3024 2949 2840 2062 778 288 490 204
internal_count=10800 7650 7512 695 343 3150 3024 2949 2840 2062 778 288 490 204
is_linear=0
shrinkage=0.05


Tree=83
num_leaves=15
num_cat=0
split_feature=65 9 35 22 47 44 49 37 36 51 22 45 24 24
split_gain=19976 5675.79 5120.15 6193.77 6160.36 4993.83 4956.4 4954.05 4845.63 4683.4 4621.51 8742.03 7918.25 7500.53
threshold=87.445244000000017 268.69404500000007 19.947395833333335 130.56323935937505 82.251302083333357 88.031250000000014 3.5000000000000004 54.375000000000007 18.395963541666671 2.5000000000000004 77.338464890625005 84.677083333333357 277.75656700000008 299.02505250000007
decision_type=2 2 2 2 2 2 2 2 2 2 2 2 2 2
left_child=-1 2 3 5 10 8 -5 -3 -2 -10 11 -4 -12 -14
right_child=1 7 4 6 -6 -7 -8 -9 9 -11 12 -13 13 -15
leaf_value=-0.063174949285411147 -0.30675579995337515 0.22449584428661612 0.37048737095150902 -0.022255590644686723 0.38022549743851147 0.22963107008245531 -0.57446624804765756 -0.18710677791061017 -0.16926189447931675 0.12711810413099775 -0.015849948376408581 -0.20032116083339568 0.21207889807952754 -0.051767091920486286
leaf_weight=5770 123 92 337 85 213 269 77 342 192 430 1220 83 1222 345
leaf_count=5770 123 92 337 85 213 269 77 342 192 430 1220 83 1222 345
internal_value=0.000310419 0.0731337 0.0894573 -0.000543179 0.120396 0.045402 -0.28664 -0.0995391 -0.0213369 0.0355062 0.103026 0.257477 0.0796658 0.153993
internal_weight=10800 5030 4596 1176 3420 1014 162 434 745 622 3207 420 2787 1567
internal_count=10800 5030 4596 1176 3420 1014 162 434 745 622 3207 420 2787 1567
is_linear=0
shrinkage=0.05


Tree=84
num_leaves=15
num_cat=0
split_feature=52 49 24 47 24 36 51 29 22 45 51 22 46 6
split_gain=18561 5357.75 9432.85 9569.47 8678.21 7518.65 4293.38 6264.55 5913.32 5017.32 4902.54 6577.57 6501.44 6017.98
threshold=0.35206144883412582 3.5000000000000004 274.65417650000006 69.101562500000014 273.12119300000006 24.217317708333336 2.5000000000000004 19.762500000000003 148.27345940104172 83.635416666666671 1.5000000000000002 143.83039347916667 82.234375000000014 83.963386000000014
decision_type=2 2 2 2 2 2 2 2 2 2 2 2 2 2
left_child=-1 6 4 5 -3 -4 7 -2 9 10 -9 12 13 -12
right_child=1 2 3 -5 -6 -7 -8 8 -10 -11 11 -13 -14 -15
leaf_value=-0.05179859236215123 -0.30254266424053311 -0.029404628488866397 0.94583006589151608 0.040043727056230154 -0.58515733257929481 0.2619671281427145 0.19131440222074697 0.056606377024598808 -0.2912092478095627 -0.11500929828767699 0.78195832909868779 0.015206569781313179 0.060787364416947098 0.096473668992172856
leaf_weight=6619 108 1110 57 400 74 135 1332 343 88 161 138 121 72 42
leaf_count=6619 108 1110 57 400 74 135 1332 343 88 161 138 121 72 42
internal_value=0.000294681 0.0827569 0.0168756 0.179668 -0.0646037 0.468838 0.131381 0.0568711 0.0973672 0.136645 0.193314 0.318538 0.46355 0.623429
internal_weight=10800 4181 1776 592 1184 192 2405 1073 965 877 716 373 252 180
internal_count=10800 4181 1776 592 1184 192 2405 1073 965 877 716 373 252 180
is_linear=0
shrinkage=0.05


Tree=85
num_leaves=15
num_cat=0
split_feature=52 49 24 47 24 36 36 51 29 22 45 36 51 36
split_gain=16754.9 4834.69 8522.77 8649.51 7843.63 6800.68 4127.33 3874.35 5658.82 5342.41 4531.41 4537.53 5746.51 4180.63
threshold=0.35206144883412582 3.5000000000000004 274.65417650000006 69.101562500000014 273.12119300000006 24.217317708333336 26.432291666666668 2.5000000000000004 19.762500000000003 148.27345940104172 83.635416666666671 26.360937500000002 1.5000000000000002 22.871093750000004
decision_type=2 2 2 2 2 2 2 2 2 2 2 2 2 2
left_child=-1 7 4 5 -3 -4 -7 8 -2 10 11 12 -10 -9
right_child=1 2 3 -5 -6 6 -8 13 9 -11 -12 -13 -14 -15
leaf_value=-0.049209054201952408 -0.28755431002979981 -0.027935719930354763 0.89935393652011608 0.038046533480621036 -0.55628957581520078 -0.055592322421650735 0.49741300437847774 0.12925844320168586 0.069833007623638199 -0.2768123862406846 -0.10929433211258809 -0.23340593258539838 0.36570989511525731 0.33172162030189156
leaf_weight=6619 108 1110 57 400 74 61 74 988 321 88 161 59 336 344
leaf_count=6619 108 1110 57 400 74 61 74 988 321 88 161 59 336 344
internal_value=0.000284924 0.0786326 0.0160496 0.17079 -0.0613994 0.445709 0.248965 0.124822 0.0540416 0.0925301 0.129864 0.183718 0.221475 0.181756
internal_weight=10800 4181 1776 592 1184 192 135 2405 1073 965 877 716 657 1332
internal_count=10800 4181 1776 592 1184 192 135 2405 1073 965 877 716 657 1332
is_linear=0
shrinkage=0.05


Tree=86
num_leaves=15
num_cat=0
split_feature=65 30 42 41 49 24 44 24 24 65 51 25 47 37
split_gain=15556.5 4902.24 8120.24 5659.78 5940.18 5438.73 5976.99 5777.64 5417.95 4606.81 4564.11 5228.63 5593.77 6740.63
threshold=87.445244000000017 21.312500000000004 84.125000000000014 74.375000000000014 3.5000000000000004 207.69808350000002 82.031250000000014 274.65417650000006 274.34720900000008 267.06350950000007 3.5000000000000004 109.2624300420939 63.355468750000007 51.375000000000007
decision_type=2 2 2 2 2 2 2 2 2 2 2 2 2 2
left_child=-1 3 5 -2 9 6 -3 8 -7 -5 11 12 -9 -14
right_child=1 2 -4 4 -6 7 -8 10 -10 -11 -12 -13 13 -15
leaf_value=-0.055750118321229183 0.60367874248725617 0.71793780063881596 0.43717311585271679 0.01783487728691132 -0.11546984705877719 -0.022962049081353172 0.14643278360347284 -0.19995660045080715 -0.61841970943823099 0.20723007643567187 0.44588521683917332 -0.058276914165362841 0.79170569783697531 0.17611642602389896
leaf_weight=5770 40 67 184 1680 687 561 142 89 40 396 101 368 47 628
leaf_count=5770 40 67 184 1680 687 561 142 89 40 396 101 368 47 628
internal_value=0.00027408 0.0645387 0.119899 0.0205272 0.0118696 0.0911247 0.332189 0.0634873 -0.0635546 0.0540447 0.125413 0.0964509 0.170958 0.220087
internal_weight=10800 5030 2227 2803 2763 2043 209 1834 601 2076 1233 1132 764 675
internal_count=10800 5030 2227 2803 2763 2043 209 1834 601 2076 1233 1132 764 675
is_linear=0
shrinkage=0.05


Tree=87
num_leaves=15
num_cat=0
split_feature=52 24 49 24 24 64 30 8 25 25 51 52 20 22
split_gain=14292.9 4485.23 7846.35 7279.41 5342.88 3993.71 3273.73 3396.86 2900.73 5144.85 5103 4978.55 4312.23 3320.73
threshold=0.25881904510252091 274.65417650000006 3.5000000000000004 273.12119300000006 300.20324800000009 230.35291300000003 16.025000000000002 257.45480050000009 103.46998804815223 104.35210430727291 3.5000000000000004 0.72947329433276253 116.52852050000001 148.5701428385417
decision_type=2 2 2 2 2 2 2 2 2 2 2 2 2 2
left_child=-1 2 6 -4 8 -6 -2 -8 -3 11 13 -10 -12 -11
right_child=1 4 3 -5 5 -7 7 -9 9 10 12 -13 -14 -15
leaf_value=-0.048523827924312604 -0.26238509378085534 0.025953725143441117 -0.029533995344977422 -0.5193036392147159 -0.46951156569023927 0.031234816075541461 0.12943070573141321 -0.18783550834220447 0.17550114415726573 0.088499462703658535 0.21958324462175371 0.84070479014282307 0.76134511260759263 0.49465419115667997
leaf_weight=6280 59 220 1200 80 47 233 1668 88 52 604 91 62 62 54
leaf_count=6280 59 220 1200 80 47 233 1668 88 52 604 91 62 62 54
internal_value=0.000271825 0.0680633 0.0342459 -0.0605261 0.141437 -0.0541908 0.101079 0.113433 0.189281 0.228057 0.183392 0.541443 0.442639 0.122531
internal_weight=10800 4520 3095 1280 1425 280 1815 1756 1145 925 811 114 153 658
internal_count=10800 4520 3095 1280 1425 280 1815 1756 1145 925 811 114 153 658
is_linear=0
shrinkage=0.05


Tree=88
num_leaves=15
num_cat=0
split_feature=65 36 37 9 37 22 47 46 29 47 47 22 31 43
split_gain=12931.6 4606.05 4404.59 4150.91 4223.69 3924.46 5386.28 8991.41 6393.31 6927.33 6063.92 7591.41 5341.75 6276.91
threshold=87.445244000000017 18.666666666666668 89.375000000000014 268.69404500000007 54.375000000000007 116.56884092187504 77.319010416666671 88.802083333333357 19.962500000000002 82.251302083333357 75.490885416666671 125.64656252604168 21.962500000000002 73.875000000000014
decision_type=2 2 2 2 2 2 2 2 2 2 2 2 2 2
left_child=-1 2 -2 5 -5 -3 7 10 -8 -10 -7 -12 -13 -14
right_child=1 3 -4 4 -6 6 8 -9 9 -11 11 12 13 -15
leaf_value=-0.050815301757674451 -0.29409524977207185 0.18539392737443433 0.28757670041991445 0.21869009213279123 -0.16441148753725332 0.049364257752163646 -0.17869283435576577 0.71813277024460043 0.0013675485296439705 0.39113222713666884 -0.35131635310802056 0.55933820287386582 -0.38547555135517586 0.28679963248341506
leaf_weight=5770 159 770 40 91 330 1730 421 58 836 131 46 149 40 229
leaf_count=5770 159 770 40 91 330 1730 421 58 836 131 46 149 40 229
internal_value=0.000264018 0.0588564 -0.176323 0.0685785 -0.0812813 0.0829 0.0611737 0.108907 -0.0162954 0.0545187 0.0924819 0.252792 0.319953 0.185776
internal_weight=10800 5030 199 4831 421 4410 3640 2252 1388 967 2194 464 418 269
internal_count=10800 5030 199 4831 421 4410 3640 2252 1388 967 2194 464 418 269
is_linear=0
shrinkage=0.05


Tree=89
num_leaves=15
num_cat=0
split_feature=52 24 49 24 24 64 47 29 41 12 51 8 33 47
split_gain=12103.6 3596.95 5833.8 6103.08 4629.16 4106.68 2881.81 3797.45 3426.69 5683.38 4770.93 6622.65 4111.59 3274.76
threshold=0.35206144883412582 274.65417650000006 3.5000000000000004 273.12119300000006 300.20324800000009 239.59825550000002 85.403645833333357 16.025000000000002 82.875000000000014 119.48966550000002 2.5000000000000004 198.75511050000003 21.003125000000004 77.319010416666671
decision_type=2 2 2 2 2 2 2 2 2 2 2 2 2 2
left_child=-1 2 6 -4 -3 -6 7 -2 9 -9 11 12 -10 -12
right_child=1 4 3 -5 5 -7 -8 8 10 -11 13 -13 -14 -15
leaf_value=-0.041810014723936237 -0.29338088925984324 0.18194241031783012 -0.020055002258280774 -0.48610678195953372 -0.50655708178168257 0.033264352333865904 0.3451825648718686 0.11540582510779668 -0.15743142272215435 0.56249624232571294 0.26598550836016849 -0.60166956962509588 0.20074318922566672 0.045318946624468816
leaf_weight=6619 65 1053 1110 74 41 218 107 305 192 92 260 54 136 474
leaf_count=6619 65 1053 1110 74 41 218 107 305 192 92 260 54 136 474
internal_value=0.000256711 0.0668472 0.0354628 -0.0495689 0.135397 -0.0538096 0.095206 0.0780479 0.0941881 0.220167 0.0492162 -0.0939276 -0.00876124 0.12374
internal_weight=10800 4181 2869 1184 1312 259 1685 1578 1513 397 1116 382 328 734
internal_count=10800 4181 2869 1184 1312 259 1685 1578 1513 397 1116 382 328 734
is_linear=0
shrinkage=0.05


Tree=90
num_leaves=15
num_cat=0
split_feature=52 24 49 24 24 64 47 29 41 12 51 8 33 47
split_gain=10976.9 3684.24 5916.38 6011.91 4386.18 3378.34 2549.57 3783.97 3123.81 5326.08 4451.92 5316.5 3584.33 3371.05
threshold=0.25881904510252091 274.65417650000006 3.5000000000000004 273.12119300000006 300.20324800000009 230.35291300000003 85.121093750000014 16.025000000000002 82.875000000000014 119.48966550000002 2.5000000000000004 198.75511050000003 21.003125000000004 77.319010416666671
decision_type=2 2 2 2 2 2 2 2 2 2 2 2 2 2
left_child=-1 2 6 -4 -3 -6 7 -2 9 -9 11 12 -10 -12
right_child=1 4 3 -5 5 -7 -8 8 10 -11 13 -13 -14 -15
leaf_value=-0.042520010501099319 -0.29144663405537174 0.16950108765549649 -0.02512835874280378 -0.47021780691029114 -0.43307721440214664 0.027480875001424272 0.31186392841213467 0.10463634962861212 -0.14449361460377472 0.51992555429264531 0.25515412907469143 -0.48179393188214636 0.18270025175867666 0.038530591312481807
leaf_weight=6280 68 1145 1200 80 47 233 117 331 197 100 276 70 144 512
leaf_count=6280 68 1145 1200 80 47 233 117 331 197 100 276 70 144 512
internal_value=0.000242225 0.0596515 0.029003 -0.0532918 0.126151 -0.0510932 0.0870376 0.0713715 0.0866769 0.201972 0.0450986 -0.0881689 -0.00619356 0.114631
internal_weight=10800 4520 3095 1280 1425 280 1815 1698 1630 431 1199 411 341 788
internal_count=10800 4520 3095 1280 1425 280 1815 1698 1630 431 1199 411 341 788
is_linear=0
shrinkage=0.05


Tree=91
num_leaves=15
num_cat=0
split_feature=48 49 24 24 47 36 36 37 51 8 36 47 24 34
split_gain=10031.8 4960.07 6003.56 6877.12 6170.3 7390.18 5567.11 3827.47 4723.02 5241.5 5234.69 4595.09 3965.02 3857.37
threshold=13.375000000000002 3.5000000000000004 274.65417650000006 273.12119300000006 69.101562500000014 24.217317708333336 26.432291666666668 54.375000000000007 2.5000000000000004 198.75511050000003 18.666666666666668 76.589843750000014 283.25600400000002 19.917708333333337
decision_type=2 2 2 2 2 2 2 2 2 2 2 2 2 2
left_child=1 7 3 -3 5 -4 -7 -1 9 13 -10 12 -11 -9
right_child=-2 2 4 -5 -6 6 -8 8 10 11 -12 -13 -14 -15
leaf_value=0.29963922457205822 -0.054622438934321865 -0.037789777946359099 0.75632558829066432 -0.44812863757577515 0.0079355221845629244 -0.13236699868575671 0.39020316120271292 -0.21382340669601421 -0.134214132197539 0.25614186408173584 0.14806746332794013 -0.40852661514582567 -0.20667351134651313 0.084120450957755097
leaf_weight=189 4704 1620 65 108 596 95 108 121 181 76 1701 128 115 993
leaf_count=189 4704 1620 65 108 596 95 108 121 181 76 1701 128 115 993
internal_value=0.000228823 0.042557 -0.00988174 -0.0636803 0.0976646 0.29644 0.146201 0.0813391 0.0688064 0.000403163 0.120862 -0.177972 -0.0221417 0.0515958
internal_weight=10800 6096 2592 1728 864 268 203 3504 3315 1433 1882 319 191 1114
internal_count=10800 6096 2592 1728 864 268 203 3504 3315 1433 1882 319 191 1114
is_linear=0
shrinkage=0.05


Tree=92
num_leaves=15
num_cat=0
split_feature=52 65 20 47 42 46 51 64 47 47 42 32 24 49
split_gain=9234.51 3104.48 2800.5 2507.21 3006.2 2775.35 2570.21 2490.51 2851.55 5186.12 3773.38 3865.53 3440.14 3310.5
threshold=0.35206144883412582 262.22140250000007 262.36879000000005 85.757812500000014 87.875000000000014 89.760416666666671 3.5000000000000004 265.84829400000007 81.589843750000014 81.065104166666686 83.125000000000014 17.525000000000002 300.20324800000009 2.5000000000000004
decision_type=2 2 2 2 2 2 2 2 2 2 2 2 2 2
left_child=-1 2 7 4 5 6 -3 8 9 10 11 -2 13 -13
right_child=1 3 -4 -5 -6 -7 -8 -9 -10 -11 -12 12 -14 -15
leaf_value=-0.036525351071780905 -0.27716072307864453 0.15465773541289263 0.27156577354361272 0.48801342112862545 -0.1379071496630257 0.52608851563524117 -0.0610629045957643 0.1259657938796592 0.1055757432742192 -0.54688580350038851 -0.19058016686209742 0.16675447478012623 -0.3145039584654481 0.00053413027021279589
leaf_weight=6619 105 857 115 45 109 43 164 470 504 46 261 434 66 962
leaf_count=6619 105 857 115 45 109 43 164 470 504 46 261 434 66 962
internal_value=0.0002188 0.0583838 0.03074 0.125552 0.111243 0.136872 0.119981 0.0209238 0.000118485 -0.0282847 -0.0149427 0.0144144 0.0355303 0.0522925
internal_weight=10800 4181 2963 1218 1173 1064 1021 2848 2378 1874 1828 1567 1462 1396
internal_count=10800 4181 2963 1218 1173 1064 1021 2848 2378 1874 1828 1567 1462 1396
is_linear=0
shrinkage=0.05


Tree=93
num_leaves=15
num_cat=0
split_feature=48 49 24 24 47 36 36 37 51 36 8 47 22 45
split_gain=8427.8 4199.59 5301.25 6165.7 5526.15 6618.71 4948.46 3605.2 4379.36 4752.58 4338.58 4544.57 3742.21 5486.98
threshold=13.375000000000002 3.5000000000000004 274.65417650000006 273.12119300000006 69.101562500000014 24.217317708333336 26.432291666666668 51.875000000000007 2.5000000000000004 18.666666666666668 197.46853500000003 76.589843750000014 146.76454146875002 83.635416666666671
decision_type=2 2 2 2 2 2 2 2 2 2 2 2 2 2
left_child=1 7 3 -3 5 -4 -7 -1 10 -10 12 -12 13 -9
right_child=-2 2 4 -5 -6 6 -8 8 9 -11 11 -13 -14 -15
leaf_value=0.3197347844123013 -0.050066020972027142 -0.035285110532878951 0.71514637849547658 -0.42381997813188699 0.0068992682706121621 -0.12488238002430688 0.36779676493291463 0.15642892914464257 -0.12885422934522178 0.13999882390627438 -0.014188825435692741 -0.38940632109386991 -0.15246129398114788 -0.12854732133213195
leaf_weight=143 4704 1620 65 108 596 95 108 707 181 1716 213 129 194 221
leaf_count=143 4704 1620 65 108 596 95 108 707 181 1716 213 129 194 221
internal_value=0.000209129 0.039006 -0.00924561 -0.0597996 0.0918146 0.279929 0.137751 0.0746914 0.0641736 0.114292 -0.000802052 -0.156441 0.0467357 0.0884975
internal_weight=10800 6096 2592 1728 864 268 203 3504 3361 1897 1464 342 1122 928
internal_count=10800 6096 2592 1728 864 268 203 3504 3361 1897 1464 342 1122 928
is_linear=0
shrinkage=0.05


Tree=94
num_leaves=15
num_cat=0
split_feature=52 0 9 65 8 64 47 47 42 32 24 64 64 49
split_gain=7807.13 3125.06 3681.04 3554.89 2832.16 2419.76 2534.93 5103.21 3114.7 3138.36 2766.58 2609.23 2347.83 2312.35
threshold=0.25881904510252091 262.99180150000007 249.54321200000001 261.5324245000001 197.46853500000003 265.84829400000007 81.589843750000014 81.065104166666686 82.625000000000014 17.525000000000002 300.20324800000009 158.97791000000004 244.17024200000003 1.5000000000000002
decision_type=2 2 2 2 2 2 2 2 2 2 2 2 2 2
left_child=-1 3 -3 5 -5 6 7 8 9 11 13 -2 -10 -11
right_child=1 2 -4 4 -6 -7 -8 -9 12 10 -12 -13 -14 -15
leaf_value=-0.035863529274577026 -0.0012940125574392302 0.65561941390813783 0.1291298860013485 0.13775172617795722 -0.11709877053691337 0.11888644380482752 0.089516676865085701 -0.52995701581984755 -0.091125522590775221 0.17198210474412057 -0.25025026104980852 -0.49745693795804713 -0.43105153138354679 0.01539558054022191
leaf_weight=6280 53 42 149 1120 120 457 552 49 373 298 81 52 58 1116
leaf_count=6280 53 42 149 1120 120 457 552 49 373 298 81 52 58 1116
internal_value=0.00019987 0.0503025 0.247714 0.0415373 0.113014 0.0128174 -0.00563776 -0.0309212 -0.0186265 0.0135315 0.0321517 -0.249388 -0.137762 0.0484944
internal_weight=10800 4520 191 4329 1240 3089 2632 2080 2031 1600 1495 105 431 1414
internal_count=10800 4520 191 4329 1240 3089 2632 2080 2031 1600 1495 105 431 1414
is_linear=0
shrinkage=0.05


Tree=95
num_leaves=15
num_cat=0
split_feature=52 65 47 47 46 20 24 24 22 25 26 47 32 64
split_gain=7061.88 2485.78 2309.46 2752.07 2214.95 2206.01 2059.53 3818.32 3453.05 2919.87 4076.69 3282.94 2036.41 1950.07
threshold=0.35206144883412582 262.22140250000007 85.757812500000014 81.330729166666671 89.296875000000014 262.36879000000005 277.22543400000006 278.51062050000002 136.04353667708335 99.646896319244817 20.987500000000004 75.361979166666671 19.762500000000003 265.84829400000007
decision_type=2 2 2 2 2 2 2 2 2 2 2 2 2 2
left_child=-1 5 3 4 6 13 9 -8 -9 10 -3 -12 -11 -2
right_child=1 2 -4 -5 -6 -7 7 8 -10 12 11 -13 -14 -15
leaf_value=-0.03194533245643992 -0.0008059037994789511 0.035570836933936312 0.45897140988837121 -0.15371526774019004 0.46049510362841517 0.24005662223388413 0.60382007765769963 0.56054817736148832 0.076463749448417648 0.24172454614971961 0.17787816640276177 0.75485726667613529 -0.13335340882590771 0.11055276311050129
leaf_weight=6619 2378 260 45 99 45 115 49 41 304 42 64 40 229 470
leaf_count=6619 2378 260 45 99 45 115 49 41 304 42 64 40 229 470
internal_value=0.000186933 0.0510515 0.111155 0.0974317 0.120704 0.0263157 0.105411 0.195077 0.135446 0.0495567 0.141905 0.404869 -0.0745483 0.0176038
internal_weight=10800 4181 1218 1173 1074 2963 1029 394 345 635 364 104 271 2848
internal_count=10800 4181 1218 1173 1074 2963 1029 394 345 635 364 104 271 2848
is_linear=0
shrinkage=0.05


Tree=96
num_leaves=15
num_cat=0
split_feature=48 49 24 24 47 36 36 37 51 36 14 34 22 47
split_gain=6563.34 3453.23 4512.75 5547.27 4875.11 5763.49 4386.67 3416.22 4070.7 4344.05 4322.36 3880.27 4489.21 4315.1
threshold=13.375000000000002 3.5000000000000004 274.65417650000006 273.12119300000006 69.101562500000014 24.217317708333336 26.432291666666668 54.375000000000007 2.5000000000000004 22.871093750000004 214.62801695833335 19.917708333333337 146.02372800520837 65.328125000000014
decision_type=2 2 2 2 2 2 2 2 2 2 2 2 2 2
left_child=1 7 3 -3 5 -4 -7 -1 10 -10 11 -9 13 -13
right_child=-2 2 4 -5 -6 6 -8 8 9 -11 -12 12 -14 -15
leaf_value=0.27301474633479589 -0.04417352784576447 -0.032713818919708759 0.66673058993888634 -0.40124747566537028 0.0041665042057895483 -0.11932852780058359 0.34453252009158836 -0.23038353737210857 0.058998230840805944 0.23368683825002934 -0.20463155976476824 0.61696077207239663 -0.12625643795955671 0.090489317424858065
leaf_weight=189 4704 1620 65 108 596 95 108 127 1406 476 234 40 246 786
leaf_count=189 4704 1620 65 108 596 95 108 127 1406 476 234 40 246 786
internal_value=0.000193332 0.0344308 -0.00932316 -0.0559659 0.0839192 0.260605 0.127934 0.0667902 0.0549538 0.103282 -0.00854419 0.0298634 0.0608808 0.116699
internal_weight=10800 6096 2592 1728 864 268 203 3504 3315 1882 1433 1199 1072 826
internal_count=10800 6096 2592 1728 864 268 203 3504 3315 1882 1433 1199 1072 826
is_linear=0
shrinkage=0.05


Tree=97
num_leaves=15
num_cat=0
split_feature=65 38 52 36 31 29 51 65 52 47 47 51 40 25
split_gain=5955.04 3928.6 6044.43 2655.85 2701.68 2596.72 3492.73 3501.69 3163.36 2730.91 2702.82 3761.89 3481.95 2764.05
threshold=91.517901500000008 51.875000000000007 -0.13052619222005171 23.839973958333342 24.712500000000002 19.012500000000003 2.5000000000000004 270.61629400000004 -0.097964660725097255 82.251302083333357 78.904947916666671 1.5000000000000002 90.875000000000014 62.307591751417114
decision_type=2 2 2 2 2 2 2 2 2 2 2 2 2 2
left_child=-1 3 -3 -2 -5 6 -4 -8 -7 10 12 -12 13 -10
right_child=1 2 5 4 -6 8 7 -9 9 -11 11 -13 -14 -15
leaf_value=-0.033910293964264406 0.011297733168448171 -0.16849414481053493 -0.24660387178512894 0.62153058576939713 0.11066411300138995 0.42760630888243523 -0.01423946290911701 0.38651991260506341 0.20757347570787987 0.23694818859982592 0.16517614379623219 -0.12478063984253479 0.37522894624661612 0.042154707873263503
leaf_weight=5858 61 347 150 66 43 59 715 58 283 207 151 423 90 2289
leaf_count=5858 61 347 150 66 43 59 715 58 283 207 151 423 90 2289
internal_value=0.000188895 0.0406071 0.0321618 0.276095 0.422834 0.0479314 -0.0266536 0.016291 0.0675913 0.0612996 0.0499941 -0.0483482 0.0712095 0.0604295
internal_weight=10800 4942 4772 170 109 4425 923 773 3502 3443 3236 574 2662 2572
internal_count=10800 4942 4772 170 109 4425 923 773 3502 3443 3236 574 2662 2572
is_linear=0
shrinkage=0.05


Tree=98
num_leaves=15
num_cat=0
split_feature=65 64 0 32 65 65 37 52 52 30 51 65 47 45
split_gain=5561.9 3017.87 2665.09 2028.04 3258.04 2440.86 4655.89 4849.73 3364.68 2407.71 3660.52 2362.24 2275.77 4037.48
threshold=261.5324245000001 265.84829400000007 198.92361450000001 17.525000000000002 103.78458250000001 93.038789000000008 54.375000000000007 -0.13052619222005171 -0.097964660725097255 21.712500000000002 1.5000000000000002 190.22173450000003 81.894531250000014 86.593750000000014
decision_type=2 2 2 2 2 2 2 2 2 2 2 2 2 2
left_child=1 3 -3 4 -1 -5 9 -8 -9 10 -7 -6 13 -10
right_child=-2 2 -4 5 11 6 7 8 12 -11 -12 -13 -14 -15
leaf_value=0.02886977649206738 0.098877753201402394 0.066950394727362542 0.43507994706077241 -0.034178486942028907 -0.63115360466081927 -0.28163640106266197 -0.18802396851483583 0.38638013724296816 0.024442433045832671 0.42149677254033818 0.26591995222866538 -0.18670132849683874 0.13919038919088308 -0.17766197412209422
leaf_weight=138 1260 408 55 5717 40 43 296 62 1858 98 99 116 326 284
leaf_count=138 1260 408 55 5717 40 43 296 62 1858 98 99 116 326 284
internal_value=0.000188693 -0.0128547 0.111524 -0.0192106 -0.148164 -0.0148777 0.0211109 0.00311953 0.025548 0.232067 0.0993007 -0.303958 0.0163305 -0.00242426
internal_weight=10800 9540 463 9077 294 8783 3066 2826 2530 240 142 156 2468 2142
internal_count=10800 9540 463 9077 294 8783 3066 2826 2530 240 142 156 2468 2142
is_linear=0
shrinkage=0.05


Tree=99
num_leaves=15
num_cat=0
split_feature=48 16 47 65 8 32 44 49 15 34 36 36 52 36
split_gain=5120.48 2905.53 3992.56 3375.47 2489.33 2334.53 3014.63 2159.69 4988.74 3403.32 4860.67 3566.17 3393.17 2950.74
threshold=13.375000000000002 267.06350950000007 64.023437500000014 261.5324245000001 273.13806300000005 17.525000000000002 83.906250000000014 1.5000000000000002 171.80616150000003 22.573958333333341 21.399479166666669 25.466666666666672 0.88144907265856365 20.950520833333336
decision_type=2 2 2 2 2 2 2 2 2 2 2 2 2 2
left_child=1 3 -3 5 -4 6 -1 9 -9 10 13 -11 -12 -7
right_child=-2 2 4 -5 -6 7 -8 8 -10 11 12 -13 -14 -15
leaf_value=-0.50254607567191123 -0.039006903640902132 -0.30701728217130486 0.24734032268459683 0.093137826513759792 -0.1180090353720718 0.022654341384464795 -0.055251594334840774 0.006626700159060351 -0.22186508173875225 0.13658055823129592 -0.0081159914410068781 0.62509956412321455 -0.33818526033748381 0.29165845922720818
leaf_weight=49 4704 42 357 1249 53 229 154 2941 259 161 261 48 110 183
leaf_count=49 4704 42 357 1249 53 229 154 2941 259 161 261 48 110 183
internal_value=0.000180962 0.0304219 0.15226 0.0206392 0.19994 1.95997e-05 -0.165153 0.00805568 -0.0119304 0.0724739 0.0245034 0.251219 -0.106626 0.142556
internal_weight=10800 6096 452 5644 410 4395 203 4192 3200 992 783 209 371 412
internal_count=10800 6096 452 5644 410 4395 203 4192 3200 992 783 209 371 412
is_linear=0
shrinkage=0.05


Tree=100
num_leaves=15
num_cat=0
split_feature=64 57 31 28 65 60 47 41 47 24 34 36 47 65
split_gain=4692.29 2517.51 2839.01 4051.39 3100.78 2353.43 2750.4 3304.92 2958.35 2334.27 4984.39 3481.89 2923.32 2411.63
threshold=226.75070750000003 1.0000000180025095e-35 26.687500000000004 21.962500000000002 212.22246800000002 -0.47114434510950048 77.855468750000014 83.375000000000014 72.852864583333357 274.65417650000006 17.627083333333335 24.289322916666674 77.423177083333357 246.63264750000005
decision_type=2 2 2 2 2 2 2 2 2 2 2 2 2 2
left_child=1 2 5 -4 -5 6 8 -8 -1 10 -2 12 13 -12
right_child=9 -3 3 4 -6 -7 7 -9 -10 -11 11 -13 -14 -15
leaf_value=0.24800213412912209 0.55755157354401386 -0.029951802532622158 -0.016842747192829848 0.76258377966781454 0.20665633814748038 -0.038276658721838518 0.56679030811345132 0.12086810703112467 -0.11469322632329587 0.11573522780614652 0.27201650319620968 -0.30217647793185382 -0.05102095979019431 0.034751524040875441
leaf_weight=78 40 6933 99 41 65 822 53 184 194 1103 159 89 615 325
leaf_count=78 40 6933 99 41 65 822 53 184 194 1103 159 89 615 325
internal_value=0.00017114 -0.0171204 0.0407782 0.213512 0.426802 0.0140335 0.0984201 0.222552 -0.0101575 0.0629752 0.0155301 -0.00317339 0.0212934 0.113096
internal_weight=10800 8469 1536 205 106 1331 509 237 272 2331 1228 1188 1099 484
internal_count=10800 8469 1536 205 106 1331 509 237 272 2331 1228 1188 1099 484
is_linear=0
shrinkage=0.05


Tree=101
num_leaves=15
num_cat=0
split_feature=65 17 42 43 47 42 46 51 48 48 21 48 16 24
split_gain=4295.57 2454.87 2717.66 2389.53 1971.03 2503.38 2001.63 1987.45 1919.11 2280.92 1836.03 1667.46 3024.92 3534.07
threshold=261.5324245000001 68.59179836405535 82.125000000000014 81.875000000000014 85.757812500000014 87.875000000000014 89.760416666666671 3.5000000000000004 23.625000000000004 23.375000000000004 1.4305838189958214e-05 13.375000000000002 272.70666550000004 297.26105400000006
decision_type=2 2 2 2 2 2 2 2 2 2 2 2 2 2
left_child=1 8 -3 -4 5 6 7 -2 9 11 -9 12 -1 -14
right_child=4 2 3 -5 -6 -7 -8 10 -10 -11 -12 -13 13 -15
leaf_value=-0.0043895823892928596 0.11338405203802567 0.35156114101409913 -0.14944205990639226 0.30979513111746027 0.40478408637833091 -0.15197996847532891 0.42405627542071872 0.20777494433251295 -0.2200242908490179 0.21055630386139443 -0.16610335210436741 -0.037200948524032829 0.24738775875667729 -0.25304791803161303
leaf_weight=4348 888 96 86 41 46 110 44 43 112 112 129 4480 224 41
leaf_count=4348 888 96 86 41 46 110 44 43 112 112 129 4480 224 41
internal_value=0.000173379 -0.0112894 0.152283 7.76273e-05 0.086903 0.0745348 0.0972214 0.0832678 -0.0152204 -0.0127048 -0.0719731 -0.0154776 0.00562287 0.169302
internal_weight=10800 9540 223 127 1260 1214 1104 1060 9317 9205 172 9093 4613 265
internal_count=10800 9540 223 127 1260 1214 1104 1060 9317 9205 172 9093 4613 265
is_linear=0
shrinkage=0.05


Tree=102
num_leaves=15
num_cat=0
split_feature=64 57 47 36 52 42 31 33 24 25 30 48 24 34
split_gain=3944.98 2222.05 4861.66 3054.54 3115.39 2370.86 2726.09 4141.3 6781.57 3470.63 3162.12 2890.78 2074.85 4450.39
threshold=226.75070750000003 1.5000000000000002 65.518229166666671 17.780729166666671 -0.19509032201612828 88.125000000000014 22.487500000000004 21.003125000000004 194.76600600000003 1.3929144002791032 21.262500000000003 4.3750000000000009 274.65417650000006 17.627083333333335
decision_type=2 2 2 2 2 2 2 2 2 2 2 2 2 2
left_child=1 2 -1 -4 -5 6 10 9 -9 11 -6 -8 13 -2
right_child=12 -3 3 4 5 -7 7 8 -10 -11 -12 -13 -14 -15
leaf_value=0.51085400485992438 0.52519210722388299 -0.032842672080193223 -0.19441806316285967 -0.026977398913888402 0.14402335452393242 -0.19546637758612634 -0.10135995688848198 0.41549612047771617 -0.079814207134768375 0.070226803193800147 0.53201384449998546 -0.55749774495165594 0.1074984770147674 -0.0046445544457898846
leaf_weight=49 40 5845 165 1260 436 69 99 140 135 159 59 53 1103 1188
leaf_count=49 40 5845 165 1260 436 69 99 140 135 159 59 53 1103 1188
internal_value=0.000170668 -0.0156842 0.0225344 0.0130474 0.0273262 0.0867959 0.104977 0.0319006 0.172936 -0.0929634 0.191248 -0.263012 0.0577568 0.0130273
internal_weight=10800 8469 2624 2575 2410 1150 1081 586 275 311 495 152 2331 1228
internal_count=10800 8469 2624 2575 2410 1150 1081 586 275 311 495 152 2331 1228
is_linear=0
shrinkage=0.05


Tree=103
num_leaves=15
num_cat=0
split_feature=65 64 0 36 35 47 42 46 48 48 51 34 21 65
split_gain=3626.63 2161.1 2238.36 1888.89 2930.07 1828.15 2236.2 1808.2 1701.87 2095.83 1700.7 1640.74 1619.22 1597.3
threshold=261.5324245000001 265.84829400000007 198.92361450000001 24.343229166666671 21.567708333333336 85.757812500000014 87.875000000000014 89.760416666666671 23.625000000000004 23.375000000000004 3.5000000000000004 22.377083333333335 1.4305838189958214e-05 79.608916500000007
decision_type=2 2 2 2 2 2 2 2 2 2 2 2 2 2
left_child=1 8 3 4 -3 6 7 10 9 -1 -2 -5 -12 -10
right_child=5 2 -4 11 -6 -7 -8 -9 13 -11 12 -13 -14 -15
leaf_value=-0.016041104686633719 0.10399445296666288 0.051999362741699286 0.39138766262414204 -0.21251428692892033 0.48069970136365064 0.38598273191204729 -0.14612679054943828 0.40001945775416159 -0.060311562179679604 0.20066467488629627 0.19524329077791086 0.083846162160501836 -0.15586571920779535 -0.44853782657273983
leaf_weight=8853 888 172 55 92 51 46 110 44 70 112 43 93 129 42
leaf_count=8853 888 172 55 92 51 46 110 44 70 112 43 93 129 42
internal_value=0.000167284 -0.0103652 0.0948873 0.0540586 0.151751 0.0798582 0.0679506 0.0893938 -0.0157438 -0.0133117 0.076135 -0.0638833 -0.0674673 -0.208577
internal_weight=10800 9540 463 408 223 1260 1214 1104 9077 8965 1060 185 172 112
internal_count=10800 9540 463 408 223 1260 1214 1104 9077 8965 1060 185 172 112
is_linear=0
shrinkage=0.05


Tree=104
num_leaves=15
num_cat=0
split_feature=48 16 47 24 47 65 9 32 46 61 51 49 0 36
split_gain=3371.14 2542.68 3553.79 2346.73 2775.23 2295.34 2159.47 2090.99 2690 2019.9 1935.6 1880.48 2689.94 2576.34
threshold=13.375000000000002 267.06350950000007 64.023437500000014 277.29195150000004 70.757812500000014 262.22140250000007 269.85915400000005 17.525000000000002 87.447916666666671 -0.84874750804349197 1.5000000000000002 2.5000000000000004 256.03719150000006 21.399479166666669
decision_type=2 2 2 2 2 2 2 2 2 2 2 2 2 2
left_child=1 5 -3 -4 -5 6 7 8 -1 -10 -6 12 13 -9
right_child=-2 2 3 4 10 -7 -8 11 9 -11 -12 -13 -14 -15
leaf_value=-0.30768226156823147 -0.031632195546249207 -0.29458362865586613 0.36666207629732972 0.36687990824381511 -0.25251595762629925 0.076655938660073336 -0.19577550894540291 0.12958426617813593 0.30464782940093865 -0.17218231780899931 0.097581479980087871 -0.010994095662953221 0.27362925909987806 -0.019184810648621257
leaf_weight=116 4704 42 122 74 51 1207 137 470 42 45 163 2733 133 761
leaf_count=116 4704 42 122 74 51 1207 137 470 42 45 163 2733 133 761
internal_value=0.000164727 0.0247021 0.138677 0.183669 0.105151 0.0155514 -0.0010844 0.00516263 -0.151075 0.0588576 0.0133606 0.012939 0.0608657 0.0376748
internal_weight=10800 6096 452 410 288 5644 4437 4300 203 87 214 4097 1364 1231
internal_count=10800 6096 452 410 288 5644 4437 4300 203 87 214 4097 1364 1231
is_linear=0
shrinkage=0.05


Tree=105
num_leaves=15
num_cat=0
split_feature=52 0 9 2 32 24 25 25 25 42 46 51 34 64
split_gain=3113.42 2028.57 3058.44 1877.29 1774.97 1431.61 3855.48 2985.68 3637.66 3250.73 3886.16 3181.72 4420.01 3241.31
threshold=0.25881904510252091 262.99180150000007 249.54321200000001 258.94589250000007 25.712500000000002 274.65417650000006 103.78186874622266 106.87927892455518 103.46998804815223 60.125000000000007 77.703125000000014 3.5000000000000004 22.235416666666669 237.32566100000003
decision_type=2 2 2 2 2 2 2 2 2 2 2 2 2 2
left_child=-1 3 -3 5 -4 6 -2 8 -7 -10 -11 12 13 -9
right_child=1 2 4 -5 -6 7 -8 11 9 10 -12 -13 -14 -15
leaf_value=-0.022616019285010561 0.029326295724383979 0.56248430792935367 0.1942625381755379 -0.26290395257196258 -0.18082220865620507 -0.03473231519510029 -0.15373291960043939 -0.54871402486246468 0.046352671462663281 0.54905799416632495 0.17595723384629108 0.32391644711677847 0.10897900938752098 -0.10268254793444197
leaf_weight=6280 2694 42 105 55 44 193 321 48 166 115 179 64 248 246
leaf_count=6280 2694 42 105 55 44 193 321 48 166 115 179 64 248 246
internal_value=0.000158023 0.0317978 0.190842 0.0247382 0.0830322 0.0285003 0.0097919 0.0732592 0.147348 0.223653 0.323265 -0.00668737 -0.0462501 -0.177117
internal_weight=10800 4520 191 4329 149 4274 3015 1259 653 460 294 606 542 294
internal_count=10800 4520 191 4329 149 4274 3015 1259 653 460 294 606 542 294
is_linear=0
shrinkage=0.05


Tree=106
num_leaves=15
num_cat=0
split_feature=64 57 47 36 52 42 31 33 24 25 30 65 51 17
split_gain=2905.06 1875.73 4311.16 2708.28 2503.11 2132.38 2475.21 3493.24 5416.75 3141.95 2450.95 2239.7 2013.93 1932.18
threshold=226.75070750000003 1.5000000000000002 65.518229166666671 17.780729166666671 -0.25881904510252113 88.125000000000014 22.787500000000005 21.003125000000004 172.80594750000003 1.3929144002791032 21.387500000000003 265.2444010000001 2.5000000000000004 8.291695780468328e-06
decision_type=2 2 2 2 2 2 2 2 2 2 2 2 2 2
left_child=1 2 -1 -4 -5 6 10 9 -9 11 12 -8 -6 -14
right_child=-2 -3 3 4 5 -7 7 8 -10 -11 -12 -13 13 -15
leaf_value=0.48150416773557664 0.049569908210339499 -0.029217107591942196 -0.18262545869696933 -0.024903373769542523 -0.021372163576899833 -0.18712129757170462 -0.45205607611395709 0.3713623043938275 -0.068924141063035779 0.056036795288805043 0.42452589003369212 -0.050909409568859976 0.0040573863528276747 0.2723228163422739
leaf_weight=49 2331 5845 165 1202 158 71 76 136 142 154 79 64 94 234
leaf_count=49 2331 5845 165 1202 158 71 76 136 142 154 79 64 94 234
internal_value=0.000153289 -0.0134523 0.0216617 0.0127277 0.0261727 0.0769737 0.0936151 0.0202247 0.147027 -0.0997686 0.167748 -0.270336 0.125222 0.195688
internal_weight=10800 8469 2624 2575 2410 1208 1137 572 278 294 565 140 486 328
internal_count=10800 8469 2624 2575 2410 1208 1137 572 278 294 565 140 486 328
is_linear=0
shrinkage=0.05


Tree=107
num_leaves=15
num_cat=0
split_feature=65 32 26 46 22 17 42 43 24 48 48 24 24 24
split_gain=2637.03 1732.68 2937.13 2582.69 2179.36 1728.54 2352.75 2057 1683.77 1531.41 1899.39 1520.73 2659.65 3394.27
threshold=261.5324245000001 19.962500000000002 20.512500000000003 82.005208333333357 127.28854346354167 68.59179836405535 82.125000000000014 81.875000000000014 263.86678650000005 23.625000000000004 23.375000000000004 263.14637150000004 277.22543400000006 278.51062050000002
decision_type=2 2 2 2 2 2 2 2 2 2 2 2 2 2
left_child=5 4 3 -3 -2 9 -7 -8 -6 10 -1 -4 -13 -14
right_child=1 2 11 -5 8 6 7 -9 -10 -11 -12 12 13 -15
leaf_value=-0.012414793425039455 0.04844765185751021 0.24742169297018718 0.25137239022780272 -0.1758715808937947 0.52762116767391387 0.31384427582019386 -0.15171901625768422 0.27437425004761845 0.18256423250664916 -0.1950812515266965 0.19384962738351486 -0.10642876255086492 0.50966516801831774 0.066997182216892132
leaf_weight=9093 199 42 117 224 52 96 86 41 112 112 112 174 50 290
leaf_count=9093 199 42 117 224 52 96 86 41 112 112 112 174 50 290
internal_value=0.000148598 0.0681025 0.0307283 -0.108359 0.160119 -0.00883264 0.128424 -0.0130925 0.294507 -0.0121313 -0.00988433 0.0894399 0.0521632 0.133399
internal_weight=10800 1260 897 266 363 9540 223 127 164 9317 9205 631 514 340
internal_count=10800 1260 897 266 363 9540 223 127 164 9317 9205 631 514 340
is_linear=0
shrinkage=0.05


Tree=108
num_leaves=15
num_cat=0
split_feature=48 16 47 24 47 43 55 30 24 25 7 22 31 24
split_gain=2466.24 2344.42 3180.76 2086.02 2454.29 2066 3852.12 2352.71 1939.62 3768.8 2883.29 2948.83 2438.84 2398.56
threshold=13.375000000000002 267.06350950000007 64.023437500000014 277.29195150000004 70.757812500000014 70.875000000000014 -0.56174490092936669 19.012500000000003 274.65417650000006 103.78186874622266 94.546965000000014 133.75868253125 23.262500000000003 281.72766850000005
decision_type=2 2 2 2 2 2 2 2 2 2 2 2 2 2
left_child=1 5 -3 -4 -5 6 7 -1 9 -7 -10 -12 -11 -13
right_child=-2 2 3 4 -6 8 -8 -9 10 12 11 13 -14 -15
leaf_value=-0.4521509684622288 -0.027046281009611619 -0.27930728472595989 0.34567324350762174 0.34524655389785769 0.012795166354626417 0.025300643703784473 0.016643892066084683 -0.11996548604404152 0.44179002197529632 -0.36241282903485827 -0.33248725990454359 0.21066948790439508 -0.062338441014204021 0.040374757628310415
leaf_weight=63 4704 42 122 74 214 2884 804 328 52 98 44 269 216 886
leaf_count=63 4704 42 122 74 214 2884 804 328 52 98 44 269 216 886
internal_value=0.000150309 0.0211376 0.130578 0.173144 0.0991158 0.0123515 -0.0459933 -0.174506 0.0280297 0.00737294 0.0807876 0.064776 -0.156845 0.0801844
internal_weight=10800 6096 452 410 288 5644 1195 391 4449 3198 1251 1199 314 1155
internal_count=10800 6096 452 410 288 5644 1195 391 4449 3198 1251 1199 314 1155
is_linear=0
shrinkage=0.05


Tree=109
num_leaves=15
num_cat=0
split_feature=64 47 46 45 47 45 51 7 65 29 65 57 47 36
split_gain=2370.11 1792.13 3152.34 2179.52 1800.12 2367.79 2064.3 1682.09 1671.91 1967.34 1910.74 1596.75 3874.32 2440.86
threshold=226.75070750000003 77.423177083333357 89.296875000000014 67.406250000000014 78.419270833333357 88.343750000000014 1.5000000000000002 223.45232950000005 229.01913550000003 20.162500000000005 250.96827550000003 1.5000000000000002 65.746093750000014 17.780729166666671
decision_type=2 2 2 2 2 2 2 2 2 2 2 2 2 2
left_child=11 2 3 -2 6 8 -3 -7 -6 10 -10 12 -1 -14
right_child=1 4 -4 -5 5 7 -8 -9 9 -11 -12 -13 13 -15
leaf_value=0.44754185491742993 -0.1757088364779272 -0.34011624397709972 0.50516068640918965 0.08120231400867807 0.35870385121267578 -0.24085742987104153 -0.016210543638629508 0.051529077433006866 -0.36355693361588887 0.15425355097154778 0.023839997653284987 -0.02669264756164122 -0.17384217767134669 0.024384653886666628
leaf_weight=51 87 79 41 1350 51 113 128 86 41 224 131 5845 165 2408
leaf_count=51 87 79 41 1350 51 113 128 86 41 224 131 5845 165 2408
internal_value=0.00014188 0.0447773 0.0780654 0.0655368 -0.0129251 0.0282263 -0.140868 -0.114874 0.0920472 0.056888 -0.0700723 -0.0121474 0.0202503 0.0116103
internal_weight=10800 2331 1478 1437 853 646 207 199 447 396 172 8469 2624 2573
internal_count=10800 2331 1478 1437 853 646 207 199 447 396 172 8469 2624 2573
is_linear=0
shrinkage=0.05


Tree=110
num_leaves=15
num_cat=0
split_feature=65 47 30 34 32 65 65 65 56 24 48 25 37 36
split_gain=2179.9 1707.73 1817.71 2028.56 1607.39 2574.44 2138.99 1533.22 2847.93 2371.15 4377.62 3375.72 2903.54 3762.49
threshold=262.22140250000007 85.757812500000014 17.925000000000001 17.779166666666672 17.525000000000002 103.78458250000001 190.22173450000003 24.000000000000004 7.1250000000000009 302.68069650000001 3.8750000000000004 110.25738953028021 54.625000000000007 25.941927083333336
decision_type=2 2 2 2 2 2 2 2 2 2 2 2 2 2
left_child=4 2 -2 -4 5 -1 -7 -6 -9 11 -11 12 13 -10
right_child=1 -3 3 -5 7 6 -8 8 9 10 -12 -13 -14 -15
leaf_value=0.036242498334148804 -0.27585215481316172 0.36205195765132492 0.38481403075634169 0.049177321845576549 -0.024758033159086618 -0.57027591772195774 -0.14982658935256674 0.31746010360392662 0.20622825871659331 0.22653193671947289 -0.25806451850427842 0.25331368319715231 -0.0020603899606380332 -0.22754118442535401
leaf_weight=138 40 45 46 1087 4587 40 120 76 331 61 188 148 3835 58
leaf_count=138 40 45 46 1087 4587 40 120 76 331 61 188 148 3835 58
internal_value=0.00013622 0.0631137 0.0513469 0.0631316 -0.00787481 -0.121982 -0.257828 -0.00419943 0.0158787 0.0108511 -0.138917 0.0194107 0.0111572 0.141136
internal_weight=10800 1218 1173 1133 9582 298 160 9284 4697 4621 249 4372 4224 389
internal_count=10800 1218 1173 1133 9582 298 160 9284 4697 4621 249 4372 4224 389
is_linear=0
shrinkage=0.05


Tree=111
num_leaves=15
num_cat=0
split_feature=64 39 47 46 32 35 64 65 47 47 36 43 36 36
split_gain=2010.81 1650.73 2171.84 2624.06 1769.06 2139.85 2443.41 2432.41 1803.18 1567.52 3104.08 2286.47 2209.2 3819.42
threshold=226.75070750000003 66.875000000000014 77.423177083333357 89.296875000000014 22.012500000000003 20.589583333333337 245.21874450000004 249.95668100000003 78.128906250000014 75.553385416666671 20.983854166666671 82.875000000000014 25.094921875000008 24.250520833333336
decision_type=2 2 2 2 2 2 2 2 2 2 2 2 2 2
left_child=-1 -2 3 9 5 6 -4 -8 -7 12 -11 -12 13 -3
right_child=1 2 4 -5 -6 8 7 -9 -10 10 11 -13 -14 -15
leaf_value=-0.011188562332392465 -0.18201560095243621 0.075006662491333295 0.090570042006395485 0.47688190802222208 -0.19345352246299766 -0.13991020491310197 -0.39500229308302975 -0.056714926250104873 0.19123901605726806 -0.10380757332626563 0.074298836500344051 0.43729290693058626 0.15214279853773316 -0.17024533379543982
leaf_weight=8469 79 527 188 41 117 50 70 213 215 66 72 110 357 226
leaf_count=8469 79 527 188 41 117 50 70 213 215 66 72 110 357 226
internal_value=0.000130924 0.0412441 0.0491533 0.087473 -0.0137233 0.0150716 -0.0488653 -0.141486 0.128467 0.0753739 0.188788 0.294882 0.0498874 0.00127033
internal_weight=10800 2331 2252 1399 853 736 471 283 265 1358 248 182 1110 753
internal_count=10800 2331 2252 1399 853 736 471 283 265 1358 248 182 1110 753
is_linear=0
shrinkage=0.05


Tree=112
num_leaves=15
num_cat=0
split_feature=48 16 24 24 32 22 47 9 36 36 43 0 36 34
split_gain=1914.87 2117.3 2800.86 1943.72 2626.04 2001.63 2988.52 1810.17 1515.38 2732.43 2583.36 2181.25 3409.33 2062.06
threshold=13.375000000000002 267.06350950000007 277.29195150000004 280.08090150000004 26.387500000000003 145.83517119791671 71.799479166666671 269.85915400000005 25.094921875000008 24.343229166666671 86.875000000000014 198.92361450000001 25.847656250000004 22.359375000000004
decision_type=2 2 2 2 2 2 2 2 2 2 2 2 2 2
left_child=1 7 -3 -4 -5 6 -6 8 9 -1 11 -10 -13 -11
right_child=-2 2 3 4 5 -7 -8 -9 10 13 -12 12 -14 -15
leaf_value=0.017453868029333467 -0.023838840842850244 0.32629820175215274 -0.19200398585731712 0.34071315871663843 0.36128066460932456 -0.2357213258246581 -0.13008899546919331 -0.15937064670488921 0.010601765955963087 -0.22292883935841493 0.37387790194024212 0.52724818810820584 -0.037159660587517115 -0.014202024895315388
leaf_weight=4305 4704 122 67 82 61 59 61 152 536 215 68 55 51 262
leaf_count=4305 4704 122 67 82 61 59 61 152 536 215 68 55 51 262
internal_value=0.000125513 0.0186186 0.122623 0.0465665 0.10784 0.00104727 0.116536 0.0102691 0.0149923 0.00486485 0.0831003 0.0517679 0.257884 -0.108552
internal_weight=10800 6096 452 330 263 181 122 5644 5492 4782 710 642 106 477
internal_count=10800 6096 452 330 263 181 122 5644 5492 4782 710 642 106 477
is_linear=0
shrinkage=0.05


Tree=113
num_leaves=15
num_cat=0
split_feature=65 47 48 48 65 35 24 22 32 32 36 25 36 25
split_gain=1807.85 1653.8 1394.5 1530.43 1436.37 1356.25 1194.98 2818.82 2623.96 2020.47 3008.88 1312.9 1267.03 2029.06
threshold=267.06350950000007 83.402343750000014 23.625000000000004 23.375000000000004 79.608916500000007 22.271875000000001 277.75656700000008 143.83039347916667 21.012500000000003 19.512500000000003 20.338411458333336 104.00661095731722 25.055729166666669 110.31850246685552
decision_type=2 2 2 2 2 2 2 2 2 2 2 2 2 2
left_child=2 6 3 -1 -4 -5 9 8 -8 10 -2 -11 13 -9
right_child=1 -3 4 5 -6 -7 7 12 -10 11 -12 -13 -14 -15
leaf_value=-0.006333440352430374 -0.05416183646327706 0.37684723153346922 -0.04052267525423791 0.034678037179743541 -0.40835026800632479 0.38784355267315457 0.11153547345277143 0.094843069064400862 0.58448306077493817 0.0078061211267831153 0.34755533817521433 -0.18596944686986749 0.17087952512992574 -0.33365277720987802
leaf_weight=9631 92 40 70 67 42 45 67 61 52 296 93 123 72 49
leaf_count=9631 92 40 70 67 42 45 67 61 52 296 93 123 72 49
internal_value=0.000123598 0.0661479 -0.00621357 -0.00418768 -0.180851 0.178751 0.0520146 0.133225 0.32135 0.0113907 0.148565 -0.0493852 0.00913572 -0.0973186
internal_weight=10800 945 9855 9743 112 112 905 301 119 604 185 419 182 110
internal_count=10800 945 9855 9743 112 112 905 301 119 604 185 419 182 110
is_linear=0
shrinkage=0.05


Tree=114
num_leaves=15
num_cat=0
split_feature=52 0 9 2 32 43 45 45 47 8 35 25 22 25
split_gain=1699.68 1594.5 2556.13 1629.69 1432.53 1276.77 1176.29 1399.57 2770.54 2339.86 1675.75 2561.75 2046.86 2800.95
threshold=0.25881904510252091 262.99180150000007 249.54321200000001 259.33671700000008 25.712500000000002 71.375000000000014 67.406250000000014 79.260416666666671 70.126302083333357 255.20086750000004 22.767708333333335 110.83558801624868 139.58137331250003 104.00661095731722
decision_type=2 2 2 2 2 2 2 2 2 2 2 2 2 2
left_child=-1 3 -3 6 5 -4 -2 -8 -9 10 11 12 13 -10
right_child=1 2 4 -5 -6 -7 7 8 9 -11 -12 -13 -14 -15
leaf_value=-0.016704491207128056 -0.135420832565149 0.50421960797420773 0.31220701913679805 -0.29271567002648402 -0.17092387109994889 -0.039163828624619382 0.07321856389737573 -0.15685139161845049 0.025664250089543234 -0.23731209493844824 0.256018012045305 -0.29533739666784964 0.1468820384992657 -0.23071820500772447
leaf_weight=6280 117 42 61 41 44 44 1094 236 2181 84 78 61 326 111
leaf_count=6280 117 42 61 41 44 44 1094 236 2181 84 78 61 326 111
internal_value=0.000122453 0.0235 0.164502 0.0172423 0.0660193 0.165985 0.0202735 0.0246723 0.00739395 0.0210881 0.0290442 0.0223427 0.0298547 0.0131526
internal_weight=10800 4520 191 4329 149 105 4288 4171 3077 2841 2757 2679 2618 2292
internal_count=10800 4520 191 4329 149 105 4288 4171 3077 2841 2757 2679 2618 2292
is_linear=0
shrinkage=0.05


Tree=115
num_leaves=15
num_cat=0
split_feature=65 32 22 47 30 34 46 31 43 47 17 42 44 48
split_gain=1593.22 1451.92 2386.74 1431.91 1621.24 1771.98 1374.65 5440.19 2047.2 1768.78 1308.45 3150.88 1975.04 1438.47
threshold=262.22140250000007 17.525000000000002 123.479334484375 85.757812500000014 17.925000000000001 17.779166666666672 81.093750000000014 22.512500000000003 82.625000000000014 81.330729166666671 59.481066393397107 83.625000000000014 83.781250000000014 4.3750000000000009
decision_type=2 2 2 2 2 2 2 2 2 2 2 2 2 2
left_child=1 2 -1 4 -2 -6 7 -7 -8 -10 13 -12 -13 -3
right_child=3 10 -4 -5 5 6 8 -9 9 -11 11 12 -14 -15
leaf_value=-0.044204869840759789 -0.26580287919538781 0.036546446339445593 -0.39717060903708146 0.32767699019092583 0.35495478830280458 0.53930259834160099 -0.10941346815653202 0.030489386268851934 0.11257113058253412 -0.13207272228774736 0.20542320493990796 -0.16065645395752251 0.20986294597387314 -0.016589373983299033
leaf_weight=239 40 1541 59 45 46 63 263 294 376 91 233 143 47 7320
leaf_count=239 40 1541 59 45 46 63 263 294 376 91 233 143 47 7320
internal_value=0.000115141 -0.00673356 -0.115182 0.0539551 0.0431841 0.0543175 0.0412805 0.121536 0.00191993 0.0647193 -0.00324052 0.0825659 -0.0683828 -0.00734554
internal_weight=10800 9582 298 1218 1173 1133 1087 357 730 467 9284 423 190 8861
internal_count=10800 9582 298 1218 1173 1133 1087 357 730 467 9284 423 190 8861
is_linear=0
shrinkage=0.05


Tree=116
num_leaves=15
num_cat=0
split_feature=30 65 32 41 31 36 48 48 65 34 26 17 42 43
split_gain=1452.18 1642.02 2027.67 1598.81 2793.63 1315.48 1265.05 1378.91 1297.19 1224.6 1208 1117.49 1932.17 1536.45
threshold=16.025000000000002 267.06350950000007 19.962500000000002 79.125000000000014 23.012500000000003 25.173697916666672 23.625000000000004 23.375000000000004 79.608916500000007 21.927083333333336 20.512500000000003 68.59179836405535 82.125000000000014 82.875000000000014
decision_type=2 2 2 2 2 2 2 2 2 2 2 2 2 2
left_child=-1 6 -3 4 -4 -6 7 11 -8 -9 -5 -2 -13 -14
right_child=1 2 3 10 5 -7 8 9 -10 -11 -12 12 13 -15
leaf_value=-0.19555490614568935 -0.007077647054951678 0.18893675497600013 0.43974797018549661 -0.13897330856843459 -0.096254092001138214 0.18352906589555604 -0.03715762912958178 0.034489727192832269 -0.3866852727047233 0.37010514311816384 0.029887643297248797 0.26209151671391051 -0.1207645746171918 0.23707446817840849
leaf_weight=93 9316 244 54 168 93 75 70 67 42 45 283 105 104 41
leaf_count=93 9316 244 54 168 93 75 70 67 42 45 283 105 104 41
internal_value=0.000112582 0.00183024 0.0657708 0.0209022 0.130433 0.028996 -0.00416499 -0.00222272 -0.170493 0.171417 -0.0331823 -0.00427343 0.0998349 -0.0186517
internal_weight=10800 10707 917 673 222 168 9790 9678 112 112 451 9566 250 145
internal_count=10800 10707 917 673 222 168 9790 9678 112 112 451 9566 250 145
is_linear=0
shrinkage=0.05


Tree=117
num_leaves=15
num_cat=0
split_feature=48 16 47 22 51 43 55 30 3 47 0 34 51 65
split_gain=1393.31 1945.26 2664.4 1655.78 3258.38 1577.07 3510.47 2064.99 1661.88 1480.2 1407.54 1372.69 3037.45 3260.6
threshold=13.375000000000002 267.06350950000007 64.023437500000014 148.27345940104172 1.5000000000000002 70.875000000000014 -0.56174490092936669 19.012500000000003 258.14039900000006 74.664062500000014 251.98463850000005 19.038541666666671 2.5000000000000004 259.73880900000006
decision_type=2 2 2 2 2 2 2 2 2 2 2 2 2 2
left_child=1 5 -3 4 9 6 7 -1 -9 -4 -8 12 13 -7
right_child=-2 2 3 -5 -6 11 10 8 -10 -11 -12 -13 -14 -15
leaf_value=-0.42590130697935824 -0.020331340694659483 -0.2595347852900971 0.14594965350060238 -0.09670539269583267 0.28077756937787829 -0.63176451218200891 -0.014656556485430267 -0.060266255820865068 -0.34797167124286776 -0.26278549440680665 0.15600707566969702 0.036021916752440132 0.00078853947254916646 -0.069123978329114086
leaf_weight=63 4704 42 41 56 267 40 657 267 61 46 147 3502 837 70
leaf_count=63 4704 42 41 56 267 40 657 267 61 46 147 3502 837 70
internal_value=0.000110487 0.0158852 0.115574 0.154538 0.194443 0.00788258 -0.0430922 -0.165774 -0.114667 -0.0706936 0.0167019 0.021581 -0.0318031 -0.277569
internal_weight=10800 6096 452 410 354 5644 1195 391 328 87 804 4449 947 110
internal_count=10800 6096 452 410 354 5644 1195 391 328 87 804 4449 947 110
is_linear=0
shrinkage=0.05


Tree=118
num_leaves=15
num_cat=0
split_feature=30 6 24 36 49 51 45 47 22 36 47 22 36 51
split_gain=1311.39 1451.01 3140.61 3044.27 1949.87 4074.83 5333.13 4461.78 4450.03 4149.79 3951.75 3208.93 2955.9 3995.3
threshold=16.025000000000002 24.000000000000004 302.68069650000001 25.007552083333334 3.5000000000000004 2.5000000000000004 83.635416666666671 77.319010416666671 125.64656252604168 22.531250000000004 75.686197916666671 148.4124377447917 26.521093750000002 1.5000000000000002
decision_type=2 2 2 2 2 2 2 2 2 2 2 2 2 2
left_child=-1 2 4 -4 5 6 12 8 9 -7 -10 -6 13 -2
right_child=1 -3 3 -5 11 7 -8 -9 10 -11 -12 -13 -14 -15
leaf_value=-0.18584289241265109 -0.0488592158387324 -0.014314081674728094 -0.41846268841295275 -0.01212725683179652 -0.01376865650737674 -0.2335245626994451 -0.25521120620263821 0.03872283863058195 0.17466893385890006 0.31411569228297787 0.4788744540552835 0.42786171970268089 -0.34172576380272712 0.16727136985219812
leaf_weight=93 418 6084 76 115 1990 87 183 733 257 56 184 41 47 436
leaf_count=93 418 6084 76 115 1990 87 183 733 257 56 184 41 47 436
internal_value=9.76968e-05 0.00172996 0.0228429 -0.175148 0.031413 0.0619056 -0.00989504 0.120966 0.22395 -0.018372 0.30239 -0.00464725 0.0401582 0.0615504
internal_weight=10800 10707 4623 191 4432 2401 1084 1317 584 143 441 2031 901 854
internal_count=10800 10707 4623 191 4432 2401 1084 1317 584 143 441 2031 901 854
is_linear=0
shrinkage=0.05


Tree=119
num_leaves=15
num_cat=0
split_feature=64 25 35 51 47 30 29 56 24 34 51 63 25 48
split_gain=1236.98 2143.28 1667.55 1422.43 1213.34 1137.78 1186.21 1878.04 1774.46 1254.58 1710.66 3564.2 1688.06 1425.77
threshold=274.03199250000006 106.87927892455518 22.880208333333336 3.5000000000000004 74.106770833333357 16.025000000000002 17.525000000000002 11.375000000000002 160.27093450000004 19.038541666666671 2.5000000000000004 -0.56174490092936669 97.964375099521064 1.3750000000000002
decision_type=2 2 2 2 2 2 2 2 2 2 2 2 2 2
left_child=5 4 3 -3 -2 -1 7 -7 -9 10 11 -8 13 -12
right_child=1 2 -4 -5 -6 6 9 8 -10 -11 12 -13 -14 -15
leaf_value=-0.17664960023570569 0.45045453485320597 -0.083409849958587828 0.23157671041888733 0.23541854232913112 0.11852417251183874 -0.076148154925821096 -0.031774669626279721 -0.0020861464306369598 0.28848143301628254 0.00064951266483800809 -0.21131932534180678 -0.59501878852236334 -0.24171689244137073 0.016626020709707128
leaf_weight=93 50 238 72 40 62 111 78 86 134 9003 76 43 86 628
leaf_count=93 50 238 72 40 62 111 78 86 134 9003 76 43 86 628
internal_value=9.31718e-05 0.0800486 0.018867 -0.0368559 0.269382 -0.00348739 -0.00189841 0.091069 0.1754 -0.0050112 -0.0608928 -0.235172 -0.0339358 -0.00824655
internal_weight=10800 462 350 278 112 10338 10245 331 220 9914 911 121 790 704
internal_count=10800 462 350 278 112 10338 10245 331 220 9914 911 121 790 704
is_linear=0
shrinkage=0.05


Tree=120
num_leaves=15
num_cat=0
split_feature=65 47 48 48 65 35 24 22 32 32 36 25 36 25
split_gain=1204.18 1362.73 1102 1292.76 1173.67 1114.83 966.796 2345.74 2233.03 1461.33 2297.76 1056.5 985.88 1579.88
threshold=267.06350950000007 83.402343750000014 23.625000000000004 23.375000000000004 79.608916500000007 22.271875000000001 277.75656700000008 143.83039347916667 20.987500000000004 19.512500000000003 20.649218750000006 104.00661095731722 25.055729166666669 110.31850246685552
decision_type=2 2 2 2 2 2 2 2 2 2 2 2 2 2
left_child=2 6 3 -1 -4 -5 9 8 -8 10 -2 -11 13 -9
right_child=1 -3 4 5 -6 -7 7 12 -10 11 -12 -13 -14 -15
leaf_value=-0.0052551516211280132 -0.027812579916704685 0.33598718436025998 -0.033529245879658512 0.034184143034850852 -0.36596693902514704 0.35442939691002606 0.061667687509019499 0.076826437474829298 0.49449698964674627 0.0042561363949319307 0.32809288215895116 -0.16957924593720708 0.14374941639500122 -0.3013366461992264
leaf_weight=9631 108 40 70 67 42 45 58 61 61 296 77 123 72 49
leaf_count=9631 108 40 70 67 42 45 58 61 61 296 77 123 72 49
internal_value=8.81598e-05 0.0539733 -0.00508386 -0.00328298 -0.160329 0.164852 0.0411515 0.114196 0.28581 0.00462135 0.121289 -0.0470566 0.00103888 -0.0928252
internal_weight=10800 945 9855 9743 112 112 905 301 119 604 185 419 182 110
internal_count=10800 945 9855 9743 112 112 905 301 119 604 185 419 182 110
is_linear=0
shrinkage=0.05


Tree=121
num_leaves=15
num_cat=0
split_feature=48 39 46 22 0 9 36 26 8 49 49 43 36 22
split_gain=1125.92 1880.44 1957.87 4760.99 2189.79 3330.79 1905.05 2748.34 2484.9 1776.21 1687.25 1325.02 1282.89 1561.76
threshold=13.375000000000002 51.875000000000007 68.401041666666671 143.60332484375002 263.81563600000004 247.46176750000004 25.415885416666672 22.162500000000005 257.88623600000005 1.5000000000000002 2.5000000000000004 86.125000000000014 24.343229166666671 147.55319502604172
decision_type=2 2 2 2 2 2 2 2 2 2 2 2 2 2
left_child=1 -1 3 -3 6 -6 8 -8 12 -7 -9 -12 13 -4
right_child=-2 2 4 -5 5 9 7 10 -10 -11 11 -13 -14 -15
leaf_value=0.24241696223616602 -0.018287877836418078 0.0059966536425867453 0.016241924692870457 -0.43822517240556275 0.55034985549070625 -0.071772008269493079 -0.11099454683912256 0.36507176374284067 -0.135420336562973 0.19082999355159702 0.056133467416639965 0.34555471589484688 -0.065973962572539555 0.31573819595981734
leaf_weight=88 4704 228 4097 81 43 111 108 88 311 151 208 48 491 43
leaf_count=88 4704 228 4097 81 43 111 108 88 311 151 208 48 491 43
internal_value=8.80578e-05 0.0142686 0.0108871 -0.111488 0.0175406 0.147657 0.0101573 0.108294 0.00116155 0.0797251 0.177262 0.111533 0.0103611 0.0194281
internal_weight=10800 6096 6008 309 5699 305 5394 452 4942 262 344 256 4631 4140
internal_count=10800 6096 6008 309 5699 305 5394 452 4942 262 344 256 4631 4140
is_linear=0
shrinkage=0.05


Tree=122
num_leaves=15
num_cat=0
split_feature=30 65 34 32 22 61 46 31 43 48 48 55 49 24
split_gain=1088.66 1214.84 1608.46 1088.36 2224.07 1091.01 1058.29 4751.47 2173.95 1004.97 1398.1 1174.66 1091.45 946.341
threshold=16.025000000000002 262.22140250000007 17.779166666666672 17.525000000000002 123.479334484375 -0.81241147629688992 80.572916666666671 22.512500000000003 82.625000000000014 23.625000000000004 23.375000000000004 -0.22252093395631442 3.5000000000000004 302.68069650000001
decision_type=2 2 2 2 2 2 2 2 2 2 2 2 2 2
left_child=-1 3 -3 4 5 -2 7 -4 -8 10 13 -12 -11 -5
right_child=1 2 6 9 -6 -7 8 -9 -10 12 11 -13 -14 -15
leaf_value=-0.16932625411910582 0.12618796140151589 0.27664345692945264 0.53828170431984801 0.0019813373788871475 -0.371205827233692 -0.10664220038776431 -0.10798500877932947 0.025925199263310723 0.06517657208964675 -0.28998100906610491 -0.0084706336880723647 0.32395422986296363 0.030852105294136289 -0.071787091324057056
leaf_weight=93 75 72 53 8566 59 148 283 280 500 61 47 60 46 457
leaf_count=93 75 72 53 8566 59 148 283 280 500 61 47 60 46 457
internal_value=8.94305e-05 0.00157663 0.0492287 -0.00437503 -0.10096 -0.0281223 0.0343222 0.108839 0.00253281 -0.00141573 0.000377861 0.179209 -0.153044 -0.00176245
internal_weight=10800 10707 1188 9519 282 223 1116 333 783 9237 9130 107 107 9023
internal_count=10800 10707 1188 9519 282 223 1116 333 783 9237 9130 107 107 9023
is_linear=0
shrinkage=0.05


Tree=123
num_leaves=15
num_cat=0
split_feature=64 25 35 31 47 35 30 57 47 25 60 36 22 41
split_gain=1063.37 1591.06 1467.22 1294.33 1152.94 950.721 944.793 1107.89 3215.89 1549.78 1918.85 2870.82 3139.68 2673.41
threshold=274.73415650000004 106.9171129683442 22.880208333333336 23.012500000000003 73.860677083333357 21.533854166666671 16.025000000000002 1.5000000000000002 65.518229166666671 102.3925514805117 -0.63405362205439475 21.705989583333338 125.64656252604168 83.125000000000014
decision_type=2 2 2 2 2 2 2 2 2 2 2 2 2 2
left_child=6 4 3 5 -2 -3 -1 8 -8 10 11 12 -10 -13
right_child=1 2 -4 -5 -6 -7 7 -9 9 -11 -12 13 -14 -15
leaf_value=-0.16095000934877501 0.43431225419044495 -0.037168133436565907 0.22728012108377049 -0.10149237196251909 0.096891667447605384 0.3026073418380249 0.40670191582844217 -0.012022778403588438 0.11118339078340132 -0.043419717254310652 0.0093783665776030617 0.13883820753766313 0.45982803213842138 -0.16185444772973742
leaf_weight=93 45 40 69 188 58 41 53 7363 196 769 1491 167 96 131
leaf_count=93 45 40 69 188 58 41 53 7363 196 769 1491 167 96 131
internal_value=8.6179e-05 0.0760365 0.0233427 -0.0296165 0.247067 0.13641 -0.00315418 -0.00170917 0.0244448 0.017196 0.0396057 0.115849 0.226984 0.00655529
internal_weight=10800 441 338 269 103 81 10359 10266 2903 2850 2081 590 292 298
internal_count=10800 441 338 269 103 81 10359 10266 2903 2850 2081 590 292 298
is_linear=0
shrinkage=0.05


Tree=124
num_leaves=15
num_cat=0
split_feature=52 30 55 24 22 43 24 61 39 7 36 36 47 24
split_gain=971.844 1486.44 3193.06 2268.49 1674.02 1307.41 1246.14 1963.55 1586.71 2405.61 2380.74 4188.49 4037.08 2732.97
threshold=0.5277851165098012 18.512500000000003 -0.56174490092936669 253.49028900000005 107.89668338020834 74.875000000000014 300.20324800000009 -0.9733555533461492 82.875000000000014 24.000000000000004 21.246223958333335 20.649218750000006 77.966145833333357 277.22543400000006
decision_type=2 2 2 2 2 2 2 2 2 2 2 2 2 2
left_child=1 2 5 4 -4 -1 8 -8 9 -2 11 12 -10 -12
right_child=6 -3 3 -5 -6 -7 7 -9 10 -11 13 -13 -14 -15
leaf_value=-0.52423985042394361 0.32454993880384575 -0.0039166970782163303 -0.026553410661851753 0.29786535206696263 -0.29704071154844935 -0.13937673298869191 -0.36911428329348567 -0.012110023559815081 -0.27943595433519003 0.05606050900947486 -0.076273752571472411 0.25323053829904113 0.064801479672121007 0.082167878018541113
leaf_weight=51 90 6757 336 45 68 40 49 168 104 1014 1029 230 450 369
leaf_count=51 90 6757 336 45 68 40 49 168 104 1014 1029 230 450 369
internal_value=8.96019e-05 -0.0103023 -0.0900507 -0.0349833 -0.072702 -0.358423 0.0217335 -0.0940473 0.0294057 0.0782221 0.00468213 0.0743706 -0.000207762 -0.0344245
internal_weight=10800 7297 540 449 404 91 3503 217 3286 1104 2182 784 554 1398
internal_count=10800 7297 540 449 404 91 3503 217 3286 1104 2182 784 554 1398
is_linear=0
shrinkage=0.05


Tree=125
num_leaves=15
num_cat=0
split_feature=48 65 6 24 0 16 37 30 15 20 9 24 0 9
split_gain=940.167 1075.41 2222.72 1589.78 3077.2 1939.39 2154.39 2165.94 1858.17 2320.17 2110.22 2071.17 1802.22 2848.87
threshold=23.625000000000004 24.000000000000004 205.69765350000003 302.68069650000001 200.80666850000003 272.70666550000004 63.375000000000007 22.012500000000003 209.37194500000001 268.81325600000008 276.57951800000006 278.51062050000002 256.03719150000006 209.80644200000003
decision_type=2 2 2 2 2 2 2 2 2 2 2 2 2 2
left_child=1 -1 3 5 -5 8 -7 -8 9 10 12 -10 13 -3
right_child=-2 2 -4 4 -6 6 7 -9 11 -11 -12 -13 -14 -15
leaf_value=-0.016506599621360443 -0.14338415956075212 0.021366591575117527 0.23717357541963058 0.023639429071561888 -0.31121405839920047 0.21633425026255498 0.13711728096911402 -0.30440214343834671 0.0072233492533365891 0.29439746035288461 -0.229469654303458 -0.3827599793672562 0.12242185706143729 -0.096314650348344966
leaf_weight=4640 112 4053 110 182 109 237 65 47 74 72 89 62 360 588
leaf_count=4640 112 4053 110 182 109 237 65 47 74 72 89 62 360 588
internal_value=8.21154e-05 0.00159878 0.0154896 0.0113437 -0.102423 0.0172234 0.131217 -0.0492174 0.00969084 0.0145117 0.0104956 -0.172059 0.0148111 0.00643921
internal_weight=10800 10688 6048 5938 291 5647 349 112 5298 5162 5090 136 5001 4641
internal_count=10800 10688 6048 5938 291 5647 349 112 5298 5162 5090 136 5001 4641
is_linear=0
shrinkage=0.05


Tree=126
num_leaves=15
num_cat=0
split_feature=65 47 32 22 54 35 48 24 21 45 46 37 24 64
split_gain=917.886 1167.19 943.097 1584.33 1016.9 1469.26 959.152 2151.13 2441.06 2433.29 2160.58 1403.76 1320.68 1947.13
threshold=267.06350950000007 83.402343750000014 17.525000000000002 123.479334484375 1.0000000180025095e-35 17.939583333333335 4.3750000000000009 296.45735250000007 1.4305838189958214e-05 86.760416666666671 77.317708333333357 73.125000000000014 302.68069650000001 83.192821000000023
decision_type=2 2 2 2 2 2 2 2 2 2 2 2 2 2
left_child=2 -2 3 4 5 -1 7 8 9 -4 -9 -10 -8 -14
right_child=1 -3 6 -5 -6 -7 12 10 11 -11 -12 -13 13 -15
leaf_value=0.28724098849393753 0.035258702248865313 0.30810966444451637 0.22033310299189096 -0.30206801686435941 -0.14745450304013438 -0.045997142891983617 -0.0040174150070279224 0.016564689969850912 -0.16997804436832667 -0.065507532931317433 0.37778724968260113 -0.00049105992136145064 0.0018126246333122255 -0.218691261761014
leaf_weight=45 905 40 236 67 112 117 7454 80 138 108 85 1009 224 180
leaf_count=45 905 40 236 67 112 117 7454 80 138 108 85 1009 224 180
internal_value=7.60449e-05 0.0471214 -0.00443948 -0.0860163 -0.0322798 0.0477633 -0.00150688 0.0330641 0.0140454 0.130663 0.203804 -0.021013 -0.00879566 -0.0967291
internal_weight=10800 945 9855 341 274 162 9514 1656 1491 344 165 1147 7858 404
internal_count=10800 945 9855 341 274 162 9514 1656 1491 344 165 1147 7858 404
is_linear=0
shrinkage=0.05


Tree=127
num_leaves=15
num_cat=0
split_feature=64 25 35 31 47 35 30 57 47 33 25 22 36 60
split_gain=886.634 1378.09 1262.63 1145.61 1039.52 849.287 819.381 956.784 2850.5 1399.46 1314.57 1700.52 1811.31 1121.16
threshold=274.73415650000004 106.9171129683442 22.880208333333336 23.012500000000003 73.860677083333357 21.533854166666671 16.025000000000002 1.5000000000000002 65.518229166666671 16.993750000000002 102.3925514805117 130.87085266666671 25.415885416666672 -0.52778511650980109
decision_type=2 2 2 2 2 2 2 2 2 2 2 2 2 2
left_child=6 4 3 5 -2 -3 -1 8 -8 -9 11 12 13 -10
right_child=1 2 -4 -5 -6 -7 7 9 10 -11 -12 -13 -14 -15
leaf_value=-0.14983537178189354 0.40635743348494824 -0.036558996865571271 0.20957668676972388 -0.096352734584262772 0.08613029099622016 0.28455199996630348 0.38265189180771508 0.22737691817942582 0.072652293786640981 -0.013114384359819485 -0.039885780482081239 0.18765076179906989 0.29820205147924095 -0.011512011409529725
leaf_weight=93 45 40 69 188 58 41 53 60 571 7303 769 170 57 1283
leaf_count=93 45 40 69 188 58 41 53 60 571 7303 769 170 57 1283
internal_value=7.35986e-05 0.0694256 0.0203893 -0.0287348 0.228597 0.127467 -0.00288525 -0.00153956 0.0227654 -0.011124 0.0159409 0.0365801 0.0230499 0.0144343
internal_weight=10800 441 338 269 103 81 10359 10266 2903 7363 2850 2081 1911 1854
internal_count=10800 441 338 269 103 81 10359 10266 2903 7363 2850 2081 1911 1854
is_linear=0
shrinkage=0.05


Tree=128
num_leaves=15
num_cat=0
split_feature=48 65 48 34 64 24 28 38 51 35 61 24 49 49
split_gain=836.561 1023.21 962.518 991.467 805.986 1250.75 868.676 1307.4 792.117 2922.85 2043 1300.65 2324.66 1690.66
threshold=23.625000000000004 79.608916500000007 23.375000000000004 21.927083333333336 274.73415650000004 285.31225600000005 21.212500000000002 81.875000000000014 2.5000000000000004 19.577083333333338 -0.93540483100319605 291.91166700000002 3.5000000000000004 3.5000000000000004
decision_type=2 2 2 2 2 2 2 2 2 2 2 2 2 2
left_child=2 -2 4 -4 8 -6 -7 -8 9 10 -1 13 -13 -10
right_child=1 -3 3 -5 5 6 7 -9 11 -11 -12 12 -14 -15
leaf_value=-0.51195658435198399 -0.017078425409928176 -0.32723131590457855 0.023577640709631587 0.32542547771464225 0.19154997478327612 -0.11321240660867521 -0.015766274485871045 0.25545033354428598 0.028612629588008962 -0.01015303858987498 -0.11892948199292996 0.047211222434837614 0.43868206437439361 -0.02884984123553222
leaf_weight=43 70 42 67 45 136 97 145 63 3068 4448 137 198 46 2195
leaf_count=43 70 42 67 45 136 97 145 63 3068 4448 137 198 46 2195
internal_value=7.82877e-05 -0.135252 0.00150894 0.146662 -4.19544e-05 0.0660509 0.00964748 0.0672103 -0.00292406 -0.0181701 -0.215129 0.00988943 0.122502 0.00464626
internal_weight=10800 112 10688 112 10576 441 305 208 10135 4628 180 5507 244 5263
internal_count=10800 112 10688 112 10576 441 305 208 10135 4628 180 5507 244 5263
is_linear=0
shrinkage=0.05


Tree=129
num_leaves=15
num_cat=0
split_feature=65 47 32 65 65 61 51 48 24 21 45 36 42 34
split_gain=785.001 1037.82 852.739 1486.81 2146.72 936.116 904.606 862.892 1863.12 2144.4 2169 1944.97 1270.68 1687.08
threshold=267.06350950000007 83.402343750000014 17.525000000000002 103.78458250000001 190.22173450000003 -0.72947329433276253 3.5000000000000004 4.3750000000000009 296.45735250000007 1.4305838189958214e-05 86.760416666666671 24.895182291666668 61.375000000000007 21.752083333333335
decision_type=2 2 2 2 2 2 2 2 2 2 2 2 2 2
left_child=2 -2 3 5 -5 -1 -6 8 9 10 -4 -10 -11 -14
right_child=1 -3 7 4 6 -7 -8 -9 11 12 -12 -13 13 -15
leaf_value=0.23874300116196623 0.032397092335084435 0.28967838143793551 0.20774023255828442 -0.49106471345464631 0.072180181924821965 -0.041647631730212228 -0.17247788266472097 -0.008225550673933912 0.36571075890535193 -0.064246782580107561 -0.062129395080884123 0.02302486126982542 0.0006585365979630939 0.2505265137658923
leaf_weight=42 905 40 236 40 58 96 105 7858 80 660 108 85 407 80
leaf_count=42 905 40 236 40 58 96 105 7858 80 660 108 85 407 80
internal_value=7.51481e-05 0.043582 -0.00410074 -0.0816712 -0.16744 0.0447923 -0.0855123 -0.00131218 0.0314781 0.0137778 0.123079 0.190378 -0.0190817 0.0421339
internal_weight=10800 945 9855 341 203 138 163 9514 1656 1491 344 165 1147 487
internal_count=10800 945 9855 341 203 138 163 9514 1656 1491 344 165 1147 487
is_linear=0
shrinkage=0.05


Tree=130
num_leaves=15
num_cat=0
split_feature=30 6 25 36 51 46 36 65 4 44 0 32 36 24
split_gain=775.684 845.568 2078.29 2868.19 1841.46 2880.89 3480.21 5090.06 4258.58 3447.26 3055.91 2568.07 2259.32 2578.61
threshold=16.025000000000002 24.000000000000004 110.83558801624868 25.055729166666669 1.5000000000000002 76.901041666666671 26.432291666666668 63.145266500000005 197.35418650000003 54.218750000000007 262.68540950000005 21.937500000000004 25.671614583333334 260.20689050000004
decision_type=2 2 2 2 2 2 2 2 2 2 2 2 2 2
left_child=-1 2 4 -4 12 6 7 -6 11 -10 -7 -9 13 -2
right_child=1 -3 3 -5 5 10 -8 8 9 -11 -12 -13 -14 -15
leaf_value=-0.14293041620601685 0.049318569523748017 -0.010917945192995174 -0.31826958967216107 0.038902696998429902 -0.0076580331233260471 0.0056541238954614112 -0.24517246769933868 0.24978580810229786 0.48507105387174171 0.02468374451681813 0.25603186105558962 0.62212978262378249 0.17951816949320751 -0.12997917061624875
leaf_weight=93 319 6084 106 118 280 2545 57 92 51 187 127 97 107 537
leaf_count=93 319 6084 106 118 280 2545 57 92 51 187 127 97 107 537
internal_value=7.43575e-05 0.00132972 0.0174469 -0.13078 0.0250227 0.0421468 0.127701 0.158067 0.266502 0.124955 0.0176459 0.443152 -0.0360569 -0.0631819
internal_weight=10800 10707 4623 224 4399 3436 764 707 427 238 2672 189 963 856
internal_count=10800 10707 4623 224 4399 3436 764 707 427 238 2672 189 963 856
is_linear=0
shrinkage=0.05


Tree=131
num_leaves=15
num_cat=0
split_feature=48 49 48 35 64 39 47 46 36 29 36 22 22 7
split_gain=747.733 921.926 888.054 885.326 716.809 1440.57 1527.94 1700.76 1413.44 1918.34 1691.06 2177.82 1866.97 1822.92
threshold=23.625000000000004 3.5000000000000004 23.375000000000004 22.271875000000001 226.75070750000003 66.875000000000014 77.423177083333357 89.296875000000014 19.526302083333338 19.812500000000004 21.399479166666669 133.54962194270834 135.20423319270836 105.13475800000002
decision_type=2 2 2 2 2 2 2 2 2 2 2 2 2 2
left_child=2 -2 4 -4 -1 -6 7 -7 -8 -10 -11 -12 -13 -14
right_child=1 -3 3 -5 5 6 8 -9 9 10 11 12 13 -15
leaf_value=-0.0069832874477400407 -0.25063475440327937 0.037593948719452847 0.02450779264464098 0.309781321818414 -0.18411877505481244 0.054214779012351666 0.16890786662697793 0.37742434417208037 -0.17951645373977954 0.19224969145594811 -0.23692935056984427 0.3154628423934287 -0.30622940025447559 0.027110247809608329
leaf_weight=8245 64 48 67 45 79 1358 87 41 191 97 104 46 47 281
leaf_count=8245 64 48 67 45 79 1358 87 41 191 97 104 46 47 281
internal_value=7.55287e-05 -0.127869 0.0014281 0.140854 -6.15987e-05 0.0244137 0.0318074 0.0639498 -0.0209222 -0.0426746 0.0030134 -0.0357093 0.0207276 -0.0214405
internal_weight=10800 112 10688 112 10576 2331 2252 1399 853 766 575 478 374 328
internal_count=10800 112 10688 112 10576 2331 2252 1399 853 766 575 478 374 328
is_linear=0
shrinkage=0.05


end of trees

feature_importances:
consumo_alvo_semana_anterior=270
temperatura_externa_c_media_1440m=176
origem_hora=108
consumo_max_1440m=101
umidade_relativa_pct_media_1440m=89
origem_hora_sin=77
temperatura_externa_c_lag_360m=68
consumo_mean_1440m=61
consumo_std_1440m=59
consumo_alvo_dia_anterior=55
origem_mes=50
temperatura_externa_c_media_360m=49
temperatura_externa_c_lag_1440m=38
consumo_std_360m=37
origem_dia_semana=35
umidade_relativa_pct_atual=34
temperatura_externa_c_media_180m=33
temperatura_externa_c_lag_720m=29
temperatura_externa_c_atual=26
umidade_relativa_pct_media_360m=26
consumo_lag_1440m=25
consumo_lag_10080m=25
temperatura_externa_c_lag_180m=25
umidade_relativa_pct_lag_720m=25
umidade_relativa_pct_lag_1440m=25
alvo_hora_cos=25
consumo_std_180m=24
umidade_relativa_pct_lag_360m=20
consumo_lag_30m=19
umidade_relativa_pct_media_180m=18
consumo_atual_kw=17
consumo_lag_720m=16
consumo_max_180m=16
alvo_hora_sin=13
temperatura_externa_c_media_60m=11
alvo_dia_semana=11
consumo_max_360m=10
umidade_relativa_pct_media_60m=10
alvo_hora=10
temperatura_externa_c_lag_15m=9
temperatura_externa_c_lag_60m=8
consumo_lag_360m=7
consumo_std_60m=7
consumo_mean_180m=7
origem_semana_cos=7
umidade_relativa_pct_lag_60m=6
consumo_max_60m=5
consumo_mean_360m=5
consumo_min_180m=4
umidade_relativa_pct_lag_180m=4
umidade_relativa_pct_lag_15m=3
consumo_lag_180m=2
origem_hora_cos=2
origem_semana_sin=2
consumo_lag_60m=1
consumo_lag_120m=1
consumo_min_360m=1
alvo_semana_cos=1

parameters:
[boosting: gbdt]
[objective: regression]
[metric: l1]
[tree_learner: serial]
[device_type: cpu]
[data_sample_strategy: bagging]
[data: ]
[valid: ]
[num_iterations: 400]
[learning_rate: 0.05]
[num_leaves: 15]
[num_threads: 2]
[seed: 20260905]
[deterministic: 1]
[force_col_wise: 1]
[force_row_wise: 0]
[histogram_pool_size: -1]
[max_depth: -1]
[min_data_in_leaf: 40]
[min_sum_hessian_in_leaf: 0.001]
[bagging_fraction: 1]
[pos_bagging_fraction: 1]
[neg_bagging_fraction: 1]
[bagging_freq: 0]
[bagging_seed: 23218]
[bagging_by_query: 0]
[feature_fraction: 1]
[feature_fraction_bynode: 1]
[feature_fraction_seed: 28090]
[extra_trees: 0]
[extra_seed: 14360]
[early_stopping_round: 0]
[early_stopping_min_delta: 0]
[first_metric_only: 0]
[max_delta_step: 0]
[lambda_l1: 0]
[lambda_l2: 1]
[linear_lambda: 0]
[min_gain_to_split: 0]
[drop_rate: 0.1]
[max_drop: 50]
[skip_drop: 0.5]
[xgboost_dart_mode: 0]
[uniform_drop: 0]
[drop_seed: 16970]
[top_rate: 0.2]
[other_rate: 0.1]
[min_data_per_group: 100]
[max_cat_threshold: 32]
[cat_l2: 10]
[cat_smooth: 10]
[max_cat_to_onehot: 4]
[top_k: 20]
[monotone_constraints: ]
[monotone_constraints_method: basic]
[monotone_penalty: 0]
[feature_contri: ]
[forcedsplits_filename: ]
[refit_decay_rate: 0.9]
[cegb_tradeoff: 1]
[cegb_penalty_split: 0]
[cegb_penalty_feature_lazy: ]
[cegb_penalty_feature_coupled: ]
[path_smooth: 0]
[interaction_constraints: ]
[verbosity: -1]
[saved_feature_importance_type: 0]
[use_quantized_grad: 0]
[num_grad_quant_bins: 4]
[quant_train_renew_leaf: 0]
[stochastic_rounding: 1]
[linear_tree: 0]
[max_bin: 255]
[max_bin_by_feature: ]
[min_data_in_bin: 3]
[bin_construct_sample_cnt: 200000]
[data_random_seed: 5037]
[is_enable_sparse: 1]
[enable_bundle: 1]
[use_missing: 1]
[zero_as_missing: 0]
[feature_pre_filter: 1]
[pre_partition: 0]
[two_round: 0]
[header: 0]
[label_column: ]
[weight_column: ]
[group_column: ]
[ignore_column: ]
[categorical_feature: ]
[forcedbins_filename: ]
[precise_float_parser: 0]
[parser_config_file: ]
[objective_seed: 15411]
[num_class: 1]
[is_unbalance: 0]
[scale_pos_weight: 1]
[sigmoid: 1]
[boost_from_average: 1]
[reg_sqrt: 0]
[alpha: 0.9]
[fair_c: 1]
[poisson_max_delta_step: 0.7]
[tweedie_variance_power: 1.5]
[lambdarank_truncation_level: 30]
[lambdarank_norm: 1]
[label_gain: ]
[lambdarank_position_bias_regularization: 0]
[eval_at: ]
[multi_error_top_k: 1]
[auc_mu_weights: ]
[num_machines: 1]
[local_listen_port: 12400]
[time_out: 120]
[machine_list_filename: ]
[machines: ]
[gpu_platform_id: -1]
[gpu_device_id: -1]
[gpu_device_id_list: ]
[gpu_use_dp: 0]
[num_gpu: 1]

end of parameters

pandas_categorical:[]
