tree
version=v4
num_class=1
num_tree_per_iteration=1
label_index=0
max_feature_idx=65
objective=regression
feature_names=consumo_atual_kw consumo_lag_15m consumo_lag_30m consumo_lag_60m consumo_lag_120m consumo_lag_180m consumo_lag_360m consumo_lag_720m consumo_lag_1440m consumo_lag_10080m consumo_mean_60m consumo_min_60m consumo_max_60m consumo_std_60m consumo_mean_180m consumo_min_180m consumo_max_180m consumo_std_180m consumo_mean_360m consumo_min_360m consumo_max_360m consumo_std_360m consumo_mean_1440m consumo_min_1440m consumo_max_1440m consumo_std_1440m temperatura_externa_c_atual temperatura_externa_c_lag_15m temperatura_externa_c_lag_60m temperatura_externa_c_lag_180m temperatura_externa_c_lag_360m temperatura_externa_c_lag_720m temperatura_externa_c_lag_1440m temperatura_externa_c_media_60m temperatura_externa_c_media_180m temperatura_externa_c_media_360m temperatura_externa_c_media_1440m umidade_relativa_pct_atual umidade_relativa_pct_lag_15m umidade_relativa_pct_lag_60m umidade_relativa_pct_lag_180m umidade_relativa_pct_lag_360m umidade_relativa_pct_lag_720m umidade_relativa_pct_lag_1440m umidade_relativa_pct_media_60m umidade_relativa_pct_media_180m umidade_relativa_pct_media_360m umidade_relativa_pct_media_1440m origem_hora origem_dia_semana origem_fim_de_semana origem_mes origem_hora_sin origem_hora_cos origem_semana_sin origem_semana_cos alvo_hora alvo_dia_semana alvo_fim_de_semana alvo_mes alvo_hora_sin alvo_hora_cos alvo_semana_sin alvo_semana_cos consumo_alvo_dia_anterior consumo_alvo_semana_anterior
feature_infos=[22.399999999999999:324.71375799999998] [22.399999999999999:324.71375799999998] [22.399999999999999:324.71375799999998] [22.399999999999999:324.71375799999998] [22.399999999999999:324.71375799999998] [22.399999999999999:324.71375799999998] [22.399999999999999:324.71375799999998] [22.399999999999999:324.71375799999998] [22.399999999999999:324.71375799999998] [22.399999999999999:324.71375799999998] [22.399999999999999:321.24876725000001] [22.399999999999999:318.278571] [22.399999999999999:324.71375799999998] [0:82.540869055199337] [22.399999999999999:313.28577408333337] [22.399999999999999:302.53573799999998] [22.399999999999999:324.71375799999998] [0:92.970139865692389] [22.399999999999999:295.13563500000004] [22.399999999999999:249.29458700000001] [22.399999999999999:324.71375799999998] [0:116.53386463160022] [23.200000000000003:159.49963871874999] none [25.600000000000001:324.71375799999998] [1.3929144002343703:128.71471884334804] [15:33.700000000000003] [15:33.700000000000003] [15:33.700000000000003] [15:33.700000000000003] [15:33.700000000000003] [15:33.700000000000003] [15:33.700000000000003] [15:33.4375] [15:32.71875] [15.333333333333334:31.620833333333334] [16.439843749999998:27.283072916666669] [31:98] [31:98] [31:98] [31:98] [31:98] [31:98] [31:98] [32.5:95.625] [33.666666666666664:95.083333333333329] [37.041666666666664:94] [59.309895833333336:91.638020833333329] [0:23.75] [0:6] [0:1] [1:4] [-1:1] [-1:1] [-0.97492791218182362:0.97492791218182362] [-0.90096886790241903:1] [0:23.75] [0:6] [0:1] [1:4] [-1:1] [-1:1] [-0.97492791218182362:0.97492791218182362] [-0.90096886790241903:1] [22.399999999999999:324.71375799999998] [22.399999999999999:324.71375799999998]
tree_sizes=1395 1415 1418 1419 1419 1417 1422 1418 1415 1419 1410 1415 1411 1419 1407 1407 1414 1414 1422 1416 1405 1413 1408 1418 1409 1423 1416 1404 1423 1425 1419 1420 1428 1419 1421 1433 1422 1424 1426 1434 1418 1431 1419 1441 1432 1426 1416 1418 1426 1429 1424 1436 1433 1414 1429 1428 1412 1431 1418 1413 1424 1422 1430 1423 1428 1416 1431 1431 1436 1436 1416 1443 1430 1450 1428 1425 1437 1434 1432 1430 1415 1419 1421 1444 1437 1420 1436 1442 1426 1424 1434 1427 1431 1433 1426 1439 1427 1439 1434 1437 1429 1432 1441 1430 1451 1436 1446 1437 1453 1437 1439 1439 1445 1426 1444 1421 1431 1425 1444 1429 1438

Tree=0
num_leaves=15
num_cat=0
split_feature=65 65 65 36 48 48 35 36 60 60 16 21 53 61
split_gain=8.95447e+07 9.45903e+06 3.44524e+06 311493 295311 211384 228001 165627 154675 113284 87575.7 78605.1 66649.6 44810.7
threshold=151.59140500000004 42.523274000000008 230.45112850000001 22.653776041666671 15.375000000000002 13.375000000000002 19.413020833333338 22.936588541666669 -0.8814490726585632 -0.8814490726585632 276.3691280000001 26.352298381090488 -0.81241147629688992 -0.68322629814330815
decision_type=2 2 2 2 2 2 2 2 2 2 2 2 2 2
left_child=1 -1 4 9 7 6 -4 11 -5 -3 -8 -2 -9 -10
right_child=2 3 5 8 -6 -7 10 12 13 -11 -12 -13 -14 -15
leaf_value=103.84776253325902 111.49898008255261 108.86095303272712 114.59363514229457 110.18305833629965 109.3444372082047 113.21652192270314 115.85008305052177 114.35364427577396 109.04025431144518 107.09556935451127 117.19489573246321 112.67232158728933 112.91861171247881 108.20508257031106
leaf_weight=5454 353 105 397 148 75 95 1690 116 219 645 170 271 466 596
leaf_count=5454 353 105 397 148 75 95 1690 116 219 645 170 271 466 596
internal_value=108.107 104.866 114.501 108.107 112.408 115.638 115.737 112.598 108.702 107.343 115.978 112.015 113.215 108.43
internal_weight=10800 7167 3633 1713 1281 2352 2257 1206 963 750 1860 624 582 815
internal_count=10800 7167 3633 1713 1281 2352 2257 1206 963 750 1860 624 582 815
is_linear=0
shrinkage=1


Tree=1
num_leaves=15
num_cat=0
split_feature=65 65 65 36 48 48 35 36 60 60 21 16 29 61
split_gain=8.08261e+07 8.53729e+06 3.10894e+06 281814 266511 190392 206982 153647 142135 101913 88297.8 70986.5 44499.8 41366.7
threshold=151.59140500000004 42.523274000000008 230.45112850000001 22.565625000000004 15.375000000000002 13.375000000000002 19.947395833333335 20.920312500000001 -0.8814490726585632 -0.8814490726585632 25.201832846893215 276.3691280000001 16.862500000000004 -0.68322629814330815
decision_type=2 2 2 2 2 2 2 2 2 2 2 2 2 2
left_child=1 -1 4 9 7 6 12 -2 -5 -3 -9 -8 -4 -10
right_child=2 3 5 8 -6 -7 11 10 13 -11 -12 -13 -14 -15
leaf_value=-4.0462996660297232 3.1281179547309876 0.70578253998642881 4.8874061221168157 1.9721817566553754 1.1763943838445765 4.8567220528920494 7.4028111506715222 4.0707767899513243 0.88681861683387653 -0.97817154921874216 5.0741764602330148 8.6361726638169323 6.5361650859377507 0.086890053662430328
leaf_weight=5454 247 104 62 149 75 95 1540 499 219 631 460 170 485 610
leaf_count=5454 247 104 62 149 75 95 1540 499 219 631 460 170 485 610
internal_value=0.000218856 -3.07933 6.07458 -4.67155e-05 4.08718 7.1548 7.24934 4.26707 0.555687 -0.739263 4.55686 7.5304 6.35855 0.299024
internal_weight=10800 7167 3633 1713 1281 2352 2257 1206 978 735 959 1710 547 829
internal_count=10800 7167 3633 1713 1281 2352 2257 1206 978 735 959 1710 547 829
is_linear=0
shrinkage=0.05


Tree=2
num_leaves=15
num_cat=0
split_feature=65 65 65 36 48 36 36 60 48 60 21 64 53 16
split_gain=7.29563e+07 7.70537e+06 2.80613e+06 254426 240480 177371 142370 136753 86458.6 78928.2 67855.3 65990.6 58222.7 50128.1
threshold=151.59140500000004 42.523274000000008 230.45112850000001 22.382291666666671 15.375000000000002 22.670312500000005 22.936588541666669 -0.8814490726585632 13.375000000000002 -0.8814490726585632 26.352298381090488 239.95697900000002 -0.81241147629688992 275.73192000000006
decision_type=2 2 2 2 2 2 2 2 2 2 2 2 2 2
left_child=1 -1 4 9 6 11 10 -5 13 -3 -2 -4 -8 -7
right_child=2 3 5 7 -6 8 12 -9 -10 -11 -12 -13 -14 -15
leaf_value=-3.8440219464463783 3.0364427768577968 0.59813365220631431 5.8185431084024568 1.8421806973218917 1.1183485733835321 7.1540232494332621 5.6858848832611351 0.25066110123854024 4.7338295346214663 -0.95602884818854583 4.1241264259113981 6.6851739278354119 4.3501951474959641 8.3201104634602867
leaf_weight=5454 353 94 485 159 75 1057 116 866 41 594 271 620 466 149
leaf_count=5454 353 94 485 159 75 1057 116 866 41 594 271 620 466 149
internal_value=0.00041331 -2.92537 5.77148 3.36165e-05 3.88334 6.79775 4.05423 0.499096 7.22419 -0.743127 3.51466 6.3104 4.62571 7.30487
internal_weight=10800 7167 3633 1713 1281 2352 1206 1025 1247 688 624 1105 582 1206
internal_count=10800 7167 3633 1713 1281 2352 1206 1025 1247 688 624 1105 582 1206
is_linear=0
shrinkage=0.05


Tree=3
num_leaves=15
num_cat=0
split_feature=65 65 65 26 48 30 48 36 36 16 21 60 61 60
split_gain=6.58592e+07 7.08104e+06 2.43469e+06 242492 188493 177183 174709 128002 124606 66177.4 64180.8 58285.9 56766.4 52176.8
threshold=156.28901650000003 42.523274000000008 228.38420300000004 27.012500000000003 13.375000000000002 19.012500000000003 15.375000000000002 20.920312500000001 21.705989583333338 275.73192000000006 25.201832846893215 -0.8814490726585632 -0.68322629814330815 -0.8814490726585632
decision_type=2 2 2 2 2 2 2 2 2 2 2 2 2 2
left_child=1 -1 6 8 5 -4 7 -2 13 -7 -9 -5 -10 -3
right_child=2 3 4 11 -6 9 -8 10 12 -11 -12 -13 -14 -15
leaf_value=-3.6518559474927588 2.7906807505394804 0.38690197571464213 5.6937589832093574 2.0774759022269662 4.2939993768368128 6.6781171204613861 1.0977858649359811 3.6880781363268369 0.73440668768417394 7.8712135501024196 4.5583831320868597 0.70594189059692347 -0.15871566523665981 -1.0966966925676835
leaf_weight=5454 241 68 520 126 105 1585 62 487 243 163 449 203 656 438
leaf_count=5454 241 68 520 126 105 1585 62 487 243 163 449 203 656 438
internal_value=0.000619179 -2.76712 5.50776 0.0161481 6.4465 6.54421 3.7061 3.84244 -0.270153 6.79381 4.10998 1.23591 0.0832434 -0.89695
internal_weight=10800 7188 3612 1734 2373 2268 1239 1177 1405 1748 936 329 899 506
internal_count=10800 7188 3612 1734 2373 2268 1239 1177 1405 1748 936 329 899 506
is_linear=0
shrinkage=0.05


Tree=4
num_leaves=15
num_cat=0
split_feature=65 65 65 36 48 48 35 36 60 60 36 21 53 36
split_gain=5.94457e+07 6.27532e+06 2.28596e+06 211533 191985 169839 165357 118602 105111 77175.8 63204.4 58242.8 41632.7 35419.5
threshold=151.59140500000004 42.523274000000008 228.38420300000004 22.653776041666671 15.375000000000002 13.375000000000002 21.171354166666671 22.936588541666669 -0.8814490726585632 -0.8814490726585632 18.666666666666668 26.352298381090488 -0.81241147629688992 23.992578124999998
decision_type=2 2 2 2 2 2 2 2 2 2 2 2 2 2
left_child=1 -1 4 9 7 6 10 11 -5 -3 -4 -2 -9 -10
right_child=2 3 5 8 -6 -7 -8 12 13 -11 -12 -13 -14 -15
leaf_value=-3.4692966466076762 2.7025185741929931 0.62318454354931163 4.2996872217514932 1.7111185998724612 1.0146501574861375 4.0813248922240062 6.6372075695143016 5.1039149960604586 -0.091597735896209884 -0.83393506071221768 5.8616594794787344 3.7161608190464799 3.9349067456794509 0.56932211024602419
leaf_weight=5454 350 105 84 148 75 105 1196 109 374 645 988 265 461 441
leaf_count=5454 350 105 84 148 75 105 1196 109 374 645 988 265 461 441
internal_value=0.000753311 -2.64027 5.21012 -0.000243054 3.48418 6.12469 6.21745 3.63949 0.489884 -0.62938 5.74339 3.14461 4.167 0.266288
internal_weight=10800 7167 3633 1713 1260 2373 2268 1185 963 750 1072 615 570 815
internal_count=10800 7167 3633 1713 1260 2373 2268 1185 963 750 1072 615 570 815
is_linear=0
shrinkage=0.05


Tree=5
num_leaves=15
num_cat=0
split_feature=65 65 65 26 48 36 36 36 48 53 64 64 60 60
split_gain=5.36614e+07 5.76684e+06 1.98293e+06 203855 144480 139277 112555 107898 61851.5 59066.1 52009.8 49962.3 43154.2 42357
threshold=156.28901650000003 42.523274000000008 230.45112850000001 27.512500000000003 15.375000000000002 22.670312500000005 20.920312500000001 21.705989583333338 13.375000000000002 -0.81241147629688992 239.95697900000002 119.94817800000001 -0.8814490726585632 -0.8814490726585632
decision_type=2 2 2 2 2 2 2 2 2 2 2 2 2 2
left_child=1 -1 4 7 6 10 -2 12 -7 -8 -4 -9 -3 -5
right_child=2 3 5 13 -6 8 9 11 -10 -11 -12 -13 -14 -15
leaf_value=-3.2958635046632874 2.5141792922850081 0.34012098925454276 4.966116097532673 1.9338542409737904 0.99384056934052056 6.2753051915836418 4.5671506687919088 -0.28405257018997226 4.0939779735746837 3.5303329004924331 5.7301602749048994 0.44784456463712408 -1.000787754318887 0.71009216401098152
leaf_weight=5454 246 69 485 119 62 1206 186 458 41 766 620 473 438 177
leaf_count=5454 246 69 485 119 62 1206 186 458 41 766 620 473 438 177
internal_value=0.000881722 -2.49744 4.97195 0.0143053 3.36672 5.83009 3.48859 -0.231855 6.20692 3.73748 5.3996 0.0878736 -0.817987 1.20693
internal_weight=10800 7188 3612 1734 1260 2352 1198 1438 1247 952 1105 931 507 296
internal_count=10800 7188 3612 1734 1260 2352 1198 1438 1247 952 1105 931 507 296
is_linear=0
shrinkage=0.05


Tree=6
num_leaves=15
num_cat=0
split_feature=65 65 65 26 48 35 48 36 26 48 16 21 65 60
split_gain=4.84357e+07 5.20488e+06 1.79032e+06 184284 142992 143663 128139 99435.5 96043.3 67917.6 64921.8 51018.3 50731.9 43056.4
threshold=156.28901650000003 42.523274000000008 228.38420300000004 27.012500000000003 13.375000000000002 19.413020833333338 15.375000000000002 20.920312500000001 20.512500000000003 16.375000000000004 269.10224250000005 25.201832846893215 90.634957500000013 -0.8814490726585632
decision_type=2 2 2 2 2 2 2 2 2 2 2 2 2 2
left_child=1 -1 6 8 5 -4 7 -2 -3 12 -7 -9 -10 -5
right_child=2 3 4 13 -6 10 -8 11 9 -11 -12 -13 -14 -15
leaf_value=-3.1311006996721225 2.3697665896297488 -0.86911015749066367 4.7157396121512631 1.8003587054455374 3.6563415077497377 5.6331462167465922 0.94493730919553887 3.1564565718112911 -0.42821436765648074 -0.46680812047211229 6.4269644374169674 3.929763746685452 0.64524963876401842 0.62137920456554963
leaf_weight=5454 241 419 400 126 105 1475 62 487 146 401 393 449 439 203
leaf_count=5454 241 419 400 126 105 1475 62 487 146 401 393 449 439 203
internal_value=0.000983468 -2.37258 4.7238 0.0136519 5.52878 5.61382 3.17884 3.29561 -0.235932 0.0337441 5.8035 3.53121 0.377069 1.07699
internal_weight=10800 7188 3612 1734 2373 2268 1239 1177 1405 986 1868 936 585 329
internal_count=10800 7188 3612 1734 2373 2268 1239 1177 1405 986 1868 936 585 329
is_linear=0
shrinkage=0.05


Tree=7
num_leaves=15
num_cat=0
split_feature=65 65 65 36 48 48 35 36 60 21 16 36 29 60
split_gain=4.37196e+07 4.61229e+06 1.68079e+06 162005 140808 128845 130176 97330.5 97137.6 49364.7 47237.7 46332.1 41190.3 34857.5
threshold=151.59140500000004 42.523274000000008 228.38420300000004 21.705989583333338 15.375000000000002 13.375000000000002 20.281250000000004 22.936588541666669 -0.8814490726585632 26.352298381090488 276.3691280000001 23.992578124999998 16.862500000000004 -0.8814490726585632
decision_type=2 2 2 2 2 2 2 2 2 2 2 2 2 2
left_child=1 -1 4 13 7 6 12 9 -5 -2 -8 -10 -4 -3
right_child=2 3 5 8 -6 -7 10 -9 11 -11 -12 -13 -14 -15
leaf_value=-2.9745742232814827 2.2696593314154536 0.32959639329176688 3.3924557156032993 1.3503839526992096 0.87358618159043167 3.4752491339197698 5.4852580018277131 3.5985593174468407 -0.1736654345684974 3.1985000395237058 6.4733385063881101 0.50515369025408818 4.8706215927523715 -0.91527612090161803
leaf_weight=5454 350 64 62 189 75 105 1387 570 582 265 171 441 648 437
leaf_count=5454 350 64 62 189 75 105 1387 570 582 265 171 441 648 437
internal_value=0.00106866 -2.26383 4.46855 -0.000503642 2.9886 5.25277 5.3335 3.12161 0.312122 2.67443 5.59779 0.119171 4.7465 -0.755911
internal_weight=10800 7167 3633 1713 1260 2373 2268 1185 1212 615 1558 1023 710 501
internal_count=10800 7167 3633 1713 1260 2373 2268 1185 1212 615 1558 1023 710 501
is_linear=0
shrinkage=0.05


Tree=8
num_leaves=15
num_cat=0
split_feature=65 65 65 26 36 21 48 26 31 16 48 26 65 60
split_gain=3.94655e+07 4.23867e+06 1.45796e+06 155629 113170 111014 94972.9 82988.6 80458.4 58343.2 55742.7 51195.2 44976.1 31278
threshold=156.28901650000003 42.523274000000008 230.45112850000001 27.512500000000003 20.53151041666667 25.201832846893215 13.375000000000002 20.512500000000003 21.862500000000004 269.10224250000005 16.375000000000004 20.487500000000004 90.634957500000013 -0.8814490726585632
decision_type=2 2 2 2 2 2 2 2 2 2 2 2 2 2
left_child=1 -1 5 7 -4 8 9 -3 -2 -6 12 -7 -9 -5
right_child=2 3 4 13 6 11 -8 10 -10 -11 -12 -13 -14 -15
leaf_value=-2.825872926510987 1.8133928955205389 -0.79450297329131336 4.1054340931306399 1.6788186359157167 5.0654214098788826 2.2803220860501554 3.4484024416316639 -0.40927272581470175 2.9246729027701286 5.808781886889431 -0.4022031593925558 3.6111076632074752 0.59468959188968928 0.62697604919438454
leaf_weight=5454 295 419 331 119 1542 93 87 147 386 392 418 486 454 177
leaf_count=5454 295 419 331 119 1542 93 87 147 386 392 418 486 454 177
internal_value=0.00116218 -2.14137 4.26428 0.0120213 5.00011 2.88784 5.14454 -0.20306 2.44665 5.21902 0.0406748 3.40165 0.348856 1.05407
internal_weight=10800 7188 3612 1734 2352 1260 2021 1438 681 1934 1019 579 601 296
internal_count=10800 7188 3612 1734 2352 1260 2021 1438 681 1934 1019 579 601 296
is_linear=0
shrinkage=0.05


Tree=9
num_leaves=15
num_cat=0
split_feature=65 65 65 25 36 48 48 53 36 16 33 53 48 65
split_gain=3.56225e+07 3.82558e+06 1.31668e+06 146050 106068 100255 94931.4 81002.9 80447.9 53599.1 50324.9 39728.9 30867.7 28745.5
threshold=156.28901650000003 42.523274000000008 228.38420300000004 104.33527907377577 20.53151041666667 15.375000000000002 13.375000000000002 -0.41248606129204529 20.920312500000001 269.10224250000005 21.003125000000004 -0.81241147629688992 16.375000000000004 205.14259650000002
decision_type=2 2 2 2 2 2 2 2 2 2 2 2 2 2
left_child=1 -1 5 10 -4 8 9 -5 13 -6 -3 -10 -12 -2
right_child=2 3 4 7 6 -7 -8 -9 11 -11 12 -13 -14 -15
leaf_value=-2.6846051117698608 1.5232780333582339 -0.74644982212039679 3.8839825287770804 1.4217379332763223 4.8115842316244439 0.75244966034614857 3.2600383648119475 0.2266963385588964 3.7387247959328764 5.5220001230385103 0.26220989896587155 2.8729716539618528 -0.46073886391160823 2.6585236163139343
leaf_weight=5454 142 461 336 202 1550 62 94 472 178 393 339 758 260 99
leaf_count=5454 142 461 336 202 1550 62 94 472 178 393 339 758 260 99
internal_value=0.00123152 -2.03431 4.05147 0.0114576 4.7418 2.72653 4.88132 0.58643 2.82979 4.95804 -0.354346 3.04143 -0.0518358 1.99868
internal_weight=10800 7188 3612 1734 2373 1239 2037 674 1177 1943 1060 936 599 241
internal_count=10800 7188 3612 1734 2373 1239 2037 674 1177 1943 1060 936 599 241
is_linear=0
shrinkage=0.05


Tree=10
num_leaves=15
num_cat=0
split_feature=65 65 65 25 48 36 53 36 48 36 48 36 16 21
split_gain=3.21546e+07 3.38989e+06 1.23594e+06 127013 109059 98635.8 89394 79079.4 45884.7 42933.3 42490.2 39609.2 36710.3 35521.9
threshold=151.59140500000004 42.523274000000008 228.38420300000004 101.96575634550636 15.375000000000002 22.670312500000005 -0.41248606129204529 22.936588541666669 13.375000000000002 18.666666666666668 13.375000000000002 18.666666666666668 281.03721150000007 26.352298381090488
decision_type=2 2 2 2 2 2 2 2 2 2 2 2 2 2
left_child=1 -1 4 -3 7 9 -5 11 12 -4 -11 -2 -7 -13
right_child=2 3 5 6 -6 8 -8 -9 -10 10 -12 13 -14 -15
leaf_value=-2.550399486356433 0.85967140570282941 -0.47238237287165347 2.9943732733013988 1.1714362334121358 0.70336027804173928 4.7891569229207427 0.085427320373824417 3.1098064350632986 3.1522362311681111 4.3201738373226162 2.8015016923870957 2.0349316412651981 5.9668648317125115 2.857122327447907
leaf_weight=5454 47 778 86 263 75 1123 672 570 47 972 56 323 89 245
leaf_count=5454 47 778 86 263 75 1123 672 570 47 972 56 323 89 245
internal_value=0.00129511 -1.94108 3.8326 -0.000720021 2.56351 4.50508 0.391829 2.68055 4.81852 4.14684 4.24025 2.2783 4.88049 2.39397
internal_weight=10800 7167 3633 1713 1260 2373 935 1185 1259 1114 1028 615 1212 568
internal_count=10800 7167 3633 1713 1260 2373 935 1185 1259 1114 1028 615 1212 568
is_linear=0
shrinkage=0.05


Tree=11
num_leaves=15
num_cat=0
split_feature=65 65 65 26 30 36 48 36 16 21 53 48 10 65
split_gain=2.90264e+07 3.2288e+06 987093 130879 89063.6 78044 74283 72270.9 43343.7 38792 37813.2 35294 29500.3 28920.4
threshold=162.54738350000002 42.523274000000008 230.45112850000001 27.512500000000003 19.012500000000003 22.936588541666669 13.375000000000002 21.705989583333338 277.29195150000004 26.352298381090488 -0.81241147629688992 16.375000000000004 230.79898775000004 90.634957500000013
decision_type=2 2 2 2 2 2 2 2 2 2 2 2 2 2
left_child=1 -1 5 7 -4 9 8 12 -6 -2 -7 13 -3 -9
right_child=2 3 4 -5 6 10 -8 11 -10 -11 -12 -13 -14 -15
leaf_value=-2.4229028740593539 1.8006383457451418 -0.83851100403079648 3.693751046347753 0.97434376777684106 4.4472157025902757 3.7914674742609011 2.9193275928497315 -0.30826698724530488 5.4476886749267583 2.6046546945677083 2.7395125744238076 -0.34290031988185626 0.084111838858272586 0.48604876701636074
leaf_weight=5454 371 404 530 304 1601 116 82 148 139 271 460 312 110 498
leaf_count=5454 371 404 530 304 1601 116 82 148 139 271 460 312 110 498
internal_value=0.00137769 -1.82004 3.68962 0.0316224 4.28848 2.53062 4.45936 -0.163599 4.53022 2.14355 2.95757 0.0930957 -0.641283 0.303874
internal_weight=10800 7230 3570 1776 2352 1218 1822 1472 1740 642 576 958 514 646
internal_count=10800 7230 3570 1776 2352 1218 1822 1472 1740 642 576 958 514 646
is_linear=0
shrinkage=0.05


Tree=12
num_leaves=15
num_cat=0
split_feature=65 65 65 36 48 36 36 60 60 36 48 48 21 16
split_gain=2.62045e+07 2.75927e+06 1.00609e+06 108202 92471.3 83127.6 65383.7 45630.6 41844.6 37627 37308.6 35417.3 33164.4 31244.6
threshold=151.59140500000004 42.523274000000008 228.38420300000004 23.192187500000003 15.375000000000002 22.670312500000005 20.920312500000001 -0.8814490726585632 -0.8814490726585632 18.666666666666668 13.375000000000002 13.375000000000002 25.201832846893215 281.03721150000007
decision_type=2 2 2 2 2 2 2 2 2 2 2 2 2 2
left_child=1 -1 4 7 6 9 -2 -3 -5 -4 13 -11 -8 -7
right_child=2 3 5 8 -6 10 12 -9 -10 11 -12 -13 -14 -15
leaf_value=-2.3017798337578008 1.6764080557926204 0.51224857050127215 2.6650625930435359 1.3536609022902406 0.603054121597425 4.326320528899223 2.315886362941578 -0.45959078754186972 0.30785527344495578 3.8984304561399363 2.851205698649089 2.5142633044928839 2.9328685666223371 5.408270717196995
leaf_weight=5454 242 139 86 114 75 1123 494 885 575 972 47 56 449 89
leaf_count=5454 242 139 86 114 75 1123 494 885 575 972 47 56 449 89
internal_value=0.00142493 -1.75205 3.46012 -0.00145099 2.31511 4.06686 2.42287 -0.3273 0.482602 3.73843 4.35428 3.82555 2.61245 4.41016
internal_weight=10800 7167 3633 1713 1260 2373 1185 1024 689 1114 1259 1028 943 1212
internal_count=10800 7167 3633 1713 1260 2373 1185 1024 689 1114 1259 1028 943 1212
is_linear=0
shrinkage=0.05


Tree=13
num_leaves=15
num_cat=0
split_feature=65 65 65 24 30 36 48 53 16 21 60 53 36 31
split_gain=2.36557e+07 2.62933e+06 803199 109728 75277.8 67007.6 60040.1 53955.6 36957.4 35524.9 35387.7 34769.6 28111.5 26994.2
threshold=162.54738350000002 63.145266500000005 230.45112850000001 274.28284400000007 19.012500000000003 23.024739583333339 13.375000000000002 -0.41248606129204529 275.73192000000006 26.352298381090488 -0.8814490726585632 -0.81241147629688992 20.950520833333336 19.412500000000005
decision_type=2 2 2 2 2 2 2 2 2 2 2 2 2 2
left_child=1 -1 5 10 -4 9 8 -5 -6 13 -3 -7 -12 -2
right_child=2 3 4 7 6 11 -8 -9 -10 -11 12 -13 -14 -15
leaf_value=-2.1823741753954118 0.90077289602189681 0.42671741921428252 3.3252906687964607 1.0508062360449271 4.0091555851482763 3.5116993333612174 2.6430052343621315 0.17684382792737574 4.8685782450108448 2.3653156950708905 -0.79710066834036608 2.4847889041684383 -0.2029258583833996 1.8694338615649919
leaf_weight=5476 101 140 530 274 1578 111 82 495 162 288 321 440 524 278
leaf_count=5476 101 140 530 274 1578 111 82 495 162 288 321 440 524 278
internal_value=0.00148603 -1.64282 3.33107 0.0419663 3.87129 2.28559 4.0282 0.489203 4.09192 1.94166 -0.307338 2.69765 -0.429317 1.61434
internal_weight=10800 7230 3570 1754 2352 1218 1822 769 1740 667 985 551 845 379
internal_count=10800 7230 3570 1754 2352 1218 1822 769 1740 667 985 551 845 379
is_linear=0
shrinkage=0.05


Tree=14
num_leaves=15
num_cat=0
split_feature=65 65 65 25 36 48 26 48 53 26 26 26 15 31
split_gain=2.13534e+07 2.29024e+06 787582 99273.8 71577.5 68323 67223.2 56279.9 54054.9 47865.9 44580.4 35744 30842.1 22628.3
threshold=156.28901650000003 42.523274000000008 228.38420300000004 104.33527907377577 20.53151041666667 14.375000000000002 20.987500000000004 13.375000000000002 -0.41248606129204529 26.687500000000004 22.487500000000004 19.012500000000003 215.93381050000002 19.412500000000005
decision_type=2 2 2 2 2 2 2 2 2 2 2 2 2 2
left_child=1 -1 5 11 -4 6 13 10 -5 -7 -6 -3 -8 -2
right_child=2 3 4 8 7 9 12 -9 -10 -11 -12 -13 -14 -15
leaf_value=-2.0776132476974474 1.0170855058765993 -0.83288595875678206 2.9697502144720151 1.1648271890146098 3.550399151075454 0.94087015098959048 2.5706967600917454 2.5362917330390529 0.1885897845803636 2.0956179471918057 4.0646916868460128 -0.1369163464460956 4.0598176304886984 2.0081941156305816
leaf_weight=5454 81 237 336 202 839 180 521 94 472 184 1104 823 40 233
leaf_count=5454 81 237 336 202 839 180 521 94 472 184 1104 823 40 233
internal_value=0.00152498 -1.57446 3.13735 0.00842476 3.67126 2.11263 2.35351 3.78546 0.482464 1.52873 3.84456 -0.293163 2.68391 1.75657
internal_weight=10800 7188 3612 1734 2373 1239 875 2037 674 364 1943 1060 561 314
internal_count=10800 7188 3612 1734 2373 1239 875 2037 674 364 1943 1060 561 314
is_linear=0
shrinkage=0.05


Tree=15
num_leaves=15
num_cat=0
split_feature=65 65 65 0 26 48 36 36 21 16 64 30 31 24
split_gain=1.92786e+07 2.14159e+06 653206 95846.8 66982.6 65254.6 60881.4 56681.8 47498 29470.4 27637.4 25232.8 23813.3 19028.9
threshold=162.54738350000002 63.145266500000005 230.45112850000001 267.1966680000001 20.487500000000004 13.375000000000002 21.705989583333338 23.762239583333336 26.352298381090488 281.03721150000007 202.14491250000003 17.012500000000003 19.812500000000004 247.91118100000003
decision_type=2 2 2 2 2 2 2 2 2 2 2 2 2 2
left_child=1 -1 7 6 11 9 -3 8 12 -6 -8 -4 13 -2
right_child=2 3 4 -5 5 -7 10 -9 -10 -11 -12 -13 -14 -15
leaf_value=-1.9697899615065948 0.080353622138500225 -0.56120385794841798 2.1809247292412652 1.0037052156669755 3.665560552271137 2.3299649842083454 -0.050250357455965268 2.5722287106823614 2.2588200385127566 4.6489305178324383 0.51918851028517332 3.1549919843673706 1.6852566354988026 1.4081582730816258
leaf_weight=5476 48 492 89 223 1585 95 741 384 365 95 298 488 360 61
leaf_count=5476 48 492 89 223 1585 95 741 384 365 95 298 488 360 61
internal_value=0.00156029 -1.48284 3.00736 0.0376684 3.49453 3.65065 -0.103604 2.06453 1.82796 3.7239 0.113415 3.00878 1.48855 0.829483
internal_weight=10800 7230 3570 1754 2352 1775 1531 1218 834 1680 1039 577 469 109
internal_count=10800 7230 3570 1754 2352 1775 1531 1218 834 1680 1039 577 469 109
is_linear=0
shrinkage=0.05


Tree=16
num_leaves=15
num_cat=0
split_feature=65 65 65 26 48 48 33 36 60 44 31 16 48 30
split_gain=1.74051e+07 1.83099e+06 667594 79963.7 66166.3 64496.5 75951.5 55549.8 47106.6 31614.5 30960.2 27980.8 24320.2 23584.2
threshold=151.59140500000004 42.523274000000008 224.68805500000005 21.162500000000005 15.375000000000002 13.375000000000002 20.693750000000005 20.920312500000001 -0.8814490726585632 47.843750000000007 21.112500000000004 281.03721150000007 14.375000000000002 16.862500000000004
decision_type=2 2 2 2 2 2 2 2 2 2 2 2 2 2
left_child=1 -1 4 -3 7 6 13 -2 -5 -9 -10 -8 -11 -4
right_child=2 3 5 8 -6 -7 11 9 10 12 -12 -13 -14 -15
leaf_value=-1.8752802743745658 1.2461102366644381 -0.48980284770789906 1.949937090233191 0.8898608446722609 0.41834822352975609 2.1381850500244739 3.4938268542132258 2.9346820343912174 -0.22417333016185281 2.1657729563340427 0.35338796133862133 4.44098762590058 1.4847536889712016 3.0057110676842353
leaf_weight=5454 226 562 66 222 75 120 1513 112 439 626 490 97 179 619
leaf_count=5454 226 562 66 222 75 120 1513 112 439 626 490 97 179 619
internal_value=0.00158845 -1.42747 2.82038 -0.00142521 1.86339 3.30206 3.36196 1.95776 0.237254 2.13161 0.0805131 3.55361 2.01637 2.90698
internal_weight=10800 7167 3633 1713 1218 2415 2295 1143 1151 917 929 1610 805 685
internal_count=10800 7167 3633 1713 1218 2415 2295 1143 1151 917 929 1610 805 685
is_linear=0
shrinkage=0.05


Tree=17
num_leaves=15
num_cat=0
split_feature=65 65 65 26 36 48 26 36 44 34 48 48 28 60
split_gain=1.57135e+07 1.77445e+06 508750 96443.1 58089.2 54308.7 55972.1 45604.3 29150 26147.6 25494.2 24676.5 23587.3 20438.9
threshold=164.23137800000003 63.145266500000005 230.45112850000001 27.512500000000003 22.936588541666669 14.375000000000002 22.237500000000004 20.950520833333336 55.468750000000007 18.30104166666667 16.375000000000004 13.375000000000002 17.225000000000005 -0.8814490726585632
decision_type=2 2 2 2 2 2 2 2 2 2 2 2 2 2
left_child=1 -1 5 7 9 6 12 -3 -7 -4 -9 -11 -2 -5
right_child=2 3 4 13 -6 8 -8 10 -10 11 -12 -13 -14 -15
leaf_value=-1.7778941350526698 0.57337081748105234 -0.5869439007951901 2.2917693092978211 1.284105454342706 3.4220084172908845 1.9652218343382299 2.5609390357489228 0.21371782532392652 0.96228685487400412 3.0618840657211619 -0.30535716760615017 1.9170344474022849 1.8420566955517079 0.47118373622521342
leaf_weight=5476 41 397 168 139 1123 114 371 708 208 1005 354 56 463 177
leaf_count=5476 41 397 168 139 1123 114 371 708 208 1005 354 56 463 177
internal_value=0.00161061 -1.33265 2.72726 0.041197 3.15477 1.8853 2.09071 -0.130465 1.32235 2.908 0.0405683 3.00332 1.74019 0.831689
internal_weight=10800 7251 3549 1775 2352 1197 875 1459 322 1229 1062 1061 504 316
internal_count=10800 7251 3549 1775 2352 1197 875 1459 322 1229 1062 1061 504 316
is_linear=0
shrinkage=0.05


Tree=18
num_leaves=15
num_cat=0
split_feature=65 65 65 25 31 48 26 21 53 36 26 48 17 16
split_gain=1.41844e+07 1.49164e+06 544165 69518.6 55054.3 54601.4 66021.3 38392.8 33975 26472.8 26195.7 23817.1 22019.7 20777.8
threshold=151.59140500000004 42.523274000000008 224.68805500000005 104.33527907377577 19.412500000000005 13.375000000000002 22.487500000000004 25.760732300863591 -0.41248606129204529 19.691927083333336 20.762500000000003 15.375000000000002 22.710829558533828 285.75061850000003
decision_type=2 2 2 2 2 2 2 2 2 2 2 2 2 2
left_child=1 -1 4 10 12 6 9 11 -5 -4 -3 -6 -2 -8
right_child=2 3 5 8 7 -7 13 -9 -10 -11 -12 -13 -14 -15
leaf_value=-1.6926549913247282 -0.035269769265296617 -0.57219866684670406 2.0310867812689835 0.95297380502598417 1.6718326464678874 1.9115568266427223 3.2488494779028585 2.2074272335148772 0.16793039297463763 2.840629904888563 -0.058008494329461729 0.56672555088464704 1.2052608933392914 4.3530373326054326
leaf_weight=5454 46 401 126 194 543 120 1130 415 472 986 646 55 159 53
leaf_count=5454 46 401 126 194 543 120 1130 415 472 986 646 55 159 53
internal_value=0.0016129 -1.28847 2.54627 -0.00133862 1.68227 2.98115 3.03622 1.83383 0.397693 2.75081 -0.255301 1.57131 0.928078 3.30195
internal_weight=10800 7167 3633 1713 1218 2415 2295 1013 666 1112 1047 598 205 1183
internal_count=10800 7167 3633 1713 1218 2415 2295 1013 666 1112 1047 598 205 1183
is_linear=0
shrinkage=0.05


Tree=19
num_leaves=15
num_cat=0
split_feature=65 65 65 33 30 48 26 48 36 16 61 38 65 33
split_gain=1.28067e+07 1.44519e+06 414075 84395.3 51084.8 41804.4 47793.2 39699.2 35357.1 27470.3 26996.8 26268.4 20313.2 20119.7
threshold=164.23137800000003 42.523274000000008 228.38420300000004 27.256250000000005 19.012500000000003 14.375000000000002 22.237500000000004 13.375000000000002 21.705989583333338 275.73192000000006 -0.72947329433276253 55.625000000000007 115.95147100000001 17.231250000000003
decision_type=2 2 2 2 2 2 2 2 2 2 2 2 2 2
left_child=1 -1 5 8 -4 6 13 9 -3 -6 -10 -7 -5 -2
right_child=2 3 4 12 7 11 -8 -9 10 -11 -12 -13 -14 -15
leaf_value=-1.6080378232233903 0.48908933456553971 -0.47342336029527976 2.3987619633105264 0.37905906835769859 2.9548857873355008 1.803300292161496 2.316457070303227 1.9066772853935161 0.49783747684812019 3.6784625972189553 -0.11934960093679377 0.84897222260149519 1.137746646538804 1.6471517216740992
leaf_weight=5454 42 521 535 205 1585 114 361 90 239 163 676 204 156 455
leaf_count=5454 42 521 535 205 1585 114 361 90 239 163 676 204 156 455
internal_value=0.00161925 -1.20292 2.46227 0.0268447 2.84286 1.69253 1.87508 2.97076 -0.145056 3.02442 0.0422285 1.19567 0.70915 1.55047
internal_weight=10800 7251 3549 1797 2373 1176 858 1838 1436 1748 915 318 361 497
internal_count=10800 7251 3549 1797 2373 1176 858 1838 1436 1748 915 318 361 497
is_linear=0
shrinkage=0.05


Tree=20
num_leaves=15
num_cat=0
split_feature=65 65 65 24 48 36 35 53 26 48 36 48 16 48
split_gain=1.15626e+07 1.16838e+06 477873 62815.6 58377.7 46872.9 45043.5 26859.2 26440.3 26367.4 23651.8 20453.8 20961.1 18607.6
threshold=147.19120800000005 42.523274000000008 224.68805500000005 274.28284400000007 15.375000000000002 22.670312500000005 19.99635416666667 -0.41248606129204529 29.475000000000005 14.375000000000002 18.666666666666668 13.375000000000002 282.20391600000005 13.375000000000002
decision_type=2 2 2 2 2 2 2 2 2 2 2 2 2 2
left_child=1 -1 4 -3 6 10 -2 -5 9 -8 -4 12 -7 -12
right_child=2 3 5 7 -6 11 8 -9 -10 -11 13 -13 -14 -15
leaf_value=-1.5276506649125725 0.95037044865929576 -0.28870433095130416 1.6263587431961231 0.75758309991167649 0.29930545972640982 2.8825704518319668 1.811269150729907 0.11609393260601644 2.4434880798451668 1.1644501543780255 2.5723935481564735 1.8642045958986824 3.7472796418450098 1.641471458031581
leaf_weight=5454 229 934 88 243 96 1138 589 494 120 226 986 52 87 64
leaf_count=5454 229 934 88 243 96 1138 589 494 120 226 986 52 87 64
internal_value=0.00162095 -1.1733 2.27923 -0.0165202 1.48791 2.69131 1.5856 0.328343 1.74 1.63355 2.44986 2.90439 2.94699 2.51727
internal_weight=10800 7125 3675 1671 1260 2415 1164 737 935 815 1138 1277 1225 1050
internal_count=10800 7125 3675 1671 1260 2415 1164 737 935 815 1138 1277 1225 1050
is_linear=0
shrinkage=0.05


Tree=21
num_leaves=15
num_cat=0
split_feature=65 65 65 0 26 64 36 48 36 21 10 61 30 37
split_gain=1.04409e+07 1.17635e+06 336521 71085.8 45565.7 40249.6 39169.9 37062.6 31175.5 28467 20401.5 19842 15587.9 14736.9
threshold=164.23137800000003 63.145266500000005 230.45112850000001 267.1966680000001 20.487500000000004 229.83104350000002 21.44166666666667 13.375000000000002 18.666666666666668 27.029344457641361 256.38992450000006 -0.68322629814330815 16.025000000000002 52.125000000000007
decision_type=2 2 2 2 2 2 2 2 2 2 2 2 2 2
left_child=1 -1 5 6 12 8 -3 10 -2 -10 -6 -8 -4 -5
right_child=2 3 4 13 7 -7 11 -9 9 -11 -12 -13 -14 -15
leaf_value=-1.4484992187574264 0.21513823273032903 -0.47227719224510845 1.330209583895547 1.2950625916468164 2.6379502241318953 2.5539872698161914 0.44910206871756009 1.70523185338825 1.2933592573312795 1.8308368914532214 3.0563567653912527 -0.048174085702211628 2.2595223823423369 0.49118542429059747
leaf_weight=5476 49 468 55 101 1220 91 266 95 634 423 460 806 522 134
leaf_count=5476 49 468 55 101 1220 91 266 95 634 423 460 806 522 134
internal_value=0.00163277 -1.08597 2.22342 0.0326251 2.57112 1.53863 -0.0911514 2.69911 1.45286 1.50998 2.75426 0.0755208 2.17339 0.840705
internal_weight=10800 7251 3549 1775 2352 1197 1540 1775 1106 1057 1680 1072 577 235
internal_count=10800 7251 3549 1775 2352 1197 1540 1775 1106 1057 1680 1072 577 235
is_linear=0
shrinkage=0.05


Tree=22
num_leaves=15
num_cat=0
split_feature=65 65 65 26 48 31 36 60 48 26 48 46 24 7
split_gain=9.42457e+06 951358 389121 54154.3 49043.5 41217.4 39068.3 28601.6 24867.2 31980.5 22352.1 23838.9 21100.1 17771.2
threshold=147.19120800000005 42.523274000000008 224.68805500000005 21.162500000000005 15.375000000000002 19.912500000000005 22.925260416666671 -0.8814490726585632 13.375000000000002 22.487500000000004 9.3750000000000018 48.302083333333336 247.91118100000003 177.27537750000002
decision_type=2 2 2 2 2 2 2 2 2 2 2 2 2 2
left_child=1 -1 4 -3 6 -4 12 -5 9 -7 13 -12 -2 -9
right_child=2 3 5 7 -6 8 -8 10 -10 -11 11 -13 -14 -15
leaf_value=-1.378870418384248 0.61222494536907313 -0.42342093023701388 1.963128882718201 0.70931221044489323 0.25465415375902484 2.3264958464676107 1.7337762451171876 1.0002471754231406 1.7130557930830754 2.755589640315014 0.76366691605464831 -0.18694210566582792 1.3147337454879517 0.11998319155602177
leaf_weight=5454 143 546 415 209 96 844 564 96 98 1058 73 606 457 141
leaf_count=5454 143 546 415 209 96 844 564 96 98 1058 73 606 457 141
internal_value=0.00163053 -1.05912 2.05792 -0.015285 1.34385 2.42977 1.43338 0.182997 2.52556 2.5665 0.0622673 -0.0837684 1.1486 0.47925
internal_weight=10800 7125 3675 1671 1260 2415 1164 1125 2000 1902 916 679 600 237
internal_count=10800 7125 3675 1671 1260 2415 1164 1125 2000 1902 916 679 600 237
is_linear=0
shrinkage=0.05


Tree=23
num_leaves=15
num_cat=0
split_feature=65 65 65 26 36 36 26 48 9 21 36 65 48 48
split_gain=8.51085e+06 957356 273689 61593.2 38955.6 33643 29862.9 26340.6 21535.9 21210.4 19464.2 14746.5 13816.5 13793.6
threshold=164.23137800000003 63.145266500000005 226.46772300000003 27.512500000000003 22.936588541666669 23.762239583333336 20.812500000000004 16.375000000000004 120.30182250000001 25.974928544904586 18.666666666666668 90.634957500000013 13.375000000000002 13.375000000000002
decision_type=2 2 2 2 2 2 2 2 2 2 2 2 2 2
left_child=1 -1 5 6 10 9 8 11 -3 -2 -4 -8 -12 -6
right_child=2 3 4 -5 13 -7 7 -9 -10 -11 12 -13 -14 -15
leaf_value=-1.3073842654975636 0.94754296264038729 -0.2188877636970723 1.3677392466684406 0.66050767695020052 2.5664664716055814 1.7697229947431667 -0.24001848360445971 -0.26280753631806791 -0.9724180746604415 1.4761874040250076 2.2109333613428519 0.38074953523816685 1.3933157032535923 1.6329440875929231
leaf_weight=5476 435 316 88 316 1094 369 119 414 135 351 1103 475 61 48
leaf_count=5476 435 316 88 316 1094 369 119 414 135 351 1103 475 61 48
internal_value=0.00161045 -0.980341 2.00756 0.0287805 2.31285 1.37331 -0.108402 0.0429826 -0.446098 1.18519 2.11411 0.256193 2.16932 2.52869
internal_weight=10800 7251 3549 1775 2394 1155 1459 1008 451 786 1252 594 1164 1142
internal_count=10800 7251 3549 1775 2394 1155 1459 1008 451 786 1252 594 1164 1142
is_linear=0
shrinkage=0.05


Tree=24
num_leaves=15
num_cat=0
split_feature=65 65 65 60 64 36 26 31 48 21 16 36 16 0
split_gain=7.68214e+06 864039 248320 57986.3 53438.4 38903.9 36839.3 26500 23929.5 20267.9 19425.2 16423.7 16100.6 15249.7
threshold=164.23137800000003 42.523274000000008 236.40297200000001 -0.8814490726585632 229.83104350000002 23.839973958333342 20.487500000000004 18.425000000000001 13.375000000000002 27.029344457641361 285.75061850000003 20.950520833333336 268.35649000000006 271.39792050000005
decision_type=2 2 2 2 2 2 2 2 2 2 2 2 2 2
left_child=1 -1 4 13 7 11 -4 -2 10 -9 -8 -5 -11 -3
right_child=2 3 6 5 -6 -7 8 9 -10 12 -12 -13 -14 -15
leaf_value=-1.2445823152648758 0.52041180016112931 0.36397183669684458 1.8636962241499964 -0.57323286377625471 2.1735713109541477 0.2517994072871298 2.351286736096371 1.1298490507272529 1.371753942605221 1.4135728295216194 3.3708380310623731 -0.1444430580443149 2.1794811009409578 1.0844549287552552
leaf_weight=5454 118 199 547 340 177 491 1561 611 65 324 53 650 93 117
leaf_count=5454 118 199 547 340 177 491 1561 611 65 324 53 650 93 117
internal_value=0.00158274 -0.931337 1.90737 0.0195442 1.36297 -0.111754 2.23016 1.23599 2.34838 1.31754 2.38683 -0.292134 1.58919 0.633312
internal_weight=10800 7251 3549 1797 1323 1481 2226 1146 1679 1028 1614 990 417 316
internal_count=10800 7251 3549 1797 1323 1481 2226 1146 1679 1028 1614 990 417 316
is_linear=0
shrinkage=0.05


Tree=25
num_leaves=15
num_cat=0
split_feature=65 65 65 26 38 48 31 65 46 48 26 20 61 14
split_gain=6.93599e+06 698459 284792 42391.3 39581.7 37817.1 33772.9 27114.8 23561.5 25511.8 20849.9 20527.3 18600 15024.1
threshold=147.19120800000005 63.145266500000005 224.68805500000005 21.162500000000005 54.125000000000007 14.375000000000002 19.912500000000005 166.72199850000001 48.302083333333336 16.375000000000004 19.012500000000003 269.23038800000006 -0.70710678118654757 52.920955625000012
decision_type=2 2 2 2 2 2 2 2 2 2 2 2 2 2
left_child=1 -1 4 13 -2 7 -4 -6 -5 -10 -9 12 -8 -3
right_child=2 3 6 8 5 -7 11 10 9 -11 -12 -13 -14 -15
leaf_value=-1.1800295394034375 1.7462103062561143 -0.1911539937994591 1.6625529374927284 0.91893732101501291 -0.04776603065963303 0.51140573138725898 2.1710856201379531 0.67272599899480423 0.32467089257206361 -0.17871126570787871 1.3966362626013828 2.4843616405400364 1.7257300442586374 -0.76095034488912172
leaf_weight=5476 232 370 415 95 41 272 1239 123 561 455 592 439 322 168
leaf_count=5476 232 370 415 95 41 272 1239 123 561 455 592 439 322 168
internal_value=0.00157821 -0.908413 1.76561 -0.00625943 1.15472 1.01966 2.08373 1.20161 0.170136 0.0992849 1.27322 2.17025 2.08038 -0.370165
internal_weight=10800 7125 3675 1649 1260 1028 2415 756 1111 1016 715 2000 1561 538
internal_count=10800 7125 3675 1649 1260 1028 2415 756 1111 1016 715 2000 1561 538
is_linear=0
shrinkage=0.05


Tree=26
num_leaves=15
num_cat=0
split_feature=65 65 65 38 64 26 25 31 48 64 53 16 21 26
split_gain=6.26206e+06 703423 203817 49653.6 45131.2 32418.9 28606.7 23692.4 21474.1 19211.1 17688.8 17175.2 16758.2 13511.9
threshold=164.23137800000003 42.523274000000008 236.40297200000001 50.625000000000007 228.23518250000004 20.487500000000004 101.96575634550636 18.425000000000001 13.375000000000002 202.14491250000003 -0.41248606129204529 285.75061850000003 27.029344457641361 24.212500000000002
decision_type=2 2 2 2 2 2 2 2 2 2 2 2 2 2
left_child=1 -1 4 -3 7 -4 -5 -2 11 10 -8 -7 -9 -14
right_child=2 3 5 6 -6 8 9 12 -10 -11 -12 -13 13 -15
leaf_value=-1.1233739367589068 0.42997956779485541 0.90108698805904164 1.6715312893373253 -0.27592602636733882 1.950489684019951 2.1284554662609834 0.52359827563275385 1.0158451767852072 1.2036606300057788 0.59437707759022629 -0.11290807094272344 3.083499460750156 1.2195540931013953 1.8411609631058174
leaf_weight=5454 117 145 547 798 187 1561 136 609 65 182 536 53 270 140
leaf_count=5454 117 145 547 798 187 1561 136 609 65 182 536 53 270 140
internal_value=0.00155139 -0.840739 1.7222 0.0172225 1.229 2.01464 -0.0608545 1.10862 2.12536 0.140202 0.0164953 2.16171 1.18605 1.43577
internal_weight=10800 7251 3549 1797 1323 2226 1652 1136 1679 854 672 1614 1019 410
internal_count=10800 7251 3549 1797 1323 2226 1652 1136 1679 854 672 1614 1019 410
is_linear=0
shrinkage=0.05


Tree=27
num_leaves=15
num_cat=0
split_feature=65 65 65 25 48 15 31 35 21 48 26 44 19 26
split_gain=5.65326e+06 568675 231048 37742.5 35139 29957.2 29710.8 21240.7 18567.8 17248.6 17116.3 16507.5 13400.3 17126.2
threshold=147.19120800000005 42.523274000000008 224.68805500000005 105.36956620720093 15.375000000000002 215.93381050000002 19.762500000000003 19.99635416666667 96.837753384123275 14.375000000000002 23.062500000000004 48.593750000000007 184.793192 26.812500000000004
decision_type=2 2 2 2 2 2 2 2 2 2 2 2 2 2
left_child=1 -1 4 10 5 7 -4 -2 12 -9 -3 -5 13 -8
right_child=2 3 6 11 -6 -7 8 9 -10 -11 -12 -13 -14 -15
leaf_value=-1.0672155813467163 0.60882804293347448 -0.30114951287027236 1.4781776302517278 1.1465520971699765 0.12305216452241252 1.9440512136254899 1.8260764902305757 1.298934388743902 2.2609537358096787 0.78460204966462221 0.11258606850322693 0.24297907964842938 1.1895633462270101 2.2831668999802144
leaf_weight=5454 229 794 401 56 96 101 1238 602 432 232 364 457 74 270
leaf_count=5454 229 794 401 56 96 101 1238 602 432 232 364 457 74 270
internal_value=0.00154347 -0.820003 1.59413 -0.0129677 1.04388 1.11965 1.88066 1.03957 1.96003 1.15697 -0.171113 0.343653 1.87648 1.90938
internal_weight=10800 7125 3675 1671 1260 1164 2415 1063 2014 834 1158 513 1582 1508
internal_count=10800 7125 3675 1671 1260 1164 2415 1063 2014 834 1158 513 1582 1508
is_linear=0
shrinkage=0.05


Tree=28
num_leaves=15
num_cat=0
split_feature=65 65 65 60 64 36 26 36 48 26 48 39 16 64
split_gain=5.10454e+06 572638 166851 42442.3 38251.6 29235.8 27870.1 21216.9 19288.8 21709.7 18211.2 16281.4 15236.1 13358.5
threshold=164.23137800000003 63.145266500000005 236.40297200000001 -0.8814490726585632 231.44753700000004 20.950520833333336 20.487500000000004 18.666666666666668 14.375000000000002 22.312500000000004 13.375000000000002 54.375000000000007 285.75061850000003 202.14491250000003
decision_type=2 2 2 2 2 2 2 2 2 2 2 2 2 2
left_child=1 -1 4 -3 7 -5 -4 -2 9 -9 12 -10 -8 -7
right_child=2 3 6 5 -6 13 10 8 11 -11 -12 -13 -14 -15
leaf_value=-1.0118732776795509 -0.013930895950645209 0.54591562133987526 1.5019059829468275 -0.49923117373984827 1.8103311580175547 -0.076810392890843862 1.9244710771006828 0.97182243868436036 1.2030329546603289 1.5172308392872085 1.0745787929404866 0.44367241238189098 2.8205672626142153 0.30743200196202397
leaf_weight=5476 49 316 547 338 170 808 1561 491 109 301 65 203 53 313
leaf_count=5476 49 316 547 338 170 808 1561 491 109 301 65 203 53 313
internal_value=0.00153082 -0.758938 1.55503 0.0215146 1.1088 -0.0923598 1.81962 1.00389 1.04903 1.18076 1.92218 0.711958 1.95563 0.0306542
internal_weight=10800 7251 3549 1775 1323 1459 2226 1153 1104 792 1679 312 1614 1121
internal_count=10800 7251 3549 1775 1323 1459 2226 1153 1104 792 1679 312 1614 1121
is_linear=0
shrinkage=0.05


Tree=29
num_leaves=15
num_cat=0
split_feature=65 65 65 33 64 26 36 26 48 26 48 16 48 53
split_gain=4.60765e+06 516908 150556 39985.4 34558.2 25886.5 19069.3 18047 17206.4 19673 16614.5 16241.8 22725.1 15653.2
threshold=164.23137800000003 42.523274000000008 236.40297200000001 27.256250000000005 229.83104350000002 19.012500000000003 18.666666666666668 19.012500000000003 14.375000000000002 22.312500000000004 16.375000000000004 267.06350950000007 11.625000000000002 -0.77259657388510605
decision_type=2 2 2 2 2 2 2 2 2 2 2 2 2 2
left_child=1 -1 4 7 6 -4 -2 -3 9 -8 13 12 -7 -9
right_child=2 3 5 -5 -6 11 8 10 -10 -11 -12 -13 -14 -15
leaf_value=-0.96328013272377244 -0.013248280450701713 -0.4966223703536834 1.2409827912749039 0.48412372158925199 1.7051382750775037 1.8056616319681553 0.9204113228887808 -0.33408092013854962 0.67662297675249206 1.4419774812599488 -0.28141992443066699 2.059439789694522 1.3099337633307044 0.22277419555436961
leaf_weight=5454 49 242 252 361 177 1211 487 157 312 298 410 460 303 627
leaf_count=5454 49 242 252 361 177 1211 487 157 312 298 410 460 303 627
internal_value=0.00151223 -0.720996 1.47746 0.0144757 1.05359 1.72881 0.951554 -0.103845 0.994622 1.11999 -0.023888 1.79042 1.70738 0.110978
internal_weight=10800 7251 3549 1797 1323 2226 1146 1436 1097 785 1194 1974 1514 784
internal_count=10800 7251 3549 1797 1323 2226 1146 1436 1097 785 1194 1974 1514 784
is_linear=0
shrinkage=0.05


Tree=30
num_leaves=15
num_cat=0
split_feature=65 65 65 36 25 36 65 53 45 10 26 36 61 64
split_gain=4.15989e+06 417718 170412 34098.5 30703.9 24032.1 19869.3 17733.9 14390.8 14315.1 14068.6 13577.8 12298.2 12193.4
threshold=147.19120800000005 42.523274000000008 236.40297200000001 23.331510416666671 105.36956620720093 20.53151041666667 190.46230900000003 -0.81241147629688992 46.093750000000007 256.38992450000006 18.962500000000002 18.666666666666668 -0.9733555533461492 206.72406500000002
decision_type=2 2 2 2 2 2 2 2 2 2 2 2 2 2
left_child=1 -1 3 6 10 -4 -2 -5 -6 -7 -3 -8 -12 -10
right_child=2 4 5 7 8 9 11 -9 13 -11 12 -13 -14 -15
leaf_value=-0.91512497584607821 0.43179436321626197 -0.61133755317756111 1.2288750806351818 1.7698000877164306 1.0452479125079461 1.6270194171446957 0.062618262303429983 1.091286515603463 0.083164171708983145 1.9555919568658375 0.66911192594789992 0.99945188157114329 -0.12771782410453894 0.72514984806378679
leaf_weight=5454 322 146 315 127 58 1434 42 449 363 477 50 509 962 92
leaf_count=5454 322 146 315 127 58 1434 42 449 363 477 50 509 962 92
internal_value=0.00148187 -0.70325 1.36762 0.94448 -0.0115753 1.64251 0.745861 1.2437 0.310078 1.71001 -0.154214 0.928285 -0.0877271 0.214278
internal_weight=10800 7125 3675 1449 1671 2226 873 576 513 1911 1158 551 1012 455
internal_count=10800 7125 3675 1449 1671 2226 873 576 513 1911 1158 551 1012 455
is_linear=0
shrinkage=0.05


Tree=31
num_leaves=15
num_cat=0
split_feature=65 65 65 38 64 26 26 37 9 9 48 48 16 17
split_gain=3.75694e+06 420438 122031 34753.3 29163.6 22734.1 20763.8 18089.9 22980 17058.7 16871.4 15380.5 12943.5 12211.9
threshold=164.23137800000003 63.145266500000005 236.40297200000001 50.625000000000007 231.44753700000004 20.987500000000004 20.812500000000004 51.875000000000007 269.54124250000001 120.30182250000001 13.375000000000002 16.375000000000004 285.75061850000003 81.779257830693879
decision_type=2 2 2 2 2 2 2 2 2 2 2 2 2 2
left_child=1 -1 4 -3 7 -4 9 -2 13 -5 12 -8 -7 -9
right_child=2 3 5 6 -6 10 11 8 -10 -11 -12 -13 -14 -15
leaf_value=-0.86768601712942006 1.3930855599559948 0.75682874992489824 1.3031570688610703 -0.13453900950904993 1.5650197511527972 1.6671561372775134 0.21821292002637077 0.85328823229858219 0.29123862744960455 -0.80483672671458306 0.85452456551067757 -0.14643597121998345 2.4896800890702893 1.72079033093019
leaf_weight=5476 141 145 640 316 170 1468 674 777 192 135 65 505 53 43
leaf_count=5476 141 145 640 316 170 1468 674 777 192 135 65 505 53 43
internal_value=0.00145423 -0.650955 1.33421 0.0177857 0.952582 1.56049 -0.0483811 0.861005 0.78557 -0.336519 1.66345 0.0620315 1.69743 0.90082
internal_weight=10800 7251 3549 1775 1323 2226 1630 1153 1012 451 1586 1179 1521 820
internal_count=10800 7251 3549 1775 1323 2226 1630 1153 1012 451 1586 1179 1521 820
is_linear=0
shrinkage=0.05


Tree=32
num_leaves=15
num_cat=0
split_feature=65 65 65 60 64 36 31 37 48 13 26 25 9 0
split_gain=3.39128e+06 379457 110103 33298.8 26341.8 21595.5 21466.6 16510.3 20729.4 13957.8 13158 9995.38 10970.9 9726.58
threshold=164.23137800000003 42.523274000000008 236.40297200000001 -0.8814490726585632 231.44753700000004 23.614322916666669 19.087500000000002 50.375000000000007 14.375000000000002 1.1376416056115164 21.062500000000004 99.460662613930012 120.30182250000001 272.06304300000005
decision_type=2 2 2 2 2 2 2 2 2 2 2 2 2 2
left_child=1 -1 4 13 7 11 -4 -2 10 -8 -9 12 -5 -3
right_child=2 3 6 5 -6 -7 9 8 -10 -11 -12 -13 -14 -15
leaf_value=-0.82600079963886897 1.3797125826863681 0.27190818500160668 1.0750197288093917 -0.17982477545460215 1.4872263672756174 0.16929622890756413 1.3594082861071362 0.66712955721593525 0.35541364318462065 1.6477730599532372 1.0811427070464281 -0.068893183149227696 -0.66578354602994549 0.85472439204988726
leaf_weight=5454 118 206 292 267 170 526 704 384 251 1230 400 482 206 110
leaf_count=5454 118 206 292 267 170 526 704 384 251 1230 400 482 206 110
internal_value=0.00143317 -0.618414 1.26767 0.0117313 0.905173 -0.0877642 1.48261 0.81814 0.752845 1.54356 0.879469 -0.229378 -0.392427 0.476844
internal_weight=10800 7251 3549 1797 1323 1481 2226 1153 1035 1934 784 955 473 316
internal_count=10800 7251 3549 1797 1323 1481 2226 1153 1035 1934 784 955 473 316
is_linear=0
shrinkage=0.05


Tree=33
num_leaves=15
num_cat=0
split_feature=65 65 65 36 64 22 48 25 44 35 61 26 9 51
split_gain=3.06174e+06 228960 189040 33410.7 26998.6 24304.1 21821.8 20093.4 18775.2 16412.1 12802.2 13708 12679.6 12474.2
threshold=128.36177500000005 28.000000000000004 209.30329350000002 20.417187500000001 244.17024200000003 106.62172396875 15.375000000000002 100.14026565011203 47.843750000000007 21.242708333333336 -0.68322629814330815 27.012500000000003 267.14005600000007 2.5000000000000004
decision_type=2 2 2 2 2 2 2 2 2 2 2 2 2 2
left_child=1 -1 3 13 5 9 8 -3 -5 -4 -9 -12 -11 -2
right_child=2 7 4 6 -6 -7 -8 10 -10 12 11 -13 -14 -15
leaf_value=-0.78915431974903161 -0.62511104533546857 -0.31399856460784226 1.1396100026426592 1.4990259559864694 1.4799024667173741 0.92883935456704703 0.27763269309809196 0.48177932131938733 0.74296226185806213 1.9198929679849759 -0.16016687397924506 0.31271613730596159 1.1139827437400818 0.25140791459550677
leaf_weight=5390 56 565 310 93 1553 590 230 153 732 182 515 217 74 140
leaf_count=5390 56 565 310 93 1553 590 230 153 732 182 515 217 74 140
internal_value=0.00140138 -0.639137 1.10767 0.598602 1.34244 1.15666 0.70988 -0.0813254 0.829903 1.39208 0.0674041 -0.0197462 1.69218 -0.000927988
internal_weight=10800 6840 3960 1251 2709 1156 1055 1450 825 566 885 732 256 196
internal_count=10800 6840 3960 1251 2709 1156 1055 1450 825 566 885 732 256 196
is_linear=0
shrinkage=0.05


Tree=34
num_leaves=15
num_cat=0
split_feature=65 65 65 38 64 10 33 44 48 9 26 48 61 36
split_gain=2.76498e+06 309116 89973.4 28128 22459.5 19186.6 16672.4 15563.3 19177.7 14949 14445.7 13978 13146 11161
threshold=164.23137800000003 63.145266500000005 236.40297200000001 50.625000000000007 236.40297200000001 256.38992450000006 21.003125000000004 54.218750000000007 14.375000000000002 120.30182250000001 17.225000000000005 16.375000000000004 -0.68322629814330815 25.21510416666667
decision_type=2 2 2 2 2 2 2 2 2 2 2 2 2 2
left_child=1 -1 4 -3 7 10 9 -2 -9 12 -4 -8 -5 -12
right_child=2 3 5 6 -6 -7 11 8 -10 -11 13 -13 -14 -15
leaf_value=-0.7441590116606025 1.1783789140538554 0.67996702906101536 0.5458182311443035 0.28440112692378733 1.4164751802775877 1.6243641974599292 0.22786202824859272 0.78472930283769204 0.25938022898188667 -0.69955056976501984 1.2420750562141498 -0.1298347854534567 -0.32684457373873488 1.6638459307624693
leaf_weight=5476 177 145 70 136 140 477 604 781 225 148 1493 497 245 186
leaf_count=5476 177 145 70 136 140 477 604 781 225 148 1493 497 245 186
internal_value=0.00136954 -0.558323 1.14472 0.0150902 0.817034 1.33902 -0.044436 0.744958 0.667605 -0.274856 1.26032 0.0664236 -0.108484 1.28976
internal_weight=10800 7251 3549 1775 1323 2226 1630 1183 1006 529 1749 1101 381 1679
internal_count=10800 7251 3549 1775 1323 2226 1630 1183 1006 529 1749 1101 381 1679
is_linear=0
shrinkage=0.05


Tree=35
num_leaves=15
num_cat=0
split_feature=65 65 65 36 21 37 9 44 48 26 13 30 46 61
split_gain=2.49778e+06 186225 153918 28839.6 23810.2 19818.3 31632.8 18824.9 17857 17330.6 14100.7 11206.8 10955.2 10941.9
threshold=128.36177500000005 28.000000000000004 209.30329350000002 20.417187500000001 93.105668806380606 56.875000000000007 258.63541800000007 47.843750000000007 15.375000000000002 19.012500000000003 48.812966766027095 16.025000000000002 48.302083333333336 -0.9733555533461492
decision_type=2 2 2 2 2 2 2 2 2 2 2 2 2 2
left_child=1 -1 3 -2 5 -4 10 -5 -9 -3 11 -7 -11 -14
right_child=2 9 4 7 -6 6 -8 8 -10 12 -12 -13 13 -15
leaf_value=-0.71250289468724581 -0.015745966058924112 -0.51139647349030992 1.5150916097148155 1.1954897336880952 1.4960282761937673 0.32678460503078027 0.64463833427816297 0.67404228628754093 0.12704102579730922 0.57603476390573449 1.5790477660795055 1.1389629667343164 0.70435529972644562 -0.074207995165680996
leaf_weight=5390 196 195 297 135 590 45 357 732 188 75 191 1229 46 1134
leaf_count=5390 196 195 297 135 590 45 357 732 188 75 191 1229 46 1134
internal_value=0.00133813 -0.577208 1.00054 0.541189 1.21239 1.13274 1.06962 0.644574 0.562523 -0.0741395 1.17267 1.11055 -0.00584613 -0.0432865
internal_weight=10800 6840 3960 1251 2709 2119 1822 1055 920 1450 1465 1274 1255 1180
internal_count=10800 6840 3960 1251 2709 2119 1822 1055 920 1450 1465 1274 1255 1180
is_linear=0
shrinkage=0.05


Tree=36
num_leaves=15
num_cat=0
split_feature=65 65 65 25 24 26 65 8 37 48 16 64 36 49
split_gain=2.25621e+06 251356 73853.3 22209.5 19464.8 16849.4 14038.4 13158.6 12855.5 11985.1 12763.3 11112.1 10768.3 11669.3
threshold=164.23137800000003 80.564241500000009 236.40297200000001 100.68220936795701 276.25245200000006 19.012500000000003 24.000000000000004 285.25181400000002 50.625000000000007 13.375000000000002 285.75061850000003 143.80901800000001 18.666666666666668 3.5000000000000004
decision_type=2 2 2 2 2 2 2 2 2 2 2 2 2 2
left_child=1 6 4 -3 12 -4 -1 -6 -5 10 -7 -10 -2 -14
right_child=2 3 5 8 7 9 -8 -9 11 -11 -12 -13 13 -15
leaf_value=-0.69775902174519722 -0.15111182329431178 -0.18850592476475961 0.81882626313436413 0.67439660917167088 1.0144667658062132 1.2592631177636697 -0.48519365178113161 0.10398074104027316 -0.00089975521793458902 0.57930092962853841 2.0588918041299893 0.37795441499734012 0.70047876942286225 0.11660358470901117
leaf_weight=4686 49 627 252 120 554 1856 944 43 586 65 53 288 576 101
leaf_count=4686 49 627 252 120 554 1856 944 43 586 65 53 288 576 101
internal_value=0.00131131 -0.504272 1.03413 0.0443409 0.73725 1.21016 -0.66221 0.949171 0.191259 1.25968 1.28253 0.124229 0.561918 0.613672
internal_weight=10800 7251 3549 1621 1323 2226 5630 597 994 1974 1909 874 726 677
internal_count=10800 7251 3549 1621 1323 2226 5630 597 994 1974 1909 874 726 677
is_linear=0
shrinkage=0.05


Tree=37
num_leaves=15
num_cat=0
split_feature=65 65 65 36 21 36 9 24 48 15 30 15 15 13
split_gain=2.03858e+06 143692 133669 23545.9 21985.6 18429.4 15060.8 14716.9 14607.9 15922.5 12939.5 11058.2 10567.5 10785.2
threshold=126.25790000000002 28.000000000000004 206.01963500000002 20.417187500000001 93.105668806380606 25.347395833333334 269.23038800000006 274.34720900000008 15.375000000000002 215.93381050000002 16.025000000000002 206.32641350000003 206.32641350000003 48.812966766027095
decision_type=2 2 2 2 2 2 2 2 2 2 2 2 2 2
left_child=1 -1 3 -2 5 6 10 -3 9 -5 -4 -8 13 -12
right_child=2 7 4 8 -6 -7 11 -9 -10 -11 12 -13 -14 -15
leaf_value=-0.64339079392506937 -0.046314726646149947 -0.21869538918750575 0.34225620443267485 0.58538610156468107 1.3611526845377977 1.4220921804904938 0.36723870235527389 0.10707031307503895 0.22352762163244924 1.3335376423597336 0.94928610056045726 1.0139202379032013 1.4108579721139825 1.4022503936991972
leaf_weight=5390 192 789 69 709 592 249 173 617 252 79 1246 108 183 152
leaf_count=5390 192 789 69 709 592 249 173 617 252 79 1246 108 183 152
internal_value=0.00127437 -0.525985 0.896101 0.462223 1.0887 1.01412 0.960806 -0.075764 0.556061 0.661986 1.01869 0.618499 1.04798 0.999503
internal_weight=10800 6796 4004 1232 2772 2180 1931 1406 1040 788 1650 281 1581 1398
internal_count=10800 6796 4004 1232 2772 2180 1931 1406 1040 788 1650 281 1581 1398
is_linear=0
shrinkage=0.05


Tree=38
num_leaves=15
num_cat=0
split_feature=65 65 65 0 48 15 16 17 65 25 10 64 26 21
split_gain=1.84037e+06 205386 60835.4 19833.7 18310.9 21663.5 15021.4 17240.3 11797.4 11569.7 11430.1 10388 10501 8682.92
threshold=164.23137800000003 80.564241500000009 236.40297200000001 267.50577000000004 14.375000000000002 215.93381050000002 267.06350950000007 31.716879356519872 24.000000000000004 105.95393409112792 246.93905675000005 262.77837700000003 21.062500000000004 25.015453495174743
decision_type=2 2 2 2 2 2 2 2 2 2 2 2 2 2
left_child=1 8 4 9 5 11 7 -4 -1 13 -6 12 -2 -3
right_child=2 3 6 -5 10 -7 -8 -9 -10 -11 -12 -13 -14 -15
leaf_value=-0.63071581468364446 0.47686959862727768 -0.011488250761367839 0.90104389248293026 0.47287793263237471 -0.33031366785160371 1.7043206756397831 1.3515136464719142 1.2262323537654074 -0.43588900390770979 0.23330070801497063 0.46764282386969119 1.4112763615215527 0.82476650926482054 -0.31636774685700852
leaf_weight=4686 397 732 1091 227 53 58 460 675 944 320 271 50 494 342
leaf_count=4686 397 732 1091 227 53 58 460 675 944 320 271 50 494 342
internal_value=0.00125514 -0.455365 0.934047 0.0405491 0.664611 0.770584 1.09381 1.02596 -0.598132 -0.0301401 0.336498 0.711283 0.670464 -0.108777
internal_weight=10800 7251 3549 1621 1323 999 2226 1766 5630 1394 324 941 891 1074
internal_count=10800 7251 3549 1621 1323 999 2226 1766 5630 1394 324 941 891 1074
is_linear=0
shrinkage=0.05


Tree=39
num_leaves=15
num_cat=0
split_feature=65 65 65 38 65 36 26 16 48 31 49 48 48 24
split_gain=1.66292e+06 120249 105571 20417.4 19167.6 17222.4 14276.3 12943.5 12047.2 9944.1 10184.2 9446.47 12155.9 9284.4
threshold=127.44013800000002 28.000000000000004 215.68714650000004 49.875000000000007 166.72199850000001 23.002473958333336 19.012500000000003 273.13806300000005 14.375000000000002 16.862500000000004 3.5000000000000004 3.6250000000000004 3.8750000000000004 274.34720900000008
decision_type=2 2 2 2 2 2 2 2 2 2 2 2 2 2
left_child=1 -1 3 7 -5 9 -3 -2 -6 -4 -11 -8 -13 -14
right_child=2 6 5 4 8 -7 11 -9 -10 10 -12 12 13 -15
leaf_value=-0.58096940748723847 0.5158606267336644 -0.46363737746381883 0.11374871540992033 0.096852823159851553 0.63100689599938842 1.1474845354615182 0.6854324935624998 1.3234162000815075 0.19575360907075551 0.96712795504623605 0.57672833047542438 -0.72351267946263154 -0.1347918991442327 0.15174110302691599
leaf_weight=5390 98 193 41 378 649 1183 47 104 212 1114 203 59 571 558
leaf_count=5390 98 193 41 378 649 1183 47 104 212 1114 203 59 571 558
internal_value=0.00122638 -0.472905 0.812951 0.470587 0.393998 1.00684 -0.0648939 0.936103 0.524188 0.883574 0.907436 -0.00225541 -0.0300155 0.0068339
internal_weight=10800 6818 3982 1441 1239 2541 1428 202 861 1358 1317 1235 1188 1129
internal_count=10800 6818 3982 1441 1239 2541 1428 202 861 1358 1317 1235 1188 1129
is_linear=0
shrinkage=0.05


Tree=40
num_leaves=15
num_cat=0
split_feature=65 65 65 36 36 21 61 26 37 61 48 15 48 46
split_gain=1.50118e+06 105617 98185.5 20121.5 17799 15253.3 13405.8 14325.7 12376.2 22270.8 12215.9 12910.9 9364.45 10349.9
threshold=126.25790000000002 28.000000000000004 209.30329350000002 20.417187500000001 25.415885416666672 97.61190750032732 -0.9733555533461492 19.012500000000003 56.875000000000007 -0.5 15.375000000000002 215.93381050000002 3.6250000000000004 48.302083333333336
decision_type=2 2 2 2 2 2 2 2 2 2 2 2 2 2
left_child=1 -1 3 -2 5 8 -3 -8 -4 -10 11 -5 -9 -14
right_child=2 6 4 10 -6 -7 7 12 9 -11 -12 -13 13 -15
leaf_value=-0.55192631152051652 -0.047773834578509401 0.70736640780060389 1.1841289019087951 0.52047092253329996 1.3039716135514412 1.213194485094772 -0.51007936735179549 0.6518748624560734 0.87321345817752849 0.39311695356235105 0.18881356192176624 1.1772234665496011 0.51045404382528292 -0.10131548469635682
leaf_weight=5390 202 53 239 758 303 328 180 47 1550 289 252 83 73 1053
leaf_count=5390 202 53 239 758 303 328 180 47 1550 289 252 83 73 1053
internal_value=0.00118591 -0.45127 0.769062 0.410491 0.940257 0.89393 -0.0652804 -0.0960467 0.842977 0.798021 0.49515 0.586608 -0.032132 -0.061236
internal_weight=10800 6796 4004 1295 2709 2406 1406 1353 2078 1839 1093 841 1173 1126
internal_count=10800 6796 4004 1295 2709 2406 1406 1353 2078 1839 1093 841 1173 1126
is_linear=0
shrinkage=0.05


Tree=41
num_leaves=15
num_cat=0
split_feature=65 65 65 12 48 37 13 9 35 65 7 26 21 14
split_gain=1.35558e+06 152176 45982.9 16945.3 14828.1 18034.1 13557.3 13013.5 15611.6 11428.3 10052.5 9944.63 9533.84 9042.23
threshold=164.23137800000003 84.179539500000018 236.40297200000001 272.03940200000005 14.375000000000002 63.625000000000007 1.1547367410384408 114.78420550000001 19.712500000000002 24.000000000000004 177.27537750000002 22.712500000000002 93.105668806380606 254.43680266666669
decision_type=2 2 2 2 2 2 2 2 2 2 2 2 2 2
left_child=1 9 4 7 5 13 -4 10 -9 -1 -3 -6 -8 -2
right_child=2 3 6 -5 11 -7 12 8 -10 -11 -12 -13 -14 -15
leaf_value=-0.54255403887368425 0.86964231313552798 0.41713267806998067 0.77392211992835713 0.42914189444368622 -0.43795336997786233 0.54701188351730667 0.95705863523973944 -0.87620221341357518 -0.082270725561276487 -0.35800033250872304 -0.024218545705175391 0.37936422591469526 1.2624246891206026 1.6240517399527812
leaf_weight=4686 171 230 803 248 42 774 1068 67 696 1032 292 282 355 54
leaf_count=4686 171 230 803 248 42 774 1068 67 696 1032 292 282 355 54
internal_value=0.0011614 -0.39073 0.801723 0.0516255 0.567495 0.662836 0.940616 -0.0215108 -0.153042 -0.509314 0.170672 0.272394 1.03407 1.05709
internal_weight=10800 7251 3549 1533 1323 999 2226 1285 763 5718 522 324 1423 225
internal_count=10800 7251 3549 1533 1323 999 2226 1285 763 5718 522 324 1423 225
is_linear=0
shrinkage=0.05


Tree=42
num_leaves=15
num_cat=0
split_feature=65 65 65 36 36 64 22 26 44 16 25 48 51 36
split_gain=1.22504e+06 86029.5 79720.7 16997.8 16716.4 14558.2 14261.3 11662.7 10185.4 11278.2 9549.48 8457.76 8329.9 8141.5
threshold=126.25790000000002 42.523274000000008 206.01963500000002 25.415885416666672 20.417187500000001 244.17024200000003 106.62172396875 19.012500000000003 49.906250000000007 273.13806300000005 104.57112527615017 14.375000000000002 2.5000000000000004 18.666666666666668
decision_type=2 2 2 2 2 2 2 2 2 2 2 2 2 2
left_child=1 -1 4 5 12 6 -4 -3 9 -6 -5 -10 -2 -14
right_child=2 7 3 10 8 -7 -8 -9 11 -11 -12 -13 13 -15
leaf_value=-0.49583288663030223 -0.57627512054485186 -0.41527162791892169 0.85162148167798812 1.854859095811844 0.37398699068210345 0.91248407904342421 0.49598981270363734 0.010326371413624186 0.49513342033978375 1.1786394555783934 1.0676442200646681 0.17525245454954119 -0.41957197465341206 0.40492343499146877
leaf_weight=5454 56 186 545 47 87 1312 597 1156 518 89 271 346 43 93
leaf_count=5454 56 186 545 47 87 1312 597 1156 518 89 271 346 43 93
internal_value=0.00112619 -0.407603 0.694792 0.843531 0.359715 0.79824 0.666306 -0.0489264 0.438785 0.785245 1.18944 0.367384 -0.0686324 0.143078
internal_weight=10800 6796 4004 2772 1232 2454 1142 1342 1040 176 318 864 192 136
internal_count=10800 6796 4004 2772 1232 2454 1142 1342 1040 176 318 864 192 136
is_linear=0
shrinkage=0.05


Tree=43
num_leaves=15
num_cat=0
split_feature=65 65 65 25 64 34 44 9 65 44 16 61 13 60
split_gain=1.10656e+06 124162 37407.1 15180.6 12664.5 12461.5 9705.64 13700.4 9660.23 9400.36 9079.53 14098.2 9196.38 8473.55
threshold=164.23137800000003 84.179539500000018 236.40297200000001 105.36956620720093 239.55959050000004 18.001041666666669 54.531250000000007 269.54124250000001 24.000000000000004 48.906250000000007 269.78556100000009 -0.70710678118654757 1.1547367410384408 -0.8814490726585632
decision_type=2 2 2 2 2 2 2 2 2 2 2 2 2 2
left_child=1 8 4 13 6 -4 -2 -8 -1 -5 11 12 -7 -3
right_child=2 3 5 9 -6 10 7 -9 -10 -11 -12 -13 -14 -15
leaf_value=-0.49064579893079224 0.79059390071093261 0.23526835822567499 0.39925539957828265 0.78924681186676038 0.98538177437329488 0.74943011347450428 0.48936127972699828 0.021613339835252519 -0.32099385858420559 0.18123674490008101 1.1004440389913956 0.5617794710957954 1.0233059490923269 -0.13130931549347746
leaf_weight=4686 189 193 146 74 128 548 812 194 1032 425 393 387 752 841
leaf_count=4686 189 193 146 74 128 548 812 194 1032 425 393 387 752 841
internal_value=0.00109724 -0.352973 0.724399 0.0465971 0.513136 0.849673 0.461771 0.39927 -0.460088 0.272801 0.881082 0.829358 0.908522 -0.062725
internal_weight=10800 7251 3549 1533 1323 2226 1195 1006 5718 499 2080 1687 1300 1034
internal_count=10800 7251 3549 1533 1323 2226 1195 1006 5718 499 2080 1687 1300 1034
is_linear=0
shrinkage=0.05


Tree=44
num_leaves=15
num_cat=0
split_feature=65 65 65 24 24 31 8 47 16 17 65 53 48 49
split_gain=998831 112076 33759.8 14053.1 11957.8 11433 9869.74 9256.87 9150.21 11124.1 8717.23 8381.73 8395.17 8247.39
threshold=164.23137800000003 84.179539500000018 236.40297200000001 274.28284400000007 276.25245200000006 18.762500000000003 285.25181400000002 62.600260416666679 275.73192000000006 31.716879356519872 24.000000000000004 -0.77259657388510605 16.375000000000004 3.5000000000000004
decision_type=2 2 2 2 2 2 2 2 2 2 2 2 2 2
left_child=1 10 4 11 13 -4 -6 -5 9 -7 -1 -3 -13 -2
right_child=2 3 5 7 6 8 -8 -9 -10 -11 -12 12 -14 -15
leaf_value=-0.46611871493506185 0.41808062533955104 -0.60648161637493314 0.39647954691965021 0.86271192910624495 0.71001849322638533 0.71076235053748826 -0.074644345163621686 0.16153261101120664 1.1722506126388907 0.96668735336332345 -0.30495970220740487 0.094032063624483686 -0.23750682647497612 -0.068208266413021898
leaf_weight=4686 625 71 160 50 554 1193 43 626 191 682 1032 462 324 101
leaf_count=4686 625 71 160 50 554 1193 43 626 191 682 1032 462 324 101
internal_value=0.00107195 -0.335323 0.688265 0.0443023 0.487566 0.807276 0.653471 0.214593 0.838882 0.804316 -0.437091 -0.090116 -0.042761 0.350428
internal_weight=10800 7251 3549 1533 1323 2226 597 676 2066 1875 5718 857 786 726
internal_count=10800 7251 3549 1533 1323 2226 597 676 2066 1875 5718 857 786 726
is_linear=0
shrinkage=0.05


Tree=45
num_leaves=15
num_cat=0
split_feature=65 65 65 36 36 21 61 26 37 43 44 21 25 48
split_gain=902395 67167 56460.7 14247 14198.9 11711.8 11054.4 11366.2 10737.1 18868 9813.08 9182.7 8718.32 8027.94
threshold=128.36177500000005 28.000000000000004 206.01963500000002 25.415885416666672 20.417187500000001 97.61190750032732 -0.9733555533461492 19.012500000000003 56.875000000000007 73.125000000000014 47.843750000000007 83.499161254180407 104.57112527615017 3.6250000000000004
decision_type=2 2 2 2 2 2 2 2 2 2 2 2 2 2
left_child=1 -1 4 5 -2 8 -3 -8 -4 11 -6 -10 -5 -9
right_child=2 6 3 12 10 -7 7 13 9 -11 -12 -13 -14 -15
leaf_value=-0.42796105068350432 -0.087958953991771394 0.6379745684171978 0.95011742839813229 1.6748539318641027 0.79705761025688848 0.96336423975718422 -0.4363130744776979 0.60391215482354177 0.25995476804307649 0.72285109999513686 0.32694218417961307 0.6346508218635033 0.92604146113290509 -0.04314978137459128
leaf_weight=5390 186 56 249 47 127 328 185 49 457 1164 875 256 271 1160
leaf_count=5390 186 56 249 47 127 328 185 49 457 1164 875 256 271 1160
internal_value=0.00103564 -0.346708 0.60162 0.725221 0.312848 0.683814 -0.0445837 -0.0724412 0.640252 0.598661 0.387263 0.395188 1.04162 -0.0164473
internal_weight=10800 6840 3960 2772 1188 2454 1450 1394 2126 1877 1002 713 318 1209
internal_count=10800 6840 3960 2772 1188 2454 1450 1394 2126 1877 1002 713 318 1209
is_linear=0
shrinkage=0.05


Tree=46
num_leaves=15
num_cat=0
split_feature=65 65 65 2 9 35 48 14 13 36 48 26 36 65
split_gain=816118 91204.1 27725.2 12643.1 12417.1 11514.8 11386.3 14878.3 10865.2 9090.39 7999 7852.99 7669.4 7301.69
threshold=164.23137800000003 84.179539500000018 236.40297200000001 267.1966680000001 114.78420550000001 19.669270833333336 14.375000000000002 255.93984062500002 1.1547367410384408 25.415885416666672 5.3750000000000009 22.712500000000002 19.726041666666671 24.000000000000004
decision_type=2 2 2 2 2 2 2 2 2 2 2 2 2 2
left_child=1 13 6 4 9 -6 7 -2 12 10 -3 -8 -4 -1
right_child=2 3 8 -5 5 -7 11 -9 -10 -11 -12 -13 -14 -15
leaf_value=-0.421424292378622 0.47619980376373938 -0.097705440431775745 0.036901248765529179 0.33174364777319387 -0.79579096138477334 -0.10230833057629374 -0.44864922658821876 1.3180756277271681 0.81348491661745026 0.8507095149436662 0.31089597546582681 0.27717900585017891 0.62518473640384697 -0.27394584857291632
leaf_weight=4686 944 258 60 297 65 649 42 55 1423 42 222 282 743 1032
leaf_count=4686 944 258 60 297 65 649 42 55 1423 42 222 282 743 1032
internal_value=0.00101857 -0.303056 0.622186 0.0394013 -0.0310574 -0.166465 0.44031 0.523821 0.730036 0.15412 0.0915262 0.181999 0.581329 -0.39486
internal_weight=10800 7251 3549 1533 1236 714 1323 999 2226 522 480 324 803 5718
internal_count=10800 7251 3549 1533 1236 714 1323 999 2226 522 480 324 803 5718
is_linear=0
shrinkage=0.05


Tree=47
num_leaves=15
num_cat=0
split_feature=65 65 65 39 9 0 64 37 26 4 9 48 36 16
split_gain=736622 82320.6 25016.8 11577.7 10773 11267.8 10499.6 10465.5 10062.5 9642.67 9299.48 9190.5 8226.11 8106.83
threshold=164.23137800000003 84.179539500000018 236.40297200000001 55.375000000000007 114.78420550000001 214.99514700000003 266.28212850000006 46.625000000000007 20.987500000000004 178.27297600000003 269.54124250000001 13.375000000000002 25.415885416666672 287.24088100000006
decision_type=2 2 2 2 2 2 2 2 2 2 2 2 2 2
left_child=1 -1 6 -3 12 -6 7 -2 9 -4 -9 13 -5 -10
right_child=2 3 8 4 5 -7 -8 10 11 -11 -12 -13 -14 -15
leaf_value=-0.37512262117846873 0.86266706541732519 0.33006541638867093 0.580900531671248 0.086972035099742565 -0.33108137120640552 0.061258843279450526 1.1464325236467026 0.41818669627250049 0.76536335641353148 -0.13973746166436696 0.068228217885674292 0.17608265903863041 0.8091632291501345 1.4569126447041831
leaf_weight=5718 107 276 590 480 396 339 47 930 1477 50 239 65 42 44
leaf_count=5718 107 276 590 480 396 339 47 930 1477 50 239 65 42 44
internal_value=0.000981083 -0.287904 0.591121 0.0374475 -0.0270141 -0.150287 0.418356 0.390661 0.693568 0.524471 0.346758 0.76143 0.146515 0.786313
internal_weight=10800 7251 3549 1533 1257 735 1323 1276 2226 640 1169 1586 522 1521
internal_count=10800 7251 3549 1533 1257 735 1323 1276 2226 640 1169 1586 522 1521
is_linear=0
shrinkage=0.05


Tree=48
num_leaves=15
num_cat=0
split_feature=65 65 65 36 0 36 25 61 21 37 32 42 65 33
split_gain=666057 55371 37278.1 16749.9 14215.1 12581.1 11948.8 10547.1 9749.8 9745.46 17449.3 8252.3 7100.84 6870.43
threshold=119.46223000000002 190.46230900000003 28.000000000000004 18.666666666666668 271.39792050000005 25.347395833333334 104.57112527615017 -0.9733555533461492 97.61190750032732 56.875000000000007 22.712500000000002 74.125000000000014 259.18610850000005 20.996875000000006
decision_type=2 2 2 2 2 2 2 2 2 2 2 2 2 2
left_child=2 4 -1 -3 11 8 -7 -4 9 -5 12 -2 -11 -12
right_child=1 3 7 5 -6 6 -8 -9 -10 10 13 -13 -14 -15
leaf_value=-0.36770996398196948 0.33461506400499647 0.03395759080221334 0.70679109318311828 0.81594643888703622 0.57761012302240833 1.5831637868174802 0.77371863624027803 -0.090374526857845708 0.84145591829134081 0.52253840856351497 -0.08974113137491288 -0.0089136500333335776 0.7680392173881222 0.37069500317191284
leaf_weight=5390 245 126 42 293 181 53 349 1188 321 764 92 604 495 657
leaf_count=5390 245 126 42 293 181 53 349 1188 321 764 92 604 495 657
internal_value=0.000959415 0.495037 -0.311039 0.599081 0.176574 0.622608 0.8841 -0.0626022 0.582195 0.545677 0.505854 0.0904971 0.619595 0.314095
internal_weight=10800 4180 6620 3150 1030 3024 402 1230 2622 2301 2008 849 1259 749
internal_count=10800 4180 6620 3150 1030 3024 402 1230 2622 2301 2008 849 1259 749
is_linear=0
shrinkage=0.05


Tree=49
num_leaves=15
num_cat=0
split_feature=65 65 65 36 0 36 25 61 21 9 37 16 42 26
split_gain=601236 49983.6 33650.1 15121.1 12836.9 11372.9 10822.7 9539.51 9044.73 10678.1 11853.9 7786.75 7450.84 6341.47
threshold=119.46223000000002 190.46230900000003 28.000000000000004 18.666666666666668 271.39792050000005 25.347395833333334 104.57112527615017 -0.9733555533461492 93.105668806380606 258.63541800000007 54.625000000000007 276.3691280000001 74.125000000000014 28.462500000000002
decision_type=2 2 2 2 2 2 2 2 2 2 2 2 2 2
left_child=2 4 -1 -3 12 8 -7 -4 9 11 -11 -5 -2 -9
right_child=1 3 7 5 -6 6 -8 13 -10 10 -12 -13 -14 -15
leaf_value=-0.34932788943695992 0.31795232442427213 0.032273078601308701 0.67227339467336966 0.54524190096176139 0.54888830402108668 1.5054714979948822 0.73514323699900086 -0.13013286402235377 0.74919884552622273 0.7925727394866009 0.19012661197495898 1.040947370529175 -0.0084687063944610692 0.2147759132184624
leaf_weight=5390 245 126 42 1538 181 53 349 1036 484 101 415 84 604 152
leaf_count=5390 245 126 42 1538 181 53 349 1036 484 101 415 84 604 152
internal_value=0.000942786 0.470363 -0.295485 0.569216 0.167789 0.59157 0.840188 -0.059447 0.553147 0.508435 0.309352 0.571539 0.0859914 -0.0858596
internal_weight=10800 4180 6620 3150 1030 3024 402 1230 2622 2138 516 1622 849 1188
internal_count=10800 4180 6620 3150 1030 3024 402 1230 2622 2138 516 1622 849 1188
is_linear=0
shrinkage=0.05


Tree=50
num_leaves=15
num_cat=0
split_feature=65 65 48 26 61 25 16 25 31 44 64 8 26 37
split_gain=542994 60983.3 20399.6 17786.1 13913.6 10484.6 10930.9 10030.4 7966.18 6857.38 6418.2 6406.98 6399.39 6205.35
threshold=164.23137800000003 84.179539500000018 14.375000000000002 22.487500000000004 -0.68322629814330815 49.740821427561322 285.75061850000003 105.36956620720093 18.112500000000004 48.906250000000007 249.19958150000005 257.88623600000005 22.712500000000002 54.625000000000007
decision_type=2 2 2 2 2 2 2 2 2 2 2 2 2 2
left_child=1 -1 3 4 8 -5 10 -3 -2 -9 13 -10 -4 -7
right_child=2 7 12 5 -6 6 -8 9 11 -11 -12 -13 -14 -15
leaf_value=-0.32216954963272959 0.10281558704529224 -0.055930831961306764 -0.44006661187077678 1.4489118249643418 0.1588701317706033 0.78374853862656491 1.1969793048150399 0.65783612285057702 0.57390431928736063 0.138646723115773 0.70308591600345538 0.005565961401136417 0.21493989085587725 0.40989647383168198
leaf_weight=5718 111 1034 42 41 372 143 84 74 1077 425 827 52 282 518
leaf_count=5718 111 1034 42 41 372 143 84 74 1077 425 827 52 282 518
internal_value=0.000927392 -0.247101 0.507603 0.545594 0.427612 0.663165 0.641764 0.0329288 0.508041 0.216802 0.609638 0.547756 0.128939 0.491837
internal_weight=10800 7251 3549 3225 1612 1613 1572 1533 1240 499 1488 1129 324 661
internal_count=10800 7251 3549 3225 1612 1613 1572 1533 1240 499 1488 1129 324 661
is_linear=0
shrinkage=0.05


Tree=51
num_leaves=15
num_cat=0
split_feature=65 65 65 0 20 61 37 36 61 6 26 37 26 6
split_gain=490896 40241.1 27660.8 13687.7 9510.96 12489.5 9867.8 8767.98 8601.14 6525.17 6491.67 6151.6 6062.18 5897.45
threshold=119.46223000000002 209.30329350000002 28.000000000000004 272.38507200000004 269.23038800000006 -0.68322629814330815 58.875000000000007 20.820312500000004 -0.9733555533461492 197.35418650000003 19.012500000000003 53.375000000000007 19.012500000000003 195.79710850000004
decision_type=2 2 2 2 2 2 2 2 2 2 2 2 2 2
left_child=2 3 -1 7 5 10 -7 -2 -4 -9 -3 -5 -10 -6
right_child=1 4 8 11 13 6 -8 9 12 -11 -12 -13 -14 -15
leaf_value=-0.31575925013634698 -0.090249109499588767 0.33481737224313002 0.64185121891110442 0.84120387809181763 0.78578511722157984 0.63640034889527997 0.12248320390023726 0.31558550101571226 -0.37181812686072602 0.038776501866272815 0.59884055673271919 0.31488837075029685 -0.034600686473684819 0.18789029378206173
leaf_weight=5390 292 283 42 109 471 128 341 633 152 321 1440 116 1036 46
leaf_count=5390 292 283 42 109 471 128 341 633 152 321 1440 116 1036 46
internal_value=0.000906834 0.425071 -0.266943 0.214333 0.539381 0.493389 0.263798 0.149258 -0.0529403 0.222583 0.555695 0.572453 -0.0780228 0.733053
internal_weight=10800 4180 6620 1471 2709 2192 469 1246 1230 954 1723 225 1188 517
internal_count=10800 4180 6620 1471 2709 2192 469 1246 1230 954 1723 225 1188 517
is_linear=0
shrinkage=0.05


Tree=52
num_leaves=15
num_cat=0
split_feature=65 65 48 26 61 33 22 16 9 61 48 48 51 24
split_gain=443585 49637.4 17134.3 15203.3 11394.3 10578.9 9642.79 8837.93 8687.54 8633.69 7124.08 7071.94 5886.55 13709.4
threshold=164.23137800000003 63.145266500000005 14.375000000000002 22.487500000000004 -0.68322629814330815 21.003125000000004 43.916644041666679 285.75061850000003 120.30182250000001 -0.68322629814330815 16.375000000000004 8.3750000000000018 2.5000000000000004 271.97287000000006
decision_type=2 2 2 2 2 2 2 2 2 2 2 2 2 2
left_child=1 -1 3 4 11 8 -5 12 9 -3 -7 -2 13 -8
right_child=2 5 -4 6 -6 10 7 -9 -10 -11 -12 -13 -14 -15
leaf_value=-0.29776608079361705 0.5377475114843171 0.26436345769214803 0.11182122179923148 1.2455018129265101 0.14140004279546378 0.19321986216530826 0.096970189247854915 1.0838607859180633 -0.5043781383900634 -0.23093721366646452 -0.047141855661849252 0.27861982694458826 0.6575144024555295 0.57643712843357009
leaf_weight=5476 854 136 324 56 372 690 200 82 148 245 556 386 685 590
leaf_count=5476 854 136 324 56 372 690 200 82 148 245 556 386 685 590
internal_value=0.000880045 -0.223297 0.458833 0.49365 0.384589 0.00648187 0.602338 0.578421 -0.180651 -0.0539078 0.086012 0.457373 0.549607 0.455329
internal_weight=10800 7251 3549 3225 1612 1775 1613 1557 529 381 1246 1240 1475 790
internal_count=10800 7251 3549 3225 1612 1775 1613 1557 529 381 1246 1240 1475 790
is_linear=0
shrinkage=0.05


Tree=53
num_leaves=15
num_cat=0
split_feature=65 65 65 36 0 37 61 26 32 61 53 22 47 48
split_gain=400557 32693.3 22463.5 11601.4 9865.26 8796.34 18612.9 8140 7989.13 7471.9 6391.4 6324.35 5746.36 5649.3
threshold=119.46223000000002 190.46230900000003 28.000000000000004 18.666666666666668 271.39792050000005 56.375000000000007 -0.5 23.012500000000003 23.587500000000002 -0.9733555533461492 -0.81241147629688992 48.412532828125016 86.505208333333357 3.6250000000000004
decision_type=2 2 2 2 2 2 2 2 2 2 2 2 2 2
left_child=2 4 -1 12 10 -5 7 8 -7 -4 -2 -9 -3 -11
right_child=1 3 9 5 -6 6 -8 11 -10 13 -12 -13 -14 -15
leaf_value=-0.28508867087954165 -0.42567055138041737 -0.23601936766042791 0.59933145323465042 0.68762175242435064 0.47337739999651662 0.4777366011329216 0.13218354280077474 1.2362143028866162 0.091301058664917945 0.43816989356508618 0.10560064846413988 0.60800322874352519 0.48197376815284171 -0.094854036055305596
leaf_weight=5390 60 86 42 452 181 1353 397 43 149 51 789 630 40 1137
leaf_count=5390 60 86 42 452 181 1353 397 43 149 51 789 630 40 1137
internal_value=0.00085505 0.384008 -0.241097 0.463955 0.139295 0.483536 0.447417 0.504869 0.439488 -0.0482435 0.0675984 0.649916 -0.00608473 -0.0716224
internal_weight=10800 4180 6620 3150 1030 3024 2572 2175 1502 1230 849 673 126 1188
internal_count=10800 4180 6620 3150 1030 3024 2572 2175 1502 1230 849 673 126 1188
is_linear=0
shrinkage=0.05


Tree=54
num_leaves=15
num_cat=0
split_feature=65 65 48 16 61 46 37 31 21 64 24 35 33 47
split_gain=362001 40822.3 14629.3 13357.5 10935.1 8762.56 8414.38 7910.02 6891.4 7343.82 7229.85 5890.39 5788.98 5549.88
threshold=164.23137800000003 84.179539500000018 14.375000000000002 272.70666550000004 -0.68322629814330815 48.302083333333336 58.875000000000007 18.112500000000004 24.84785933447807 202.14491250000003 296.45735250000007 19.99635416666667 21.040625000000006 71.028645833333343
decision_type=2 2 2 2 2 2 2 2 2 2 2 2 2 2
left_child=1 -1 3 4 7 -3 -6 -2 9 12 -11 -10 -7 -5
right_child=2 5 -4 13 6 8 -8 -9 11 10 -12 -13 -14 -15
leaf_value=-0.26310224789702036 0.070428796643796185 0.48738308577731104 0.093927660056031675 0.98316352232954562 0.50548746483418661 -0.19298067661620735 0.16590612110220523 0.50051534382324347 -0.69850274195651652 0.18847196844507413 0.93222826050549024 -0.1022777615751933 0.098413147703360987 0.58282611007478247
leaf_weight=5718 114 96 324 132 255 255 641 1808 45 165 40 423 509 275
leaf_count=5718 114 96 324 132 255 255 641 1808 45 165 40 423 509 275
internal_value=0.000832163 -0.201683 0.414534 0.446705 0.40775 0.027428 0.263006 0.475055 -0.0036172 0.0724694 0.337416 -0.160974 0.00102961 0.714757
internal_weight=10800 7251 3549 3225 2818 1533 896 1922 1437 969 205 468 764 407
internal_count=10800 7251 3549 3225 2818 1533 896 1922 1437 969 205 468 764 407
is_linear=0
shrinkage=0.05


Tree=55
num_leaves=15
num_cat=0
split_feature=65 65 48 26 43 16 46 27 21 64 24 35 61 38
split_gain=326748 36849 13205.2 12365.5 9169.47 8317.47 7916.46 7028.32 6234.85 6674.28 6574.61 5470.04 5443.1 10395.7
threshold=164.23137800000003 84.179539500000018 14.375000000000002 20.987500000000004 76.625000000000014 285.75061850000003 48.302083333333336 16.025000000000002 25.015453495174743 202.14491250000003 296.45735250000007 19.99635416666667 -0.29012925520284105 54.625000000000007
decision_type=2 2 2 2 2 2 2 2 2 2 2 2 2 2
left_child=1 -1 3 4 -2 12 -3 -6 9 -8 -11 -10 -5 -14
right_child=2 6 -4 5 7 -7 8 -9 11 10 -12 -13 13 -15
leaf_value=-0.24994944345025588 -0.051045722045046461 0.46326516544081503 0.08924572752903287 0.50032429039459025 -0.28508724563178561 0.97678910399184515 -7.2072540017916435e-05 0.38157256209263102 -0.67996079651768226 0.17837701762494232 0.88675371062283104 -0.098783942119392898 0.61735636740296829 0.001857919442507387
leaf_weight=5718 176 96 324 1883 41 84 776 761 44 167 40 410 118 162
leaf_count=5718 176 96 324 1883 41 84 776 761 44 167 40 410 118 162
internal_value=0.000806068 -0.191596 0.393848 0.424413 0.275536 0.48906 0.0260799 0.347179 -0.00342851 0.0673458 0.318867 -0.15648 0.469676 0.26252
internal_weight=10800 7251 3549 3225 978 2247 1533 802 1437 983 207 454 2163 280
internal_count=10800 7251 3549 3225 978 2247 1533 802 1437 983 207 454 2163 280
is_linear=0
shrinkage=0.05


Tree=56
num_leaves=15
num_cat=0
split_feature=65 65 65 24 49 36 24 13 48 15 37 40 9 8
split_gain=295331 26303.1 16069.2 13678.5 10339.7 9265.01 8583.2 8298.81 6292.82 8443 6025.23 7194.51 5971.85 5484.92
threshold=116.68736850000001 236.40297200000001 24.000000000000004 277.29195150000004 3.5000000000000004 19.556510416666669 322.54412650000006 1.1547367410384408 11.875000000000002 206.32641350000003 63.375000000000007 71.125000000000014 238.56276000000005 159.78292150000001
decision_type=2 2 2 2 2 2 2 2 2 2 2 2 2 2
left_child=2 3 -1 4 5 -2 10 -3 -9 13 11 -5 -12 -10
right_child=1 7 -4 6 -6 -7 -8 8 9 -11 12 -13 -14 -15
leaf_value=-0.25908791967513645 -0.29372458881453467 0.31488963079601717 -0.085598979778901754 0.44472955436725825 -0.1622700119415118 0.22920210797165425 -0.300297952691714 0.58980448527388796 0.53086691835067334 0.59268059566703657 0.41450196155052654 1.0696147680282593 0.03704171862420922 0.012757358354868862
leaf_weight=4686 94 803 1868 285 309 790 47 962 71 214 268 55 172 176
leaf_count=4686 94 803 1868 285 309 790 47 962 71 214 268 55 172 176
internal_value=0.000778406 0.32558 -0.209661 0.194793 0.0863411 0.173328 0.350949 0.444122 0.516776 0.363435 0.390525 0.548654 0.267368 0.163228
internal_weight=10800 4246 6554 2020 1193 884 827 2226 1423 461 780 340 440 247
internal_count=10800 4246 6554 2020 1193 884 827 2226 1423 461 780 340 440 247
is_linear=0
shrinkage=0.05


Tree=57
num_leaves=15
num_cat=0
split_feature=65 65 48 16 61 26 37 26 9 0 9 61 48 6
split_gain=266716 30546.9 11287.9 10944 8919.3 7908.16 6917.5 6754.82 5654.06 7549.09 5620.55 8325.85 6495.23 7578.36
threshold=164.23137800000003 28.000000000000004 14.375000000000002 272.70666550000004 -0.68322629814330815 22.037500000000005 58.875000000000007 19.012500000000003 95.869577000000007 225.17405600000004 120.30182250000001 -0.68322629814330815 3.6250000000000004 62.684561500000008
decision_type=2 2 2 2 2 2 2 2 2 2 2 2 2 2
left_child=1 -1 3 4 7 10 -6 -2 -7 -10 11 -3 -13 -14
right_child=2 5 -4 -5 6 8 -8 -9 9 -11 -12 12 13 -15
leaf_value=-0.23336982795157743 0.19460681001265204 0.24322246375823858 0.074269041937453525 0.62668339316185351 0.43801955104427182 0.37436009773040896 0.13020329764707603 0.45069705704561769 -0.1164643277517115 0.17267786876355432 -0.30601335839283739 0.26283045552670953 -0.14389599409353521 -0.79091690365682576
leaf_weight=5390 309 188 324 407 255 150 641 1613 406 506 263 69 223 56
leaf_count=5390 309 188 324 407 255 150 641 1613 406 506 263 69 223 56
internal_value=0.000754001 -0.173077 0.355859 0.384118 0.348874 0.00157882 0.218198 0.409648 0.0909455 0.0439723 -0.117169 -0.0241113 -0.168816 -0.276125
internal_weight=10800 7251 3549 3225 2818 1861 896 1922 1062 912 799 536 348 279
internal_count=10800 7251 3549 3225 2818 1861 896 1922 1062 912 799 536 348 279
is_linear=0
shrinkage=0.05


Tree=58
num_leaves=15
num_cat=0
split_feature=65 65 65 24 49 36 24 13 48 37 37 40 46 48
split_gain=240930 20440 14507.3 10652.5 8178.8 7895.28 7801.5 7448.18 5565.88 7481.56 5192.12 6445.98 5298.02 4989.57
threshold=119.46223000000002 236.40297200000001 24.000000000000004 277.29195150000004 3.5000000000000004 19.556510416666669 322.54412650000006 1.1547367410384408 11.875000000000002 60.875000000000007 63.375000000000007 71.125000000000014 87.447916666666671 3.6250000000000004
decision_type=2 2 2 2 2 2 2 2 2 2 2 2 2 2
left_child=2 3 -1 4 5 -2 10 -3 -9 -10 11 -5 -12 -4
right_child=1 7 13 6 -6 -7 -8 8 9 -11 12 -13 -14 -15
leaf_value=-0.2344702797859799 -0.27640038799214106 0.27909695610394752 0.41163171773346569 0.40411489801315653 -0.14801455068434108 0.21173694017300726 -0.31560084659444249 0.53893168905207378 0.50276754950726288 0.096334113169572147 0.1815409778999959 0.99617834857531973 0.77407916301772717 -0.08496238107750026
leaf_weight=4686 92 803 51 280 289 766 45 962 260 201 386 55 41 1883
leaf_count=4686 92 803 51 280 289 766 45 962 260 201 386 55 41 1883
internal_value=0.000722675 0.297879 -0.186924 0.179726 0.0816836 0.159135 0.318802 0.401467 0.470276 0.326151 0.356632 0.503995 0.240111 -0.0716611
internal_weight=10800 4180 6620 1954 1147 858 807 2226 1423 461 762 335 427 1934
internal_count=10800 4180 6620 1954 1147 858 807 2226 1423 461 762 335 427 1934
is_linear=0
shrinkage=0.05


Tree=59
num_leaves=15
num_cat=0
split_feature=65 65 48 26 43 46 16 27 35 48 32 61 30 24
split_gain=217656 25169.9 9740.5 9884.12 7932.41 7310.75 6879.84 5822.64 5754.33 8063.05 7327.85 5327.9 5205.69 5119.47
threshold=164.23137800000003 86.418312 14.375000000000002 20.987500000000004 76.625000000000014 48.302083333333336 285.75061850000003 16.025000000000002 19.712500000000002 16.375000000000004 19.262500000000003 -0.68322629814330815 22.762500000000003 235.28737700000002
decision_type=2 2 2 2 2 2 2 2 2 2 2 2 2 2
left_child=1 -1 3 4 -2 -3 13 -6 10 -10 11 -7 -8 -5
right_child=2 5 -4 6 7 8 12 -9 9 -11 -12 -13 -14 -15
leaf_value=-0.20367887778938593 -0.088855656028046459 0.45372091879711507 0.059945385601371526 0.71131183515247121 -0.29368483777202309 0.33438501696465384 1.2383311751276949 0.31267731299335405 0.1412959451572072 -0.12550802497359961 -0.63274210679840737 -0.32187775167135091 0.43931626178497496 0.36926112503854824
leaf_weight=5762 176 93 324 116 41 58 42 761 741 457 76 64 42 2047
leaf_count=5762 176 93 324 116 41 58 42 761 741 457 76 64 42 2047
internal_value=0.00070198 -0.15633 0.32149 0.347739 0.214707 0.0269089 0.40552 0.281352 -0.00182932 0.0394987 -0.250827 -0.00970193 0.848692 0.387925
internal_weight=10800 7251 3549 3225 978 1489 2247 802 1396 1198 198 122 84 2163
internal_count=10800 7251 3549 3225 978 1489 2247 802 1396 1198 198 122 84 2163
is_linear=0
shrinkage=0.05


Tree=60
num_leaves=15
num_cat=0
split_feature=65 65 65 0 31 13 49 36 41 43 43 11 26 26
split_gain=196534 18112.6 11370.6 10378.9 6777.27 6540.88 6252.27 5499.2 5488.01 5302.23 5237.05 7557.38 5644.56 4909.82
threshold=116.68736850000001 236.40297200000001 24.000000000000004 272.38507200000004 24.712500000000002 1.1547367410384408 4.5000000000000009 18.666666666666668 70.875000000000014 77.875000000000014 73.375000000000014 209.05562900000004 24.087500000000002 23.962500000000002
decision_type=2 2 2 2 2 2 2 2 2 2 2 2 2 2
left_child=2 3 -1 4 6 -3 7 -2 -9 -8 11 -7 -12 -6
right_child=1 5 -4 -5 13 10 9 8 -10 -11 12 -13 -14 -15
leaf_value=-0.21256750510500419 -0.34882376044988633 0.24936849722367671 -0.066634932117978413 0.42750644249755232 0.23693875781524254 0.14813007759203353 -0.56816877687678624 -0.10906971282182405 0.17448440940420351 0.013936014076875104 0.47930546875456764 0.4621929331812073 0.932594986250739 0.81133010839653574
leaf_weight=4686 64 803 1868 301 292 306 67 207 955 92 520 517 80 42
leaf_count=4686 64 803 1868 301 292 306 67 207 955 92 520 517 80 42
internal_value=0.000677967 0.265639 -0.170991 0.157113 0.109545 0.364007 0.0606837 0.0989789 0.123921 -0.233371 0.428476 0.345743 0.541195 0.311374
internal_weight=10800 4246 6554 2020 1719 2226 1385 1226 1162 159 1423 823 600 334
internal_count=10800 4246 6554 2020 1719 2226 1385 1226 1162 159 1423 823 600 334
is_linear=0
shrinkage=0.05


Tree=61
num_leaves=15
num_cat=0
split_feature=65 65 65 0 9 26 61 43 35 43 6 9 37 8
split_gain=177403 16373 10262 8871.7 5846.11 7765.17 8298.22 7389.14 5631.9 7763.81 6659.45 5080.78 5162.45 5061.12
threshold=116.68736850000001 215.68714650000004 24.000000000000004 272.38507200000004 270.73891950000007 22.012500000000003 -0.68322629814330815 75.375000000000014 19.99635416666667 76.375000000000014 195.79710850000004 257.43111050000005 51.875000000000007 249.76574550000001
decision_type=2 2 2 2 2 2 2 2 2 2 2 2 2 2
left_child=2 3 -1 8 5 6 13 -7 9 -2 -10 -5 -13 -3
right_child=1 4 -4 11 -6 7 -8 -9 10 -11 -12 12 -14 -15
leaf_value=-0.20194140626139445 -0.63838568359081238 0.33084684265986486 -0.063304969489480001 0.73269682428857064 0.13831565051350589 0.38365238393616619 -0.22784307138829291 0.68949595587757928 0.23066747781474978 0.013138401927798988 -0.016608960633396869 0.58620912078498066 0.029171607572198763 -0.18220613315409306
leaf_weight=4686 55 957 1868 80 337 860 78 259 705 249 443 68 105 50
leaf_count=4686 55 957 1868 80 337 860 78 259 705 249 443 68 105 50
internal_value=0.000656242 0.252391 -0.162443 0.132416 0.33281 0.362473 0.266721 0.454994 0.0846606 -0.106443 0.135315 0.405075 0.250233 0.305217
internal_weight=10800 4246 6554 1705 2541 2204 1085 1119 1452 304 1148 253 173 1007
internal_count=10800 4246 6554 1705 2541 2204 1085 1119 1452 304 1148 253 173 1007
is_linear=0
shrinkage=0.05


Tree=62
num_leaves=15
num_cat=0
split_feature=65 65 65 44 51 30 40 24 61 26 24 36 13 20
split_gain=160294 14116.3 10622.9 8428.63 6689.54 7754.82 7593.8 7568.97 6297.6 6841.55 7704.65 5966.52 5814.43 5190.85
threshold=132.24970350000004 28.000000000000004 236.40297200000001 49.906250000000007 2.5000000000000004 19.112500000000004 67.625000000000014 296.45735250000007 -0.9733555533461492 19.012500000000003 232.32850950000002 18.666666666666668 1.1547367410384408 273.13806300000005
decision_type=2 2 2 2 2 2 2 2 2 2 2 2 2 2
left_child=1 -1 3 13 5 -5 -7 11 -3 -10 -11 -6 -4 -2
right_child=2 8 12 4 7 6 -8 -9 9 10 -12 -13 -14 -15
leaf_value=-0.18191276885786078 0.16371300945807574 0.4762159977166448 0.22057528276302257 -0.66562623761412576 -0.30422491242568339 -0.20567411171938932 0.16661870304084153 0.69066254673035532 -0.30534358755210222 0.67805194918598444 -0.010735389163722598 0.20929464094583877 0.3893877843694416 0.66244009094238288
leaf_weight=5390 91 63 803 40 61 203 416 75 195 41 1217 658 1423 124
leaf_count=5390 91 63 803 40 61 203 416 75 195 41 1217 658 1423 124
internal_value=0.000631788 -0.144007 0.25712 0.161565 0.118147 0.000351219 0.0443911 0.215791 -0.00920701 -0.0305673 0.0122339 0.165366 0.328617 0.453086
internal_weight=10800 6906 3894 1668 1453 659 619 794 1516 1453 1258 719 2226 215
internal_count=10800 6906 3894 1668 1453 659 619 794 1516 1453 1258 719 2226 215
is_linear=0
shrinkage=0.05


Tree=63
num_leaves=15
num_cat=0
split_feature=65 65 31 8 16 61 46 51 36 24 24 31 30 22
split_gain=144869 17390.9 7741.15 6873.28 9538.36 10173.3 6101.29 5043.87 4697.19 6911.82 4698.49 4662.33 4708.63 4389.02
threshold=164.23137800000003 86.418312 18.762500000000003 286.87046450000008 272.70666550000004 -0.68322629814330815 48.302083333333336 1.5000000000000002 18.666666666666668 234.16816900000001 268.06765750000005 18.987500000000004 19.087500000000002 107.89668338020834
decision_type=2 2 2 2 2 2 2 2 2 2 2 2 2 2
left_child=1 -1 13 4 5 -4 -3 -6 -8 -10 11 -11 -13 -2
right_child=2 6 3 -5 7 -7 8 -9 9 10 -12 12 -14 -15
leaf_value=-0.16686075156678692 0.21180379027058371 0.41472125200039528 0.32815486650688197 -0.21386705780785312 0.24947588909417392 0.1229236326010975 -0.50985839596780191 0.60381661053915281 0.55895580974673587 0.111088790109864 0.062087281081765561 -0.62719727645790768 -0.14513400088573966 -0.16881608675946208
leaf_weight=5762 149 93 1777 67 145 917 43 342 55 134 838 62 264 152
leaf_count=5762 149 93 1777 67 145 917 43 342 55 134 838 62 264 152
internal_value=0.000609378 -0.127503 0.26232 0.284793 0.29536 0.258369 0.0248093 0.499042 -0.0014445 0.0150781 -0.00838008 -0.136609 -0.238452 0.0196745
internal_weight=10800 7251 3549 3248 3181 2694 1489 487 1396 1353 1298 460 326 301
internal_count=10800 7251 3549 3248 3181 2694 1489 487 1396 1353 1298 460 326 301
is_linear=0
shrinkage=0.05


Tree=64
num_leaves=15
num_cat=0
split_feature=65 65 65 0 9 26 61 43 26 51 64 54 35 43
split_gain=131140 12225 7949.93 6973.11 4923.27 6688.34 7081.05 6745.04 4738.8 6514.86 5371.21 5520.08 4555.8 6279.12
threshold=116.68736850000001 215.68714650000004 24.000000000000004 272.38507200000004 270.73891950000007 22.037500000000005 -0.68322629814330815 75.375000000000014 26.237500000000004 2.5000000000000004 266.28212850000006 1.0000000180025095e-35 19.99635416666667 75.875000000000014
decision_type=2 2 2 2 2 2 2 2 2 2 2 2 2 2
left_child=2 3 -1 12 5 6 -3 8 9 10 11 -7 13 -2
right_child=1 4 -4 -5 -6 7 -8 -9 -10 -11 -12 -13 -14 -15
leaf_value=-0.17441152078092595 -0.60714637426769036 0.26057200882058262 -0.05239123897214653 0.3550759914646468 0.10811195416133522 0.14861496910452843 -0.23166991794788383 0.6246755474687431 0.4610304457868617 0.40704968316170076 0.28733859323804178 -0.51956805875377055 0.11657660374402906 0.00080000430345535285
leaf_weight=4686 50 1009 1868 253 337 60 78 257 389 239 110 62 1148 254
leaf_count=4686 50 1009 1868 253 337 60 78 257 389 239 110 62 1148 254
internal_value=0.000582759 0.217019 -0.139647 0.11335 0.286509 0.313725 0.22507 0.39972 0.331848 0.224405 0.0353103 -0.192417 0.0710159 -0.100854
internal_weight=10800 4246 6554 1705 2541 2204 1087 1117 860 471 232 122 1452 304
internal_count=10800 4246 6554 1705 2541 2204 1087 1117 860 471 232 122 1452 304
is_linear=0
shrinkage=0.05


Tree=65
num_leaves=15
num_cat=0
split_feature=65 65 61 44 26 32 26 9 7 2 26 16 24 45
split_gain=118485 14337.1 7155.3 11103.9 8272.64 6106.53 5975.76 6810.51 6510.19 5392.98 5289.61 4522.01 4736.1 8214.67
threshold=164.23137800000003 63.145266500000005 -0.29012925520284105 55.468750000000007 20.987500000000004 22.487500000000004 22.037500000000005 97.299574000000021 97.515739500000009 224.99381000000002 16.862500000000004 287.24088100000006 235.28737700000002 82.906250000000014
decision_type=2 2 2 2 2 2 2 2 2 2 2 2 2 2
left_child=1 -1 4 -4 5 10 -3 8 -8 -9 -2 12 13 -6
right_child=2 6 3 -5 11 -7 7 9 -10 -11 -12 -13 -14 -15
leaf_value=-0.15532336170892769 -0.30436310370763148 -0.096313093869403524 0.34067107671655195 -0.082419739027237066 1.0647676186902184 -0.24418333581324375 0.9368065338759195 -0.15925374008363569 0.18276310905974399 0.11605603841245907 0.22099658615292592 0.81690771237332782 0.29757783895363227 0.21811723005576211
leaf_weight=5476 50 772 257 388 55 88 41 248 92 622 828 46 1777 60
leaf_count=5476 50 772 257 388 55 88 41 248 92 622 828 46 1777 60
internal_value=0.000559105 -0.115301 0.23724 0.086427 0.270696 0.150932 0.00818781 0.088637 0.420469 0.0374842 0.190766 0.330284 0.318027 0.628725
internal_weight=10800 7251 3549 645 2904 966 1775 1003 133 870 878 1938 1892 115
internal_count=10800 7251 3549 645 2904 966 1775 1003 133 870 878 1938 1892 115
is_linear=0
shrinkage=0.05


Tree=66
num_leaves=15
num_cat=0
split_feature=65 65 36 64 9 3 9 37 0 9 49 17 37 51
split_gain=107192 10396.1 7360.75 6831.66 7280.96 6230.89 6203.84 8812.02 6369.14 5953.7 5794.73 4944.2 5071.28 4906.43
threshold=116.68736850000001 261.44856600000008 20.950520833333336 204.80695250000002 96.61214750000002 272.71499900000009 257.87228250000004 50.625000000000007 256.03719150000006 197.23703800000001 3.5000000000000004 32.805425614792924 60.875000000000007 2.5000000000000004
decision_type=2 2 2 2 2 2 2 2 2 2 2 2 2 2
left_child=3 2 13 5 -5 -1 8 -8 9 -4 -10 12 -3 -2
right_child=1 11 6 4 -6 -7 7 -9 10 -11 -12 -13 -14 -15
leaf_value=-0.14596586323958979 -0.31237973408387587 0.43486764769558078 0.23695924909897803 0.32222191099178221 -0.13165070062778036 0.19281966168192222 0.37538586783628525 -0.046858217445276899 0.54233662023531026 -0.021194608977652695 0.13342844641731622 0.43988752895928623 0.15259365958817028 0.056341288357014734
leaf_weight=6064 110 226 1042 170 182 138 162 510 268 284 129 495 539 481
leaf_count=6064 110 226 1042 170 182 138 162 510 268 284 129 495 539 481
internal_value=0.000545743 0.196225 0.145319 -0.126235 0.087841 -0.138398 0.184301 0.0553393 0.234537 0.181694 0.410136 0.316653 0.236443 -0.0126987
internal_weight=10800 4246 2986 6554 352 6202 2395 672 1723 1326 397 1260 765 591
internal_count=10800 4246 2986 6554 352 6202 2395 672 1723 1326 397 1260 765 591
is_linear=0
shrinkage=0.05


Tree=67
num_leaves=15
num_cat=0
split_feature=65 65 34 46 48 44 16 60 9 25 36 51 36 49
split_gain=97574.5 13062.4 6154.28 5755.8 5416.88 7202.79 6261.19 4754.53 5760.95 5770.15 5114.85 4205.21 7677.07 5759.43
threshold=176.55369550000003 86.418312 17.311458333333334 48.302083333333336 13.625000000000002 48.593750000000007 282.20391600000005 -0.9733555533461492 114.78420550000001 95.41747064970518 25.415885416666672 2.5000000000000004 25.466666666666672 3.5000000000000004
decision_type=2 2 2 2 2 2 2 2 2 2 2 2 2 2
left_child=1 -1 -2 -3 6 -6 11 -5 10 -10 -9 -4 13 -13
right_child=2 3 4 7 5 -7 -8 8 9 -11 -12 12 -14 -15
leaf_value=-0.13678148783159669 -0.11861449111311231 0.39085733592510224 0.18127480621508663 0.32582526296027936 0.44827287546773953 -0.02990883855056798 0.63531429129997619 0.057460164546711705 -0.3712650575560798 -0.042199136676073404 0.6087927881385321 0.33566284014377745 0.92900344828764592 0.078836563751778832
leaf_weight=5762 127 99 1303 103 100 357 107 496 162 731 45 1087 47 274
leaf_count=5762 127 99 1303 103 100 357 107 496 162 731 45 1087 47 274
internal_value=0.000528772 -0.101385 0.222114 0.0232912 0.23536 0.0754764 0.261252 -0.000622871 -0.0242814 -0.102244 0.104358 0.246259 0.306227 0.284054
internal_weight=10800 7398 3402 1636 3275 457 2818 1537 1434 893 541 2711 1408 1361
internal_count=10800 7398 3402 1636 3275 457 2818 1537 1434 893 541 2711 1408 1361
is_linear=0
shrinkage=0.05


Tree=68
num_leaves=15
num_cat=0
split_feature=65 65 28 9 26 32 43 47 22 51 24 47 37 21
split_gain=88086.2 12181.9 5492.44 5028.8 5403.82 8763.96 7443.62 5773.6 5373.43 5780.62 4757.99 5752.4 4280.88 4452.77
threshold=178.98718450000004 84.179539500000018 17.525000000000002 270.73891950000007 23.012500000000003 23.587500000000002 77.625000000000014 72.334635416666671 145.09375083333336 1.5000000000000002 268.06765750000005 62.600260416666679 51.875000000000007 88.750014985884562
decision_type=2 2 2 2 2 2 2 2 2 2 2 2 2 2
left_child=1 -1 -2 4 5 -4 7 8 9 -6 -3 -12 -5 -14
right_child=2 10 3 12 6 -7 -8 -9 -10 -11 11 -13 13 -15
leaf_value=-0.13054771199026102 -0.067090392770792193 -0.085916398808447772 0.23801319834269485 0.35615417550154099 0.20469676519970637 -0.12309616031530508 0.71186608713430666 0.19471010895316809 0.19621876168304073 0.73706256905518019 0.57444910804430649 0.058181047269825682 -0.13335818967168939 0.22149405444638659
leaf_weight=5718 166 647 1416 107 73 190 119 594 143 176 56 1019 236 140
leaf_count=5718 166 647 1416 107 73 190 119 594 143 176 56 1019 236 140
internal_value=0.000517574 -0.0954425 0.212966 0.227538 0.254017 0.195242 0.339186 0.293532 0.4424 0.582431 0.0211343 0.0855839 0.0786972 -0.000995303
internal_weight=10800 7440 3360 3194 2711 1606 1105 986 392 249 1722 1075 483 376
internal_count=10800 7440 3360 3194 2711 1606 1105 986 392 249 1722 1075 483 376
is_linear=0
shrinkage=0.05


Tree=69
num_leaves=15
num_cat=0
split_feature=65 10 64 9 34 48 16 51 49 24 36 30 37 25
split_gain=79536.1 11141.1 6650.29 9612.2 5100.54 4669.23 5326.78 4898.38 7430.15 12742.5 6142.07 5813.92 4331.55 4226.13
threshold=176.55369550000003 246.93905675000005 193.28148600000003 97.299574000000021 17.311458333333334 14.375000000000002 277.29195150000004 2.5000000000000004 3.5000000000000004 275.84149600000006 25.466666666666672 19.762500000000003 64.875000000000014 108.0147368726637
decision_type=2 2 2 2 2 2 2 2 2 2 2 2 2 2
left_child=1 2 -1 -4 -2 6 7 11 10 -10 -9 -6 -8 -13
right_child=4 -3 3 -5 5 -7 12 8 9 -11 -12 13 -14 -15
leaf_value=-0.12473671625769106 -0.10961883870768362 0.11950566561157115 0.23658343867124626 -0.16203903918499715 -0.13885559817380977 -0.0092746698430231731 0.56432592172641305 0.30395479168735978 -0.4844985551586965 0.25249944537046176 0.90154457410176603 0.22335402067929944 0.06668479391213121 -0.022356720365757168
leaf_weight=6217 127 576 320 285 164 221 191 1143 81 205 44 955 57 214
leaf_count=6217 127 576 320 285 164 221 191 1143 81 205 44 955 57 214
internal_value=0.000505366 -0.0915067 -0.109338 0.0488451 0.200563 0.212621 0.228676 0.208902 0.271764 0.0428084 0.326847 0.139287 0.450676 0.178393
internal_weight=10800 7398 6822 605 3402 3275 3054 2806 1473 286 1187 1333 248 1169
internal_count=10800 7398 6822 605 3402 3275 3054 2806 1473 286 1187 1333 248 1169
is_linear=0
shrinkage=0.05


Tree=70
num_leaves=15
num_cat=0
split_feature=65 10 64 9 36 37 61 35 47 22 15 5 13 10
split_gain=71792.9 10055.8 6002.41 8678 4678.23 4268 9478.29 5476.5 4073.24 3415.97 4823.79 4373.67 3287.34 2859.39
threshold=176.55369550000003 246.93905675000005 193.28148600000003 97.299574000000021 18.395963541666671 59.375000000000007 -0.58216583101416131 23.850000000000005 86.505208333333357 121.52319371875001 206.32641350000003 235.3995955 48.812966766027095 249.35343937500002
decision_type=2 2 2 2 2 2 2 2 2 2 2 2 2 2
left_child=1 2 -1 -4 8 -6 7 12 -2 -8 11 -11 13 -7
right_child=4 -3 3 -5 5 6 9 -9 -10 10 -12 -13 -14 -15
leaf_value=-0.11850088119930186 -0.28583204359140085 0.11354074044543701 0.2247911175706778 -0.15396541440794309 0.31714809751338685 0.15312158787496449 0.20697957266920378 0.68713573871120337 0.31368189403196661 0.033660774525708044 0.22882190860262275 -0.33236933239415045 0.40793715139158648 0.30164074083820791
leaf_weight=6217 91 576 320 285 649 1382 139 61 40 147 98 182 188 425
leaf_count=6217 91 576 320 285 649 1382 139 61 40 147 98 182 188 425
internal_value=0.000487585 -0.0869309 -0.103871 0.046409 0.190558 0.202293 0.173754 0.223611 -0.101785 -0.00742731 -0.077543 -0.169218 0.209101 0.1882
internal_weight=10800 7398 6822 605 3402 3271 2622 2056 131 566 427 329 1995 1807
internal_count=10800 7398 6822 605 3402 3271 2622 2056 131 566 427 329 1995 1807
is_linear=0
shrinkage=0.05


Tree=71
num_leaves=15
num_cat=0
split_feature=65 65 12 36 48 48 9 16 22 30 64 37 65 17
split_gain=64840.1 9475.95 4881.75 4276.15 3996.69 8394.59 3867.47 4837.07 4398.56 8309.38 5157.58 4203.66 4406.15 4080.98
threshold=178.98718450000004 24.000000000000004 272.31199150000003 18.395963541666671 3.6250000000000004 3.8750000000000004 268.97275250000001 277.29195150000004 90.608905307291693 21.812500000000004 244.17024200000003 54.625000000000007 266.28225000000003 32.805425614792924
decision_type=2 2 2 2 2 2 2 2 2 2 2 2 2 2
left_child=1 -1 4 -2 -3 -6 7 8 9 -5 -10 -8 -13 -12
right_child=3 2 -4 6 5 -7 11 -9 10 -11 13 12 -14 -15
leaf_value=-0.12510866375653149 -0.096684990078210839 0.31127013326508973 0.1786826421505201 0.22970895527235113 -0.54087678697868824 -0.025953986604694231 0.31142019131686544 0.45349505325121914 0.058678691329371195 0.75672705437007703 0.15790339828014555 -0.15743518696237574 0.16664774898590162 0.34062683972844932
leaf_weight=4686 131 81 309 360 81 2283 139 203 705 94 819 222 197 490
leaf_count=4686 131 81 309 360 81 2283 139 203 705 94 819 222 197 490
internal_value=0.000472918 -0.0818572 -0.00824502 0.182745 -0.0319324 -0.0438185 0.194108 0.219118 0.199664 0.340251 0.167819 0.0742165 -0.00502808 0.22651
internal_weight=10800 7440 2754 3360 2445 2364 3229 2671 2468 454 2014 558 419 1309
internal_count=10800 7440 2754 3360 2445 2364 3229 2671 2468 454 2014 558 419 1309
is_linear=0
shrinkage=0.05


Tree=72
num_leaves=15
num_cat=0
split_feature=65 65 37 9 24 20 34 64 17 26 45 16 24 24
split_gain=58608.6 6782.23 4935.82 9334.81 7221.28 5352.57 5810.86 4872.71 3943.19 3911.46 6406.59 3699.79 3268.37 3664.56
threshold=119.46223000000002 261.44856600000008 63.375000000000007 259.83896700000008 307.83665100000002 273.13806300000005 27.877083333333335 102.28766700000001 32.805425614792924 19.962500000000002 88.635416666666671 285.75061850000003 274.65417650000006 283.84321050000005
decision_type=2 2 2 2 2 2 2 2 2 2 2 2 2 2
left_child=7 2 4 9 5 6 -2 -1 11 -4 -11 -3 -9 -14
right_child=1 8 3 -5 -6 -7 -8 12 -10 10 -12 -13 13 -15
leaf_value=-0.11304927643997215 0.2224051602204552 0.14573190407801806 -0.0094265424762365393 -0.16693487030149112 -0.35226489863254962 0.41727119615465846 -0.23649893701974167 -0.063647215273762478 0.35392934591359193 0.13490363639564965 0.6971090967362783 0.62918994586382604 0.2762958835912207 -0.013258195021497908
leaf_weight=5344 411 724 477 361 53 288 82 823 495 1196 52 41 182 271
leaf_count=5344 411 724 477 361 53 288 82 823 495 1196 52 41 182 271
internal_value=0.000458615 0.14702 0.105122 0.0639627 0.207869 0.246282 0.145752 -0.0920915 0.243958 0.112353 0.158868 0.17243 -0.00429866 0.103427
internal_weight=10800 4180 2920 2086 834 781 493 6620 1260 1725 1248 765 1276 453
internal_count=10800 4180 2920 2086 834 781 493 6620 1260 1725 1248 765 1276 453
is_linear=0
shrinkage=0.05


Tree=73
num_leaves=15
num_cat=0
split_feature=65 65 19 26 9 13 51 44 48 48 22 24 19 22
split_gain=53127.4 7779.66 4262.79 3896.53 3655.45 4446.52 4733.17 4054.24 3584.84 7450.33 3955.85 3486.92 3448.87 5034.36
threshold=178.98718450000004 24.000000000000004 210.49128250000004 16.862500000000004 268.97275250000001 1.3254992120623699 1.5000000000000002 81.531250000000014 3.6250000000000004 3.8750000000000004 147.83784375520835 307.27302800000007 209.51919550000002 140.03678016666672
decision_type=2 2 2 2 2 2 2 2 2 2 2 2 2 2
left_child=1 -1 8 -2 5 -5 -7 -6 -3 -10 11 12 13 -11
right_child=3 2 -4 4 7 6 -8 -9 9 10 -12 -13 -14 -15
leaf_value=-0.11326890174122235 -0.2689384159504199 0.29418141194959968 0.15783125786464772 0.12156063866513894 0.094026730443220283 0.080831458518389812 0.29502776195853059 -0.42185701073669812 -0.51034602551925479 -0.039732870676603124 0.37205580428975527 -0.44478074401324874 -0.44108322673306177 0.24412378367693985
leaf_weight=4686 50 81 341 1156 537 326 1251 40 81 1924 60 50 48 169
leaf_count=4686 50 81 341 1156 537 326 1251 40 81 1924 60 50 48 169
internal_value=0.00044458 -0.0740794 -0.00738056 0.165435 0.172076 0.196215 0.250828 0.0575956 -0.0307836 -0.0421923 -0.0251271 -0.0361686 -0.0264229 -0.0167071
internal_weight=10800 7440 2754 3360 3310 2733 1577 577 2413 2332 2251 2191 2141 2093
internal_count=10800 7440 2754 3360 3310 2733 1577 577 2413 2332 2251 2191 2141 2093
is_linear=0
shrinkage=0.05


Tree=74
num_leaves=15
num_cat=0
split_feature=65 65 24 37 43 65 36 43 25 20 16 26 51 43
split_gain=47957 5003.56 7743.07 5569.26 9438.4 4875.83 4162.74 4422.15 3818.79 3767.08 3842.77 3703.5 3959.24 5555.23
threshold=132.24970350000004 261.44856600000008 322.54412650000006 62.875000000000007 74.625000000000014 24.000000000000004 23.718229166666671 83.125000000000014 1.3929144003015315 273.13806300000005 271.76304800000008 21.712500000000002 2.5000000000000004 61.875000000000007
decision_type=2 2 2 2 2 2 2 2 2 2 2 2 2 2
left_child=5 2 3 9 11 -1 -6 -8 -7 10 -2 -5 -13 -14
right_child=1 -3 -4 4 6 8 7 -9 -10 -11 -12 12 13 -15
leaf_value=-0.10760665571661628 0.18952347175930079 0.22265011878496016 -0.57223423251083927 -0.30889730723764824 0.097245218185757959 0.41887887460844858 0.17092430308743559 0.58565432819904706 -0.027479942173146751 0.3757908203679583 -0.29358829874545339 -0.13758549513776477 -0.20140612996183338 0.34880779599110912
leaf_weight=4686 398 1260 41 146 948 48 187 98 2172 275 45 299 71 126
leaf_count=4686 398 1260 41 146 948 48 187 98 2172 275 45 299 71 126
internal_value=0.000419669 0.140712 0.101447 0.112315 0.0669046 -0.0786943 0.147811 0.315082 -0.0176447 0.230644 0.139898 -0.08847 -0.0230952 0.150492
internal_weight=10800 3894 2634 2593 1875 6906 1233 285 2220 718 443 642 496 197
internal_count=10800 3894 2634 2593 1875 6906 1233 285 2220 718 443 642 496 197
is_linear=0
shrinkage=0.05


Tree=75
num_leaves=15
num_cat=0
split_feature=65 10 64 9 21 37 43 34 54 21 26 13 9 22
split_gain=43372.3 6727.65 4547.9 7188.4 3674.99 4284.05 8800.12 4537.11 4618.47 3147.31 2967.96 2803.7 2775.45 3114.9
threshold=178.98718450000004 246.93905675000005 193.28148600000003 97.299574000000021 98.266410409459311 54.625000000000007 73.125000000000014 22.328125000000004 1.0000000180025095e-35 75.158553606885491 16.512500000000003 3.3741256270692799 250.58438100000004 145.09375083333336
decision_type=2 2 2 2 2 2 2 2 2 2 2 2 2 2
left_child=1 2 -1 -4 5 -2 9 10 -9 -7 -8 -6 13 -3
right_child=4 12 3 -5 11 6 7 8 -10 -11 -12 -13 -14 -15
leaf_value=-0.093863681963929829 0.29134339689114258 0.31061352503267259 0.21078595589489943 -0.1313046263575503 0.2466497490040549 -0.077779503635959382 -0.25331167804698151 0.68534251872495 0.22024132039397959 0.10033724637773576 0.16021717209912628 0.67438129918141809 0.0035860065110575631 -0.12896081176221225
leaf_weight=6223 365 197 323 291 327 611 44 82 154 416 1318 43 356 50
leaf_count=6223 365 197 323 291 327 611 44 82 154 416 1318 43 356 50
internal_value=0.000402207 -0.0669331 -0.081055 0.0487052 0.149477 0.131 0.108602 0.181956 0.384054 -0.00560353 0.146682 0.298043 0.0930541 0.22147
internal_weight=10800 7440 6837 614 3360 2990 2625 1598 236 1027 1362 370 603 247
internal_count=10800 7440 6837 614 3360 2990 2625 1598 236 1027 1362 370 603 247
is_linear=0
shrinkage=0.05


Tree=76
num_leaves=15
num_cat=0
split_feature=65 65 64 49 35 36 22 9 64 9 65 39 43 51
split_gain=39184 5152.8 4403.28 4449.66 5810.35 8700.96 5710.01 4969.22 3995.3 5001.34 3987.83 3859.76 5168.34 4614.09
threshold=116.68736850000001 261.44856600000008 264.27020500000009 1.0000000180025095e-35 21.171354166666671 21.325911458333337 116.56884092187504 211.30658050000002 206.08085350000002 101.43038050000003 63.145266500000005 51.125000000000007 74.375000000000014 2.5000000000000004
decision_type=2 2 2 2 2 2 2 2 2 2 2 2 2 2
left_child=8 2 3 4 5 -2 -5 -6 -1 10 -10 -8 13 -13
right_child=1 -3 -4 6 7 -7 11 -9 9 -11 -12 12 -14 -15
leaf_value=-0.08547876455548592 0.21032180561358396 0.20347350482085927 0.24311805888414384 -0.32164686602710785 0.65938107444018856 -0.42112382238776225 0.22400836216584419 0.20736933131673499 -0.10915412318964418 -0.11451684234514373 0.40799250161680567 -0.19358500457416611 0.095295016866405208 0.058225232655773076
leaf_weight=6208 162 1260 374 111 81 81 261 242 51 161 134 408 939 327
leaf_count=6208 162 1260 374 111 81 81 261 242 51 161 134 408 939 327
internal_value=0.000392364 0.118701 0.0828739 0.059845 0.183792 -0.00102336 0.0254835 0.322407 -0.0762603 0.0889085 0.265607 0.0455522 0.0176113 -0.0816282
internal_weight=10800 4246 2986 2612 566 243 2046 323 6554 346 185 1935 1674 735
internal_count=10800 4246 2986 2612 566 243 2046 323 6554 346 185 1935 1674 735
is_linear=0
shrinkage=0.05


Tree=77
num_leaves=15
num_cat=0
split_feature=65 3 64 9 16 30 61 37 43 26 8 8 33 22
split_gain=35473.9 5829.37 4289.83 5145.6 3586.42 6889.69 4100.71 6312.9 4065.62 3341.36 3861.21 3252.12 3219.04 2922.61
threshold=178.98718450000004 272.38507200000004 194.21281300000001 97.299574000000021 285.75061850000003 22.562500000000004 -0.72947329433276253 58.875000000000007 73.375000000000014 24.212500000000002 257.88623600000005 264.27020500000009 22.128125000000004 123.50618886979167
decision_type=2 2 2 2 2 2 2 2 2 2 2 2 2 2
left_child=1 2 -1 -4 6 -6 9 -8 13 10 -2 -5 -10 -9
right_child=4 -3 3 11 5 -7 7 8 12 -11 -12 -13 -14 -15
leaf_value=-0.081690931100041261 0.17269712631233425 0.15694790475976628 0.19542566783656584 -0.20062984788755533 0.89266431636280485 0.098056688012791354 0.21215248341842363 0.079452025340987914 0.021548142021103302 0.33095409937306053 -0.082788768023110831 0.13404688925228336 0.33946521537839819 -0.1759230932134182
leaf_weight=6503 1382 295 320 213 44 70 464 157 296 288 165 109 108 386
leaf_count=6503 1382 295 320 213 44 70 464 157 296 288 165 109 108 386
internal_value=0.00037767 -0.0605186 -0.069518 0.0537201 0.135197 0.409843 0.125429 0.0612773 -0.0127925 0.174697 0.145412 -0.0872744 0.107164 -0.102075
internal_weight=10800 7440 7145 642 3360 114 3246 1411 947 1835 1547 322 404 543
internal_count=10800 7440 7145 642 3360 114 3246 1411 947 1835 1547 322 404 543
is_linear=0
shrinkage=0.05


Tree=78
num_leaves=15
num_cat=0
split_feature=65 26 9 8 44 12 43 33 47 36 51 47 32 22
split_gain=32120.7 4774.98 5104.26 4544.12 4234.78 3600.77 5343.27 5332.92 4586.92 5166.48 4157.71 5660.2 5064.08 3668.31
threshold=116.68736850000001 19.012500000000003 270.73891950000007 186.12562650000004 53.781250000000007 272.31199150000003 74.375000000000014 20.940625000000004 71.028645833333343 26.159505208333339 2.5000000000000004 72.091145833333357 28.237500000000004 145.39236452083335
decision_type=2 2 2 2 2 2 2 2 2 2 2 2 2 2
left_child=-1 3 5 -2 -4 6 7 -3 9 -7 11 13 -12 -9
right_child=1 2 4 -5 -6 8 -8 10 -10 -11 12 -13 -14 -15
leaf_value=-0.069032451135360703 0.024962630722671748 -0.22245031318423766 0.22377712235393576 -0.39962025575742532 -0.072970595538737082 0.76035776336987815 0.19784026331310631 0.33913265675618937 0.17432379549421317 0.11980235138360192 0.25916576008673875 -0.15559373270491497 -0.24660256964686728 -0.00136460838708608
leaf_weight=6554 424 150 158 73 492 86 1433 142 285 50 437 284 55 177
leaf_count=6554 424 150 158 73 492 86 1433 142 285 50 437 284 55 177
internal_value=0.000368472 0.107485 0.126787 -0.0380779 -0.000605132 0.153498 0.132037 0.0561988 0.289378 0.527453 0.0945381 0.00647162 0.202241 0.150791
internal_weight=10800 4246 3749 497 650 3099 2678 1245 421 136 1095 603 492 319
internal_count=10800 4246 3749 497 650 3099 2678 1245 421 136 1095 603 492 319
is_linear=0
shrinkage=0.05


Tree=79
num_leaves=15
num_cat=0
split_feature=65 19 64 25 16 30 61 37 43 35 33 22 15 24
split_gain=29312.9 5039.33 4228.37 4939.34 3113.12 6041.74 3650.64 5420.69 3410.36 3098.8 2897.58 2705.55 2832.47 2674.04
threshold=178.98718450000004 210.49128250000004 202.14491250000003 100.68220936795701 285.75061850000003 22.562500000000004 -0.72947329433276253 58.875000000000007 73.375000000000014 23.850000000000005 22.128125000000004 123.50618886979167 209.37194500000001 300.54248650000005
decision_type=2 2 2 2 2 2 2 2 2 2 2 2 2 2
left_child=1 2 -1 -4 6 -6 9 -8 11 -2 -10 -9 -13 -5
right_child=4 -3 3 13 5 -7 7 8 10 -11 -12 12 -14 -15
leaf_value=-0.075778400407603475 0.14989790749316723 0.12832117568680637 -0.058683152142967099 0.31086531337350609 0.8309006705549028 0.08688850488946577 0.19309292142690029 0.077534815362548526 0.013318603977510824 0.5706873879498906 0.31491495985196 -0.25288447372266931 0.047455343245105308 -0.12924825705233076
leaf_weight=6503 1791 356 338 202 44 70 464 157 296 44 108 277 109 41
leaf_count=6503 1791 356 338 202 44 70 464 157 296 44 108 277 109 41
internal_value=0.000354361 -0.0550018 -0.0642313 0.0649203 0.122909 0.378779 0.113809 0.0532849 -0.015348 0.160293 0.0945219 -0.0971164 -0.16817 0.236382
internal_weight=10800 7440 7084 581 3360 114 3246 1411 947 1835 404 543 386 243
internal_count=10800 7440 7084 581 3360 114 3246 1411 947 1835 404 543 386 243
is_linear=0
shrinkage=0.05


Tree=80
num_leaves=15
num_cat=0
split_feature=65 0 9 15 61 26 32 25 26 32 30 49 49 37
split_gain=26473.2 4745.43 4606.64 2933.02 4976.68 3371.6 5286.8 3806.79 3340.81 3312.5 3416.21 3082.42 3055.31 3091.44
threshold=179.94648450000003 230.45112850000001 250.58438100000004 217.18543900000003 -0.70710678118654757 23.412500000000005 22.112500000000004 107.51092097108513 19.012500000000003 28.987500000000004 22.362500000000004 2.5000000000000004 3.5000000000000004 82.875000000000014
decision_type=2 2 2 2 2 2 2 2 2 2 2 2 2 2
left_child=1 -1 -3 4 5 6 8 -7 12 10 -5 -9 13 -2
right_child=3 2 -4 9 -6 7 -8 11 -10 -11 -12 -13 -14 -15
leaf_value=-0.064711058985396155 -0.22592707987417257 0.23914604489440816 -0.02775391984429585 0.33129306118152724 0.023193907325752144 0.33202268618023989 -0.04820145329500039 -0.32184165581646895 0.224915286079785 0.59735519162246165 -0.124850330620058 0.23848071327364007 -0.35512223234762336 0.1977024931481666
leaf_weight=6775 56 259 427 118 1177 406 370 44 771 62 62 53 44 176
leaf_count=6775 56 259 427 118 1177 406 370 44 771 62 62 53 44 176
internal_value=0.00034686 -0.0520213 0.0732159 0.117344 0.104176 0.153782 0.114166 0.264937 0.171536 0.284739 0.174355 -0.0163767 0.022148 0.0949163
internal_weight=10800 7461 686 3339 3097 1920 1417 503 1047 242 180 97 276 232
internal_count=10800 7461 686 3339 3097 1920 1417 503 1047 242 180 97 276 232
is_linear=0
shrinkage=0.05


Tree=81
num_leaves=15
num_cat=0
split_feature=65 26 8 22 46 24 51 49 45 8 37 24 31 36
split_gain=24013.1 5299.14 4911.59 4256.24 6587.44 5718.92 7520.97 6448.48 5393.27 4081.98 3727.16 4352.58 3707.31 4669.52
threshold=86.418312 19.012500000000003 289.75058750000005 30.15955740104167 83.531250000000014 277.29195150000004 2.5000000000000004 3.5000000000000004 88.635416666666671 186.12562650000004 63.875000000000007 307.83665100000002 16.862500000000004 21.664192708333335
decision_type=2 2 2 2 2 2 2 2 2 2 2 2 2 2
left_child=-1 9 3 4 -3 6 -5 12 10 -2 11 -7 -8 -14
right_child=1 2 -4 5 -6 8 7 -9 -10 -11 -12 -13 13 -15
leaf_value=-0.069374932904095729 -0.0038571552202483874 0.63758261960039864 -0.24944173549913398 -0.063913734908461514 0.031907119356434456 0.27287047776310169 -0.30369153801529181 -0.18527424061162906 0.71573365372280751 -0.3656577175078185 0.088181837330710736 -0.13439755694404856 0.29125228502905948 0.088278547441972
leaf_weight=5762 511 92 98 950 87 680 41 153 42 91 1062 72 495 664
leaf_count=5762 511 92 98 950 87 680 41 153 42 91 1062 72 495 664
internal_value=0.00033422 0.0800591 0.0989482 0.106874 0.345017 0.0965444 0.043879 0.119556 0.161835 -0.0590636 0.148623 0.23375 0.158544 0.175143
internal_weight=10800 5038 4436 4338 179 4159 2303 1353 1856 602 1814 752 1200 1159
internal_count=10800 5038 4436 4338 179 4159 2303 1353 1856 602 1814 752 1200 1159
is_linear=0
shrinkage=0.05


Tree=82
num_leaves=15
num_cat=0
split_feature=65 19 64 9 0 28 8 21 13 51 47 9 16 24
split_gain=21987.4 4504.03 3529.8 4406.56 3682.9 2786.56 2900.67 2949.46 3059.23 2916.62 5793.38 3580.57 3488.49 3383.69
threshold=187.97935050000004 210.49128250000004 202.83759850000004 97.299574000000021 154.02411550000002 17.525000000000002 267.62516500000004 93.105668806380606 2.7592496622256166 2.5000000000000004 78.710937500000014 258.3471090000001 276.3691280000001 246.93019750000005
decision_type=2 2 2 2 2 2 2 2 2 2 2 2 2 2
left_child=1 2 -1 -4 -5 -2 7 9 -9 11 13 12 -7 -11
right_child=5 -3 3 4 -6 6 -8 8 -10 10 -12 -13 -14 -15
leaf_value=-0.0654622329023586 -0.093018288511829167 0.12310123160496395 0.19866846605657124 -0.14879315061257384 0.30526097621078846 0.07195558149336842 0.0016599069808779115 0.19156560082569979 0.52169957714720394 0.64303214340879211 0.048388316897102275 -0.13836612715892535 0.46465861647099749 0.23713341580288205
leaf_weight=6608 160 373 295 258 53 787 439 345 88 56 519 192 60 567
leaf_count=6608 160 373 295 258 53 787 439 345 88 56 519 192 60 567
internal_value=0.000320981 -0.0461054 -0.05487 0.0605478 -0.0706838 0.10993 0.120593 0.140558 0.259707 0.116795 0.171922 0.0560966 0.100289 0.274591
internal_weight=10800 7587 7214 606 311 3213 3053 2614 433 2181 1142 1039 847 623
internal_count=10800 7587 7214 606 311 3213 3053 2614 433 2181 1142 1039 847 623
is_linear=0
shrinkage=0.05


Tree=83
num_leaves=15
num_cat=0
split_feature=65 24 24 49 46 47 40 51 61 37 35 47 61 24
split_gain=19852.9 3621.99 7528.59 4558.12 5991.15 6765.96 4603.36 4466.61 3739.83 3814.87 3654.71 3595.85 2912.18 3945.72
threshold=132.24970350000004 300.20324800000009 291.91166700000002 3.5000000000000004 78.692708333333357 71.028645833333343 64.375000000000014 1.5000000000000002 -0.83146961230254512 60.875000000000007 21.313020833333336 81.209635416666671 -0.68322629814330815 274.65417650000006
decision_type=2 2 2 2 2 2 2 2 2 2 2 2 2 2
left_child=12 2 3 8 5 -5 -7 -4 -2 -10 -6 -11 13 -1
right_child=1 -3 7 4 10 6 -8 -9 9 11 -12 -13 -14 -15
leaf_value=-0.0087978801660202003 0.19256162772535201 -0.063689979415397655 0.065948879901991525 0.51910158016445007 -0.24356288512145194 -0.38002486241360511 0.1286168932297462 0.59478300759407177 0.17517201169279784 -0.033282295034113472 0.10828698229043501 0.19244175900925517 -0.061620636986603465 0.30137125710626284
leaf_weight=592 1041 346 60 84 292 59 171 120 570 830 98 223 6191 123
leaf_count=592 1041 346 60 84 292 59 171 120 570 830 98 223 6191 123
internal_value=0.000315864 0.0905812 0.105639 0.0887274 -0.0243961 0.137918 -0.00294107 0.419843 0.11862 0.0711038 -0.155099 0.0146578 -0.0505867 0.0449063
internal_weight=10800 3894 3548 3368 704 314 230 180 2664 1623 390 1053 6906 715
internal_count=10800 3894 3548 3368 704 314 230 180 2664 1623 390 1053 6906 715
is_linear=0
shrinkage=0.05


Tree=84
num_leaves=15
num_cat=0
split_feature=65 0 26 13 12 8 47 47 25 51 64 9 43 36
split_gain=17984 4012.08 2636.33 2391.07 2423.75 6326.21 3292.29 2823.03 4410.5 3170.01 2296.78 4765.81 3027.72 2238.82
threshold=187.97935050000004 272.71499900000009 16.862500000000004 48.812966766027095 256.18699950000007 257.88623600000005 82.002604166666671 76.860677083333357 107.51092097108513 1.5000000000000002 204.80695250000002 101.43038050000003 65.875000000000014 24.591927083333335
decision_type=2 2 2 2 2 2 2 2 2 2 2 2 2 2
left_child=1 10 -2 4 5 -4 7 8 9 -6 -1 -12 -13 -10
right_child=2 -3 3 -5 6 -7 -8 -9 13 -11 11 12 -14 -15
leaf_value=-0.056135946774022838 -0.25748766884572949 0.17176403496925782 0.087750081053917961 0.27629463197372389 0.088248457760357904 -0.23357265406128397 0.49642609467873211 0.0088751444709141824 -0.24702336032321487 0.34097981058816251 0.18076285314668095 0.043395502932601082 -0.28497533869175684 0.10056274636774093
leaf_weight=6779 50 213 1639 191 188 168 64 336 68 369 312 158 125 140
leaf_count=6779 50 213 1639 191 188 168 64 336 68 369 312 158 125 140
internal_value=0.000306957 -0.0416806 0.0994362 0.105158 0.0940704 0.0577635 0.150287 0.129734 0.182737 0.255988 -0.0478685 0.0462614 -0.102137 -0.0137094
internal_weight=10800 7587 3213 3163 2972 1807 1165 1101 765 557 7374 595 283 208
internal_count=10800 7587 3213 3163 2972 1807 1165 1101 765 557 7374 595 283 208
is_linear=0
shrinkage=0.05


Tree=85
num_leaves=15
num_cat=0
split_feature=65 31 65 22 30 24 45 8 32 22 47 12 36 47
split_gain=16456.4 4641.79 4307.86 3626.42 5987.86 3723.82 6124.62 4149.74 3986.98 4235.21 4279.33 3644.5 4954.88 3061.91
threshold=86.418312 16.862500000000004 261.44856600000008 30.15955740104167 21.812500000000004 274.65417650000006 88.635416666666671 291.68292550000007 29.475000000000005 145.39236452083335 70.757812500000014 252.72780600000002 21.850390625000006 63.057291666666679
decision_type=2 2 2 2 2 2 2 2 2 2 2 2 2 2
left_child=-1 -2 3 4 -3 11 7 8 13 10 -10 -5 -13 -7
right_child=1 2 -4 5 -6 6 -8 -9 9 -11 -12 12 -14 -15
leaf_value=-0.057412740528427098 -0.28568502512315047 0.079485686090151983 0.15377034572150478 -0.05821931061428387 0.66438253394892965 0.37190007690136156 0.69269575820100027 -0.32098111679079011 0.71957535945080431 0.016919153317982376 0.13126830495216632 0.31064694148056504 -0.01106257046770963 0.038529624454745309
leaf_weight=5762 91 156 1233 1344 60 72 40 63 73 85 54 178 361 1228
leaf_count=5762 91 156 1233 1344 60 72 40 63 73 85 54 178 361 1228
internal_value=0.000294922 0.0662939 0.072825 0.045918 0.24427 0.0336036 0.0892839 0.0735293 0.0901685 0.29072 0.472409 -0.014174 0.0955577 0.0572649
internal_weight=10800 5038 4947 3714 216 3498 1615 1575 1512 212 127 1883 539 1300
internal_count=10800 5038 4947 3714 216 3498 1615 1575 1512 212 127 1883 539 1300
is_linear=0
shrinkage=0.05


Tree=86
num_leaves=15
num_cat=0
split_feature=65 31 65 22 30 26 51 30 24 24 46 34 26 32
split_gain=14858.3 4193.73 3885.62 3277.56 5414.16 3525.87 3642.55 6768.03 5510.83 5299.47 5117.77 3714.57 3402.61 2917.95
threshold=86.418312 16.862500000000004 261.44856600000008 30.15955740104167 21.812500000000004 18.112500000000004 2.5000000000000004 19.012500000000003 296.45735250000007 287.39276800000005 48.302083333333336 27.633333333333336 24.087500000000002 22.712500000000002
decision_type=2 2 2 2 2 2 2 2 2 2 2 2 2 2
left_child=-1 -2 3 4 -3 -5 7 -7 9 12 -9 -11 -8 -4
right_child=1 2 13 5 -6 6 8 10 -10 11 -12 -13 -14 -15
leaf_value=-0.0545426015299652 -0.27155603955439095 0.075536717053289251 0.23430104322633649 -0.18359840844602637 0.63170798469762346 -0.60066949014968063 0.035540136624196611 0.42615099361964637 0.38574651884877642 -0.042734082503510379 -0.011058267333004771 -0.64431566915860994 0.19731432723384057 0.078903430561399757
leaf_weight=5762 91 156 532 179 60 46 917 69 148 69 1527 40 503 701
leaf_count=5762 91 156 532 179 60 46 917 69 148 69 1527 40 503 701
internal_value=0.000291498 0.0630041 0.0692119 0.0436576 0.232228 0.0319504 0.0436272 -0.00931097 0.0954351 0.0671006 0.00809865 -0.267348 0.0929432 0.146088
internal_weight=10800 5038 4947 3714 216 3498 3319 1642 1677 1529 1596 109 1420 1233
internal_count=10800 5038 4947 3714 216 3498 3319 1642 1677 1529 1596 109 1420 1233
is_linear=0
shrinkage=0.05


Tree=87
num_leaves=15
num_cat=0
split_feature=65 19 19 64 25 43 46 36 26 21 9 13 51 46
split_gain=13534.7 3185.43 2488.29 2835.33 2563.85 2470.29 2447.1 2421.25 2268.68 2258.41 2204.45 2573.3 3059.56 2582.33
threshold=187.97935050000004 210.49128250000004 209.51919550000002 105.70697350000002 100.59176676770393 51.875000000000007 84.276041666666671 18.951302083333335 16.862500000000004 48.225580422138954 269.54124250000001 1.5303055910845107 1.5000000000000002 77.036458333333357
decision_type=2 2 2 2 2 2 2 2 2 2 2 2 2 2
left_child=1 2 3 -1 7 -6 -7 -5 -2 -9 11 -10 -13 -14
right_child=8 -3 -4 4 5 6 -8 9 10 -11 -12 12 13 -15
leaf_value=-0.058066671828121225 -0.24479470506456555 0.10614941881541262 -0.38170033198936532 0.32581353197495144 0.37602896145944087 0.0058610156214903711 0.25895493717245816 -0.065993622868191104 0.053860527181248986 0.30482468823360848 -0.0036153686533585451 0.012443990847579653 0.28668586674306928 0.13331756358898386
leaf_weight=5527 50 373 53 44 69 440 121 918 1158 42 510 307 434 754
leaf_count=5527 50 373 53 44 69 440 121 918 1158 42 510 307 434 754
internal_value=0.000278113 -0.0361471 -0.0435183 -0.0409624 0.0168931 0.0958783 0.0608135 -0.0327155 0.0862751 -0.04947 0.0915843 0.10988 0.153206 0.18954
internal_weight=10800 7587 7214 7161 1634 630 561 1004 3213 960 3163 2653 1495 1188
internal_count=10800 7587 7214 7161 1634 630 561 1004 3213 960 3163 2653 1495 1188
is_linear=0
shrinkage=0.05


Tree=88
num_leaves=15
num_cat=0
split_feature=65 0 40 46 24 49 24 51 41 36 51 8 35 47
split_gain=12214.7 2955.07 2559.52 3114.68 2102.16 8265.57 4446.6 3896.39 2706.92 3613.42 2501.86 4939.98 4233.23 3973.28
threshold=187.97935050000004 274.61923400000006 59.875000000000007 53.848958333333343 277.29195150000004 3.5000000000000004 300.20324800000009 3.5000000000000004 88.125000000000014 18.395963541666671 2.5000000000000004 198.75511050000003 19.467708333333338 76.490885416666671
decision_type=2 2 2 2 2 2 2 2 2 2 2 2 2 2
left_child=1 -1 3 -3 5 8 -6 -7 9 -2 11 12 -11 -13
right_child=4 2 -4 -5 6 7 -8 -9 -10 10 -12 13 -14 -15
leaf_value=-0.039289044727149669 -0.25117170149677021 0.29491535073713115 0.48131762425950236 -0.17370015552190887 0.18279441398063262 -0.075949740915651404 -0.050691985524831257 -0.4801570285325763 0.23225349676191709 -0.37830589571513418 0.13994709643945333 0.1479520208059022 0.15977861645604102 -0.37527309350791527
leaf_weight=7401 85 68 46 72 965 191 258 86 283 40 794 51 339 121
leaf_count=7401 85 68 46 72 965 191 258 86 283 40 794 51 339 121
internal_value=0.000269343 -0.034334 0.161984 0.0543904 0.0819651 0.0502188 0.133538 -0.202719 0.0912144 0.0631597 0.0831964 0.00131227 0.102143 -0.220172
internal_weight=10800 7587 186 140 3213 1990 1223 277 1713 1430 1345 551 379 172
internal_count=10800 7587 186 140 3213 1990 1223 277 1713 1430 1345 551 379 172
is_linear=0
shrinkage=0.05


Tree=89
num_leaves=15
num_cat=0
split_feature=65 31 8 49 22 46 26 36 36 47 47 51 22 36
split_gain=11130.3 3561.27 3599.61 3070.5 8900.12 6620.58 4822.64 5141.77 4740.98 11148.4 3859.82 3543.96 5169.6 10423.6
threshold=86.418312 16.862500000000004 299.42234450000007 3.5000000000000004 147.99442397395833 77.036458333333357 20.987500000000004 19.412760416666668 24.111067708333337 70.365885416666671 69.984375000000014 2.5000000000000004 144.81875300520838 24.743229166666669
decision_type=2 2 2 2 2 2 2 2 2 2 2 2 2 2
left_child=-1 -2 3 11 6 -6 7 -5 9 -8 -10 12 13 -3
right_child=1 2 -4 4 5 -7 8 -9 10 -11 -12 -13 -14 -15
leaf_value=-0.04720412845129518 -0.25376150015255677 0.021122196776510251 -0.36626557701704454 0.25914218073132739 0.13648600861430168 0.8758457467291092 0.8341191068608711 -0.24763683755800719 -0.050811852447969735 0.031111577320154068 -0.60061808967072039 0.13393371585627586 -0.13943848542869092 0.42077129876426378
leaf_weight=5762 91 1120 48 57 94 44 46 371 105 539 45 1949 339 190
leaf_count=5762 91 1120 48 57 94 44 46 371 105 539 45 1949 339 190
internal_value=0.000255016 0.054533 0.0602542 0.0645071 -0.00132263 0.376829 -0.0464788 -0.179699 0.0312355 0.0955697 -0.218639 0.0883042 0.034325 0.0793633
internal_weight=10800 5038 4947 4899 1301 138 1163 428 735 585 150 3598 1649 1310
internal_count=10800 5038 4947 4899 1301 138 1163 428 735 585 150 3598 1649 1310
is_linear=0
shrinkage=0.05


Tree=90
num_leaves=15
num_cat=0
split_feature=61 15 30 16 13 46 22 65 51 36 15 35 46 25
split_gain=10354.3 6797.56 3637.62 3878.76 2940.75 5533.17 3762.87 3688.67 3232.17 2911.74 2820.08 2585.11 2346.05 2285.02
threshold=-0.68322629814330815 206.32641350000003 22.087500000000002 283.37567350000006 1.875683022941101 77.036458333333357 146.20216796354171 258.80591000000004 2.5000000000000004 24.289322916666674 209.93465650000005 20.147395833333338 48.302083333333336 110.25738953028021
decision_type=2 2 2 2 2 2 2 2 2 2 2 2 2 2
left_child=4 -2 3 10 13 6 -6 8 9 11 -3 -7 -4 -1
right_child=1 2 12 -5 5 7 -8 -9 -10 -11 -12 -13 -14 -15
leaf_value=0.022905772966201606 -0.049506957430429266 0.45813370780753238 0.22688352272035212 0.54099925091633438 0.4641010796633529 -0.37377163486348258 -0.036436923748503131 0.20361101753508506 0.092076521236347145 -0.53002034358325456 0.077955766634217327 0.079950115742842456 -0.023091860517022958 0.2549951521483691
leaf_weight=1526 6649 55 107 64 183 44 47 405 363 41 384 103 716 113
leaf_count=1526 6649 55 107 64 183 44 47 405 363 41 384 103 716 113
internal_value=0.000246926 -0.0288918 0.0744386 0.180225 0.082487 0.142428 0.362102 0.0892541 0.00498204 -0.162782 0.126519 -0.0574656 0.00964388 0.0390528
internal_weight=10800 7975 1326 503 2825 1186 230 956 551 188 439 147 823 1639
internal_count=10800 7975 1326 503 2825 1186 230 956 551 188 439 147 823 1639
is_linear=0
shrinkage=0.05


Tree=91
num_leaves=15
num_cat=0
split_feature=61 15 30 12 15 41 49 9 13 7 12 46 51 30
split_gain=9343.9 6139.87 3286.78 3532.58 2704.25 2669.4 4063.07 3963.81 3046.63 4834.21 2481.95 2119.21 2114.8 4696.83
threshold=-0.68322629814330815 206.32641350000003 22.087500000000002 279.75933850000007 209.93465650000005 79.375000000000014 3.5000000000000004 105.66305050000001 1.7959024929715242 95.649514500000024 258.06372000000005 48.302083333333336 2.5000000000000004 19.762500000000003
decision_type=2 2 2 2 2 2 2 2 2 2 2 2 2 2
left_child=5 -2 3 4 -3 8 12 -8 -1 -10 -9 -4 13 -7
right_child=1 2 11 -5 -6 6 7 10 9 -11 -12 -13 -14 -15
leaf_value=0.07260423346605227 -0.04703197936224926 0.44269218482754447 0.21564438618133189 0.48569189218167025 0.066893169269959127 -0.34660727704862415 0.040611086374709525 -0.25799380263224958 0.54285877423511975 0.13362251163792929 0.13828803161159159 -0.021938877450563651 0.15678263172601528 0.090477341844683534
leaf_weight=436 6649 54 107 75 374 72 557 230 110 209 47 716 776 388
leaf_count=436 6649 54 107 75 374 72 557 230 110 209 47 716 776 388
internal_value=0.000241103 -0.0274395 0.0707649 0.171321 0.115228 0.0783658 0.0489694 -0.0362847 0.158791 0.275994 -0.190499 0.00917405 0.106478 0.0214606
internal_weight=10800 7975 1326 503 428 2825 2070 834 755 319 277 823 1236 460
internal_count=10800 7975 1326 503 428 2825 2070 834 755 319 277 823 1236 460
is_linear=0
shrinkage=0.05


Tree=92
num_leaves=15
num_cat=0
split_feature=65 19 19 35 34 64 25 24 43 36 21 26 8 5
split_gain=8452.41 2236.86 2227.49 2087.93 2202.95 2086.79 2087.26 2245.27 2213.05 2066.27 2012.54 1947.73 1967.3 2358.89
threshold=187.97935050000004 210.49128250000004 209.51919550000002 30.372395833333336 30.121875000000006 105.70697350000002 100.59176676770393 307.27302800000007 52.375000000000007 18.951302083333335 48.225580422138954 16.862500000000004 267.62516500000004 267.1966680000001
decision_type=2 2 2 2 2 2 2 2 2 2 2 2 2 2
left_child=1 2 5 4 -3 -1 9 8 -8 -7 -11 -2 -13 -14
right_child=11 3 -4 -5 -6 6 7 -9 -10 10 -12 12 13 -15
leaf_value=-0.046981856364193449 -0.23850381009134591 0.067951137656407937 -0.35468149506314489 -0.22929476832557058 0.38773720347979929 0.30376026799798844 0.39367113568778361 -0.16106451525341106 0.086753820622573155 -0.058519291276035182 0.2915200031773989 0.088944092204315817 -0.078191847172514595 0.22643642870394831
leaf_weight=5527 50 262 53 44 67 44 66 78 486 918 42 2724 363 76
leaf_count=5527 50 262 53 44 67 44 66 78 486 918 42 2724 363 76
internal_value=0.000236975 -0.0285481 -0.0347252 0.0906926 0.134052 -0.0323079 0.017325 0.0885911 0.124096 -0.0274375 -0.0429177 0.0681962 0.0731183 -0.0250596
internal_weight=10800 7587 7214 373 329 7161 1634 630 552 1004 960 3213 3163 439
internal_count=10800 7587 7214 373 329 7161 1634 630 552 1004 960 3213 3163 439
is_linear=0
shrinkage=0.05


Tree=93
num_leaves=15
num_cat=0
split_feature=61 15 30 16 65 13 9 25 17 15 9 19 9 22
split_gain=7898.82 5174.41 2933.75 3199.93 2451.27 3762.24 3485.41 2612.15 2321.83 2283.97 2113.84 2366.55 2242.49 2009.1
threshold=-0.68322629814330815 206.32641350000003 22.087500000000002 283.37567350000006 259.18610850000005 1.7296815123731657 261.92029800000006 1.3929144003015315 81.779257830693879 209.93465650000005 250.58438100000004 210.49128250000004 259.83896700000008 125.64656252604168
decision_type=2 2 2 2 2 2 2 2 2 2 2 2 2 2
left_child=4 -2 3 9 6 -6 7 -1 13 -3 -4 12 -12 -9
right_child=1 2 10 -5 5 -7 -8 8 -10 -11 11 -13 -14 -15
leaf_value=0.4239676854397274 -0.043208238498556352 0.40958793562437806 0.087258246322304431 0.48760320993570183 0.03225562625364372 0.22527095794177324 -0.41303735543042425 -0.027790124083283952 0.38851809346562494 0.067468018433829033 -0.50071841945043871 0.053155271228175927 -0.10375729976062265 0.081489900827131465
leaf_weight=44 6649 55 409 64 478 535 41 817 45 384 44 196 174 865
leaf_count=44 6649 55 409 64 478 535 41 817 45 384 44 196 174 865
internal_value=0.000228272 -0.025222 0.0649314 0.159933 0.0720582 0.134315 0.0371984 0.0478489 0.0380265 0.111164 0.00674468 -0.0728151 -0.185798 0.0284242
internal_weight=10800 7975 1326 503 2825 1013 1812 1771 1727 439 823 414 218 1682
internal_count=10800 7975 1326 503 2825 1013 1812 1771 1727 439 823 414 218 1682
is_linear=0
shrinkage=0.05


Tree=94
num_leaves=15
num_cat=0
split_feature=61 15 6 41 49 9 47 10 47 35 51 16 9 12
split_gain=7130.18 4671.65 2737.22 2349.87 3351.35 3748.95 2721.93 3344.63 2824.83 2426.04 2347.11 2354.7 2246.95 2187.69
threshold=-0.68322629814330815 206.32641350000003 197.35418650000003 79.375000000000014 3.5000000000000004 105.66305050000001 68.430989583333357 53.323914875000007 69.101562500000014 21.92604166666667 1.5000000000000002 286.83628450000003 252.53072750000004 258.06372000000005
decision_type=2 2 2 2 2 2 2 2 2 2 2 2 2 2
left_child=3 -2 10 6 -5 -6 9 -8 -9 -1 -3 -12 -4 -7
right_child=1 2 12 4 5 13 7 8 -10 -11 11 -13 -14 -15
leaf_value=-0.17116782436441436 -0.041048151281578259 -0.051161590371280909 0.095929263409826979 0.093120716972744877 0.038249985098890549 -0.24986644045236114 0.094046907915035269 0.66304059756535394 0.24751372499646798 0.12156281554083199 0.17523124484930458 0.57633974371211871 -0.063767855689403116 0.12227710157943268
leaf_weight=94 6649 99 412 1236 557 230 199 62 123 277 303 41 471 47
leaf_count=94 6649 99 412 1236 557 230 199 62 123 277 303 41 471 47
internal_value=0.000222266 -0.0239581 0.0617037 0.0684678 0.0408904 -0.0365346 0.143923 0.237072 0.389587 0.0471331 0.162974 0.22457 0.0107696 -0.18651
internal_weight=10800 7975 1326 2825 2070 834 755 384 185 371 443 344 883 277
internal_count=10800 7975 1326 2825 2070 834 755 384 185 371 443 344 883 277
is_linear=0
shrinkage=0.05


Tree=95
num_leaves=15
num_cat=0
split_feature=61 15 8 13 24 46 54 29 24 25 21 22 32 65
split_gain=6436.84 4218.58 2552.06 2182.68 4568.1 5841.67 2402 2587.28 3245.72 2028.44 3130.92 2004.51 2003.53 2022.8
threshold=-0.68322629814330815 206.32641350000003 289.75058750000005 1.875683022941101 299.84416550000009 77.796875000000014 1.0000000180025095e-35 20.987500000000004 243.11060200000003 110.25738953028021 1.2382070770162167e-05 30.15955740104167 22.237500000000004 269.64402950000004
decision_type=2 2 2 2 2 2 2 2 2 2 2 2 2 2
left_child=3 -2 -3 9 5 -5 7 8 -7 11 -11 -1 13 -8
right_child=1 2 -4 4 -6 6 12 -9 -10 10 -12 -13 -14 -15
leaf_value=0.23001109503134334 -0.038996051795885694 0.075323347582498507 -0.22886910703645588 0.36733323317102828 -0.26963541593609586 0.075939289966020104 0.16317464013331945 0.18022339347778826 -0.26236610001676697 0.5172192732910984 -0.008733796130584939 -0.0026420444966358397 0.0034905175864696509 0.46840095821889521
leaf_weight=98 6649 1254 72 227 71 144 266 128 138 51 62 1428 144 68
leaf_count=98 6649 1254 72 227 71 144 266 128 138 51 62 1428 144 68
internal_value=0.000218792 -0.0227558 0.0586461 0.0650614 0.1167 0.14152 0.0834472 -0.00537439 -0.0899565 0.0276468 0.231098 0.0124398 0.159485 0.226529
internal_weight=10800 7975 1326 2825 1186 1115 888 410 282 1639 113 1526 478 334
internal_count=10800 7975 1326 2825 1186 1115 888 410 282 1639 113 1526 478 334
is_linear=0
shrinkage=0.05


Tree=96
num_leaves=15
num_cat=0
split_feature=61 37 20 20 24 24 24 49 24 61 9 24 47 24
split_gain=5813.02 3877.72 3109.96 3798.6 2410 2096.49 3868.81 3265.73 4626.84 2677.66 2162.46 2003.02 2758.99 2213.69
threshold=-0.68322629814330815 55.125000000000007 273.13806300000005 271.81374600000009 298.46041100000008 274.65417650000006 299.84416550000009 3.5000000000000004 273.12119300000006 -0.9733555533461492 120.30182250000001 278.14094900000003 79.207031250000014 294.91375700000009
decision_type=2 2 2 2 2 2 2 2 2 2 2 2 2 2
left_child=5 2 3 -2 -4 7 11 -1 10 -8 -9 -7 13 -13
right_child=1 -3 4 -5 -6 6 9 8 -10 -11 -12 12 -14 -15
leaf_value=0.087416610908711292 0.046683920067643714 -0.034118605560564667 0.24291083639850319 -0.38369502879417783 -0.16249669336137318 0.37093439393148231 -0.39522454600036144 0.024089196285345612 -0.50579524764827655 0.035557795034972237 -0.20440219956179784 0.13466110096437373 -0.13509339761454614 0.40674624991913638
leaf_weight=1113 509 7067 302 56 41 110 49 627 50 129 123 456 79 89
leaf_count=1113 509 7067 302 56 41 110 49 627 50 129 123 456 79 89
internal_value=0.000213731 -0.0216192 0.0755944 0.00342435 0.19412 0.0618342 0.124178 0.0320631 -0.0449606 -0.0845738 -0.0136057 0.174848 0.139744 0.179757
internal_weight=10800 7975 908 565 343 2825 912 1913 800 178 750 734 624 545
internal_count=10800 7975 908 565 343 2825 912 1913 800 178 750 734 624 545
is_linear=0
shrinkage=0.05


Tree=97
num_leaves=15
num_cat=0
split_feature=61 52 65 13 41 51 65 22 37 20 15 8 51 52
split_gain=5352 4016.72 3139.36 2924.82 3299.15 3850.84 3955.73 3469.67 2612.71 3298.57 2804.24 2763.24 2540.63 2535.08
threshold=-0.3520614488341256 0.81241147629689026 79.608916500000007 1.7959024929715242 78.875000000000014 2.5000000000000004 241.48661900000005 145.83517119791671 50.625000000000007 273.13806300000005 210.20160850000005 299.42234450000007 1.5000000000000002 0.77259657388510639
decision_type=2 2 2 2 2 2 2 2 2 2 2 2 2 2
left_child=3 8 -3 -1 7 6 12 -5 9 10 -2 13 -6 -10
right_child=1 2 -4 4 5 -7 -8 -9 11 -11 -12 -13 -14 -15
leaf_value=0.010440055704783133 0.079493300940903178 -0.11218367705882436 -0.65319848792119473 0.32649271637347388 -0.099764680655233653 0.12133502952301756 0.04265910956753776 0.0038445660920162512 -0.032677045138996157 0.25360967325581674 -0.29513601089517277 -0.42588949759744787 -0.52317671584120651 0.20538027022164643
leaf_weight=2511 180 70 43 262 88 828 306 122 5920 187 68 43 59 113
leaf_count=2511 180 70 43 262 88 828 306 122 5920 187 68 43 59 113
internal_value=0.00020086 -0.0277449 -0.32198 0.0445246 0.0958907 0.0572648 -0.0598531 0.224261 -0.0225897 0.095648 -0.0240004 -0.031069 -0.272092 -0.0281849
internal_weight=10800 6624 113 4176 1665 1281 453 384 6511 435 248 6076 147 6033
internal_count=10800 6624 113 4176 1665 1281 453 384 6511 435 248 6076 147 6033
is_linear=0
shrinkage=0.05


Tree=98
num_leaves=15
num_cat=0
split_feature=65 24 24 49 49 46 42 9 44 61 9 2 0 8
split_gain=4877.34 2099.07 4921.76 3179.49 2302.8 3742.28 2614.28 3910.47 2198.95 2235.95 2083.78 2883.36 2267.54 3017.68
threshold=132.24970350000004 300.20324800000009 291.91166700000002 1.5000000000000002 3.5000000000000004 85.614583333333357 77.875000000000014 188.96636500000002 81.093750000000014 -0.95642797789208678 270.73891950000007 246.65161950000001 256.03719150000006 258.65802250000007
decision_type=2 2 2 2 2 2 2 2 2 2 2 2 2 2
left_child=-1 2 4 -4 10 6 7 -6 9 -3 12 -12 13 -2
right_child=1 8 3 -5 5 -7 -8 -9 -10 -11 11 -13 -14 -15
leaf_value=-0.025044360988363098 0.069746283107748108 -0.42477915722131732 0.051798504759391698 0.48075384618287242 0.039659347144637522 -0.26019118886265979 -0.050344620749035889 0.57864012797565567 0.26714423856742325 -0.058877009961478682 -0.27697637430632238 0.033039218426388031 0.17432114198850113 -0.25059502111239867
leaf_weight=6906 1639 49 72 108 126 148 385 45 41 256 96 330 523 76
leaf_count=6906 1639 49 72 108 126 148 385 45 41 256 96 330 523 76
internal_value=0.000185731 0.0449262 0.0563927 0.310406 0.0427291 -0.0376558 0.021941 0.184036 -0.0724792 -0.118857 0.0639781 -0.0373085 0.0832659 0.0554126
internal_weight=10800 3894 3548 180 3368 704 556 171 346 305 2664 426 2238 1715
internal_count=10800 3894 3548 180 3368 704 556 171 346 305 2664 426 2238 1715
is_linear=0
shrinkage=0.05


Tree=99
num_leaves=15
num_cat=0
split_feature=61 15 30 37 24 65 9 13 49 65 34 48 17 15
split_gain=4647.6 3249.72 2290.32 2717.2 3131.61 2049.69 2976.3 2424.58 1886.29 2940.34 3457.58 4316.05 2593.39 2301.65
threshold=-0.72947329433276253 206.32641350000003 22.087500000000002 63.875000000000007 293.19208500000008 259.18610850000005 261.60709800000006 1.3254992120623699 1.0000000180025095e-35 71.13744800000002 21.021875000000005 5.3750000000000009 2.5927198770225745e-06 204.90357700000001
decision_type=2 2 2 2 2 2 2 2 2 2 2 2 2 2
left_child=5 8 3 4 -3 6 -1 -7 9 -2 12 -12 -11 -10
right_child=1 2 -4 -5 -6 7 -8 -9 13 10 11 -13 -14 -15
leaf_value=0.035934144107602581 -0.03650092487749846 0.15275972323776302 0.0018481615321440802 -0.031944804922020509 0.57834194851856613 0.016806943338507643 -0.39038352263825282 0.18223859716856589 -0.039033030102970545 -0.32965306761088198 0.72426834164596188 0.15893136294455165 0.12888997349267203 -0.317830980916818
leaf_weight=1627 574 294 828 162 50 363 41 568 5858 53 40 197 71 74
leaf_count=1627 574 294 828 162 50 363 41 568 5858 53 40 197 71 74
internal_value=0.000178057 -0.0182874 0.0530971 0.13679 0.216115 0.0584293 0.0252275 0.117823 -0.0321604 0.0338186 0.145421 0.256989 -0.0681695 -0.0425639
internal_weight=10800 8201 1334 506 344 2599 1668 931 6867 935 361 237 124 5932
internal_count=10800 8201 1334 506 344 2599 1668 931 6867 935 361 237 124 5932
is_linear=0
shrinkage=0.05


Tree=100
num_leaves=15
num_cat=0
split_feature=61 15 30 24 16 65 9 13 17 9 22 47 24 54
split_gain=4193.42 2934.63 2069.23 2518.04 1957.98 1850.74 2692.29 2199.45 1735.78 1904.91 3133.96 3150.72 2882.76 1855.02
threshold=-0.72947329433276253 206.32641350000003 22.087500000000002 248.42321500000003 283.37567350000006 259.18610850000005 261.60709800000006 1.4877201630854719 81.779257830693879 105.66305050000001 125.64656252604168 83.154947916666671 261.72028600000004 -0.8783796973249266
decision_type=2 2 2 2 2 2 2 2 2 2 2 2 2 2
left_child=5 -2 3 -3 -5 6 8 -7 9 13 11 -11 -12 -1
right_child=1 2 -4 4 -6 7 -8 -9 -10 10 12 -13 -14 -15
leaf_value=0.18774646018306174 -0.030550280021011397 -0.2464351734010185 0.0017558647758513916 0.12089302012029646 0.41552624754381906 0.020935438974679074 -0.37132908684378935 0.17681430369334789 0.33693191172636072 -0.29058263068342344 0.37773908062039746 0.1214331494540804 -0.010827080584073693 0.028627270863313847
leaf_weight=245 6867 40 828 401 65 388 41 543 45 178 55 62 323 719
leaf_count=245 6867 40 828 401 65 388 41 543 45 178 55 62 323 719
internal_value=0.000173018 -0.017367 0.0504685 0.130019 0.162792 0.0555048 0.0239555 0.111943 0.0341385 0.0253182 -0.0431641 -0.184083 0.0465578 0.06922
internal_weight=10800 8201 1334 506 466 2599 1668 931 1627 1582 618 240 378 964
internal_count=10800 8201 1334 506 466 2599 1668 931 1627 1582 618 240 378 964
is_linear=0
shrinkage=0.05


Tree=101
num_leaves=15
num_cat=0
split_feature=61 37 16 29 41 22 49 24 35 47 47 47 10 47
split_gain=3797.16 2793.02 2510.59 2189.16 1752.34 3081.75 2761.86 2825.01 2929.6 2648.18 2688.74 2291.38 2547.4 2359.27
threshold=-0.68322629814330815 55.125000000000007 277.29195150000004 30.212500000000002 79.375000000000014 147.99442397395833 3.5000000000000004 245.28664100000003 19.132291666666671 73.740885416666671 79.141927083333357 68.430989583333357 53.323914875000007 69.101562500000014
decision_type=2 2 2 2 2 2 2 2 2 2 2 2 2 2
left_child=4 2 -2 -4 11 6 -6 -8 -9 -10 -11 -1 -13 -14
right_child=1 -3 3 -5 5 -7 7 8 9 10 -12 12 13 -15
leaf_value=0.026375206458502484 0.016216922162012631 -0.028085706176642574 0.27852873474320505 -0.11788191500791284 0.065069221051567913 0.42213402314810083 0.043691366258294083 -0.46619611177903919 -0.32917758134109054 0.074432221533421647 -0.27521145229001304 0.075802646272815771 0.58337923032896855 0.20411851256334734
leaf_weight=371 676 7067 190 42 1201 47 390 59 87 213 73 199 62 123
leaf_count=371 676 7067 190 42 1201 47 390 59 87 213 73 199 62 123
internal_value=0.000168249 -0.0174775 0.0650263 0.206567 0.049971 0.0261624 0.0167589 -0.0538192 -0.141747 -0.0893176 -0.0154605 0.115127 0.200582 0.333675
internal_weight=10800 7975 908 232 2825 2070 2023 822 432 373 286 755 384 185
internal_count=10800 7975 908 232 2825 2070 2023 822 432 373 286 755 384 185
is_linear=0
shrinkage=0.05


Tree=102
num_leaves=15
num_cat=0
split_feature=61 52 65 33 49 22 47 46 22 24 24 30 25 24
split_gain=3501.6 3613.35 2837.46 2219.44 2467.51 6279.66 4362.86 2256.46 3091.19 2481.67 2229.02 5431.26 5494.43 3119.3
threshold=-0.3520614488341256 0.81241147629689026 79.608916500000007 16.993750000000002 3.5000000000000004 147.99442397395833 65.013020833333357 89.380208333333357 143.0390328854167 241.72029500000002 263.86678650000005 21.487500000000004 94.642039629914848 266.28453700000006
decision_type=2 2 2 2 2 2 2 2 2 2 2 2 2 2
left_child=3 -2 -3 -1 10 7 -7 8 -6 -9 11 12 -5 -12
right_child=1 2 -4 4 5 6 -8 9 -10 -11 13 -13 -14 -15
leaf_value=-0.22158587100552168 -0.017552921071769974 -0.10213401057350804 -0.61637856472622277 0.010314608069157669 0.013391211137501172 0.099144592458331904 0.71449702878793087 -0.040742769214163602 -0.28478250420221718 -0.38388486135835675 -0.22170286534406314 0.49866121454124762 0.31546607407759514 0.058407870286159604
leaf_weight=81 6511 70 43 533 1329 73 47 132 92 87 106 93 203 1400
leaf_count=81 6511 70 43 533 1329 73 47 132 92 87 106 93 203 1400
internal_value=0.00016249 -0.0224418 -0.30151 0.0360143 0.0411626 -0.0035449 0.344071 -0.0291744 -0.00610018 -0.178185 0.0748478 0.140647 0.0947939 0.0385582
internal_weight=10800 6624 113 4176 4095 1760 120 1640 1421 219 2335 829 736 1506
internal_count=10800 6624 113 4176 4095 1760 120 1640 1421 219 2335 829 736 1506
is_linear=0
shrinkage=0.05


Tree=103
num_leaves=15
num_cat=0
split_feature=12 8 61 47 48 11 22 47 12 19 36 49 32 41
split_gain=3192.58 3914.58 3013.1 2632.95 2337.1 2656.66 1929.45 2408.47 4042.56 2279.37 1777.35 3231.31 1611.3 3311.59
threshold=256.18699950000007 299.42234450000007 -0.84874750804349197 82.167968750000014 8.3750000000000018 106.80737550000002 150.09946341666671 71.028645833333343 273.78285000000005 199.52700100000001 21.914973958333338 1.5000000000000002 21.662500000000005 80.875000000000014
decision_type=2 2 2 2 2 2 2 2 2 2 2 2 2 2
left_child=2 3 4 6 5 -1 7 8 9 -2 11 -9 -6 -14
right_child=1 -3 -4 -5 12 -7 -8 10 -10 -11 -12 -13 13 -15
leaf_value=0.083876628349578292 0.13051423072211699 -0.40060574965344542 -0.025891997700290222 0.37458570734935182 0.066695484165217575 0.4914124829960721 -0.160906901545674 0.35325273294175896 0.3538790840826308 -0.19714078892155418 0.0073803464851972438 -0.077311827468912353 0.10988640697570901 -0.18581496738449291
leaf_weight=863 219 44 7320 68 322 41 93 106 179 69 989 73 145 269
leaf_count=863 219 44 7320 68 322 41 93 106 179 69 989 73 145 269
internal_value=0.000153538 0.0601243 -0.0121672 0.0716284 0.0490705 0.102883 0.0594967 0.0721241 0.167973 0.051603 0.0336899 0.178205 -0.0170746 -0.0822328
internal_weight=10800 1840 8960 1796 1640 904 1728 1635 467 288 1168 179 736 414
internal_count=10800 1840 8960 1796 1640 904 1728 1635 467 288 1168 179 736 414
is_linear=0
shrinkage=0.05


Tree=104
num_leaves=15
num_cat=0
split_feature=61 52 65 52 24 49 24 45 26 24 30 25 47 51
split_gain=2947.72 3255.21 2567.82 2198.48 2046.04 4399.63 4183.14 3099.11 2452.53 2308.41 4885.07 4960.65 2953.54 3010.21
threshold=-0.3520614488341256 0.81241147629689026 79.608916500000007 0.77259657388510639 274.65417650000006 3.5000000000000004 271.88509600000003 88.635416666666671 16.862500000000004 263.86678650000005 21.487500000000004 94.642039629914848 76.986979166666671 2.5000000000000004
decision_type=2 2 2 2 2 2 2 2 2 2 2 2 2 2
left_child=4 3 -3 -2 5 8 -7 -6 -1 10 11 -10 -11 -14
right_child=1 2 -4 -5 7 6 -8 -9 9 12 -12 -13 13 -15
leaf_value=-0.25985176115574543 -0.019824348456152937 -0.095822872662208458 -0.58499489616264 0.20170116132730823 0.069277294704596357 -0.029100104368344783 -0.31247931489027136 0.50557967035870421 0.0081490538076156305 0.12171301763263016 0.47001364183552719 0.29742853501081173 -0.28192283421350545 0.01290681642007478
leaf_weight=56 6398 70 43 113 1353 1036 148 41 542 313 93 203 128 263
leaf_count=56 6398 70 43 113 1353 1036 148 41 542 313 93 203 128 263
internal_value=0.000150137 -0.0205895 -0.285467 -0.0159493 0.0330445 0.00826127 -0.0647563 0.0824629 0.0623686 0.0742313 0.130252 0.0872659 0.00745708 -0.0840833
internal_weight=10800 6624 113 6511 4176 2782 1184 1394 1598 1542 838 745 704 391
internal_count=10800 6624 113 6511 4176 2782 1184 1394 1598 1542 838 745 704 391
is_linear=0
shrinkage=0.05


Tree=105
num_leaves=15
num_cat=0
split_feature=12 8 61 47 48 11 22 47 22 24 32 24 41 32
split_gain=2808.46 3520.74 2545.48 2379.32 2054.37 2308.79 1743.92 2136.57 3887.66 3360.31 1786.51 1599.45 1645.08 1892.03
threshold=256.18699950000007 299.42234450000007 -0.84874750804349197 82.167968750000014 8.3750000000000018 106.80737550000002 150.09946341666671 71.028645833333343 145.37535585416671 276.63258750000006 30.087500000000002 285.31225600000005 82.875000000000014 21.562500000000004
decision_type=2 2 2 2 2 2 2 2 2 2 2 2 2 2
left_child=2 3 4 6 5 -1 7 8 9 -2 -11 12 -6 -14
right_child=1 -3 -4 -5 11 -7 -8 -9 -10 10 -12 -13 13 -15
leaf_value=0.077608166613956406 -0.038108933669841527 -0.38054639533162121 -0.024027576176510718 0.35529471458192319 0.14141013934635199 0.45752243711834861 -0.15376746511839806 0.03157457975229333 -0.06101866826828254 0.28011117299215349 0.64545002448849564 -0.24632667747420678 0.051441400860640529 -0.14322958062312971
leaf_weight=863 76 44 7320 68 168 41 93 1168 141 210 40 68 268 232
leaf_count=863 76 44 7320 68 168 41 93 1168 141 210 40 68 268 232
internal_value=0.000143106 0.0563906 -0.0114127 0.0673009 0.0448729 0.0953253 0.0557689 0.0677742 0.158051 0.252699 0.340904 -0.0171411 0.00652251 -0.0389915
internal_weight=10800 1840 8960 1796 1640 904 1728 1635 467 326 250 736 668 500
internal_count=10800 1840 8960 1796 1640 904 1728 1635 467 326 250 736 668 500
is_linear=0
shrinkage=0.05


Tree=106
num_leaves=15
num_cat=0
split_feature=10 8 52 7 38 24 44 36 24 24 48 21 22 42
split_gain=2584.64 2845.18 1994.32 1974.18 3000.24 2482.31 3636.81 1892.33 2412.06 2400.49 1882.39 1732.28 1524.8 1785.95
threshold=248.05234025000001 299.42234450000007 0.84874750804349197 24.000000000000004 81.875000000000014 296.45735250000007 83.656250000000014 21.825520833333339 273.99644800000004 266.90505200000007 6.6250000000000009 1.3134761892532257e-05 149.45172806250002 71.375000000000014
decision_type=2 2 2 2 2 2 2 2 2 2 2 2 2 2
left_child=2 7 -1 4 -4 10 -7 8 -2 -9 11 -5 13 -11
right_child=1 -3 3 5 -6 6 -8 9 -10 12 -12 -13 -14 -15
leaf_value=-0.022234423371294464 0.27498519339455435 -0.33431257852249674 0.54315355045850888 -0.023403948432874144 0.087519268536722511 0.036438897045759054 0.51065776494600001 -0.17478832163543037 -0.12533545016925385 0.25630587901060403 0.069186450855183199 -0.22530380584009482 -0.12787314299097721 0.059421961397811175
leaf_weight=7238 194 44 42 825 230 129 58 112 46 129 516 121 93 1023
leaf_count=7238 194 44 42 825 230 129 58 112 46 129 516 121 93 1023
internal_value=0.000140549 0.0579074 -0.0102146 0.035062 0.159606 0.0144343 0.185457 0.0689162 0.198055 0.0459475 -0.00755252 -0.049439 0.0659292 0.081672
internal_weight=10800 1641 9159 1921 272 1649 187 1597 240 1357 1462 946 1245 1152
internal_count=10800 1641 9159 1921 272 1649 187 1597 240 1357 1462 946 1245 1152
is_linear=0
shrinkage=0.05


Tree=107
num_leaves=15
num_cat=0
split_feature=12 8 61 47 24 46 32 22 47 36 40 47 24 47
split_gain=2364.55 2926.87 2125.79 2116.97 1814.26 2362.09 2070.4 2217.31 4620.66 2132.27 2039.63 2030.37 1990.64 1927.01
threshold=256.18699950000007 299.42234450000007 -0.84874750804349197 82.167968750000014 300.20324800000009 78.114583333333357 21.562500000000004 125.64656252604168 78.173177083333357 21.355208333333337 69.875000000000014 78.710937500000014 263.86678650000005 81.417968750000014
decision_type=2 2 2 2 2 2 2 2 2 2 2 2 2 2
left_child=2 3 4 -2 5 10 7 8 9 -7 -1 12 -9 -8
right_child=1 -3 -4 -5 -6 6 13 11 -10 -11 -12 -13 -14 -15
leaf_value=-0.072370701255621742 0.050819421754630167 -0.34663799575219556 -0.021994152941161107 0.33334364748519402 -0.18265290250785129 -0.42653392721960942 -0.025273994638002756 0.45902505214785183 0.10301109962550836 -0.027970798325634774 0.27890485948831828 -0.0080857388437130407 0.15328904870029136 -0.37679128471496626
leaf_weight=53 1728 44 7320 68 85 74 420 70 301 61 181 132 221 42
leaf_count=53 1728 44 7320 68 85 74 420 70 301 61 181 132 221 42
internal_value=0.000137246 0.0517484 -0.0104661 0.0616959 0.0409706 0.053304 0.0272982 0.0731752 -0.00598371 -0.247972 0.199373 0.154589 0.228154 -0.0579749
internal_weight=10800 1840 8960 1796 1640 1555 1321 859 436 135 234 423 291 462
internal_count=10800 1840 8960 1796 1640 1555 1321 859 436 135 234 423 291 462
is_linear=0
shrinkage=0.05


Tree=108
num_leaves=15
num_cat=0
split_feature=61 52 65 52 26 22 46 24 49 24 36 22 36 25
split_gain=2206.58 2906.68 2324.46 2017.87 1784.97 1717.34 2205.19 2093.89 2855.87 3828.55 2642.7 3590.64 2809.72 3534.86
threshold=-0.3520614488341256 0.81241147629689026 79.608916500000007 0.77259657388510639 18.012500000000003 30.15955740104167 82.442708333333357 274.65417650000006 3.5000000000000004 271.88509600000003 21.809635416666669 125.64656252604168 22.670312500000005 99.971251996581813
decision_type=2 2 2 2 2 2 2 2 2 2 2 2 2 2
left_child=4 3 -3 -2 -1 6 -6 8 10 -10 11 -7 13 -12
right_child=1 2 -4 -5 5 7 -8 -9 9 -11 12 -13 -14 -15
leaf_value=-0.0791729561086289 -0.017142322786150323 -0.087734468931883164 -0.55307467241178865 0.19508744163863492 0.50106235529695242 0.003695830138709381 0.096272896577058176 0.078871228299814869 -0.020620180182475169 -0.29402096933566485 -0.3335855073366838 0.27044877996403027 0.084075280822921566 0.011943596974015237
leaf_weight=351 6398 70 43 113 41 246 173 1374 912 148 119 258 361 193
leaf_count=351 6398 70 43 113 41 246 173 1374 912 148 119 258 361 193
internal_value=0.000129875 -0.0178141 -0.268109 -0.0134296 0.0285901 0.0384971 0.175796 0.0303139 0.000467294 -0.0590343 0.0540587 0.140513 -0.0107981 -0.120489
internal_weight=10800 6624 113 6511 4176 3825 214 3611 2237 1060 1177 504 673 312
internal_count=10800 6624 113 6511 4176 3825 214 3611 2237 1060 1177 504 673 312
is_linear=0
shrinkage=0.05


Tree=109
num_leaves=15
num_cat=0
split_feature=10 8 36 24 24 52 24 44 7 36 47 34 32 30
split_gain=2108.45 2317.57 1627.62 2170.04 2066.7 1584.44 1714.02 3264.6 2546.52 1620.18 2034.22 1523.32 1512.55 1857.49
threshold=248.05234025000001 299.42234450000007 21.825520833333339 273.99644800000004 266.90505200000007 0.84874750804349197 296.45735250000007 83.093750000000014 150.16800350000003 19.852604166666669 71.799479166666671 20.752083333333335 30.725000000000005 21.612500000000004
decision_type=2 2 2 2 2 2 2 2 2 2 2 2 2 2
left_child=5 2 3 -2 -4 -1 8 -8 -7 -10 -11 -12 13 -6
right_child=1 -3 4 -5 12 6 7 -9 9 10 11 -13 -14 -15
leaf_value=-0.019943673891694852 0.25497596776960657 -0.30169246277875372 -0.16387785857263129 -0.12465495877760523 0.13499508423961862 0.076049848780667229 0.022874993705796265 0.46115630310888478 -0.28926240383159546 -0.14098576391348616 -0.023105649259307796 0.16280905869637247 0.34416189827852783 0.0039582704299942692
leaf_weight=7238 194 44 112 46 410 868 123 64 62 259 393 152 44 791
leaf_count=7238 194 44 112 46 410 868 123 64 62 259 393 152 44 791
internal_value=0.000122715 0.0522974 0.0622331 0.181998 0.040933 -0.00923002 0.0311266 0.17453 0.0155698 -0.0450677 -0.0259008 0.028949 0.0594745 0.048767
internal_weight=10800 1641 1597 240 1357 9159 1921 187 1734 866 804 545 1245 1201
internal_count=10800 1641 1597 240 1357 9159 1921 187 1734 866 804 545 1245 1201
is_linear=0
shrinkage=0.05


Tree=110
num_leaves=15
num_cat=0
split_feature=2 8 9 61 37 65 65 0 51 22 16 30 19 40
split_gain=1946.06 1804.54 1783.86 2328.79 1819.34 2367.35 6255.07 1668.92 1461.52 2892.9 2257.55 2345.56 2169.65 2030.71
threshold=216.79714750000002 299.42234450000007 201.74848100000003 -0.95642797789208678 58.875000000000007 228.38420300000004 260.7483395000001 202.09203550000004 1.5000000000000002 150.54473906770835 249.76574550000001 17.775000000000002 210.49128250000004 67.125000000000014
decision_type=2 2 2 2 2 2 2 2 2 2 2 2 2 2
left_child=2 8 3 7 -4 -6 -7 -1 12 10 11 -10 13 -2
right_child=1 -3 4 -5 5 6 -8 -9 9 -11 -12 -13 -14 -15
leaf_value=0.062262672099317233 -0.21047755879198396 -0.26099406619917376 0.080707746120245477 -0.01341331544784493 -0.055189244315853564 -0.8232523474933171 -0.11692220407045062 0.38399043878497086 0.18272008494904607 -0.30545082152181985 0.10436067175464168 -0.10778494697504425 0.18171129957913901 0.013235537077660762
leaf_weight=660 171 48 122 7032 333 40 135 42 92 50 1456 274 98 247
leaf_count=660 171 48 122 7032 333 40 135 42 92 50 1456 274 98 247
internal_value=0.000118419 0.0394373 -0.0113365 -0.00474061 -0.0921726 -0.133768 -0.282129 0.0820302 0.0455828 0.0661119 0.0764704 -0.0344629 -0.0288787 -0.0785674
internal_weight=10800 2436 8364 7734 630 508 175 702 2388 1872 1822 366 516 418
internal_count=10800 2436 8364 7734 630 508 175 702 2388 1872 1822 366 516 418
is_linear=0
shrinkage=0.05


Tree=111
num_leaves=15
num_cat=0
split_feature=65 64 17 38 26 57 36 46 17 61 16 35 34 52
split_gain=1840.22 2267.97 1745.37 1485.03 1574.01 1285.26 3818.65 1523.85 1480.66 1591.2 1386.02 1333.44 2521.52 1696.2
threshold=261.44856600000008 266.28212850000006 49.686348288467009 86.625000000000014 22.612500000000004 1.0000000180025095e-35 25.886588541666672 48.302083333333336 64.661166423723444 0.44228869021900119 278.07656250000008 21.171354166666671 20.844791666666669 0.77259657388510639
decision_type=2 2 2 2 2 2 2 2 2 2 2 2 2 2
left_child=1 5 -2 4 -3 6 8 10 9 11 -7 12 -1 -13
right_child=2 3 -4 -5 -6 7 -8 -9 -10 -11 -12 13 -14 -15
leaf_value=0.063055471434999052 0.020389563697231976 -0.11706178242037463 0.15178263125196101 0.38945855447431893 0.12380749080041797 -0.00016975533631112842 0.47576832176840056 -0.023666862380857422 -0.20512312939784058 -0.034449256373136276 0.29488606219076446 0.099642894283213004 -0.35640914565997156 0.39639649086837042
leaf_weight=283 911 85 349 40 322 89 46 7639 70 528 71 269 40 58
leaf_count=283 911 85 349 40 322 89 46 7639 70 528 71 269 40 58
internal_value=0.000108403 -0.00739423 0.0568749 0.102434 0.0733395 -0.0128039 0.0333279 -0.0204613 0.0166522 0.0299935 0.13178 0.0823133 0.0101697 0.153326
internal_weight=10800 9540 1260 447 407 9093 1294 7799 1248 1178 160 650 323 327
internal_count=10800 9540 1260 447 407 9093 1294 7799 1248 1178 160 650 323 327
is_linear=0
shrinkage=0.05


Tree=112
num_leaves=15
num_cat=0
split_feature=21 32 36 8 31 57 36 15 12 24 16 15 42 25
split_gain=1675.41 1678.28 2283.11 2013.6 1285.51 1259.33 3550.75 1367.89 2753.27 2000.42 1857.03 2148.97 2073.79 1812.48
threshold=91.136302617449857 22.237500000000004 22.204427083333339 267.02941400000003 16.862500000000004 1.0000000180025095e-35 25.886588541666672 206.32641350000003 265.72557100000006 307.27302800000007 277.29195150000004 210.13209150000003 73.875000000000014 104.81560041481056
decision_type=2 2 2 2 2 2 2 2 2 2 2 2 2 2
left_child=4 -2 -3 -4 -1 6 -6 8 -7 10 11 -9 -12 -13
right_child=1 2 3 -5 5 7 -8 9 -10 -11 12 13 -14 -15
leaf_value=-0.15706482116323317 0.281702122094388 -0.14535653066889542 0.17834204958479216 -0.037819396095576489 0.025051356689272636 -0.013920727152807906 0.43163330837019853 0.25207184958586321 -0.28766009914137985 -0.21830394246670257 0.41350642676154775 0.036547479555874278 0.095644854879579869 -0.16608045027280516
leaf_weight=136 86 122 286 172 1312 7503 55 73 92 67 59 301 363 173
leaf_count=136 86 122 286 172 1312 7503 55 73 92 67 59 301 363 173
internal_value=0.000108901 0.0768675 0.0460629 0.097258 -0.00494271 -0.00285794 0.0417134 -0.00992127 -0.017274 0.0439471 0.0622864 0.00144646 0.140958 -0.0376014
internal_weight=10800 666 580 458 10134 9998 1367 8631 7595 1036 969 547 422 474
internal_count=10800 666 580 458 10134 9998 1367 8631 7595 1036 969 547 422 474
is_linear=0
shrinkage=0.05


Tree=113
num_leaves=15
num_cat=0
split_feature=61 24 46 13 47 65 37 24 16 0 19 31 47 36
split_gain=1622.33 1793.02 2203.8 2392.05 2206.64 1894.27 1731.2 2116.69 2891 2786.67 1569.98 1592.07 1466.63 2145.11
threshold=-0.81241147629688992 300.20324800000009 77.703125000000014 2.0132011387474962 68.430989583333357 252.40251800000001 60.875000000000007 306.70542500000005 277.29195150000004 269.10224250000005 214.08212300000002 20.987500000000004 69.815104166666671 23.663020833333334
decision_type=2 2 2 2 2 2 2 2 2 2 2 2 2 2
left_child=1 2 3 -1 -5 -3 7 8 -2 -9 11 -10 -4 -14
right_child=6 5 12 4 -6 -7 -8 9 10 -11 -12 -13 13 -15
leaf_value=0.049564094835025552 0.018100886405948931 -0.30751774073452565 -0.16217160829410113 0.15522568835876882 0.54283610245873859 0.06957148256574254 -0.019557088076800986 0.037247289189004475 0.018242419749498369 -0.46145638785463694 0.02095215234064287 0.3436612887193729 0.013573499479487756 0.17746321630089523
leaf_weight=201 1026 73 96 93 61 60 7209 69 49 46 92 162 1329 234
leaf_count=201 1026 73 96 93 61 60 7209 69 49 46 92 162 1329 234
internal_value=0.000106642 0.0390002 0.0507618 0.163649 0.311271 -0.138153 -0.00954711 0.0404055 0.0582459 -0.164493 0.193676 0.268533 0.0265217 0.0382076
internal_weight=10800 2147 2014 355 154 133 8653 1444 1329 115 303 211 1659 1563
internal_count=10800 2147 2014 355 154 133 8653 1444 1329 115 303 211 1659 1563
is_linear=0
shrinkage=0.05


Tree=114
num_leaves=15
num_cat=0
split_feature=61 52 65 52 33 30 46 30 22 46 24 36 45 25
split_gain=1500.39 2615.98 2103.2 1834.13 1519.66 1445.2 2422.91 2153.03 1581.44 1887.16 1603.96 2570.96 2436.47 2197.93
threshold=-0.3520614488341256 0.81241147629689026 79.608916500000007 0.77259657388510639 16.993750000000002 17.775000000000002 86.390625000000014 19.012500000000003 31.516171546875004 82.005208333333357 274.65417650000006 21.809635416666669 88.635416666666671 106.87927892455518
decision_type=2 2 2 2 2 2 2 2 2 2 2 2 2 2
left_child=4 3 -3 -2 -1 6 -6 -7 9 -9 11 -10 13 -12
right_child=1 2 -4 -5 5 7 -8 8 10 -11 12 -13 -14 -15
leaf_value=-0.1895729891615125 -0.014073791786622833 -0.0806142597000154 -0.52319363512268124 0.18826178460006129 0.054960805507796133 -0.065284743505261811 0.41531045975223668 0.47687457487350554 0.10413709236998384 0.093389161638793003 0.11667630854807794 -0.0393983891366615 0.44353041566819668 -0.01365871199076389
leaf_weight=81 6398 70 43 113 190 617 61 40 411 151 699 1284 41 601
leaf_count=81 6398 70 43 113 190 617 61 40 411 151 699 1284 41 601
internal_value=0.000103605 -0.0146929 -0.252142 -0.0105338 0.0235718 0.0278331 0.143836 0.0202231 0.0365873 0.175766 0.0277763 -0.00455333 0.0686134 0.0564572
internal_weight=10800 6624 113 6511 4176 4095 251 3844 3227 191 3036 1695 1341 1300
internal_count=10800 6624 113 6511 4176 4095 251 3844 3227 191 3036 1695 1341 1300
is_linear=0
shrinkage=0.05


Tree=115
num_leaves=15
num_cat=0
split_feature=12 8 47 22 51 32 19 24 42 36 44 22 47 25
split_gain=1409.65 1961.21 1796.75 1319.91 1838.35 1964.35 3117.13 2199.08 1539.86 1892.71 2760.52 2099.49 1580.1 2068.6
threshold=256.18699950000007 299.42234450000007 82.251302083333357 150.09946341666671 1.5000000000000002 29.475000000000005 199.52700100000001 296.45735250000007 69.875000000000014 23.839973958333342 73.718750000000014 92.955536651041669 77.966145833333357 103.64242086319869
decision_type=2 2 2 2 2 2 2 2 2 2 2 2 2 2
left_child=-1 2 3 4 -2 8 -7 -8 -6 10 11 -10 -13 -14
right_child=1 -3 -4 -5 5 6 7 -9 9 -11 -12 12 13 -15
leaf_value=-0.0080840581618343219 -0.036872459178260174 -0.28615031191044382 0.30418347648034494 -0.14396106871835732 0.2647679076656515 0.54493011637989974 -0.16629809582111788 0.28217940270420044 0.40881640183723578 -0.066015982718216223 -0.17796890365804524 0.16270391899115833 -0.15755606437085479 0.17596557036608082
leaf_weight=8960 453 44 65 93 80 55 48 61 58 300 85 308 112 78
leaf_count=8960 453 44 65 93 80 55 48 61 58 300 85 308 112 78
internal_value=0.000102903 0.0399526 0.0480965 0.0383103 0.0487405 0.081472 0.241592 0.0849683 0.0555413 0.0374915 0.0859623 0.126559 0.0929318 -0.0204322
internal_weight=10800 1840 1796 1731 1638 1185 164 109 1021 941 641 556 498 190
internal_count=10800 1840 1796 1731 1638 1185 164 109 1021 941 641 556 498 190
is_linear=0
shrinkage=0.05


Tree=116
num_leaves=15
num_cat=0
split_feature=61 37 16 29 24 22 61 46 13 47 40 32 2 36
split_gain=1379.25 1358.25 1603.2 1639.34 1344.43 2254.91 1854.18 1789.42 3254.07 1578.84 1572.62 1481.69 2404.69 1917.61
threshold=-0.72947329433276253 55.125000000000007 277.29195150000004 30.212500000000002 299.84416550000009 147.99442397395833 -0.9733555533461492 76.739583333333357 2.0132011387474962 68.430989583333357 80.375000000000014 22.112500000000004 234.87221750000003 22.204427083333339
decision_type=2 2 2 2 2 2 2 2 2 2 2 2 2 2
left_child=4 2 -2 -4 5 7 -6 8 -1 -10 -8 12 -9 -13
right_child=1 -3 3 -5 6 -7 10 11 9 -11 -12 13 -14 -15
leaf_value=0.0083247254054165561 0.0087288057738888255 -0.01722191868943148 0.22158539880650996 -0.12086046266716061 -0.36062760068476202 0.33642041976489723 -0.14744819121948188 0.025523959594410364 0.1498996744699338 0.46498190407187512 0.22755820748019728 -0.1994361780300925 0.28524903480623232 0.0009257961143602912
leaf_weight=224 693 7274 192 42 49 62 68 1248 84 77 46 157 95 489
leaf_count=224 693 7274 192 42 49 62 68 1248 84 77 46 157 95 489
internal_value=0.000102853 -0.00995644 0.0470116 0.159868 0.031836 0.0411505 -0.106769 0.0333007 0.131822 0.302531 0.00453314 0.0141739 0.0440947 -0.048002
internal_weight=10800 8201 927 234 2599 2436 163 2374 385 161 114 1989 1343 646
internal_count=10800 8201 927 234 2599 2436 163 2374 385 161 114 1989 1343 646
is_linear=0
shrinkage=0.05


Tree=117
num_leaves=15
num_cat=0
split_feature=65 64 64 40 37 48 24 22 51 21 33 35 49 32
split_gain=1277.4 1788.04 1460.8 1570.08 1681.05 1680.51 1372.12 2254.39 1313.09 2028.76 1283.78 1133.62 1266.36 3157.65
threshold=261.44856600000008 266.28212850000006 264.65405750000008 90.875000000000014 58.875000000000007 12.125000000000002 274.28284400000007 143.0390328854167 3.5000000000000004 62.59003035766866 19.065625000000004 16.320833333333336 1.5000000000000002 30.575000000000006
decision_type=2 2 2 2 2 2 2 2 2 2 2 2 2 2
left_child=1 11 3 4 -2 10 -4 -8 -3 -10 -6 -1 13 -13
right_child=2 8 6 -5 5 -7 7 -9 9 -11 -12 12 -14 -15
leaf_value=-0.21901644344513232 0.28138987196698073 0.050696065463823561 -0.13810329997689472 0.34609218051559049 -0.11661616996344593 -0.15424690427987472 0.1913468415274808 -0.057852533725284351 0.51500137389770584 0.017010982358890654 0.11219521020344153 0.013657723686688382 -0.020972653621733381 0.45613484105276991
leaf_weight=64 83 366 158 56 71 91 145 239 41 40 417 2439 6550 40
leaf_count=64 83 366 158 56 71 91 145 239 41 40 417 2439 6550 40
internal_value=0.0001018 -0.0061491 0.0473974 0.0941231 0.0723187 0.0419147 -0.0145606 0.0364988 0.0913682 0.272287 0.0787346 -0.0109524 -0.00945354 0.0209784
internal_weight=10800 9540 1260 718 662 579 542 384 447 81 488 9093 9029 2479
internal_count=10800 9540 1260 718 662 579 542 384 447 81 488 9093 9029 2479
is_linear=0
shrinkage=0.05


Tree=118
num_leaves=15
num_cat=0
split_feature=31 65 30 64 17 36 36 65 47 35 49 32 36 32
split_gain=1198.02 1238.21 2248.54 1563.77 1280.51 1226.23 2233.15 2765.68 1614.11 1028.15 1272.85 2808.5 1707.51 1590.67
threshold=16.512500000000003 261.44856600000008 17.775000000000002 266.28212850000006 50.75963610590285 24.415364583333336 23.762239583333336 247.69136800000004 62.600260416666679 16.320833333333336 1.5000000000000002 30.575000000000006 25.886588541666672 31.525000000000002
decision_type=2 2 2 2 2 2 2 2 2 2 2 2 2 2
left_child=-1 3 -3 9 -4 6 -5 -8 -7 -2 11 12 -11 -12
right_child=1 2 4 5 -6 8 7 -9 -10 10 13 -13 -14 -15
leaf_value=-0.15834145006108083 -0.20854001861880533 0.2939879462165737 -0.001808237690788912 0.048954253619381542 0.11681311296202834 0.2745177727799083 0.65252692200416751 0.079899414507455607 -0.067781988402486726 0.0086291627388746499 -0.016888131351931561 0.43388436262200519 0.24505131308791006 -0.32201543367186258
leaf_weight=117 63 86 840 149 311 42 42 42 172 2298 6478 40 78 42
leaf_count=117 63 86 840 149 311 42 42 42 172 2298 6478 40 78 42
internal_value=0.000102621 0.00185255 0.0488707 -0.00430922 0.0303168 0.0868648 0.165972 0.370522 0.000362699 -0.00884719 -0.00741615 0.0235775 0.0164903 -0.0189028
internal_weight=10800 10683 1237 9446 1151 447 233 84 214 8999 8936 2416 2376 6520
internal_count=10800 10683 1237 9446 1151 447 233 84 214 8999 8936 2416 2376 6520
is_linear=0
shrinkage=0.05


Tree=119
num_leaves=15
num_cat=0
split_feature=26 52 36 36 49 9 9 36 41 21 24 65 36 47
split_gain=1130.28 1575.65 3145.91 1362.05 2865.38 1678.27 1358.5 1310.43 1911.79 1387.14 1474.67 1916.95 1430.41 1364.61
threshold=23.112500000000004 0.77259657388510639 25.671614583333334 21.825520833333339 1.5000000000000002 270.73891950000007 280.98983350000009 22.204427083333339 84.125000000000014 83.499161254180407 322.54412650000006 104.69442850000001 23.356770833333339 78.904947916666671
decision_type=2 2 2 2 2 2 2 2 2 2 2 2 2 2
left_child=6 3 -3 4 -2 -6 -1 8 -5 10 -9 -12 -11 -10
right_child=1 2 -4 7 5 -7 -8 9 13 12 11 -13 -14 -15
leaf_value=-0.0099283753091730306 0.22464247012207295 -0.060168566430608431 0.5435864430985281 0.031893929506662075 0.045551215036748312 -0.2741583450052601 -0.29858154945257231 0.0055505922701474496 -0.48602357063028551 0.22161555393050386 0.030585173263517753 -0.44644612783477422 0.034453347676698449 -0.084753943766866416
leaf_weight=7049 226 44 41 92 194 51 40 2409 44 145 42 41 341 41
leaf_count=7049 226 44 41 92 194 51 40 2409 44 145 42 41 341 41
internal_value=0.000103872 0.0224566 0.233989 0.0174347 0.0966527 -0.0218445 -0.011599 0.00558165 -0.126206 0.0134543 -0.00162802 -0.207566 0.0906343 -0.295706
internal_weight=10800 3711 85 3626 471 245 7089 3155 177 2978 2492 83 486 85
internal_count=10800 3711 85 3626 471 245 7089 3155 177 2978 2492 83 486 85
is_linear=0
shrinkage=0.05


Tree=120
num_leaves=15
num_cat=0
split_feature=61 24 46 13 7 65 32 47 54 45 30 51 37 24
split_gain=1095.81 1363.21 1634.63 1869.29 1914.05 1616.18 1349.3 1786.16 1701.37 1475.73 1661.12 2128.49 1222.32 1794.43
threshold=-0.81241147629688992 300.20324800000009 77.703125000000014 2.3105326409843294 97.025382500000021 252.40251800000001 21.412500000000005 81.065104166666686 1.0000000180025095e-35 86.052083333333357 19.012500000000003 2.5000000000000004 60.875000000000007 306.70542500000005
decision_type=2 2 2 2 2 2 2 2 2 2 2 2 2 2
left_child=1 2 3 -1 -5 -3 9 -8 -9 10 11 -4 13 -2
right_child=12 5 6 4 -6 -7 7 8 -10 -11 -12 -13 -14 -15
leaf_value=0.043779049901141662 0.050563857599362452 -0.2788553953573511 -0.40371790984843642 0.51028988448056312 0.13448646117467433 0.069400339210253278 -0.0008015336565622476 -0.47611883903694596 -0.027773408662113881 0.1235983175367622 0.084807088305185116 -0.020025639604560479 -0.016248878342828982 -0.1545142424060032
leaf_weight=210 1329 73 46 54 91 60 658 40 44 471 243 157 7209 115
leaf_count=210 1329 73 46 54 91 60 658 40 44 471 243 157 7209 115
internal_value=9.62615e-05 0.0320614 0.0423175 0.13954 0.276977 -0.122402 0.021442 -0.0286661 -0.244361 0.0619744 -0.00323459 -0.108523 -0.00783778 0.0341358
internal_weight=10800 2147 2014 355 145 133 1659 742 84 917 446 203 8653 1444
internal_count=10800 2147 2014 355 145 133 1659 742 84 917 446 203 8653 1444
is_linear=0
shrinkage=0.05


end of trees

feature_importances:
consumo_alvo_semana_anterior=266
temperatura_externa_c_media_1440m=128
origem_hora=113
temperatura_externa_c_atual=93
consumo_max_1440m=84
alvo_hora_cos=64
consumo_lag_10080m=58
consumo_max_180m=57
umidade_relativa_pct_media_1440m=45
umidade_relativa_pct_atual=44
consumo_alvo_dia_anterior=43
consumo_mean_1440m=42
consumo_std_360m=41
consumo_std_1440m=35
temperatura_externa_c_lag_360m=34
origem_mes=33
umidade_relativa_pct_media_360m=31
origem_dia_semana=30
consumo_lag_1440m=28
temperatura_externa_c_media_360m=27
alvo_hora_sin=27
consumo_std_60m=26
temperatura_externa_c_lag_720m=26
consumo_min_180m=25
temperatura_externa_c_lag_1440m=23
consumo_atual_kw=22
umidade_relativa_pct_lag_1440m=21
umidade_relativa_pct_media_60m=20
origem_hora_cos=18
temperatura_externa_c_media_60m=15
consumo_max_60m=14
consumo_min_360m=14
consumo_mean_60m=13
consumo_std_180m=13
origem_hora_sin=13
temperatura_externa_c_media_180m=11
umidade_relativa_pct_lag_15m=9
umidade_relativa_pct_lag_180m=9
umidade_relativa_pct_lag_360m=9
consumo_max_360m=8
umidade_relativa_pct_media_180m=8
consumo_lag_720m=7
umidade_relativa_pct_lag_720m=6
consumo_lag_30m=5
consumo_lag_360m=5
temperatura_externa_c_lag_180m=5
origem_semana_sin=5
consumo_min_60m=3
consumo_mean_180m=3
temperatura_externa_c_lag_60m=3
umidade_relativa_pct_lag_60m=3
consumo_lag_60m=2
consumo_lag_180m=2
temperatura_externa_c_lag_15m=2
alvo_dia_semana=2
consumo_lag_120m=1

parameters:
[boosting: gbdt]
[objective: regression]
[metric: l1]
[tree_learner: serial]
[device_type: cpu]
[data_sample_strategy: bagging]
[data: ]
[valid: ]
[num_iterations: 400]
[learning_rate: 0.05]
[num_leaves: 15]
[num_threads: 2]
[seed: 20260905]
[deterministic: 1]
[force_col_wise: 1]
[force_row_wise: 0]
[histogram_pool_size: -1]
[max_depth: -1]
[min_data_in_leaf: 40]
[min_sum_hessian_in_leaf: 0.001]
[bagging_fraction: 1]
[pos_bagging_fraction: 1]
[neg_bagging_fraction: 1]
[bagging_freq: 0]
[bagging_seed: 23218]
[bagging_by_query: 0]
[feature_fraction: 1]
[feature_fraction_bynode: 1]
[feature_fraction_seed: 28090]
[extra_trees: 0]
[extra_seed: 14360]
[early_stopping_round: 0]
[early_stopping_min_delta: 0]
[first_metric_only: 0]
[max_delta_step: 0]
[lambda_l1: 0]
[lambda_l2: 1]
[linear_lambda: 0]
[min_gain_to_split: 0]
[drop_rate: 0.1]
[max_drop: 50]
[skip_drop: 0.5]
[xgboost_dart_mode: 0]
[uniform_drop: 0]
[drop_seed: 16970]
[top_rate: 0.2]
[other_rate: 0.1]
[min_data_per_group: 100]
[max_cat_threshold: 32]
[cat_l2: 10]
[cat_smooth: 10]
[max_cat_to_onehot: 4]
[top_k: 20]
[monotone_constraints: ]
[monotone_constraints_method: basic]
[monotone_penalty: 0]
[feature_contri: ]
[forcedsplits_filename: ]
[refit_decay_rate: 0.9]
[cegb_tradeoff: 1]
[cegb_penalty_split: 0]
[cegb_penalty_feature_lazy: ]
[cegb_penalty_feature_coupled: ]
[path_smooth: 0]
[interaction_constraints: ]
[verbosity: -1]
[saved_feature_importance_type: 0]
[use_quantized_grad: 0]
[num_grad_quant_bins: 4]
[quant_train_renew_leaf: 0]
[stochastic_rounding: 1]
[linear_tree: 0]
[max_bin: 255]
[max_bin_by_feature: ]
[min_data_in_bin: 3]
[bin_construct_sample_cnt: 200000]
[data_random_seed: 5037]
[is_enable_sparse: 1]
[enable_bundle: 1]
[use_missing: 1]
[zero_as_missing: 0]
[feature_pre_filter: 1]
[pre_partition: 0]
[two_round: 0]
[header: 0]
[label_column: ]
[weight_column: ]
[group_column: ]
[ignore_column: ]
[categorical_feature: ]
[forcedbins_filename: ]
[precise_float_parser: 0]
[parser_config_file: ]
[objective_seed: 15411]
[num_class: 1]
[is_unbalance: 0]
[scale_pos_weight: 1]
[sigmoid: 1]
[boost_from_average: 1]
[reg_sqrt: 0]
[alpha: 0.9]
[fair_c: 1]
[poisson_max_delta_step: 0.7]
[tweedie_variance_power: 1.5]
[lambdarank_truncation_level: 30]
[lambdarank_norm: 1]
[label_gain: ]
[lambdarank_position_bias_regularization: 0]
[eval_at: ]
[multi_error_top_k: 1]
[auc_mu_weights: ]
[num_machines: 1]
[local_listen_port: 12400]
[time_out: 120]
[machine_list_filename: ]
[machines: ]
[gpu_platform_id: -1]
[gpu_device_id: -1]
[gpu_device_id_list: ]
[gpu_use_dp: 0]
[num_gpu: 1]

end of parameters

pandas_categorical:[]
